SubmissionDate,starttime,endtime,deviceid,devicephonenum,username,device_info,duration,caseid,supervisor,enumerator,L00_woreda,L01_kebele,L02_mse_id,L_mse_name_calc,L_total_members_calc,L_treat_status,treat_color,L04_total_members,mse_roster_count,L06_name_1,L07_sex_1,L10_position_1,spouse_1,L17_member_uid_1,is_leader_1,is_regular_1,rand_num_1,member_pos_1,leader_rank_1,regular_rank_1,spouse_bonus_1,selection_score_1,L20_selected_1,display_line_1,spouse_eligible_1,spouse_rand_1,spouse_score_1,spouse_rank_1,L06_name_2,L07_sex_2,L10_position_2,spouse_2,L17_member_uid_2,is_leader_2,is_regular_2,rand_num_2,member_pos_2,leader_rank_2,regular_rank_2,spouse_bonus_2,selection_score_2,L20_selected_2,display_line_2,spouse_eligible_2,spouse_rand_2,spouse_score_2,spouse_rank_2,L06_name_3,L07_sex_3,L10_position_3,spouse_3,L17_member_uid_3,is_leader_3,is_regular_3,rand_num_3,member_pos_3,leader_rank_3,regular_rank_3,spouse_bonus_3,selection_score_3,L20_selected_3,display_line_3,spouse_eligible_3,spouse_rand_3,spouse_score_3,spouse_rank_3,L06_name_4,L07_sex_4,L10_position_4,spouse_4,L17_member_uid_4,is_leader_4,is_regular_4,rand_num_4,member_pos_4,leader_rank_4,regular_rank_4,spouse_bonus_4,selection_score_4,L20_selected_4,display_line_4,spouse_eligible_4,spouse_rand_4,spouse_score_4,spouse_rank_4,L06_name_5,L07_sex_5,L10_position_5,spouse_5,L17_member_uid_5,is_leader_5,is_regular_5,rand_num_5,member_pos_5,leader_rank_5,regular_rank_5,spouse_bonus_5,selection_score_5,L20_selected_5,display_line_5,spouse_eligible_5,spouse_rand_5,spouse_score_5,spouse_rank_5,L06_name_6,L07_sex_6,L10_position_6,spouse_6,L17_member_uid_6,is_leader_6,is_regular_6,rand_num_6,member_pos_6,leader_rank_6,regular_rank_6,spouse_bonus_6,selection_score_6,L20_selected_6,display_line_6,spouse_eligible_6,spouse_rand_6,spouse_score_6,spouse_rank_6,L06_name_7,L07_sex_7,L10_position_7,spouse_7,L17_member_uid_7,is_leader_7,is_regular_7,rand_num_7,member_pos_7,leader_rank_7,regular_rank_7,spouse_bonus_7,selection_score_7,L20_selected_7,display_line_7,spouse_eligible_7,spouse_rand_7,spouse_score_7,spouse_rank_7,L06_name_8,L07_sex_8,L10_position_8,spouse_8,L17_member_uid_8,is_leader_8,is_regular_8,rand_num_8,member_pos_8,leader_rank_8,regular_rank_8,spouse_bonus_8,selection_score_8,L20_selected_8,display_line_8,spouse_eligible_8,spouse_rand_8,spouse_score_8,spouse_rank_8,L06_name_9,L07_sex_9,L10_position_9,spouse_9,L17_member_uid_9,is_leader_9,is_regular_9,rand_num_9,member_pos_9,leader_rank_9,regular_rank_9,spouse_bonus_9,selection_score_9,L20_selected_9,display_line_9,spouse_eligible_9,spouse_rand_9,spouse_score_9,spouse_rank_9,L06_name_10,L07_sex_10,L10_position_10,spouse_10,L17_member_uid_10,is_leader_10,is_regular_10,rand_num_10,member_pos_10,leader_rank_10,regular_rank_10,spouse_bonus_10,selection_score_10,L20_selected_10,display_line_10,spouse_eligible_10,spouse_rand_10,spouse_score_10,spouse_rank_10,L06_name_11,L07_sex_11,L10_position_11,spouse_11,L17_member_uid_11,is_leader_11,is_regular_11,rand_num_11,member_pos_11,leader_rank_11,regular_rank_11,spouse_bonus_11,selection_score_11,L20_selected_11,display_line_11,spouse_eligible_11,spouse_rand_11,spouse_score_11,spouse_rank_11,L06_name_12,L07_sex_12,L10_position_12,spouse_12,L17_member_uid_12,is_leader_12,is_regular_12,rand_num_12,member_pos_12,leader_rank_12,regular_rank_12,spouse_bonus_12,selection_score_12,L20_selected_12,display_line_12,spouse_eligible_12,spouse_rand_12,spouse_score_12,spouse_rank_12,L06_name_13,L07_sex_13,L10_position_13,spouse_13,L17_member_uid_13,is_leader_13,is_regular_13,rand_num_13,member_pos_13,leader_rank_13,regular_rank_13,spouse_bonus_13,selection_score_13,L20_selected_13,display_line_13,spouse_eligible_13,spouse_rand_13,spouse_score_13,spouse_rank_13,L06_name_14,L07_sex_14,L10_position_14,spouse_14,L17_member_uid_14,is_leader_14,is_regular_14,rand_num_14,member_pos_14,leader_rank_14,regular_rank_14,spouse_bonus_14,selection_score_14,L20_selected_14,display_line_14,spouse_eligible_14,spouse_rand_14,spouse_score_14,spouse_rank_14,L06_name_15,L07_sex_15,L10_position_15,spouse_15,L17_member_uid_15,is_leader_15,is_regular_15,rand_num_15,member_pos_15,leader_rank_15,regular_rank_15,spouse_bonus_15,selection_score_15,L20_selected_15,display_line_15,spouse_eligible_15,spouse_rand_15,spouse_score_15,spouse_rank_15,L06_name_16,L07_sex_16,L10_position_16,spouse_16,L17_member_uid_16,is_leader_16,is_regular_16,rand_num_16,member_pos_16,leader_rank_16,regular_rank_16,spouse_bonus_16,selection_score_16,L20_selected_16,display_line_16,spouse_eligible_16,spouse_rand_16,spouse_score_16,spouse_rank_16,has_pos1,all_scores,idx1,idx2,idx3,idx4,idx5,idx6,line1,line2,line3,line4,line5,line6,all_spouse_scores,total_leaders,selected_indices,selected_names,num_selected,idx_sp1,idx_sp2,idx_sp3,spouse_name1,spouse_name2,spouse_name3,target_line1,target_line2,target_line3,target_line4,target_line5,target_line6,spouse_message,total_target_spouses,spouse_name3_label,spouse_header,instanceID,formdef_version,KEY
24-Mar-2026 06:38:39,23-Mar-2026 09:40:54,23-Mar-2026 09:50:00,70e4adbae02adb29,,llrp_team1,DOOGEE|T10W|14|SurveyCTO Collect 2.81.5 (387e45a),545,,Daniel,Mehamud,shabeley,hadhow 1_1,M341,Iftin,12,TechLed,#1f4bd6,12,12,Hani abdulahi ahmed,1,1,2,M341-1,1,0,0.1947239954525638,1,1,99,0,199.19472399545256,1,1. M341-1 - Hani abdulahi ahmed,0,0.6588965138972235,999,99,Zaynab Ahmed mahamed,1,3,2,M341-2,1,0,0.025111409724449918,2,1,99,0,199.02511140972445,1,2. M341-2 - Zaynab Ahmed mahamed,0,0.11714340265886236,999,99,Yurub nasir muse,1,2,1,M341-3,0,0,0.03954671917372443,3,99,99,0.5,0.5395467191737244,1,3. M341-3 - Yurub nasir muse,0,0.869339186588287,999,99,Gudon Ali omer,1,6,2,M341-4,0,1,0.3104893799759002,4,99,1,0,99.3104893799759,1,4. M341-4 - Gudon Ali omer,0,0.6128832763443235,999,99,Hinda Hasan mahamud,1,6,2,M341-5,0,1,0.4535521911258471,5,99,1,0,99.45355219112585,1,5. M341-5 - Hinda Hasan mahamud,0,0.06812441800813951,999,99,Hamdi Ali abdi,1,6,2,M341-6,0,1,0.4698515740208642,6,99,1,0,99.46985157402086,1,6. M341-6 - Hamdi Ali abdi,0,0.18388938062819637,999,99,Fadumo omer mahamud,1,6,1,M341-7,0,1,0.3684758568009674,7,99,1,0.5,99.86847585680097,1,7. M341-7 - Fadumo omer mahamud,1,0.32576428968802906,0.3684758568009674,1,Asma mahad Ahmed,1,6,2,M341-8,0,1,0.5437962211458247,8,99,1,0,99.54379622114583,1,8. M341-8 - Asma mahad Ahmed,0,0.589275134390373,999,99,Safiya Ali Ahmed,1,5,2,M341-9,0,0,0.22764054156746028,9,99,99,0,0.22764054156746028,1,9. M341-9 - Safiya Ali Ahmed,0,0.5911617976650512,999,99,Anab omer abdi,1,6,1,M341-10,0,1,0.7796064162199174,10,99,1,0.5,100.27960641621992,1,10. M341-10 - Anab omer abdi,1,0.3701880825480899,0.7796064162199174,1,Yusra ali mahamed,1,6,2,M341-11,0,1,0.10926502494982049,11,99,1,0,99.10926502494982,1,11. M341-11 - Yusra ali mahamed,0,0.7464476837765228,999,99,Halima abdiwahid Hasan,1,6,2,M341-12,0,1,0.709086079366091,12,99,1,0,99.70908607936609,1,12. M341-12 - Halima abdiwahid Hasan,0,0.7201095728795917,999,99,,,,,,,,,,,,,,,,,,,,,,,,,,,,,,,,,,,,,,,,,,,,,,,,,,,,,,,,,,,,,,,,,,,,,,,,,,,,,1,199.19472399545256 199.02511140972445 0.5395467191737244 99.3104893799759 99.45355219112585 99.46985157402086 99.86847585680097 99.54379622114583 0.22764054156746028 100.27960641621992 99.10926502494982 99.70908607936609,1,2,10,7,12,8,1. M341_1 - Hani abdulahi ahmed,2. M341_2 - Zaynab Ahmed mahamed,3. M341_3 - Anab omer abdi,4. M341_4 - Fadumo omer mahamud,5. M341_5 - Halima abdiwahid Hasan,6. M341_6 - Asma mahad Ahmed,0.3684758568009674 0.7796064162199174,2,1 2 7 8 10 12,1. M341-1 - Hani abdulahi ahmed<br/>2. M341-2 - Zaynab Ahmed mahamed<br/>3. M341-3 - Yurub nasir muse<br/>4. M341-4 - Gudon Ali omer<br/>5. M341-5 - Hinda Hasan mahamud<br/>6. M341-6 - Hamdi Ali abdi<br/>7. M341-7 - Fadumo omer mahamud <br/>8. M341-8 - Asma mahad Ahmed <br/>9. M341-9 - Safiya Ali Ahmed <br/>10. M341-10 - Anab omer abdi <br/>11. M341-11 - Yusra ali mahamed<br/>12. M341-12 - Halima abdiwahid Hasan,6,10,7,,Anab omer abdi,Fadumo omer mahamud,,,,3. Anab omer abdi  (Husband to be interviewed)<br/>,4. Fadumo omer mahamud  (Husband to be interviewed)<br/>,,,Husbands of Anab omer abdi  and Fadumo omer mahamud  must be interviewed.,2,,⚠ Spouse interview required,uuid:55f40396-3b34-4ea7-95da-67c27a96e088,2603230738,uuid:55f40396-3b34-4ea7-95da-67c27a96e088
24-Mar-2026 06:47:23,23-Mar-2026 09:57:57,24-Mar-2026 06:44:42,57b11f490a25fce6,,llrp_team1,samsung|SM-X115|15|SurveyCTO Collect 2.81.5 (387e45a),1206,,Daniel,Hasen,shabeley,hadhow 2_1,M342,barako,12,Control,#d60000,12,12,Zaynab usman adan,1,6,,M342-1,0,1,0.8992305922390493,1,99,1,0,99.89923059223905,1,1. M342-1 - Zaynab usman adan,0,0.22117256018813558,999,99,Fadumo waber abdi,1,6,,M342-2,0,1,0.2745445059593493,2,99,1,0,99.27454450595935,1,2. M342-2 - Fadumo waber abdi,0,0.8373386209748055,999,99,Azma ahmed muhumed,1,4,,M342-3,1,0,0.6988723962787171,3,1,99,0,199.69887239627872,1,3. M342-3 - Azma ahmed muhumed,0,0.17724222434842318,999,99,Najib Ahmed muhumed,2,1,,M342-4,1,0,0.2365483410854582,4,1,99,0,199.23654834108547,1,4. M342-4 - Najib Ahmed muhumed,0,0.598045420532877,999,99,Mahamud abdi hasen,2,3,,M342-5,1,0,0.7308078787580083,5,1,99,0,199.73080787875801,1,5. M342-5 - Mahamud abdi hasen,0,0.6253815772382001,999,99,Usmail ali abdi,2,2,,M342-6,0,0,0.0054096374785990164,6,99,99,0,0.0054096374785990164,1,6. M342-6 - Usmail ali abdi,0,0.2648373067720974,999,99,Hasen umer ahmed,2,6,,M342-7,0,1,0.9382935291542379,7,99,1,0,99.93829352915424,1,7. M342-7 - Hasen umer ahmed,0,0.6353350956468724,999,99,Abdi abdilahi ali,2,6,,M342-8,0,1,0.4947796108543704,8,99,1,0,99.49477961085437,1,8. M342-8 - Abdi abdilahi ali,0,0.6217017796495029,999,99,Ahmed abdi nuur,2,6,,M342-9,0,1,0.48466426915157834,9,99,1,0,99.48466426915158,1,9. M342-9 - Ahmed abdi nuur,0,0.057432328403712374,999,99,Ayanle abdi abdilahi,2,6,,M342-10,0,1,0.38341054636319905,10,99,1,0,99.3834105463632,1,10. M342-10 - Ayanle abdi abdilahi,0,0.562248436428198,999,99,"Shafi,i abdi abdirahman",2,6,,M342-11,0,1,0.7756204677984618,11,99,1,0,99.77562046779846,1,"11. M342-11 - Shafi,i abdi abdirahman",0,0.10473438837553684,999,99,Abdiwahad abdisalan,2,6,,M342-12,0,1,0.2229077363426719,12,99,1,0,99.22290773634268,1,12. M342-12 - Abdiwahad abdisalan,0,0.4359586836491872,999,99,,,,,,,,,,,,,,,,,,,,,,,,,,,,,,,,,,,,,,,,,,,,,,,,,,,,,,,,,,,,,,,,,,,,,,,,,,,,,1,99.89923059223905 99.27454450595935 199.69887239627872 199.23654834108547 199.73080787875801 0.0054096374785990164 99.93829352915424 99.49477961085437 99.48466426915158 99.3834105463632 99.77562046779846 99.22290773634268,5,3,4,7,1,11,1. M342_1 - Mahamud abdi hasen,2. M342_2 - Azma ahmed muhumed,3. M342_3 - Najib Ahmed muhumed,4. M342_4 - Hasen umer ahmed,5. M342_5 - Zaynab usman adan,"6. M342_6 - Shafi,i abdi abdirahman",,3,1 3 4 5 7 11,"1. M342-1 - Zaynab usman adan<br/>2. M342-2 - Fadumo waber abdi<br/>3. M342-3 - Azma ahmed muhumed<br/>4. M342-4 - Najib Ahmed muhumed<br/>5. M342-5 - Mahamud abdi hasen<br/>6. M342-6 - Usmail ali abdi<br/>7. M342-7 - Hasen umer ahmed<br/>8. M342-8 - Abdi abdilahi ali<br/>9. M342-9 - Ahmed abdi nuur<br/>10. M342-10 - Ayanle abdi abdilahi<br/>11. M342-11 - Shafi,i abdi abdirahman<br/>12. M342-12 - Abdiwahad abdisalan",6,,,,,,,,,,,,,No eligible spouse found.,0,,,uuid:0b16680f-27ae-435a-a030-9269da53c7d3,2603230738,uuid:0b16680f-27ae-435a-a030-9269da53c7d3
24-Mar-2026 19:10:57,24-Mar-2026 10:23:33,24-Mar-2026 13:55:42,15aee2f9fc7423e8,,llrp_team1,samsung|SM-X115|15|SurveyCTO Collect 2.81.5 (387e45a),580,,Anteneh,Abdirezaq,Denan,Danan 03_1,M95,Mubarak,12,HumanLed,#0a8f3c,9,9,Abdirahaman sheek Mohammed,2,1,,M95-1,1,0,0.7604290761087635,1,1,99,0,199.76042907610875,1,1. M95-1 - Abdirahaman sheek Mohammed,0,0.5310688120085068,999,99,Kadar haji osman,2,2,,M95-2,0,0,0.672452357753646,2,99,99,0,0.672452357753646,1,2. M95-2 - Kadar haji osman,0,0.3727384331545903,999,99,Abdihakim Mohammed Muhammad,2,6,,M95-3,0,1,0.32515477070018317,3,99,1,0,99.32515477070018,1,3. M95-3 - Abdihakim Mohammed Muhammad,0,0.8593864093900413,999,99,Rashid Ahmed abdi,2,4,,M95-4,1,0,0.818774518951637,4,1,99,0,199.81877451895164,1,4. M95-4 - Rashid Ahmed abdi,0,0.0243241679193954,999,99,Muktar abdiqadir sheek,2,3,,M95-5,1,0,0.4879005457364932,5,1,99,0,199.4879005457365,1,5. M95-5 - Muktar abdiqadir sheek,0,0.8629822580392639,999,99,Ahmed abdi fatah,2,6,,M95-6,0,1,0.9745651119610199,6,99,1,0,99.97456511196101,1,6. M95-6 - Ahmed abdi fatah,0,0.9585230791180586,999,99,Kadar fiker abdi,2,6,,M95-7,0,1,0.05486407070749799,7,99,1,0,99.0548640707075,1,7. M95-7 - Kadar fiker abdi,0,0.10272530042072714,999,99,Safiya sheek  abdi,1,6,2,M95-8,0,1,0.4577660459938546,8,99,1,0,99.45776604599385,1,8. M95-8 - Safiya sheek  abdi,0,0.4438400051435991,999,99,Halima bader sheek,1,6,2,M95-9,0,1,0.15760364600054144,9,99,1,0,99.15760364600054,1,9. M95-9 - Halima bader sheek,0,0.840888858753625,999,99,,,,,,,,,,,,,,,,,,,,,,,,,,,,,,,,,,,,,,,,,,,,,,,,,,,,,,,,,,,,,,,,,,,,,,,,,,,,,,,,,,,,,,,,,,,,,,,,,,,,,,,,,,,,,,,,,,,,,,,,,,,,,,,,,,,,,,1,199.76042907610875 0.672452357753646 99.32515477070018 199.81877451895164 199.4879005457365 99.97456511196101 99.0548640707075 99.45776604599385 99.15760364600054,4,1,5,6,8,3,1. M95_1 - Rashid Ahmed abdi,2. M95_2 - Abdirahaman sheek Mohammed,3. M95_3 - Muktar abdiqadir sheek,4. M95_4 - Ahmed abdi fatah,5. M95_5 - Safiya sheek  abdi,6. M95_6 - Abdihakim Mohammed Muhammad,,3,1 3 4 5 6 8,1. M95-1 - Abdirahaman sheek Mohammed<br/>2. M95-2 - Kadar haji osman<br/>3. M95-3 - Abdihakim Mohammed Muhammad<br/>4. M95-4 - Rashid Ahmed abdi<br/>5. M95-5 - Muktar abdiqadir sheek<br/>6. M95-6 - Ahmed abdi fatah<br/>7. M95-7 - Kadar fiker abdi<br/>8. M95-8 - Safiya sheek  abdi<br/>9. M95-9 - Halima bader sheek,6,,,,,,,,,,,,,No eligible spouse found.,0,,,uuid:f754ada2-26f4-4f79-a897-ad890a9e5970,2603230738,uuid:f754ada2-26f4-4f79-a897-ad890a9e5970
24-Mar-2026 19:46:34,24-Mar-2026 09:45:57,24-Mar-2026 19:43:11,82e2405be9604681,,llrp_team1,samsung|SM-X115|15|SurveyCTO Collect 2.81.5 (387e45a),744,,Daniel,Daniel,shabeley,Hanjabi_1,M348,Haboon,8,HumanLed,#0a8f3c,8,8,Nimcan Ahmed Mohamed,2,2,,M348-1,0,0,0.19604047392083446,1,99,99,0,0.19604047392083446,1,1. M348-1 - Nimcan Ahmed Mohamed,0,0.8769531078243342,999,99,Abdirahman yusuf Mohamed,2,1,,M348-2,1,0,0.6826562362483104,2,1,99,0,199.6826562362483,1,2. M348-2 - Abdirahman yusuf Mohamed,0,0.7667487129846265,999,99,Amina Abdiqadir Ali,1,3,1,M348-3,1,0,0.5398392276766274,3,1,99,0.5,200.03983922767662,1,3. M348-3 - Amina Abdiqadir Ali,1,0.18028326797665728,0.5398392276766274,1,Yusuf Mohamud Ibrahim,2,6,,M348-4,0,1,0.966000359396172,4,99,1,0,99.96600035939618,1,4. M348-4 - Yusuf Mohamud Ibrahim,0,0.4215913842902068,999,99,Mukhtar Mohamed hassen,2,6,,M348-5,0,1,0.7945626879778795,5,99,1,0,99.79456268797787,1,5. M348-5 - Mukhtar Mohamed hassen,0,0.5416023514753412,999,99,Badal Abdi hussen,2,6,,M348-6,0,1,0.15069799483231916,6,99,1,0,99.15069799483231,1,6. M348-6 - Badal Abdi hussen,0,0.10133458035444143,999,99,Mukhtar Ahmed Mehamud,2,6,,M348-7,0,1,0.2215314319830718,7,99,1,0,99.22153143198307,1,7. M348-7 - Mukhtar Ahmed Mehamud,0,0.7967117795305245,999,99,Abdulahi Mehamed Abdi,2,6,,M348-8,0,1,0.46786050458324246,8,99,1,0,99.46786050458324,1,8. M348-8 - Abdulahi Mehamed Abdi,0,0.6878138518321038,999,99,,,,,,,,,,,,,,,,,,,,,,,,,,,,,,,,,,,,,,,,,,,,,,,,,,,,,,,,,,,,,,,,,,,,,,,,,,,,,,,,,,,,,,,,,,,,,,,,,,,,,,,,,,,,,,,,,,,,,,,,,,,,,,,,,,,,,,,,,,,,,,,,,,,,,,,,,1,0.19604047392083446 199.6826562362483 200.03983922767662 99.96600035939618 99.79456268797787 99.15069799483231 99.22153143198307 99.46786050458324,3,2,4,5,8,7,1. M348_1 - Amina Abdiqadir Ali,2. M348_2 - Abdirahman yusuf Mohamed,3. M348_3 - Yusuf Mohamud Ibrahim,4. M348_4 - Mukhtar Mohamed hassen,5. M348_5 - Abdulahi Mehamed Abdi,6. M348_6 - Mukhtar Ahmed Mehamud,0.5398392276766274,2,2 3 4 5 7 8,1. M348-1 - Nimcan Ahmed Mohamed<br/>2. M348-2 - Abdirahman yusuf Mohamed<br/>3. M348-3 - Amina Abdiqadir Ali<br/>4. M348-4 - Yusuf Mohamud Ibrahim<br/>5. M348-5 - Mukhtar Mohamed hassen<br/>6. M348-6 - Badal Abdi hussen<br/>7. M348-7 - Mukhtar Ahmed Mehamud<br/>8. M348-8 - Abdulahi Mehamed Abdi,6,3,,,Amina Abdiqadir Ali,,,1. Amina Abdiqadir Ali (Husband to be interviewed)<br/>,,,,,,Husband of Amina Abdiqadir Ali must be interviewed.,1,,⚠ Spouse interview required,uuid:89b451d3-4d1d-4d75-bc4d-37120ad5f9de,2603230738,uuid:89b451d3-4d1d-4d75-bc4d-37120ad5f9de
25-Mar-2026 05:47:02,24-Mar-2026 09:46:03,24-Mar-2026 21:53:30,84a08d6ca764cc04,,llrp_team1,samsung|SM-X115|15|SurveyCTO Collect 2.81.5 (387e45a),608,,Anteneh,Osman,Denan,Danan 01_1,M93,Gobsan,12,TechLed,#1f4bd6,8,8,Rage Ahmed yuge,2,6,,M93-1,0,1,0.10092116975510457,1,99,1,0,99.10092116975511,1,1. M93-1 - Rage Ahmed yuge,0,0.6351491454756478,999,99,Abdi Mohamed Isak,2,6,,M93-2,0,1,0.5319154605947657,2,99,1,0,99.53191546059476,1,2. M93-2 - Abdi Mohamed Isak,0,0.8764559422988475,999,99,Hassen Abdikadir Mohamud,2,1,,M93-3,1,0,0.11595380114573117,3,1,99,0,199.11595380114574,1,3. M93-3 - Hassen Abdikadir Mohamud,0,0.897905728146772,999,99,Muhumed Abdi Mohamed,2,6,,M93-4,0,1,0.5971908263599568,4,99,1,0,99.59719082635996,1,4. M93-4 - Muhumed Abdi Mohamed,0,0.9737815574739771,999,99,Abdi Mohamud Hashi,2,6,,M93-5,0,1,0.21030666419045085,5,99,1,0,99.21030666419045,1,5. M93-5 - Abdi Mohamud Hashi,0,0.9216712456442078,999,99,Abdulahi Abdi Hussen,2,6,,M93-6,0,1,0.5335032926344514,6,99,1,0,99.53350329263445,1,6. M93-6 - Abdulahi Abdi Hussen,0,0.05438873883334672,999,99,Abdi Abdulahi Muhumed,2,6,,M93-7,0,1,0.6227486168827312,7,99,1,0,99.62274861688273,1,7. M93-7 - Abdi Abdulahi Muhumed,0,0.626375627338242,999,99,Najib Mohamed Hashi,2,3,,M93-8,1,0,0.6542063392504979,8,1,99,0,199.6542063392505,1,8. M93-8 - Najib Mohamed Hashi,0,0.06310666516845964,999,99,,,,,,,,,,,,,,,,,,,,,,,,,,,,,,,,,,,,,,,,,,,,,,,,,,,,,,,,,,,,,,,,,,,,,,,,,,,,,,,,,,,,,,,,,,,,,,,,,,,,,,,,,,,,,,,,,,,,,,,,,,,,,,,,,,,,,,,,,,,,,,,,,,,,,,,,,1,99.10092116975511 99.53191546059476 199.11595380114574 99.59719082635996 99.21030666419045 99.53350329263445 99.62274861688273 199.6542063392505,8,3,7,4,6,2,1. M93_1 - Najib Mohamed Hashi,2. M93_2 - Hassen Abdikadir Mohamud,3. M93_3 - Abdi Abdulahi Muhumed,4. M93_4 - Muhumed Abdi Mohamed,5. M93_5 - Abdulahi Abdi Hussen,6. M93_6 - Abdi Mohamed Isak,,2,2 3 4 6 7 8,1. M93-1 - Rage Ahmed yuge<br/>2. M93-2 - Abdi Mohamed Isak<br/>3. M93-3 - Hassen Abdikadir Mohamud<br/>4. M93-4 - Muhumed Abdi Mohamed<br/>5. M93-5 - Abdi Mohamud Hashi<br/>6. M93-6 - Abdulahi Abdi Hussen<br/>7. M93-7 - Abdi Abdulahi Muhumed<br/>8. M93-8 - Najib Mohamed Hashi,6,,,,,,,,,,,,,No eligible spouse found.,0,,,uuid:9081fb61-9017-44d0-aa01-28d909746567,2603230738,uuid:9081fb61-9017-44d0-aa01-28d909746567
25-Mar-2026 08:22:02,24-Mar-2026 09:53:37,25-Mar-2026 08:21:10,cf84d912f7bc03f1,,llrp_team1,samsung|SM-X115|14|SurveyCTO Collect 2.81.5 (387e45a),619,,Anteneh,Abdiresaq,Denan,Danan 04_1,M96,Hoda,12,HumanLed,#0a8f3c,8,8,Abdi Bashir Hassen,2,6,,M96-1,0,1,0.11847314310199619,1,99,1,0,99.118473143102,1,1. M96-1 - Abdi Bashir Hassen,0,0.6367800627239042,999,99,Amin Abdullahi Hassen,2,6,,M96-2,0,1,0.8503258227000722,2,99,1,0,99.85032582270007,1,2. M96-2 - Amin Abdullahi Hassen,0,0.34948913247094504,999,99,Abdikader mahamud mohamed,2,5,,M96-3,0,0,0.800571241168005,3,99,99,0,0.800571241168005,1,3. M96-3 - Abdikader mahamud mohamed,0,0.06706223962710056,999,99,Bisharo Abdirisak Sigale,1,3,1,M96-4,1,0,0.20218962698786436,4,1,99,0.5,199.70218962698786,1,4. M96-4 - Bisharo Abdirisak Sigale,1,0.054713689473693705,0.20218962698786436,1,Hibo omer muhumed,1,6,1,M96-5,0,1,0.7568724173801178,5,99,1,0.5,100.25687241738012,1,5. M96-5 - Hibo omer muhumed,1,0.7481072472605496,0.7568724173801178,1,Asiya mustafe garane,1,6,2,M96-6,0,1,0.13230745940377686,6,99,1,0,99.13230745940378,1,6. M96-6 - Asiya mustafe garane,0,0.8055317468526391,999,99,Maymuna bashir Hassen,1,6,1,M96-7,0,1,0.6565706110173555,7,99,1,0.5,100.15657061101736,1,7. M96-7 - Maymuna bashir Hassen,1,0.5423194172769462,0.6565706110173555,1,Abdi Aziz Bashir Hassen,2,6,,M96-8,0,1,0.5333657877603709,8,99,1,0,99.53336578776037,1,8. M96-8 - Abdi Aziz Bashir Hassen,0,0.020340309355271424,999,99,,,,,,,,,,,,,,,,,,,,,,,,,,,,,,,,,,,,,,,,,,,,,,,,,,,,,,,,,,,,,,,,,,,,,,,,,,,,,,,,,,,,,,,,,,,,,,,,,,,,,,,,,,,,,,,,,,,,,,,,,,,,,,,,,,,,,,,,,,,,,,,,,,,,,,,,,0,99.118473143102 99.85032582270007 0.800571241168005 199.70218962698786 100.25687241738012 99.13230745940378 100.15657061101736 99.53336578776037,4,5,7,2,8,6,1. M96_1 - Bisharo Abdirisak Sigale,2. M96_2 - Hibo omer muhumed,3. M96_3 - Maymuna bashir Hassen,4. M96_4 - Amin Abdullahi Hassen,5. M96_5 - Abdi Aziz Bashir Hassen,6. M96_6 - Asiya mustafe garane,0.20218962698786436 0.7568724173801178 0.6565706110173555,1,2 4 5 6 7 8,1. M96-1 - Abdi Bashir Hassen<br/>2. M96-2 - Amin Abdullahi Hassen<br/>3. M96-3 - Abdikader mahamud mohamed<br/>4. M96-4 - Bisharo Abdirisak Sigale<br/>5. M96-5 - Hibo omer muhumed<br/>6. M96-6 - Asiya mustafe garane<br/>7. M96-7 - Maymuna bashir Hassen<br/>8. M96-8 - Abdi Aziz Bashir Hassen,6,5,7,4,Hibo omer muhumed,Maymuna bashir Hassen,Bisharo Abdirisak Sigale,1. Bisharo Abdirisak Sigale (Husband to be interviewed)<br/>,2. Hibo omer muhumed (Husband to be interviewed)<br/>,3. Maymuna bashir Hassen (Husband to be interviewed)<br/>,,,,"Husbands of Hibo omer muhumed, Maymuna bashir Hassen and Bisharo Abdirisak Sigale must be interviewed (one may serve as replacement).",3,Bisharo Abdirisak Sigale (Replacement),⚠ Spouse interview required,uuid:696504cf-965f-4b79-a730-35e9ff36b078,2603230738,uuid:696504cf-965f-4b79-a730-35e9ff36b078
25-Mar-2026 18:27:28,25-Mar-2026 09:34:34,25-Mar-2026 18:26:59,82e2405be9604681,,llrp_team1,samsung|SM-X115|15|SurveyCTO Collect 2.81.5 (387e45a),948,,Daniel,Daniel,shabeley,Shabeeley 01_1,M347,Himilo,8,Control,#d60000,8,8,Duco Ahmed Ibrahim,1,6,,M347-1,0,1,0.9944067685279198,1,99,1,0,99.99440676852792,1,1. M347-1 - Duco Ahmed Ibrahim,0,0.6668094617021255,999,99,Abdi Muhumad cumar,2,6,,M347-2,0,1,0.03101731042347944,2,99,1,0,99.03101731042348,1,2. M347-2 - Abdi Muhumad cumar,0,0.6209241159133484,999,99,Muhyadin Abdi hassen,2,1,,M347-3,1,0,0.6988715134884471,3,1,99,0,199.69887151348846,1,3. M347-3 - Muhyadin Abdi hassen,0,0.3217442479401278,999,99,Najib Ahmed Farah,2,2,,M347-4,0,0,0.7915224115553856,4,99,99,0,0.7915224115553856,1,4. M347-4 - Najib Ahmed Farah,0,0.10994667863936514,999,99,Abdiqani Ibrahim Ismail,2,3,,M347-5,1,0,0.005655191937790405,5,1,99,0,199.0056551919378,1,5. M347-5 - Abdiqani Ibrahim Ismail,0,0.48639326551428985,999,99,Mehamed Ali bare,2,6,,M347-6,0,1,0.7193590110936671,6,99,1,0,99.71935901109367,1,6. M347-6 - Mehamed Ali bare,0,0.11829659739887133,999,99,Mehamed Abdulahi Siyad,2,6,,M347-7,0,1,0.19529862919660923,7,99,1,0,99.19529862919661,1,7. M347-7 - Mehamed Abdulahi Siyad,0,0.2978217705007572,999,99,Ahmed qasin Abdulahi,2,6,,M347-8,0,1,0.369854510814434,8,99,1,0,99.36985451081443,1,8. M347-8 - Ahmed qasin Abdulahi,0,0.5998802267660108,999,99,,,,,,,,,,,,,,,,,,,,,,,,,,,,,,,,,,,,,,,,,,,,,,,,,,,,,,,,,,,,,,,,,,,,,,,,,,,,,,,,,,,,,,,,,,,,,,,,,,,,,,,,,,,,,,,,,,,,,,,,,,,,,,,,,,,,,,,,,,,,,,,,,,,,,,,,,1,99.99440676852792 99.03101731042348 199.69887151348846 0.7915224115553856 199.0056551919378 99.71935901109367 99.19529862919661 99.36985451081443,3,5,1,6,8,7,1. M347_1 - Muhyadin Abdi hassen,2. M347_2 - Abdiqani Ibrahim Ismail,3. M347_3 - Duco Ahmed Ibrahim,4. M347_4 - Mehamed Ali bare,5. M347_5 - Ahmed qasin Abdulahi,6. M347_6 - Mehamed Abdulahi Siyad,,2,1 3 5 6 7 8,1. M347-1 - Duco Ahmed Ibrahim<br/>2. M347-2 - Abdi Muhumad cumar<br/>3. M347-3 - Muhyadin Abdi hassen<br/>4. M347-4 - Najib Ahmed Farah<br/>5. M347-5 - Abdiqani Ibrahim Ismail<br/>6. M347-6 - Mehamed Ali bare<br/>7. M347-7 - Mehamed Abdulahi Siyad<br/>8. M347-8 - Ahmed qasin Abdulahi,6,,,,,,,,,,,,,No eligible spouse found.,0,,,uuid:90e84f23-e8f9-4e1d-ab22-74cfe22a7f3f,2603230738,uuid:90e84f23-e8f9-4e1d-ab22-74cfe22a7f3f
25-Mar-2026 22:33:04,24-Mar-2026 16:54:37,25-Mar-2026 17:03:48,bc9edd50ac897c82,,llrp_team1,samsung|SM-X115|15|SurveyCTO Collect 2.81.5 (387e45a),931,,Anteneh,Abouker,Denan,Danan 03_2,M97,Mandeq,12,TechLed,#1f4bd6,10,10,Roda nour tureh,1,3,1,M97-1,1,0,0.4422653123647926,1,1,99,0.5,199.94226531236478,1,1. M97-1 - Roda nour tureh,1,0.03857295867718036,0.4422653123647926,1,Ayan abdinasir sirad,1,6,2,M97-2,0,1,0.6132483693125492,2,99,1,0,99.61324836931254,1,2. M97-2 - Ayan abdinasir sirad,0,0.8495910420921204,999,99,Ridwan nour mohammed,1,6,2,M97-3,0,1,0.9726711603293712,3,99,1,0,99.97267116032937,1,3. M97-3 - Ridwan nour mohammed,0,0.9662105160087018,999,99,Rahma abdi wahid,1,3,1,M97-4,1,0,0.8933505593501531,4,1,99,0.5,200.39335055935015,1,4. M97-4 - Rahma abdi wahid,1,0.6971944736831877,0.8933505593501531,1,Suqreh Abdi sheek,1,2,1,M97-5,1,0,0.5130093394237567,5,1,99,0.5,200.01300933942375,1,5. M97-5 - Suqreh Abdi sheek,1,0.22947612270953954,0.5130093394237567,1,Zenaba sheek abdulahi,1,6,1,M97-6,0,1,0.4185606560429973,6,99,1,0.5,99.918560656043,1,6. M97-6 - Zenaba sheek abdulahi,0,0.24486923693349938,999,99,Sharis abdikani mursal,1,6,1,M97-7,0,1,0.9746214645878889,7,99,1,0.5,100.47462146458788,1,7. M97-7 - Sharis abdikani mursal,1,0.8745691166005735,0.9746214645878889,1,Sahra nour mahamud,1,4,1,M97-8,1,0,0.08167477731503936,8,1,99,0.5,199.58167477731504,1,8. M97-8 - Sahra nour mahamud,1,0.6374920767019373,0.08167477731503936,1,Faduma Abdi dacar,1,6,1,M97-9,0,1,0.5838913327122919,9,99,1,0.5,100.0838913327123,1,9. M97-9 - Faduma Abdi dacar,1,0.18921680773080107,0.5838913327122919,1,Souwaida Ahmed ade,1,6,2,M97-10,0,1,0.14850726464007868,10,99,1,0,99.14850726464007,1,10. M97-10 - Souwaida Ahmed ade,0,0.7364760928226405,999,99,,,,,,,,,,,,,,,,,,,,,,,,,,,,,,,,,,,,,,,,,,,,,,,,,,,,,,,,,,,,,,,,,,,,,,,,,,,,,,,,,,,,,,,,,,,,,,,,,,,,,,,,,,,,,,,,,,,0,199.94226531236478 99.61324836931254 99.97267116032937 200.39335055935015 200.01300933942375 99.918560656043 100.47462146458788 199.58167477731504 100.0838913327123 99.14850726464007,4,5,1,8,7,9,1. M97_1 - Rahma abdi wahid,2. M97_2 - Suqreh Abdi sheek,3. M97_3 - Roda nour tureh,4. M97_4 - Sahra nour mahamud,5. M97_5 - Sharis abdikani mursal,6. M97_6 - Faduma Abdi dacar,0.4422653123647926 0.8933505593501531 0.5130093394237567 0.9746214645878889 0.08167477731503936 0.5838913327122919,4,1 4 5 7 8 9,1. M97-1 - Roda nour tureh<br/>2. M97-2 - Ayan abdinasir sirad<br/>3. M97-3 - Ridwan nour mohammed<br/>4. M97-4 - Rahma abdi wahid<br/>5. M97-5 - Suqreh Abdi sheek<br/>6. M97-6 - Zenaba sheek abdulahi<br/>7. M97-7 - Sharis abdikani mursal<br/>8. M97-8 - Sahra nour mahamud<br/>9. M97-9 - Faduma Abdi dacar<br/>10. M97-10 - Souwaida Ahmed ade,6,7,4,9,Sharis abdikani mursal,Rahma abdi wahid,Faduma Abdi dacar,1. Rahma abdi wahid (Husband to be interviewed)<br/>,,,,5. Sharis abdikani mursal (Husband to be interviewed)<br/>,6. Faduma Abdi dacar (Husband to be interviewed)<br/>,"Husbands of Sharis abdikani mursal, Rahma abdi wahid and Faduma Abdi dacar must be interviewed (one may serve as replacement).",3,Faduma Abdi dacar (Replacement),⚠ Spouse interview required,uuid:9a774a97-386b-4953-b471-7f8482861011,2603230738,uuid:9a774a97-386b-4953-b471-7f8482861011
25-Mar-2026 22:49:41,25-Mar-2026 12:28:45,25-Mar-2026 16:38:02,6b74f9d4edaa4c9a,,llrp_team1,samsung|SM-X115|15|SurveyCTO Collect 2.81.5 (387e45a),930,,Anteneh,Mahamed,Daror,Gashanka_1,M67,Af-lax,10,TechLed,#1f4bd6,10,10,Saynab jama abdi,1,6,1,M67-1,0,1,0.10846584337053944,1,99,1,0.5,99.60846584337054,1,1. M67-1 - Saynab jama abdi,0,0.8501643179009504,999,99,Anab Ali elmi,1,6,2,M67-2,0,1,0.9045061246719222,2,99,1,0,99.90450612467193,1,2. M67-2 - Anab Ali elmi,0,0.16830424875606043,999,99,Farah mowlid abdi,1,6,1,M67-3,0,1,0.8701968961105869,3,99,1,0.5,100.37019689611058,1,3. M67-3 - Farah mowlid abdi,1,0.04019720243288305,0.8701968961105869,1,Dhol yousuf hirsi,1,3,1,M67-4,1,0,0.44966905778210564,4,1,99,0.5,199.9496690577821,1,4. M67-4 - Dhol yousuf hirsi,1,0.719447401486908,0.44966905778210564,1,Fadumo omer elmi,1,6,2,M67-5,0,1,0.8855177276282473,5,99,1,0,99.88551772762824,1,5. M67-5 - Fadumo omer elmi,0,0.17790474507661502,999,99,Farhan ali elmi,1,6,1,M67-6,0,1,0.6285958835675776,6,99,1,0.5,100.12859588356758,1,6. M67-6 - Farhan ali elmi,1,0.5861145550575211,0.6285958835675776,1,Amran Ibrahim aw-Ahmed,1,6,1,M67-7,0,1,0.7264999746710022,7,99,1,0.5,100.226499974671,1,7. M67-7 - Amran Ibrahim aw-Ahmed,1,0.6025180863504229,0.7264999746710022,1,Mohamed abdilahi mohamud,2,1,,M67-8,1,0,0.877225957228515,8,1,99,0,199.87722595722852,1,8. M67-8 - Mohamed abdilahi mohamud,0,0.4350065549226142,999,99,Ahmed mohamed abdilahi,2,6,,M67-9,0,1,0.6481369371685973,9,99,1,0,99.6481369371686,1,9. M67-9 - Ahmed mohamed abdilahi,0,0.05161192435355866,999,99,Haweya harir ahmed,1,6,2,M67-10,0,1,0.48856124417155444,10,99,1,0,99.48856124417155,1,10. M67-10 - Haweya harir ahmed,0,0.5105364263514004,999,99,,,,,,,,,,,,,,,,,,,,,,,,,,,,,,,,,,,,,,,,,,,,,,,,,,,,,,,,,,,,,,,,,,,,,,,,,,,,,,,,,,,,,,,,,,,,,,,,,,,,,,,,,,,,,,,,,,,1,99.60846584337054 99.90450612467193 100.37019689611058 199.9496690577821 99.88551772762824 100.12859588356758 100.226499974671 199.87722595722852 99.6481369371686 99.48856124417155,4,8,3,7,6,2,1. M67_1 - Dhol yousuf hirsi,2. M67_2 - Mohamed abdilahi mohamud,3. M67_3 - Farah mowlid abdi,4. M67_4 - Amran Ibrahim aw-Ahmed,5. M67_5 - Farhan ali elmi,6. M67_6 - Anab Ali elmi,0.8701968961105869 0.44966905778210564 0.6285958835675776 0.7264999746710022,2,2 3 4 6 7 8,1. M67-1 - Saynab jama abdi<br/>2. M67-2 - Anab Ali elmi<br/>3. M67-3 - Farah mowlid abdi<br/>4. M67-4 - Dhol yousuf hirsi<br/>5. M67-5 - Fadumo omer elmi<br/>6. M67-6 - Farhan ali elmi<br/>7. M67-7 - Amran Ibrahim aw-Ahmed<br/>8. M67-8 - Mohamed abdilahi mohamud<br/>9. M67-9 - Ahmed mohamed abdilahi<br/>10. M67-10 - Haweya harir ahmed,6,3,7,6,Farah mowlid abdi,Amran Ibrahim aw-Ahmed,Farhan ali elmi,,,3. Farah mowlid abdi (Husband to be interviewed)<br/>,4. Amran Ibrahim aw-Ahmed (Husband to be interviewed)<br/>,5. Farhan ali elmi (Husband to be interviewed)<br/>,,"Husbands of Farah mowlid abdi, Amran Ibrahim aw-Ahmed and Farhan ali elmi must be interviewed (one may serve as replacement).",3,Farhan ali elmi (Replacement),⚠ Spouse interview required,uuid:975b0251-cc08-4c27-af0b-424fe08ee392,2603230738,uuid:975b0251-cc08-4c27-af0b-424fe08ee392
25-Mar-2026 22:49:50,24-Mar-2026 11:05:23,25-Mar-2026 22:46:59,57b11f490a25fce6,,llrp_team1,samsung|SM-X115|15|SurveyCTO Collect 2.81.5 (387e45a),1124,,Daniel,Hasen,shabeley,Caracaska_1,M350,Deeq ilaahay,12,TechLed,#1f4bd6,12,12,Abdikani Ahmed ali,2,6,,M350-1,0,1,0.028260808503890567,1,99,1,0,99.02826080850389,1,1. M350-1 - Abdikani Ahmed ali,0,0.7735709026366007,999,99,Nasri muhumed nasir,2,6,,M350-2,0,1,0.4059863943905775,2,99,1,0,99.40598639439058,1,2. M350-2 - Nasri muhumed nasir,0,0.7211753968372635,999,99,Mahamed Ahmed ader,2,1,,M350-3,1,0,0.42136499718482046,3,1,99,0,199.4213649971848,1,3. M350-3 - Mahamed Ahmed ader,0,0.21243864104026233,999,99,"Nim,an abdi umer",2,2,,M350-4,0,0,0.7743047199996888,4,99,99,0,0.7743047199996888,1,"4. M350-4 - Nim,an abdi umer",0,0.11582707498136291,999,99,Ismail mahad salan,2,6,,M350-5,0,1,0.7900391956118241,5,99,1,0,99.79003919561183,1,5. M350-5 - Ismail mahad salan,0,0.8752790600433012,999,99,Amran muhumed ibrahim,1,6,1,M350-6,0,1,0.31699722917396145,6,99,1,0.5,99.81699722917396,1,6. M350-6 - Amran muhumed ibrahim,1,0.4403068182938078,0.31699722917396145,1,Amina muhumed ali,1,6,1,M350-7,0,1,0.7276791055889569,7,99,1,0.5,100.22767910558896,1,7. M350-7 - Amina muhumed ali,1,0.9273217122752391,0.7276791055889569,1,Ugbad hasan dahir,1,5,1,M350-8,0,0,0.5986953104780074,8,99,99,0.5,1.0986953104780075,1,8. M350-8 - Ugbad hasan dahir,0,0.967659030571566,999,99,"Sa,ada umer usman",1,3,1,M350-9,1,0,0.9136290577965718,9,1,99,0.5,200.41362905779658,1,"9. M350-9 - Sa,ada umer usman",1,0.6003243028269293,0.9136290577965718,1,Zaynaba ibrahim ahmed,1,6,1,M350-10,0,1,0.9172853828689242,10,99,1,0.5,100.41728538286893,1,10. M350-10 - Zaynaba ibrahim ahmed,1,0.8277558085176235,0.9172853828689242,1,Ramla sheek mahamed,1,6,1,M350-11,0,1,0.3773793807250285,11,99,1,0.5,99.87737938072503,1,11. M350-11 - Ramla sheek mahamed,1,0.21640647320629913,0.3773793807250285,1,Nawal sheek mahamed,1,6,1,M350-12,0,1,0.2581187497125589,12,99,1,0.5,99.75811874971257,1,12. M350-12 - Nawal sheek mahamed,0,0.9143231385454328,999,99,,,,,,,,,,,,,,,,,,,,,,,,,,,,,,,,,,,,,,,,,,,,,,,,,,,,,,,,,,,,,,,,,,,,,,,,,,,,,1,99.02826080850389 99.40598639439058 199.4213649971848 0.7743047199996888 99.79003919561183 99.81699722917396 100.22767910558896 1.0986953104780075 200.41362905779658 100.41728538286893 99.87737938072503 99.75811874971257,9,3,10,7,11,6,"1. M350_1 - Sa,ada umer usman",2. M350_2 - Mahamed Ahmed ader,3. M350_3 - Zaynaba ibrahim ahmed,4. M350_4 - Amina muhumed ali,5. M350_5 - Ramla sheek mahamed,6. M350_6 - Amran muhumed ibrahim,0.31699722917396145 0.7276791055889569 0.9136290577965718 0.9172853828689242 0.3773793807250285,2,3 6 7 9 10 11,"1. M350-1 - Abdikani Ahmed ali<br/>2. M350-2 - Nasri muhumed nasir<br/>3. M350-3 - Mahamed Ahmed ader<br/>4. M350-4 - Nim,an abdi umer<br/>5. M350-5 - Ismail mahad salan<br/>6. M350-6 - Amran muhumed ibrahim<br/>7. M350-7 - Amina muhumed ali<br/>8. M350-8 - Ugbad hasan dahir<br/>9. M350-9 - Sa,ada umer usman<br/>10. M350-10 - Zaynaba ibrahim ahmed<br/>11. M350-11 - Ramla sheek mahamed<br/>12. M350-12 - Nawal sheek mahamed",6,10,9,7,Zaynaba ibrahim ahmed,"Sa,ada umer usman",Amina muhumed ali,"1. Sa,ada umer usman (Husband to be interviewed)<br/>",,3. Zaynaba ibrahim ahmed (Husband to be interviewed)<br/>,4. Amina muhumed ali (Husband to be interviewed)<br/>,,,"Husbands of Zaynaba ibrahim ahmed, Sa,ada umer usman and Amina muhumed ali must be interviewed (one may serve as replacement).",3,Amina muhumed ali (Replacement),⚠ Spouse interview required,uuid:d22cdd92-0ab8-4436-8ce8-cea34ed0b270,2603230738,uuid:d22cdd92-0ab8-4436-8ce8-cea34ed0b270
25-Mar-2026 22:52:12,25-Mar-2026 09:37:37,25-Mar-2026 22:51:25,31d542a9aea3f2c5,,llrp_team1,Lenovo|Lenovo TB-8504F|8.1.0|SurveyCTO Collect 2.81.5 (387e45a),591,,Anteneh,Abdilahi,Denan,Lamu_1,M98,Amal,12,HumanLed,#0a8f3c,6,6,Hadis Shane surie,2,6,,M98-1,0,1,0.5059466907669279,1,99,1,0,99.50594669076693,1,1. M98-1 - Hadis Shane surie,0,0.7336755684587067,999,99,Mohamed shafe ali,2,1,,M98-2,1,0,0.28759500269815175,2,1,99,0,199.28759500269814,1,2. M98-2 - Mohamed shafe ali,0,0.8404876847111872,999,99,Rays serar abdi,2,6,,M98-3,0,1,0.5158613903247918,3,99,1,0,99.51586139032479,1,3. M98-3 - Rays serar abdi,0,0.42377124923213616,999,99,Abdi Mohamed qadid,2,6,,M98-4,0,1,0.23761780446781045,4,99,1,0,99.23761780446782,1,4. M98-4 - Abdi Mohamed qadid,0,0.7850643853706458,999,99,Mohamed Ahmed abdi,2,6,,M98-5,0,1,0.4835931407878823,5,99,1,0,99.48359314078789,1,5. M98-5 - Mohamed Ahmed abdi,0,0.20008718051094043,999,99,Badri Guhad shuriye,2,6,,M98-6,0,1,0.4427124486189573,6,99,1,0,99.44271244861896,1,6. M98-6 - Badri Guhad shuriye,0,0.616848913849947,999,99,,,,,,,,,,,,,,,,,,,,,,,,,,,,,,,,,,,,,,,,,,,,,,,,,,,,,,,,,,,,,,,,,,,,,,,,,,,,,,,,,,,,,,,,,,,,,,,,,,,,,,,,,,,,,,,,,,,,,,,,,,,,,,,,,,,,,,,,,,,,,,,,,,,,,,,,,,,,,,,,,,,,,,,,,,,,,,,,,,,,,,,,,,,,,,,1,99.50594669076693 199.28759500269814 99.51586139032479 99.23761780446782 99.48359314078789 99.44271244861896,2,3,1,5,6,4,1. M98_1 - Mohamed shafe ali,2. M98_2 - Rays serar abdi,3. M98_3 - Hadis Shane surie,4. M98_4 - Mohamed Ahmed abdi,5. M98_5 - Badri Guhad shuriye,6. M98_6 - Abdi Mohamed qadid,,1,1 2 3 4 5 6,1. M98-1 - Hadis Shane surie<br/>2. M98-2 - Mohamed shafe ali<br/>3. M98-3 - Rays serar abdi<br/>4. M98-4 - Abdi Mohamed qadid<br/>5. M98-5 - Mohamed Ahmed abdi<br/>6. M98-6 - Badri Guhad shuriye,6,,,,,,,,,,,,,No eligible spouse found.,0,,,uuid:7405306b-e06b-4888-af53-8c003cfa6745,2603230738,uuid:7405306b-e06b-4888-af53-8c003cfa6745
25-Mar-2026 22:55:17,25-Mar-2026 09:59:04,25-Mar-2026 22:51:42,84a08d6ca764cc04,,llrp_team1,samsung|SM-X115|15|SurveyCTO Collect 2.81.5 (387e45a),1929,,Anteneh,Osman,Denan,Danan 02_1,M94,Bisharo,12,HumanLed,#0a8f3c,8,8,Bisharo Maktal Abdulahi,1,1,2,M94-1,1,0,0.3004293587143909,1,1,99,0,199.30042935871438,1,1. M94-1 - Bisharo Maktal Abdulahi,0,0.7426968877032435,999,99,Hamdi Ahmed Farah,1,6,2,M94-2,0,1,0.31231680081600066,2,99,1,0,99.312316800816,1,2. M94-2 - Hamdi Ahmed Farah,0,0.2710059219387647,999,99,Bahja Maktal Abdulahi,1,5,2,M94-3,0,0,0.8900430678492952,3,99,99,0,0.8900430678492952,1,3. M94-3 - Bahja Maktal Abdulahi,0,0.45865563374397267,999,99,Sharis Abdi Abdulahi,1,6,2,M94-4,0,1,0.18865817109028193,4,99,1,0,99.18865817109028,1,4. M94-4 - Sharis Abdi Abdulahi,0,0.15601777988815213,999,99,Bashir Abdulahi Ibrahim,2,6,,M94-5,0,1,0.5166422505471732,5,99,1,0,99.51664225054718,1,5. M94-5 - Bashir Abdulahi Ibrahim,0,0.07476375574491956,999,99,Sahra Hussen Dubad,1,3,1,M94-6,1,0,0.8433455667127001,6,1,99,0.5,200.3433455667127,1,6. M94-6 - Sahra Hussen Dubad,1,0.2933822890670641,0.8433455667127001,1,Ubah Hussen Abdi,1,2,1,M94-7,0,0,0.6655493855733653,7,99,99,0.5,1.1655493855733652,1,7. M94-7 - Ubah Hussen Abdi,0,0.16322305925343106,999,99,Dahab Hussen Ahmed,1,6,1,M94-8,0,1,0.3697311017451548,8,99,1,0.5,99.86973110174516,1,8. M94-8 - Dahab Hussen Ahmed,1,0.11027163472061241,0.3697311017451548,1,,,,,,,,,,,,,,,,,,,,,,,,,,,,,,,,,,,,,,,,,,,,,,,,,,,,,,,,,,,,,,,,,,,,,,,,,,,,,,,,,,,,,,,,,,,,,,,,,,,,,,,,,,,,,,,,,,,,,,,,,,,,,,,,,,,,,,,,,,,,,,,,,,,,,,,,,1,199.30042935871438 99.312316800816 0.8900430678492952 99.18865817109028 99.51664225054718 200.3433455667127 1.1655493855733652 99.86973110174516,6,1,8,5,2,4,1. M94_1 - Sahra Hussen Dubad,2. M94_2 - Bisharo Maktal Abdulahi,3. M94_3 - Dahab Hussen Ahmed,4. M94_4 - Bashir Abdulahi Ibrahim,5. M94_5 - Hamdi Ahmed Farah,6. M94_6 - Sharis Abdi Abdulahi,0.8433455667127001 0.3697311017451548,2,1 2 4 5 6 8,1. M94-1 - Bisharo Maktal Abdulahi<br/>2. M94-2 - Hamdi Ahmed Farah<br/>3. M94-3 - Bahja Maktal Abdulahi<br/>4. M94-4 - Sharis Abdi Abdulahi<br/>5. M94-5 - Bashir Abdulahi Ibrahim<br/>6. M94-6 - Sahra Hussen Dubad<br/>7. M94-7 - Ubah Hussen Abdi<br/>8. M94-8 - Dahab Hussen Ahmed,6,6,8,,Sahra Hussen Dubad,Dahab Hussen Ahmed,,1. Sahra Hussen Dubad (Husband to be interviewed)<br/>,,3. Dahab Hussen Ahmed (Husband to be interviewed)<br/>,,,,Husbands of Sahra Hussen Dubad and Dahab Hussen Ahmed must be interviewed.,2,,⚠ Spouse interview required,uuid:6cb582c5-3b0d-4c80-becd-8f810539a911,2603230738,uuid:6cb582c5-3b0d-4c80-becd-8f810539a911
26-Mar-2026 05:45:08,24-Mar-2026 15:35:05,26-Mar-2026 05:41:03,4794b43bebbd3e7c,,llrp_team1,samsung|SM-X115|14|SurveyCTO Collect 2.81.5 (387e45a),690,,Daniel,Hayat,shabeley,caracaska_1,M345,barwaaqo,10,TechLed,#1f4bd6,10,10,Surer Abib Burale,1,6,1,M345-1,0,1,0.32379206568356833,1,99,1,0.5,99.82379206568356,1,1. M345-1 - Surer Abib Burale,1,0.06359857778602374,0.32379206568356833,1,Deg Abdi Hassen,2,6,,M345-2,0,1,0.4368500403840587,2,99,1,0,99.43685004038406,1,2. M345-2 - Deg Abdi Hassen,0,0.11745077292031758,999,99,Abdinur Abdilahi Aden,2,6,,M345-3,0,1,0.8055174953597377,3,99,1,0,99.80551749535974,1,3. M345-3 - Abdinur Abdilahi Aden,0,0.8842964142548396,999,99,Weli Ahmed Degal,2,6,,M345-4,0,1,0.3631299821852264,4,99,1,0,99.36312998218523,1,4. M345-4 - Weli Ahmed Degal,0,0.6959139844247163,999,99,Hayba Muhumed Yusuf,1,6,1,M345-5,0,1,0.5159133286411586,5,99,1,0.5,100.01591332864116,1,5. M345-5 - Hayba Muhumed Yusuf,1,0.480859532852864,0.5159133286411586,1,Muse Hayi Ader,2,6,,M345-6,0,1,0.1520891370294324,6,99,1,0,99.15208913702944,1,6. M345-6 - Muse Hayi Ader,0,0.4426264205027757,999,99,Deq Gedi Abdi,2,1,,M345-7,1,0,0.2089789175739678,7,1,99,0,199.20897891757397,1,7. M345-7 - Deq Gedi Abdi,0,0.8980162313543496,999,99,Ali Sherif Abdirahman,2,2,,M345-8,0,0,0.04676048510244468,8,99,99,0,0.04676048510244468,1,8. M345-8 - Ali Sherif Abdirahman,0,0.43769893308255536,999,99,Mahamud Yusuf Areb,2,4,,M345-9,1,0,0.800263824024388,9,1,99,0,199.8002638240244,1,9. M345-9 - Mahamud Yusuf Areb,0,0.655203136571738,999,99,Nimo Maelin Muhumed,1,3,1,M345-10,1,0,0.440682546895818,10,1,99,0.5,199.94068254689583,1,10. M345-10 - Nimo Maelin Muhumed,1,0.395506552552218,0.440682546895818,1,,,,,,,,,,,,,,,,,,,,,,,,,,,,,,,,,,,,,,,,,,,,,,,,,,,,,,,,,,,,,,,,,,,,,,,,,,,,,,,,,,,,,,,,,,,,,,,,,,,,,,,,,,,,,,,,,,,1,99.82379206568356 99.43685004038406 99.80551749535974 99.36312998218523 100.01591332864116 99.15208913702944 199.20897891757397 0.04676048510244468 199.8002638240244 199.94068254689583,10,9,7,5,1,3,1. M345_1 - Nimo Maelin Muhumed,2. M345_2 - Mahamud Yusuf Areb,3. M345_3 - Deq Gedi Abdi,4. M345_4 - Hayba Muhumed Yusuf,5. M345_5 - Surer Abib Burale,6. M345_6 - Abdinur Abdilahi Aden,0.32379206568356833 0.5159133286411586 0.440682546895818,3,1 3 5 7 9 10,1. M345-1 - Surer Abib Burale<br/>2. M345-2 - Deg Abdi Hassen<br/>3. M345-3 - Abdinur Abdilahi Aden<br/>4. M345-4 - Weli Ahmed Degal<br/>5. M345-5 - Hayba Muhumed Yusuf<br/>6. M345-6 - Muse Hayi Ader<br/>7. M345-7 - Deq Gedi Abdi<br/>8. M345-8 - Ali Sherif Abdirahman<br/>9. M345-9 - Mahamud Yusuf Areb<br/>10. M345-10 - Nimo Maelin Muhumed,6,5,10,1,Hayba Muhumed Yusuf,Nimo Maelin Muhumed,Surer Abib Burale,1. Nimo Maelin Muhumed (Husband to be interviewed)<br/>,,,4. Hayba Muhumed Yusuf (Husband to be interviewed)<br/>,5. Surer Abib Burale (Husband to be interviewed)<br/>,,"Husbands of Hayba Muhumed Yusuf, Nimo Maelin Muhumed and Surer Abib Burale must be interviewed (one may serve as replacement).",3,Surer Abib Burale (Replacement),⚠ Spouse interview required,uuid:ed8d85b8-04e9-44e6-bf3d-f9542dd452fc,2603230738,uuid:ed8d85b8-04e9-44e6-bf3d-f9542dd452fc
26-Mar-2026 07:31:29,24-Mar-2026 13:32:53,26-Mar-2026 07:27:36,4eeefaf360cd4a3a,,llrp_team1,samsung|SM-X115|15|SurveyCTO Collect 2.81.5 (387e45a),2218,,Muktar,Hasen,Yahob,Yahoob town_2,M352,Maadh,10,TechLed,#1f4bd6,12,12,Arish ali aden,1,1,2,M352-1,1,0,0.9587126402004625,1,1,99,0,199.95871264020047,1,1. M352-1 - Arish ali aden,0,0.09817960530903813,999,99,Deko hassen omar,1,3,2,M352-2,1,0,0.9718324331870353,2,1,99,0,199.97183243318705,1,2. M352-2 - Deko hassen omar,0,0.2069380683545332,999,99,Nimco abdi muhumed,1,4,2,M352-3,1,0,0.7886416714242639,3,1,99,0,199.78864167142427,1,3. M352-3 - Nimco abdi muhumed,0,0.007872471875816744,999,99,Kadra nur ismail,1,2,2,M352-4,0,0,0.6057144041626943,4,99,99,0,0.6057144041626943,1,4. M352-4 - Kadra nur ismail,0,0.9460099299606255,999,99,Fadumo badel husein,1,5,2,M352-5,0,0,0.2954697096115999,5,99,99,0,0.2954697096115999,1,5. M352-5 - Fadumo badel husein,0,0.360836195655621,999,99,Rukiyo hassen aydid,1,6,1,M352-6,0,1,0.733065473244512,6,99,1,0.5,100.23306547324451,1,6. M352-6 - Rukiyo hassen aydid,1,0.46873012005326975,0.733065473244512,1,Farah sharif tamam,1,6,2,M352-7,0,1,0.09138796278923866,7,99,1,0,99.09138796278924,1,7. M352-7 - Farah sharif tamam,0,0.7895985668020824,999,99,Bisharo omar husein,1,6,1,M352-8,0,1,0.14968224270638208,8,99,1,0.5,99.64968224270638,1,8. M352-8 - Bisharo omar husein,0,0.8947715514307835,999,99,Habib muhumed shugri,1,6,2,M352-9,0,1,0.4786478175314366,9,99,1,0,99.47864781753144,1,9. M352-9 - Habib muhumed shugri,0,0.40392507661483745,999,99,Fadumo sharif yusuf,1,6,2,M352-10,0,1,0.5036985738788187,10,99,1,0,99.50369857387882,1,10. M352-10 - Fadumo sharif yusuf,0,0.2581538454016443,999,99,Hassen nur ismail,1,6,1,M352-11,0,1,0.22593654980856126,11,99,1,0.5,99.72593654980857,1,11. M352-11 - Hassen nur ismail,1,0.26950936320975283,0.22593654980856126,1,Hinda hassen nur,1,6,2,M352-12,0,1,0.9427255592979792,12,99,1,0,99.94272555929798,1,12. M352-12 - Hinda hassen nur,0,0.5726746160139169,999,99,,,,,,,,,,,,,,,,,,,,,,,,,,,,,,,,,,,,,,,,,,,,,,,,,,,,,,,,,,,,,,,,,,,,,,,,,,,,,1,199.95871264020047 199.97183243318705 199.78864167142427 0.6057144041626943 0.2954697096115999 100.23306547324451 99.09138796278924 99.64968224270638 99.47864781753144 99.50369857387882 99.72593654980857 99.94272555929798,2,1,3,6,12,11,1. M352_1 - Deko hassen omar,2. M352_2 - Arish ali aden,3. M352_3 - Nimco abdi muhumed,4. M352_4 - Rukiyo hassen aydid,5. M352_5 - Hinda hassen nur,6. M352_6 - Hassen nur ismail,0.733065473244512 0.22593654980856126,3,1 2 3 6 11 12,1. M352-1 - Arish ali aden<br/>2. M352-2 - Deko hassen omar<br/>3. M352-3 - Nimco abdi muhumed<br/>4. M352-4 - Kadra nur ismail<br/>5. M352-5 - Fadumo badel husein<br/>6. M352-6 - Rukiyo hassen aydid<br/>7. M352-7 - Farah sharif tamam<br/>8. M352-8 - Bisharo omar husein<br/>9. M352-9 - Habib muhumed shugri<br/>10. M352-10 - Fadumo sharif yusuf<br/>11. M352-11 - Hassen nur ismail<br/>12. M352-12 - Hinda hassen nur,6,6,11,,Rukiyo hassen aydid,Hassen nur ismail,,,,,4. Rukiyo hassen aydid (Husband to be interviewed)<br/>,,6. Hassen nur ismail (Husband to be interviewed)<br/>,Husbands of Rukiyo hassen aydid and Hassen nur ismail must be interviewed.,2,,⚠ Spouse interview required,uuid:e6eb3015-8c8f-46c1-9fd6-56f676de2b5e,2603230738,uuid:e6eb3015-8c8f-46c1-9fd6-56f676de2b5e
26-Mar-2026 07:32:45,25-Mar-2026 16:27:27,25-Mar-2026 22:38:15,4eeefaf360cd4a3a,,llrp_team1,samsung|SM-X115|15|SurveyCTO Collect 2.81.5 (387e45a),882,,Muktar,Rahma,Yahob,Yoxob 01B_1,M354,Iftin,10,Control,#d60000,8,8,Mahamed abdikadir mahamud,2,1,,M354-1,1,0,0.28405658899900443,1,1,99,0,199.284056588999,1,1. M354-1 - Mahamed abdikadir mahamud,0,0.6211573517709303,999,99,Kalid ahmed mahamud,2,3,,M354-2,1,0,0.8491211387155724,2,1,99,0,199.84912113871556,1,2. M354-2 - Kalid ahmed mahamud,0,0.8724658454717954,999,99,Mahamed farah mahamed,2,6,,M354-3,0,1,0.9614549797523338,3,99,1,0,99.96145497975233,1,3. M354-3 - Mahamed farah mahamed,0,0.9772631528117443,999,99,Ayan abdikani farah,1,5,,M354-4,0,0,0.6613094042168419,4,99,99,0,0.6613094042168419,1,4. M354-4 - Ayan abdikani farah,0,0.8766180505531753,999,99,Ubah sheikh ahmed,1,6,,M354-5,0,1,0.9595138909644664,5,99,1,0,99.95951389096447,1,5. M354-5 - Ubah sheikh ahmed,0,0.2986146890241973,999,99,Ahmed ga'ur hassen,2,6,,M354-6,0,1,0.04800841037747239,6,99,1,0,99.04800841037748,1,6. M354-6 - Ahmed ga'ur hassen,0,0.7467080398450175,999,99,Lula malin muse,1,6,,M354-7,0,1,0.8587886625893977,7,99,1,0,99.8587886625894,1,7. M354-7 - Lula malin muse,0,0.22796542423489496,999,99,Bare abdikadir muhumed,2,6,,M354-8,0,1,0.3881114527744972,8,99,1,0,99.3881114527745,1,8. M354-8 - Bare abdikadir muhumed,0,0.117153285671866,999,99,,,,,,,,,,,,,,,,,,,,,,,,,,,,,,,,,,,,,,,,,,,,,,,,,,,,,,,,,,,,,,,,,,,,,,,,,,,,,,,,,,,,,,,,,,,,,,,,,,,,,,,,,,,,,,,,,,,,,,,,,,,,,,,,,,,,,,,,,,,,,,,,,,,,,,,,,1,199.284056588999 199.84912113871556 99.96145497975233 0.6613094042168419 99.95951389096447 99.04800841037748 99.8587886625894 99.3881114527745,2,1,3,5,7,8,1. M354_1 - Kalid ahmed mahamud,2. M354_2 - Mahamed abdikadir mahamud,3. M354_3 - Mahamed farah mahamed,4. M354_4 - Ubah sheikh ahmed,5. M354_5 - Lula malin muse,6. M354_6 - Bare abdikadir muhumed,,2,1 2 3 5 7 8,1. M354-1 - Mahamed abdikadir mahamud<br/>2. M354-2 - Kalid ahmed mahamud<br/>3. M354-3 - Mahamed farah mahamed<br/>4. M354-4 - Ayan abdikani farah<br/>5. M354-5 - Ubah sheikh ahmed<br/>6. M354-6 - Ahmed ga'ur hassen<br/>7. M354-7 - Lula malin muse<br/>8. M354-8 - Bare abdikadir muhumed,6,,,,,,,,,,,,,No eligible spouse found.,0,,,uuid:66c2df98-f06b-4b5f-a45d-f5e3c2f9597c,2603230738,uuid:66c2df98-f06b-4b5f-a45d-f5e3c2f9597c
26-Mar-2026 07:55:08,25-Mar-2026 09:43:36,26-Mar-2026 07:51:29,3360ac9e5488af4f,,llrp_team1,samsung|SM-X115|14|SurveyCTO Collect 2.81.5 (387e45a),647,,Muktar,Abdulfetah,Yahob,Yahob town_1,M353,Kulmiya,12,HumanLed,#0a8f3c,5,5,Hassan abdillahi Ali,2,1,,M353-1,1,0,0.5508978022455343,1,1,99,0,199.55089780224554,1,1. M353-1 - Hassan abdillahi Ali,0,0.7844723094243902,999,99,Abdi ahmed alaki,2,5,,M353-2,0,0,0.3824923436286576,2,99,99,0,0.3824923436286576,1,2. M353-2 - Abdi ahmed alaki,0,0.9409402209106712,999,99,Khadar Mohammed abdullahi,2,6,,M353-3,0,1,0.6892561896158174,3,99,1,0,99.68925618961582,1,3. M353-3 - Khadar Mohammed abdullahi,0,0.9485143248684128,999,99,Zaynaba dahir Mursal,1,3,1,M353-4,1,0,0.05745657406265248,4,1,99,0.5,199.55745657406266,1,4. M353-4 - Zaynaba dahir Mursal,1,0.8462348288175762,0.05745657406265248,1,Nur Mahdi Abdullahi,2,6,,M353-5,0,1,0.6897848535729235,5,99,1,0,99.68978485357292,1,5. M353-5 - Nur Mahdi Abdullahi,0,0.41587244823384617,999,99,,,,,,,,,,,,,,,,,,,,,,,,,,,,,,,,,,,,,,,,,,,,,,,,,,,,,,,,,,,,,,,,,,,,,,,,,,,,,,,,,,,,,,,,,,,,,,,,,,,,,,,,,,,,,,,,,,,,,,,,,,,,,,,,,,,,,,,,,,,,,,,,,,,,,,,,,,,,,,,,,,,,,,,,,,,,,,,,,,,,,,,,,,,,,,,,,,,,,,,,,,,,,,,,,,1,199.55089780224554 0.3824923436286576 99.68925618961582 199.55745657406266 99.68978485357292,4,1,5,3,2,,1. M353_1 - Zaynaba dahir Mursal,2. M353_2 - Hassan abdillahi Ali,3. M353_3 - Nur Mahdi Abdullahi,4. M353_4 - Khadar Mohammed abdullahi,5. M353_5 - Abdi ahmed alaki,,0.05745657406265248,2,1 2 3 4 5,1. M353-1 - Hassan abdillahi Ali<br/>2. M353-2 - Abdi ahmed alaki<br/>3. M353-3 - Khadar Mohammed abdullahi<br/>4. M353-4 - Zaynaba dahir Mursal<br/>5. M353-5 - Nur Mahdi Abdullahi,5,4,,,Zaynaba dahir Mursal,,,1. Zaynaba dahir Mursal (Husband to be interviewed)<br/>,,,,,,Husband of Zaynaba dahir Mursal must be interviewed.,1,,⚠ Spouse interview required,uuid:0d01acdf-1b03-49f4-92fe-beb065bd4b50,2603230738,uuid:0d01acdf-1b03-49f4-92fe-beb065bd4b50
26-Mar-2026 08:02:22,24-Mar-2026 13:36:53,25-Mar-2026 22:40:34,16848f7fba76a71f,,llrp_team1,samsung|SM-X115|15|SurveyCTO Collect 2.81.5 (387e45a),836,,Muktar,Niman,Yahob,Yahob 01_1,M358,Alnajax,8,Control,#d60000,12,12,Hinda Hassan Abdi,1,1,,M358-1,1,0,0.7865060170805963,1,1,99,0,199.7865060170806,1,1. M358-1 - Hinda Hassan Abdi,0,0.47375126142775137,999,99,Nimo sheikh Abdi,1,5,,M358-2,0,0,0.208018987476996,2,99,99,0,0.208018987476996,1,2. M358-2 - Nimo sheikh Abdi,0,0.38126809603209766,999,99,Raho hassan nuor,1,3,,M358-3,1,0,0.2298423433574046,3,1,99,0,199.2298423433574,1,3. M358-3 - Raho hassan nuor,0,0.24414374539477213,999,99,Nimo dek mahamed,1,6,,M358-4,0,1,0.7022516645875736,4,99,1,0,99.70225166458758,1,4. M358-4 - Nimo dek mahamed,0,0.41301752346921916,999,99,Halimo mahamuod Abdilahi,2,6,,M358-5,0,1,0.33607675161128125,5,99,1,0,99.33607675161129,1,5. M358-5 - Halimo mahamuod Abdilahi,0,0.5101214820260624,999,99,Hamdia dek ali,1,6,,M358-6,0,1,0.2374664208890781,6,99,1,0,99.23746642088908,1,6. M358-6 - Hamdia dek ali,0,0.9188754404786674,999,99,Ardo abdi gadweyne,1,6,,M358-7,0,1,0.5667802242507716,7,99,1,0,99.56678022425078,1,7. M358-7 - Ardo abdi gadweyne,0,0.041283746672313715,999,99,Ruqiya hassan abdi,1,6,,M358-8,0,1,0.10907681382328993,8,99,1,0,99.1090768138233,1,8. M358-8 - Ruqiya hassan abdi,0,0.4284158423309661,999,99,Ayan abdirahman Ahmed,1,6,,M358-9,0,1,0.8303689261507767,9,99,1,0,99.83036892615078,1,9. M358-9 - Ayan abdirahman Ahmed,0,0.9479552787312187,999,99,Fadumo Ahmed hassan,1,6,,M358-10,0,1,0.94097795500272,10,99,1,0,99.94097795500272,1,10. M358-10 - Fadumo Ahmed hassan,0,0.8412072267275933,999,99,Farhia Ahmed nuor,1,6,,M358-11,0,1,0.5842032686657889,11,99,1,0,99.58420326866579,1,11. M358-11 - Farhia Ahmed nuor,0,0.21212807192746164,999,99,Sureer mahamuod Ahmed,1,6,,M358-12,0,1,0.5825046681983318,12,99,1,0,99.58250466819833,1,12. M358-12 - Sureer mahamuod Ahmed,0,0.25808004296525555,999,99,,,,,,,,,,,,,,,,,,,,,,,,,,,,,,,,,,,,,,,,,,,,,,,,,,,,,,,,,,,,,,,,,,,,,,,,,,,,,1,199.7865060170806 0.208018987476996 199.2298423433574 99.70225166458758 99.33607675161129 99.23746642088908 99.56678022425078 99.1090768138233 99.83036892615078 99.94097795500272 99.58420326866579 99.58250466819833,1,3,10,9,4,11,1. M358_1 - Hinda Hassan Abdi,2. M358_2 - Raho hassan nuor,3. M358_3 - Fadumo Ahmed hassan,4. M358_4 - Ayan abdirahman Ahmed,5. M358_5 - Nimo dek mahamed,6. M358_6 - Farhia Ahmed nuor,,2,1 3 4 9 10 11,1. M358-1 - Hinda Hassan Abdi<br/>2. M358-2 - Nimo sheikh Abdi<br/>3. M358-3 - Raho hassan nuor<br/>4. M358-4 - Nimo dek mahamed<br/>5. M358-5 - Halimo mahamuod Abdilahi<br/>6. M358-6 - Hamdia dek ali<br/>7. M358-7 - Ardo abdi gadweyne<br/>8. M358-8 - Ruqiya hassan abdi<br/>9. M358-9 - Ayan abdirahman Ahmed<br/>10. M358-10 - Fadumo Ahmed hassan<br/>11. M358-11 - Farhia Ahmed nuor<br/>12. M358-12 - Sureer mahamuod Ahmed,6,,,,,,,,,,,,,No eligible spouse found.,0,,,uuid:f32f890e-907e-4c35-8682-9f4ee62bd055,2603230738,uuid:f32f890e-907e-4c35-8682-9f4ee62bd055
26-Mar-2026 08:02:27,25-Mar-2026 09:11:37,25-Mar-2026 22:40:49,16848f7fba76a71f,,llrp_team1,samsung|SM-X115|15|SurveyCTO Collect 2.81.5 (387e45a),636,,Muktar,Niman,Yahob,Yahob  01_1,M355,Horseed,8,TechLed,#1f4bd6,8,8,Farah abdiwahab osman,2,1,,M355-1,1,0,0.8623999957701773,1,1,99,0,199.86239999577018,1,1. M355-1 - Farah abdiwahab osman,0,0.7052997171133686,999,99,Seynab mahamed abdi,1,3,1,M355-2,1,0,0.1300801726284011,2,1,99,0.5,199.6300801726284,1,2. M355-2 - Seynab mahamed abdi,1,0.7429414451762281,0.1300801726284011,1,Amina mahamed abdi,1,5,1,M355-3,0,0,0.015684368015858596,3,99,99,0.5,0.5156843680158586,1,3. M355-3 - Amina mahamed abdi,0,0.47869202447620995,999,99,Fadumo sharif abdi,1,6,1,M355-4,0,1,0.4120327091847732,4,99,1,0.5,99.91203270918477,1,4. M355-4 - Fadumo sharif abdi,1,0.5004766488524193,0.4120327091847732,1,Ardo mahamed gas,1,6,1,M355-5,0,1,0.4411507337008491,5,99,1,0.5,99.94115073370085,1,5. M355-5 - Ardo mahamed gas,1,0.9505837285311666,0.4411507337008491,1,Abdiwahab sheik abdullahi,2,6,,M355-6,0,1,0.8552406215313336,6,99,1,0,99.85524062153134,1,6. M355-6 - Abdiwahab sheik abdullahi,0,0.8232083130463068,999,99,Abdinour bihi mahamed,2,6,,M355-7,0,1,0.4333802724730249,7,99,1,0,99.43338027247303,1,7. M355-7 - Abdinour bihi mahamed,0,0.7199945528011586,999,99,Abdullahi mohamed  Abdi,2,6,,M355-8,0,1,0.5393229787931049,8,99,1,0,99.53932297879311,1,8. M355-8 - Abdullahi mohamed  Abdi,0,0.2828538748358841,999,99,,,,,,,,,,,,,,,,,,,,,,,,,,,,,,,,,,,,,,,,,,,,,,,,,,,,,,,,,,,,,,,,,,,,,,,,,,,,,,,,,,,,,,,,,,,,,,,,,,,,,,,,,,,,,,,,,,,,,,,,,,,,,,,,,,,,,,,,,,,,,,,,,,,,,,,,,1,199.86239999577018 199.6300801726284 0.5156843680158586 99.91203270918477 99.94115073370085 99.85524062153134 99.43338027247303 99.53932297879311,1,2,5,4,6,8,1. M355_1 - Farah abdiwahab osman,2. M355_2 - Seynab mahamed abdi,3. M355_3 - Ardo mahamed gas,4. M355_4 - Fadumo sharif abdi,5. M355_5 - Abdiwahab sheik abdullahi,6. M355_6 - Abdullahi mohamed  Abdi,0.1300801726284011 0.4120327091847732 0.4411507337008491,2,1 2 4 5 6 8,1. M355-1 - Farah abdiwahab osman<br/>2. M355-2 - Seynab mahamed abdi<br/>3. M355-3 - Amina mahamed abdi<br/>4. M355-4 - Fadumo sharif abdi<br/>5. M355-5 - Ardo mahamed gas<br/>6. M355-6 - Abdiwahab sheik abdullahi<br/>7. M355-7 - Abdinour bihi mahamed<br/>8. M355-8 - Abdullahi mohamed  Abdi,6,5,4,2,Ardo mahamed gas,Fadumo sharif abdi,Seynab mahamed abdi,,2. Seynab mahamed abdi (Husband to be interviewed)<br/>,3. Ardo mahamed gas (Husband to be interviewed)<br/>,4. Fadumo sharif abdi (Husband to be interviewed)<br/>,,,"Husbands of Ardo mahamed gas, Fadumo sharif abdi and Seynab mahamed abdi must be interviewed (one may serve as replacement).",3,Seynab mahamed abdi (Replacement),⚠ Spouse interview required,uuid:7cbc8a66-1900-46db-aa79-0d22634d61e1,2603230738,uuid:7cbc8a66-1900-46db-aa79-0d22634d61e1
26-Mar-2026 08:05:16,25-Mar-2026 09:06:11,26-Mar-2026 07:26:13,7b083c6dbffcaebb,,llrp_team1,samsung|SM-X115|14|SurveyCTO Collect 2.81.5 (387e45a),507,,Muktar,Rahma,Yahob,Yahob 02_1,M359,Tawakal,8,HumanLed,#0a8f3c,8,8,Mahamud kalil kalif,2,1,,M359-1,1,0,0.04900907636035834,1,1,99,0,199.04900907636036,1,1. M359-1 - Mahamud kalil kalif,0,0.914920923856373,999,99,Nimco Ahmed mahamud,1,3,1,M359-2,1,0,0.09512160074151677,2,1,99,0.5,199.59512160074152,1,2. M359-2 - Nimco Ahmed mahamud,1,0.02281307672999089,0.09512160074151677,1,Abdi Arab Ahmed,2,5,,M359-3,0,0,0.24290411485268926,3,99,99,0,0.24290411485268926,1,3. M359-3 - Abdi Arab Ahmed,0,0.34198289209307764,999,99,Ibrahim mahamud kalil,2,4,,M359-4,1,0,0.18505502467820567,4,1,99,0,199.1850550246782,1,4. M359-4 - Ibrahim mahamud kalil,0,0.19553952874952962,999,99,Ardo Ahmed sarfa,1,6,1,M359-5,0,1,0.5516366194969231,5,99,1,0.5,100.05163661949692,1,5. M359-5 - Ardo Ahmed sarfa,1,0.8628378918682065,0.5516366194969231,1,Samira ibrahin mahamud,1,6,2,M359-6,0,1,0.8338259140190631,6,99,1,0,99.83382591401906,1,6. M359-6 - Samira ibrahin mahamud,0,0.8808727678097471,999,99,Hinda Ahmed muhumed,1,6,2,M359-7,0,1,0.7144609459305808,7,99,1,0,99.71446094593058,1,7. M359-7 - Hinda Ahmed muhumed,0,0.05011003495353383,999,99,Mahamed ibrahin abdisamed,2,6,,M359-8,0,1,0.06734621862707679,8,99,1,0,99.06734621862708,1,8. M359-8 - Mahamed ibrahin abdisamed,0,0.7764940727000696,999,99,,,,,,,,,,,,,,,,,,,,,,,,,,,,,,,,,,,,,,,,,,,,,,,,,,,,,,,,,,,,,,,,,,,,,,,,,,,,,,,,,,,,,,,,,,,,,,,,,,,,,,,,,,,,,,,,,,,,,,,,,,,,,,,,,,,,,,,,,,,,,,,,,,,,,,,,,1,199.04900907636036 199.59512160074152 0.24290411485268926 199.1850550246782 100.05163661949692 99.83382591401906 99.71446094593058 99.06734621862708,2,4,1,5,6,7,1. M359_1 - Nimco Ahmed mahamud,2. M359_2 - Ibrahim mahamud kalil,3. M359_3 - Mahamud kalil kalif,4. M359_4 - Ardo Ahmed sarfa,5. M359_5 - Samira ibrahin mahamud,6. M359_6 - Hinda Ahmed muhumed,0.09512160074151677 0.5516366194969231,3,1 2 4 5 6 7,1. M359-1 - Mahamud kalil kalif<br/>2. M359-2 - Nimco Ahmed mahamud<br/>3. M359-3 - Abdi Arab Ahmed<br/>4. M359-4 - Ibrahim mahamud kalil<br/>5. M359-5 - Ardo Ahmed sarfa<br/>6. M359-6 - Samira ibrahin mahamud<br/>7. M359-7 - Hinda Ahmed muhumed<br/>8. M359-8 - Mahamed ibrahin abdisamed,6,5,2,,Ardo Ahmed sarfa,Nimco Ahmed mahamud,,1. Nimco Ahmed mahamud (Husband to be interviewed)<br/>,,,4. Ardo Ahmed sarfa (Husband to be interviewed)<br/>,,,Husbands of Ardo Ahmed sarfa and Nimco Ahmed mahamud must be interviewed.,2,,⚠ Spouse interview required,uuid:ab42bc96-d8c7-47fe-b8b4-e3e42defbff8,2603230738,uuid:ab42bc96-d8c7-47fe-b8b4-e3e42defbff8
26-Mar-2026 17:49:47,26-Mar-2026 10:01:45,26-Mar-2026 11:32:53,77f1a9f1d6894071,,llrp_team1,samsung|SM-X115|15|SurveyCTO Collect 2.81.5 (387e45a),1137,,Daniel,Hakima,shabeley,shabeley 04_1,M346,hodan,12,TechLed,#1f4bd6,11,11,Fardowsa Hassan Muhumed,1,6,1,M346-1,0,1,0.1800175222193533,1,99,1,0.5,99.68001752221936,1,1. M346-1 - Fardowsa Hassan Muhumed,0,0.2678024268487166,999,99,Saredo Abdi Guled,1,1,1,M346-2,1,0,0.860516689432821,2,1,99,0.5,200.3605166894328,1,2. M346-2 - Saredo Abdi Guled,1,0.15248938233334708,0.860516689432821,1,Ismahan ow Daud,1,3,1,M346-3,1,0,0.8541045302113095,3,1,99,0.5,200.35410453021132,1,3. M346-3 - Ismahan ow Daud,1,0.3917253770350295,0.8541045302113095,1,Ugaso  Hassen Ahmed,1,4,1,M346-4,1,0,0.3734147529495728,4,1,99,0.5,199.87341475294957,1,4. M346-4 - Ugaso  Hassen Ahmed,1,0.7553932697092822,0.3734147529495728,1,Shugria Muse Hassen,1,6,1,M346-5,0,1,0.49873081147040665,5,99,1,0.5,99.99873081147041,1,5. M346-5 - Shugria Muse Hassen,1,0.8565108543694755,0.49873081147040665,1,Halimo Omer Muhumed,1,6,1,M346-6,0,1,0.38693540605559984,6,99,1,0.5,99.8869354060556,1,6. M346-6 - Halimo Omer Muhumed,0,0.43710530462385166,999,99,Quresh Muhumed Omer,1,6,1,M346-7,0,1,0.8591917331266357,7,99,1,0.5,100.35919173312664,1,7. M346-7 - Quresh Muhumed Omer,1,0.4430901515852601,0.8591917331266357,1,Hawo Ali Mohamud,1,2,1,M346-8,0,0,0.8993363483196732,8,99,99,0.5,1.3993363483196732,1,8. M346-8 - Hawo Ali Mohamud,0,0.11430989908717415,999,99,Amina Muhumed owhassen,1,6,1,M346-9,0,1,0.29285847029485335,9,99,1,0.5,99.79285847029486,1,9. M346-9 - Amina Muhumed owhassen,0,0.20622591505401588,999,99,Run Abdullahi Owdahir,1,6,1,M346-10,0,1,0.30817370656962284,10,99,1,0.5,99.80817370656962,1,10. M346-10 - Run Abdullahi Owdahir,0,0.8947638361340823,999,99,Shugria Muhumed Ali,1,6,1,M346-11,0,1,0.7225537262768686,11,99,1,0.5,100.22255372627687,1,11. M346-11 - Shugria Muhumed Ali,1,0.6583245239953155,0.7225537262768686,1,,,,,,,,,,,,,,,,,,,,,,,,,,,,,,,,,,,,,,,,,,,,,,,,,,,,,,,,,,,,,,,,,,,,,,,,,,,,,,,,,,,,,,,,,,,,,,,,1,99.68001752221936 200.3605166894328 200.35410453021132 199.87341475294957 99.99873081147041 99.8869354060556 100.35919173312664 1.3993363483196732 99.79285847029486 99.80817370656962 100.22255372627687,2,3,4,7,11,5,1. M346_1 - Saredo Abdi Guled,2. M346_2 - Ismahan ow Daud,3. M346_3 - Ugaso  Hassen Ahmed,4. M346_4 - Quresh Muhumed Omer,5. M346_5 - Shugria Muhumed Ali,6. M346_6 - Shugria Muse Hassen,0.860516689432821 0.8541045302113095 0.3734147529495728 0.49873081147040665 0.8591917331266357 0.7225537262768686,3,2 3 4 5 7 11,1. M346-1 - Fardowsa Hassan Muhumed<br/>2. M346-2 - Saredo Abdi Guled<br/>3. M346-3 - Ismahan ow Daud<br/>4. M346-4 - Ugaso  Hassen Ahmed<br/>5. M346-5 - Shugria Muse Hassen<br/>6. M346-6 - Halimo Omer Muhumed<br/>7. M346-7 - Quresh Muhumed Omer<br/>8. M346-8 - Hawo Ali Mohamud<br/>9. M346-9 - Amina Muhumed owhassen<br/>10. M346-10 - Run Abdullahi Owdahir<br/>11. M346-11 - Shugria Muhumed Ali,6,2,7,3,Saredo Abdi Guled,Quresh Muhumed Omer,Ismahan ow Daud,1. Saredo Abdi Guled (Husband to be interviewed)<br/>,2. Ismahan ow Daud (Husband to be interviewed)<br/>,,4. Quresh Muhumed Omer (Husband to be interviewed)<br/>,,,"Husbands of Saredo Abdi Guled, Quresh Muhumed Omer and Ismahan ow Daud must be interviewed (one may serve as replacement).",3,Ismahan ow Daud (Replacement),⚠ Spouse interview required,uuid:ce3f2d0b-341e-42a7-b3ba-8ae59ebb6d31,2603230738,uuid:ce3f2d0b-341e-42a7-b3ba-8ae59ebb6d31
26-Mar-2026 18:05:21,26-Mar-2026 14:07:45,26-Mar-2026 14:22:09,2ea1ffc601b2cdbf,,llrp_team1,samsung|SM-X115|14|SurveyCTO Collect 2.81.5 (387e45a),796,,Anteneh,Abdinasir,Daror,Rabaso_1,M61,Rasmi,14,TechLed,#1f4bd6,6,6,Hodan ahmed mohamed,1,6,1,M61-1,0,1,0.557799562833271,1,99,1,0.5,100.05779956283327,1,1. M61-1 - Hodan ahmed mohamed,1,0.743117574112816,0.557799562833271,1,Abdirahman mahamud muhumed,2,6,,M61-2,0,1,0.6032828122927852,2,99,1,0,99.60328281229279,1,2. M61-2 - Abdirahman mahamud muhumed,0,0.23612781566541596,999,99,Mahamud mahamed osman,2,6,,M61-3,0,1,0.6416921341291139,3,99,1,0,99.64169213412912,1,3. M61-3 - Mahamud mahamed osman,0,0.40079929359845823,999,99,Arda jirde farah,1,1,2,M61-4,1,0,0.21173455222309512,4,1,99,0,199.2117345522231,1,4. M61-4 - Arda jirde farah,0,0.8105347005603726,999,99,Amran ahmed mohamed,1,6,2,M61-5,0,1,0.1323373653339408,5,99,1,0,99.13233736533394,1,5. M61-5 - Amran ahmed mohamed,0,0.7773320464998404,999,99,Maymuna abdilahi hussein,1,6,1,M61-6,0,1,0.42827105873316174,6,99,1,0.5,99.92827105873316,1,6. M61-6 - Maymuna abdilahi hussein,1,0.767702610683922,0.42827105873316174,1,,,,,,,,,,,,,,,,,,,,,,,,,,,,,,,,,,,,,,,,,,,,,,,,,,,,,,,,,,,,,,,,,,,,,,,,,,,,,,,,,,,,,,,,,,,,,,,,,,,,,,,,,,,,,,,,,,,,,,,,,,,,,,,,,,,,,,,,,,,,,,,,,,,,,,,,,,,,,,,,,,,,,,,,,,,,,,,,,,,,,,,,,,,,,,,1,100.05779956283327 99.60328281229279 99.64169213412912 199.2117345522231 99.13233736533394 99.92827105873316,4,1,6,3,2,5,1. M61_1 - Arda jirde farah,2. M61_2 - Hodan ahmed mohamed,3. M61_3 - Maymuna abdilahi hussein,4. M61_4 - Mahamud mahamed osman,5. M61_5 - Abdirahman mahamud muhumed,6. M61_6 - Amran ahmed mohamed,0.557799562833271 0.42827105873316174,1,1 2 3 4 5 6,1. M61-1 - Hodan ahmed mohamed<br/>2. M61-2 - Abdirahman mahamud muhumed<br/>3. M61-3 - Mahamud mahamed osman<br/>4. M61-4 - Arda jirde farah<br/>5. M61-5 - Amran ahmed mohamed<br/>6. M61-6 - Maymuna abdilahi hussein,6,1,6,,Hodan ahmed mohamed,Maymuna abdilahi hussein,,,2. Hodan ahmed mohamed (Husband to be interviewed)<br/>,3. Maymuna abdilahi hussein (Husband to be interviewed)<br/>,,,,Husbands of Hodan ahmed mohamed and Maymuna abdilahi hussein must be interviewed.,2,,⚠ Spouse interview required,uuid:5cd3931c-cad7-437b-b301-1536865f018c,2603230738,uuid:5cd3931c-cad7-437b-b301-1536865f018c
26-Mar-2026 21:28:51,26-Mar-2026 09:47:19,26-Mar-2026 21:27:59,57b11f490a25fce6,,llrp_team1,samsung|SM-X115|15|SurveyCTO Collect 2.81.5 (387e45a),583,,Daniel,Hasen,shabeley,Lafta galoolka_1,M349,Daryeel,8,TechLed,#1f4bd6,8,8,Mahamud mahamed isa,2,6,,M349-1,0,1,0.6009518389020126,1,99,1,0,99.600951838902,1,1. M349-1 - Mahamud mahamed isa,0,0.9671368846859572,999,99,Abdi hasen adan,2,1,,M349-2,1,0,0.7951900551905433,2,1,99,0,199.79519005519055,1,2. M349-2 - Abdi hasen adan,0,0.6220415875882155,999,99,Mahamed umer yusuf,2,6,,M349-3,0,1,0.7991414214639726,3,99,1,0,99.79914142146397,1,3. M349-3 - Mahamed umer yusuf,0,0.3239669948690388,999,99,Hamse abdi mahamed,2,6,,M349-4,0,1,0.38482461986368344,4,99,1,0,99.38482461986368,1,4. M349-4 - Hamse abdi mahamed,0,0.24232627699698517,999,99,Ahmed abdi husen,2,5,,M349-5,0,0,0.11617028986839384,5,99,99,0,0.11617028986839384,1,5. M349-5 - Ahmed abdi husen,0,0.2963596874215243,999,99,"Ma,alin mahad salan",2,6,,M349-6,0,1,0.5128773958345695,6,99,1,0,99.51287739583456,1,"6. M349-6 - Ma,alin mahad salan",0,0.7369536434320035,999,99,Zaynaba ali abdilahi,2,6,,M349-7,0,1,0.5499615973304842,7,99,1,0,99.54996159733048,1,7. M349-7 - Zaynaba ali abdilahi,0,0.31576373806342517,999,99,Fatiya abdilahi hashi,1,3,1,M349-8,1,0,0.04013080278057646,8,1,99,0.5,199.54013080278057,1,8. M349-8 - Fatiya abdilahi hashi,1,0.6579925407871626,0.04013080278057646,1,,,,,,,,,,,,,,,,,,,,,,,,,,,,,,,,,,,,,,,,,,,,,,,,,,,,,,,,,,,,,,,,,,,,,,,,,,,,,,,,,,,,,,,,,,,,,,,,,,,,,,,,,,,,,,,,,,,,,,,,,,,,,,,,,,,,,,,,,,,,,,,,,,,,,,,,,1,99.600951838902 199.79519005519055 99.79914142146397 99.38482461986368 0.11617028986839384 99.51287739583456 99.54996159733048 199.54013080278057,2,8,3,1,7,6,1. M349_1 - Abdi hasen adan,2. M349_2 - Fatiya abdilahi hashi,3. M349_3 - Mahamed umer yusuf,4. M349_4 - Mahamud mahamed isa,5. M349_5 - Zaynaba ali abdilahi,"6. M349_6 - Ma,alin mahad salan",0.04013080278057646,2,1 2 3 6 7 8,"1. M349-1 - Mahamud mahamed isa<br/>2. M349-2 - Abdi hasen adan<br/>3. M349-3 - Mahamed umer yusuf<br/>4. M349-4 - Hamse abdi mahamed<br/>5. M349-5 - Ahmed abdi husen<br/>6. M349-6 - Ma,alin mahad salan<br/>7. M349-7 - Zaynaba ali abdilahi<br/>8. M349-8 - Fatiya abdilahi hashi",6,8,,,Fatiya abdilahi hashi,,,,2. Fatiya abdilahi hashi (Husband to be interviewed)<br/>,,,,,Husband of Fatiya abdilahi hashi must be interviewed.,1,,⚠ Spouse interview required,uuid:37b96a27-b590-4de8-a202-a0f37d202367,2603230738,uuid:37b96a27-b590-4de8-a202-a0f37d202367
26-Mar-2026 21:30:20,25-Mar-2026 16:48:15,26-Mar-2026 18:47:06,536368b28fdd5880,,llrp_team1,samsung|SM-X115|14|SurveyCTO Collect 2.81.5 (387e45a),621,,Daniel,Ahmed,Ayun,Cayun 02_2,M20,Wadicuman,12,Control,#d60000,11,11,Kayra mahamed dek,1,6,,M20-1,0,1,0.5049734184256506,1,99,1,0,99.50497341842565,1,1. M20-1 - Kayra mahamed dek,0,0.9248643195554259,999,99,Fadumo Arab abdi,1,6,,M20-2,0,1,0.22840945280893266,2,99,1,0,99.22840945280893,1,2. M20-2 - Fadumo Arab abdi,0,0.31618941465289085,999,99,Suleka muhumed hassen,1,6,,M20-3,0,1,0.3951035376503681,3,99,1,0,99.39510353765037,1,3. M20-3 - Suleka muhumed hassen,0,0.23229849192892138,999,99,Busharo kamil abdi,1,6,,M20-4,0,1,0.13288014097947287,4,99,1,0,99.13288014097947,1,4. M20-4 - Busharo kamil abdi,0,0.1003596430783773,999,99,Ardo mahamed mahamud,1,6,,M20-5,0,1,0.2644347476838457,5,99,1,0,99.26443474768385,1,5. M20-5 - Ardo mahamed mahamud,0,0.9873525398514967,999,99,Farhiya dek farah,1,6,,M20-6,0,1,0.28738191921020995,6,99,1,0,99.2873819192102,1,6. M20-6 - Farhiya dek farah,0,0.3947999363469571,999,99,Bisharo rashid korane,1,5,,M20-7,0,0,0.8472420794160292,7,99,99,0,0.8472420794160292,1,7. M20-7 - Bisharo rashid korane,0,0.7042348410864014,999,99,Abshiro amriye omar,1,4,,M20-8,1,0,0.14011311186283293,8,1,99,0,199.14011311186283,1,8. M20-8 - Abshiro amriye omar,0,0.7011792931141068,999,99,Dalbila shafi hassen,1,1,,M20-9,1,0,0.7670576366079301,9,1,99,0,199.76705763660792,1,9. M20-9 - Dalbila shafi hassen,0,0.8904327742831109,999,99,Jeclad shafi hassen,1,6,,M20-10,0,1,0.14782764994476372,10,99,1,0,99.14782764994476,1,10. M20-10 - Jeclad shafi hassen,0,0.9137850796635214,999,99,Rahma abdi dheh,1,3,,M20-11,1,0,0.11420097886367064,11,1,99,0,199.11420097886366,1,11. M20-11 - Rahma abdi dheh,0,0.6024480007868085,999,99,,,,,,,,,,,,,,,,,,,,,,,,,,,,,,,,,,,,,,,,,,,,,,,,,,,,,,,,,,,,,,,,,,,,,,,,,,,,,,,,,,,,,,,,,,,,,,,,1,99.50497341842565 99.22840945280893 99.39510353765037 99.13288014097947 99.26443474768385 99.2873819192102 0.8472420794160292 199.14011311186283 199.76705763660792 99.14782764994476 199.11420097886366,9,8,11,1,3,6,1. M20_1 - Dalbila shafi hassen,2. M20_2 - Abshiro amriye omar,3. M20_3 - Rahma abdi dheh,4. M20_4 - Kayra mahamed dek,5. M20_5 - Suleka muhumed hassen,6. M20_6 - Farhiya dek farah,,3,1 3 6 8 9 11,1. M20-1 - Kayra mahamed dek<br/>2. M20-2 - Fadumo Arab abdi<br/>3. M20-3 - Suleka muhumed hassen<br/>4. M20-4 - Busharo kamil abdi<br/>5. M20-5 - Ardo mahamed mahamud<br/>6. M20-6 - Farhiya dek farah<br/>7. M20-7 - Bisharo rashid korane<br/>8. M20-8 - Abshiro amriye omar<br/>9. M20-9 - Dalbila shafi hassen<br/>10. M20-10 - Jeclad shafi hassen<br/>11. M20-11 - Rahma abdi dheh,6,,,,,,,,,,,,,No eligible spouse found.,0,,,uuid:e2154551-11e5-4ec5-9f3d-0a4cec619ebf,2603230738,uuid:e2154551-11e5-4ec5-9f3d-0a4cec619ebf
26-Mar-2026 22:19:10,26-Mar-2026 09:19:41,26-Mar-2026 22:17:57,15aee2f9fc7423e8,,llrp_team1,samsung|SM-X115|15|SurveyCTO Collect 2.81.5 (387e45a),884,,Anteneh,Abdirezaq,Denan,koodwanaag_1,M91,Alnasri,16,Control,#d60000,13,13,Abshir Farah malin Muhammad,2,6,,M91-1,0,1,0.6451847219342369,1,99,1,0,99.64518472193424,1,1. M91-1 - Abshir Farah malin Muhammad,0,0.21998518110056797,999,99,Omer olad abdi,2,6,,M91-2,0,1,0.7654147820132474,2,99,1,0,99.76541478201325,1,2. M91-2 - Omer olad abdi,0,0.5725546680184439,999,99,Tasir sheek abdi Hiirsi,2,4,,M91-3,1,0,0.0817551075078885,3,1,99,0,199.0817551075079,1,3. M91-3 - Tasir sheek abdi Hiirsi,0,0.40958867710132896,999,99,Irshad Hassan sheek dahir,2,5,,M91-4,0,0,0.3011896627957482,4,99,99,0,0.3011896627957482,1,4. M91-4 - Irshad Hassan sheek dahir,0,0.7696455682161443,999,99,Miir shafii keydsane,2,6,,M91-5,0,1,0.9137851772587486,5,99,1,0,99.91378517725875,1,5. M91-5 - Miir shafii keydsane,0,0.3446378735246697,999,99,Haji Hassan malin Muhammad,2,1,,M91-6,1,0,0.4912640175250851,6,1,99,0,199.49126401752508,1,6. M91-6 - Haji Hassan malin Muhammad,0,0.1353338677414362,999,99,Halimo maliin sahal,1,6,,M91-7,0,1,0.2922997356306871,7,99,1,0,99.29229973563069,1,7. M91-7 - Halimo maliin sahal,0,0.36680491435761275,999,99,Sareedo shafii keydsane,1,6,,M91-8,0,1,0.2167090358625341,8,99,1,0,99.21670903586254,1,8. M91-8 - Sareedo shafii keydsane,0,0.5565265115328265,999,99,Sadiya sheek Muhammad,1,6,,M91-9,0,1,0.6755283789517023,9,99,1,0,99.6755283789517,1,9. M91-9 - Sadiya sheek Muhammad,0,0.2587652098898021,999,99,Iqra haji Hassan malin,1,3,,M91-10,1,0,0.3570227506816551,10,1,99,0,199.35702275068167,1,10. M91-10 - Iqra haji Hassan malin,0,0.8117443548628042,999,99,Sowda abdikader sheek Muhammad,1,2,,M91-11,0,0,0.49126672217557876,11,99,99,0,0.49126672217557876,1,11. M91-11 - Sowda abdikader sheek Muhammad,0,0.6242284120733569,999,99,Ifrah Hassan Muhammad,1,6,,M91-12,0,1,0.2599792485514949,12,99,1,0,99.25997924855149,1,12. M91-12 - Ifrah Hassan Muhammad,0,0.9065789373512786,999,99,Amina  Hassan malin,1,6,,M91-13,0,1,0.8163206069268638,13,99,1,0,99.81632060692687,1,13. M91-13 - Amina  Hassan malin,0,0.7946120086892725,999,99,,,,,,,,,,,,,,,,,,,,,,,,,,,,,,,,,,,,,,,,,,,,,,,,,,,,,,,,,,1,99.64518472193424 99.76541478201325 199.0817551075079 0.3011896627957482 99.91378517725875 199.49126401752508 99.29229973563069 99.21670903586254 99.6755283789517 199.35702275068167 0.49126672217557876 99.25997924855149 99.81632060692687,6,10,3,5,13,2,1. M91_1 - Haji Hassan malin Muhammad,2. M91_2 - Iqra haji Hassan malin,3. M91_3 - Tasir sheek abdi Hiirsi,4. M91_4 - Miir shafii keydsane,5. M91_5 - Amina  Hassan malin,6. M91_6 - Omer olad abdi,,3,2 3 5 6 10 13,1. M91-1 - Abshir Farah malin Muhammad<br/>2. M91-2 - Omer olad abdi<br/>3. M91-3 - Tasir sheek abdi Hiirsi<br/>4. M91-4 - Irshad Hassan sheek dahir<br/>5. M91-5 - Miir shafii keydsane<br/>6. M91-6 - Haji Hassan malin Muhammad<br/>7. M91-7 - Halimo maliin sahal<br/>8. M91-8 - Sareedo shafii keydsane<br/>9. M91-9 - Sadiya sheek Muhammad<br/>10. M91-10 - Iqra haji Hassan malin<br/>11. M91-11 - Sowda abdikader sheek Muhammad<br/>12. M91-12 - Ifrah Hassan Muhammad<br/>13. M91-13 - Amina  Hassan malin,6,,,,,,,,,,,,,No eligible spouse found.,0,,,uuid:8ca93fc4-62e1-431d-8b08-f62eab50481f,2603230738,uuid:8ca93fc4-62e1-431d-8b08-f62eab50481f
26-Mar-2026 22:28:27,26-Mar-2026 12:57:37,26-Mar-2026 21:43:09,31d542a9aea3f2c5,,llrp_team1,Lenovo|Lenovo TB-8504F|8.1.0|SurveyCTO Collect 2.81.5 (387e45a),737,,Anteneh,Abdilahi,Denan,Qora_1,M92,Janogaban,13,Control,#d60000,8,8,Gurney olad abdi,2,6,,M92-1,0,1,0.4937673203363282,1,99,1,0,99.49376732033633,1,1. M92-1 - Gurney olad abdi,0,0.4187823397080862,999,99,Abshiro Abdi moalim,1,6,,M92-2,0,1,0.04140970474220984,2,99,1,0,99.04140970474221,1,2. M92-2 - Abshiro Abdi moalim,0,0.3872436289132051,999,99,"Sa,da Mohammed wayrah",1,6,,M92-3,0,1,0.009401550503694844,3,99,1,0,99.0094015505037,1,"3. M92-3 - Sa,da Mohammed wayrah",0,0.8462085182537855,999,99,Ardo sharif aden,1,6,,M92-4,0,1,0.9440715975929197,4,99,1,0,99.94407159759292,1,4. M92-4 - Ardo sharif aden,0,0.8383285808868988,999,99,Bashir Farah mohamud,2,2,,M92-5,1,0,0.5468909517367783,5,1,99,0,199.54689095173677,1,5. M92-5 - Bashir Farah mohamud,0,0.048534473965251124,999,99,Ahmed Hussen Abdile,2,6,,M92-6,0,1,0.8565352540085156,6,99,1,0,99.85653525400852,1,6. M92-6 - Ahmed Hussen Abdile,0,0.9118147496141945,999,99,Fihim moalim Abdulahi,1,6,,M92-7,0,1,0.2508206493188957,7,99,1,0,99.2508206493189,1,7. M92-7 - Fihim moalim Abdulahi,0,0.7784874308876931,999,99,Samira Abdi hayi,1,6,,M92-8,0,1,0.5108806973810759,8,99,1,0,99.51088069738108,1,8. M92-8 - Samira Abdi hayi,0,0.545097405480583,999,99,,,,,,,,,,,,,,,,,,,,,,,,,,,,,,,,,,,,,,,,,,,,,,,,,,,,,,,,,,,,,,,,,,,,,,,,,,,,,,,,,,,,,,,,,,,,,,,,,,,,,,,,,,,,,,,,,,,,,,,,,,,,,,,,,,,,,,,,,,,,,,,,,,,,,,,,,0,99.49376732033633 99.04140970474221 99.0094015505037 99.94407159759292 199.54689095173677 99.85653525400852 99.2508206493189 99.51088069738108,5,4,6,8,1,7,1. M92_1 - Bashir Farah mohamud,2. M92_2 - Ardo sharif aden,3. M92_3 - Ahmed Hussen Abdile,4. M92_4 - Samira Abdi hayi,5. M92_5 - Gurney olad abdi,6. M92_6 - Fihim moalim Abdulahi,,1,1 4 5 6 7 8,"1. M92-1 - Gurney olad abdi<br/>2. M92-2 - Abshiro Abdi moalim<br/>3. M92-3 - Sa,da Mohammed wayrah<br/>4. M92-4 - Ardo sharif aden<br/>5. M92-5 - Bashir Farah mohamud<br/>6. M92-6 - Ahmed Hussen Abdile<br/>7. M92-7 - Fihim moalim Abdulahi<br/>8. M92-8 - Samira Abdi hayi",6,,,,,,,,,,,,,No eligible spouse found.,0,,,uuid:07427e3c-92d4-466b-af45-fb57665c5cd2,2603230738,uuid:07427e3c-92d4-466b-af45-fb57665c5cd2
26-Mar-2026 22:32:33,25-Mar-2026 09:33:08,26-Mar-2026 09:51:27,7697c74e25302763,,llrp_team1,samsung|SM-X115|15|SurveyCTO Collect 2.81.4 (461ba40),361,,Daniel,Idil,shabeley,shabeley 2_1,M344,barwaaqo,12,Control,#d60000,8,8,Zyada Ahmed Ibrahim,1,1,,M344-1,1,0,0.3727895262237473,1,1,99,0,199.37278952622376,1,1. M344-1 - Zyada Ahmed Ibrahim,0,0.991719590637063,999,99,Abdihakin ali mahmmud,2,6,,M344-2,0,1,0.8663604558771184,2,99,1,0,99.86636045587711,1,2. M344-2 - Abdihakin ali mahmmud,0,0.7476447012170843,999,99,Ahmed hassen abdi,2,6,,M344-3,0,1,0.6391944006648035,3,99,1,0,99.6391944006648,1,3. M344-3 - Ahmed hassen abdi,0,0.8203183133726912,999,99,Farhan Ali muhummed,2,6,,M344-4,0,1,0.9920314863937544,4,99,1,0,99.99203148639376,1,4. M344-4 - Farhan Ali muhummed,0,0.19016190401454036,999,99,Yurub fayesal abdi,1,6,,M344-5,0,1,0.45474654087070343,5,99,1,0,99.4547465408707,1,5. M344-5 - Yurub fayesal abdi,0,0.13421625518159086,999,99,Hinda ziad kariye,1,3,,M344-6,1,0,0.5196906431593613,6,1,99,0,199.51969064315935,1,6. M344-6 - Hinda ziad kariye,0,0.9311689352301896,999,99,Amran abdirahman jibril,1,6,,M344-7,0,1,0.24892132061202643,7,99,1,0,99.24892132061203,1,7. M344-7 - Amran abdirahman jibril,0,0.5730042021496438,999,99,Fozia abdi ali,1,6,,M344-8,0,1,0.3740080907100841,8,99,1,0,99.37400809071008,1,8. M344-8 - Fozia abdi ali,0,0.7839024544045963,999,99,,,,,,,,,,,,,,,,,,,,,,,,,,,,,,,,,,,,,,,,,,,,,,,,,,,,,,,,,,,,,,,,,,,,,,,,,,,,,,,,,,,,,,,,,,,,,,,,,,,,,,,,,,,,,,,,,,,,,,,,,,,,,,,,,,,,,,,,,,,,,,,,,,,,,,,,,1,199.37278952622376 99.86636045587711 99.6391944006648 99.99203148639376 99.4547465408707 199.51969064315935 99.24892132061203 99.37400809071008,6,1,4,2,3,5,1. M344_1 - Hinda ziad kariye,2. M344_2 - Zyada Ahmed Ibrahim,3. M344_3 - Farhan Ali muhummed,4. M344_4 - Abdihakin ali mahmmud,5. M344_5 - Ahmed hassen abdi,6. M344_6 - Yurub fayesal abdi,,2,1 2 3 4 5 6,1. M344-1 - Zyada Ahmed Ibrahim<br/>2. M344-2 - Abdihakin ali mahmmud<br/>3. M344-3 - Ahmed hassen abdi<br/>4. M344-4 - Farhan Ali muhummed<br/>5. M344-5 - Yurub fayesal abdi<br/>6. M344-6 - Hinda ziad kariye<br/>7. M344-7 - Amran abdirahman jibril<br/>8. M344-8 - Fozia abdi ali,6,,,,,,,,,,,,,No eligible spouse found.,0,,,uuid:c4a24438-1e3a-470c-aca1-463195f48e0a,2603230738,uuid:c4a24438-1e3a-470c-aca1-463195f48e0a
26-Mar-2026 22:32:33,25-Mar-2026 12:11:28,26-Mar-2026 14:25:36,7697c74e25302763,,llrp_team1,samsung|SM-X115|15|SurveyCTO Collect 2.81.4 (461ba40),745,,Daniel,Mehamud,shabeley,shabeley 1_1,M343,Tawakal,9,HumanLed,#0a8f3c,9,9,Nimo Adan Ahmed,1,6,1,M343-1,0,1,0.17351779023961922,1,99,1,0.5,99.67351779023961,1,1. M343-1 - Nimo Adan Ahmed,0,0.680280475722095,999,99,Nimo ismail Ahmed,1,6,1,M343-2,0,1,0.8289929033078484,2,99,1,0.5,100.32899290330785,1,2. M343-2 - Nimo ismail Ahmed,1,0.1458360912604033,0.8289929033078484,1,Arda mohmed barud,1,6,1,M343-3,0,1,0.14734279845111387,3,99,1,0.5,99.64734279845112,1,3. M343-3 - Arda mohmed barud,0,0.4221075227758486,999,99,Fatha hashi ali,1,3,1,M343-4,1,0,0.07240227830087143,4,1,99,0.5,199.57240227830087,1,4. M343-4 - Fatha hashi ali,1,0.487976554275952,0.07240227830087143,1,Nafiso Muhammed Ahmed,1,6,1,M343-5,0,1,0.3671136303272877,5,99,1,0.5,99.86711363032728,1,5. M343-5 - Nafiso Muhammed Ahmed,1,0.913292663891057,0.3671136303272877,1,Deka ahmed omer,1,6,1,M343-6,0,1,0.7396917591250136,6,99,1,0.5,100.23969175912501,1,6. M343-6 - Deka ahmed omer,1,0.3373392438480751,0.7396917591250136,1,Ifrah tayib muse,1,6,1,M343-7,0,1,0.0011544632031498248,7,99,1,0.5,99.50115446320315,1,7. M343-7 - Ifrah tayib muse,0,0.0037542712041708226,999,99,Haweya mohamed muhummed,1,1,1,M343-8,1,0,0.892513072326607,8,1,99,0.5,200.3925130723266,1,8. M343-8 - Haweya mohamed muhummed,1,0.9091783988741146,0.892513072326607,1,Layela hassen abdullahi,1,6,1,M343-9,0,1,0.21456694353213113,9,99,1,0.5,99.71456694353213,1,9. M343-9 - Layela hassen abdullahi,1,0.8597699253636981,0.21456694353213113,1,,,,,,,,,,,,,,,,,,,,,,,,,,,,,,,,,,,,,,,,,,,,,,,,,,,,,,,,,,,,,,,,,,,,,,,,,,,,,,,,,,,,,,,,,,,,,,,,,,,,,,,,,,,,,,,,,,,,,,,,,,,,,,,,,,,,,,1,99.67351779023961 100.32899290330785 99.64734279845112 199.57240227830087 99.86711363032728 100.23969175912501 99.50115446320315 200.3925130723266 99.71456694353213,8,4,2,6,5,9,1. M343_1 - Haweya mohamed muhummed,2. M343_2 - Fatha hashi ali,3. M343_3 - Nimo ismail Ahmed,4. M343_4 - Deka ahmed omer,5. M343_5 - Nafiso Muhammed Ahmed,6. M343_6 - Layela hassen abdullahi,0.8289929033078484 0.07240227830087143 0.3671136303272877 0.7396917591250136 0.892513072326607 0.21456694353213113,2,2 4 5 6 8 9,1. M343-1 - Nimo Adan Ahmed<br/>2. M343-2 - Nimo ismail Ahmed<br/>3. M343-3 - Arda mohmed barud<br/>4. M343-4 - Fatha hashi ali<br/>5. M343-5 - Nafiso Muhammed Ahmed<br/>6. M343-6 - Deka ahmed omer<br/>7. M343-7 - Ifrah tayib muse<br/>8. M343-8 - Haweya mohamed muhummed<br/>9. M343-9 - Layela hassen abdullahi,6,8,2,6,Haweya mohamed muhummed,Nimo ismail Ahmed,Deka ahmed omer,1. Haweya mohamed muhummed (Husband to be interviewed)<br/>,,3. Nimo ismail Ahmed (Husband to be interviewed)<br/>,4. Deka ahmed omer (Husband to be interviewed)<br/>,,,"Husbands of Haweya mohamed muhummed, Nimo ismail Ahmed and Deka ahmed omer must be interviewed (one may serve as replacement).",3,Deka ahmed omer (Replacement),⚠ Spouse interview required,uuid:8634ff0d-dc32-4c13-9489-b223a82166ae,2603230738,uuid:8634ff0d-dc32-4c13-9489-b223a82166ae
27-Mar-2026 05:54:57,26-Mar-2026 10:03:15,27-Mar-2026 05:54:32,8f3862932650ecd7,,llrp_team1,samsung|SM-X115|15|SurveyCTO Collect 2.81.4 (461ba40),889,,Anteneh,Mohamed,Daror,Daroor 01_1,M66,Midnimo,10,TechLed,#1f4bd6,10,10,Ahmed indiris Adan,2,1,,M66-1,1,0,0.11117595899947075,1,1,99,0,199.11117595899947,1,1. M66-1 - Ahmed indiris Adan,0,0.059539227793195204,999,99,Hinda Adan Mahamed,1,6,2,M66-2,0,1,0.711859308204828,2,99,1,0,99.71185930820482,1,2. M66-2 - Hinda Adan Mahamed,0,0.5294881712042859,999,99,Mahamed ibrahin Mahamed,2,5,,M66-3,0,0,0.8239710161953501,3,99,99,0,0.8239710161953501,1,3. M66-3 - Mahamed ibrahin Mahamed,0,0.2368358918976715,999,99,Halimo Abdi Abdile,1,6,2,M66-4,0,1,0.4998175640844815,4,99,1,0,99.49981756408448,1,4. M66-4 - Halimo Abdi Abdile,0,0.3367359489240158,999,99,Hamse Osman Haybe,2,6,,M66-5,0,1,0.7888061253084697,5,99,1,0,99.78880612530847,1,5. M66-5 - Hamse Osman Haybe,0,0.5333177449710339,999,99,Safia Jamac Hussein,1,3,1,M66-6,1,0,0.857714204884374,6,1,99,0.5,200.35771420488436,1,6. M66-6 - Safia Jamac Hussein,1,0.2204880034063743,0.857714204884374,1,Milgo Aar Hasan,1,6,2,M66-7,0,1,0.8392012216234152,7,99,1,0,99.83920122162341,1,7. M66-7 - Milgo Aar Hasan,0,0.28674955298934923,999,99,Najma yousuf dagaal,1,6,2,M66-8,0,1,0.4297170161367768,8,99,1,0,99.42971701613678,1,8. M66-8 - Najma yousuf dagaal,0,0.9066021147284858,999,99,Kadra faisel Ahmed,1,6,2,M66-9,0,1,0.32233872208405967,9,99,1,0,99.32233872208406,1,9. M66-9 - Kadra faisel Ahmed,0,0.7599012258563408,999,99,Abdifatah abdillahi mattan,2,6,,M66-10,0,1,0.2414984473243985,10,99,1,0,99.2414984473244,1,10. M66-10 - Abdifatah abdillahi mattan,0,0.13367744129870784,999,99,,,,,,,,,,,,,,,,,,,,,,,,,,,,,,,,,,,,,,,,,,,,,,,,,,,,,,,,,,,,,,,,,,,,,,,,,,,,,,,,,,,,,,,,,,,,,,,,,,,,,,,,,,,,,,,,,,,1,199.11117595899947 99.71185930820482 0.8239710161953501 99.49981756408448 99.78880612530847 200.35771420488436 99.83920122162341 99.42971701613678 99.32233872208406 99.2414984473244,6,1,7,5,2,4,1. M66_1 - Safia Jamac Hussein,2. M66_2 - Ahmed indiris Adan,3. M66_3 - Milgo Aar Hasan,4. M66_4 - Hamse Osman Haybe,5. M66_5 - Hinda Adan Mahamed,6. M66_6 - Halimo Abdi Abdile,0.857714204884374,2,1 2 4 5 6 7,1. M66-1 - Ahmed indiris Adan<br/>2. M66-2 - Hinda Adan Mahamed<br/>3. M66-3 - Mahamed ibrahin Mahamed<br/>4. M66-4 - Halimo Abdi Abdile<br/>5. M66-5 - Hamse Osman Haybe<br/>6. M66-6 - Safia Jamac Hussein<br/>7. M66-7 - Milgo Aar Hasan<br/>8. M66-8 - Najma yousuf dagaal<br/>9. M66-9 - Kadra faisel Ahmed<br/>10. M66-10 - Abdifatah abdillahi mattan,6,6,,,Safia Jamac Hussein,,,1. Safia Jamac Hussein (Husband to be interviewed)<br/>,,,,,,Husband of Safia Jamac Hussein must be interviewed.,1,,⚠ Spouse interview required,uuid:8b820d05-9895-4e6a-8579-d0a919a77e83,2603230738,uuid:8b820d05-9895-4e6a-8579-d0a919a77e83
27-Mar-2026 07:07:36,26-Mar-2026 09:23:14,27-Mar-2026 05:45:00,84a08d6ca764cc04,,llrp_team1,samsung|SM-X115|15|SurveyCTO Collect 2.81.5 (387e45a),394,,Anteneh,Osman,Denan,kebele 02_1,M100,Kali,8,HumanLed,#0a8f3c,7,7,Bari Wairah Abdi,2,6,,M100-1,0,1,0.43349526532003957,1,99,1,0,99.43349526532003,1,1. M100-1 - Bari Wairah Abdi,0,0.19894511676048843,999,99,Abdikariem Haji Wali,2,1,,M100-2,1,0,0.17815489227484038,2,1,99,0,199.17815489227485,1,2. M100-2 - Abdikariem Haji Wali,0,0.08184522239391723,999,99,Fardusa Ahmed Abdulahi,1,3,1,M100-3,1,0,0.5992553670500853,3,1,99,0.5,200.0992553670501,1,3. M100-3 - Fardusa Ahmed Abdulahi,1,0.6961973735306116,0.5992553670500853,1,Abdirahman Abdi Ali,2,6,,M100-4,0,1,0.6226584561419164,4,99,1,0,99.62265845614192,1,4. M100-4 - Abdirahman Abdi Ali,0,0.46402271737645073,999,99,Abdirasak Dayib Mohamed,2,6,,M100-5,0,1,0.8902710171048731,5,99,1,0,99.89027101710488,1,5. M100-5 - Abdirasak Dayib Mohamed,0,0.793834242512785,999,99,Ahmed Wali Aden,2,2,,M100-6,0,0,0.00859828896870396,6,99,99,0,0.00859828896870396,1,6. M100-6 - Ahmed Wali Aden,0,0.12966508019997125,999,99,Mohamed Nur Abdi,2,6,,M100-7,0,1,0.9102279126946982,7,99,1,0,99.9102279126947,1,7. M100-7 - Mohamed Nur Abdi,0,0.9289244982767016,999,99,,,,,,,,,,,,,,,,,,,,,,,,,,,,,,,,,,,,,,,,,,,,,,,,,,,,,,,,,,,,,,,,,,,,,,,,,,,,,,,,,,,,,,,,,,,,,,,,,,,,,,,,,,,,,,,,,,,,,,,,,,,,,,,,,,,,,,,,,,,,,,,,,,,,,,,,,,,,,,,,,,,,,,,,,,,,1,99.43349526532003 199.17815489227485 200.0992553670501 99.62265845614192 99.89027101710488 0.00859828896870396 99.9102279126947,3,2,7,5,4,1,1. M100_1 - Fardusa Ahmed Abdulahi,2. M100_2 - Abdikariem Haji Wali,3. M100_3 - Mohamed Nur Abdi,4. M100_4 - Abdirasak Dayib Mohamed,5. M100_5 - Abdirahman Abdi Ali,6. M100_6 - Bari Wairah Abdi,0.5992553670500853,2,1 2 3 4 5 7,1. M100-1 - Bari Wairah Abdi<br/>2. M100-2 - Abdikariem Haji Wali<br/>3. M100-3 - Fardusa Ahmed Abdulahi<br/>4. M100-4 - Abdirahman Abdi Ali<br/>5. M100-5 - Abdirasak Dayib Mohamed<br/>6. M100-6 - Ahmed Wali Aden<br/>7. M100-7 - Mohamed Nur Abdi,6,3,,,Fardusa Ahmed Abdulahi,,,1. Fardusa Ahmed Abdulahi (Husband to be interviewed)<br/>,,,,,,Husband of Fardusa Ahmed Abdulahi must be interviewed.,1,,⚠ Spouse interview required,uuid:4f14f4be-6d47-4d1f-81d9-4744b6775236,2603230738,uuid:4f14f4be-6d47-4d1f-81d9-4744b6775236
27-Mar-2026 07:48:55,26-Mar-2026 11:20:30,26-Mar-2026 18:26:19,4eeefaf360cd4a3a,,llrp_team1,samsung|SM-X115|15|SurveyCTO Collect 2.81.5 (387e45a),1004,,Muktar,Hasen,Yahob,Buuxiso_1,M360,Qarsoon,10,TechLed,#1f4bd6,8,8,Mahamed nur du'ale,2,3,,M360-1,1,0,0.22365966623301048,1,1,99,0,199.223659666233,1,1. M360-1 - Mahamed nur du'ale,0,0.3125660070635653,999,99,Abdirahman  mahamed abdulahi,2,1,,M360-2,1,0,0.48271958027105777,2,1,99,0,199.48271958027107,1,2. M360-2 - Abdirahman  mahamed abdulahi,0,0.7785362859871982,999,99,Habsa kaldir ahmed,1,6,1,M360-3,0,1,0.882278491733151,3,99,1,0.5,100.38227849173315,1,3. M360-3 - Habsa kaldir ahmed,1,0.6963057320801534,0.882278491733151,1,Bashir rabi muhumed,2,4,,M360-4,1,0,0.8265546142841144,4,1,99,0,199.8265546142841,1,4. M360-4 - Bashir rabi muhumed,0,0.6367400806581147,999,99,Abdulahi hassen ahmed,2,6,,M360-5,0,1,0.4400371041113703,5,99,1,0,99.44003710411137,1,5. M360-5 - Abdulahi hassen ahmed,0,0.2068930056896725,999,99,Amina ahmed aden,1,6,1,M360-6,0,1,0.1995466214625068,6,99,1,0.5,99.6995466214625,1,6. M360-6 - Amina ahmed aden,1,0.12209511078637891,0.1995466214625068,1,Aden mahamed ali,2,6,,M360-7,0,1,0.29172081912640413,7,99,1,0,99.29172081912641,1,7. M360-7 - Aden mahamed ali,0,0.12947095239344653,999,99,Raho muhumed omar,1,6,2,M360-8,0,1,0.369676911497806,8,99,1,0,99.3696769114978,1,8. M360-8 - Raho muhumed omar,0,0.8321489775252856,999,99,,,,,,,,,,,,,,,,,,,,,,,,,,,,,,,,,,,,,,,,,,,,,,,,,,,,,,,,,,,,,,,,,,,,,,,,,,,,,,,,,,,,,,,,,,,,,,,,,,,,,,,,,,,,,,,,,,,,,,,,,,,,,,,,,,,,,,,,,,,,,,,,,,,,,,,,,1,199.223659666233 199.48271958027107 100.38227849173315 199.8265546142841 99.44003710411137 99.6995466214625 99.29172081912641 99.3696769114978,4,2,1,3,6,5,1. M360_1 - Bashir rabi muhumed,2. M360_2 - Abdirahman  mahamed abdulahi,3. M360_3 - Mahamed nur du'ale,4. M360_4 - Habsa kaldir ahmed,5. M360_5 - Amina ahmed aden,6. M360_6 - Abdulahi hassen ahmed,0.882278491733151 0.1995466214625068,3,1 2 3 4 5 6,1. M360-1 - Mahamed nur du'ale<br/>2. M360-2 - Abdirahman  mahamed abdulahi<br/>3. M360-3 - Habsa kaldir ahmed<br/>4. M360-4 - Bashir rabi muhumed<br/>5. M360-5 - Abdulahi hassen ahmed<br/>6. M360-6 - Amina ahmed aden<br/>7. M360-7 - Aden mahamed ali<br/>8. M360-8 - Raho muhumed omar,6,3,6,,Habsa kaldir ahmed,Amina ahmed aden,,,,,4. Habsa kaldir ahmed (Husband to be interviewed)<br/>,5. Amina ahmed aden (Husband to be interviewed)<br/>,,Husbands of Habsa kaldir ahmed and Amina ahmed aden must be interviewed.,2,,⚠ Spouse interview required,uuid:405e40c1-8b64-45c3-8cf7-04cb370179a1,2603230738,uuid:405e40c1-8b64-45c3-8cf7-04cb370179a1
27-Mar-2026 07:50:47,26-Mar-2026 11:02:31,26-Mar-2026 18:04:15,16848f7fba76a71f,,llrp_team1,samsung|SM-X115|15|SurveyCTO Collect 2.81.5 (387e45a),885,,Muktar,Niman,Yahob,Dabshid_1,M357,Xalaal,9,HumanLed,#0a8f3c,10,10,Abdishafi mohamed owAbdi,2,1,,M357-1,1,0,0.2774297307348266,1,1,99,0,199.27742973073484,1,1. M357-1 - Abdishafi mohamed owAbdi,0,0.4346870076124243,999,99,Mohamed abdullahi rage,2,5,,M357-2,0,0,0.451270088915284,2,99,99,0,0.451270088915284,1,2. M357-2 - Mohamed abdullahi rage,0,0.6822355924448116,999,99,Sahafi hassan gole,2,3,,M357-3,1,0,0.5829374575847187,3,1,99,0,199.5829374575847,1,3. M357-3 - Sahafi hassan gole,0,0.2861157275574312,999,99,Sahra sheikh abdullahi,1,6,1,M357-4,0,1,0.10785612837804315,4,99,1,0.5,99.60785612837805,1,4. M357-4 - Sahra sheikh abdullahi,1,0.03468246723582158,0.10785612837804315,1,Fadhi abdi shafi,2,6,,M357-5,0,1,0.43518025664595195,5,99,1,0,99.43518025664595,1,5. M357-5 - Fadhi abdi shafi,0,0.961422126903258,999,99,Abdi arap abdihirsi,2,6,,M357-6,0,1,0.487742236146289,6,99,1,0,99.48774223614629,1,6. M357-6 - Abdi arap abdihirsi,0,0.048023064290252715,999,99,Hayi Ahmed Hussain,2,6,,M357-7,0,1,0.10988208200772187,7,99,1,0,99.10988208200772,1,7. M357-7 - Hayi Ahmed Hussain,0,0.17330683496387855,999,99,Mohamed owabdi ali,2,6,,M357-8,0,1,0.7875030234691222,8,99,1,0,99.78750302346913,1,8. M357-8 - Mohamed owabdi ali,0,0.9893441791962899,999,99,Nimo sheikh Ibrahim,1,4,2,M357-9,1,0,0.9094627143736368,9,1,99,0,199.90946271437363,1,9. M357-9 - Nimo sheikh Ibrahim,0,0.8003711590463013,999,99,Ahmed mohamed awabdi,2,6,,M357-10,0,1,0.5847215230778032,10,99,1,0,99.5847215230778,1,10. M357-10 - Ahmed mohamed awabdi,0,0.37833951621538753,999,99,,,,,,,,,,,,,,,,,,,,,,,,,,,,,,,,,,,,,,,,,,,,,,,,,,,,,,,,,,,,,,,,,,,,,,,,,,,,,,,,,,,,,,,,,,,,,,,,,,,,,,,,,,,,,,,,,,,1,199.27742973073484 0.451270088915284 199.5829374575847 99.60785612837805 99.43518025664595 99.48774223614629 99.10988208200772 99.78750302346913 199.90946271437363 99.5847215230778,9,3,1,8,4,10,1. M357_1 - Nimo sheikh Ibrahim,2. M357_2 - Sahafi hassan gole,3. M357_3 - Abdishafi mohamed owAbdi,4. M357_4 - Mohamed owabdi ali,5. M357_5 - Sahra sheikh abdullahi,6. M357_6 - Ahmed mohamed awabdi,0.10785612837804315,3,1 3 4 8 9 10,1. M357-1 - Abdishafi mohamed owAbdi<br/>2. M357-2 - Mohamed abdullahi rage<br/>3. M357-3 - Sahafi hassan gole<br/>4. M357-4 - Sahra sheikh abdullahi<br/>5. M357-5 - Fadhi abdi shafi<br/>6. M357-6 - Abdi arap abdihirsi<br/>7. M357-7 - Hayi Ahmed Hussain<br/>8. M357-8 - Mohamed owabdi ali<br/>9. M357-9 - Nimo sheikh Ibrahim<br/>10. M357-10 - Ahmed mohamed awabdi,6,4,,,Sahra sheikh abdullahi,,,,,,,5. Sahra sheikh abdullahi (Husband to be interviewed)<br/>,,Husband of Sahra sheikh abdullahi must be interviewed.,1,,⚠ Spouse interview required,uuid:85fcbc7a-203f-4c73-b123-c7552f166785,2603230738,uuid:85fcbc7a-203f-4c73-b123-c7552f166785
27-Mar-2026 08:02:06,25-Mar-2026 17:10:37,25-Mar-2026 17:28:35,c717d4af0550c362,,llrp_team1,samsung|SM-X115|15|SurveyCTO Collect 2.81.5 (387e45a),869,,Daniel,Amin,Ayun,Cayun 01_2,M19,Waberi,11,Control,#d60000,8,8,Nimco Dek Osman,1,6,,M19-1,0,1,0.74467322416929,1,99,1,0,99.74467322416929,1,1. M19-1 - Nimco Dek Osman,0,0.05404906486457195,999,99,Ruweyda Ali Moalin,1,6,,M19-2,0,1,0.9075890041548768,2,99,1,0,99.90758900415487,1,2. M19-2 - Ruweyda Ali Moalin,0,0.11654740341391578,999,99,Halimo Sheikh Ahmed,1,6,,M19-3,0,1,0.01957112294843233,3,99,1,0,99.01957112294843,1,3. M19-3 - Halimo Sheikh Ahmed,0,0.8135672762777213,999,99,Zamzam Deeq osman,1,1,,M19-4,1,0,0.5732309928243935,4,1,99,0,199.5732309928244,1,4. M19-4 - Zamzam Deeq osman,0,0.8990950668322867,999,99,Ibado Osman Ahmed,1,6,,M19-5,0,1,0.983872301975772,5,99,1,0,99.98387230197577,1,5. M19-5 - Ibado Osman Ahmed,0,0.9889504935814353,999,99,Sahra Awale Hassan,1,6,,M19-6,0,1,0.5340014245662694,6,99,1,0,99.53400142456627,1,6. M19-6 - Sahra Awale Hassan,0,0.7808931794401126,999,99,Bisharo Abdillahi Abdi,1,6,,M19-7,0,1,0.4164674270221247,7,99,1,0,99.41646742702213,1,7. M19-7 - Bisharo Abdillahi Abdi,0,0.2160689784227633,999,99,Ayanle Ahmed Mohommed,2,5,,M19-8,0,0,0.29145785390448053,8,99,99,0,0.29145785390448053,1,8. M19-8 - Ayanle Ahmed Mohommed,0,0.6596749402829568,999,99,,,,,,,,,,,,,,,,,,,,,,,,,,,,,,,,,,,,,,,,,,,,,,,,,,,,,,,,,,,,,,,,,,,,,,,,,,,,,,,,,,,,,,,,,,,,,,,,,,,,,,,,,,,,,,,,,,,,,,,,,,,,,,,,,,,,,,,,,,,,,,,,,,,,,,,,,1,99.74467322416929 99.90758900415487 99.01957112294843 199.5732309928244 99.98387230197577 99.53400142456627 99.41646742702213 0.29145785390448053,4,5,2,1,6,7,1. M19_1 - Zamzam Deeq osman,2. M19_2 - Ibado Osman Ahmed,3. M19_3 - Ruweyda Ali Moalin,4. M19_4 - Nimco Dek Osman,5. M19_5 - Sahra Awale Hassan,6. M19_6 - Bisharo Abdillahi Abdi,,1,1 2 4 5 6 7,1. M19-1 - Nimco Dek Osman<br/>2. M19-2 - Ruweyda Ali Moalin<br/>3. M19-3 - Halimo Sheikh Ahmed<br/>4. M19-4 - Zamzam Deeq osman<br/>5. M19-5 - Ibado Osman Ahmed<br/>6. M19-6 - Sahra Awale Hassan<br/>7. M19-7 - Bisharo Abdillahi Abdi<br/>8. M19-8 - Ayanle Ahmed Mohommed,6,,,,,,,,,,,,,No eligible spouse found.,0,,,uuid:2f616def-6d20-48e1-be66-db609b6d5630,2603230738,uuid:2f616def-6d20-48e1-be66-db609b6d5630
27-Mar-2026 08:05:54,25-Mar-2026 16:57:29,26-Mar-2026 07:48:58,0edc637665f6e98c,,llrp_team1,samsung|SM-X115|15|SurveyCTO Collect 2.81.5 (387e45a),2569,,Daniel,Ahmed,Ayun,Cayun 02_1,M17,Hodan,12,Control,#d60000,10,10,Ismail Dek Osman,2,6,,M17-1,0,1,0.5106578437523225,1,99,1,0,99.51065784375233,1,1. M17-1 - Ismail Dek Osman,0,0.31627578066806694,999,99,Fatima Osman Ahmed,1,6,,M17-2,0,1,0.6757377209917488,2,99,1,0,99.67573772099175,1,2. M17-2 - Fatima Osman Ahmed,0,0.8671759636756254,999,99,Nasteha Mohamed Muhumed,1,5,,M17-3,0,0,0.11100037425080356,3,99,99,0,0.11100037425080356,1,3. M17-3 - Nasteha Mohamed Muhumed,0,0.9006070747970943,999,99,Taman Abdi Sagal,1,6,,M17-4,0,1,0.5171871386449839,4,99,1,0,99.51718713864499,1,4. M17-4 - Taman Abdi Sagal,0,0.5906984354476513,999,99,Duh Bashir Hassen,1,6,,M17-5,0,1,0.4759097609569718,5,99,1,0,99.47590976095697,1,5. M17-5 - Duh Bashir Hassen,0,0.5515654465155231,999,99,Faisa Ali Mohamud,1,3,,M17-6,1,0,0.6995848246984786,6,1,99,0,199.6995848246985,1,6. M17-6 - Faisa Ali Mohamud,0,0.043361108058967424,999,99,So'o Mohamed Ali,1,6,,M17-7,0,1,0.8986961070832082,7,99,1,0,99.89869610708321,1,7. M17-7 - So'o Mohamed Ali,0,0.9510466402275524,999,99,Kuresh Abdi Osman,1,6,,M17-8,0,1,0.2896852646416207,8,99,1,0,99.28968526464162,1,8. M17-8 - Kuresh Abdi Osman,0,0.13147232575454726,999,99,Bisharo Akil Bile,1,1,,M17-9,1,0,0.49303247876466116,9,1,99,0,199.49303247876466,1,9. M17-9 - Bisharo Akil Bile,0,0.2102944709143798,999,99,Fadumo Abdilahi Matan,1,6,,M17-10,0,1,0.5884262045310249,10,99,1,0,99.58842620453102,1,10. M17-10 - Fadumo Abdilahi Matan,0,0.11548905217339123,999,99,,,,,,,,,,,,,,,,,,,,,,,,,,,,,,,,,,,,,,,,,,,,,,,,,,,,,,,,,,,,,,,,,,,,,,,,,,,,,,,,,,,,,,,,,,,,,,,,,,,,,,,,,,,,,,,,,,,1,99.51065784375233 99.67573772099175 0.11100037425080356 99.51718713864499 99.47590976095697 199.6995848246985 99.89869610708321 99.28968526464162 199.49303247876466 99.58842620453102,6,9,7,2,10,4,1. M17_1 - Faisa Ali Mohamud,2. M17_2 - Bisharo Akil Bile,3. M17_3 - So'o Mohamed Ali,4. M17_4 - Fatima Osman Ahmed,5. M17_5 - Fadumo Abdilahi Matan,6. M17_6 - Taman Abdi Sagal,,2,2 4 6 7 9 10,1. M17-1 - Ismail Dek Osman<br/>2. M17-2 - Fatima Osman Ahmed<br/>3. M17-3 - Nasteha Mohamed Muhumed<br/>4. M17-4 - Taman Abdi Sagal<br/>5. M17-5 - Duh Bashir Hassen<br/>6. M17-6 - Faisa Ali Mohamud<br/>7. M17-7 - So'o Mohamed Ali<br/>8. M17-8 - Kuresh Abdi Osman<br/>9. M17-9 - Bisharo Akil Bile<br/>10. M17-10 - Fadumo Abdilahi Matan,6,,,,,,,,,,,,,No eligible spouse found.,0,,,uuid:ccb4700c-064c-41c3-a390-5b87e3be2954,2603230738,uuid:ccb4700c-064c-41c3-a390-5b87e3be2954
27-Mar-2026 08:18:07,26-Mar-2026 15:27:44,27-Mar-2026 08:16:38,bbae1c343e73e9f2,,llrp_team1,Lenovo|Lenovo TB-8504F|8.1.0|SurveyCTO Collect 2.81.5 (387e45a),1178,,Daniel,Jabir,Ayun,Darida2_1,M16,Dalsan,11,HumanLed,#0a8f3c,10,10,Saredo Mohamed Mohammud,1,6,1,M16-1,0,1,0.31301354725373154,1,99,1,0.5,99.81301354725373,1,1. M16-1 - Saredo Mohamed Mohammud,1,0.9845690423719492,0.31301354725373154,1,Bisharo Mahad Budul,1,1,1,M16-2,1,0,0.10707680741756631,2,1,99,0.5,199.60707680741757,1,2. M16-2 - Bisharo Mahad Budul,1,0.456403159312207,0.10707680741756631,1,Rahma Aidid Omer,1,6,1,M16-3,0,1,0.439452302473364,3,99,1,0.5,99.93945230247337,1,3. M16-3 - Rahma Aidid Omer,1,0.6843104670958207,0.439452302473364,1,Mohamed Ahmed Hussein,2,5,,M16-4,0,0,0.9003048610645283,4,99,99,0,0.9003048610645283,1,4. M16-4 - Mohamed Ahmed Hussein,0,0.8490215837389501,999,99,Abdisalam Terar Omer,2,6,,M16-5,0,1,0.5718783409739185,5,99,1,0,99.57187834097392,1,5. M16-5 - Abdisalam Terar Omer,0,0.8665897297393348,999,99,Bishar Abdilahi Arbe,2,3,,M16-6,1,0,0.5422849932369548,6,1,99,0,199.54228499323696,1,6. M16-6 - Bishar Abdilahi Arbe,0,0.9317795564040163,999,99,Farah Mahad Ahmed,1,6,1,M16-7,0,1,0.003106151481452102,7,99,1,0.5,99.50310615148145,1,7. M16-7 - Farah Mahad Ahmed,0,0.13779138843756333,999,99,Halima Abdinur Hassan,1,6,1,M16-8,0,1,0.7504983908517993,8,99,1,0.5,100.2504983908518,1,8. M16-8 - Halima Abdinur Hassan,1,0.15630856760557266,0.7504983908517993,1,Rukiya Dek Ibrahim,1,6,2,M16-9,0,1,0.9154075302857322,9,99,1,0,99.91540753028573,1,9. M16-9 - Rukiya Dek Ibrahim,0,0.7092491932428318,999,99,Zuber Abdi Hif,2,6,,M16-10,0,1,0.5550007231813456,10,99,1,0,99.55500072318135,1,10. M16-10 - Zuber Abdi Hif,0,0.9050536472526355,999,99,,,,,,,,,,,,,,,,,,,,,,,,,,,,,,,,,,,,,,,,,,,,,,,,,,,,,,,,,,,,,,,,,,,,,,,,,,,,,,,,,,,,,,,,,,,,,,,,,,,,,,,,,,,,,,,,,,,1,99.81301354725373 199.60707680741757 99.93945230247337 0.9003048610645283 99.57187834097392 199.54228499323696 99.50310615148145 100.2504983908518 99.91540753028573 99.55500072318135,2,6,8,3,9,1,1. M16_1 - Bisharo Mahad Budul,2. M16_2 - Bishar Abdilahi Arbe,3. M16_3 - Halima Abdinur Hassan,4. M16_4 - Rahma Aidid Omer,5. M16_5 - Rukiya Dek Ibrahim,6. M16_6 - Saredo Mohamed Mohammud,0.31301354725373154 0.10707680741756631 0.439452302473364 0.7504983908517993,2,1 2 3 6 8 9,1. M16-1 - Saredo Mohamed Mohammud<br/>2. M16-2 - Bisharo Mahad Budul<br/>3. M16-3 - Rahma Aidid Omer<br/>4. M16-4 - Mohamed Ahmed Hussein<br/>5. M16-5 - Abdisalam Terar Omer<br/>6. M16-6 - Bishar Abdilahi Arbe<br/>7. M16-7 - Farah Mahad Ahmed<br/>8. M16-8 - Halima Abdinur Hassan<br/>9. M16-9 - Rukiya Dek Ibrahim<br/>10. M16-10 - Zuber Abdi Hif,6,8,3,1,Halima Abdinur Hassan,Rahma Aidid Omer,Saredo Mohamed Mohammud,,,3. Halima Abdinur Hassan (Husband to be interviewed)<br/>,4. Rahma Aidid Omer (Husband to be interviewed)<br/>,,6. Saredo Mohamed Mohammud (Husband to be interviewed)<br/>,"Husbands of Halima Abdinur Hassan, Rahma Aidid Omer and Saredo Mohamed Mohammud must be interviewed (one may serve as replacement).",3,Saredo Mohamed Mohammud (Replacement),⚠ Spouse interview required,uuid:21581334-d502-4272-a0e4-321784541b54,2603230738,uuid:21581334-d502-4272-a0e4-321784541b54
27-Mar-2026 08:28:16,26-Mar-2026 15:25:52,27-Mar-2026 08:25:15,f77a4bfd7ada2cec,,llrp_team1,samsung|SM-X115|15|SurveyCTO Collect 2.81.5 (387e45a),652,,Daniel,Abdireshid,Ayun,Darida 1_1,M15,Diyaar,10,Control,#d60000,10,10,Musbah Qorane mohamoud,2,6,,M15-1,0,1,0.7639341931937577,1,99,1,0,99.76393419319376,1,1. M15-1 - Musbah Qorane mohamoud,0,0.37998207081061364,999,99,Awale Mohamed Osman,2,5,,M15-2,0,0,0.040433248754298656,2,99,99,0,0.040433248754298656,1,2. M15-2 - Awale Mohamed Osman,0,0.786618633616565,999,99,Saynab Sharif Mohamed,1,6,,M15-3,0,1,0.6598706489336271,3,99,1,0,99.65987064893363,1,3. M15-3 - Saynab Sharif Mohamed,0,0.48027465587027296,999,99,Garaado Mohamed Abdulahi,1,6,,M15-4,0,1,0.8880693893872176,4,99,1,0,99.88806938938721,1,4. M15-4 - Garaado Mohamed Abdulahi,0,0.9033905963928077,999,99,Sanyar Jamal Ahmed,1,6,,M15-5,0,1,0.22125082021162423,5,99,1,0,99.22125082021162,1,5. M15-5 - Sanyar Jamal Ahmed,0,0.52368780576229,999,99,Hinda Aden Ugaas,1,3,,M15-6,1,0,0.6396359616998423,6,1,99,0,199.63963596169984,1,6. M15-6 - Hinda Aden Ugaas,0,0.42936871003057075,999,99,Fadumo Yusuf Wayrah,1,6,,M15-7,0,1,0.36052447078999006,7,99,1,0,99.36052447079,1,7. M15-7 - Fadumo Yusuf Wayrah,0,0.5017710893541514,999,99,Asad Hassan Nuur,2,6,,M15-8,0,1,0.7257902555863561,8,99,1,0,99.72579025558636,1,8. M15-8 - Asad Hassan Nuur,0,0.7765217953885594,999,99,Mohamoud sheikh mohamed,2,1,,M15-9,1,0,0.15904394469846306,9,1,99,0,199.15904394469845,1,9. M15-9 - Mohamoud sheikh mohamed,0,0.9358276965722375,999,99,Ifraah Abdulahi mohamed,1,6,,M15-10,0,1,0.8218847484418467,10,99,1,0,99.82188474844185,1,10. M15-10 - Ifraah Abdulahi mohamed,0,0.8426693815638363,999,99,,,,,,,,,,,,,,,,,,,,,,,,,,,,,,,,,,,,,,,,,,,,,,,,,,,,,,,,,,,,,,,,,,,,,,,,,,,,,,,,,,,,,,,,,,,,,,,,,,,,,,,,,,,,,,,,,,,1,99.76393419319376 0.040433248754298656 99.65987064893363 99.88806938938721 99.22125082021162 199.63963596169984 99.36052447079 99.72579025558636 199.15904394469845 99.82188474844185,6,9,4,10,1,8,1. M15_1 - Hinda Aden Ugaas,2. M15_2 - Mohamoud sheikh mohamed,3. M15_3 - Garaado Mohamed Abdulahi,4. M15_4 - Ifraah Abdulahi mohamed,5. M15_5 - Musbah Qorane mohamoud,6. M15_6 - Asad Hassan Nuur,,2,1 4 6 8 9 10,1. M15-1 - Musbah Qorane mohamoud<br/>2. M15-2 - Awale Mohamed Osman<br/>3. M15-3 - Saynab Sharif Mohamed<br/>4. M15-4 - Garaado Mohamed Abdulahi<br/>5. M15-5 - Sanyar Jamal Ahmed<br/>6. M15-6 - Hinda Aden Ugaas<br/>7. M15-7 - Fadumo Yusuf Wayrah<br/>8. M15-8 - Asad Hassan Nuur<br/>9. M15-9 - Mohamoud sheikh mohamed<br/>10. M15-10 - Ifraah Abdulahi mohamed,6,,,,,,,,,,,,,No eligible spouse found.,0,,,uuid:c2e20072-26f9-4bd6-a591-c891dcb48e52,2603230738,uuid:c2e20072-26f9-4bd6-a591-c891dcb48e52
27-Mar-2026 08:36:51,24-Mar-2026 13:36:33,27-Mar-2026 08:35:41,3360ac9e5488af4f,,llrp_team1,samsung|SM-X115|14|SurveyCTO Collect 2.81.5 (387e45a),1897,,Muktar,Abdulfetah,Yahob,Yahoob town_1,M351,Nasri,12,HumanLed,#0a8f3c,12,12,Rukia abdullahi Ali,1,6,1,M351-1,0,1,0.23550731532531988,1,99,1,0.5,99.73550731532532,1,1. M351-1 - Rukia abdullahi Ali,0,0.8720438588697275,999,99,Sahra shek muhummed,1,6,1,M351-2,0,1,0.4818913305445619,2,99,1,0.5,99.98189133054456,1,2. M351-2 - Sahra shek muhummed,1,0.962251604357111,0.4818913305445619,1,Fadumo Mohammed faseh,1,6,1,M351-3,0,1,0.2511086669765914,3,99,1,0.5,99.75110866697659,1,3. M351-3 - Fadumo Mohammed faseh,0,0.1374956769051232,999,99,Zaynaba Haybe Osman,1,6,1,M351-4,0,1,0.22662553416480224,4,99,1,0.5,99.7266255341648,1,4. M351-4 - Zaynaba Haybe Osman,0,0.9175746429282677,999,99,Nimo dahir shukri,1,6,1,M351-5,0,1,0.32187982543579463,5,99,1,0.5,99.8218798254358,1,5. M351-5 - Nimo dahir shukri,0,0.47854687821208897,999,99,Fadumo Mohammed Ismail,1,3,1,M351-6,1,0,0.3899925289391173,6,1,99,0.5,199.8899925289391,1,6. M351-6 - Fadumo Mohammed Ismail,1,0.44553206062134043,0.3899925289391173,1,Halimo Mohammed Muhummed,1,5,1,M351-7,0,0,0.310912754198824,7,99,99,0.5,0.810912754198824,1,7. M351-7 - Halimo Mohammed Muhummed,0,0.6403174512369536,999,99,Dheg Mohammed Hashi,1,6,1,M351-8,0,1,0.47772165952733503,8,99,1,0.5,99.97772165952733,1,8. M351-8 - Dheg Mohammed Hashi,1,0.18073270419642395,0.47772165952733503,1,Sa'da shek Muhummed,1,1,1,M351-9,1,0,0.08944386528234116,9,1,99,0.5,199.58944386528233,1,9. M351-9 - Sa'da shek Muhummed,1,0.016534917202201793,0.08944386528234116,1,Khatra Muhummed Abdi,1,4,1,M351-10,1,0,0.5873457533426113,10,1,99,0.5,200.08734575334262,1,10. M351-10 - Khatra Muhummed Abdi,1,0.45124069926675936,0.5873457533426113,1,Zaynaba Ahmed kamil,1,6,1,M351-11,0,1,0.9838125893846086,11,99,1,0.5,100.48381258938461,1,11. M351-11 - Zaynaba Ahmed kamil,1,0.48099249029927493,0.9838125893846086,1,Rukiya Ahmed Yusuf,1,6,1,M351-12,0,1,0.43159508876340114,12,99,1,0.5,99.9315950887634,1,12. M351-12 - Rukiya Ahmed Yusuf,0,0.3108169880539159,999,99,,,,,,,,,,,,,,,,,,,,,,,,,,,,,,,,,,,,,,,,,,,,,,,,,,,,,,,,,,,,,,,,,,,,,,,,,,,,,1,99.73550731532532 99.98189133054456 99.75110866697659 99.7266255341648 99.8218798254358 199.8899925289391 0.810912754198824 99.97772165952733 199.58944386528233 200.08734575334262 100.48381258938461 99.9315950887634,10,6,9,11,2,8,1. M351_1 - Khatra Muhummed Abdi,2. M351_2 - Fadumo Mohammed Ismail,3. M351_3 - Sa'da shek Muhummed,4. M351_4 - Zaynaba Ahmed kamil,5. M351_5 - Sahra shek muhummed,6. M351_6 - Dheg Mohammed Hashi,0.4818913305445619 0.3899925289391173 0.47772165952733503 0.08944386528234116 0.5873457533426113 0.9838125893846086,3,2 6 8 9 10 11,1. M351-1 - Rukia abdullahi Ali<br/>2. M351-2 - Sahra shek muhummed<br/>3. M351-3 - Fadumo Mohammed faseh<br/>4. M351-4 - Zaynaba Haybe Osman<br/>5. M351-5 - Nimo dahir shukri<br/>6. M351-6 - Fadumo Mohammed Ismail<br/>7. M351-7 - Halimo Mohammed Muhummed<br/>8. M351-8 - Dheg Mohammed Hashi<br/>9. M351-9 - Sa'da shek Muhummed<br/>10. M351-10 - Khatra Muhummed Abdi<br/>11. M351-11 - Zaynaba Ahmed kamil<br/>12. M351-12 - Rukiya Ahmed Yusuf,6,11,10,2,Zaynaba Ahmed kamil,Khatra Muhummed Abdi,Sahra shek muhummed,1. Khatra Muhummed Abdi (Husband to be interviewed)<br/>,,,4. Zaynaba Ahmed kamil (Husband to be interviewed)<br/>,5. Sahra shek muhummed (Husband to be interviewed)<br/>,,"Husbands of Zaynaba Ahmed kamil, Khatra Muhummed Abdi and Sahra shek muhummed must be interviewed (one may serve as replacement).",3,Sahra shek muhummed (Replacement),⚠ Spouse interview required,uuid:a1f3c5f0-d6ee-4c26-b615-46d930bfaf4a,2603230738,uuid:a1f3c5f0-d6ee-4c26-b615-46d930bfaf4a
27-Mar-2026 09:15:26,26-Mar-2026 09:53:24,27-Mar-2026 08:20:28,536368b28fdd5880,,llrp_team1,samsung|SM-X115|14|SurveyCTO Collect 2.81.5 (387e45a),1076,,Daniel,Ahmed,Ayun,Cayun 01_1,M18,Kaldhash,11,TechLed,#1f4bd6,5,5,Abdirahman mahamed isman,2,5,,M18-1,0,0,0.7584385943677866,1,99,99,0,0.7584385943677866,1,1. M18-1 - Abdirahman mahamed isman,0,0.3098645046446542,999,99,Abdilahi aar abubakar,2,6,,M18-2,0,1,0.6479368887295993,2,99,1,0,99.6479368887296,1,2. M18-2 - Abdilahi aar abubakar,0,0.6644367252559372,999,99,Ardo ahmed waji,1,6,1,M18-3,0,1,0.5622263261181933,3,99,1,0.5,100.06222632611819,1,3. M18-3 - Ardo ahmed waji,1,0.6926691274215676,0.5622263261181933,1,Fogad diriye abdi,1,6,1,M18-4,0,1,0.73879664879502,4,99,1,0.5,100.23879664879502,1,4. M18-4 - Fogad diriye abdi,1,0.48902463721916933,0.73879664879502,1,Rukiya yusuf mahdi,1,6,2,M18-5,0,1,0.3742450911880626,5,99,1,0,99.37424509118806,1,5. M18-5 - Rukiya yusuf mahdi,0,0.9737792721907265,999,99,,,,,,,,,,,,,,,,,,,,,,,,,,,,,,,,,,,,,,,,,,,,,,,,,,,,,,,,,,,,,,,,,,,,,,,,,,,,,,,,,,,,,,,,,,,,,,,,,,,,,,,,,,,,,,,,,,,,,,,,,,,,,,,,,,,,,,,,,,,,,,,,,,,,,,,,,,,,,,,,,,,,,,,,,,,,,,,,,,,,,,,,,,,,,,,,,,,,,,,,,,,,,,,,,,0,0.7584385943677866 99.6479368887296 100.06222632611819 100.23879664879502 99.37424509118806,4,3,2,5,1,,1. M18_1 - Fogad diriye abdi,2. M18_2 - Ardo ahmed waji,3. M18_3 - Abdilahi aar abubakar,4. M18_4 - Rukiya yusuf mahdi,5. M18_5 - Abdirahman mahamed isman,,0.5622263261181933 0.73879664879502,0,1 2 3 4 5,1. M18-1 - Abdirahman mahamed isman<br/>2. M18-2 - Abdilahi aar abubakar<br/>3. M18-3 - Ardo ahmed waji<br/>4. M18-4 - Fogad diriye abdi<br/>5. M18-5 - Rukiya yusuf mahdi,5,4,3,,Fogad diriye abdi,Ardo ahmed waji,,1. Fogad diriye abdi (Husband to be interviewed)<br/>,2. Ardo ahmed waji (Husband to be interviewed)<br/>,,,,,Husbands of Fogad diriye abdi and Ardo ahmed waji must be interviewed.,2,,⚠ Spouse interview required,uuid:c1bc9960-53eb-47dd-871b-b591dd3938b3,2603230738,uuid:c1bc9960-53eb-47dd-871b-b591dd3938b3
27-Mar-2026 14:50:18,26-Mar-2026 16:22:39,27-Mar-2026 14:46:18,3d73d84ac913aa71,,llrp_team1,samsung|SM-X115|15|SurveyCTO Collect 2.81.5 (387e45a),1080,,Anteneh,Husen,Denan,Danan 02_2,M99,Wadani 2,9,HumanLed,#0a8f3c,7,7,Hamze Abdirashid mohamed,2,1,,M99-1,1,0,0.32477123923285534,1,1,99,0,199.32477123923286,1,1. M99-1 - Hamze Abdirashid mohamed,0,0.04099424853606881,999,99,Hassan Ibrahim Abdi,2,6,,M99-2,0,1,0.46000164396132825,2,99,1,0,99.46000164396133,1,2. M99-2 - Hassan Ibrahim Abdi,0,0.5103841560563865,999,99,Omar sahane saban,2,6,,M99-3,0,1,0.3760564312133403,3,99,1,0,99.37605643121334,1,3. M99-3 - Omar sahane saban,0,0.7401677152113818,999,99,Kader mohamed Ahmed,2,6,,M99-4,0,1,0.7098307244059274,4,99,1,0,99.70983072440593,1,4. M99-4 - Kader mohamed Ahmed,0,0.45244800546391495,999,99,Abdirazik mohamed muhumed,2,6,,M99-5,0,1,0.8017839301427971,5,99,1,0,99.8017839301428,1,5. M99-5 - Abdirazik mohamed muhumed,0,0.9969085211209867,999,99,Marahal madowbe nur,2,6,,M99-6,0,1,0.2041451363149719,6,99,1,0,99.20414513631498,1,6. M99-6 - Marahal madowbe nur,0,0.8100503440704859,999,99,Abdullahi Abdirashid Ahmed,2,5,,M99-7,0,0,0.18648530934060747,7,99,99,0,0.18648530934060747,1,7. M99-7 - Abdullahi Abdirashid Ahmed,0,0.8255448042509688,999,99,,,,,,,,,,,,,,,,,,,,,,,,,,,,,,,,,,,,,,,,,,,,,,,,,,,,,,,,,,,,,,,,,,,,,,,,,,,,,,,,,,,,,,,,,,,,,,,,,,,,,,,,,,,,,,,,,,,,,,,,,,,,,,,,,,,,,,,,,,,,,,,,,,,,,,,,,,,,,,,,,,,,,,,,,,,,1,199.32477123923286 99.46000164396133 99.37605643121334 99.70983072440593 99.8017839301428 99.20414513631498 0.18648530934060747,1,5,4,2,3,6,1. M99_1 - Hamze Abdirashid mohamed,2. M99_2 - Abdirazik mohamed muhumed,3. M99_3 - Kader mohamed Ahmed,4. M99_4 - Hassan Ibrahim Abdi,5. M99_5 - Omar sahane saban,6. M99_6 - Marahal madowbe nur,,1,1 2 3 4 5 6,1. M99-1 - Hamze Abdirashid mohamed<br/>2. M99-2 - Hassan Ibrahim Abdi<br/>3. M99-3 - Omar sahane saban<br/>4. M99-4 - Kader mohamed Ahmed<br/>5. M99-5 - Abdirazik mohamed muhumed<br/>6. M99-6 - Marahal madowbe nur<br/>7. M99-7 - Abdullahi Abdirashid Ahmed,6,,,,,,,,,,,,,No eligible spouse found.,0,,,uuid:0dd3f9a9-8d7c-4968-8b6b-545ce80b278d,2603230738,uuid:0dd3f9a9-8d7c-4968-8b6b-545ce80b278d
27-Mar-2026 18:34:41,27-Mar-2026 11:08:16,27-Mar-2026 18:04:52,bbae1c343e73e9f2,,llrp_team1,Lenovo|Lenovo TB-8504F|8.1.0|SurveyCTO Collect 2.81.5 (387e45a),636,,Daniel,Jabir,Ayun,Gansaale_1,M11,Cirrey,10,TechLed,#1f4bd6,6,6,Mohamed Qorane Ali,2,5,,M11-1,0,0,0.7996543788720125,1,99,99,0,0.7996543788720125,1,1. M11-1 - Mohamed Qorane Ali,0,0.6498840752526976,999,99,Miir Hussein Gedi,2,6,,M11-2,0,1,0.12686457744753177,2,99,1,0,99.12686457744753,1,2. M11-2 - Miir Hussein Gedi,0,0.5813558058703772,999,99,Fadumo Abdiwahab Abibakar,1,6,2,M11-3,0,1,0.21867083899301554,3,99,1,0,99.21867083899302,1,3. M11-3 - Fadumo Abdiwahab Abibakar,0,0.4819761882953111,999,99,Halimo Mohamed Sirad,1,6,1,M11-4,0,1,0.6178529618216706,4,99,1,0.5,100.11785296182167,1,4. M11-4 - Halimo Mohamed Sirad,1,0.767757455415894,0.6178529618216706,1,Sawda Mohamed Hussein,1,6,1,M11-5,0,1,0.3619663416482265,5,99,1,0.5,99.86196634164823,1,5. M11-5 - Sawda Mohamed Hussein,1,0.36508324997523867,0.3619663416482265,1,Ugasa Muhummed Dahir,1,6,1,M11-6,0,1,0.33054212899132707,6,99,1,0.5,99.83054212899133,1,6. M11-6 - Ugasa Muhummed Dahir,1,0.9660906090277093,0.33054212899132707,1,,,,,,,,,,,,,,,,,,,,,,,,,,,,,,,,,,,,,,,,,,,,,,,,,,,,,,,,,,,,,,,,,,,,,,,,,,,,,,,,,,,,,,,,,,,,,,,,,,,,,,,,,,,,,,,,,,,,,,,,,,,,,,,,,,,,,,,,,,,,,,,,,,,,,,,,,,,,,,,,,,,,,,,,,,,,,,,,,,,,,,,,,,,,,,,0,0.7996543788720125 99.12686457744753 99.21867083899302 100.11785296182167 99.86196634164823 99.83054212899133,4,5,6,3,2,1,1. M11_1 - Halimo Mohamed Sirad,2. M11_2 - Sawda Mohamed Hussein,3. M11_3 - Ugasa Muhummed Dahir,4. M11_4 - Fadumo Abdiwahab Abibakar,5. M11_5 - Miir Hussein Gedi,6. M11_6 - Mohamed Qorane Ali,0.6178529618216706 0.3619663416482265 0.33054212899132707,0,1 2 3 4 5 6,1. M11-1 - Mohamed Qorane Ali<br/>2. M11-2 - Miir Hussein Gedi<br/>3. M11-3 - Fadumo Abdiwahab Abibakar<br/>4. M11-4 - Halimo Mohamed Sirad<br/>5. M11-5 - Sawda Mohamed Hussein<br/>6. M11-6 - Ugasa Muhummed Dahir,6,4,5,6,Halimo Mohamed Sirad,Sawda Mohamed Hussein,Ugasa Muhummed Dahir,1. Halimo Mohamed Sirad (Husband to be interviewed)<br/>,2. Sawda Mohamed Hussein (Husband to be interviewed)<br/>,3. Ugasa Muhummed Dahir (Husband to be interviewed)<br/>,,,,"Husbands of Halimo Mohamed Sirad, Sawda Mohamed Hussein and Ugasa Muhummed Dahir must be interviewed (one may serve as replacement).",3,Ugasa Muhummed Dahir (Replacement),⚠ Spouse interview required,uuid:6ba79f55-50ed-432a-848a-70ce3c7a0f1d,2603230738,uuid:6ba79f55-50ed-432a-848a-70ce3c7a0f1d
27-Mar-2026 18:46:39,27-Mar-2026 10:04:31,27-Mar-2026 17:18:38,c717d4af0550c362,,llrp_team1,samsung|SM-X115|15|SurveyCTO Collect 2.81.5 (387e45a),791,,Daniel,Amin,Ayun,Cayun_02_1,M12,Qarijiqood,11,HumanLed,#0a8f3c,8,8,Haybis Aw Abdullahi,1,3,2,M12-1,1,0,0.8573913151122886,1,1,99,0,199.8573913151123,1,1. M12-1 - Haybis Aw Abdullahi,0,0.4415131021393648,999,99,Hawa Hassan Ali,1,6,2,M12-2,0,1,0.5065537943412178,2,99,1,0,99.50655379434122,1,2. M12-2 - Hawa Hassan Ali,0,0.9622320454036836,999,99,Ubah qorane Isaq,1,6,1,M12-3,0,1,0.3298482722120277,3,99,1,0.5,99.82984827221203,1,3. M12-3 - Ubah qorane Isaq,1,0.7601176982433625,0.3298482722120277,1,Sahra Husen Ibrahin,1,6,2,M12-4,0,1,0.7728186591977076,4,99,1,0,99.77281865919771,1,4. M12-4 - Sahra Husen Ibrahin,0,0.16458090056966213,999,99,Fadxi Mohommed Sulub,1,6,1,M12-5,0,1,0.4902532972114678,5,99,1,0.5,99.99025329721147,1,5. M12-5 - Fadxi Mohommed Sulub,1,0.2809297484993216,0.4902532972114678,1,Khadra Aden moalin,1,6,2,M12-6,0,1,0.7409544206652188,6,99,1,0,99.74095442066522,1,6. M12-6 - Khadra Aden moalin,0,0.5647640430398747,999,99,Sayid Abdi kool,2,1,,M12-7,1,0,0.0842673792500035,7,1,99,0,199.08426737925,1,7. M12-7 - Sayid Abdi kool,0,0.30465376490099927,999,99,Shugri Sheikh Yusuf,2,5,,M12-8,0,0,0.12291754213390438,8,99,99,0,0.12291754213390438,1,8. M12-8 - Shugri Sheikh Yusuf,0,0.7337416273784347,999,99,,,,,,,,,,,,,,,,,,,,,,,,,,,,,,,,,,,,,,,,,,,,,,,,,,,,,,,,,,,,,,,,,,,,,,,,,,,,,,,,,,,,,,,,,,,,,,,,,,,,,,,,,,,,,,,,,,,,,,,,,,,,,,,,,,,,,,,,,,,,,,,,,,,,,,,,,1,199.8573913151123 99.50655379434122 99.82984827221203 99.77281865919771 99.99025329721147 99.74095442066522 199.08426737925 0.12291754213390438,1,7,5,3,4,6,1. M12_1 - Haybis Aw Abdullahi,2. M12_2 - Sayid Abdi kool,3. M12_3 - Fadxi Mohommed Sulub,4. M12_4 - Ubah qorane Isaq,5. M12_5 - Sahra Husen Ibrahin,6. M12_6 - Khadra Aden moalin,0.3298482722120277 0.4902532972114678,2,1 3 4 5 6 7,1. M12-1 - Haybis Aw Abdullahi<br/>2. M12-2 - Hawa Hassan Ali<br/>3. M12-3 - Ubah qorane Isaq<br/>4. M12-4 - Sahra Husen Ibrahin<br/>5. M12-5 - Fadxi Mohommed Sulub<br/>6. M12-6 - Khadra Aden moalin<br/>7. M12-7 - Sayid Abdi kool<br/>8. M12-8 - Shugri Sheikh Yusuf,6,5,3,,Fadxi Mohommed Sulub,Ubah qorane Isaq,,,,3. Fadxi Mohommed Sulub (Husband to be interviewed)<br/>,4. Ubah qorane Isaq (Husband to be interviewed)<br/>,,,Husbands of Fadxi Mohommed Sulub and Ubah qorane Isaq must be interviewed.,2,,⚠ Spouse interview required,uuid:37775b19-b81c-4632-9935-6c658c67ed63,2603230738,uuid:37775b19-b81c-4632-9935-6c658c67ed63
27-Mar-2026 19:57:31,27-Mar-2026 11:47:32,27-Mar-2026 19:03:58,f9d6a239f0ca8566,,llrp_team1,samsung|SM-X115|15|SurveyCTO Collect 2.81.5 (387e45a),1113,,Wesen,Mahamed,Jarati,Boco_1,M255,Deeqsan,12,Control,#d60000,7,7,Abdullahi Ma'arif Hassen,2,1,,M255-1,1,0,0.8879742911119958,1,1,99,0,199.887974291112,1,1. M255-1 - Abdullahi Ma'arif Hassen,0,0.29177791749905946,999,99,Abdi Arab Abdikadir,2,6,,M255-2,0,1,0.4998141984396546,2,99,1,0,99.49981419843965,1,2. M255-2 - Abdi Arab Abdikadir,0,0.04319539238868242,999,99,Abdikadir Abdi Isman,2,5,,M255-3,0,0,0.8444929913214512,3,99,99,0,0.8444929913214512,1,3. M255-3 - Abdikadir Abdi Isman,0,0.8062373439190829,999,99,Maslah Ismail sheik,2,6,,M255-4,0,1,0.6706209946881136,4,99,1,0,99.67062099468811,1,4. M255-4 - Maslah Ismail sheik,0,0.8893334214936827,999,99,Ramla Ahmed Ali,1,6,,M255-5,0,1,0.6472025935647266,5,99,1,0,99.64720259356473,1,5. M255-5 - Ramla Ahmed Ali,0,0.6807473362027965,999,99,Shamis Abdullahi  sahane,1,3,,M255-6,1,0,0.7739016196074321,6,1,99,0,199.77390161960744,1,6. M255-6 - Shamis Abdullahi  sahane,0,0.840195097516922,999,99,Ruqiya  Muhumed  Sheikhabdi,1,6,,M255-7,0,1,0.6115996286777429,7,99,1,0,99.61159962867774,1,7. M255-7 - Ruqiya  Muhumed  Sheikhabdi,0,0.414010557943682,999,99,,,,,,,,,,,,,,,,,,,,,,,,,,,,,,,,,,,,,,,,,,,,,,,,,,,,,,,,,,,,,,,,,,,,,,,,,,,,,,,,,,,,,,,,,,,,,,,,,,,,,,,,,,,,,,,,,,,,,,,,,,,,,,,,,,,,,,,,,,,,,,,,,,,,,,,,,,,,,,,,,,,,,,,,,,,,1,199.887974291112 99.49981419843965 0.8444929913214512 99.67062099468811 99.64720259356473 199.77390161960744 99.61159962867774,1,6,4,5,7,2,1. M255_1 - Abdullahi Ma'arif Hassen,2. M255_2 - Shamis Abdullahi  sahane,3. M255_3 - Maslah Ismail sheik,4. M255_4 - Ramla Ahmed Ali,5. M255_5 - Ruqiya  Muhumed  Sheikhabdi,6. M255_6 - Abdi Arab Abdikadir,,2,1 2 4 5 6 7,1. M255-1 - Abdullahi Ma'arif Hassen<br/>2. M255-2 - Abdi Arab Abdikadir<br/>3. M255-3 - Abdikadir Abdi Isman<br/>4. M255-4 - Maslah Ismail sheik<br/>5. M255-5 - Ramla Ahmed Ali<br/>6. M255-6 - Shamis Abdullahi  sahane<br/>7. M255-7 - Ruqiya  Muhumed  Sheikhabdi,6,,,,,,,,,,,,,No eligible spouse found.,0,,,uuid:23de8611-272a-4d81-8c75-9203582b3da1,2603230738,uuid:23de8611-272a-4d81-8c75-9203582b3da1
27-Mar-2026 20:01:11,27-Mar-2026 10:53:19,27-Mar-2026 20:00:04,8e28ba7f870e07da,,llrp_team1,samsung|SM-X115|16|SurveyCTO Collect 2.81.5 (387e45a),864,,Wesen,Abdinasir,Jarati,Qordiir_1,M248,Haldoor,25,HumanLed,#0a8f3c,12,12,Omer muhumed daud,2,6,,M248-1,0,1,0.01912458678177409,1,99,1,0,99.01912458678177,1,1. M248-1 - Omer muhumed daud,0,0.7098974420364053,999,99,Muhumed Mahad Muse,2,6,,M248-2,0,1,0.02647027186553441,2,99,1,0,99.02647027186553,1,2. M248-2 - Muhumed Mahad Muse,0,0.3529179141891715,999,99,Dhaqane Hussen Guhad,2,6,,M248-3,0,1,0.22552081561818726,3,99,1,0,99.22552081561818,1,3. M248-3 - Dhaqane Hussen Guhad,0,0.22211226913808835,999,99,Duwane Qasti Hussen,2,6,,M248-4,0,1,0.895309406991946,4,99,1,0,99.89530940699194,1,4. M248-4 - Duwane Qasti Hussen,0,0.3091715515463789,999,99,Dhaqane Muse Ali,2,2,,M248-5,0,0,0.11063385866948028,5,99,99,0,0.11063385866948028,1,5. M248-5 - Dhaqane Muse Ali,0,0.5159683446886765,999,99,Ahmed Badel Isman,2,1,,M248-6,1,0,0.2690694178235472,6,1,99,0,199.26906941782354,1,6. M248-6 - Ahmed Badel Isman,0,0.7124150579603985,999,99,Mohamedwali mohamed Ali,2,6,,M248-7,0,1,0.9608255647446677,7,99,1,0,99.96082556474467,1,7. M248-7 - Mohamedwali mohamed Ali,0,0.06676148467548593,999,99,Halimo Muhumed Isman,1,3,1,M248-8,1,0,0.23328859170751481,8,1,99,0.5,199.73328859170752,1,8. M248-8 - Halimo Muhumed Isman,1,0.30719314452038604,0.23328859170751481,1,Fadumo Ali Salad,1,6,1,M248-9,0,1,0.6158772015671224,9,99,1,0.5,100.11587720156712,1,9. M248-9 - Fadumo Ali Salad,1,0.8120905203755517,0.6158772015671224,1,Binta Cabdimahad Kelif,1,6,1,M248-10,0,1,0.86984209149841,10,99,1,0.5,100.36984209149841,1,10. M248-10 - Binta Cabdimahad Kelif,1,0.7688728163976062,0.86984209149841,1,Saynab Ibrahim Isaq,1,6,1,M248-11,0,1,0.35971098064303897,11,99,1,0.5,99.85971098064304,1,11. M248-11 - Saynab Ibrahim Isaq,0,0.6123927630575036,999,99,Barwaqo Daud Aden,1,6,1,M248-12,0,1,0.7716986838352153,12,99,1,0.5,100.27169868383521,1,12. M248-12 - Barwaqo Daud Aden,1,0.21840916040070024,0.7716986838352153,1,,,,,,,,,,,,,,,,,,,,,,,,,,,,,,,,,,,,,,,,,,,,,,,,,,,,,,,,,,,,,,,,,,,,,,,,,,,,,1,99.01912458678177 99.02647027186553 99.22552081561818 99.89530940699194 0.11063385866948028 199.26906941782354 99.96082556474467 199.73328859170752 100.11587720156712 100.36984209149841 99.85971098064304 100.27169868383521,8,6,10,12,9,7,1. M248_1 - Halimo Muhumed Isman,2. M248_2 - Ahmed Badel Isman,3. M248_3 - Binta Cabdimahad Kelif,4. M248_4 - Barwaqo Daud Aden,5. M248_5 - Fadumo Ali Salad,6. M248_6 - Mohamedwali mohamed Ali,0.23328859170751481 0.6158772015671224 0.86984209149841 0.7716986838352153,2,6 7 8 9 10 12,1. M248-1 - Omer muhumed daud<br/>2. M248-2 - Muhumed Mahad Muse<br/>3. M248-3 - Dhaqane Hussen Guhad<br/>4. M248-4 - Duwane Qasti Hussen<br/>5. M248-5 - Dhaqane Muse Ali<br/>6. M248-6 - Ahmed Badel Isman<br/>7. M248-7 - Mohamedwali mohamed Ali<br/>8. M248-8 - Halimo Muhumed Isman<br/>9. M248-9 - Fadumo Ali Salad<br/>10. M248-10 - Binta Cabdimahad Kelif<br/>11. M248-11 - Saynab Ibrahim Isaq<br/>12. M248-12 - Barwaqo Daud Aden,6,10,12,9,Binta Cabdimahad Kelif,Barwaqo Daud Aden,Fadumo Ali Salad,,,3. Binta Cabdimahad Kelif (Husband to be interviewed)<br/>,4. Barwaqo Daud Aden (Husband to be interviewed)<br/>,5. Fadumo Ali Salad (Husband to be interviewed)<br/>,,"Husbands of Binta Cabdimahad Kelif, Barwaqo Daud Aden and Fadumo Ali Salad must be interviewed (one may serve as replacement).",3,Fadumo Ali Salad (Replacement),⚠ Spouse interview required,uuid:fec9354d-c083-4054-b10d-fc42dd5c118a,2603230738,uuid:fec9354d-c083-4054-b10d-fc42dd5c118a
27-Mar-2026 20:02:32,26-Mar-2026 10:31:36,26-Mar-2026 10:49:10,d89643955cc62774,,llrp_team1,samsung|SM-X115|15|SurveyCTO Collect 2.81.5 (387e45a),1054,,Wesen,Fathiya,Jarati,Jarrati 02_1,M256,Sahal,12,HumanLed,#0a8f3c,12,12,Ahmed farah nur,2,6,,M256-1,0,1,0.9673813380834855,1,99,1,0,99.96738133808348,1,1. M256-1 - Ahmed farah nur,0,0.7386471161159595,999,99,Bashir hudle malin,2,6,,M256-2,0,1,0.9615936594158682,2,99,1,0,99.96159365941587,1,2. M256-2 - Bashir hudle malin,0,0.426771713189097,999,99,Arab abdinasir hussen,2,6,,M256-3,0,1,0.6353547029173209,3,99,1,0,99.63535470291733,1,3. M256-3 - Arab abdinasir hussen,0,0.8673988643528159,999,99,Hamdi rashid abdille,1,3,1,M256-4,1,0,0.20654943167902295,4,1,99,0.5,199.70654943167904,1,4. M256-4 - Hamdi rashid abdille,1,0.21026511384236346,0.20654943167902295,1,Aden muhumed farah,2,1,,M256-5,1,0,0.8485143909541524,5,1,99,0,199.84851439095416,1,5. M256-5 - Aden muhumed farah,0,0.7219407052556196,999,99,ISMAIL ALI ABDI,2,6,,M256-6,0,1,0.050907659135234096,6,99,1,0,99.05090765913523,1,6. M256-6 - ISMAIL ALI ABDI,0,0.3224336576712018,999,99,Hassen ahad ali,2,4,,M256-7,1,0,0.5971709407068533,7,1,99,0,199.59717094070686,1,7. M256-7 - Hassen ahad ali,0,0.9337133049854781,999,99,Jemale hassen amen,2,6,,M256-8,0,1,0.6514351703219664,8,99,1,0,99.65143517032196,1,8. M256-8 - Jemale hassen amen,0,0.589389716462705,999,99,Nasteho osman ahmed,1,6,2,M256-9,0,1,0.16922199867053278,9,99,1,0,99.16922199867054,1,9. M256-9 - Nasteho osman ahmed,0,0.05334217786874085,999,99,Mahamed rashid abdi,2,6,,M256-10,0,1,0.0014476912048159152,10,99,1,0,99.00144769120482,1,10. M256-10 - Mahamed rashid abdi,0,0.1836500176664252,999,99,Dakane nuuh gade,2,6,,M256-11,0,1,0.0728982886274443,11,99,1,0,99.07289828862744,1,11. M256-11 - Dakane nuuh gade,0,0.35615533038121383,999,99,Ahmedmed omer hssen,2,5,,M256-12,0,0,0.8229892305567059,12,99,99,0,0.8229892305567059,1,12. M256-12 - Ahmedmed omer hssen,0,0.9694182524461263,999,99,,,,,,,,,,,,,,,,,,,,,,,,,,,,,,,,,,,,,,,,,,,,,,,,,,,,,,,,,,,,,,,,,,,,,,,,,,,,,1,99.96738133808348 99.96159365941587 99.63535470291733 199.70654943167904 199.84851439095416 99.05090765913523 199.59717094070686 99.65143517032196 99.16922199867054 99.00144769120482 99.07289828862744 0.8229892305567059,5,4,7,1,2,8,1. M256_1 - Aden muhumed farah,2. M256_2 - Hamdi rashid abdille,3. M256_3 - Hassen ahad ali,4. M256_4 - Ahmed farah nur,5. M256_5 - Bashir hudle malin,6. M256_6 - Jemale hassen amen,0.20654943167902295,3,1 2 4 5 7 8,1. M256-1 - Ahmed farah nur<br/>2. M256-2 - Bashir hudle malin<br/>3. M256-3 - Arab abdinasir hussen<br/>4. M256-4 - Hamdi rashid abdille<br/>5. M256-5 - Aden muhumed farah<br/>6. M256-6 - ISMAIL ALI ABDI<br/>7. M256-7 - Hassen ahad ali<br/>8. M256-8 - Jemale hassen amen<br/>9. M256-9 - Nasteho osman ahmed<br/>10. M256-10 - Mahamed rashid abdi<br/>11. M256-11 - Dakane nuuh gade<br/>12. M256-12 - Ahmedmed omer hssen,6,4,,,Hamdi rashid abdille,,,,2. Hamdi rashid abdille (Husband to be interviewed)<br/>,,,,,Husband of Hamdi rashid abdille must be interviewed.,1,,⚠ Spouse interview required,uuid:e0eb9170-eec5-4077-bc96-34d10a359731,2603230738,uuid:e0eb9170-eec5-4077-bc96-34d10a359731
27-Mar-2026 20:07:37,27-Mar-2026 10:47:16,27-Mar-2026 11:02:17,43563d0bd9b9000f,,llrp_team1,samsung|SM-X115|16|SurveyCTO Collect 2.81.5 (387e45a),805,,Wesen,Abbe,Jarati,Qordir Kebele_1,M252,Cadceed,12,Control,#d60000,9,9,Ahmed hadi mohamed,2,5,,M252-1,0,0,0.06319845465201268,1,99,99,0,0.06319845465201268,1,1. M252-1 - Ahmed hadi mohamed,0,0.42990151306821145,999,99,Yusuf ahmed sahane,2,1,,M252-2,1,0,0.5320707830831078,2,1,99,0,199.5320707830831,1,2. M252-2 - Yusuf ahmed sahane,0,0.2723491614511523,999,99,Suwal muse ali,2,6,,M252-3,0,1,0.06838441638038617,3,99,1,0,99.06838441638038,1,3. M252-3 - Suwal muse ali,0,0.6889793611515428,999,99,Ali Aden Gedi,2,6,,M252-4,0,1,0.5993809936467449,4,99,1,0,99.59938099364675,1,4. M252-4 - Ali Aden Gedi,0,0.0068067394545183735,999,99,Mohamed Abdulahi Ibrahim,2,4,,M252-5,1,0,0.5355131746356365,5,1,99,0,199.53551317463564,1,5. M252-5 - Mohamed Abdulahi Ibrahim,0,0.6261107918368338,999,99,Qaste Hussen Gohad,2,6,,M252-6,0,1,0.13424583504994125,6,99,1,0,99.13424583504994,1,6. M252-6 - Qaste Hussen Gohad,0,0.7594716892302271,999,99,Irshad qaste Hussen,2,6,,M252-7,0,1,0.9737854545257217,7,99,1,0,99.97378545452572,1,7. M252-7 - Irshad qaste Hussen,0,0.97338288788931,999,99,Muslimo Malin Ali,1,3,,M252-8,1,0,0.8877188166584592,8,1,99,0,199.88771881665846,1,8. M252-8 - Muslimo Malin Ali,0,0.3967976744228099,999,99,Afiyo Badal Basas,1,6,,M252-9,0,1,0.3725869822538098,9,99,1,0,99.37258698225381,1,9. M252-9 - Afiyo Badal Basas,0,0.1460905760056216,999,99,,,,,,,,,,,,,,,,,,,,,,,,,,,,,,,,,,,,,,,,,,,,,,,,,,,,,,,,,,,,,,,,,,,,,,,,,,,,,,,,,,,,,,,,,,,,,,,,,,,,,,,,,,,,,,,,,,,,,,,,,,,,,,,,,,,,,,1,0.06319845465201268 199.5320707830831 99.06838441638038 99.59938099364675 199.53551317463564 99.13424583504994 99.97378545452572 199.88771881665846 99.37258698225381,8,5,2,7,4,9,1. M252_1 - Muslimo Malin Ali,2. M252_2 - Mohamed Abdulahi Ibrahim,3. M252_3 - Yusuf ahmed sahane,4. M252_4 - Irshad qaste Hussen,5. M252_5 - Ali Aden Gedi,6. M252_6 - Afiyo Badal Basas,,3,2 4 5 7 8 9,1. M252-1 - Ahmed hadi mohamed <br/>2. M252-2 - Yusuf ahmed sahane<br/>3. M252-3 - Suwal muse ali<br/>4. M252-4 - Ali Aden Gedi<br/>5. M252-5 - Mohamed Abdulahi Ibrahim<br/>6. M252-6 - Qaste Hussen Gohad<br/>7. M252-7 - Irshad qaste Hussen<br/>8. M252-8 - Muslimo Malin Ali<br/>9. M252-9 - Afiyo Badal Basas,6,,,,,,,,,,,,,No eligible spouse found.,0,,,uuid:6c077bd7-fae9-431d-94b7-3faa899eab7c,2603230738,uuid:6c077bd7-fae9-431d-94b7-3faa899eab7c
27-Mar-2026 20:21:37,26-Mar-2026 10:01:13,26-Mar-2026 17:21:24,9cc15578f30061b6,,llrp_team1,samsung|SM-X115|15|SurveyCTO Collect 2.81.5 (387e45a),848,,Wesen,Ahmed,Jarati,Kebele One_1,M249,Hodan,12,HumanLed,#0a8f3c,6,6,Ahmed Ali Sulub,2,1,,M249-1,1,0,0.7616131289298566,1,1,99,0,199.76161312892987,1,1. M249-1 - Ahmed Ali Sulub,0,0.6061227631573793,999,99,Waris Sheikmahamad Muhumed,1,3,2,M249-2,1,0,0.08094798480089982,2,1,99,0,199.0809479848009,1,2. M249-2 - Waris Sheikmahamad Muhumed,0,0.7078793265993406,999,99,Bare Yusuf Abdi,2,5,,M249-3,0,0,0.1979658569510252,3,99,99,0,0.1979658569510252,1,3. M249-3 - Bare Yusuf Abdi,0,0.7527923602253711,999,99,Fos Kahin Mahamed,1,6,2,M249-4,0,1,0.18399803702918294,4,99,1,0,99.18399803702918,1,4. M249-4 - Fos Kahin Mahamed,0,0.0797725667999577,999,99,1Abdirahman Ismail Abdi,2,6,,M249-5,0,1,0.39218284952253113,5,99,1,0,99.39218284952253,1,5. M249-5 - 1Abdirahman Ismail Abdi,0,0.02569068164545718,999,99,Kedija Yusuf Abdi,1,6,2,M249-6,0,1,0.7012006054811832,6,99,1,0,99.70120060548118,1,6. M249-6 - Kedija Yusuf Abdi,0,0.8324830786439457,999,99,,,,,,,,,,,,,,,,,,,,,,,,,,,,,,,,,,,,,,,,,,,,,,,,,,,,,,,,,,,,,,,,,,,,,,,,,,,,,,,,,,,,,,,,,,,,,,,,,,,,,,,,,,,,,,,,,,,,,,,,,,,,,,,,,,,,,,,,,,,,,,,,,,,,,,,,,,,,,,,,,,,,,,,,,,,,,,,,,,,,,,,,,,,,,,,1,199.76161312892987 199.0809479848009 0.1979658569510252 99.18399803702918 99.39218284952253 99.70120060548118,1,2,6,5,4,3,1. M249_1 - Ahmed Ali Sulub,2. M249_2 - Waris Sheikmahamad Muhumed,3. M249_3 - Kedija Yusuf Abdi,4. M249_4 - 1Abdirahman Ismail Abdi,5. M249_5 - Fos Kahin Mahamed,6. M249_6 - Bare Yusuf Abdi,,2,1 2 3 4 5 6,1. M249-1 - Ahmed Ali Sulub<br/>2. M249-2 - Waris Sheikmahamad Muhumed<br/>3. M249-3 - Bare Yusuf Abdi<br/>4. M249-4 - Fos Kahin Mahamed<br/>5. M249-5 - 1Abdirahman Ismail Abdi<br/>6. M249-6 - Kedija Yusuf Abdi,6,,,,,,,,,,,,,No eligible spouse found.,0,,,uuid:5f32d51d-8ea5-461d-96e3-4a3091debd90,2603230738,uuid:5f32d51d-8ea5-461d-96e3-4a3091debd90
27-Mar-2026 21:20:46,27-Mar-2026 10:48:14,27-Mar-2026 16:40:03,6b74f9d4edaa4c9a,,llrp_team1,samsung|SM-X115|15|SurveyCTO Collect 2.81.5 (387e45a),778,,Anteneh,Mahamed,Daror,Gosay_1,M65,Bisharo,10,TechLed,#1f4bd6,8,8,Muna awil moge,1,3,1,M65-1,1,0,0.16288323692892148,1,1,99,0.5,199.66288323692893,1,1. M65-1 - Muna awil moge,1,0.4261215488386424,0.16288323692892148,1,Fardawsa jirde esmail,1,6,2,M65-2,0,1,0.3135628032640365,2,99,1,0,99.31356280326403,1,2. M65-2 - Fardawsa jirde esmail,0,0.6611388741385029,999,99,Umulkayr seid abdi,1,6,2,M65-3,0,1,0.2721417620289146,3,99,1,0,99.27214176202891,1,3. M65-3 - Umulkayr seid abdi,0,0.18675846601120927,999,99,Jama mohamed guled,2,6,,M65-4,0,1,0.9088094042834285,4,99,1,0,99.90880940428343,1,4. M65-4 - Jama mohamed guled,0,0.9842044272697033,999,99,Bashe Adan abdi,2,6,,M65-5,0,1,0.056235797313481384,5,99,1,0,99.05623579731348,1,5. M65-5 - Bashe Adan abdi,0,0.1811827782308566,999,99,Adan aw-ahmed elmi,2,6,,M65-6,0,1,0.047878708343656484,6,99,1,0,99.04787870834366,1,6. M65-6 - Adan aw-ahmed elmi,0,0.2079514542132993,999,99,Abdi osman egal,2,6,,M65-7,0,1,0.322194686264733,7,99,1,0,99.32219468626474,1,7. M65-7 - Abdi osman egal,0,0.18234980533100642,999,99,Yousuf burale Ali,2,6,,M65-8,0,1,0.5475509382736403,8,99,1,0,99.54755093827364,1,8. M65-8 - Yousuf burale Ali,0,0.05532947242870079,999,99,,,,,,,,,,,,,,,,,,,,,,,,,,,,,,,,,,,,,,,,,,,,,,,,,,,,,,,,,,,,,,,,,,,,,,,,,,,,,,,,,,,,,,,,,,,,,,,,,,,,,,,,,,,,,,,,,,,,,,,,,,,,,,,,,,,,,,,,,,,,,,,,,,,,,,,,,0,199.66288323692893 99.31356280326403 99.27214176202891 99.90880940428343 99.05623579731348 99.04787870834366 99.32219468626474 99.54755093827364,1,4,8,7,2,3,1. M65_1 - Muna awil moge,2. M65_2 - Jama mohamed guled,3. M65_3 - Yousuf burale Ali,4. M65_4 - Abdi osman egal,5. M65_5 - Fardawsa jirde esmail,6. M65_6 - Umulkayr seid abdi,0.16288323692892148,1,1 2 3 4 7 8,1. M65-1 - Muna awil moge<br/>2. M65-2 - Fardawsa jirde esmail<br/>3. M65-3 - Umulkayr seid abdi<br/>4. M65-4 - Jama mohamed guled<br/>5. M65-5 - Bashe Adan abdi<br/>6. M65-6 - Adan aw-ahmed elmi<br/>7. M65-7 - Abdi osman egal<br/>8. M65-8 - Yousuf burale Ali,6,1,,,Muna awil moge,,,1. Muna awil moge (Husband to be interviewed)<br/>,,,,,,Husband of Muna awil moge must be interviewed.,1,,⚠ Spouse interview required,uuid:170c1d54-3a7b-43e8-a421-628437a7f0f9,2603230738,uuid:170c1d54-3a7b-43e8-a421-628437a7f0f9
27-Mar-2026 21:26:10,27-Mar-2026 10:14:04,27-Mar-2026 10:22:13,2ea1ffc601b2cdbf,,llrp_team1,samsung|SM-X115|14|SurveyCTO Collect 2.81.5 (387e45a),447,,Anteneh,Abdinasir,Daror,Daroor-02_1,M69,Barwaqo,8,TechLed,#1f4bd6,7,7,Hussein aden ismail,2,6,,M69-1,0,1,0.6435698519022985,1,99,1,0,99.6435698519023,1,1. M69-1 - Hussein aden ismail,0,0.03944664397351638,999,99,Kader abdi hassan,2,6,,M69-2,0,1,0.1517427435212093,2,99,1,0,99.15174274352121,1,2. M69-2 - Kader abdi hassan,0,0.18755907953819495,999,99,Mawlid urur awle,2,1,,M69-3,1,0,0.5962082226730383,3,1,99,0,199.59620822267303,1,3. M69-3 - Mawlid urur awle,0,0.17280886764883163,999,99,Muna aden ismail,1,6,2,M69-4,0,1,0.5166260404744702,4,99,1,0,99.51662604047446,1,4. M69-4 - Muna aden ismail,0,0.08246502857686988,999,99,Roda abdilahi mohamed,1,6,1,M69-5,0,1,0.9264252128217713,5,99,1,0.5,100.42642521282177,1,5. M69-5 - Roda abdilahi mohamed,1,0.35754996564199726,0.9264252128217713,1,Nimco arab nuh,1,6,2,M69-6,0,1,0.43936100270185385,6,99,1,0,99.43936100270186,1,6. M69-6 - Nimco arab nuh,0,0.9869801605111623,999,99,Fardawsa mohamed aden,1,6,2,M69-7,0,1,0.24621680777028188,7,99,1,0,99.24621680777028,1,7. M69-7 - Fardawsa mohamed aden,0,0.557033298536409,999,99,,,,,,,,,,,,,,,,,,,,,,,,,,,,,,,,,,,,,,,,,,,,,,,,,,,,,,,,,,,,,,,,,,,,,,,,,,,,,,,,,,,,,,,,,,,,,,,,,,,,,,,,,,,,,,,,,,,,,,,,,,,,,,,,,,,,,,,,,,,,,,,,,,,,,,,,,,,,,,,,,,,,,,,,,,,,1,99.6435698519023 99.15174274352121 199.59620822267303 99.51662604047446 100.42642521282177 99.43936100270186 99.24621680777028,3,5,1,4,6,7,1. M69_1 - Mawlid urur awle,2. M69_2 - Roda abdilahi mohamed,3. M69_3 - Hussein aden ismail,4. M69_4 - Muna aden ismail,5. M69_5 - Nimco arab nuh,6. M69_6 - Fardawsa mohamed aden,0.9264252128217713,1,1 3 4 5 6 7,1. M69-1 - Hussein aden ismail<br/>2. M69-2 - Kader abdi hassan<br/>3. M69-3 - Mawlid urur awle<br/>4. M69-4 - Muna aden ismail<br/>5. M69-5 - Roda abdilahi mohamed<br/>6. M69-6 - Nimco arab nuh<br/>7. M69-7 - Fardawsa mohamed aden,6,5,,,Roda abdilahi mohamed,,,,2. Roda abdilahi mohamed (Husband to be interviewed)<br/>,,,,,Husband of Roda abdilahi mohamed must be interviewed.,1,,⚠ Spouse interview required,uuid:342a31cb-aa3c-48d9-bc1d-cc649cc666c9,2603230738,uuid:342a31cb-aa3c-48d9-bc1d-cc649cc666c9
27-Mar-2026 21:40:18,27-Mar-2026 10:07:14,27-Mar-2026 21:36:02,8f3862932650ecd7,,llrp_team1,samsung|SM-X115|15|SurveyCTO Collect 2.81.4 (461ba40),1031,,Anteneh,Mohamed,Daror,Daror 01_1,M62,Bulsho kaab,13,HumanLed,#0a8f3c,8,8,Jama koosar Ahmed,2,1,,M62-1,1,0,0.7488436452665634,1,1,99,0,199.74884364526656,1,1. M62-1 - Jama koosar Ahmed,0,0.9775082474129825,999,99,Mustaphe Muuse Ahmed,2,6,,M62-2,0,1,0.6105630079270286,2,99,1,0,99.61056300792703,1,2. M62-2 - Mustaphe Muuse Ahmed,0,0.12365212755875565,999,99,Aydarus Muhummed Siciid,2,6,,M62-3,0,1,0.8611952288255175,3,99,1,0,99.86119522882552,1,3. M62-3 - Aydarus Muhummed Siciid,0,0.934866960544665,999,99,Faisa Abdillahi Abdi,1,6,1,M62-4,0,1,0.16520290797245285,4,99,1,0.5,99.66520290797246,1,4. M62-4 - Faisa Abdillahi Abdi,1,0.5809229191862103,0.16520290797245285,1,Qadan jama Duale,1,6,2,M62-5,0,1,0.7638145464953051,5,99,1,0,99.76381454649531,1,5. M62-5 - Qadan jama Duale,0,0.8864637604061414,999,99,Soreer hassan kalib,1,6,2,M62-6,0,1,0.802673584890707,6,99,1,0,99.80267358489071,1,6. M62-6 - Soreer hassan kalib,0,0.8494721246906461,999,99,Aamina Adan Haybe,1,3,2,M62-7,1,0,0.1104905167048773,7,1,99,0,199.11049051670489,1,7. M62-7 - Aamina Adan Haybe,0,0.9270364230299284,999,99,Sakariye Abdi ise,2,6,,M62-8,0,1,0.4295054045908312,8,99,1,0,99.42950540459083,1,8. M62-8 - Sakariye Abdi ise,0,0.7391987604888235,999,99,,,,,,,,,,,,,,,,,,,,,,,,,,,,,,,,,,,,,,,,,,,,,,,,,,,,,,,,,,,,,,,,,,,,,,,,,,,,,,,,,,,,,,,,,,,,,,,,,,,,,,,,,,,,,,,,,,,,,,,,,,,,,,,,,,,,,,,,,,,,,,,,,,,,,,,,,1,199.74884364526656 99.61056300792703 99.86119522882552 99.66520290797246 99.76381454649531 99.80267358489071 199.11049051670489 99.42950540459083,1,7,3,6,5,4,1. M62_1 - Jama koosar Ahmed,2. M62_2 - Aamina Adan Haybe,3. M62_3 - Aydarus Muhummed Siciid,4. M62_4 - Soreer hassan kalib,5. M62_5 - Qadan jama Duale,6. M62_6 - Faisa Abdillahi Abdi,0.16520290797245285,2,1 3 4 5 6 7,1. M62-1 - Jama koosar Ahmed<br/>2. M62-2 - Mustaphe Muuse Ahmed<br/>3. M62-3 - Aydarus Muhummed Siciid<br/>4. M62-4 - Faisa Abdillahi Abdi<br/>5. M62-5 - Qadan jama Duale<br/>6. M62-6 - Soreer hassan kalib<br/>7. M62-7 - Aamina Adan Haybe<br/>8. M62-8 - Sakariye Abdi ise,6,4,,,Faisa Abdillahi Abdi,,,,,,,,6. Faisa Abdillahi Abdi (Husband to be interviewed)<br/>,Husband of Faisa Abdillahi Abdi must be interviewed.,1,,⚠ Spouse interview required,uuid:7ab6e2e7-4d43-47b8-9ae1-10c19e578dda,2603230738,uuid:7ab6e2e7-4d43-47b8-9ae1-10c19e578dda
27-Mar-2026 23:09:14,27-Mar-2026 11:09:07,27-Mar-2026 23:07:12,cf84d912f7bc03f1,,llrp_team1,samsung|SM-X115|14|SurveyCTO Collect 2.81.5 (387e45a),986,,Anteneh,Abdiresaq,Denan,Walalgoo_1,M101,Samir,12,HumanLed,#0a8f3c,9,9,Ahmed Abdi garad,2,3,,M101-1,1,0,0.4360802632970605,1,1,99,0,199.43608026329707,1,1. M101-1 - Ahmed Abdi garad,0,0.24206325284861907,999,99,Nur Abdulahi Ali,2,6,,M101-2,0,1,0.4277193319659861,2,99,1,0,99.42771933196599,1,2. M101-2 - Nur Abdulahi Ali,0,0.3982911202937709,999,99,Muhsin muhumed id,2,1,,M101-3,1,0,0.38213913537295485,3,1,99,0,199.38213913537297,1,3. M101-3 - Muhsin muhumed id,0,0.48630712702331114,999,99,Sahra Aydid Kuhad,1,6,2,M101-4,0,1,0.38238231632012787,4,99,1,0,99.38238231632013,1,4. M101-4 - Sahra Aydid Kuhad,0,0.9332230982480891,999,99,Sawda Ibrahim Abdullahi,1,6,1,M101-5,0,1,0.4630526578137272,5,99,1,0.5,99.96305265781373,1,5. M101-5 - Sawda Ibrahim Abdullahi,1,0.7010839978113018,0.4630526578137272,1,Mahabo muhumed gedi,1,6,2,M101-6,0,1,0.2539097258162598,6,99,1,0,99.25390972581626,1,6. M101-6 - Mahabo muhumed gedi,0,0.6128453273551093,999,99,Ruqiya mahamud kilas,1,6,2,M101-7,0,1,0.09054125757744547,7,99,1,0,99.09054125757744,1,7. M101-7 - Ruqiya mahamud kilas,0,0.2846139401160349,999,99,Saynaba Hussen Abdi,1,6,1,M101-8,0,1,0.41078387745517175,8,99,1,0.5,99.91078387745517,1,8. M101-8 - Saynaba Hussen Abdi,1,0.9210647347007416,0.41078387745517175,1,Fadumo isman muse,1,6,1,M101-9,0,1,0.6086245882305872,9,99,1,0.5,100.10862458823058,1,9. M101-9 - Fadumo isman muse,1,0.14031241550826545,0.6086245882305872,1,,,,,,,,,,,,,,,,,,,,,,,,,,,,,,,,,,,,,,,,,,,,,,,,,,,,,,,,,,,,,,,,,,,,,,,,,,,,,,,,,,,,,,,,,,,,,,,,,,,,,,,,,,,,,,,,,,,,,,,,,,,,,,,,,,,,,,1,199.43608026329707 99.42771933196599 199.38213913537297 99.38238231632013 99.96305265781373 99.25390972581626 99.09054125757744 99.91078387745517 100.10862458823058,1,3,9,5,8,2,1. M101_1 - Ahmed Abdi garad,2. M101_2 - Muhsin muhumed id,3. M101_3 - Fadumo isman muse,4. M101_4 - Sawda Ibrahim Abdullahi,5. M101_5 - Saynaba Hussen Abdi,6. M101_6 - Nur Abdulahi Ali,0.4630526578137272 0.41078387745517175 0.6086245882305872,2,1 2 3 5 8 9,1. M101-1 - Ahmed Abdi garad<br/>2. M101-2 - Nur Abdulahi Ali<br/>3. M101-3 - Muhsin muhumed id<br/>4. M101-4 - Sahra Aydid Kuhad<br/>5. M101-5 - Sawda Ibrahim Abdullahi<br/>6. M101-6 - Mahabo muhumed gedi<br/>7. M101-7 - Ruqiya mahamud kilas<br/>8. M101-8 - Saynaba Hussen Abdi<br/>9. M101-9 - Fadumo isman muse,6,9,5,8,Fadumo isman muse,Sawda Ibrahim Abdullahi,Saynaba Hussen Abdi,,,3. Fadumo isman muse (Husband to be interviewed)<br/>,4. Sawda Ibrahim Abdullahi (Husband to be interviewed)<br/>,5. Saynaba Hussen Abdi (Husband to be interviewed)<br/>,,"Husbands of Fadumo isman muse, Sawda Ibrahim Abdullahi and Saynaba Hussen Abdi must be interviewed (one may serve as replacement).",3,Saynaba Hussen Abdi (Replacement),⚠ Spouse interview required,uuid:6007216b-bf55-477c-8f3e-49024a68ca24,2603230738,uuid:6007216b-bf55-477c-8f3e-49024a68ca24
28-Mar-2026 09:45:43,27-Mar-2026 15:42:48,28-Mar-2026 09:44:36,3360ac9e5488af4f,,llrp_team1,samsung|SM-X115|14|SurveyCTO Collect 2.81.5 (387e45a),465,,Muktar,Abdulfetah,Yahob,Bashuuro_1,M356,Erer,12,TechLed,#1f4bd6,11,11,Korane muktar farah,2,1,,M356-1,1,0,0.6368236140707365,1,1,99,0,199.63682361407075,1,1. M356-1 - Korane muktar farah,0,0.38052698120336603,999,99,Ahmed Muhummed Nur,2,2,,M356-2,0,0,0.3099788780571061,2,99,99,0,0.3099788780571061,1,2. M356-2 - Ahmed Muhummed Nur,0,0.9947519098538298,999,99,Mohammed shek Ali,2,6,,M356-3,0,1,0.8184424523698196,3,99,1,0,99.81844245236982,1,3. M356-3 - Mohammed shek Ali,0,0.7629707777684984,999,99,Ahmed macalin kalif,2,5,,M356-4,0,0,0.5576509227567983,4,99,99,0,0.5576509227567983,1,4. M356-4 - Ahmed macalin kalif,0,0.8105241396338382,999,99,Abdikadir Akbal Abdi,2,6,,M356-5,0,1,0.03573030857446502,5,99,1,0,99.03573030857447,1,5. M356-5 - Abdikadir Akbal Abdi,0,0.5468630829797565,999,99,Rukiya macalin Abdi,1,3,2,M356-6,1,0,0.10361967121320736,6,1,99,0,199.1036196712132,1,6. M356-6 - Rukiya macalin Abdi,0,0.9427492205455391,999,99,Ardo deeh Abdi,1,6,2,M356-7,0,1,0.48825939699850507,7,99,1,0,99.4882593969985,1,7. M356-7 - Ardo deeh Abdi,0,0.9441571650537663,999,99,Sahra Abdullahi shil,1,6,2,M356-8,0,1,0.8560377385969046,8,99,1,0,99.85603773859691,1,8. M356-8 - Sahra Abdullahi shil,0,0.9925362376233088,999,99,Habiba farah Abdi,1,6,2,M356-9,0,1,0.04288700963140535,9,99,1,0,99.0428870096314,1,9. M356-9 - Habiba farah Abdi,0,0.13578695735469304,999,99,Asha huud shek,1,6,2,M356-10,0,1,0.7576679222685546,10,99,1,0,99.75766792226855,1,10. M356-10 - Asha huud shek,0,0.4202284528244232,999,99,Shukri shek Ahmed,1,6,1,M356-11,0,1,0.8454058751922711,11,99,1,0.5,100.34540587519227,1,11. M356-11 - Shukri shek Ahmed,1,0.7574230915982386,0.8454058751922711,1,,,,,,,,,,,,,,,,,,,,,,,,,,,,,,,,,,,,,,,,,,,,,,,,,,,,,,,,,,,,,,,,,,,,,,,,,,,,,,,,,,,,,,,,,,,,,,,,1,199.63682361407075 0.3099788780571061 99.81844245236982 0.5576509227567983 99.03573030857447 199.1036196712132 99.4882593969985 99.85603773859691 99.0428870096314 99.75766792226855 100.34540587519227,1,6,11,8,3,10,1. M356_1 - Korane muktar farah,2. M356_2 - Rukiya macalin Abdi,3. M356_3 - Shukri shek Ahmed,4. M356_4 - Sahra Abdullahi shil,5. M356_5 - Mohammed shek Ali,6. M356_6 - Asha huud shek,0.8454058751922711,2,1 3 6 8 10 11,1. M356-1 - Korane muktar farah<br/>2. M356-2 - Ahmed Muhummed Nur<br/>3. M356-3 - Mohammed shek Ali<br/>4. M356-4 - Ahmed macalin kalif<br/>5. M356-5 - Abdikadir Akbal Abdi<br/>6. M356-6 - Rukiya macalin Abdi<br/>7. M356-7 - Ardo deeh Abdi<br/>8. M356-8 - Sahra Abdullahi shil<br/>9. M356-9 - Habiba farah Abdi<br/>10. M356-10 - Asha huud shek<br/>11. M356-11 - Shukri shek Ahmed,6,11,,,Shukri shek Ahmed,,,,,3. Shukri shek Ahmed (Husband to be interviewed)<br/>,,,,Husband of Shukri shek Ahmed must be interviewed.,1,,⚠ Spouse interview required,uuid:c18bf824-3038-483c-8320-2a55f35e8b55,2603230738,uuid:c18bf824-3038-483c-8320-2a55f35e8b55
28-Mar-2026 10:25:40,26-Mar-2026 15:36:31,27-Mar-2026 10:06:10,78b63b5b10d7e676,,llrp_team1,samsung|SM-X115|15|SurveyCTO Collect 2.81.5 (387e45a),484,,Wesen,Hasen,Jarati,Jarati 02_1,M251,Barwaqo,12,Control,#d60000,7,7,Farah diriye maah,2,1,,M251-1,1,0,0.1545032907365227,1,1,99,0,199.15450329073653,1,1. M251-1 - Farah diriye maah,0,0.19461274111953808,999,99,Ali Mohamed digale,2,5,,M251-2,0,0,0.8267577521016846,2,99,99,0,0.8267577521016846,1,2. M251-2 - Ali Mohamed digale,0,0.7136765152928778,999,99,Zeynab sahal warsame,1,3,,M251-3,1,0,0.027480769101629887,3,1,99,0,199.02748076910163,1,3. M251-3 - Zeynab sahal warsame,0,0.32629931435934634,999,99,Sirad dahir ukur,1,6,,M251-4,0,1,0.3319020716219967,4,99,1,0,99.331902071622,1,4. M251-4 - Sirad dahir ukur,0,0.4931868839494373,999,99,Aden abdi ershad,2,6,,M251-5,0,1,0.3253027790287788,5,99,1,0,99.32530277902877,1,5. M251-5 - Aden abdi ershad,0,0.8910633684623354,999,99,Kedar arab mahamud,2,6,,M251-6,0,1,0.772650781118678,6,99,1,0,99.77265078111868,1,6. M251-6 - Kedar arab mahamud,0,0.5125195504839796,999,99,Jama hasen hared,2,6,,M251-7,0,1,0.9698650660704691,7,99,1,0,99.96986506607047,1,7. M251-7 - Jama hasen hared,0,0.6504647069314511,999,99,,,,,,,,,,,,,,,,,,,,,,,,,,,,,,,,,,,,,,,,,,,,,,,,,,,,,,,,,,,,,,,,,,,,,,,,,,,,,,,,,,,,,,,,,,,,,,,,,,,,,,,,,,,,,,,,,,,,,,,,,,,,,,,,,,,,,,,,,,,,,,,,,,,,,,,,,,,,,,,,,,,,,,,,,,,,1,199.15450329073653 0.8267577521016846 199.02748076910163 99.331902071622 99.32530277902877 99.77265078111868 99.96986506607047,1,3,7,6,4,5,1. M251_1 - Farah diriye maah,2. M251_2 - Zeynab sahal warsame,3. M251_3 - Jama hasen hared,4. M251_4 - Kedar arab mahamud,5. M251_5 - Sirad dahir ukur,6. M251_6 - Aden abdi ershad,,2,1 3 4 5 6 7,1. M251-1 - Farah diriye maah<br/>2. M251-2 - Ali Mohamed digale<br/>3. M251-3 - Zeynab sahal warsame<br/>4. M251-4 - Sirad dahir ukur<br/>5. M251-5 - Aden abdi ershad<br/>6. M251-6 - Kedar arab mahamud<br/>7. M251-7 - Jama hasen hared,6,,,,,,,,,,,,,No eligible spouse found.,0,,,uuid:cc58f035-c5bd-45c9-be8c-00baf83920b1,2603230738,uuid:cc58f035-c5bd-45c9-be8c-00baf83920b1
28-Mar-2026 19:22:17,28-Mar-2026 11:11:26,28-Mar-2026 14:12:12,77f1a9f1d6894071,,llrp_team1,samsung|SM-X115|15|SurveyCTO Collect 2.81.5 (387e45a),595,,Daniel,Hakima,Goljano,Goljano town_1,M205,Saafi,7,Control,#d60000,7,7,Abdi Ahmed Hussen,2,6,,M205-1,0,1,0.2830536320598115,1,99,1,0,99.28305363205982,1,1. M205-1 - Abdi Ahmed Hussen,0,0.25606786166080686,999,99,Mustafe Sagal Hussen,2,1,,M205-2,1,0,0.43988330365286943,2,1,99,0,199.43988330365286,1,2. M205-2 - Mustafe Sagal Hussen,0,0.3387364226708006,999,99,Bishar Abdillahi Mohamud,2,6,,M205-3,0,1,0.029342706208218772,3,99,1,0,99.02934270620821,1,3. M205-3 - Bishar Abdillahi Mohamud,0,0.516473452032741,999,99,Amina Mohamud Hussen,1,6,,M205-4,0,1,0.6405504058869531,4,99,1,0,99.64055040588696,1,4. M205-4 - Amina Mohamud Hussen,0,0.9226435895614076,999,99,Fatuma Ahmed Hassen,1,3,,M205-5,1,0,0.3953045074494643,5,1,99,0,199.39530450744945,1,5. M205-5 - Fatuma Ahmed Hassen,0,0.08064136248607734,999,99,Nasra Ahmed Hassen,1,5,,M205-6,0,0,0.69794051247239,6,99,99,0,0.69794051247239,1,6. M205-6 - Nasra Ahmed Hassen,0,0.4687220916217828,999,99,Reshid Mahdi Seyid,2,6,,M205-7,0,1,0.8125139680191409,7,99,1,0,99.81251396801915,1,7. M205-7 - Reshid Mahdi Seyid,0,0.49875844997897456,999,99,,,,,,,,,,,,,,,,,,,,,,,,,,,,,,,,,,,,,,,,,,,,,,,,,,,,,,,,,,,,,,,,,,,,,,,,,,,,,,,,,,,,,,,,,,,,,,,,,,,,,,,,,,,,,,,,,,,,,,,,,,,,,,,,,,,,,,,,,,,,,,,,,,,,,,,,,,,,,,,,,,,,,,,,,,,,1,99.28305363205982 199.43988330365286 99.02934270620821 99.64055040588696 199.39530450744945 0.69794051247239 99.81251396801915,2,5,7,4,1,3,1. M205_1 - Mustafe Sagal Hussen,2. M205_2 - Fatuma Ahmed Hassen,3. M205_3 - Reshid Mahdi Seyid,4. M205_4 - Amina Mohamud Hussen,5. M205_5 - Abdi Ahmed Hussen,6. M205_6 - Bishar Abdillahi Mohamud,,2,1 2 3 4 5 7,1. M205-1 - Abdi Ahmed Hussen<br/>2. M205-2 - Mustafe Sagal Hussen<br/>3. M205-3 - Bishar Abdillahi Mohamud<br/>4. M205-4 - Amina Mohamud Hussen<br/>5. M205-5 - Fatuma Ahmed Hassen<br/>6. M205-6 - Nasra Ahmed Hassen<br/>7. M205-7 - Reshid Mahdi Seyid,6,,,,,,,,,,,,,No eligible spouse found.,0,,,uuid:3978d795-fa95-479b-b568-0a2c7b92c3fb,2603230738,uuid:3978d795-fa95-479b-b568-0a2c7b92c3fb
28-Mar-2026 19:44:58,28-Mar-2026 09:24:36,28-Mar-2026 10:30:20,ba3fdfe2634dc752,,wtcollection,samsung|SM-A127F|13|SurveyCTO Collect 2.81.4 (461ba40),895,,Anteneh,Abdinasir,Daror,Daroor-01_1,M68,Anfac,9,Control,#d60000,9,9,Mawlid talyani barud,2,1,,M68-1,1,0,0.5486726680823566,1,1,99,0,199.54867266808236,1,1. M68-1 - Mawlid talyani barud,0,0.13631039969983239,999,99,Mawlid abdi tarabi,2,6,,M68-2,0,1,0.7221143257781012,2,99,1,0,99.72211432577811,1,2. M68-2 - Mawlid abdi tarabi,0,0.7215741090158553,999,99,Mohamed Korane hashi,2,6,,M68-3,0,1,0.8388517328336433,3,99,1,0,99.83885173283365,1,3. M68-3 - Mohamed Korane hashi,0,0.2324880816477366,999,99,Hamse harir mohamed,2,6,,M68-4,0,1,0.09392563621413219,4,99,1,0,99.09392563621414,1,4. M68-4 - Hamse harir mohamed,0,0.5206696534871672,999,99,Yasmin ahmed muhumed,1,3,,M68-5,1,0,0.06621880830773685,5,1,99,0,199.06621880830772,1,5. M68-5 - Yasmin ahmed muhumed,0,0.38717352429876795,999,99,Fuad guled ali,2,6,,M68-6,0,1,0.8880230569284895,6,99,1,0,99.88802305692849,1,6. M68-6 - Fuad guled ali,0,0.9299598547661461,999,99,Abdikadir faisal olad,2,6,,M68-7,0,1,0.6201693207082354,7,99,1,0,99.62016932070823,1,7. M68-7 - Abdikadir faisal olad,0,0.4355702429976137,999,99,Hamse ahmed selan,2,6,,M68-8,0,1,0.41055901793317395,8,99,1,0,99.41055901793317,1,8. M68-8 - Hamse ahmed selan,0,0.2537681988215058,999,99,Zayid hassan abdi,2,6,,M68-9,0,1,0.22144288458600314,9,99,1,0,99.221442884586,1,9. M68-9 - Zayid hassan abdi,0,0.10295239963743541,999,99,,,,,,,,,,,,,,,,,,,,,,,,,,,,,,,,,,,,,,,,,,,,,,,,,,,,,,,,,,,,,,,,,,,,,,,,,,,,,,,,,,,,,,,,,,,,,,,,,,,,,,,,,,,,,,,,,,,,,,,,,,,,,,,,,,,,,,1,199.54867266808236 99.72211432577811 99.83885173283365 99.09392563621414 199.06621880830772 99.88802305692849 99.62016932070823 99.41055901793317 99.221442884586,1,5,6,3,2,7,1. M68_1 - Mawlid talyani barud,2. M68_2 - Yasmin ahmed muhumed,3. M68_3 - Fuad guled ali,4. M68_4 - Mohamed Korane hashi,5. M68_5 - Mawlid abdi tarabi,6. M68_6 - Abdikadir faisal olad,,2,1 2 3 5 6 7,1. M68-1 - Mawlid talyani barud<br/>2. M68-2 - Mawlid abdi tarabi<br/>3. M68-3 - Mohamed Korane hashi<br/>4. M68-4 - Hamse harir mohamed<br/>5. M68-5 - Yasmin ahmed muhumed<br/>6. M68-6 - Fuad guled ali<br/>7. M68-7 - Abdikadir faisal olad<br/>8. M68-8 - Hamse ahmed selan<br/>9. M68-9 - Zayid hassan abdi,6,,,,,,,,,,,,,No eligible spouse found.,0,,,uuid:73c81adf-0daa-466c-9e43-7105d20d5f4f,2603230738,uuid:73c81adf-0daa-466c-9e43-7105d20d5f4f
28-Mar-2026 19:45:09,28-Mar-2026 14:01:31,28-Mar-2026 14:12:26,ba3fdfe2634dc752,,wtcollection,samsung|SM-A127F|13|SurveyCTO Collect 2.81.4 (461ba40),582,,Anteneh,Abdinasir,Daror,Dekada sub-v_1,M63,Horseed,10,TechLed,#1f4bd6,8,8,muhumed abdilahi ismail,2,6,,M63-1,0,1,0.9897109154341571,1,99,1,0,99.98971091543416,1,1. M63-1 - muhumed abdilahi ismail,0,0.052615418446671613,999,99,Jamal abdi gurey,2,1,,M63-2,1,0,0.8521708628259701,2,1,99,0,199.85217086282597,1,2. M63-2 - Jamal abdi gurey,0,0.8716946929821283,999,99,Ismail omer osman,2,5,,M63-3,0,0,0.706243304627648,3,99,99,0,0.706243304627648,1,3. M63-3 - Ismail omer osman,0,0.028037273905072935,999,99,Nimo jamal aw-muse,1,6,1,M63-4,0,1,0.24255310872027636,4,99,1,0.5,99.74255310872027,1,4. M63-4 - Nimo jamal aw-muse,1,0.7354803487519337,0.24255310872027636,1,Adna ahmed muhumed,1,6,1,M63-5,0,1,0.7830081400630218,5,99,1,0.5,100.28300814006302,1,5. M63-5 - Adna ahmed muhumed,1,0.7544908117656134,0.7830081400630218,1,Seada bedel ahmed,1,6,2,M63-6,0,1,0.7543933761096295,6,99,1,0,99.75439337610963,1,6. M63-6 - Seada bedel ahmed,0,0.893856531095589,999,99,Kelsum belayah rage,1,6,2,M63-7,0,1,0.8655514236022732,7,99,1,0,99.86555142360227,1,7. M63-7 - Kelsum belayah rage,0,0.038286696732782954,999,99,Amina mohamed kaire,1,6,2,M63-8,0,1,0.051172827345366656,8,99,1,0,99.05117282734537,1,8. M63-8 - Amina mohamed kaire,0,0.16036344499747557,999,99,,,,,,,,,,,,,,,,,,,,,,,,,,,,,,,,,,,,,,,,,,,,,,,,,,,,,,,,,,,,,,,,,,,,,,,,,,,,,,,,,,,,,,,,,,,,,,,,,,,,,,,,,,,,,,,,,,,,,,,,,,,,,,,,,,,,,,,,,,,,,,,,,,,,,,,,,1,99.98971091543416 199.85217086282597 0.706243304627648 99.74255310872027 100.28300814006302 99.75439337610963 99.86555142360227 99.05117282734537,2,5,1,7,6,4,1. M63_1 - Jamal abdi gurey,2. M63_2 - Adna ahmed muhumed,3. M63_3 - muhumed abdilahi ismail,4. M63_4 - Kelsum belayah rage,5. M63_5 - Seada bedel ahmed,6. M63_6 - Nimo jamal aw-muse,0.24255310872027636 0.7830081400630218,1,1 2 4 5 6 7,1. M63-1 - muhumed abdilahi ismail<br/>2. M63-2 - Jamal abdi gurey<br/>3. M63-3 - Ismail omer osman<br/>4. M63-4 - Nimo jamal aw-muse<br/>5. M63-5 - Adna ahmed muhumed<br/>6. M63-6 - Seada bedel ahmed<br/>7. M63-7 - Kelsum belayah rage<br/>8. M63-8 - Amina mohamed kaire,6,5,4,,Adna ahmed muhumed,Nimo jamal aw-muse,,,2. Adna ahmed muhumed (Husband to be interviewed)<br/>,,,,6. Nimo jamal aw-muse (Husband to be interviewed)<br/>,Husbands of Adna ahmed muhumed and Nimo jamal aw-muse must be interviewed.,2,,⚠ Spouse interview required,uuid:63aecc0f-8b04-4c97-803c-02d192cbaed0,2603230738,uuid:63aecc0f-8b04-4c97-803c-02d192cbaed0
28-Mar-2026 20:39:19,28-Mar-2026 11:10:28,28-Mar-2026 20:23:21,82e2405be9604681,,llrp_team1,samsung|SM-X115|15|SurveyCTO Collect 2.81.5 (387e45a),695,,Daniel,Daniel,Goljano,Goljano twon_1,M197,Ilays,16,Control,#d60000,9,9,Human Mukhtar cumar,1,6,,M197-1,0,1,0.9810180181645992,1,99,1,0,99.9810180181646,1,1. M197-1 - Human Mukhtar cumar,0,0.5098810864462353,999,99,Khadra hassen deeq,1,6,,M197-2,0,1,0.5876793761117114,2,99,1,0,99.58767937611171,1,2. M197-2 - Khadra hassen deeq,0,0.019167674400679457,999,99,Hawa Abdulahi Mehamud,1,1,,M197-3,1,0,0.44123776601952647,3,1,99,0,199.44123776601953,1,3. M197-3 - Hawa Abdulahi Mehamud,0,0.9303720543133069,999,99,Suad sherif kelif,1,3,,M197-4,1,0,0.21707545099377912,4,1,99,0,199.21707545099378,1,4. M197-4 - Suad sherif kelif,0,0.9467542499033542,999,99,Jel Mehamed Abdiqani,2,6,,M197-5,0,1,0.5877417646571373,5,99,1,0,99.58774176465714,1,5. M197-5 - Jel Mehamed Abdiqani,0,0.739385476155373,999,99,Bashir Abdal Abdi,2,5,,M197-6,0,0,0.4628203960264504,6,99,99,0,0.4628203960264504,1,6. M197-6 - Bashir Abdal Abdi,0,0.003703803195119648,999,99,NASRI MEHAMUD DIBAD,2,6,,M197-7,0,1,0.8176503324652419,7,99,1,0,99.81765033246525,1,7. M197-7 - NASRI MEHAMUD DIBAD,0,0.28049184145316064,999,99,Sadra Abdulahi Abdi,1,6,,M197-8,0,1,0.9245121998797158,8,99,1,0,99.92451219987971,1,8. M197-8 - Sadra Abdulahi Abdi,0,0.3153076149069617,999,99,Khadra Abdulahi Abdi,1,6,,M197-9,0,1,0.2812332935787444,9,99,1,0,99.28123329357875,1,9. M197-9 - Khadra Abdulahi Abdi,0,0.5076723631250885,999,99,,,,,,,,,,,,,,,,,,,,,,,,,,,,,,,,,,,,,,,,,,,,,,,,,,,,,,,,,,,,,,,,,,,,,,,,,,,,,,,,,,,,,,,,,,,,,,,,,,,,,,,,,,,,,,,,,,,,,,,,,,,,,,,,,,,,,,1,99.9810180181646 99.58767937611171 199.44123776601953 199.21707545099378 99.58774176465714 0.4628203960264504 99.81765033246525 99.92451219987971 99.28123329357875,3,4,1,8,7,5,1. M197_1 - Hawa Abdulahi Mehamud,2. M197_2 - Suad sherif kelif,3. M197_3 - Human Mukhtar cumar,4. M197_4 - Sadra Abdulahi Abdi,5. M197_5 - NASRI MEHAMUD DIBAD,6. M197_6 - Jel Mehamed Abdiqani,,2,1 3 4 5 7 8,1. M197-1 - Human Mukhtar cumar<br/>2. M197-2 - Khadra hassen deeq<br/>3. M197-3 - Hawa Abdulahi Mehamud<br/>4. M197-4 - Suad sherif kelif<br/>5. M197-5 - Jel Mehamed Abdiqani<br/>6. M197-6 - Bashir Abdal Abdi<br/>7. M197-7 - NASRI MEHAMUD DIBAD<br/>8. M197-8 - Sadra Abdulahi Abdi<br/>9. M197-9 - Khadra Abdulahi Abdi,6,,,,,,,,,,,,,No eligible spouse found.,0,,,uuid:ff546b36-2615-4f09-b7ee-bccac3090a45,2603230738,uuid:ff546b36-2615-4f09-b7ee-bccac3090a45
28-Mar-2026 20:42:30,28-Mar-2026 12:00:38,28-Mar-2026 20:21:40,70e4adbae02adb29,,llrp_team1,DOOGEE|T10W|14|SurveyCTO Collect 2.81.5 (387e45a),515,,Daniel,Mehamud,Goljano,Gulufa_1,M200,Barako  CIG,12,HumanLed,#0a8f3c,12,12,Amin badal darmel,2,1,,M200-1,1,0,0.32970542108100376,1,1,99,0,199.329705421081,1,1. M200-1 - Amin badal darmel,0,0.7642766526530316,999,99,Ziyad bile hurur,2,5,,M200-2,0,0,0.0824888904696095,2,99,99,0,0.0824888904696095,1,2. M200-2 - Ziyad bile hurur,0,0.32543725305119064,999,99,Hinda Ibrahim omer,1,3,1,M200-3,1,0,0.3711906978765127,3,1,99,0.5,199.8711906978765,1,3. M200-3 - Hinda Ibrahim omer,1,0.5237842341963399,0.3711906978765127,1,Ahmedwali shekhabdi egal,2,6,,M200-4,0,1,0.1074163705788902,4,99,1,0,99.10741637057889,1,4. M200-4 - Ahmedwali shekhabdi egal,0,0.10790268794401037,999,99,Sahra hamud ahmed,1,6,2,M200-5,0,1,0.9070654064791251,5,99,1,0,99.90706540647912,1,5. M200-5 - Sahra hamud ahmed,0,0.7971618713183738,999,99,Hamdiya shekh omer Ahmed,1,6,2,M200-6,0,1,0.07143912603101543,6,99,1,0,99.07143912603101,1,6. M200-6 - Hamdiya shekh omer Ahmed,0,0.40073516491919725,999,99,Abdi darmel aden,2,6,,M200-7,0,1,0.7893641781320493,7,99,1,0,99.78936417813205,1,7. M200-7 - Abdi darmel aden,0,0.9123872538751343,999,99,Abdiqadir mahamed omer,2,6,,M200-8,0,1,0.4773633637902812,8,99,1,0,99.47736336379027,1,8. M200-8 - Abdiqadir mahamed omer,0,0.9700466756205862,999,99,Maryama muhumed nur,1,6,2,M200-9,0,1,0.491635875306605,9,99,1,0,99.4916358753066,1,9. M200-9 - Maryama muhumed nur,0,0.15596257733729524,999,99,Deb awhasan mahamed,1,6,2,M200-10,0,1,0.7157693290013873,10,99,1,0,99.71576932900139,1,10. M200-10 - Deb awhasan mahamed,0,0.5914435456485136,999,99,Ahmed Nur badal,2,6,,M200-11,0,1,0.4284554474507726,11,99,1,0,99.42845544745077,1,11. M200-11 - Ahmed Nur badal,0,0.7093642107456819,999,99,Fadumo Hasan abib,1,6,2,M200-12,0,1,0.6408997443545923,12,99,1,0,99.6408997443546,1,12. M200-12 - Fadumo Hasan abib,0,0.23049697323310891,999,99,,,,,,,,,,,,,,,,,,,,,,,,,,,,,,,,,,,,,,,,,,,,,,,,,,,,,,,,,,,,,,,,,,,,,,,,,,,,,1,199.329705421081 0.0824888904696095 199.8711906978765 99.10741637057889 99.90706540647912 99.07143912603101 99.78936417813205 99.47736336379027 99.4916358753066 99.71576932900139 99.42845544745077 99.6408997443546,3,1,5,7,10,12,1. M200_1 - Hinda Ibrahim omer,2. M200_2 - Amin badal darmel,3. M200_3 - Sahra hamud ahmed,4. M200_4 - Abdi darmel aden,5. M200_5 - Deb awhasan mahamed,6. M200_6 - Fadumo Hasan abib,0.3711906978765127,2,1 3 5 7 10 12,1. M200-1 - Amin badal darmel<br/>2. M200-2 - Ziyad bile hurur<br/>3. M200-3 - Hinda Ibrahim omer<br/>4. M200-4 - Ahmedwali shekhabdi egal<br/>5. M200-5 - Sahra hamud ahmed<br/>6. M200-6 - Hamdiya shekh omer Ahmed<br/>7. M200-7 - Abdi darmel aden<br/>8. M200-8 - Abdiqadir mahamed omer<br/>9. M200-9 - Maryama muhumed nur<br/>10. M200-10 - Deb awhasan mahamed<br/>11. M200-11 - Ahmed Nur badal<br/>12. M200-12 - Fadumo Hasan abib,6,3,,,Hinda Ibrahim omer,,,1. Hinda Ibrahim omer (Husband to be interviewed)<br/>,,,,,,Husband of Hinda Ibrahim omer must be interviewed.,1,,⚠ Spouse interview required,uuid:1447c130-2ae0-420c-b012-ae6250725605,2603230738,uuid:1447c130-2ae0-420c-b012-ae6250725605
28-Mar-2026 21:09:44,28-Mar-2026 11:23:50,28-Mar-2026 21:07:42,84a08d6ca764cc04,,llrp_team1,samsung|SM-X115|15|SurveyCTO Collect 2.81.5 (387e45a),662,,Anteneh,Osman,Elele,Kebele 01_4,M134,Hormud,10,HumanLed,#0a8f3c,6,6,Kadra Abdulahi Omer,1,1,1,M134-1,1,0,0.5306096152635087,1,1,99,0.5,200.0306096152635,1,1. M134-1 - Kadra Abdulahi Omer,1,0.000009588356219669691,0.5306096152635087,1,Casri Badel Ahmed,1,6,2,M134-2,0,1,0.3006691911020314,2,99,1,0,99.30066919110203,1,2. M134-2 - Casri Badel Ahmed,0,0.49390209600464663,999,99,Halimo Badel Irad,1,6,1,M134-3,0,1,0.534042796402881,3,99,1,0.5,100.03404279640289,1,3. M134-3 - Halimo Badel Irad,1,0.2819613049735623,0.534042796402881,1,Sahra Kalif Abdi,1,6,1,M134-4,0,1,0.0051939367895345034,4,99,1,0.5,99.50519393678954,1,4. M134-4 - Sahra Kalif Abdi,1,0.3208739102470536,0.0051939367895345034,1,Suleka Abdulahi Ibrahim,1,6,1,M134-5,0,1,0.08771989150304171,5,99,1,0.5,99.58771989150304,1,5. M134-5 - Suleka Abdulahi Ibrahim,1,0.5474683355361434,0.08771989150304171,1,Dahab Abdulahi Ali,1,6,2,M134-6,0,1,0.9577107062247395,6,99,1,0,99.95771070622474,1,6. M134-6 - Dahab Abdulahi Ali,0,0.6016197752763546,999,99,,,,,,,,,,,,,,,,,,,,,,,,,,,,,,,,,,,,,,,,,,,,,,,,,,,,,,,,,,,,,,,,,,,,,,,,,,,,,,,,,,,,,,,,,,,,,,,,,,,,,,,,,,,,,,,,,,,,,,,,,,,,,,,,,,,,,,,,,,,,,,,,,,,,,,,,,,,,,,,,,,,,,,,,,,,,,,,,,,,,,,,,,,,,,,,1,200.0306096152635 99.30066919110203 100.03404279640289 99.50519393678954 99.58771989150304 99.95771070622474,1,3,6,5,4,2,1. M134_1 - Kadra Abdulahi Omer,2. M134_2 - Halimo Badel Irad,3. M134_3 - Dahab Abdulahi Ali,4. M134_4 - Suleka Abdulahi Ibrahim,5. M134_5 - Sahra Kalif Abdi,6. M134_6 - Casri Badel Ahmed,0.5306096152635087 0.534042796402881 0.0051939367895345034 0.08771989150304171,1,1 2 3 4 5 6,1. M134-1 - Kadra Abdulahi Omer<br/>2. M134-2 - Casri Badel Ahmed<br/>3. M134-3 - Halimo Badel Irad<br/>4. M134-4 - Sahra Kalif Abdi<br/>5. M134-5 - Suleka Abdulahi Ibrahim<br/>6. M134-6 - Dahab Abdulahi Ali,6,3,1,5,Halimo Badel Irad,Kadra Abdulahi Omer,Suleka Abdulahi Ibrahim,1. Kadra Abdulahi Omer (Husband to be interviewed)<br/>,2. Halimo Badel Irad (Husband to be interviewed)<br/>,,4. Suleka Abdulahi Ibrahim (Husband to be interviewed)<br/>,,,"Husbands of Halimo Badel Irad, Kadra Abdulahi Omer and Suleka Abdulahi Ibrahim must be interviewed (one may serve as replacement).",3,Suleka Abdulahi Ibrahim (Replacement),⚠ Spouse interview required,uuid:e7ab3826-c05d-4190-bb20-d78d689643ad,2603230738,uuid:e7ab3826-c05d-4190-bb20-d78d689643ad
28-Mar-2026 21:09:51,28-Mar-2026 09:45:00,28-Mar-2026 21:00:27,f9d6a239f0ca8566,,llrp_team1,samsung|SM-X115|15|SurveyCTO Collect 2.81.5 (387e45a),915,,Wesen,Mahamed,Jarati,Jarati 01_1,M253,Horseed,12,HumanLed,#0a8f3c,7,7,Abdullahi ma'alin mahamud,2,1,,M253-1,1,0,0.26356148964220394,1,1,99,0,199.2635614896422,1,1. M253-1 - Abdullahi ma'alin mahamud,0,0.9366491587968829,999,99,Mohamud Ahmed Mohamed,2,6,,M253-2,0,1,0.17812943038306772,2,99,1,0,99.17812943038307,1,2. M253-2 - Mohamud Ahmed Mohamed,0,0.47065957773826406,999,99,Kaamil sheik Abdullahi,2,6,,M253-3,0,1,0.05934385785934204,3,99,1,0,99.05934385785935,1,3. M253-3 - Kaamil sheik Abdullahi,0,0.5389865590355819,999,99,Rashid Mohamed  dierre,2,6,,M253-4,0,1,0.9495211843712494,4,99,1,0,99.94952118437125,1,4. M253-4 - Rashid Mohamed  dierre,0,0.9525184159059384,999,99,Hashim Yusuf Nur,2,6,,M253-5,0,1,0.043459487640461814,5,99,1,0,99.04345948764046,1,5. M253-5 - Hashim Yusuf Nur,0,0.6763992610978192,999,99,Mohamed  Abdinasir sheik,2,5,,M253-6,0,0,0.35898384235519687,6,99,99,0,0.35898384235519687,1,6. M253-6 - Mohamed  Abdinasir sheik,0,0.019593405464412905,999,99,Mohado Omer Sheik,1,6,1,M253-7,0,1,0.40842590954526004,7,99,1,0.5,99.90842590954526,1,7. M253-7 - Mohado Omer Sheik,1,0.7815679278898232,0.40842590954526004,1,,,,,,,,,,,,,,,,,,,,,,,,,,,,,,,,,,,,,,,,,,,,,,,,,,,,,,,,,,,,,,,,,,,,,,,,,,,,,,,,,,,,,,,,,,,,,,,,,,,,,,,,,,,,,,,,,,,,,,,,,,,,,,,,,,,,,,,,,,,,,,,,,,,,,,,,,,,,,,,,,,,,,,,,,,,,1,199.2635614896422 99.17812943038307 99.05934385785935 99.94952118437125 99.04345948764046 0.35898384235519687 99.90842590954526,1,4,7,2,3,5,1. M253_1 - Abdullahi ma'alin mahamud,2. M253_2 - Rashid Mohamed  dierre,3. M253_3 - Mohado Omer Sheik,4. M253_4 - Mohamud Ahmed Mohamed,5. M253_5 - Kaamil sheik Abdullahi,6. M253_6 - Hashim Yusuf Nur,0.40842590954526004,1,1 2 3 4 5 7,1. M253-1 - Abdullahi ma'alin mahamud<br/>2. M253-2 - Mohamud Ahmed Mohamed<br/>3. M253-3 - Kaamil sheik Abdullahi<br/>4. M253-4 - Rashid Mohamed  dierre<br/>5. M253-5 - Hashim Yusuf Nur<br/>6. M253-6 - Mohamed  Abdinasir sheik<br/>7. M253-7 - Mohado Omer Sheik,6,7,,,Mohado Omer Sheik,,,,,3. Mohado Omer Sheik (Husband to be interviewed)<br/>,,,,Husband of Mohado Omer Sheik must be interviewed.,1,,⚠ Spouse interview required,uuid:464917cd-cb0f-4cea-8719-ea401f391ea2,2603230738,uuid:464917cd-cb0f-4cea-8719-ea401f391ea2
28-Mar-2026 21:46:56,28-Mar-2026 11:26:06,28-Mar-2026 21:30:25,31d542a9aea3f2c5,,llrp_team1,Lenovo|Lenovo TB-8504F|8.1.0|SurveyCTO Collect 2.81.5 (387e45a),1182,,Anteneh,Abdilahi,Elele,Elele 01_1,M132,horseed,14,HumanLed,#0a8f3c,6,6,Abdile Hussen abdi,2,6,,M132-1,0,1,0.9975204648012218,1,99,1,0,99.99752046480123,1,1. M132-1 - Abdile Hussen abdi,0,0.05785847196434857,999,99,Omer hireye muslim,2,6,,M132-2,0,1,0.6102128416911019,2,99,1,0,99.61021284169111,1,2. M132-2 - Omer hireye muslim,0,0.35760902544143613,999,99,Farah nadir moalim,1,6,1,M132-3,0,1,0.014325268532136337,3,99,1,0.5,99.51432526853213,1,3. M132-3 - Farah nadir moalim,1,0.7160167579803056,0.014325268532136337,1,Rowayda Aden muhumed,1,6,2,M132-4,0,1,0.7977828468972284,4,99,1,0,99.79778284689723,1,4. M132-4 - Rowayda Aden muhumed,0,0.5029217592983592,999,99,Shamis Jama garuf,1,6,2,M132-5,0,1,0.8176098113104078,5,99,1,0,99.8176098113104,1,5. M132-5 - Shamis Jama garuf,0,0.18640903498454509,999,99,Nasra moalim muhumed,1,2,2,M132-6,1,0,0.09625858183279123,6,1,99,0,199.09625858183279,1,6. M132-6 - Nasra moalim muhumed,0,0.26668240512226016,999,99,,,,,,,,,,,,,,,,,,,,,,,,,,,,,,,,,,,,,,,,,,,,,,,,,,,,,,,,,,,,,,,,,,,,,,,,,,,,,,,,,,,,,,,,,,,,,,,,,,,,,,,,,,,,,,,,,,,,,,,,,,,,,,,,,,,,,,,,,,,,,,,,,,,,,,,,,,,,,,,,,,,,,,,,,,,,,,,,,,,,,,,,,,,,,,,0,99.99752046480123 99.61021284169111 99.51432526853213 99.79778284689723 99.8176098113104 199.09625858183279,6,1,5,4,2,3,1. M132_1 - Nasra moalim muhumed,2. M132_2 - Abdile Hussen abdi,3. M132_3 - Shamis Jama garuf,4. M132_4 - Rowayda Aden muhumed,5. M132_5 - Omer hireye muslim,6. M132_6 - Farah nadir moalim,0.014325268532136337,1,1 2 3 4 5 6,1. M132-1 - Abdile Hussen abdi<br/>2. M132-2 - Omer hireye muslim<br/>3. M132-3 - Farah nadir moalim<br/>4. M132-4 - Rowayda Aden muhumed<br/>5. M132-5 - Shamis Jama garuf<br/>6. M132-6 - Nasra moalim muhumed,6,3,,,Farah nadir moalim,,,,,,,,6. Farah nadir moalim (Husband to be interviewed)<br/>,Husband of Farah nadir moalim must be interviewed.,1,,⚠ Spouse interview required,uuid:57e8eebd-ccac-4f27-abbb-77de2de5da21,2603230738,uuid:57e8eebd-ccac-4f27-abbb-77de2de5da21
28-Mar-2026 21:52:30,28-Mar-2026 14:42:17,28-Mar-2026 21:49:12,d89643955cc62774,,llrp_team1,samsung|SM-X115|15|SurveyCTO Collect 2.81.5 (387e45a),618,,Wesen,Fathiya,Jarati,Kebele two_2,M250,Farsan,12,Control,#d60000,7,7,Layla Sadik mahamed,1,5,,M250-1,0,0,0.6297676046090528,1,99,99,0,0.6297676046090528,1,1. M250-1 - Layla Sadik mahamed,0,0.845321164806228,999,99,Hawo  Ibrahim hussen,1,3,,M250-2,1,0,0.38040215343499095,2,1,99,0,199.380402153435,1,2. M250-2 - Hawo  Ibrahim hussen,0,0.22084869436367371,999,99,Hamdi ibrahim ali,1,6,,M250-3,0,1,0.30233989087341695,3,99,1,0,99.30233989087341,1,3. M250-3 - Hamdi ibrahim ali,0,0.6106026569333944,999,99,Kad mahamud abdulahi,1,6,,M250-4,0,1,0.29500029441749787,4,99,1,0,99.29500029441749,1,4. M250-4 - Kad mahamud abdulahi,0,0.4329794857884296,999,99,Habiba abdisamad ilmi,1,6,,M250-5,0,1,0.7996593909061767,5,99,1,0,99.79965939090617,1,5. M250-5 - Habiba abdisamad ilmi,0,0.25933114596614537,999,99,Halimo mahamed kadiye,1,6,,M250-6,0,1,0.6330515752969949,6,99,1,0,99.63305157529699,1,6. M250-6 - Halimo mahamed kadiye,0,0.07981661396730855,999,99,Abdirasak Ahmed abdi,2,1,,M250-7,1,0,0.7451562463998229,7,1,99,0,199.74515624639983,1,7. M250-7 - Abdirasak Ahmed abdi,0,0.49005633898464973,999,99,,,,,,,,,,,,,,,,,,,,,,,,,,,,,,,,,,,,,,,,,,,,,,,,,,,,,,,,,,,,,,,,,,,,,,,,,,,,,,,,,,,,,,,,,,,,,,,,,,,,,,,,,,,,,,,,,,,,,,,,,,,,,,,,,,,,,,,,,,,,,,,,,,,,,,,,,,,,,,,,,,,,,,,,,,,,1,0.6297676046090528 199.380402153435 99.30233989087341 99.29500029441749 99.79965939090617 99.63305157529699 199.74515624639983,7,2,5,6,3,4,1. M250_1 - Abdirasak Ahmed abdi,2. M250_2 - Hawo  Ibrahim hussen,3. M250_3 - Habiba abdisamad ilmi,4. M250_4 - Halimo mahamed kadiye,5. M250_5 - Hamdi ibrahim ali,6. M250_6 - Kad mahamud abdulahi,,2,2 3 4 5 6 7,1. M250-1 - Layla Sadik mahamed<br/>2. M250-2 - Hawo  Ibrahim hussen<br/>3. M250-3 - Hamdi ibrahim ali<br/>4. M250-4 - Kad mahamud abdulahi<br/>5. M250-5 - Habiba abdisamad ilmi<br/>6. M250-6 - Halimo mahamed kadiye<br/>7. M250-7 - Abdirasak Ahmed abdi,6,,,,,,,,,,,,,No eligible spouse found.,0,,,uuid:6a53c350-f29d-4f6c-96fe-4e429bfa117a,2603230738,uuid:6a53c350-f29d-4f6c-96fe-4e429bfa117a
29-Mar-2026 06:53:06,28-Mar-2026 11:42:05,29-Mar-2026 06:51:31,4794b43bebbd3e7c,,llrp_team1,samsung|SM-X115|14|SurveyCTO Collect 2.81.5 (387e45a),430,,Daniel,Hayat,Goljano,Goljano 02_1,M206,Camuud,8,Control,#d60000,6,6,Badel Mohammed Ahmed,2,1,,M206-1,1,0,0.5498681415662179,1,1,99,0,199.5498681415662,1,1. M206-1 - Badel Mohammed Ahmed,0,0.9598656096121452,999,99,Ferdowsa Mahamud Abdi,1,6,,M206-2,0,1,0.2508534451572022,2,99,1,0,99.2508534451572,1,2. M206-2 - Ferdowsa Mahamud Abdi,0,0.7905358530149056,999,99,Ardo Nuur Muhumed,1,3,,M206-3,1,0,0.22907767149146296,3,1,99,0,199.22907767149147,1,3. M206-3 - Ardo Nuur Muhumed,0,0.020515594493455636,999,99,Bisharo Ahmed Ali,1,5,,M206-4,0,0,0.21231253974283137,4,99,99,0,0.21231253974283137,1,4. M206-4 - Bisharo Ahmed Ali,0,0.08994462578071949,999,99,Amina Abdi Sheek,1,6,,M206-5,0,1,0.8420893321731434,5,99,1,0,99.84208933217315,1,5. M206-5 - Amina Abdi Sheek,0,0.561328698135576,999,99,Halimo Abdilahi Nuur,1,6,,M206-6,0,1,0.61812649928382,6,99,1,0,99.61812649928382,1,6. M206-6 - Halimo Abdilahi Nuur,0,0.29818982441128583,999,99,,,,,,,,,,,,,,,,,,,,,,,,,,,,,,,,,,,,,,,,,,,,,,,,,,,,,,,,,,,,,,,,,,,,,,,,,,,,,,,,,,,,,,,,,,,,,,,,,,,,,,,,,,,,,,,,,,,,,,,,,,,,,,,,,,,,,,,,,,,,,,,,,,,,,,,,,,,,,,,,,,,,,,,,,,,,,,,,,,,,,,,,,,,,,,,1,199.5498681415662 99.2508534451572 199.22907767149147 0.21231253974283137 99.84208933217315 99.61812649928382,1,3,5,6,2,4,1. M206_1 - Badel Mohammed Ahmed,2. M206_2 - Ardo Nuur Muhumed,3. M206_3 - Amina Abdi Sheek,4. M206_4 - Halimo Abdilahi Nuur,5. M206_5 - Ferdowsa Mahamud Abdi,6. M206_6 - Bisharo Ahmed Ali,,2,1 2 3 4 5 6,1. M206-1 - Badel Mohammed Ahmed<br/>2. M206-2 - Ferdowsa Mahamud Abdi<br/>3. M206-3 - Ardo Nuur Muhumed<br/>4. M206-4 - Bisharo Ahmed Ali<br/>5. M206-5 - Amina Abdi Sheek<br/>6. M206-6 - Halimo Abdilahi Nuur,6,,,,,,,,,,,,,No eligible spouse found.,0,,,uuid:5647d3aa-d0c6-4086-b730-7bf10aa3c396,2603230738,uuid:5647d3aa-d0c6-4086-b730-7bf10aa3c396
29-Mar-2026 16:04:57,29-Mar-2026 09:39:51,29-Mar-2026 15:48:06,c7654ba83377bbd9,,llrp_team1,samsung|SM-X115|15|SurveyCTO Collect 2.81.5 (387e45a),782,,Anteneh,Hasen,Dig,Laku_1,M103,Farcaano,15,TechLed,#1f4bd6,9,9,Habsa Ahmed Husein,1,6,2,M103-1,0,1,0.26240970862046387,1,99,1,0,99.26240970862047,1,1. M103-1 - Habsa Ahmed Husein,0,0.7919034528449738,999,99,Hinda Abdi salan,1,6,1,M103-2,0,1,0.6688109156020667,2,99,1,0.5,100.16881091560207,1,2. M103-2 - Hinda Abdi salan,1,0.8259893249394722,0.6688109156020667,1,Fadxi sharif ayaanle,1,6,2,M103-3,0,1,0.8561516536490051,3,99,1,0,99.85615165364901,1,3. M103-3 - Fadxi sharif ayaanle,0,0.6699032161781483,999,99,Rahma sheik Abdirahman,1,6,1,M103-4,0,1,0.13985357105505003,4,99,1,0.5,99.63985357105506,1,4. M103-4 - Rahma sheik Abdirahman,1,0.3845424705730053,0.13985357105505003,1,Zemzem Bashir Abdullahi,1,3,2,M103-5,1,0,0.6053759894852898,5,1,99,0,199.60537598948528,1,5. M103-5 - Zemzem Bashir Abdullahi,0,0.562872875879243,999,99,Nimo sigale mahamud,1,6,2,M103-6,0,1,0.5678507299894519,6,99,1,0,99.56785072998944,1,6. M103-6 - Nimo sigale mahamud,0,0.6456414666306107,999,99,Asiya Ali dahir,1,5,1,M103-7,0,0,0.7574776066332268,7,99,99,0.5,1.257477606633227,1,7. M103-7 - Asiya Ali dahir,0,0.10734586605658525,999,99,Bashir muhumed yousuf,2,4,,M103-8,1,0,0.20723797837180757,8,1,99,0,199.2072379783718,1,8. M103-8 - Bashir muhumed yousuf,0,0.5394504845977894,999,99,Kaltun sheik Abdulahi,1,6,2,M103-9,0,1,0.27174396551798685,9,99,1,0,99.27174396551798,1,9. M103-9 - Kaltun sheik Abdulahi,0,0.9282441408197736,999,99,,,,,,,,,,,,,,,,,,,,,,,,,,,,,,,,,,,,,,,,,,,,,,,,,,,,,,,,,,,,,,,,,,,,,,,,,,,,,,,,,,,,,,,,,,,,,,,,,,,,,,,,,,,,,,,,,,,,,,,,,,,,,,,,,,,,,,0,99.26240970862047 100.16881091560207 99.85615165364901 99.63985357105506 199.60537598948528 99.56785072998944 1.257477606633227 199.2072379783718 99.27174396551798,5,8,2,3,4,6,1. M103_1 - Zemzem Bashir Abdullahi,2. M103_2 - Bashir muhumed yousuf,3. M103_3 - Hinda Abdi salan,4. M103_4 - Fadxi sharif ayaanle,5. M103_5 - Rahma sheik Abdirahman,6. M103_6 - Nimo sigale mahamud,0.6688109156020667 0.13985357105505003,2,2 3 4 5 6 8,1. M103-1 - Habsa Ahmed Husein<br/>2. M103-2 - Hinda Abdi salan<br/>3. M103-3 - Fadxi sharif ayaanle<br/>4. M103-4 - Rahma sheik Abdirahman<br/>5. M103-5 - Zemzem Bashir Abdullahi<br/>6. M103-6 - Nimo sigale mahamud<br/>7. M103-7 - Asiya Ali dahir<br/>8. M103-8 - Bashir muhumed yousuf<br/>9. M103-9 - Kaltun sheik Abdulahi,6,2,4,,Hinda Abdi salan,Rahma sheik Abdirahman,,,,3. Hinda Abdi salan (Husband to be interviewed)<br/>,,5. Rahma sheik Abdirahman (Husband to be interviewed)<br/>,,Husbands of Hinda Abdi salan and Rahma sheik Abdirahman must be interviewed.,2,,⚠ Spouse interview required,uuid:033571b5-cdfd-496b-aaad-514f3ed9c894,2603230738,uuid:033571b5-cdfd-496b-aaad-514f3ed9c894
29-Mar-2026 18:38:15,28-Mar-2026 12:50:17,28-Mar-2026 18:21:39,78b63b5b10d7e676,,llrp_team1,samsung|SM-X115|15|SurveyCTO Collect 2.81.5 (387e45a),729,,Wesen,Hasen,Jarati,Dhiibito_1,M257,Aamin,12,HumanLed,#0a8f3c,9,9,Hassen omer maah,2,6,,M257-1,0,1,0.21332115660667295,1,99,1,0,99.21332115660667,1,1. M257-1 - Hassen omer maah,0,0.901896075461306,999,99,"Fatah ma,alin mahamud",2,1,,M257-2,1,0,0.20664621455672005,2,1,99,0,199.2066462145567,1,"2. M257-2 - Fatah ma,alin mahamud",0,0.16621233607638042,999,99,Sooc abure ali,1,3,1,M257-3,1,0,0.5442271710806235,3,1,99,0.5,200.04422717108062,1,3. M257-3 - Sooc abure ali,1,0.9752738010196691,0.5442271710806235,1,Fatuma abdi kori,1,6,2,M257-4,0,1,0.5081272252816406,4,99,1,0,99.50812722528164,1,4. M257-4 - Fatuma abdi kori,0,0.14799944101126794,999,99,Yustur Mohamed siyaad,1,6,1,M257-5,0,1,0.6667298246831861,5,99,1,0.5,100.16672982468319,1,5. M257-5 - Yustur Mohamed siyaad,1,0.18780192559579567,0.6667298246831861,1,Fatuma jama abdulahi,1,6,1,M257-6,0,1,0.005563642421416715,6,99,1,0.5,99.50556364242142,1,6. M257-6 - Fatuma jama abdulahi,1,0.0931602560936341,0.005563642421416715,1,"Jama,a ma,alin mahamud",1,6,1,M257-7,0,1,0.12513074027730742,7,99,1,0.5,99.62513074027731,1,"7. M257-7 - Jama,a ma,alin mahamud",1,0.8256438880183351,0.12513074027730742,1,Weli nur gebay,2,6,,M257-8,0,1,0.3901644087160099,8,99,1,0,99.390164408716,1,8. M257-8 - Weli nur gebay,0,0.9316250206400155,999,99,Abshir Ahmed gebay,2,6,,M257-9,0,1,0.002027096359063507,9,99,1,0,99.00202709635906,1,9. M257-9 - Abshir Ahmed gebay,0,0.42601117475482964,999,99,,,,,,,,,,,,,,,,,,,,,,,,,,,,,,,,,,,,,,,,,,,,,,,,,,,,,,,,,,,,,,,,,,,,,,,,,,,,,,,,,,,,,,,,,,,,,,,,,,,,,,,,,,,,,,,,,,,,,,,,,,,,,,,,,,,,,,1,99.21332115660667 199.2066462145567 200.04422717108062 99.50812722528164 100.16672982468319 99.50556364242142 99.62513074027731 99.390164408716 99.00202709635906,3,2,5,7,4,6,1. M257_1 - Sooc abure ali,"2. M257_2 - Fatah ma,alin mahamud",3. M257_3 - Yustur Mohamed siyaad,"4. M257_4 - Jama,a ma,alin mahamud",5. M257_5 - Fatuma abdi kori,6. M257_6 - Fatuma jama abdulahi,0.5442271710806235 0.6667298246831861 0.005563642421416715 0.12513074027730742,2,2 3 4 5 6 7,"1. M257-1 - Hassen omer maah<br/>2. M257-2 - Fatah ma,alin mahamud<br/>3. M257-3 - Sooc abure ali<br/>4. M257-4 - Fatuma abdi kori<br/>5. M257-5 - Yustur Mohamed siyaad<br/>6. M257-6 - Fatuma jama abdulahi<br/>7. M257-7 - Jama,a ma,alin mahamud<br/>8. M257-8 - Weli nur gebay<br/>9. M257-9 - Abshir Ahmed gebay",6,5,3,7,Yustur Mohamed siyaad,Sooc abure ali,"Jama,a ma,alin mahamud",1. Sooc abure ali (Husband to be interviewed)<br/>,,3. Yustur Mohamed siyaad (Husband to be interviewed)<br/>,"4. Jama,a ma,alin mahamud (Husband to be interviewed)<br/>",,,"Husbands of Yustur Mohamed siyaad, Sooc abure ali and Jama,a ma,alin mahamud must be interviewed (one may serve as replacement).",3,"Jama,a ma,alin mahamud (Replacement)",⚠ Spouse interview required,uuid:9a892ec0-4936-41ef-b91f-971ed3e01a55,2603230738,uuid:9a892ec0-4936-41ef-b91f-971ed3e01a55
29-Mar-2026 21:49:40,28-Mar-2026 11:15:41,29-Mar-2026 17:29:32,57b11f490a25fce6,,llrp_team1,samsung|SM-X115|15|SurveyCTO Collect 2.81.5 (387e45a),715,,Daniel,Hasen,Goljano,Karin Barkhadle_1,M203,Mulkiya  CIG,10,HumanLed,#0a8f3c,10,10,Siham adan abdi,1,6,1,M203-1,0,1,0.7034585163061793,1,99,1,0.5,100.20345851630618,1,1. M203-1 - Siham adan abdi,1,0.34556067067564566,0.7034585163061793,1,Nafisa mowlud muhumed,1,6,1,M203-2,0,1,0.6691769671589465,2,99,1,0.5,100.16917696715895,1,2. M203-2 - Nafisa mowlud muhumed,1,0.018408641188542907,0.6691769671589465,1,Zahra sharif abdi,1,1,1,M203-3,1,0,0.3936347438964214,3,1,99,0.5,199.89363474389643,1,3. M203-3 - Zahra sharif abdi,1,0.5332552879992423,0.3936347438964214,1,Zahra sheek Mustafa,1,2,1,M203-4,0,0,0.7380447867299401,4,99,99,0.5,1.2380447867299402,1,4. M203-4 - Zahra sheek Mustafa,0,0.3070064937805068,999,99,Hamdiya ibrahim mahamud,1,3,1,M203-5,1,0,0.5631086695721903,5,1,99,0.5,200.0631086695722,1,5. M203-5 - Hamdiya ibrahim mahamud,1,0.4609935549488251,0.5631086695721903,1,Tamad bayrah mahamed,1,5,1,M203-6,0,0,0.27300121637325814,6,99,99,0.5,0.7730012163732581,1,6. M203-6 - Tamad bayrah mahamed,0,0.39740445360443466,999,99,Kiin dayib abdi,1,6,1,M203-7,0,1,0.03442321409393989,7,99,1,0.5,99.53442321409393,1,7. M203-7 - Kiin dayib abdi,0,0.650939536205896,999,99,Balkisa awgasim usmail,1,6,1,M203-8,0,1,0.43648376835200964,8,99,1,0.5,99.936483768352,1,8. M203-8 - Balkisa awgasim usmail,1,0.2703917677801394,0.43648376835200964,1,Halima sheek mahamed,1,6,1,M203-9,0,1,0.8693087172496446,9,99,1,0.5,100.36930871724964,1,9. M203-9 - Halima sheek mahamed,1,0.8234342023706175,0.8693087172496446,1,Dayib abdi ahmed,2,6,,M203-10,0,1,0.7178629634973976,10,99,1,0,99.7178629634974,1,10. M203-10 - Dayib abdi ahmed,0,0.6657667594001158,999,99,,,,,,,,,,,,,,,,,,,,,,,,,,,,,,,,,,,,,,,,,,,,,,,,,,,,,,,,,,,,,,,,,,,,,,,,,,,,,,,,,,,,,,,,,,,,,,,,,,,,,,,,,,,,,,,,,,,1,100.20345851630618 100.16917696715895 199.89363474389643 1.2380447867299402 200.0631086695722 0.7730012163732581 99.53442321409393 99.936483768352 100.36930871724964 99.7178629634974,5,3,9,1,2,8,1. M203_1 - Hamdiya ibrahim mahamud,2. M203_2 - Zahra sharif abdi,3. M203_3 - Halima sheek mahamed,4. M203_4 - Siham adan abdi,5. M203_5 - Nafisa mowlud muhumed,6. M203_6 - Balkisa awgasim usmail,0.7034585163061793 0.6691769671589465 0.3936347438964214 0.5631086695721903 0.43648376835200964 0.8693087172496446,2,1 2 3 5 8 9,1. M203-1 - Siham adan abdi<br/>2. M203-2 - Nafisa mowlud muhumed<br/>3. M203-3 - Zahra sharif abdi<br/>4. M203-4 - Zahra sheek Mustafa<br/>5. M203-5 - Hamdiya ibrahim mahamud<br/>6. M203-6 - Tamad bayrah mahamed<br/>7. M203-7 - Kiin dayib abdi<br/>8. M203-8 - Balkisa awgasim usmail<br/>9. M203-9 - Halima sheek mahamed<br/>10. M203-10 - Dayib abdi ahmed,6,9,1,2,Halima sheek mahamed,Siham adan abdi,Nafisa mowlud muhumed,,,3. Halima sheek mahamed (Husband to be interviewed)<br/>,4. Siham adan abdi (Husband to be interviewed)<br/>,5. Nafisa mowlud muhumed (Husband to be interviewed)<br/>,,"Husbands of Halima sheek mahamed, Siham adan abdi and Nafisa mowlud muhumed must be interviewed (one may serve as replacement).",3,Nafisa mowlud muhumed (Replacement),⚠ Spouse interview required,uuid:82bfd67d-32c8-4a16-aa7d-fe527040f091,2603230738,uuid:82bfd67d-32c8-4a16-aa7d-fe527040f091
29-Mar-2026 21:49:55,29-Mar-2026 10:55:27,29-Mar-2026 11:01:29,57b11f490a25fce6,,llrp_team1,samsung|SM-X115|15|SurveyCTO Collect 2.81.5 (387e45a),362,,Daniel,Mehamud,Goljano,Garida_1,M199,Anfac  CIG,13,Control,#d60000,12,12,Aden dahir ahmed,2,1,,M199-1,1,0,0.1703190656100988,1,1,99,0,199.1703190656101,1,1. M199-1 - Aden dahir ahmed,0,0.26300669719123937,999,99,Jimale mualin Abdullahi,2,5,,M199-2,0,0,0.07532433685445983,2,99,99,0,0.07532433685445983,1,2. M199-2 - Jimale mualin Abdullahi,0,0.3952158960044164,999,99,Fardusa mahamud ahmed,1,3,,M199-3,1,0,0.06708632564547123,3,1,99,0,199.06708632564548,1,3. M199-3 - Fardusa mahamud ahmed,0,0.8198267777235143,999,99,Muhumed mahamed ali,2,6,,M199-4,0,1,0.7113650231074712,4,99,1,0,99.71136502310748,1,4. M199-4 - Muhumed mahamed ali,0,0.6126250489136926,999,99,Rashid mualin Arab,2,6,,M199-5,0,1,0.4155488896692642,5,99,1,0,99.41554888966927,1,5. M199-5 - Rashid mualin Arab,0,0.9836350053120925,999,99,Abdi ali dubad,2,6,,M199-6,0,1,0.9127797433516034,6,99,1,0,99.9127797433516,1,6. M199-6 - Abdi ali dubad,0,0.8583615341708597,999,99,Nur umer ahmed,2,6,,M199-7,0,1,0.0825480749778994,7,99,1,0,99.0825480749779,1,7. M199-7 - Nur umer ahmed,0,0.8718225826055952,999,99,Umer abdi ahmed,2,6,,M199-8,0,1,0.3263822990182249,8,99,1,0,99.32638229901822,1,8. M199-8 - Umer abdi ahmed,0,0.9067322092921551,999,99,Abdi ahmed nur,2,6,,M199-9,0,1,0.07381150489275001,9,99,1,0,99.07381150489275,1,9. M199-9 - Abdi ahmed nur,0,0.5287713045024927,999,99,ahmed abdi kamil,2,6,,M199-10,0,1,0.49566119567374434,10,99,1,0,99.49566119567375,1,10. M199-10 -  ahmed abdi kamil,0,0.18380392840512183,999,99,Haybis mahamud rayid,2,6,,M199-11,0,1,0.7710181692897079,11,99,1,0,99.7710181692897,1,11. M199-11 - Haybis mahamud rayid,0,0.6415449948550214,999,99,Ziyad shekh husen,2,6,,M199-12,0,1,0.6160659512801195,12,99,1,0,99.61606595128012,1,12. M199-12 - Ziyad shekh husen,0,0.5430682432361884,999,99,,,,,,,,,,,,,,,,,,,,,,,,,,,,,,,,,,,,,,,,,,,,,,,,,,,,,,,,,,,,,,,,,,,,,,,,,,,,,1,199.1703190656101 0.07532433685445983 199.06708632564548 99.71136502310748 99.41554888966927 99.9127797433516 99.0825480749779 99.32638229901822 99.07381150489275 99.49566119567375 99.7710181692897 99.61606595128012,1,3,6,11,4,12,1. M199_1 - Aden dahir ahmed,2. M199_2 - Fardusa mahamud ahmed,3. M199_3 - Abdi ali dubad,4. M199_4 - Haybis mahamud rayid,5. M199_5 - Muhumed mahamed ali,6. M199_6 - Ziyad shekh husen,,2,1 3 4 6 11 12,1. M199-1 - Aden dahir ahmed <br/>2. M199-2 - Jimale mualin Abdullahi <br/>3. M199-3 - Fardusa mahamud ahmed <br/>4. M199-4 - Muhumed mahamed ali <br/>5. M199-5 - Rashid mualin Arab <br/>6. M199-6 - Abdi ali dubad<br/>7. M199-7 - Nur umer ahmed <br/>8. M199-8 - Umer abdi ahmed <br/>9. M199-9 - Abdi ahmed nur<br/>10. M199-10 -  ahmed abdi kamil<br/>11. M199-11 - Haybis mahamud rayid<br/>12. M199-12 - Ziyad shekh husen,6,,,,,,,,,,,,,No eligible spouse found.,0,,,uuid:9ac99cbf-0b91-4bb7-83fe-5996a0faa056,2603230738,uuid:9ac99cbf-0b91-4bb7-83fe-5996a0faa056
29-Mar-2026 21:51:33,29-Mar-2026 09:28:28,29-Mar-2026 21:50:41,43563d0bd9b9000f,,llrp_team1,samsung|SM-X115|16|SurveyCTO Collect 2.81.5 (387e45a),410,,Wesen,Abbe,Jarati,Kebele two_1,M247,Warsan,25,Control,#d60000,6,6,Abdale mahamed abdi,2,5,,M247-1,0,0,0.16913456024539053,1,99,99,0,0.16913456024539053,1,1. M247-1 - Abdale mahamed abdi,0,0.42063737519717137,999,99,Mahamed malin muhumed,2,6,,M247-2,0,1,0.6570377923731283,2,99,1,0,99.65703779237313,1,2. M247-2 - Mahamed malin muhumed,0,0.12051123047526136,999,99,Abdi ali nur,2,6,,M247-3,0,1,0.7779565533454947,3,99,1,0,99.77795655334549,1,3. M247-3 - Abdi ali nur,0,0.8654376746289468,999,99,Mahamud muktar nur,2,2,,M247-4,1,0,0.22697596557024147,4,1,99,0,199.22697596557023,1,4. M247-4 - Mahamud muktar nur,0,0.6292653153863835,999,99,Arte ismail ibrahim,2,6,,M247-5,0,1,0.8900933393665381,5,99,1,0,99.89009333936654,1,5. M247-5 - Arte ismail ibrahim,0,0.18147129490035363,999,99,Mahamed ahmed ali,2,6,,M247-6,0,1,0.7163484455822771,6,99,1,0,99.71634844558228,1,6. M247-6 - Mahamed ahmed ali,0,0.8278889903129335,999,99,,,,,,,,,,,,,,,,,,,,,,,,,,,,,,,,,,,,,,,,,,,,,,,,,,,,,,,,,,,,,,,,,,,,,,,,,,,,,,,,,,,,,,,,,,,,,,,,,,,,,,,,,,,,,,,,,,,,,,,,,,,,,,,,,,,,,,,,,,,,,,,,,,,,,,,,,,,,,,,,,,,,,,,,,,,,,,,,,,,,,,,,,,,,,,,0,0.16913456024539053 99.65703779237313 99.77795655334549 199.22697596557023 99.89009333936654 99.71634844558228,4,5,3,6,2,1,1. M247_1 - Mahamud muktar nur,2. M247_2 - Arte ismail ibrahim,3. M247_3 - Abdi ali nur,4. M247_4 - Mahamed ahmed ali,5. M247_5 - Mahamed malin muhumed,6. M247_6 - Abdale mahamed abdi,,1,1 2 3 4 5 6,1. M247-1 - Abdale mahamed abdi<br/>2. M247-2 - Mahamed malin muhumed<br/>3. M247-3 - Abdi ali nur<br/>4. M247-4 - Mahamud muktar nur<br/>5. M247-5 - Arte ismail ibrahim<br/>6. M247-6 - Mahamed ahmed ali,6,,,,,,,,,,,,,No eligible spouse found.,0,,,uuid:ce8a990a-54ca-44f6-9c1d-9f88c280902d,2603230738,uuid:ce8a990a-54ca-44f6-9c1d-9f88c280902d
29-Mar-2026 22:30:43,29-Mar-2026 10:38:43,29-Mar-2026 22:16:57,9cc15578f30061b6,,llrp_team1,samsung|SM-X115|15|SurveyCTO Collect 2.81.5 (387e45a),607,,Wesen,Ahmed,Jarati,Qarari_1,M254,Tawakal,12,HumanLed,#0a8f3c,6,6,Muse Abdi Aden,2,1,,M254-1,1,0,0.3965404767420162,1,1,99,0,199.39654047674202,1,1. M254-1 - Muse Abdi Aden,0,0.6016367445903988,999,99,Abdirashid Nur Haji,2,6,,M254-2,0,1,0.7632561555578063,2,99,1,0,99.76325615555781,1,2. M254-2 - Abdirashid Nur Haji,0,0.8191085834072308,999,99,Ali Omer Abdi,2,6,,M254-3,0,1,0.9053528744931395,3,99,1,0,99.90535287449313,1,3. M254-3 - Ali Omer Abdi,0,0.03931411687947284,999,99,Halimo Mohamed  kadiye,1,3,2,M254-4,1,0,0.05228644082899525,4,1,99,0,199.052286440829,1,4. M254-4 - Halimo Mohamed  kadiye,0,0.7724381618649132,999,99,Amino Ma'alin Mustafe,1,5,2,M254-5,0,0,0.6409266900419077,5,99,99,0,0.6409266900419077,1,5. M254-5 - Amino Ma'alin Mustafe,0,0.0964638344088079,999,99,Nur mohamud Abdi,2,6,,M254-6,0,1,0.47011140758542336,6,99,1,0,99.47011140758542,1,6. M254-6 - Nur mohamud Abdi,0,0.27578381050722034,999,99,,,,,,,,,,,,,,,,,,,,,,,,,,,,,,,,,,,,,,,,,,,,,,,,,,,,,,,,,,,,,,,,,,,,,,,,,,,,,,,,,,,,,,,,,,,,,,,,,,,,,,,,,,,,,,,,,,,,,,,,,,,,,,,,,,,,,,,,,,,,,,,,,,,,,,,,,,,,,,,,,,,,,,,,,,,,,,,,,,,,,,,,,,,,,,,1,199.39654047674202 99.76325615555781 99.90535287449313 199.052286440829 0.6409266900419077 99.47011140758542,1,4,3,2,6,5,1. M254_1 - Muse Abdi Aden,2. M254_2 - Halimo Mohamed  kadiye,3. M254_3 - Ali Omer Abdi,4. M254_4 - Abdirashid Nur Haji,5. M254_5 - Nur mohamud Abdi,6. M254_6 - Amino Ma'alin Mustafe,,2,1 2 3 4 5 6,1. M254-1 - Muse Abdi Aden<br/>2. M254-2 - Abdirashid Nur Haji<br/>3. M254-3 - Ali Omer Abdi<br/>4. M254-4 - Halimo Mohamed  kadiye<br/>5. M254-5 - Amino Ma'alin Mustafe<br/>6. M254-6 - Nur mohamud Abdi,6,,,,,,,,,,,,,No eligible spouse found.,0,,,uuid:5c0f691b-8bfe-453c-8391-78a47256bcd7,2603230738,uuid:5c0f691b-8bfe-453c-8391-78a47256bcd7
30-Mar-2026 05:36:54,29-Mar-2026 10:02:42,30-Mar-2026 05:36:43,8f3862932650ecd7,,llrp_team1,samsung|SM-X115|15|SurveyCTO Collect 2.81.4 (461ba40),1101,,Anteneh,Mohamed,Dig,Lisimaley_1,M106,Taysiir,12,Control,#d60000,10,10,Abdullahi Hiis Abdullahi,2,6,,M106-1,0,1,0.5848596373217475,1,99,1,0,99.58485963732174,1,1. M106-1 - Abdullahi Hiis Abdullahi,0,0.6146049750647161,999,99,Fardawsa Aden Farah,1,6,,M106-2,0,1,0.9267767074607501,2,99,1,0,99.92677670746075,1,2. M106-2 - Fardawsa Aden Farah,0,0.9810143040862023,999,99,Mahamed Abdi Abdullahi,2,6,,M106-3,0,1,0.6711004083989109,3,99,1,0,99.67110040839891,1,3. M106-3 - Mahamed Abdi Abdullahi,0,0.9783627131212137,999,99,Zamzam Abdinasir Ahmed,1,6,,M106-4,0,1,0.8707312838423484,4,99,1,0,99.87073128384235,1,4. M106-4 - Zamzam Abdinasir Ahmed,0,0.4945041040610584,999,99,Ahmed Mahamed Hussein,2,1,,M106-5,1,0,0.34667404982356376,5,1,99,0,199.34667404982358,1,5. M106-5 - Ahmed Mahamed Hussein,0,0.31915914153629343,999,99,Redwan Mahamed Hassan,1,6,,M106-6,0,1,0.0207254641245207,6,99,1,0,99.02072546412452,1,6. M106-6 - Redwan Mahamed Hassan,0,0.7550677674816818,999,99,Ahmed yousuf Abdi,2,6,,M106-7,0,1,0.4318804729887584,7,99,1,0,99.43188047298875,1,7. M106-7 - Ahmed yousuf Abdi,0,0.307105356431292,999,99,Aamina Mahamed Abdifarah,1,6,,M106-8,0,1,0.24433816273759046,8,99,1,0,99.24433816273759,1,8. M106-8 - Aamina Mahamed Abdifarah,0,0.9538094021164075,999,99,Ahmed Ali Ziad,1,6,,M106-9,0,1,0.5989536744967952,9,99,1,0,99.5989536744968,1,9. M106-9 - Ahmed Ali Ziad,0,0.6708531648496816,999,99,Omer Abdi Osman,2,6,,M106-10,0,1,0.12124354052576936,10,99,1,0,99.12124354052577,1,10. M106-10 - Omer Abdi Osman,0,0.6385633711789658,999,99,,,,,,,,,,,,,,,,,,,,,,,,,,,,,,,,,,,,,,,,,,,,,,,,,,,,,,,,,,,,,,,,,,,,,,,,,,,,,,,,,,,,,,,,,,,,,,,,,,,,,,,,,,,,,,,,,,,1,99.58485963732174 99.92677670746075 99.67110040839891 99.87073128384235 199.34667404982358 99.02072546412452 99.43188047298875 99.24433816273759 99.5989536744968 99.12124354052577,5,2,4,3,9,1,1. M106_1 - Ahmed Mahamed Hussein,2. M106_2 - Fardawsa Aden Farah,3. M106_3 - Zamzam Abdinasir Ahmed,4. M106_4 - Mahamed Abdi Abdullahi,5. M106_5 - Ahmed Ali Ziad,6. M106_6 - Abdullahi Hiis Abdullahi,,1,1 2 3 4 5 9,1. M106-1 - Abdullahi Hiis Abdullahi<br/>2. M106-2 - Fardawsa Aden Farah<br/>3. M106-3 - Mahamed Abdi Abdullahi<br/>4. M106-4 - Zamzam Abdinasir Ahmed<br/>5. M106-5 - Ahmed Mahamed Hussein<br/>6. M106-6 - Redwan Mahamed Hassan<br/>7. M106-7 - Ahmed yousuf Abdi<br/>8. M106-8 - Aamina Mahamed Abdifarah<br/>9. M106-9 - Ahmed Ali Ziad<br/>10. M106-10 - Omer Abdi Osman,6,,,,,,,,,,,,,No eligible spouse found.,0,,,uuid:438ddb92-41db-406f-ba94-52fd2fca8f7f,2603230738,uuid:438ddb92-41db-406f-ba94-52fd2fca8f7f
30-Mar-2026 05:44:38,29-Mar-2026 12:18:04,29-Mar-2026 12:28:52,d2ebdf8d6eda08cd,,llrp_team1,samsung|SM-A166P|16|SurveyCTO Collect 2.81.5 (387e45a),620,,Anteneh,Afriya,Dig,Balalada_1,M110,Hilaac,12,TechLed,#1f4bd6,10,10,Sukeyna Hussein Bedel,1,6,1,M110-1,0,1,0.21761437105243808,1,99,1,0.5,99.71761437105243,1,1. M110-1 - Sukeyna Hussein Bedel,0,0.17265172988270971,999,99,Hasen Abdi Isman,2,1,,M110-2,1,0,0.4038601908704119,2,1,99,0,199.4038601908704,1,2. M110-2 - Hasen Abdi Isman,0,0.6749920563845462,999,99,Nimo Abdullahi Farah,1,6,2,M110-3,0,1,0.7911285692503892,3,99,1,0,99.79112856925039,1,3. M110-3 - Nimo Abdullahi Farah,0,0.8975654697287166,999,99,Mahamud  Abdullahi Abib,2,5,,M110-4,0,0,0.4890589086069804,4,99,99,0,0.4890589086069804,1,4. M110-4 - Mahamud  Abdullahi Abib,0,0.4326573505503427,999,99,Efrah Aden Mohamed,1,6,1,M110-5,0,1,0.8477511501055804,5,99,1,0.5,100.34775115010558,1,5. M110-5 - Efrah Aden Mohamed,1,0.46017843616636367,0.8477511501055804,1,Ahmed Yusuf Seid,2,6,,M110-6,0,1,0.9903955241819254,6,99,1,0,99.99039552418192,1,6. M110-6 - Ahmed Yusuf Seid,0,0.7739351017061061,999,99,Aden Usmail Ali,2,6,,M110-7,0,1,0.5009024492579935,7,99,1,0,99.50090244925799,1,7. M110-7 - Aden Usmail Ali,0,0.47788356038310564,999,99,Nura Abdinasir Amud,1,6,1,M110-8,0,1,0.9632726791876552,8,99,1,0.5,100.46327267918765,1,8. M110-8 - Nura Abdinasir Amud,1,0.6629633740622948,0.9632726791876552,1,Farihiya Abdi Isman,1,6,2,M110-9,0,1,0.5878414073793472,9,99,1,0,99.58784140737934,1,9. M110-9 - Farihiya Abdi Isman,0,0.19758770659669944,999,99,Ubah Ahmed Abdi,1,3,2,M110-10,1,0,0.07689340023344671,10,1,99,0,199.07689340023344,1,10. M110-10 - Ubah Ahmed Abdi,0,0.5351664138330008,999,99,,,,,,,,,,,,,,,,,,,,,,,,,,,,,,,,,,,,,,,,,,,,,,,,,,,,,,,,,,,,,,,,,,,,,,,,,,,,,,,,,,,,,,,,,,,,,,,,,,,,,,,,,,,,,,,,,,,1,99.71761437105243 199.4038601908704 99.79112856925039 0.4890589086069804 100.34775115010558 99.99039552418192 99.50090244925799 100.46327267918765 99.58784140737934 199.07689340023344,2,10,8,5,6,3,1. M110_1 - Hasen Abdi Isman,2. M110_2 - Ubah Ahmed Abdi,3. M110_3 - Nura Abdinasir Amud,4. M110_4 - Efrah Aden Mohamed,5. M110_5 - Ahmed Yusuf Seid,6. M110_6 - Nimo Abdullahi Farah,0.8477511501055804 0.9632726791876552,2,2 3 5 6 8 10,1. M110-1 - Sukeyna Hussein Bedel <br/>2. M110-2 - Hasen Abdi Isman <br/>3. M110-3 - Nimo Abdullahi Farah <br/>4. M110-4 - Mahamud  Abdullahi Abib <br/>5. M110-5 - Efrah Aden Mohamed <br/>6. M110-6 - Ahmed Yusuf Seid <br/>7. M110-7 - Aden Usmail Ali<br/>8. M110-8 - Nura Abdinasir Amud <br/>9. M110-9 - Farihiya Abdi Isman <br/>10. M110-10 - Ubah Ahmed Abdi,6,8,5,,Nura Abdinasir Amud,Efrah Aden Mohamed,,,,3. Nura Abdinasir Amud  (Husband to be interviewed)<br/>,4. Efrah Aden Mohamed  (Husband to be interviewed)<br/>,,,Husbands of Nura Abdinasir Amud  and Efrah Aden Mohamed  must be interviewed.,2,,⚠ Spouse interview required,uuid:01247aa3-522e-4faa-ad50-8e27a8bcbbb2,2603230738,uuid:01247aa3-522e-4faa-ad50-8e27a8bcbbb2
30-Mar-2026 06:04:16,29-Mar-2026 11:01:48,29-Mar-2026 12:49:39,77f1a9f1d6894071,,llrp_team1,samsung|SM-X115|15|SurveyCTO Collect 2.81.5 (387e45a),470,,Daniel,Hakima,Goljano,Malqaqa_1,M201,Hilaac CIG ( Hila' CIG),12,Control,#d60000,6,6,Siyado Ibrahim Mohamud,1,6,,M201-1,0,1,0.4729021314250397,1,99,1,0,99.47290213142504,1,1. M201-1 - Siyado Ibrahim Mohamud,0,0.09971662183932584,999,99,Dhol Abdirisak Bedel,1,6,,M201-2,0,1,0.40826543278351335,2,99,1,0,99.40826543278351,1,2. M201-2 - Dhol Abdirisak Bedel,0,0.5216152402696015,999,99,Siyado Omer Hassen,1,6,,M201-3,0,1,0.9963651839454533,3,99,1,0,99.99636518394546,1,3. M201-3 - Siyado Omer Hassen,0,0.2003560867769295,999,99,Seynaba Surur Hassen,1,6,,M201-4,0,1,0.4844714275506,4,99,1,0,99.4844714275506,1,4. M201-4 - Seynaba Surur Hassen,0,0.6687678165218943,999,99,Qorane Ismail Nur,2,1,,M201-5,1,0,0.27303806406076137,5,1,99,0,199.27303806406076,1,5. M201-5 - Qorane Ismail Nur,0,0.3063003095219008,999,99,Ahmed Abdullahi Yusuf,2,6,,M201-6,0,1,0.17347201658282874,6,99,1,0,99.17347201658283,1,6. M201-6 - Ahmed Abdullahi Yusuf,0,0.48721770275657106,999,99,,,,,,,,,,,,,,,,,,,,,,,,,,,,,,,,,,,,,,,,,,,,,,,,,,,,,,,,,,,,,,,,,,,,,,,,,,,,,,,,,,,,,,,,,,,,,,,,,,,,,,,,,,,,,,,,,,,,,,,,,,,,,,,,,,,,,,,,,,,,,,,,,,,,,,,,,,,,,,,,,,,,,,,,,,,,,,,,,,,,,,,,,,,,,,,1,99.47290213142504 99.40826543278351 99.99636518394546 99.4844714275506 199.27303806406076 99.17347201658283,5,3,4,1,2,6,1. M201_1 - Qorane Ismail Nur,2. M201_2 - Siyado Omer Hassen,3. M201_3 - Seynaba Surur Hassen,4. M201_4 - Siyado Ibrahim Mohamud,5. M201_5 - Dhol Abdirisak Bedel,6. M201_6 - Ahmed Abdullahi Yusuf,,1,1 2 3 4 5 6,1. M201-1 - Siyado Ibrahim Mohamud<br/>2. M201-2 - Dhol Abdirisak Bedel<br/>3. M201-3 - Siyado Omer Hassen<br/>4. M201-4 - Seynaba Surur Hassen<br/>5. M201-5 - Qorane Ismail Nur<br/>6. M201-6 - Ahmed Abdullahi Yusuf,6,,,,,,,,,,,,,No eligible spouse found.,0,,,uuid:3743b025-c631-429a-8d3a-04b8dbad0382,2603230738,uuid:3743b025-c631-429a-8d3a-04b8dbad0382
30-Mar-2026 06:04:17,29-Mar-2026 08:59:00,30-Mar-2026 05:58:40,3d73d84ac913aa71,,llrp_team1,samsung|SM-X115|15|SurveyCTO Collect 2.81.5 (387e45a),989,,Anteneh,Husen,Elele,Elele 02_1,M135,Himilo,13,TechLed,#1f4bd6,6,6,Anas muhumed Aden,2,1,,M135-1,1,0,0.9886473951208886,1,1,99,0,199.9886473951209,1,1. M135-1 - Anas muhumed Aden,0,0.017000377290209645,999,99,Ahmed Mohamed irshaad,2,6,,M135-2,0,1,0.508589607154854,2,99,1,0,99.50858960715486,1,2. M135-2 - Ahmed Mohamed irshaad,0,0.3205406407729303,999,99,Muhumed sheik  Bashir,2,2,,M135-3,0,0,0.058156577185006886,3,99,99,0,0.058156577185006886,1,3. M135-3 - Muhumed sheik  Bashir,0,0.1873654110307872,999,99,Bashir osman Aigaal,2,6,,M135-4,0,1,0.3474053449225655,4,99,1,0,99.34740534492256,1,4. M135-4 - Bashir osman Aigaal,0,0.10935960427967317,999,99,Naim degey keynan,1,6,1,M135-5,0,1,0.935097064799388,5,99,1,0.5,100.4350970647994,1,5. M135-5 - Naim degey keynan,1,0.14692884491795977,0.935097064799388,1,Yazin mohamed muhumed,2,6,,M135-6,0,1,0.770870666524834,6,99,1,0,99.77087066652483,1,6. M135-6 - Yazin mohamed muhumed,0,0.46104709057437476,999,99,,,,,,,,,,,,,,,,,,,,,,,,,,,,,,,,,,,,,,,,,,,,,,,,,,,,,,,,,,,,,,,,,,,,,,,,,,,,,,,,,,,,,,,,,,,,,,,,,,,,,,,,,,,,,,,,,,,,,,,,,,,,,,,,,,,,,,,,,,,,,,,,,,,,,,,,,,,,,,,,,,,,,,,,,,,,,,,,,,,,,,,,,,,,,,,1,199.9886473951209 99.50858960715486 0.058156577185006886 99.34740534492256 100.4350970647994 99.77087066652483,1,5,6,2,4,3,1. M135_1 - Anas muhumed Aden,2. M135_2 - Naim degey keynan,3. M135_3 - Yazin mohamed muhumed,4. M135_4 - Ahmed Mohamed irshaad,5. M135_5 - Bashir osman Aigaal,6. M135_6 - Muhumed sheik  Bashir,0.935097064799388,1,1 2 3 4 5 6,1. M135-1 - Anas muhumed Aden<br/>2. M135-2 - Ahmed Mohamed irshaad<br/>3. M135-3 - Muhumed sheik  Bashir<br/>4. M135-4 - Bashir osman Aigaal<br/>5. M135-5 - Naim degey keynan<br/>6. M135-6 - Yazin mohamed muhumed,6,5,,,Naim degey keynan,,,,2. Naim degey keynan (Husband to be interviewed)<br/>,,,,,Husband of Naim degey keynan must be interviewed.,1,,⚠ Spouse interview required,uuid:ef8d43c6-3eeb-46d8-8618-d1ac3e170cff,2603230738,uuid:ef8d43c6-3eeb-46d8-8618-d1ac3e170cff
30-Mar-2026 06:49:53,29-Mar-2026 10:06:56,29-Mar-2026 10:12:06,bc9edd50ac897c82,,llrp_team1,samsung|SM-X115|15|SurveyCTO Collect 2.81.5 (387e45a),308,,Anteneh,Abouker,Elele,Dhure_1,M136,Ducaysan,12,HumanLed,#0a8f3c,8,8,Ahmed bare ismail,2,1,,M136-1,1,0,0.6793320535668441,1,1,99,0,199.67933205356684,1,1. M136-1 - Ahmed bare ismail,0,0.15414957836707777,999,99,Sulub Mohammed garaneh,2,6,,M136-2,0,1,0.5177815414074264,2,99,1,0,99.51778154140743,1,2. M136-2 - Sulub Mohammed garaneh,0,0.076090537818151,999,99,Roda Mohammed dalmar,1,6,2,M136-3,0,1,0.555250326256821,3,99,1,0,99.55525032625683,1,3. M136-3 - Roda Mohammed dalmar,0,0.34212109028203397,999,99,Zahra bare youssouf,1,6,1,M136-4,0,1,0.8830659232621181,4,99,1,0.5,100.38306592326212,1,4. M136-4 - Zahra bare youssouf,1,0.24414506679539127,0.8830659232621181,1,Hukun Mohammed garaneh,1,6,2,M136-5,0,1,0.6237193933414639,5,99,1,0,99.62371939334146,1,5. M136-5 - Hukun Mohammed garaneh,0,0.22386286896478513,999,99,Ardo abdulahi hadeh,1,6,2,M136-6,0,1,0.9400123431981919,6,99,1,0,99.94001234319819,1,6. M136-6 - Ardo abdulahi hadeh,0,0.4897521970154649,999,99,Oubah Abdi mouhoumad,1,6,1,M136-7,0,1,0.5134372854206943,7,99,1,0.5,100.0134372854207,1,7. M136-7 - Oubah Abdi mouhoumad,1,0.4848328299051119,0.5134372854206943,1,Aysha abdulahi salad,1,6,2,M136-8,0,1,0.4552411664733109,8,99,1,0,99.45524116647331,1,8. M136-8 - Aysha abdulahi salad,0,0.2987095873335437,999,99,,,,,,,,,,,,,,,,,,,,,,,,,,,,,,,,,,,,,,,,,,,,,,,,,,,,,,,,,,,,,,,,,,,,,,,,,,,,,,,,,,,,,,,,,,,,,,,,,,,,,,,,,,,,,,,,,,,,,,,,,,,,,,,,,,,,,,,,,,,,,,,,,,,,,,,,,1,199.67933205356684 99.51778154140743 99.55525032625683 100.38306592326212 99.62371939334146 99.94001234319819 100.0134372854207 99.45524116647331,1,4,7,6,5,3,1. M136_1 - Ahmed bare ismail,2. M136_2 - Zahra bare youssouf,3. M136_3 - Oubah Abdi mouhoumad,4. M136_4 - Ardo abdulahi hadeh,5. M136_5 - Hukun Mohammed garaneh,6. M136_6 - Roda Mohammed dalmar,0.8830659232621181 0.5134372854206943,1,1 3 4 5 6 7,1. M136-1 - Ahmed bare ismail<br/>2. M136-2 - Sulub Mohammed garaneh<br/>3. M136-3 - Roda Mohammed dalmar<br/>4. M136-4 - Zahra bare youssouf<br/>5. M136-5 - Hukun Mohammed garaneh <br/>6. M136-6 - Ardo abdulahi hadeh<br/>7. M136-7 - Oubah Abdi mouhoumad<br/>8. M136-8 - Aysha abdulahi salad,6,4,7,,Zahra bare youssouf,Oubah Abdi mouhoumad,,,2. Zahra bare youssouf (Husband to be interviewed)<br/>,3. Oubah Abdi mouhoumad (Husband to be interviewed)<br/>,,,,Husbands of Zahra bare youssouf and Oubah Abdi mouhoumad must be interviewed.,2,,⚠ Spouse interview required,uuid:c24ef8ea-348f-4306-a2ad-bb99a0ef0d76,2603230738,uuid:c24ef8ea-348f-4306-a2ad-bb99a0ef0d76
30-Mar-2026 07:20:18,29-Mar-2026 09:07:30,30-Mar-2026 07:15:45,cf84d912f7bc03f1,,llrp_team1,samsung|SM-X115|14|SurveyCTO Collect 2.81.5 (387e45a),661,,Anteneh,Abdiresaq,Elele,Elele 03_1,M133,Barwaqo,12,TechLed,#1f4bd6,7,7,Moalinyare Abdullahi Ismail,2,3,,M133-1,1,0,0.035484302785010136,1,1,99,0,199.03548430278502,1,1. M133-1 - Moalinyare Abdullahi Ismail,0,0.12675545992293413,999,99,Abdullahi Handule Amin,2,6,,M133-2,0,1,0.5015313008033955,2,99,1,0,99.50153130080339,1,2. M133-2 - Abdullahi Handule Amin,0,0.3703882561249586,999,99,Mahamud Abokar Wadowr,2,1,,M133-3,1,0,0.7330668820825642,3,1,99,0,199.73306688208257,1,3. M133-3 - Mahamud Abokar Wadowr,0,0.26816824391368543,999,99,Ismail mohamed Lohos,2,5,,M133-4,0,0,0.43115212191014507,4,99,99,0,0.43115212191014507,1,4. M133-4 - Ismail mohamed Lohos,0,0.3560661466996723,999,99,Raho Abdullahi Abdi,1,6,2,M133-5,0,1,0.7661820730012049,5,99,1,0,99.7661820730012,1,5. M133-5 - Raho Abdullahi Abdi,0,0.29355817418269947,999,99,Idil Abdullahi Kenadid,1,6,2,M133-6,0,1,0.8319624597794014,6,99,1,0,99.8319624597794,1,6. M133-6 - Idil Abdullahi Kenadid,0,0.33554513144852705,999,99,Nimco Ali Gurhan,1,6,2,M133-7,0,1,0.8390749618201249,7,99,1,0,99.83907496182013,1,7. M133-7 - Nimco Ali Gurhan,0,0.22693719454371597,999,99,,,,,,,,,,,,,,,,,,,,,,,,,,,,,,,,,,,,,,,,,,,,,,,,,,,,,,,,,,,,,,,,,,,,,,,,,,,,,,,,,,,,,,,,,,,,,,,,,,,,,,,,,,,,,,,,,,,,,,,,,,,,,,,,,,,,,,,,,,,,,,,,,,,,,,,,,,,,,,,,,,,,,,,,,,,,1,199.03548430278502 99.50153130080339 199.73306688208257 0.43115212191014507 99.7661820730012 99.8319624597794 99.83907496182013,3,1,7,6,5,2,1. M133_1 - Mahamud Abokar Wadowr,2. M133_2 - Moalinyare Abdullahi Ismail,3. M133_3 - Nimco Ali Gurhan,4. M133_4 - Idil Abdullahi Kenadid,5. M133_5 - Raho Abdullahi Abdi,6. M133_6 - Abdullahi Handule Amin,,2,1 2 3 5 6 7,1. M133-1 - Moalinyare Abdullahi Ismail<br/>2. M133-2 - Abdullahi Handule Amin<br/>3. M133-3 - Mahamud Abokar Wadowr<br/>4. M133-4 - Ismail mohamed Lohos<br/>5. M133-5 - Raho Abdullahi Abdi<br/>6. M133-6 - Idil Abdullahi Kenadid<br/>7. M133-7 - Nimco Ali Gurhan,6,,,,,,,,,,,,,No eligible spouse found.,0,,,uuid:af5bde0d-9c43-467e-8050-504e6733716a,2603230738,uuid:af5bde0d-9c43-467e-8050-504e6733716a
30-Mar-2026 16:22:22,30-Mar-2026 10:24:49,30-Mar-2026 16:21:32,82e2405be9604681,,llrp_team1,samsung|SM-X115|15|SurveyCTO Collect 2.81.5 (387e45a),493,,Daniel,Daniel,Goljano,Bera'adye_1,M204,Najeh(Najax),10,HumanLed,#0a8f3c,9,9,Abdiwahab Mehamed Badal,2,1,,M204-1,1,0,0.581466566422677,1,1,99,0,199.58146656642268,1,1. M204-1 - Abdiwahab Mehamed Badal,0,0.4938210616731853,999,99,Ibrahim Ali Abdulahi,2,3,,M204-2,1,0,0.36661490129441743,2,1,99,0,199.3666149012944,1,2. M204-2 - Ibrahim Ali Abdulahi,0,0.08095845461251772,999,99,Adan Ali yusuf,2,6,,M204-3,0,1,0.13443890845872097,3,99,1,0,99.13443890845872,1,3. M204-3 - Adan Ali yusuf,0,0.7809120556420885,999,99,Amina Abdulahi yusuf,1,6,1,M204-4,0,1,0.613751836206488,4,99,1,0.5,100.11375183620649,1,4. M204-4 - Amina Abdulahi yusuf,1,0.5638022112192371,0.613751836206488,1,Nimco Abdulahi dayb,1,6,1,M204-5,0,1,0.7363263780207391,5,99,1,0.5,100.23632637802073,1,5. M204-5 - Nimco Abdulahi dayb,1,0.9861940020102226,0.7363263780207391,1,Habsa Ahmed yusuf,1,6,2,M204-6,0,1,0.7032613518858861,6,99,1,0,99.70326135188589,1,6. M204-6 - Habsa Ahmed yusuf,0,0.15801065725465346,999,99,Nimco hassen Ade,1,6,1,M204-7,0,1,0.2677681730812569,7,99,1,0.5,99.76776817308125,1,7. M204-7 - Nimco hassen Ade,1,0.5617283208107947,0.2677681730812569,1,Safiya Ismail hassen,1,6,1,M204-8,0,1,0.19244984912022323,8,99,1,0.5,99.69244984912022,1,8. M204-8 - Safiya Ismail hassen,0,0.4881333871320578,999,99,Ugaso Ahmed Gure,1,6,1,M204-9,0,1,0.18875873307178648,9,99,1,0.5,99.6887587330718,1,9. M204-9 - Ugaso Ahmed Gure,0,0.5720730804268384,999,99,,,,,,,,,,,,,,,,,,,,,,,,,,,,,,,,,,,,,,,,,,,,,,,,,,,,,,,,,,,,,,,,,,,,,,,,,,,,,,,,,,,,,,,,,,,,,,,,,,,,,,,,,,,,,,,,,,,,,,,,,,,,,,,,,,,,,,1,199.58146656642268 199.3666149012944 99.13443890845872 100.11375183620649 100.23632637802073 99.70326135188589 99.76776817308125 99.69244984912022 99.6887587330718,1,2,5,4,7,6,1. M204_1 - Abdiwahab Mehamed Badal,2. M204_2 - Ibrahim Ali Abdulahi,3. M204_3 - Nimco Abdulahi dayb,4. M204_4 - Amina Abdulahi yusuf,5. M204_5 - Nimco hassen Ade,6. M204_6 - Habsa Ahmed yusuf,0.613751836206488 0.7363263780207391 0.2677681730812569,2,1 2 4 5 6 7,1. M204-1 - Abdiwahab Mehamed Badal<br/>2. M204-2 - Ibrahim Ali Abdulahi<br/>3. M204-3 - Adan Ali yusuf<br/>4. M204-4 - Amina Abdulahi yusuf<br/>5. M204-5 - Nimco Abdulahi dayb<br/>6. M204-6 - Habsa Ahmed yusuf<br/>7. M204-7 - Nimco hassen Ade<br/>8. M204-8 - Safiya Ismail hassen<br/>9. M204-9 - Ugaso Ahmed Gure,6,5,4,7,Nimco Abdulahi dayb,Amina Abdulahi yusuf,Nimco hassen Ade,,,3. Nimco Abdulahi dayb (Husband to be interviewed)<br/>,4. Amina Abdulahi yusuf (Husband to be interviewed)<br/>,5. Nimco hassen Ade (Husband to be interviewed)<br/>,,"Husbands of Nimco Abdulahi dayb, Amina Abdulahi yusuf and Nimco hassen Ade must be interviewed (one may serve as replacement).",3,Nimco hassen Ade (Replacement),⚠ Spouse interview required,uuid:308845f5-d3f0-4d65-bcc8-6f13c917e2da,2603230738,uuid:308845f5-d3f0-4d65-bcc8-6f13c917e2da
30-Mar-2026 21:10:07,30-Mar-2026 10:08:41,30-Mar-2026 21:07:05,84a08d6ca764cc04,,llrp_team1,samsung|SM-X115|15|SurveyCTO Collect 2.81.5 (387e45a),913,,Anteneh,Abdilahi,Elele,(Dhuure) Budhudh_1,M139,Deeqa,12,TechLed,#1f4bd6,8,8,Adane Mohamed Dakane,2,6,,M139-1,0,1,0.8229653757707066,1,99,1,0,99.8229653757707,1,1. M139-1 - Adane Mohamed Dakane,0,0.7700661546747853,999,99,Aden Abdulahi keire,2,2,,M139-2,1,0,0.43166652387226834,2,1,99,0,199.43166652387228,1,2. M139-2 - Aden Abdulahi keire,0,0.6452410294392278,999,99,Soane Mohamed Dakane,2,6,,M139-3,0,1,0.11995237141106174,3,99,1,0,99.11995237141106,1,3. M139-3 - Soane Mohamed Dakane,0,0.30485209170938965,999,99,Dune Keitsane  Osman,1,6,1,M139-4,0,1,0.4847719278400905,4,99,1,0.5,99.98477192784009,1,4. M139-4 - Dune Keitsane  Osman,1,0.7556321681834646,0.4847719278400905,1,Haredo Afi Ismail,1,6,2,M139-5,0,1,0.16291299427657369,5,99,1,0,99.16291299427657,1,5. M139-5 - Haredo Afi Ismail,0,0.7141157920680431,999,99,Sainaba Mohamed Ali,1,6,2,M139-6,0,1,0.9900311518522381,6,99,1,0,99.99003115185224,1,6. M139-6 - Sainaba Mohamed Ali,0,0.9559353652950386,999,99,Anfa Dek Abdulahi,1,6,2,M139-7,0,1,0.2716810317489855,7,99,1,0,99.27168103174898,1,7. M139-7 - Anfa Dek Abdulahi,0,0.2452304968311213,999,99,Hamdi Farah Abdi,1,6,2,M139-8,0,1,0.8994245918154951,8,99,1,0,99.89942459181549,1,8. M139-8 - Hamdi Farah Abdi,0,0.9875175134638158,999,99,,,,,,,,,,,,,,,,,,,,,,,,,,,,,,,,,,,,,,,,,,,,,,,,,,,,,,,,,,,,,,,,,,,,,,,,,,,,,,,,,,,,,,,,,,,,,,,,,,,,,,,,,,,,,,,,,,,,,,,,,,,,,,,,,,,,,,,,,,,,,,,,,,,,,,,,,0,99.8229653757707 199.43166652387228 99.11995237141106 99.98477192784009 99.16291299427657 99.99003115185224 99.27168103174898 99.89942459181549,2,6,4,8,1,7,1. M139_1 - Aden Abdulahi keire,2. M139_2 - Sainaba Mohamed Ali,3. M139_3 - Dune Keitsane  Osman,4. M139_4 - Hamdi Farah Abdi,5. M139_5 - Adane Mohamed Dakane,6. M139_6 - Anfa Dek Abdulahi,0.4847719278400905,1,1 2 4 6 7 8,1. M139-1 - Adane Mohamed Dakane<br/>2. M139-2 - Aden Abdulahi keire<br/>3. M139-3 - Soane Mohamed Dakane<br/>4. M139-4 - Dune Keitsane  Osman<br/>5. M139-5 - Haredo Afi Ismail<br/>6. M139-6 - Sainaba Mohamed Ali<br/>7. M139-7 - Anfa Dek Abdulahi<br/>8. M139-8 - Hamdi Farah Abdi,6,4,,,Dune Keitsane  Osman,,,,,3. Dune Keitsane  Osman (Husband to be interviewed)<br/>,,,,Husband of Dune Keitsane  Osman must be interviewed.,1,,⚠ Spouse interview required,uuid:98d7bde8-2ebc-4947-9f7d-0e9426b83da0,2603230738,uuid:98d7bde8-2ebc-4947-9f7d-0e9426b83da0
30-Mar-2026 21:10:10,30-Mar-2026 13:30:54,30-Mar-2026 21:07:26,84a08d6ca764cc04,,llrp_team1,samsung|SM-X115|15|SurveyCTO Collect 2.81.5 (387e45a),799,,Anteneh,Osman,Elele,Adhicadeye_2,M140,Barako,10,Control,#d60000,7,7,Mohamud Dalmah Mohamed,2,1,,M140-1,1,0,0.2175082030339618,1,1,99,0,199.21750820303396,1,1. M140-1 - Mohamud Dalmah Mohamed,0,0.7540034140837174,999,99,Ayan Miyir Bade,1,3,,M140-2,1,0,0.9331577904635044,2,1,99,0,199.9331577904635,1,2. M140-2 - Ayan Miyir Bade,0,0.26370703634440806,999,99,Raho Daib Ali,1,6,,M140-3,0,1,0.8492039037186498,3,99,1,0,99.84920390371865,1,3. M140-3 - Raho Daib Ali,0,0.07898153788112183,999,99,Hinda Moalin Hussen,1,6,,M140-4,0,1,0.2139881389136259,4,99,1,0,99.21398813891362,1,4. M140-4 - Hinda Moalin Hussen,0,0.41130233661399496,999,99,Bouh Mohamed Abdi,1,6,,M140-5,0,1,0.3112511020031319,5,99,1,0,99.31125110200313,1,5. M140-5 - Bouh Mohamed Abdi,0,0.902633511842584,999,99,Hodan Kase Ubahle,1,6,,M140-6,0,1,0.2918511190290445,6,99,1,0,99.29185111902905,1,6. M140-6 - Hodan Kase Ubahle,0,0.03681889158211338,999,99,Shugri Abdi Mursal,2,6,,M140-7,0,1,0.020930046859090834,7,99,1,0,99.02093004685909,1,7. M140-7 - Shugri Abdi Mursal,0,0.3107547151231653,999,99,,,,,,,,,,,,,,,,,,,,,,,,,,,,,,,,,,,,,,,,,,,,,,,,,,,,,,,,,,,,,,,,,,,,,,,,,,,,,,,,,,,,,,,,,,,,,,,,,,,,,,,,,,,,,,,,,,,,,,,,,,,,,,,,,,,,,,,,,,,,,,,,,,,,,,,,,,,,,,,,,,,,,,,,,,,,1,199.21750820303396 199.9331577904635 99.84920390371865 99.21398813891362 99.31125110200313 99.29185111902905 99.02093004685909,2,1,3,5,6,4,1. M140_1 - Ayan Miyir Bade,2. M140_2 - Mohamud Dalmah Mohamed,3. M140_3 - Raho Daib Ali,4. M140_4 - Bouh Mohamed Abdi,5. M140_5 - Hodan Kase Ubahle,6. M140_6 - Hinda Moalin Hussen,,2,1 2 3 4 5 6,1. M140-1 - Mohamud Dalmah Mohamed<br/>2. M140-2 - Ayan Miyir Bade<br/>3. M140-3 - Raho Daib Ali<br/>4. M140-4 - Hinda Moalin Hussen<br/>5. M140-5 - Bouh Mohamed Abdi<br/>6. M140-6 - Hodan Kase Ubahle<br/>7. M140-7 - Shugri Abdi Mursal,6,,,,,,,,,,,,,No eligible spouse found.,0,,,uuid:1e92f80e-bb7c-4f8a-aa2d-6ab4f9c97bb8,2603230738,uuid:1e92f80e-bb7c-4f8a-aa2d-6ab4f9c97bb8
30-Mar-2026 23:28:30,30-Mar-2026 14:48:03,30-Mar-2026 23:27:59,7b083c6dbffcaebb,,llrp_team1,samsung|SM-X115|14|SurveyCTO Collect 2.81.5 (387e45a),476,,Muktar,Rahma,Mayumuluko,Raqay_1,M298,Amaano,8,TechLed,#1f4bd6,8,8,Aden Ali Nur,2,1,,M298-1,1,0,0.6877270162294769,1,1,99,0,199.68772701622947,1,1. M298-1 - Aden Ali Nur,0,0.9756611364043095,999,99,Abdiwadud Abdirahman Abdikane,2,6,,M298-2,0,1,0.8258098544100718,2,99,1,0,99.82580985441007,1,2. M298-2 - Abdiwadud Abdirahman Abdikane,0,0.8232998278075475,999,99,Fadhi bare Ali,2,6,,M298-3,0,1,0.8208293023966493,3,99,1,0,99.82082930239665,1,3. M298-3 - Fadhi bare Ali,0,0.568662472311868,999,99,Hussen Aden mahamed,2,6,,M298-4,0,1,0.0961728589674703,4,99,1,0,99.09617285896746,1,4. M298-4 - Hussen Aden mahamed,0,0.024145270207831193,999,99,Bashir dalha muhumed,2,6,,M298-5,0,1,0.5840587406207679,5,99,1,0,99.58405874062076,1,5. M298-5 - Bashir dalha muhumed,0,0.25527005012755266,999,99,Hassen mahamed Ali,2,3,,M298-6,1,0,0.7412532601758577,6,1,99,0,199.74125326017585,1,6. M298-6 - Hassen mahamed Ali,0,0.8793551146354198,999,99,Ardo haji hassen,1,6,2,M298-7,0,1,0.7781365037368485,7,99,1,0,99.77813650373685,1,7. M298-7 - Ardo haji hassen,0,0.031431397039162756,999,99,Mahamed Ahmed shugri,2,5,,M298-8,0,0,0.9408344067262145,8,99,99,0,0.9408344067262145,1,8. M298-8 - Mahamed Ahmed shugri,0,0.3461499362197734,999,99,,,,,,,,,,,,,,,,,,,,,,,,,,,,,,,,,,,,,,,,,,,,,,,,,,,,,,,,,,,,,,,,,,,,,,,,,,,,,,,,,,,,,,,,,,,,,,,,,,,,,,,,,,,,,,,,,,,,,,,,,,,,,,,,,,,,,,,,,,,,,,,,,,,,,,,,,1,199.68772701622947 99.82580985441007 99.82082930239665 99.09617285896746 99.58405874062076 199.74125326017585 99.77813650373685 0.9408344067262145,6,1,2,3,7,5,1. M298_1 - Hassen mahamed Ali,2. M298_2 - Aden Ali Nur,3. M298_3 - Abdiwadud Abdirahman Abdikane,4. M298_4 - Fadhi bare Ali,5. M298_5 - Ardo haji hassen,6. M298_6 - Bashir dalha muhumed,,2,1 2 3 5 6 7,1. M298-1 - Aden Ali Nur<br/>2. M298-2 - Abdiwadud Abdirahman Abdikane<br/>3. M298-3 - Fadhi bare Ali<br/>4. M298-4 - Hussen Aden mahamed<br/>5. M298-5 - Bashir dalha muhumed<br/>6. M298-6 - Hassen mahamed Ali<br/>7. M298-7 - Ardo haji hassen<br/>8. M298-8 - Mahamed Ahmed shugri,6,,,,,,,,,,,,,No eligible spouse found.,0,,,uuid:8ff69baa-e867-47b4-8898-edab5ae9ebec,2603230738,uuid:8ff69baa-e867-47b4-8898-edab5ae9ebec
31-Mar-2026 05:33:51,30-Mar-2026 10:21:17,30-Mar-2026 10:31:21,6b74f9d4edaa4c9a,,llrp_team1,samsung|SM-X115|15|SurveyCTO Collect 2.81.5 (387e45a),603,,Anteneh,Mahamed,Dig,Dig 01_1,M104,Towfiq,13,TechLed,#1f4bd6,8,8,Mulki farah muhumed,1,6,1,M104-1,0,1,0.3783541040353904,1,99,1,0.5,99.8783541040354,1,1. M104-1 - Mulki farah muhumed,1,0.45692218322668454,0.3783541040353904,1,Sahra moalin mohamed,1,6,2,M104-2,0,1,0.8718362443352876,2,99,1,0,99.87183624433528,1,2. M104-2 - Sahra moalin mohamed,0,0.5955406612238539,999,99,Maryan mohamed muse,1,6,2,M104-3,0,1,0.5869672837502381,3,99,1,0,99.58696728375024,1,3. M104-3 - Maryan mohamed muse,0,0.1683607826631297,999,99,Habib sharif nur,2,1,,M104-4,1,0,0.21209066634876572,4,1,99,0,199.21209066634876,1,4. M104-4 - Habib sharif nur,0,0.2949260146178061,999,99,Huda omer abdilahi,1,6,2,M104-5,0,1,0.9581627519737198,5,99,1,0,99.95816275197372,1,5. M104-5 - Huda omer abdilahi,0,0.6915846515913616,999,99,Hibak dahir arab,1,6,2,M104-6,0,1,0.4627577816284495,6,99,1,0,99.46275778162845,1,6. M104-6 - Hibak dahir arab,0,0.8350476917812019,999,99,Fosia sharif wadi,1,6,2,M104-7,0,1,0.6464091988655966,7,99,1,0,99.6464091988656,1,7. M104-7 - Fosia sharif wadi,0,0.4456884407693197,999,99,Fardawsa moalin mohamed,1,6,2,M104-8,0,1,0.774440002134723,8,99,1,0,99.77444000213472,1,8. M104-8 - Fardawsa moalin mohamed,0,0.4435572477058135,999,99,,,,,,,,,,,,,,,,,,,,,,,,,,,,,,,,,,,,,,,,,,,,,,,,,,,,,,,,,,,,,,,,,,,,,,,,,,,,,,,,,,,,,,,,,,,,,,,,,,,,,,,,,,,,,,,,,,,,,,,,,,,,,,,,,,,,,,,,,,,,,,,,,,,,,,,,,1,99.8783541040354 99.87183624433528 99.58696728375024 199.21209066634876 99.95816275197372 99.46275778162845 99.6464091988656 99.77444000213472,4,5,1,2,8,7,1. M104_1 - Habib sharif nur,2. M104_2 - Huda omer abdilahi,3. M104_3 - Mulki farah muhumed,4. M104_4 - Sahra moalin mohamed,5. M104_5 - Fardawsa moalin mohamed,6. M104_6 - Fosia sharif wadi,0.3783541040353904,1,1 2 4 5 7 8,1. M104-1 - Mulki farah muhumed<br/>2. M104-2 - Sahra moalin mohamed<br/>3. M104-3 - Maryan mohamed muse<br/>4. M104-4 - Habib sharif nur<br/>5. M104-5 - Huda omer abdilahi <br/>6. M104-6 - Hibak dahir arab<br/>7. M104-7 - Fosia sharif wadi<br/>8. M104-8 - Fardawsa moalin mohamed,6,1,,,Mulki farah muhumed,,,,,3. Mulki farah muhumed (Husband to be interviewed)<br/>,,,,Husband of Mulki farah muhumed must be interviewed.,1,,⚠ Spouse interview required,uuid:64dd8f64-12cd-4c72-850a-3eab9aec333b,2603230738,uuid:64dd8f64-12cd-4c72-850a-3eab9aec333b
31-Mar-2026 05:40:53,30-Mar-2026 09:53:20,30-Mar-2026 10:40:12,490e0fe671aa542e,,wtcollection,samsung|SM-A127F|13|SurveyCTO Collect 2.81.5 (387e45a),1348,,Anteneh,Mohamed,Dig,Dig 02_2,M105,Dheeman,13,TechLed,#1f4bd6,9,9,Abdi mahamed wayel,2,6,,M105-1,0,1,0.5342653158729571,1,99,1,0,99.53426531587296,1,1. M105-1 - Abdi mahamed wayel,0,0.06916217332411478,999,99,ibrahin mahamed ahmed,2,6,,M105-2,0,1,0.9018109213439786,2,99,1,0,99.90181092134398,1,2. M105-2 - ibrahin mahamed ahmed,0,0.4341820256725011,999,99,Mahamoud Dek mahamed,2,6,,M105-3,0,1,0.6938846953563822,3,99,1,0,99.69388469535639,1,3. M105-3 - Mahamoud Dek mahamed,0,0.346668993395012,999,99,Hassan Mahamed Aar,2,1,,M105-4,1,0,0.9413661482042049,4,1,99,0,199.9413661482042,1,4. M105-4 - Hassan Mahamed Aar,0,0.973352518376342,999,99,Abdiwahab moalin hassan,2,6,,M105-5,0,1,0.9771654237940127,5,99,1,0,99.97716542379402,1,5. M105-5 - Abdiwahab moalin hassan,0,0.734178299630747,999,99,Ahmed Abdi Mahamed,2,6,,M105-6,0,1,0.5189096274030165,6,99,1,0,99.51890962740302,1,6. M105-6 - Ahmed Abdi Mahamed,0,0.6596485356232605,999,99,Aamina Ahmed ismael,1,3,1,M105-7,1,0,0.7755346941439806,7,1,99,0.5,200.27553469414397,1,7. M105-7 - Aamina Ahmed ismael,1,0.9246745519462407,0.7755346941439806,1,Sada Mahamed ismael,1,6,1,M105-8,0,1,0.17826656427559318,8,99,1,0.5,99.67826656427559,1,8. M105-8 - Sada Mahamed ismael,1,0.3491557250013215,0.17826656427559318,1,Haadir Ali Aare,1,6,2,M105-9,0,1,0.15583108223102093,9,99,1,0,99.15583108223102,1,9. M105-9 - Haadir Ali Aare,0,0.2366027532188555,999,99,,,,,,,,,,,,,,,,,,,,,,,,,,,,,,,,,,,,,,,,,,,,,,,,,,,,,,,,,,,,,,,,,,,,,,,,,,,,,,,,,,,,,,,,,,,,,,,,,,,,,,,,,,,,,,,,,,,,,,,,,,,,,,,,,,,,,,1,99.53426531587296 99.90181092134398 99.69388469535639 199.9413661482042 99.97716542379402 99.51890962740302 200.27553469414397 99.67826656427559 99.15583108223102,7,4,5,2,3,8,1. M105_1 - Aamina Ahmed ismael,2. M105_2 - Hassan Mahamed Aar,3. M105_3 - Abdiwahab moalin hassan,4. M105_4 - ibrahin mahamed ahmed,5. M105_5 - Mahamoud Dek mahamed,6. M105_6 - Sada Mahamed ismael,0.7755346941439806 0.17826656427559318,2,2 3 4 5 7 8,1. M105-1 - Abdi mahamed wayel<br/>2. M105-2 - ibrahin mahamed ahmed<br/>3. M105-3 - Mahamoud Dek mahamed<br/>4. M105-4 - Hassan Mahamed Aar<br/>5. M105-5 - Abdiwahab moalin hassan<br/>6. M105-6 - Ahmed Abdi Mahamed<br/>7. M105-7 - Aamina Ahmed ismael<br/>8. M105-8 - Sada Mahamed ismael<br/>9. M105-9 - Haadir Ali Aare,6,7,8,,Aamina Ahmed ismael,Sada Mahamed ismael,,1. Aamina Ahmed ismael (Husband to be interviewed)<br/>,,,,,6. Sada Mahamed ismael (Husband to be interviewed)<br/>,Husbands of Aamina Ahmed ismael and Sada Mahamed ismael must be interviewed.,2,,⚠ Spouse interview required,uuid:6f7cb372-362e-48e0-a1ef-4183168ff494,2603230738,uuid:6f7cb372-362e-48e0-a1ef-4183168ff494
31-Mar-2026 05:48:47,30-Mar-2026 11:07:00,30-Mar-2026 11:17:00,d2ebdf8d6eda08cd,,llrp_team1,samsung|SM-A166P|16|SurveyCTO Collect 2.81.5 (387e45a),600,,Anteneh,Afriya,Dig,Geed-dher_1,M107,Anfac,12,Control,#d60000,10,10,Shukri  Ahmed Nur,1,6,,M107-1,0,1,0.2549994880183203,1,99,1,0,99.25499948801831,1,1. M107-1 - Shukri  Ahmed Nur,0,0.7745904340697043,999,99,Kheder Abdullahi  Muhumed,1,6,,M107-2,0,1,0.22204227723369996,2,99,1,0,99.2220422772337,1,2. M107-2 - Kheder Abdullahi  Muhumed,0,0.9901288192805914,999,99,Mahad Sharif Ayanle Makhtar,1,6,,M107-3,0,1,0.3685811491619927,3,99,1,0,99.368581149162,1,3. M107-3 - Mahad Sharif Ayanle Makhtar,0,0.2417002285169555,999,99,Nimo  Mukhtar Isman,1,3,,M107-4,1,0,0.9571077419406187,4,1,99,0,199.95710774194063,1,4. M107-4 - Nimo  Mukhtar Isman,0,0.7336483800034428,999,99,Istahil Abdi Ahmed,1,6,,M107-5,0,1,0.5952554556994816,5,99,1,0,99.59525545569949,1,5. M107-5 - Istahil Abdi Ahmed,0,0.883256755427382,999,99,Sewda Omer Ader,1,6,,M107-6,0,1,0.1161064997158674,6,99,1,0,99.11610649971587,1,6. M107-6 - Sewda Omer Ader,0,0.9306039888662928,999,99,Nasri Isman Gele,1,6,,M107-7,0,1,0.9815727890419544,7,99,1,0,99.98157278904195,1,7. M107-7 - Nasri Isman Gele,0,0.5093424126667595,999,99,Faseh Mahamud Muhumed,1,6,,M107-8,0,1,0.2647220912378374,8,99,1,0,99.26472209123784,1,8. M107-8 - Faseh Mahamud Muhumed,0,0.5752763679564499,999,99,Kheder Bashir  Abdi,2,5,,M107-9,0,0,0.387118109827451,9,99,99,0,0.387118109827451,1,9. M107-9 - Kheder Bashir  Abdi,0,0.4154110966420218,999,99,Abdullahi  Ibrahim Shakul,2,1,,M107-10,1,0,0.028838899219643888,10,1,99,0,199.02883889921964,1,10. M107-10 - Abdullahi  Ibrahim Shakul,0,0.314074154182001,999,99,,,,,,,,,,,,,,,,,,,,,,,,,,,,,,,,,,,,,,,,,,,,,,,,,,,,,,,,,,,,,,,,,,,,,,,,,,,,,,,,,,,,,,,,,,,,,,,,,,,,,,,,,,,,,,,,,,,1,99.25499948801831 99.2220422772337 99.368581149162 199.95710774194063 99.59525545569949 99.11610649971587 99.98157278904195 99.26472209123784 0.387118109827451 199.02883889921964,4,10,7,5,3,8,1. M107_1 - Nimo  Mukhtar Isman,2. M107_2 - Abdullahi  Ibrahim Shakul,3. M107_3 - Nasri Isman Gele,4. M107_4 - Istahil Abdi Ahmed,5. M107_5 - Mahad Sharif Ayanle Makhtar,6. M107_6 - Faseh Mahamud Muhumed,,2,3 4 5 7 8 10,1. M107-1 - Shukri  Ahmed Nur<br/>2. M107-2 - Kheder Abdullahi  Muhumed<br/>3. M107-3 - Mahad Sharif Ayanle Makhtar<br/>4. M107-4 - Nimo  Mukhtar Isman<br/>5. M107-5 - Istahil Abdi Ahmed <br/>6. M107-6 - Sewda Omer Ader<br/>7. M107-7 - Nasri Isman Gele<br/>8. M107-8 - Faseh Mahamud Muhumed <br/>9. M107-9 - Kheder Bashir  Abdi <br/>10. M107-10 - Abdullahi  Ibrahim Shakul,6,,,,,,,,,,,,,No eligible spouse found.,0,,,uuid:b50229bd-cb9c-43af-af94-8528a74c24a6,2603230738,uuid:b50229bd-cb9c-43af-af94-8528a74c24a6
31-Mar-2026 07:37:11,30-Mar-2026 14:49:11,31-Mar-2026 07:33:29,3360ac9e5488af4f,,llrp_team1,samsung|SM-X115|14|SurveyCTO Collect 2.81.5 (387e45a),646,,Muktar,Abdulfetah,Mayumuluko,Mayu 03_1,M290,Alraxma,13,Control,#d60000,9,9,Ahmed Abdullahi Abdi,2,1,,M290-1,1,0,0.343749162398696,1,1,99,0,199.3437491623987,1,1. M290-1 - Ahmed Abdullahi Abdi,0,0.9314489354461023,999,99,Halane Abdullahi Nur,2,5,,M290-2,0,0,0.17110477233779298,2,99,99,0,0.17110477233779298,1,2. M290-2 - Halane Abdullahi Nur,0,0.7391803696502846,999,99,Mukhtar hurur Mohammed,2,3,,M290-3,1,0,0.2996674077373742,3,1,99,0,199.2996674077374,1,3. M290-3 - Mukhtar hurur Mohammed,0,0.6004440674209651,999,99,Halimo AhmedNur Muhummed,1,6,,M290-4,0,1,0.5445198433566444,4,99,1,0,99.54451984335664,1,4. M290-4 - Halimo AhmedNur Muhummed,0,0.11215870039631193,999,99,Abdisamad bashir Ali,2,6,,M290-5,0,1,0.3984408763537306,5,99,1,0,99.39844087635373,1,5. M290-5 - Abdisamad bashir Ali,0,0.16003897571857117,999,99,Taman Abdullahi Ahmed,2,6,,M290-6,0,1,0.9658002611058414,6,99,1,0,99.96580026110584,1,6. M290-6 - Taman Abdullahi Ahmed,0,0.8171108534241742,999,99,Shafad Abdi Mohammud,2,6,,M290-7,0,1,0.6833093023301134,7,99,1,0,99.68330930233012,1,7. M290-7 - Shafad Abdi Mohammud,0,0.805815331427919,999,99,Ruman Abdi omar,1,6,,M290-8,0,1,0.3479135307464396,8,99,1,0,99.34791353074644,1,8. M290-8 - Ruman Abdi omar,0,0.5880185049031316,999,99,Abdullahi hashi barkadle,1,6,,M290-9,0,1,0.35914221280062586,9,99,1,0,99.35914221280062,1,9. M290-9 - Abdullahi hashi barkadle,0,0.5761745938848447,999,99,,,,,,,,,,,,,,,,,,,,,,,,,,,,,,,,,,,,,,,,,,,,,,,,,,,,,,,,,,,,,,,,,,,,,,,,,,,,,,,,,,,,,,,,,,,,,,,,,,,,,,,,,,,,,,,,,,,,,,,,,,,,,,,,,,,,,,1,199.3437491623987 0.17110477233779298 199.2996674077374 99.54451984335664 99.39844087635373 99.96580026110584 99.68330930233012 99.34791353074644 99.35914221280062,1,3,6,7,4,5,1. M290_1 - Ahmed Abdullahi Abdi,2. M290_2 - Mukhtar hurur Mohammed,3. M290_3 - Taman Abdullahi Ahmed,4. M290_4 - Shafad Abdi Mohammud,5. M290_5 - Halimo AhmedNur Muhummed,6. M290_6 - Abdisamad bashir Ali,,2,1 3 4 5 6 7,1. M290-1 - Ahmed Abdullahi Abdi<br/>2. M290-2 - Halane Abdullahi Nur<br/>3. M290-3 - Mukhtar hurur Mohammed<br/>4. M290-4 - Halimo AhmedNur Muhummed<br/>5. M290-5 - Abdisamad bashir Ali<br/>6. M290-6 - Taman Abdullahi Ahmed<br/>7. M290-7 - Shafad Abdi Mohammud<br/>8. M290-8 - Ruman Abdi omar<br/>9. M290-9 - Abdullahi hashi barkadle,6,,,,,,,,,,,,,No eligible spouse found.,0,,,uuid:518597f5-7f0c-4d6f-8f40-9505739c74f8,2603230738,uuid:518597f5-7f0c-4d6f-8f40-9505739c74f8
31-Mar-2026 07:48:40,29-Mar-2026 09:29:26,30-Mar-2026 08:15:05,7697c74e25302763,,llrp_team1,samsung|SM-X115|15|SurveyCTO Collect 2.81.5 (387e45a),282,,Daniel,Idil,Goljano,3aad_1,M198,Gorof,9,Control,#d60000,8,8,Fadumo mohumed ali,1,1,,M198-1,1,0,0.10853051066678665,1,1,99,0,199.10853051066678,1,1. M198-1 - Fadumo mohumed ali,0,0.6183889492057489,999,99,Sead jama elabe,2,5,,M198-2,0,0,0.3737237948832498,2,99,99,0,0.3737237948832498,1,2. M198-2 - Sead jama elabe,0,0.9416905184268948,999,99,Mohmed ali muhummed,2,3,,M198-3,1,0,0.28784100390095235,3,1,99,0,199.28784100390095,1,3. M198-3 - Mohmed ali muhummed,0,0.32569401602411474,999,99,Neima mohamed ali,1,6,,M198-4,0,1,0.9990050587789285,4,99,1,0,99.99900505877893,1,4. M198-4 - Neima mohamed ali,0,0.01023330875983941,999,99,Abdi mohamed abib,2,6,,M198-5,0,1,0.5676454800894482,5,99,1,0,99.56764548008945,1,5. M198-5 - Abdi mohamed abib,0,0.44964372323440693,999,99,Bashir abdeal abdi,2,6,,M198-6,0,1,0.46104254997330796,6,99,1,0,99.46104254997331,1,6. M198-6 - Bashir abdeal abdi,0,0.10680545295819777,999,99,Mohamed osman adeis,2,6,,M198-7,0,1,0.24677266277175447,7,99,1,0,99.24677266277176,1,7. M198-7 - Mohamed osman adeis,0,0.16292924778734175,999,99,Ahmednasir rabii abdi,2,6,,M198-8,0,1,0.3340677694832298,8,99,1,0,99.33406776948323,1,8. M198-8 - Ahmednasir rabii abdi,0,0.2616993519131259,999,99,,,,,,,,,,,,,,,,,,,,,,,,,,,,,,,,,,,,,,,,,,,,,,,,,,,,,,,,,,,,,,,,,,,,,,,,,,,,,,,,,,,,,,,,,,,,,,,,,,,,,,,,,,,,,,,,,,,,,,,,,,,,,,,,,,,,,,,,,,,,,,,,,,,,,,,,,1,199.10853051066678 0.3737237948832498 199.28784100390095 99.99900505877893 99.56764548008945 99.46104254997331 99.24677266277176 99.33406776948323,3,1,4,5,6,8,1. M198_1 - Mohmed ali muhummed,2. M198_2 - Fadumo mohumed ali,3. M198_3 - Neima mohamed ali,4. M198_4 - Abdi mohamed abib,5. M198_5 - Bashir abdeal abdi,6. M198_6 - Ahmednasir rabii abdi,,2,1 3 4 5 6 8,1. M198-1 - Fadumo mohumed ali<br/>2. M198-2 - Sead jama elabe<br/>3. M198-3 - Mohmed ali muhummed<br/>4. M198-4 - Neima mohamed ali<br/>5. M198-5 - Abdi mohamed abib<br/>6. M198-6 - Bashir abdeal abdi<br/>7. M198-7 - Mohamed osman adeis<br/>8. M198-8 - Ahmednasir rabii abdi,6,,,,,,,,,,,,,No eligible spouse found.,0,,,uuid:91d32eff-3169-4ff1-9a93-abe697da725e,2603230738,uuid:91d32eff-3169-4ff1-9a93-abe697da725e
31-Mar-2026 08:06:48,29-Mar-2026 10:23:34,31-Mar-2026 07:57:44,4794b43bebbd3e7c,,llrp_team1,samsung|SM-X115|14|SurveyCTO Collect 2.81.5 (387e45a),625,,Daniel,Hayat,Goljano,0_1,M202,Daryeel CIG,10,Control,#d60000,7,7,Zemzem Mahad Hassen,1,5,,M202-1,0,0,0.07806919433973858,1,99,99,0,0.07806919433973858,1,1. M202-1 - Zemzem Mahad Hassen,0,0.3649853679520455,999,99,Asha Abdulahi Yusuf,1,3,,M202-2,1,0,0.26908577368321285,2,1,99,0,199.2690857736832,1,2. M202-2 - Asha Abdulahi Yusuf,0,0.5616408834129067,999,99,Abdimalik Sheek Ahmed,2,6,,M202-3,0,1,0.44403707955746896,3,99,1,0,99.44403707955748,1,3. M202-3 - Abdimalik Sheek Ahmed,0,0.7042280369099015,999,99,Fadumo Aqil Sheek,1,6,,M202-4,0,1,0.7889129330377802,4,99,1,0,99.78891293303778,1,4. M202-4 - Fadumo Aqil Sheek,0,0.1814182036493056,999,99,Amaal Sheek Ahmed,1,6,,M202-5,0,1,0.10444376258300625,5,99,1,0,99.104443762583,1,5. M202-5 - Amaal Sheek Ahmed,0,0.30989212253808485,999,99,Halimo Sheek Ahmed,1,6,,M202-6,0,1,0.6867457237979819,6,99,1,0,99.68674572379798,1,6. M202-6 - Halimo Sheek Ahmed,0,0.5954896606382933,999,99,Suada Hubeye Guled,1,4,,M202-7,1,0,0.18014604642811294,7,1,99,0,199.18014604642812,1,7. M202-7 - Suada Hubeye Guled,0,0.823349475975892,999,99,,,,,,,,,,,,,,,,,,,,,,,,,,,,,,,,,,,,,,,,,,,,,,,,,,,,,,,,,,,,,,,,,,,,,,,,,,,,,,,,,,,,,,,,,,,,,,,,,,,,,,,,,,,,,,,,,,,,,,,,,,,,,,,,,,,,,,,,,,,,,,,,,,,,,,,,,,,,,,,,,,,,,,,,,,,,0,0.07806919433973858 199.2690857736832 99.44403707955748 99.78891293303778 99.104443762583 99.68674572379798 199.18014604642812,2,7,4,6,3,5,1. M202_1 - Asha Abdulahi Yusuf,2. M202_2 - Suada Hubeye Guled,3. M202_3 - Fadumo Aqil Sheek,4. M202_4 - Halimo Sheek Ahmed,5. M202_5 - Abdimalik Sheek Ahmed,6. M202_6 - Amaal Sheek Ahmed,,2,2 3 4 5 6 7,1. M202-1 - Zemzem Mahad Hassen<br/>2. M202-2 - Asha Abdulahi Yusuf<br/>3. M202-3 - Abdimalik Sheek Ahmed<br/>4. M202-4 - Fadumo Aqil Sheek<br/>5. M202-5 - Amaal Sheek Ahmed<br/>6. M202-6 - Halimo Sheek Ahmed<br/>7. M202-7 - Suada Hubeye Guled,6,,,,,,,,,,,,,No eligible spouse found.,0,,,uuid:03ef9b94-b0e7-48ea-ba5a-ad13525696aa,2603230738,uuid:03ef9b94-b0e7-48ea-ba5a-ad13525696aa
31-Mar-2026 08:43:29,30-Mar-2026 13:47:12,31-Mar-2026 08:42:01,cf84d912f7bc03f1,,llrp_team1,samsung|SM-X115|14|SurveyCTO Collect 2.81.5 (387e45a),519,,Anteneh,Abdiresaq,Elele,Adhicadeye_1,M137,Iftin,13,TechLed,#1f4bd6,6,6,Asad Abdullahi omer,1,3,2,M137-1,1,0,0.49072090201867224,1,1,99,0,199.49072090201867,1,1. M137-1 - Asad Abdullahi omer,0,0.29855943195288037,999,99,Ifrah moalin Mohamed,1,6,2,M137-2,0,1,0.8715805909538691,2,99,1,0,99.87158059095387,1,2. M137-2 - Ifrah moalin Mohamed,0,0.0906870943606386,999,99,Fadumo Abdi Sahane,1,6,1,M137-3,0,1,0.04423795603245839,3,99,1,0.5,99.54423795603246,1,3. M137-3 - Fadumo Abdi Sahane,1,0.3589169848302971,0.04423795603245839,1,Falis Abdi Kayre,1,6,2,M137-4,0,1,0.6241403475182606,4,99,1,0,99.62414034751826,1,4. M137-4 - Falis Abdi Kayre,0,0.941192397066237,999,99,Noh Abdi moalin,1,6,1,M137-5,0,1,0.1660965119566432,5,99,1,0.5,99.66609651195664,1,5. M137-5 - Noh Abdi moalin,1,0.4161664178555966,0.1660965119566432,1,Istahil Muktar Haji,1,6,1,M137-6,0,1,0.3825513789877859,6,99,1,0.5,99.88255137898778,1,6. M137-6 - Istahil Muktar Haji,1,0.5691739723789883,0.3825513789877859,1,,,,,,,,,,,,,,,,,,,,,,,,,,,,,,,,,,,,,,,,,,,,,,,,,,,,,,,,,,,,,,,,,,,,,,,,,,,,,,,,,,,,,,,,,,,,,,,,,,,,,,,,,,,,,,,,,,,,,,,,,,,,,,,,,,,,,,,,,,,,,,,,,,,,,,,,,,,,,,,,,,,,,,,,,,,,,,,,,,,,,,,,,,,,,,,0,199.49072090201867 99.87158059095387 99.54423795603246 99.62414034751826 99.66609651195664 99.88255137898778,1,6,2,5,4,3,1. M137_1 - Asad Abdullahi omer,2. M137_2 - Istahil Muktar Haji,3. M137_3 - Ifrah moalin Mohamed,4. M137_4 - Noh Abdi moalin,5. M137_5 - Falis Abdi Kayre,6. M137_6 - Fadumo Abdi Sahane,0.04423795603245839 0.1660965119566432 0.3825513789877859,1,1 2 3 4 5 6,1. M137-1 - Asad Abdullahi omer<br/>2. M137-2 - Ifrah moalin Mohamed<br/>3. M137-3 - Fadumo Abdi Sahane<br/>4. M137-4 - Falis Abdi Kayre<br/>5. M137-5 - Noh Abdi moalin<br/>6. M137-6 - Istahil Muktar Haji,6,6,5,3,Istahil Muktar Haji,Noh Abdi moalin,Fadumo Abdi Sahane,,2. Istahil Muktar Haji (Husband to be interviewed)<br/>,,4. Noh Abdi moalin (Husband to be interviewed)<br/>,,6. Fadumo Abdi Sahane (Husband to be interviewed)<br/>,"Husbands of Istahil Muktar Haji, Noh Abdi moalin and Fadumo Abdi Sahane must be interviewed (one may serve as replacement).",3,Fadumo Abdi Sahane (Replacement),⚠ Spouse interview required,uuid:479d6140-b70b-45b6-b8fa-be1a1de222ad,2603230738,uuid:479d6140-b70b-45b6-b8fa-be1a1de222ad
31-Mar-2026 09:04:24,28-Mar-2026 12:59:24,30-Mar-2026 07:04:25,536368b28fdd5880,,llrp_team1,samsung|SM-X115|14|SurveyCTO Collect 2.81.5 (387e45a),451,,Daniel,Ahmed,Ayun,Dhana_milixle_1,M13,Barsan,15,Control,#d60000,11,11,Taliye inshar mahamed,2,6,,M13-1,0,1,0.9368379049019406,1,99,1,0,99.93683790490194,1,1. M13-1 - Taliye inshar mahamed,0,0.923017102461025,999,99,Wali tahiye omer,2,6,,M13-2,0,1,0.5543326917509344,2,99,1,0,99.55433269175093,1,2. M13-2 - Wali tahiye omer,0,0.5743423926409505,999,99,Inshar mahamed omer,2,3,,M13-3,1,0,0.7371294867373469,3,1,99,0,199.73712948673736,1,3. M13-3 - Inshar mahamed omer,0,0.1588734084067447,999,99,Mahamed nuriye mahamud,2,6,,M13-4,0,1,0.8875824383539088,4,99,1,0,99.8875824383539,1,4. M13-4 - Mahamed nuriye mahamud,0,0.42737463304277756,999,99,Farah inshar mahamed,2,6,,M13-5,0,1,0.8691415602967116,5,99,1,0,99.86914156029671,1,5. M13-5 - Farah inshar mahamed,0,0.045184562372580506,999,99,Ali abdi mahamed,2,6,,M13-6,0,1,0.704524070774804,6,99,1,0,99.70452407077481,1,6. M13-6 - Ali abdi mahamed,0,0.6310873301836042,999,99,Duh mahamed omer,2,6,,M13-7,0,1,0.44043562797919367,7,99,1,0,99.4404356279792,1,7. M13-7 - Duh mahamed omer,0,0.7448784763941859,999,99,Abdi mahamed omer,2,6,,M13-8,0,1,0.12524847171298037,8,99,1,0,99.12524847171298,1,8. M13-8 - Abdi mahamed omer,0,0.4997625720741503,999,99,Mawlid abdi mahamed,2,6,,M13-9,0,1,0.30784055277316036,9,99,1,0,99.30784055277316,1,9. M13-9 - Mawlid abdi mahamed,0,0.16154645104101273,999,99,Shugri halane osman,2,6,,M13-10,0,1,0.19035052435449995,10,99,1,0,99.1903505243545,1,10. M13-10 - Shugri halane osman,0,0.02808343755928233,999,99,Shugriya ahmed omer,2,6,,M13-11,0,1,0.9933896316928414,11,99,1,0,99.99338963169284,1,11. M13-11 - Shugriya ahmed omer,0,0.5996212252730564,999,99,,,,,,,,,,,,,,,,,,,,,,,,,,,,,,,,,,,,,,,,,,,,,,,,,,,,,,,,,,,,,,,,,,,,,,,,,,,,,,,,,,,,,,,,,,,,,,,,0,99.93683790490194 99.55433269175093 199.73712948673736 99.8875824383539 99.86914156029671 99.70452407077481 99.4404356279792 99.12524847171298 99.30784055277316 99.1903505243545 99.99338963169284,3,11,1,4,5,6,1. M13_1 - Inshar mahamed omer,2. M13_2 - Shugriya ahmed omer,3. M13_3 - Taliye inshar mahamed,4. M13_4 - Mahamed nuriye mahamud,5. M13_5 - Farah inshar mahamed,6. M13_6 - Ali abdi mahamed,,1,1 3 4 5 6 11,1. M13-1 - Taliye inshar mahamed<br/>2. M13-2 - Wali tahiye omer<br/>3. M13-3 - Inshar mahamed omer<br/>4. M13-4 - Mahamed nuriye mahamud<br/>5. M13-5 - Farah inshar mahamed<br/>6. M13-6 - Ali abdi mahamed<br/>7. M13-7 - Duh mahamed omer<br/>8. M13-8 - Abdi mahamed omer<br/>9. M13-9 - Mawlid abdi mahamed<br/>10. M13-10 - Shugri halane osman<br/>11. M13-11 - Shugriya ahmed omer,6,,,,,,,,,,,,,No eligible spouse found.,0,,,uuid:3e7d9eb3-7b8f-4a77-bd6f-4b9a9964da3c,2603230738,uuid:3e7d9eb3-7b8f-4a77-bd6f-4b9a9964da3c
31-Mar-2026 09:06:12,30-Mar-2026 09:23:41,31-Mar-2026 09:05:53,c717d4af0550c362,,llrp_team1,samsung|SM-X115|15|SurveyCTO Collect 2.81.5 (387e45a),710,,Daniel,Amin,Duhun,Dhuhun 02_1,M125,Waaberi,9,TechLed,#1f4bd6,9,9,Kalthum Yusuf Rashid,1,1,1,M125-1,1,0,0.9510455676223539,1,1,99,0.5,200.45104556762234,1,1. M125-1 - Kalthum Yusuf Rashid,1,0.7170341583082555,0.9510455676223539,1,Habiba Ahmed dheg,1,6,2,M125-2,0,1,0.7543518759534481,2,99,1,0,99.75435187595345,1,2. M125-2 - Habiba Ahmed dheg,0,0.5101256517932785,999,99,Ladan mohamud hassan,1,6,2,M125-3,0,1,0.2760408668573937,3,99,1,0,99.2760408668574,1,3. M125-3 - Ladan mohamud hassan,0,0.9792835261973455,999,99,Khadra Abdulahi hassan,1,6,2,M125-4,0,1,0.9731361799774603,4,99,1,0,99.97313617997746,1,4. M125-4 - Khadra Abdulahi hassan,0,0.7311003082777413,999,99,Khayro haji mohommed,1,3,2,M125-5,1,0,0.8856110645210125,5,1,99,0,199.88561106452102,1,5. M125-5 - Khayro haji mohommed,0,0.26697542841496447,999,99,Ikran Mohommed Abdi,1,6,2,M125-6,0,1,0.7581005699637425,6,99,1,0,99.75810056996374,1,6. M125-6 - Ikran Mohommed Abdi,0,0.10240788116335364,999,99,Bisharo luqman mohommed,1,6,1,M125-7,0,1,0.32029998187849984,7,99,1,0.5,99.8202999818785,1,7. M125-7 - Bisharo luqman mohommed,1,0.3780626195035922,0.32029998187849984,1,Bisharo Mustafe Mahamud,1,6,1,M125-8,0,1,0.48749324491205526,8,99,1,0.5,99.98749324491206,1,8. M125-8 - Bisharo Mustafe Mahamud,1,0.7117501587445091,0.48749324491205526,1,Khalid Mohommed abdullahi,2,5,,M125-9,0,0,0.43937636062957064,9,99,99,0,0.43937636062957064,1,9. M125-9 - Khalid Mohommed abdullahi,0,0.29958860982486823,999,99,,,,,,,,,,,,,,,,,,,,,,,,,,,,,,,,,,,,,,,,,,,,,,,,,,,,,,,,,,,,,,,,,,,,,,,,,,,,,,,,,,,,,,,,,,,,,,,,,,,,,,,,,,,,,,,,,,,,,,,,,,,,,,,,,,,,,,1,200.45104556762234 99.75435187595345 99.2760408668574 99.97313617997746 199.88561106452102 99.75810056996374 99.8202999818785 99.98749324491206 0.43937636062957064,1,5,8,4,7,6,1. M125_1 - Kalthum Yusuf Rashid,2. M125_2 - Khayro haji mohommed,3. M125_3 - Bisharo Mustafe Mahamud,4. M125_4 - Khadra Abdulahi hassan,5. M125_5 - Bisharo luqman mohommed,6. M125_6 - Ikran Mohommed Abdi,0.9510455676223539 0.32029998187849984 0.48749324491205526,2,1 4 5 6 7 8,1. M125-1 - Kalthum Yusuf Rashid<br/>2. M125-2 - Habiba Ahmed dheg<br/>3. M125-3 - Ladan mohamud hassan<br/>4. M125-4 - Khadra Abdulahi hassan<br/>5. M125-5 - Khayro haji mohommed<br/>6. M125-6 - Ikran Mohommed Abdi<br/>7. M125-7 - Bisharo luqman mohommed<br/>8. M125-8 - Bisharo Mustafe Mahamud<br/>9. M125-9 - Khalid Mohommed abdullahi,6,1,8,7,Kalthum Yusuf Rashid,Bisharo Mustafe Mahamud,Bisharo luqman mohommed,1. Kalthum Yusuf Rashid (Husband to be interviewed)<br/>,,3. Bisharo Mustafe Mahamud (Husband to be interviewed)<br/>,,5. Bisharo luqman mohommed (Husband to be interviewed)<br/>,,"Husbands of Kalthum Yusuf Rashid, Bisharo Mustafe Mahamud and Bisharo luqman mohommed must be interviewed (one may serve as replacement).",3,Bisharo luqman mohommed (Replacement),⚠ Spouse interview required,uuid:25934206-4287-4abe-9f77-53eb8bac9259,2603230738,uuid:25934206-4287-4abe-9f77-53eb8bac9259
31-Mar-2026 09:14:47,30-Mar-2026 09:46:02,31-Mar-2026 09:14:58,bbae1c343e73e9f2,,llrp_team1,Lenovo|Lenovo TB-8504F|8.1.0|SurveyCTO Collect 2.81.5 (387e45a),668,,Daniel,Jabir,Duhun,Kebele 01_2,M128,Horseed,16,TechLed,#1f4bd6,8,8,Rahma Abdullahi Sahardid,1,6,1,M128-1,0,1,0.16808157851137007,1,99,1,0.5,99.66808157851138,1,1. M128-1 - Rahma Abdullahi Sahardid,1,0.3695332377558145,0.16808157851137007,1,Fadumo Ahmed Deyib,1,1,2,M128-2,1,0,0.8699768795994833,2,1,99,0,199.86997687959948,1,2. M128-2 - Fadumo Ahmed Deyib,0,0.9927958327196594,999,99,Ardo Ise Osman,1,6,2,M128-3,0,1,0.31213810263079766,3,99,1,0,99.3121381026308,1,3. M128-3 - Ardo Ise Osman,0,0.7987054963049379,999,99,Rukiya Mohamed Mohammud,1,6,1,M128-4,0,1,0.07658723303607728,4,99,1,0.5,99.57658723303608,1,4. M128-4 - Rukiya Mohamed Mohammud,1,0.8669036730559952,0.07658723303607728,1,Zaynaba Ali Ahmed,1,6,1,M128-5,0,1,0.6392823091870493,5,99,1,0.5,100.13928230918705,1,5. M128-5 - Zaynaba Ali Ahmed,1,0.5696339102586293,0.6392823091870493,1,Habsa Deyib Dahir,1,6,1,M128-6,0,1,0.013603467336002817,6,99,1,0.5,99.513603467336,1,6. M128-6 - Habsa Deyib Dahir,1,0.7413817629696386,0.013603467336002817,1,Khadar Ahmed Deyib,2,5,,M128-7,0,0,0.16677235275587488,7,99,99,0,0.16677235275587488,1,7. M128-7 - Khadar Ahmed Deyib,0,0.6845602538218727,999,99,Mumino Omer Hashi,1,3,1,M128-8,1,0,0.21680488801455422,8,1,99,0.5,199.71680488801456,1,8. M128-8 - Mumino Omer Hashi,1,0.7654252900993161,0.21680488801455422,1,,,,,,,,,,,,,,,,,,,,,,,,,,,,,,,,,,,,,,,,,,,,,,,,,,,,,,,,,,,,,,,,,,,,,,,,,,,,,,,,,,,,,,,,,,,,,,,,,,,,,,,,,,,,,,,,,,,,,,,,,,,,,,,,,,,,,,,,,,,,,,,,,,,,,,,,,1,99.66808157851138 199.86997687959948 99.3121381026308 99.57658723303608 100.13928230918705 99.513603467336 0.16677235275587488 199.71680488801456,2,8,5,1,4,6,1. M128_1 - Fadumo Ahmed Deyib,2. M128_2 - Mumino Omer Hashi,3. M128_3 - Zaynaba Ali Ahmed,4. M128_4 - Rahma Abdullahi Sahardid,5. M128_5 - Rukiya Mohamed Mohammud,6. M128_6 - Habsa Deyib Dahir,0.16808157851137007 0.07658723303607728 0.6392823091870493 0.013603467336002817 0.21680488801455422,2,1 2 4 5 6 8,1. M128-1 - Rahma Abdullahi Sahardid<br/>2. M128-2 - Fadumo Ahmed Deyib<br/>3. M128-3 - Ardo Ise Osman<br/>4. M128-4 - Rukiya Mohamed Mohammud<br/>5. M128-5 - Zaynaba Ali Ahmed<br/>6. M128-6 - Habsa Deyib Dahir<br/>7. M128-7 - Khadar Ahmed Deyib<br/>8. M128-8 - Mumino Omer Hashi,6,5,8,1,Zaynaba Ali Ahmed,Mumino Omer Hashi,Rahma Abdullahi Sahardid,,2. Mumino Omer Hashi (Husband to be interviewed)<br/>,3. Zaynaba Ali Ahmed (Husband to be interviewed)<br/>,4. Rahma Abdullahi Sahardid (Husband to be interviewed)<br/>,,,"Husbands of Zaynaba Ali Ahmed, Mumino Omer Hashi and Rahma Abdullahi Sahardid must be interviewed (one may serve as replacement).",3,Rahma Abdullahi Sahardid (Replacement),⚠ Spouse interview required,uuid:445d8c02-c1e2-4fe0-9313-b16f656c67a2,2603230738,uuid:445d8c02-c1e2-4fe0-9313-b16f656c67a2
31-Mar-2026 09:18:06,30-Mar-2026 10:58:46,31-Mar-2026 09:17:37,536368b28fdd5880,,llrp_team1,samsung|SM-X115|14|SurveyCTO Collect 2.81.5 (387e45a),442,,Daniel,Ahmed,Duhun,Dhuhun_2,M123,Saxansaxo,12,TechLed,#1f4bd6,7,7,Mustafe hassen dol,2,6,,M123-1,0,1,0.03918933911990663,1,99,1,0,99.0391893391199,1,1. M123-1 - Mustafe hassen dol,0,0.799621860821909,999,99,Liban muhumed soc,2,1,,M123-2,1,0,0.2417566358815315,2,1,99,0,199.24175663588153,1,2. M123-2 - Liban muhumed soc,0,0.46202718818344923,999,99,Waris sahane abdi,1,6,1,M123-3,0,1,0.45597906731378124,3,99,1,0.5,99.95597906731378,1,3. M123-3 - Waris sahane abdi,1,0.1022706772377453,0.45597906731378124,1,Sahra siyad yusuf,1,6,2,M123-4,0,1,0.12238024646723811,4,99,1,0,99.12238024646724,1,4. M123-4 - Sahra siyad yusuf,0,0.2909519070727197,999,99,Tirik abdi kani  dubad,1,3,1,M123-5,1,0,0.6826848887732798,5,1,99,0.5,200.18268488877328,1,5. M123-5 - Tirik abdi kani  dubad,1,0.8243133355465703,0.6826848887732798,1,Nadis hared hussen,1,6,2,M123-6,0,1,0.9564221576911358,6,99,1,0,99.95642215769114,1,6. M123-6 - Nadis hared hussen,0,0.42504413798739016,999,99,Mahado abdi ahmed,1,6,1,M123-7,0,1,0.3199300402999269,7,99,1,0.5,99.81993004029992,1,7. M123-7 - Mahado abdi ahmed,1,0.18539619782192573,0.3199300402999269,1,,,,,,,,,,,,,,,,,,,,,,,,,,,,,,,,,,,,,,,,,,,,,,,,,,,,,,,,,,,,,,,,,,,,,,,,,,,,,,,,,,,,,,,,,,,,,,,,,,,,,,,,,,,,,,,,,,,,,,,,,,,,,,,,,,,,,,,,,,,,,,,,,,,,,,,,,,,,,,,,,,,,,,,,,,,,1,99.0391893391199 199.24175663588153 99.95597906731378 99.12238024646724 200.18268488877328 99.95642215769114 99.81993004029992,5,2,6,3,7,4,1. M123_1 - Tirik abdi kani  dubad,2. M123_2 - Liban muhumed soc,3. M123_3 - Nadis hared hussen,4. M123_4 - Waris sahane abdi,5. M123_5 - Mahado abdi ahmed,6. M123_6 - Sahra siyad yusuf,0.45597906731378124 0.6826848887732798 0.3199300402999269,2,2 3 4 5 6 7,1. M123-1 - Mustafe hassen dol<br/>2. M123-2 - Liban muhumed soc<br/>3. M123-3 - Waris sahane abdi<br/>4. M123-4 - Sahra siyad yusuf<br/>5. M123-5 - Tirik abdi kani  dubad<br/>6. M123-6 - Nadis hared hussen<br/>7. M123-7 - Mahado abdi ahmed,6,5,3,7,Tirik abdi kani  dubad,Waris sahane abdi,Mahado abdi ahmed,1. Tirik abdi kani  dubad (Husband to be interviewed)<br/>,,,4. Waris sahane abdi (Husband to be interviewed)<br/>,5. Mahado abdi ahmed (Husband to be interviewed)<br/>,,"Husbands of Tirik abdi kani  dubad, Waris sahane abdi and Mahado abdi ahmed must be interviewed (one may serve as replacement).",3,Mahado abdi ahmed (Replacement),⚠ Spouse interview required,uuid:13caf711-2d1a-4432-8887-f4658c5af6b6,2603230738,uuid:13caf711-2d1a-4432-8887-f4658c5af6b6
31-Mar-2026 20:16:08,31-Mar-2026 15:25:34,31-Mar-2026 15:37:54,43563d0bd9b9000f,,llrp_team1,samsung|SM-X115|16|SurveyCTO Collect 2.81.5 (387e45a),629,,Wesen,Abbe,Guradamole,Hara dibe 01_1,M212,Isxilqan,12,HumanLed,#0a8f3c,7,7,Hussen yusuf ahmed,2,1,,M212-1,1,0,0.9441263262641795,1,1,99,0,199.94412632626418,1,1. M212-1 - Hussen yusuf ahmed,0,0.4547341373947862,999,99,Ibrahim hussen siyad,2,6,,M212-2,0,1,0.7184179471278467,2,99,1,0,99.71841794712785,1,2. M212-2 - Ibrahim hussen siyad,0,0.9750836229015477,999,99,Riyad abdi jabar,2,6,,M212-3,0,1,0.9194492748309024,3,99,1,0,99.9194492748309,1,3. M212-3 - Riyad abdi jabar,0,0.8852294442719404,999,99,Fosiya jamal yaqub,1,6,1,M212-4,0,1,0.2975414259818775,4,99,1,0.5,99.79754142598188,1,4. M212-4 - Fosiya jamal yaqub,1,0.3372827557741016,0.2975414259818775,1,Osman abdisalam aden,2,6,,M212-5,0,1,0.247944889444627,5,99,1,0,99.24794488944463,1,5. M212-5 - Osman abdisalam aden,0,0.1589325301840877,999,99,Badriya hussen kamal,1,6,1,M212-6,0,1,0.5966162702197693,6,99,1,0.5,100.09661627021977,1,6. M212-6 - Badriya hussen kamal,1,0.6264374566486222,0.5966162702197693,1,Ibrahim muktar ayanle,2,5,,M212-7,0,0,0.7860896941531132,7,99,99,0,0.7860896941531132,1,7. M212-7 - Ibrahim muktar ayanle,0,0.8329569531107718,999,99,,,,,,,,,,,,,,,,,,,,,,,,,,,,,,,,,,,,,,,,,,,,,,,,,,,,,,,,,,,,,,,,,,,,,,,,,,,,,,,,,,,,,,,,,,,,,,,,,,,,,,,,,,,,,,,,,,,,,,,,,,,,,,,,,,,,,,,,,,,,,,,,,,,,,,,,,,,,,,,,,,,,,,,,,,,,1,199.94412632626418 99.71841794712785 99.9194492748309 99.79754142598188 99.24794488944463 100.09661627021977 0.7860896941531132,1,6,3,4,2,5,1. M212_1 - Hussen yusuf ahmed,2. M212_2 - Badriya hussen kamal,3. M212_3 - Riyad abdi jabar,4. M212_4 - Fosiya jamal yaqub,5. M212_5 - Ibrahim hussen siyad,6. M212_6 - Osman abdisalam aden,0.2975414259818775 0.5966162702197693,1,1 2 3 4 5 6,1. M212-1 - Hussen yusuf ahmed<br/>2. M212-2 - Ibrahim hussen siyad<br/>3. M212-3 - Riyad abdi jabar<br/>4. M212-4 - Fosiya jamal yaqub<br/>5. M212-5 - Osman abdisalam aden<br/>6. M212-6 - Badriya hussen kamal<br/>7. M212-7 - Ibrahim muktar ayanle,6,6,4,,Badriya hussen kamal,Fosiya jamal yaqub,,,2. Badriya hussen kamal (Husband to be interviewed)<br/>,,4. Fosiya jamal yaqub (Husband to be interviewed)<br/>,,,Husbands of Badriya hussen kamal and Fosiya jamal yaqub must be interviewed.,2,,⚠ Spouse interview required,uuid:124672f2-a489-4471-b1e4-543b36f1b2ec,2603230738,uuid:124672f2-a489-4471-b1e4-543b36f1b2ec
31-Mar-2026 20:21:23,31-Mar-2026 15:10:56,31-Mar-2026 20:19:22,78b63b5b10d7e676,,llrp_team1,samsung|SM-X115|15|SurveyCTO Collect 2.81.5 (387e45a),221,,Wesen,Hasen,Guradamole,Hara dibe 02_1,M207,Habrone,10,TechLed,#1f4bd6,6,6,Feyal muse somow,2,6,,M207-1,0,1,0.6222742805381822,1,99,1,0,99.62227428053818,1,1. M207-1 - Feyal muse somow,0,0.1455139958275221,999,99,Ahmed kasim ali,2,5,,M207-2,0,0,0.2963289849286681,2,99,99,0,0.2963289849286681,1,2. M207-2 - Ahmed kasim ali,0,0.7726317303140952,999,99,Hasen husein sirad,2,6,,M207-3,0,1,0.27409192649074754,3,99,1,0,99.27409192649074,1,3. M207-3 - Hasen husein sirad,0,0.9769011035126154,999,99,Hasen tahir ali,2,3,,M207-4,1,0,0.286658221855119,4,1,99,0,199.2866582218551,1,4. M207-4 - Hasen tahir ali,0,0.9295185684307931,999,99,Abdi farah bariis,2,1,,M207-5,1,0,0.5953508357738312,5,1,99,0,199.59535083577384,1,5. M207-5 - Abdi farah bariis,0,0.7888236464835251,999,99,Abdikadir siyad ali,2,6,,M207-6,0,1,0.7909437910956972,6,99,1,0,99.7909437910957,1,6. M207-6 - Abdikadir siyad ali,0,0.41739624930895836,999,99,,,,,,,,,,,,,,,,,,,,,,,,,,,,,,,,,,,,,,,,,,,,,,,,,,,,,,,,,,,,,,,,,,,,,,,,,,,,,,,,,,,,,,,,,,,,,,,,,,,,,,,,,,,,,,,,,,,,,,,,,,,,,,,,,,,,,,,,,,,,,,,,,,,,,,,,,,,,,,,,,,,,,,,,,,,,,,,,,,,,,,,,,,,,,,,1,99.62227428053818 0.2963289849286681 99.27409192649074 199.2866582218551 199.59535083577384 99.7909437910957,5,4,6,1,3,2,1. M207_1 - Abdi farah bariis,2. M207_2 - Hasen tahir ali,3. M207_3 - Abdikadir siyad ali,4. M207_4 - Feyal muse somow,5. M207_5 - Hasen husein sirad,6. M207_6 - Ahmed kasim ali,,2,1 2 3 4 5 6,1. M207-1 - Feyal muse somow<br/>2. M207-2 - Ahmed kasim ali<br/>3. M207-3 - Hasen husein sirad<br/>4. M207-4 - Hasen tahir ali<br/>5. M207-5 - Abdi farah bariis<br/>6. M207-6 - Abdikadir siyad ali,6,,,,,,,,,,,,,No eligible spouse found.,0,,,uuid:44152c1b-1a0e-4539-b2f9-a730b57a108c,2603230738,uuid:44152c1b-1a0e-4539-b2f9-a730b57a108c
31-Mar-2026 22:02:05,31-Mar-2026 10:37:31,31-Mar-2026 21:56:44,4eeefaf360cd4a3a,,llrp_team1,samsung|SM-X115|15|SurveyCTO Collect 2.81.5 (387e45a),877,,Muktar,Hasen,Mayumuluko,Saarka_1,M291,Dawo,10,TechLed,#1f4bd6,8,8,abdiaziz qorane abdulahi,2,1,,M291-1,1,0,0.8323263027808078,1,1,99,0,199.8323263027808,1,1. M291-1 - abdiaziz qorane abdulahi,0,0.26246269719952764,999,99,Lag  abdulahi abdi,2,2,,M291-2,0,0,0.7115698957366884,2,99,99,0,0.7115698957366884,1,2. M291-2 - Lag  abdulahi abdi,0,0.4341476435795584,999,99,Du'ale bashir hussen,2,5,,M291-3,0,0,0.24919546712802954,3,99,99,0,0.24919546712802954,1,3. M291-3 - Du'ale bashir hussen,0,0.6952819407454226,999,99,Sadia bashir hussen,1,3,2,M291-4,1,0,0.5820396973470597,4,1,99,0,199.58203969734706,1,4. M291-4 - Sadia bashir hussen,0,0.07021871949158487,999,99,Beshir akbal malin,2,6,,M291-5,0,1,0.8005324088279001,5,99,1,0,99.8005324088279,1,5. M291-5 - Beshir akbal malin,0,0.10150170502815581,999,99,Rahaye ibrahim haji,2,6,,M291-6,0,1,0.34790883551724583,6,99,1,0,99.34790883551725,1,6. M291-6 - Rahaye ibrahim haji,0,0.6075052717834436,999,99,Soh abdi siyad,1,6,1,M291-7,0,1,0.1602092318791859,7,99,1,0.5,99.66020923187918,1,7. M291-7 - Soh abdi siyad,1,0.8580444361740567,0.1602092318791859,1,Isir bashir mahamed,1,6,2,M291-8,0,1,0.6651230124258863,8,99,1,0,99.66512301242588,1,8. M291-8 - Isir bashir mahamed,0,0.2886227143725766,999,99,,,,,,,,,,,,,,,,,,,,,,,,,,,,,,,,,,,,,,,,,,,,,,,,,,,,,,,,,,,,,,,,,,,,,,,,,,,,,,,,,,,,,,,,,,,,,,,,,,,,,,,,,,,,,,,,,,,,,,,,,,,,,,,,,,,,,,,,,,,,,,,,,,,,,,,,,1,199.8323263027808 0.7115698957366884 0.24919546712802954 199.58203969734706 99.8005324088279 99.34790883551725 99.66020923187918 99.66512301242588,1,4,5,8,7,6,1. M291_1 - abdiaziz qorane abdulahi,2. M291_2 - Sadia bashir hussen,3. M291_3 - Beshir akbal malin,4. M291_4 - Isir bashir mahamed,5. M291_5 - Soh abdi siyad,6. M291_6 - Rahaye ibrahim haji,0.1602092318791859,2,1 4 5 6 7 8,1. M291-1 - abdiaziz qorane abdulahi<br/>2. M291-2 - Lag  abdulahi abdi<br/>3. M291-3 - Du'ale bashir hussen<br/>4. M291-4 - Sadia bashir hussen<br/>5. M291-5 - Beshir akbal malin<br/>6. M291-6 - Rahaye ibrahim haji<br/>7. M291-7 - Soh abdi siyad<br/>8. M291-8 - Isir bashir mahamed,6,7,,,Soh abdi siyad,,,,,,,5. Soh abdi siyad (Husband to be interviewed)<br/>,,Husband of Soh abdi siyad must be interviewed.,1,,⚠ Spouse interview required,uuid:099dbac5-a723-4226-9e35-3fffb5c79ea2,2603230738,uuid:099dbac5-a723-4226-9e35-3fffb5c79ea2
01-Apr-2026 06:07:02,31-Mar-2026 11:41:15,31-Mar-2026 21:27:39,d68ae950d89a3212,,llrp_team1,samsung|SM-X115|15|SurveyCTO Collect 2.81.5 (387e45a),403,,Muktar,Hamda,Mayumuluko,Mayu town_1,M292,Iftin,11,Control,#d60000,6,6,Mohamed hussein wali,2,1,,M292-1,1,0,0.8317473779230689,1,1,99,0,199.83174737792308,1,1. M292-1 - Mohamed hussein wali,0,0.8663065325133126,999,99,Layla ased wayrah,1,3,,M292-2,1,0,0.9952136052753778,2,1,99,0,199.99521360527538,1,2. M292-2 - Layla ased wayrah,0,0.4134402502626282,999,99,Khader fadxi ibrahin,2,5,,M292-3,0,0,0.1307293112207878,3,99,99,0,0.1307293112207878,1,3. M292-3 - Khader fadxi ibrahin,0,0.32808670912134896,999,99,Ahmed bare mohamed,2,6,,M292-4,0,1,0.9783346065967025,4,99,1,0,99.9783346065967,1,4. M292-4 - Ahmed bare mohamed,0,0.38844511019455186,999,99,Khadar dek abdulahi,2,6,,M292-5,0,1,0.9038784014768583,5,99,1,0,99.90387840147686,1,5. M292-5 - Khadar dek abdulahi,0,0.8579835335413074,999,99,Abdi mohamed aden,2,6,,M292-6,0,1,0.22265664996252899,6,99,1,0,99.22265664996253,1,6. M292-6 - Abdi mohamed aden,0,0.792319473892658,999,99,,,,,,,,,,,,,,,,,,,,,,,,,,,,,,,,,,,,,,,,,,,,,,,,,,,,,,,,,,,,,,,,,,,,,,,,,,,,,,,,,,,,,,,,,,,,,,,,,,,,,,,,,,,,,,,,,,,,,,,,,,,,,,,,,,,,,,,,,,,,,,,,,,,,,,,,,,,,,,,,,,,,,,,,,,,,,,,,,,,,,,,,,,,,,,,1,199.83174737792308 199.99521360527538 0.1307293112207878 99.9783346065967 99.90387840147686 99.22265664996253,2,1,4,5,6,3,1. M292_1 - Layla ased wayrah,2. M292_2 - Mohamed hussein wali,3. M292_3 - Ahmed bare mohamed,4. M292_4 - Khadar dek abdulahi,5. M292_5 - Abdi mohamed aden,6. M292_6 - Khader fadxi ibrahin,,2,1 2 3 4 5 6,1. M292-1 - Mohamed hussein wali<br/>2. M292-2 - Layla ased wayrah<br/>3. M292-3 - Khader fadxi ibrahin<br/>4. M292-4 - Ahmed bare mohamed<br/>5. M292-5 - Khadar dek abdulahi<br/>6. M292-6 - Abdi mohamed aden,6,,,,,,,,,,,,,No eligible spouse found.,0,,,uuid:414cc291-7012-48f3-92bc-37511357b86b,2603230738,uuid:414cc291-7012-48f3-92bc-37511357b86b
01-Apr-2026 06:08:04,31-Mar-2026 09:21:06,31-Mar-2026 21:51:52,7b083c6dbffcaebb,,llrp_team1,samsung|SM-X115|14|SurveyCTO Collect 2.81.5 (387e45a),344,,Muktar,Rahma,Mayumuluko,Raqay_2,M299,Dalsan,9,Control,#d60000,7,7,Amin Ahmed Abdulahi,2,1,,M299-1,1,0,0.17927641138286954,1,1,99,0,199.17927641138286,1,1. M299-1 - Amin Ahmed Abdulahi,0,0.7381462591111277,999,99,Farhan Abdi ibrahin,2,3,,M299-2,1,0,0.6384681990170056,2,1,99,0,199.638468199017,1,2. M299-2 - Farhan Abdi ibrahin,0,0.3626113592961615,999,99,Ibrahin Abdifatah Ahmed,2,6,,M299-3,0,1,0.6501603505233776,3,99,1,0,99.65016035052338,1,3. M299-3 - Ibrahin Abdifatah Ahmed,0,0.5117091926891839,999,99,Hussen Hassen wali,2,6,,M299-4,0,1,0.10480122693541771,4,99,1,0,99.10480122693542,1,4. M299-4 - Hussen Hassen wali,0,0.05083987902270237,999,99,Abdimajid mahamed Ahmed,2,6,,M299-5,0,1,0.9756214859608362,5,99,1,0,99.97562148596083,1,5. M299-5 - Abdimajid mahamed Ahmed,0,0.5983139079733621,999,99,Deek Abdullahi Budul,2,5,,M299-6,0,0,0.6757543847379671,6,99,99,0,0.6757543847379671,1,6. M299-6 - Deek Abdullahi Budul,0,0.11614295382248796,999,99,Muhuyadin mahamed safi,2,6,,M299-7,0,1,0.36562947814342217,7,99,1,0,99.36562947814342,1,7. M299-7 - Muhuyadin mahamed safi,0,0.32321709423936684,999,99,,,,,,,,,,,,,,,,,,,,,,,,,,,,,,,,,,,,,,,,,,,,,,,,,,,,,,,,,,,,,,,,,,,,,,,,,,,,,,,,,,,,,,,,,,,,,,,,,,,,,,,,,,,,,,,,,,,,,,,,,,,,,,,,,,,,,,,,,,,,,,,,,,,,,,,,,,,,,,,,,,,,,,,,,,,,1,199.17927641138286 199.638468199017 99.65016035052338 99.10480122693542 99.97562148596083 0.6757543847379671 99.36562947814342,2,1,5,3,7,4,1. M299_1 - Farhan Abdi ibrahin,2. M299_2 - Amin Ahmed Abdulahi,3. M299_3 - Abdimajid mahamed Ahmed,4. M299_4 - Ibrahin Abdifatah Ahmed,5. M299_5 - Muhuyadin mahamed safi,6. M299_6 - Hussen Hassen wali,,2,1 2 3 4 5 7,1. M299-1 - Amin Ahmed Abdulahi<br/>2. M299-2 - Farhan Abdi ibrahin<br/>3. M299-3 - Ibrahin Abdifatah Ahmed<br/>4. M299-4 - Hussen Hassen wali<br/>5. M299-5 - Abdimajid mahamed Ahmed<br/>6. M299-6 - Deek Abdullahi Budul<br/>7. M299-7 - Muhuyadin mahamed safi,6,,,,,,,,,,,,,No eligible spouse found.,0,,,uuid:9ceb10cf-8824-46f6-8baa-5fa135975352,2603230738,uuid:9ceb10cf-8824-46f6-8baa-5fa135975352
01-Apr-2026 07:10:57,31-Mar-2026 09:21:33,31-Mar-2026 09:31:14,c7654ba83377bbd9,,llrp_team1,samsung|SM-X115|15|SurveyCTO Collect 2.81.5 (387e45a),581,,Anteneh,Hasen,Dig,Dig 02_1,M102,Tawakal,15,Control,#d60000,11,11,Muktar mahamud mahamed,2,1,,M102-1,1,0,0.19718802575008998,1,1,99,0,199.19718802575008,1,1. M102-1 - Muktar mahamud mahamed,0,0.7099811271869074,999,99,Abdulahisayid moalin mahamud,2,6,,M102-2,0,1,0.7550897196684342,2,99,1,0,99.75508971966843,1,2. M102-2 - Abdulahisayid moalin mahamud,0,0.12685698426102232,999,99,Muhumed sheik Hassan,2,6,,M102-3,0,1,0.4071318551649824,3,99,1,0,99.40713185516498,1,3. M102-3 - Muhumed sheik Hassan,0,0.8718733239418321,999,99,Eid Bashir Abdi,2,6,,M102-4,0,1,0.40116991307460237,4,99,1,0,99.4011699130746,1,4. M102-4 - Eid Bashir Abdi,0,0.0233757432739623,999,99,Ardo mohamed mahamud,1,6,,M102-5,0,1,0.06490395063939913,5,99,1,0,99.0649039506394,1,5. M102-5 - Ardo mohamed mahamud,0,0.05828967738700663,999,99,Fadxa farah husein,1,6,,M102-6,0,1,0.7092536117058437,6,99,1,0,99.70925361170585,1,6. M102-6 - Fadxa farah husein,0,0.3053029757371246,999,99,Ibrahim xukun Abdi,1,6,,M102-7,0,1,0.053131708962404045,7,99,1,0,99.05313170896241,1,7. M102-7 - Ibrahim xukun Abdi,0,0.7692762964970719,999,99,Aliya Aqbal aden,1,6,,M102-8,0,1,0.5645732842946077,8,99,1,0,99.56457328429461,1,8. M102-8 - Aliya Aqbal aden,0,0.3868261089095446,999,99,Nasri mohamed aar,1,3,,M102-9,1,0,0.9700230503130888,9,1,99,0,199.9700230503131,1,9. M102-9 - Nasri mohamed aar,0,0.2672298036453188,999,99,Faisa awil Abdi,1,6,,M102-10,0,1,0.2411738736285991,10,99,1,0,99.2411738736286,1,10. M102-10 - Faisa awil Abdi,0,0.9514444663620143,999,99,Hodan His kalif,1,6,,M102-11,0,1,0.9483743054771924,11,99,1,0,99.94837430547719,1,11. M102-11 - Hodan His kalif,0,0.42045977816583213,999,99,,,,,,,,,,,,,,,,,,,,,,,,,,,,,,,,,,,,,,,,,,,,,,,,,,,,,,,,,,,,,,,,,,,,,,,,,,,,,,,,,,,,,,,,,,,,,,,,1,199.19718802575008 99.75508971966843 99.40713185516498 99.4011699130746 99.0649039506394 99.70925361170585 99.05313170896241 99.56457328429461 199.9700230503131 99.2411738736286 99.94837430547719,9,1,11,2,6,8,1. M102_1 - Nasri mohamed aar,2. M102_2 - Muktar mahamud mahamed,3. M102_3 - Hodan His kalif,4. M102_4 - Abdulahisayid moalin mahamud,5. M102_5 - Fadxa farah husein,6. M102_6 - Aliya Aqbal aden,,2,1 2 6 8 9 11,1. M102-1 - Muktar mahamud mahamed<br/>2. M102-2 - Abdulahisayid moalin mahamud <br/>3. M102-3 - Muhumed sheik Hassan<br/>4. M102-4 - Eid Bashir Abdi<br/>5. M102-5 - Ardo mohamed mahamud<br/>6. M102-6 - Fadxa farah husein <br/>7. M102-7 - Ibrahim xukun Abdi<br/>8. M102-8 - Aliya Aqbal aden<br/>9. M102-9 - Nasri mohamed aar<br/>10. M102-10 - Faisa awil Abdi<br/>11. M102-11 - Hodan His kalif,6,,,,,,,,,,,,,No eligible spouse found.,0,,,uuid:3db6b3de-5749-4d46-8ca8-3784a83d2f46,2603230738,uuid:3db6b3de-5749-4d46-8ca8-3784a83d2f46
01-Apr-2026 07:37:03,31-Mar-2026 12:50:52,01-Apr-2026 07:32:50,3360ac9e5488af4f,,llrp_team1,samsung|SM-X115|14|SurveyCTO Collect 2.81.5 (387e45a),670,,Muktar,Abdulfetah,Mayumuluko,Harjanao_1,M295,Horyaal,12,Control,#d60000,9,9,Fadumo ziyad yusuf,1,1,,M295-1,1,0,0.3454149829644443,1,1,99,0,199.34541498296446,1,1. M295-1 - Fadumo ziyad yusuf,0,0.2121311220125356,999,99,Ibrahim mahbub kahin,2,5,,M295-2,0,0,0.6094597474431617,2,99,99,0,0.6094597474431617,1,2. M295-2 - Ibrahim mahbub kahin,0,0.5439388067025263,999,99,Adeya dek omar,1,6,,M295-3,0,1,0.41103374255721714,3,99,1,0,99.41103374255722,1,3. M295-3 - Adeya dek omar,0,0.17865787008062162,999,99,Rahma abdullahi adan,1,6,,M295-4,0,1,0.15869125896084968,4,99,1,0,99.15869125896084,1,4. M295-4 - Rahma abdullahi adan,0,0.6361591982179374,999,99,Abdi Muhummed dhi'is,2,6,,M295-5,0,1,0.24822234784378383,5,99,1,0,99.24822234784378,1,5. M295-5 - Abdi Muhummed dhi'is,0,0.539030066073967,999,99,Mahad armi Abdullahi,2,6,,M295-6,0,1,0.300342916214725,6,99,1,0,99.30034291621473,1,6. M295-6 - Mahad armi Abdullahi,0,0.3753465631474526,999,99,Abdileyl Hassan budul,2,6,,M295-7,0,1,0.3769271986906325,7,99,1,0,99.37692719869064,1,7. M295-7 - Abdileyl Hassan budul,0,0.6699041633191347,999,99,Khadar badri hayd,2,6,,M295-8,0,1,0.08190263535981812,8,99,1,0,99.08190263535982,1,8. M295-8 - Khadar badri hayd,0,0.8751420406128182,999,99,Awo bashir Mohammed,1,6,,M295-9,0,1,0.4898580364594012,9,99,1,0,99.4898580364594,1,9. M295-9 - Awo bashir Mohammed,0,0.7116713683132774,999,99,,,,,,,,,,,,,,,,,,,,,,,,,,,,,,,,,,,,,,,,,,,,,,,,,,,,,,,,,,,,,,,,,,,,,,,,,,,,,,,,,,,,,,,,,,,,,,,,,,,,,,,,,,,,,,,,,,,,,,,,,,,,,,,,,,,,,,1,199.34541498296446 0.6094597474431617 99.41103374255722 99.15869125896084 99.24822234784378 99.30034291621473 99.37692719869064 99.08190263535982 99.4898580364594,1,9,3,7,6,5,1. M295_1 - Fadumo ziyad yusuf,2. M295_2 - Awo bashir Mohammed,3. M295_3 - Adeya dek omar,4. M295_4 - Abdileyl Hassan budul,5. M295_5 - Mahad armi Abdullahi,6. M295_6 - Abdi Muhummed dhi'is,,1,1 3 5 6 7 9,1. M295-1 - Fadumo ziyad yusuf<br/>2. M295-2 - Ibrahim mahbub kahin<br/>3. M295-3 - Adeya dek omar<br/>4. M295-4 - Rahma abdullahi adan<br/>5. M295-5 - Abdi Muhummed dhi'is<br/>6. M295-6 - Mahad armi Abdullahi<br/>7. M295-7 - Abdileyl Hassan budul<br/>8. M295-8 - Khadar badri hayd<br/>9. M295-9 - Awo bashir Mohammed,6,,,,,,,,,,,,,No eligible spouse found.,0,,,uuid:95a1b373-f7dd-4303-b4fc-9d5362c8a84f,2603230738,uuid:95a1b373-f7dd-4303-b4fc-9d5362c8a84f
01-Apr-2026 08:26:34,31-Mar-2026 11:33:46,01-Apr-2026 08:26:27,15aee2f9fc7423e8,,llrp_team1,samsung|SM-X115|15|SurveyCTO Collect 2.81.5 (387e45a),906,,Anteneh,Abdirezaq,Adadle,Boholhagare_1,M07,Bilan,8,Control,#d60000,6,6,Hadiis Abdullahi abdi,2,6,,M07-1,0,1,0.967130151892912,1,99,1,0,99.96713015189292,1,1. M07-1 - Hadiis Abdullahi abdi,0,0.4498683857196597,999,99,Bishar Muhammad abdi,2,6,,M07-2,0,1,0.9893800312440426,2,99,1,0,99.98938003124404,1,2. M07-2 - Bishar Muhammad abdi,0,0.31646257953287826,999,99,Kadra suleman abdi,1,3,,M07-3,1,0,0.17223591376424174,3,1,99,0,199.17223591376424,1,3. M07-3 - Kadra suleman abdi,0,0.24666937914533515,999,99,Rismi  yousuf ameey,1,6,,M07-4,0,1,0.3373498829172632,4,99,1,0,99.33734988291727,1,4. M07-4 - Rismi  yousuf ameey,0,0.7108173982316236,999,99,Fatuma Ibrahim samad,1,1,,M07-5,1,0,0.4859746443808086,5,1,99,0,199.4859746443808,1,5. M07-5 - Fatuma Ibrahim samad,0,0.4105506164444702,999,99,Ifrah abdi farah,1,6,,M07-6,0,1,0.2980555433876153,6,99,1,0,99.29805554338762,1,6. M07-6 - Ifrah abdi farah,0,0.41940262135419304,999,99,,,,,,,,,,,,,,,,,,,,,,,,,,,,,,,,,,,,,,,,,,,,,,,,,,,,,,,,,,,,,,,,,,,,,,,,,,,,,,,,,,,,,,,,,,,,,,,,,,,,,,,,,,,,,,,,,,,,,,,,,,,,,,,,,,,,,,,,,,,,,,,,,,,,,,,,,,,,,,,,,,,,,,,,,,,,,,,,,,,,,,,,,,,,,,,1,99.96713015189292 99.98938003124404 199.17223591376424 99.33734988291727 199.4859746443808 99.29805554338762,5,3,2,1,4,6,1. M07_1 - Fatuma Ibrahim samad,2. M07_2 - Kadra suleman abdi,3. M07_3 - Bishar Muhammad abdi,4. M07_4 - Hadiis Abdullahi abdi,5. M07_5 - Rismi  yousuf ameey,6. M07_6 - Ifrah abdi farah,,2,1 2 3 4 5 6,1. M07-1 - Hadiis Abdullahi abdi<br/>2. M07-2 - Bishar Muhammad abdi<br/>3. M07-3 - Kadra suleman abdi<br/>4. M07-4 - Rismi  yousuf ameey<br/>5. M07-5 - Fatuma Ibrahim samad<br/>6. M07-6 - Ifrah abdi farah,6,,,,,,,,,,,,,No eligible spouse found.,0,,,uuid:027d6330-ae80-4e06-a1fc-ee7cae8d94e3,2603230738,uuid:027d6330-ae80-4e06-a1fc-ee7cae8d94e3
01-Apr-2026 08:43:53,31-Mar-2026 11:28:07,01-Apr-2026 08:30:26,8f3862932650ecd7,,llrp_team1,samsung|SM-X115|15|SurveyCTO Collect 2.81.4 (461ba40),717,,Anteneh,Mohamed,Dig,Lantagobka_1,M108,Anfac,12,TechLed,#1f4bd6,7,7,Bashir Aden badel,2,1,,M108-1,1,0,0.37348423835437095,1,1,99,0,199.37348423835437,1,1. M108-1 - Bashir Aden badel,0,0.6552439552561203,999,99,Zahra Abdirasak Osman,1,6,2,M108-2,0,1,0.8698712083466923,2,99,1,0,99.8698712083467,1,2. M108-2 - Zahra Abdirasak Osman,0,0.9530255288477009,999,99,Mustaphe Adani Abdikadir,2,6,,M108-3,0,1,0.43232332145504315,3,99,1,0,99.43232332145504,1,3. M108-3 - Mustaphe Adani Abdikadir,0,0.8310042416943769,999,99,Hinda Ahmed Wayel,1,6,2,M108-4,0,1,0.8705122966632464,4,99,1,0,99.87051229666325,1,4. M108-4 - Hinda Ahmed Wayel,0,0.8578083664314884,999,99,Bisharo Bashir Ahmed,1,6,1,M108-5,0,1,0.28415817026237156,5,99,1,0.5,99.78415817026237,1,5. M108-5 - Bisharo Bashir Ahmed,1,0.45079354020894746,0.28415817026237156,1,Aisha Hassen Budle,1,6,1,M108-6,0,1,0.1683049849013013,6,99,1,0.5,99.6683049849013,1,6. M108-6 - Aisha Hassen Budle,1,0.6370416211867542,0.1683049849013013,1,Fathi Mahamed yousuf,1,3,1,M108-7,1,0,0.598421439963215,7,1,99,0.5,200.0984214399632,1,7. M108-7 - Fathi Mahamed yousuf,1,0.2664141353849766,0.598421439963215,1,,,,,,,,,,,,,,,,,,,,,,,,,,,,,,,,,,,,,,,,,,,,,,,,,,,,,,,,,,,,,,,,,,,,,,,,,,,,,,,,,,,,,,,,,,,,,,,,,,,,,,,,,,,,,,,,,,,,,,,,,,,,,,,,,,,,,,,,,,,,,,,,,,,,,,,,,,,,,,,,,,,,,,,,,,,,1,199.37348423835437 99.8698712083467 99.43232332145504 99.87051229666325 99.78415817026237 99.6683049849013 200.0984214399632,7,1,4,2,5,6,1. M108_1 - Fathi Mahamed yousuf,2. M108_2 - Bashir Aden badel,3. M108_3 - Hinda Ahmed Wayel,4. M108_4 - Zahra Abdirasak Osman,5. M108_5 - Bisharo Bashir Ahmed,6. M108_6 - Aisha Hassen Budle,0.28415817026237156 0.1683049849013013 0.598421439963215,2,1 2 4 5 6 7,1. M108-1 - Bashir Aden badel<br/>2. M108-2 - Zahra Abdirasak Osman<br/>3. M108-3 - Mustaphe Adani Abdikadir<br/>4. M108-4 - Hinda Ahmed Wayel<br/>5. M108-5 - Bisharo Bashir Ahmed<br/>6. M108-6 - Aisha Hassen Budle<br/>7. M108-7 - Fathi Mahamed yousuf,6,7,5,6,Fathi Mahamed yousuf,Bisharo Bashir Ahmed,Aisha Hassen Budle,1. Fathi Mahamed yousuf (Husband to be interviewed)<br/>,,,,5. Bisharo Bashir Ahmed (Husband to be interviewed)<br/>,6. Aisha Hassen Budle (Husband to be interviewed)<br/>,"Husbands of Fathi Mahamed yousuf, Bisharo Bashir Ahmed and Aisha Hassen Budle must be interviewed (one may serve as replacement).",3,Aisha Hassen Budle (Replacement),⚠ Spouse interview required,uuid:21abf78f-ba28-43a6-bb95-969dab7fcd0e,2603230738,uuid:21abf78f-ba28-43a6-bb95-969dab7fcd0e
01-Apr-2026 19:12:30,01-Apr-2026 10:06:24,01-Apr-2026 19:11:59,d89643955cc62774,,llrp_team1,samsung|SM-X115|15|SurveyCTO Collect 2.81.5 (387e45a),474,,Wesen,Fathiya,Guradamole,Hara dibe 02_2,M208,Hanqadh,12,Control,#d60000,10,10,Abdulahi hassen jama,2,1,,M208-1,1,0,0.7319994376664894,1,1,99,0,199.7319994376665,1,1. M208-1 - Abdulahi hassen jama,0,0.7694822309297545,999,99,Muhumed malin ali,2,6,,M208-2,0,1,0.09040769295788142,2,99,1,0,99.09040769295788,1,2. M208-2 - Muhumed malin ali,0,0.11605999601109529,999,99,Ali hassen salat,2,6,,M208-3,0,1,0.07293316722887033,3,99,1,0,99.07293316722887,1,3. M208-3 - Ali hassen salat,0,0.0750386170109898,999,99,Omer muhumed baker,2,6,,M208-4,0,1,0.23340798408003016,4,99,1,0,99.23340798408003,1,4. M208-4 - Omer muhumed baker,0,0.7446280510336626,999,99,Mahamed nur arog,2,6,,M208-5,0,1,0.7085815892395366,5,99,1,0,99.70858158923954,1,5. M208-5 - Mahamed nur arog,0,0.9632110885405224,999,99,Asha hussen usman,1,6,,M208-6,0,1,0.7612301822045495,6,99,1,0,99.76123018220454,1,6. M208-6 - Asha hussen usman,0,0.975328339154022,999,99,Kuresh ali dahir,1,6,,M208-7,0,1,0.9561162402170574,7,99,1,0,99.95611624021706,1,7. M208-7 - Kuresh ali dahir,0,0.6116796707551028,999,99,Rahma mahamed nur,1,6,,M208-8,0,1,0.9088930930053178,8,99,1,0,99.90889309300532,1,8. M208-8 - Rahma mahamed nur,0,0.8368136549278283,999,99,Hinda mahamed haji jamac,1,6,,M208-9,0,1,0.1420021572256135,9,99,1,0,99.14200215722562,1,9. M208-9 - Hinda mahamed haji jamac,0,0.4007330273853389,999,99,Safiya mahamed suleman,1,6,,M208-10,0,1,0.595789317884869,10,99,1,0,99.59578931788486,1,10. M208-10 - Safiya mahamed suleman,0,0.1182918294574028,999,99,,,,,,,,,,,,,,,,,,,,,,,,,,,,,,,,,,,,,,,,,,,,,,,,,,,,,,,,,,,,,,,,,,,,,,,,,,,,,,,,,,,,,,,,,,,,,,,,,,,,,,,,,,,,,,,,,,,1,199.7319994376665 99.09040769295788 99.07293316722887 99.23340798408003 99.70858158923954 99.76123018220454 99.95611624021706 99.90889309300532 99.14200215722562 99.59578931788486,1,7,8,6,5,10,1. M208_1 - Abdulahi hassen jama,2. M208_2 - Kuresh ali dahir,3. M208_3 - Rahma mahamed nur,4. M208_4 - Asha hussen usman,5. M208_5 - Mahamed nur arog,6. M208_6 - Safiya mahamed suleman,,1,1 5 6 7 8 10,1. M208-1 - Abdulahi hassen jama<br/>2. M208-2 - Muhumed malin ali<br/>3. M208-3 - Ali hassen salat<br/>4. M208-4 - Omer muhumed baker<br/>5. M208-5 - Mahamed nur arog<br/>6. M208-6 - Asha hussen usman<br/>7. M208-7 - Kuresh ali dahir<br/>8. M208-8 - Rahma mahamed nur<br/>9. M208-9 - Hinda mahamed haji jamac<br/>10. M208-10 - Safiya mahamed suleman,6,,,,,,,,,,,,,No eligible spouse found.,0,,,uuid:6eec672a-5e9c-4053-81f4-838ef53691a6,2603230738,uuid:6eec672a-5e9c-4053-81f4-838ef53691a6
01-Apr-2026 19:39:56,26-Mar-2026 15:39:21,01-Apr-2026 18:40:31,0edc637665f6e98c,,llrp_team1,samsung|SM-X115|15|SurveyCTO Collect 2.81.5 (387e45a),1603,,Daniel,Ahmed,Duhun,Garasley_1,M124,Sagal,12,TechLed,#1f4bd6,10,10,Dirane hassen mohamed,2,6,,M124-1,0,1,0.43160248222436215,1,99,1,0,99.43160248222436,1,1. M124-1 - Dirane hassen mohamed,0,0.6007477154427179,999,99,Shugriya mohamed ali,1,6,1,M124-2,0,1,0.6710411457109708,2,99,1,0.5,100.17104114571097,1,2. M124-2 - Shugriya mohamed ali,1,0.48614588143227244,0.6710411457109708,1,Asad Abdisamad Ibrahim,1,6,1,M124-3,0,1,0.21586080395193552,3,99,1,0.5,99.71586080395194,1,3. M124-3 - Asad Abdisamad Ibrahim,0,0.42738728399770043,999,99,Fatima Korane Ahmed,1,6,1,M124-4,0,1,0.690571536703198,4,99,1,0.5,100.1905715367032,1,4. M124-4 - Fatima Korane Ahmed,1,0.45188344556622484,0.690571536703198,1,Wilo Ali Tayib,1,3,1,M124-5,1,0,0.3739734515324217,5,1,99,0.5,199.87397345153244,1,5. M124-5 - Wilo Ali Tayib,1,0.8759145597984466,0.3739734515324217,1,Umayma Mohammed Abdilahi,1,1,1,M124-6,1,0,0.9301769558362379,6,1,99,0.5,200.43017695583623,1,6. M124-6 - Umayma Mohammed Abdilahi,1,0.07322602343255424,0.9301769558362379,1,Shukriya Mohammed Mohammud,1,6,2,M124-7,0,1,0.6770839130368772,7,99,1,0,99.67708391303688,1,7. M124-7 - Shukriya Mohammed Mohammud,0,0.6704571595767778,999,99,Amina Sherif Mohammed,1,6,1,M124-8,0,1,0.20678663311576495,8,99,1,0.5,99.70678663311577,1,8. M124-8 - Amina Sherif Mohammed,0,0.1977819494049472,999,99,Habsa Omer Mohammed,1,6,1,M124-9,0,1,0.4897288011442438,9,99,1,0.5,99.98972880114424,1,9. M124-9 - Habsa Omer Mohammed,1,0.058503057083847176,0.4897288011442438,1,Ardo Mohammed Haji,1,6,1,M124-10,0,1,0.8328179929733546,10,99,1,0.5,100.33281799297336,1,10. M124-10 - Ardo Mohammed Haji,1,0.873696153378693,0.8328179929733546,1,,,,,,,,,,,,,,,,,,,,,,,,,,,,,,,,,,,,,,,,,,,,,,,,,,,,,,,,,,,,,,,,,,,,,,,,,,,,,,,,,,,,,,,,,,,,,,,,,,,,,,,,,,,,,,,,,,,1,99.43160248222436 100.17104114571097 99.71586080395194 100.1905715367032 199.87397345153244 200.43017695583623 99.67708391303688 99.70678663311577 99.98972880114424 100.33281799297336,6,5,10,4,2,9,1. M124_1 - Umayma Mohammed Abdilahi,2. M124_2 - Wilo Ali Tayib,3. M124_3 - Ardo Mohammed Haji,4. M124_4 - Fatima Korane Ahmed,5. M124_5 - Shugriya mohamed ali,6. M124_6 - Habsa Omer Mohammed,0.6710411457109708 0.690571536703198 0.3739734515324217 0.9301769558362379 0.4897288011442438 0.8328179929733546,2,2 4 5 6 9 10,1. M124-1 - Dirane hassen mohamed<br/>2. M124-2 - Shugriya mohamed ali<br/>3. M124-3 - Asad Abdisamad Ibrahim<br/>4. M124-4 - Fatima Korane Ahmed<br/>5. M124-5 - Wilo Ali Tayib<br/>6. M124-6 - Umayma Mohammed Abdilahi<br/>7. M124-7 - Shukriya Mohammed Mohammud<br/>8. M124-8 - Amina Sherif Mohammed<br/>9. M124-9 - Habsa Omer Mohammed<br/>10. M124-10 - Ardo Mohammed Haji,6,6,10,4,Umayma Mohammed Abdilahi,Ardo Mohammed Haji,Fatima Korane Ahmed,1. Umayma Mohammed Abdilahi (Husband to be interviewed)<br/>,,3. Ardo Mohammed Haji (Husband to be interviewed)<br/>,4. Fatima Korane Ahmed (Husband to be interviewed)<br/>,,,"Husbands of Umayma Mohammed Abdilahi, Ardo Mohammed Haji and Fatima Korane Ahmed must be interviewed (one may serve as replacement).",3,Fatima Korane Ahmed (Replacement),⚠ Spouse interview required,uuid:ad206beb-aabc-4c49-8a4d-9ef55931fe66,2603230738,uuid:ad206beb-aabc-4c49-8a4d-9ef55931fe66
01-Apr-2026 19:55:07,01-Apr-2026 09:06:32,01-Apr-2026 19:50:25,9cc15578f30061b6,,llrp_team1,samsung|SM-X115|15|SurveyCTO Collect 2.81.5 (387e45a),477,,Wesen,Ahmed,Guradamole,Haradibe 03_1,M214,Tawakal,12,HumanLed,#0a8f3c,6,6,Dahir Ali Web,2,1,,M214-1,1,0,0.7614370429431869,1,1,99,0,199.7614370429432,1,1. M214-1 - Dahir Ali Web,0,0.6354170172858127,999,99,Abdullahi Mohamed Hasan,2,3,,M214-2,1,0,0.3720983115214026,2,1,99,0,199.3720983115214,1,2. M214-2 - Abdullahi Mohamed Hasan,0,0.2781989653347947,999,99,Yurub Mohamud Ali,1,6,2,M214-3,0,1,0.7324400218464515,3,99,1,0,99.73244002184646,1,3. M214-3 - Yurub Mohamud Ali,0,0.47601957065790323,999,99,Fartun Mohamed Ali,1,6,2,M214-4,0,1,0.30932708067458436,4,99,1,0,99.30932708067458,1,4. M214-4 - Fartun Mohamed Ali,0,0.3883373825745323,999,99,Hukun Rashid Hasan,1,6,2,M214-5,0,1,0.2907467491412976,5,99,1,0,99.29074674914129,1,5. M214-5 - Hukun Rashid Hasan,0,0.562657898308345,999,99,Mohamed Abdulahi Mohamud,2,5,,M214-6,0,0,0.1371600619400143,6,99,99,0,0.1371600619400143,1,6. M214-6 - Mohamed Abdulahi Mohamud,0,0.9951357201075707,999,99,,,,,,,,,,,,,,,,,,,,,,,,,,,,,,,,,,,,,,,,,,,,,,,,,,,,,,,,,,,,,,,,,,,,,,,,,,,,,,,,,,,,,,,,,,,,,,,,,,,,,,,,,,,,,,,,,,,,,,,,,,,,,,,,,,,,,,,,,,,,,,,,,,,,,,,,,,,,,,,,,,,,,,,,,,,,,,,,,,,,,,,,,,,,,,,1,199.7614370429432 199.3720983115214 99.73244002184646 99.30932708067458 99.29074674914129 0.1371600619400143,1,2,3,4,5,6,1. M214_1 - Dahir Ali Web,2. M214_2 - Abdullahi Mohamed Hasan,3. M214_3 - Yurub Mohamud Ali,4. M214_4 - Fartun Mohamed Ali,5. M214_5 - Hukun Rashid Hasan,6. M214_6 - Mohamed Abdulahi Mohamud,,2,1 2 3 4 5 6,1. M214-1 - Dahir Ali Web<br/>2. M214-2 - Abdullahi Mohamed Hasan<br/>3. M214-3 - Yurub Mohamud Ali<br/>4. M214-4 - Fartun Mohamed Ali<br/>5. M214-5 - Hukun Rashid Hasan<br/>6. M214-6 - Mohamed Abdulahi Mohamud,6,,,,,,,,,,,,,No eligible spouse found.,0,,,uuid:3e9b2114-f580-4cab-a331-2410c377db3e,2603230738,uuid:3e9b2114-f580-4cab-a331-2410c377db3e
01-Apr-2026 21:35:55,01-Apr-2026 13:50:54,01-Apr-2026 21:34:01,31d542a9aea3f2c5,,llrp_team1,Lenovo|Lenovo TB-8504F|8.1.0|SurveyCTO Collect 2.81.5 (387e45a),503,,Anteneh,Abdilahi,Adadle,Garablaw_1,M05,Ayan,10,HumanLed,#0a8f3c,7,7,Zogra Yusuf nageye,1,6,2,M05-1,0,1,0.17907003526394583,1,99,1,0,99.17907003526395,1,1. M05-1 - Zogra Yusuf nageye,0,0.6797680806631989,999,99,Mumina Abdullahi badal,1,6,2,M05-2,0,1,0.3909196116914382,2,99,1,0,99.39091961169144,1,2. M05-2 - Mumina Abdullahi badal,0,0.9702211621989327,999,99,Timira bare mohamed,1,1,1,M05-3,1,0,0.9081029132168603,3,1,99,0.5,200.40810291321685,1,3. M05-3 - Timira bare mohamed,1,0.6343138323742702,0.9081029132168603,1,Obah mohamud guled,1,6,2,M05-4,0,1,0.2736343672693289,4,99,1,0,99.27363436726932,1,4. M05-4 - Obah mohamud guled,0,0.743612165519476,999,99,Dahaba kahin dabar,1,6,1,M05-5,0,1,0.9296411811568505,5,99,1,0.5,100.42964118115685,1,5. M05-5 - Dahaba kahin dabar,1,0.2021510660665976,0.9296411811568505,1,Shamis nageye afkarur,1,6,2,M05-6,0,1,0.7351337624629017,6,99,1,0,99.73513376246291,1,6. M05-6 - Shamis nageye afkarur,0,0.2904924647021482,999,99,Sairuq Ahmed nageye,1,6,2,M05-7,0,1,0.8636124611755144,7,99,1,0,99.86361246117552,1,7. M05-7 - Sairuq Ahmed nageye,0,0.9418918107231695,999,99,,,,,,,,,,,,,,,,,,,,,,,,,,,,,,,,,,,,,,,,,,,,,,,,,,,,,,,,,,,,,,,,,,,,,,,,,,,,,,,,,,,,,,,,,,,,,,,,,,,,,,,,,,,,,,,,,,,,,,,,,,,,,,,,,,,,,,,,,,,,,,,,,,,,,,,,,,,,,,,,,,,,,,,,,,,,1,99.17907003526395 99.39091961169144 200.40810291321685 99.27363436726932 100.42964118115685 99.73513376246291 99.86361246117552,3,5,7,6,2,4,1. M05_1 - Timira bare mohamed,2. M05_2 - Dahaba kahin dabar,3. M05_3 - Sairuq Ahmed nageye,4. M05_4 - Shamis nageye afkarur,5. M05_5 - Mumina Abdullahi badal,6. M05_6 - Obah mohamud guled,0.9081029132168603 0.9296411811568505,1,2 3 4 5 6 7,1. M05-1 - Zogra Yusuf nageye<br/>2. M05-2 - Mumina Abdullahi badal<br/>3. M05-3 - Timira bare mohamed<br/>4. M05-4 - Obah mohamud guled<br/>5. M05-5 - Dahaba kahin dabar<br/>6. M05-6 - Shamis nageye afkarur<br/>7. M05-7 - Sairuq Ahmed nageye,6,5,3,,Dahaba kahin dabar,Timira bare mohamed,,1. Timira bare mohamed (Husband to be interviewed)<br/>,2. Dahaba kahin dabar (Husband to be interviewed)<br/>,,,,,Husbands of Dahaba kahin dabar and Timira bare mohamed must be interviewed.,2,,⚠ Spouse interview required,uuid:cf790458-8784-4e39-b6da-129afa5300b9,2603230738,uuid:cf790458-8784-4e39-b6da-129afa5300b9
01-Apr-2026 23:05:20,01-Apr-2026 09:48:31,01-Apr-2026 23:05:10,7b083c6dbffcaebb,,llrp_team1,samsung|SM-X115|14|SurveyCTO Collect 2.81.5 (387e45a),407,,Muktar,Rahma,Mayumuluko,Mayu town_2,M293,Hoden,10,TechLed,#1f4bd6,8,8,Gordo Ahmed Abdirashid,1,1,2,M293-1,1,0,0.5636069612807892,1,1,99,0,199.56360696128078,1,1. M293-1 - Gordo Ahmed Abdirashid,0,0.1169852342706319,999,99,Siyado sirad Abdikani,1,5,1,M293-2,0,0,0.05117141713327966,2,99,99,0.5,0.5511714171332797,1,2. M293-2 - Siyado sirad Abdikani,0,0.27575159016088135,999,99,Ifrah Hurur mahamed,1,6,2,M293-3,0,1,0.15544454274432684,3,99,1,0,99.15544454274432,1,3. M293-3 - Ifrah Hurur mahamed,0,0.5559580745561189,999,99,Hodan sharif mahamed,1,6,2,M293-4,0,1,0.7087825337197696,4,99,1,0,99.70878253371977,1,4. M293-4 - Hodan sharif mahamed,0,0.18440068620631034,999,99,Sacdiya Aden Dibad,1,6,2,M293-5,0,1,0.7585266966072925,5,99,1,0,99.75852669660729,1,5. M293-5 - Sacdiya Aden Dibad,0,0.20894197946012616,999,99,Nimco umar Ali,1,6,2,M293-6,0,1,0.6718704686599638,6,99,1,0,99.67187046865996,1,6. M293-6 - Nimco umar Ali,0,0.42014137661421536,999,99,Jowhara Ahmed Abdirashid,1,6,1,M293-7,0,1,0.654007330146787,7,99,1,0.5,100.15400733014678,1,7. M293-7 - Jowhara Ahmed Abdirashid,1,0.38528535072446524,0.654007330146787,1,Kimiya Abdi Ali,1,6,2,M293-8,0,1,0.2801027711970038,8,99,1,0,99.28010277119701,1,8. M293-8 - Kimiya Abdi Ali,0,0.5426066053383493,999,99,,,,,,,,,,,,,,,,,,,,,,,,,,,,,,,,,,,,,,,,,,,,,,,,,,,,,,,,,,,,,,,,,,,,,,,,,,,,,,,,,,,,,,,,,,,,,,,,,,,,,,,,,,,,,,,,,,,,,,,,,,,,,,,,,,,,,,,,,,,,,,,,,,,,,,,,,1,199.56360696128078 0.5511714171332797 99.15544454274432 99.70878253371977 99.75852669660729 99.67187046865996 100.15400733014678 99.28010277119701,1,7,5,4,6,8,1. M293_1 - Gordo Ahmed Abdirashid,2. M293_2 - Jowhara Ahmed Abdirashid,3. M293_3 - Sacdiya Aden Dibad,4. M293_4 - Hodan sharif mahamed,5. M293_5 - Nimco umar Ali,6. M293_6 - Kimiya Abdi Ali,0.654007330146787,1,1 4 5 6 7 8,1. M293-1 - Gordo Ahmed Abdirashid<br/>2. M293-2 - Siyado sirad Abdikani<br/>3. M293-3 - Ifrah Hurur mahamed<br/>4. M293-4 - Hodan sharif mahamed<br/>5. M293-5 - Sacdiya Aden Dibad<br/>6. M293-6 - Nimco umar Ali<br/>7. M293-7 - Jowhara Ahmed Abdirashid<br/>8. M293-8 - Kimiya Abdi Ali,6,7,,,Jowhara Ahmed Abdirashid,,,,2. Jowhara Ahmed Abdirashid (Husband to be interviewed)<br/>,,,,,Husband of Jowhara Ahmed Abdirashid must be interviewed.,1,,⚠ Spouse interview required,uuid:9de34c52-326c-4266-9aa7-b6cd8b2cb2d0,2603230738,uuid:9de34c52-326c-4266-9aa7-b6cd8b2cb2d0
01-Apr-2026 23:26:02,30-Mar-2026 14:50:15,30-Mar-2026 17:43:55,16848f7fba76a71f,,llrp_team1,samsung|SM-X115|15|SurveyCTO Collect 2.81.5 (387e45a),894,,Muktar,Niman,Mayumuluko,mayu01B_1,M294,Hoden,12,Control,#d60000,8,8,Shugria gaani abdi,1,1,,M294-1,1,0,0.9779894116937635,1,1,99,0,199.97798941169376,1,1. M294-1 - Shugria gaani abdi,0,0.41561217820944274,999,99,Abdirahman mohamed Ahmed,2,5,,M294-2,0,0,0.9124897908872099,2,99,99,0,0.9124897908872099,1,2. M294-2 - Abdirahman mohamed Ahmed,0,0.017396491135704406,999,99,Mohamed Abdi aden,2,3,,M294-3,1,0,0.9891448243551896,3,1,99,0,199.98914482435518,1,3. M294-3 - Mohamed Abdi aden,0,0.09864739537700373,999,99,Abdikader barhadle abdi,2,6,,M294-4,0,1,0.35047033799453287,4,99,1,0,99.35047033799454,1,4. M294-4 - Abdikader barhadle abdi,0,0.8505778782249811,999,99,Ahmed sheikh ali,2,6,,M294-5,0,1,0.5949219112596427,5,99,1,0,99.59492191125965,1,5. M294-5 - Ahmed sheikh ali,0,0.34685651555994945,999,99,Ardo mohamuod mursel,1,6,,M294-6,0,1,0.32810129783124775,6,99,1,0,99.32810129783125,1,6. M294-6 - Ardo mohamuod mursel,0,0.7647900007471617,999,99,Ubah kahiYe hassan,1,6,,M294-7,0,1,0.47960161754531305,7,99,1,0,99.47960161754531,1,7. M294-7 - Ubah kahiYe hassan,0,0.6271375147938019,999,99,Fadumo dek nuriYe,1,6,,M294-8,0,1,0.9470452181523487,8,99,1,0,99.94704521815235,1,8. M294-8 - Fadumo dek nuriYe,0,0.10648226883432133,999,99,,,,,,,,,,,,,,,,,,,,,,,,,,,,,,,,,,,,,,,,,,,,,,,,,,,,,,,,,,,,,,,,,,,,,,,,,,,,,,,,,,,,,,,,,,,,,,,,,,,,,,,,,,,,,,,,,,,,,,,,,,,,,,,,,,,,,,,,,,,,,,,,,,,,,,,,,1,199.97798941169376 0.9124897908872099 199.98914482435518 99.35047033799454 99.59492191125965 99.32810129783125 99.47960161754531 99.94704521815235,3,1,8,5,7,4,1. M294_1 - Mohamed Abdi aden,2. M294_2 - Shugria gaani abdi,3. M294_3 - Fadumo dek nuriYe,4. M294_4 - Ahmed sheikh ali,5. M294_5 - Ubah kahiYe hassan,6. M294_6 - Abdikader barhadle abdi,,2,1 3 4 5 7 8,1. M294-1 - Shugria gaani abdi<br/>2. M294-2 - Abdirahman mohamed Ahmed<br/>3. M294-3 - Mohamed Abdi aden<br/>4. M294-4 - Abdikader barhadle abdi<br/>5. M294-5 - Ahmed sheikh ali<br/>6. M294-6 - Ardo mohamuod mursel<br/>7. M294-7 - Ubah kahiYe hassan<br/>8. M294-8 - Fadumo dek nuriYe,6,,,,,,,,,,,,,No eligible spouse found.,0,,,uuid:74329d1f-560a-40b2-8c70-a6cec7cf187b,2603230738,uuid:74329d1f-560a-40b2-8c70-a6cec7cf187b
01-Apr-2026 23:26:02,01-Apr-2026 08:43:43,01-Apr-2026 23:23:26,16848f7fba76a71f,,llrp_team1,samsung|SM-X115|15|SurveyCTO Collect 2.81.5 (387e45a),905,,Muktar,Niman,Mayumuluko,Finjaawe_1,M297,Hibo,12,HumanLed,#0a8f3c,8,8,Mohamed Abdi samad,2,1,,M297-1,1,0,0.27155343971923185,1,1,99,0,199.27155343971924,1,1. M297-1 - Mohamed Abdi samad,0,0.08431895648460008,999,99,Muhammed sheikh Ahmed,2,3,,M297-2,1,0,0.9555810078264487,2,1,99,0,199.95558100782645,1,2. M297-2 - Muhammed sheikh Ahmed,0,0.44862838777729763,999,99,Hamdi sharif badri,1,5,2,M297-3,0,0,0.8374479233354414,3,99,99,0,0.8374479233354414,1,3. M297-3 - Hamdi sharif badri,0,0.6059551177297653,999,99,Fadumo hassan said,1,6,1,M297-4,0,1,0.896840216396162,4,99,1,0.5,100.39684021639616,1,4. M297-4 - Fadumo hassan said,1,0.5718932211196461,0.896840216396162,1,Muhammad hassan nuor,2,6,,M297-5,0,1,0.6676670440380899,5,99,1,0,99.66766704403808,1,5. M297-5 - Muhammad hassan nuor,0,0.6184293502769989,999,99,Sumac shukur ali,1,6,2,M297-6,0,1,0.09985940643268831,6,99,1,0,99.09985940643269,1,6. M297-6 - Sumac shukur ali,0,0.5284046957175978,999,99,Ardo abdullahi nuor,1,6,2,M297-7,0,1,0.5579452647719005,7,99,1,0,99.5579452647719,1,7. M297-7 - Ardo abdullahi nuor,0,0.8268868290553378,999,99,Abdi Ahmed ali,2,6,,M297-8,0,1,0.5030742571806871,8,99,1,0,99.50307425718069,1,8. M297-8 - Abdi Ahmed ali,0,0.3756963532237595,999,99,,,,,,,,,,,,,,,,,,,,,,,,,,,,,,,,,,,,,,,,,,,,,,,,,,,,,,,,,,,,,,,,,,,,,,,,,,,,,,,,,,,,,,,,,,,,,,,,,,,,,,,,,,,,,,,,,,,,,,,,,,,,,,,,,,,,,,,,,,,,,,,,,,,,,,,,,1,199.27155343971924 199.95558100782645 0.8374479233354414 100.39684021639616 99.66766704403808 99.09985940643269 99.5579452647719 99.50307425718069,2,1,4,5,7,8,1. M297_1 - Muhammed sheikh Ahmed,2. M297_2 - Mohamed Abdi samad,3. M297_3 - Fadumo hassan said,4. M297_4 - Muhammad hassan nuor,5. M297_5 - Ardo abdullahi nuor,6. M297_6 - Abdi Ahmed ali,0.896840216396162,2,1 2 4 5 7 8,1. M297-1 - Mohamed Abdi samad<br/>2. M297-2 - Muhammed sheikh Ahmed<br/>3. M297-3 - Hamdi sharif badri<br/>4. M297-4 - Fadumo hassan said<br/>5. M297-5 - Muhammad hassan nuor<br/>6. M297-6 - Sumac shukur ali<br/>7. M297-7 - Ardo abdullahi nuor<br/>8. M297-8 - Abdi Ahmed ali,6,4,,,Fadumo hassan said,,,,,3. Fadumo hassan said (Husband to be interviewed)<br/>,,,,Husband of Fadumo hassan said must be interviewed.,1,,⚠ Spouse interview required,uuid:638ebead-9ff9-4a32-9ba5-7e3302ff2cbd,2603230738,uuid:638ebead-9ff9-4a32-9ba5-7e3302ff2cbd
02-Apr-2026 05:44:39,01-Apr-2026 10:18:46,02-Apr-2026 05:39:26,84a08d6ca764cc04,,llrp_team1,samsung|SM-X115|15|SurveyCTO Collect 2.81.5 (387e45a),351,,Anteneh,Osman,Adadle,Boholhagare_2,M10,Wadani,8,Control,#d60000,6,6,Bashier Yousuf Nur,2,6,,M10-1,0,1,0.6772250490410321,1,99,1,0,99.67722504904103,1,1. M10-1 - Bashier Yousuf Nur,0,0.7100759365187727,999,99,Abdiasis Hussen Kad,2,3,,M10-2,1,0,0.42784700533256415,2,1,99,0,199.42784700533255,1,2. M10-2 - Abdiasis Hussen Kad,0,0.3163303228009623,999,99,Maktal Jama Daud,2,6,,M10-3,0,1,0.03445063743698895,3,99,1,0,99.03445063743699,1,3. M10-3 - Maktal Jama Daud,0,0.23130237816365418,999,99,Abdirashied Garane Aden,2,1,,M10-4,1,0,0.6631282558894426,4,1,99,0,199.66312825588943,1,4. M10-4 - Abdirashied Garane Aden,0,0.584299514755382,999,99,Anfa Sulub Yaraw,1,6,,M10-5,0,1,0.6681243420160704,5,99,1,0,99.66812434201607,1,5. M10-5 - Anfa Sulub Yaraw,0,0.8413433030914788,999,99,Hilal Abdirasak Kahin,1,6,,M10-6,0,1,0.5903169426500536,6,99,1,0,99.59031694265005,1,6. M10-6 - Hilal Abdirasak Kahin,0,0.11509861683320044,999,99,,,,,,,,,,,,,,,,,,,,,,,,,,,,,,,,,,,,,,,,,,,,,,,,,,,,,,,,,,,,,,,,,,,,,,,,,,,,,,,,,,,,,,,,,,,,,,,,,,,,,,,,,,,,,,,,,,,,,,,,,,,,,,,,,,,,,,,,,,,,,,,,,,,,,,,,,,,,,,,,,,,,,,,,,,,,,,,,,,,,,,,,,,,,,,,1,99.67722504904103 199.42784700533255 99.03445063743699 199.66312825588943 99.66812434201607 99.59031694265005,4,2,1,5,6,3,1. M10_1 - Abdirashied Garane Aden,2. M10_2 - Abdiasis Hussen Kad,3. M10_3 - Bashier Yousuf Nur,4. M10_4 - Anfa Sulub Yaraw,5. M10_5 - Hilal Abdirasak Kahin,6. M10_6 - Maktal Jama Daud,,2,1 2 3 4 5 6,1. M10-1 - Bashier Yousuf Nur<br/>2. M10-2 - Abdiasis Hussen Kad<br/>3. M10-3 - Maktal Jama Daud<br/>4. M10-4 - Abdirashied Garane Aden<br/>5. M10-5 - Anfa Sulub Yaraw<br/>6. M10-6 - Hilal Abdirasak Kahin,6,,,,,,,,,,,,,No eligible spouse found.,0,,,uuid:47b9d40f-1ff2-4841-ae2d-07d9d35fe3b3,2603230738,uuid:47b9d40f-1ff2-4841-ae2d-07d9d35fe3b3
02-Apr-2026 07:18:20,01-Apr-2026 16:31:51,01-Apr-2026 21:08:36,bc9edd50ac897c82,,llrp_team1,samsung|SM-X115|15|SurveyCTO Collect 2.81.5 (387e45a),833,,Anteneh,Abouker,Adadle,Harus_1,M06,Xaaxi,25,HumanLed,#0a8f3c,16,16,Youssouf Abdi hared,2,6,,M06-1,0,1,0.09860736860358121,1,99,1,0,99.09860736860358,1,1. M06-1 - Youssouf Abdi hared,0,0.30698018005479866,999,99,Eshar mohamed Ibrahim,2,6,,M06-2,0,1,0.2890410939441008,2,99,1,0,99.2890410939441,1,2. M06-2 - Eshar mohamed Ibrahim,0,0.797937011677198,999,99,Ahmed Bashar aden,2,2,,M06-3,1,0,0.6995866183197206,3,1,99,0,199.69958661831973,1,3. M06-3 - Ahmed Bashar aden,0,0.46660907266089946,999,99,Ali mohamed abdi,2,6,,M06-4,0,1,0.8148386206722458,4,99,1,0,99.81483862067225,1,4. M06-4 - Ali mohamed abdi,0,0.7256605977796727,999,99,Hamdi mohamed Ibrahim,2,6,,M06-5,0,1,0.806253261746153,5,99,1,0,99.80625326174615,1,5. M06-5 - Hamdi mohamed Ibrahim,0,0.9931356948750143,999,99,Ali Ahmed aden,2,6,,M06-6,0,1,0.4079611657202712,6,99,1,0,99.40796116572027,1,6. M06-6 - Ali Ahmed aden,0,0.0756144479440286,999,99,Moge ismail gerar,2,2,,M06-7,1,0,0.9166922174643665,7,1,99,0,199.91669221746437,1,7. M06-7 - Moge ismail gerar,0,0.27850666293594795,999,99,Ade Abdi ibrahim,2,6,,M06-8,0,1,0.7319436808545305,8,99,1,0,99.73194368085453,1,8. M06-8 - Ade Abdi ibrahim,0,0.7332857047536592,999,99,Abdinasir abdulahi aden,2,6,,M06-9,0,1,0.2603176402433912,9,99,1,0,99.26031764024339,1,9. M06-9 - Abdinasir abdulahi aden,0,0.20501317646426487,999,99,Hussen hassan aden,2,6,,M06-10,0,1,0.5137106827354522,10,99,1,0,99.51371068273545,1,10. M06-10 - Hussen hassan aden,0,0.48425297839267434,999,99,Siman Muhumad halane,1,6,2,M06-11,0,1,0.32401349168136273,11,99,1,0,99.32401349168136,1,11. M06-11 - Siman Muhumad halane,0,0.7474912563641375,999,99,Ansan Bashir mohamed,1,6,2,M06-12,0,1,0.3445568268792033,12,99,1,0,99.3445568268792,1,12. M06-12 - Ansan Bashir mohamed,0,0.06466166150689001,999,99,Zahra Ibrahim muhumad,1,3,2,M06-13,1,0,0.306226843823435,13,1,99,0,199.30622684382342,1,13. M06-13 - Zahra Ibrahim muhumad,0,0.5696444736447027,999,99,Qous hire abdi,1,6,2,M06-14,0,1,0.8176036012567491,14,99,1,0,99.81760360125675,1,14. M06-14 - Qous hire abdi,0,0.921107885870285,999,99,Nagma Hassan sheek Abdi,1,6,2,M06-15,0,1,0.14540691782195225,15,99,1,0,99.14540691782196,1,15. M06-15 - Nagma Hassan sheek Abdi,0,0.2513603938526576,999,99,Shafi sheek mahamud,2,6,,M06-16,0,1,0.2638480342348024,16,99,1,0,99.2638480342348,1,16. M06-16 - Shafi sheek mahamud,0,0.21768162352005538,999,99,0,99.09860736860358 99.2890410939441 199.69958661831973 99.81483862067225 99.80625326174615 99.40796116572027 199.91669221746437 99.73194368085453 99.26031764024339 99.51371068273545 99.32401349168136 99.3445568268792 199.30622684382342 99.81760360125675 99.14540691782196 99.2638480342348,7,3,13,14,4,5,1. M06_1 - Moge ismail gerar,2. M06_2 - Ahmed Bashar aden,3. M06_3 - Zahra Ibrahim muhumad,4. M06_4 - Qous hire abdi,5. M06_5 - Ali mohamed abdi,6. M06_6 - Hamdi mohamed Ibrahim,,3,3 4 5 7 13 14,1. M06-1 - Youssouf Abdi hared<br/>2. M06-2 - Eshar mohamed Ibrahim<br/>3. M06-3 - Ahmed Bashar aden<br/>4. M06-4 - Ali mohamed abdi<br/>5. M06-5 - Hamdi mohamed Ibrahim<br/>6. M06-6 - Ali Ahmed aden<br/>7. M06-7 - Moge ismail gerar<br/>8. M06-8 - Ade Abdi ibrahim<br/>9. M06-9 - Abdinasir abdulahi aden<br/>10. M06-10 - Hussen hassan aden<br/>11. M06-11 - Siman Muhumad halane<br/>12. M06-12 - Ansan Bashir mohamed<br/>13. M06-13 - Zahra Ibrahim muhumad<br/>14. M06-14 - Qous hire abdi<br/>15. M06-15 - Nagma Hassan sheek Abdi<br/>16. M06-16 - Shafi sheek mahamud,6,,,,,,,,,,,,,No eligible spouse found.,0,,,uuid:8aebccc7-96c5-4efe-b75e-1183c69cdca9,2603230738,uuid:8aebccc7-96c5-4efe-b75e-1183c69cdca9
02-Apr-2026 12:21:49,31-Mar-2026 09:59:48,01-Apr-2026 08:45:16,c717d4af0550c362,,llrp_team1,samsung|SM-X115|15|SurveyCTO Collect 2.81.5 (387e45a),778,,Daniel,Amin,Duhun,Garasley_2,M126,Hodan,15,HumanLed,#0a8f3c,12,12,Raho Farah Hirsi,1,1,1,M126-1,1,0,0.5229625764407735,1,1,99,0.5,200.02296257644076,1,1. M126-1 - Raho Farah Hirsi,1,0.6234372922129491,0.5229625764407735,1,Bisharo Hassan Abdi,1,6,2,M126-2,0,1,0.9933438824727729,2,99,1,0,99.99334388247277,1,2. M126-2 - Bisharo Hassan Abdi,0,0.002775197434829124,999,99,Osob Moalin mohommed,1,6,2,M126-3,0,1,0.01647406295727638,3,99,1,0,99.01647406295727,1,3. M126-3 - Osob Moalin mohommed,0,0.6671315254963033,999,99,Musbah Sheikh Abdi,1,6,1,M126-4,0,1,0.3843202782814785,4,99,1,0.5,99.88432027828148,1,4. M126-4 - Musbah Sheikh Abdi,1,0.7321763367020513,0.3843202782814785,1,Fadumo Mohommed Diriye,1,6,2,M126-5,0,1,0.566282773992925,5,99,1,0,99.56628277399292,1,5. M126-5 - Fadumo Mohommed Diriye,0,0.17796365465110264,999,99,Ruqiya Barkhadle Mahamud,1,6,2,M126-6,0,1,0.1035192180519583,6,99,1,0,99.10351921805196,1,6. M126-6 - Ruqiya Barkhadle Mahamud,0,0.463613514647223,999,99,Casha Sheikh Ismail,1,6,1,M126-7,0,1,0.46157345892974333,7,99,1,0.5,99.96157345892975,1,7. M126-7 - Casha Sheikh Ismail,1,0.8667061810758501,0.46157345892974333,1,Halimo Sahardid Bulhan,1,5,2,M126-8,0,0,0.33399388419948584,8,99,99,0,0.33399388419948584,1,8. M126-8 - Halimo Sahardid Bulhan,0,0.5543959697967767,999,99,Mahdi Sharif Mohommed,2,6,,M126-9,0,1,0.5728283913561731,9,99,1,0,99.57282839135617,1,9. M126-9 - Mahdi Sharif Mohommed,0,0.6234809818819783,999,99,Mawlid Miyir Adan,2,6,,M126-10,0,1,0.4806318255659935,10,99,1,0,99.480631825566,1,10. M126-10 - Mawlid Miyir Adan,0,0.4158220516571267,999,99,Ahmed Muhumed Ibrahin,2,6,,M126-11,0,1,0.5010864778515788,11,99,1,0,99.50108647785157,1,11. M126-11 - Ahmed Muhumed Ibrahin,0,0.4808146105848058,999,99,Ubah Dalhe Nuh,1,3,2,M126-12,1,0,0.400301470839846,12,1,99,0,199.40030147083985,1,12. M126-12 - Ubah Dalhe Nuh,0,0.04093619114563529,999,99,,,,,,,,,,,,,,,,,,,,,,,,,,,,,,,,,,,,,,,,,,,,,,,,,,,,,,,,,,,,,,,,,,,,,,,,,,,,,1,200.02296257644076 99.99334388247277 99.01647406295727 99.88432027828148 99.56628277399292 99.10351921805196 99.96157345892975 0.33399388419948584 99.57282839135617 99.480631825566 99.50108647785157 199.40030147083985,1,12,2,7,4,9,1. M126_1 - Raho Farah Hirsi,2. M126_2 - Ubah Dalhe Nuh,3. M126_3 - Bisharo Hassan Abdi,4. M126_4 - Casha Sheikh Ismail,5. M126_5 - Musbah Sheikh Abdi,6. M126_6 - Mahdi Sharif Mohommed,0.5229625764407735 0.3843202782814785 0.46157345892974333,2,1 2 4 7 9 12,1. M126-1 - Raho Farah Hirsi<br/>2. M126-2 - Bisharo Hassan Abdi<br/>3. M126-3 - Osob Moalin mohommed<br/>4. M126-4 - Musbah Sheikh Abdi<br/>5. M126-5 - Fadumo Mohommed Diriye<br/>6. M126-6 - Ruqiya Barkhadle Mahamud<br/>7. M126-7 - Casha Sheikh Ismail<br/>8. M126-8 - Halimo Sahardid Bulhan<br/>9. M126-9 - Mahdi Sharif Mohommed<br/>10. M126-10 - Mawlid Miyir Adan<br/>11. M126-11 - Ahmed Muhumed Ibrahin<br/>12. M126-12 - Ubah Dalhe Nuh,6,1,7,4,Raho Farah Hirsi,Casha Sheikh Ismail,Musbah Sheikh Abdi,1. Raho Farah Hirsi (Husband to be interviewed)<br/>,,,4. Casha Sheikh Ismail (Husband to be interviewed)<br/>,5. Musbah Sheikh Abdi (Husband to be interviewed)<br/>,,"Husbands of Raho Farah Hirsi, Casha Sheikh Ismail and Musbah Sheikh Abdi must be interviewed (one may serve as replacement).",3,Musbah Sheikh Abdi (Replacement),⚠ Spouse interview required,uuid:e335bb25-f282-4863-8785-361aff8eff5e,2603230738,uuid:e335bb25-f282-4863-8785-361aff8eff5e
02-Apr-2026 12:23:25,31-Mar-2026 10:06:22,02-Apr-2026 12:20:22,536368b28fdd5880,,llrp_team1,samsung|SM-X115|14|SurveyCTO Collect 2.81.5 (387e45a),486,,Daniel,Ahmed,Duhun,Dhuhun_1,M122,Dalsan,9,Control,#d60000,7,7,Abdi asis ahmed yasin,2,1,,M122-1,1,0,0.19162118580021426,1,1,99,0,199.19162118580022,1,1. M122-1 - Abdi asis ahmed yasin,0,0.1661604182587728,999,99,Abdi ahmed mahamed,2,6,,M122-2,0,1,0.9961665814171992,2,99,1,0,99.9961665814172,1,2. M122-2 - Abdi ahmed mahamed,0,0.22257050343898255,999,99,Ahmed mahamed mahamud,2,6,,M122-3,0,1,0.6655252297044539,3,99,1,0,99.66552522970446,1,3. M122-3 - Ahmed mahamed mahamud,0,0.5572747933085571,999,99,Nura shek abdi,1,3,,M122-4,1,0,0.1348497247845558,4,1,99,0,199.13484972478454,1,4. M122-4 - Nura shek abdi,0,0.6555537257702808,999,99,Amina shek ismail hussen,1,6,,M122-5,0,1,0.20844096131984802,5,99,1,0,99.20844096131985,1,5. M122-5 - Amina shek ismail hussen,0,0.6922399229208532,999,99,"Ni,ima sharif aydarus",1,6,,M122-6,0,1,0.48584051322002364,6,99,1,0,99.48584051322003,1,"6. M122-6 - Ni,ima sharif aydarus",0,0.39357579740955706,999,99,Abdi majid ahmed,2,6,,M122-7,0,1,0.9601767034151506,7,99,1,0,99.96017670341514,1,7. M122-7 - Abdi majid ahmed,0,0.17483987624887964,999,99,,,,,,,,,,,,,,,,,,,,,,,,,,,,,,,,,,,,,,,,,,,,,,,,,,,,,,,,,,,,,,,,,,,,,,,,,,,,,,,,,,,,,,,,,,,,,,,,,,,,,,,,,,,,,,,,,,,,,,,,,,,,,,,,,,,,,,,,,,,,,,,,,,,,,,,,,,,,,,,,,,,,,,,,,,,,1,199.19162118580022 99.9961665814172 99.66552522970446 199.13484972478454 99.20844096131985 99.48584051322003 99.96017670341514,1,4,2,7,3,6,1. M122_1 - Abdi asis ahmed yasin,2. M122_2 - Nura shek abdi,3. M122_3 - Abdi ahmed mahamed,4. M122_4 - Abdi majid ahmed,5. M122_5 - Ahmed mahamed mahamud,"6. M122_6 - Ni,ima sharif aydarus",,2,1 2 3 4 6 7,"1. M122-1 - Abdi asis ahmed yasin<br/>2. M122-2 - Abdi ahmed mahamed<br/>3. M122-3 - Ahmed mahamed mahamud<br/>4. M122-4 - Nura shek abdi<br/>5. M122-5 - Amina shek ismail hussen<br/>6. M122-6 - Ni,ima sharif aydarus<br/>7. M122-7 - Abdi majid ahmed",6,,,,,,,,,,,,,No eligible spouse found.,0,,,uuid:ba648a5d-8d4f-490d-8c32-1daa7c4d6fc6,2603230738,uuid:ba648a5d-8d4f-490d-8c32-1daa7c4d6fc6
02-Apr-2026 12:23:26,01-Apr-2026 14:36:00,02-Apr-2026 12:20:44,536368b28fdd5880,,llrp_team1,samsung|SM-X115|14|SurveyCTO Collect 2.81.5 (387e45a),923,,Daniel,Ahmed,Duhun,Kebele 01_3,M129,idil,14,TechLed,#1f4bd6,7,7,Aden omer ali,2,6,,M129-1,0,1,0.013920588804354872,1,99,1,0,99.01392058880435,1,1. M129-1 - Aden omer ali,0,0.7329782859434194,999,99,Maryama sharif ibrahin,1,6,2,M129-2,0,1,0.09676800376541561,2,99,1,0,99.09676800376542,1,2. M129-2 - Maryama sharif ibrahin,0,0.9179881345479329,999,99,Nura sharif hamse,1,1,1,M129-3,1,0,0.5074067374448576,3,1,99,0.5,200.00740673744485,1,3. M129-3 - Nura sharif hamse,1,0.036843425042120126,0.5074067374448576,1,Asli sharif ibrahin,1,3,2,M129-4,1,0,0.6621224540951778,4,1,99,0,199.66212245409517,1,4. M129-4 - Asli sharif ibrahin,0,0.3982813005196695,999,99,Sahra sharif ahmed yasin,2,6,,M129-5,0,1,0.57173033395044,5,99,1,0,99.57173033395044,1,5. M129-5 - Sahra sharif ahmed yasin,0,0.26813996599398415,999,99,Amina shek ismail hussen,1,6,2,M129-6,0,1,0.39008127053641295,6,99,1,0,99.39008127053641,1,6. M129-6 - Amina shek ismail hussen,0,0.9958763688323485,999,99,Nimo shugri arab,1,6,1,M129-7,0,1,0.1129970359088569,7,99,1,0.5,99.61299703590886,1,7. M129-7 - Nimo shugri arab,1,0.2530275194278172,0.1129970359088569,1,,,,,,,,,,,,,,,,,,,,,,,,,,,,,,,,,,,,,,,,,,,,,,,,,,,,,,,,,,,,,,,,,,,,,,,,,,,,,,,,,,,,,,,,,,,,,,,,,,,,,,,,,,,,,,,,,,,,,,,,,,,,,,,,,,,,,,,,,,,,,,,,,,,,,,,,,,,,,,,,,,,,,,,,,,,,1,99.01392058880435 99.09676800376542 200.00740673744485 199.66212245409517 99.57173033395044 99.39008127053641 99.61299703590886,3,4,7,5,6,2,1. M129_1 - Nura sharif hamse,2. M129_2 - Asli sharif ibrahin,3. M129_3 - Nimo shugri arab,4. M129_4 - Sahra sharif ahmed yasin,5. M129_5 - Amina shek ismail hussen,6. M129_6 - Maryama sharif ibrahin,0.5074067374448576 0.1129970359088569,2,2 3 4 5 6 7,1. M129-1 - Aden omer ali<br/>2. M129-2 - Maryama sharif ibrahin<br/>3. M129-3 - Nura sharif hamse<br/>4. M129-4 - Asli sharif ibrahin<br/>5. M129-5 - Sahra sharif ahmed yasin<br/>6. M129-6 - Amina shek ismail hussen<br/>7. M129-7 - Nimo shugri arab,6,3,7,,Nura sharif hamse,Nimo shugri arab,,1. Nura sharif hamse (Husband to be interviewed)<br/>,,3. Nimo shugri arab (Husband to be interviewed)<br/>,,,,Husbands of Nura sharif hamse and Nimo shugri arab must be interviewed.,2,,⚠ Spouse interview required,uuid:107b3809-e6d9-48da-8a71-423ca62e9a1b,2603230738,uuid:107b3809-e6d9-48da-8a71-423ca62e9a1b
02-Apr-2026 13:00:58,01-Apr-2026 15:11:39,02-Apr-2026 13:01:57,bbae1c343e73e9f2,,llrp_team1,Lenovo|Lenovo TB-8504F|8.1.0|SurveyCTO Collect 2.81.5 (387e45a),664,,Daniel,Jabir,Duhun,Hadhamuse_1,M127,Nuruuro,12,Control,#d60000,8,8,Halimo Abdullahi Ali,1,1,,M127-1,1,0,0.06682468886269233,1,1,99,0,199.06682468886268,1,1. M127-1 - Halimo Abdullahi Ali,0,0.8312848977159898,999,99,Asho Moalin Abdiqadir,1,6,,M127-2,0,1,0.514804640726609,2,99,1,0,99.51480464072661,1,2. M127-2 - Asho Moalin Abdiqadir,0,0.004392556417172955,999,99,Fadumo Moalin Abibakar,1,3,,M127-3,1,0,0.7362479728555008,3,1,99,0,199.7362479728555,1,3. M127-3 - Fadumo Moalin Abibakar,0,0.4284946210863898,999,99,Amina Moalin Abdi,1,6,,M127-4,0,1,0.791942953942785,4,99,1,0,99.79194295394278,1,4. M127-4 - Amina Moalin Abdi,0,0.48591628431673006,999,99,Zaynaba Abdullahi Abdinasir,1,6,,M127-5,0,1,0.7442082388091783,5,99,1,0,99.74420823880918,1,5. M127-5 - Zaynaba Abdullahi Abdinasir,0,0.0980096657420314,999,99,Nura Yusuf Hashi,1,6,,M127-6,0,1,0.9341703672798883,6,99,1,0,99.93417036727989,1,6. M127-6 - Nura Yusuf Hashi,0,0.1907598259225355,999,99,Abdiqadir Yusuf Mohamed,2,6,,M127-7,0,1,0.5773084815259609,7,99,1,0,99.57730848152596,1,7. M127-7 - Abdiqadir Yusuf Mohamed,0,0.1869735282391799,999,99,Bahsan Ali Tahir,1,6,,M127-8,0,1,0.7963675153961093,8,99,1,0,99.79636751539611,1,8. M127-8 - Bahsan Ali Tahir,0,0.4287074023452082,999,99,,,,,,,,,,,,,,,,,,,,,,,,,,,,,,,,,,,,,,,,,,,,,,,,,,,,,,,,,,,,,,,,,,,,,,,,,,,,,,,,,,,,,,,,,,,,,,,,,,,,,,,,,,,,,,,,,,,,,,,,,,,,,,,,,,,,,,,,,,,,,,,,,,,,,,,,,1,199.06682468886268 99.51480464072661 199.7362479728555 99.79194295394278 99.74420823880918 99.93417036727989 99.57730848152596 99.79636751539611,3,1,6,8,4,5,1. M127_1 - Fadumo Moalin Abibakar,2. M127_2 - Halimo Abdullahi Ali,3. M127_3 - Nura Yusuf Hashi,4. M127_4 - Bahsan Ali Tahir,5. M127_5 - Amina Moalin Abdi,6. M127_6 - Zaynaba Abdullahi Abdinasir,,2,1 3 4 5 6 8,1. M127-1 - Halimo Abdullahi Ali<br/>2. M127-2 - Asho Moalin Abdiqadir<br/>3. M127-3 - Fadumo Moalin Abibakar<br/>4. M127-4 - Amina Moalin Abdi<br/>5. M127-5 - Zaynaba Abdullahi Abdinasir<br/>6. M127-6 - Nura Yusuf Hashi<br/>7. M127-7 - Abdiqadir Yusuf Mohamed<br/>8. M127-8 - Bahsan Ali Tahir,6,,,,,,,,,,,,,No eligible spouse found.,0,,,uuid:a7c8efff-10a7-4d9d-af43-91a9984a417f,2603230738,uuid:a7c8efff-10a7-4d9d-af43-91a9984a417f
02-Apr-2026 13:31:03,31-Mar-2026 14:16:52,31-Mar-2026 18:38:38,82e2405be9604681,,llrp_team1,samsung|SM-X115|15|SurveyCTO Collect 2.81.5 (387e45a),626,,Daniel,Daniel,Mula,Mula_1,M312,danlahelay petty trade,10,HumanLed,#0a8f3c,6,6,Aden Abdirahman Gudale,2,1,,M312-1,1,0,0.502100649501277,1,1,99,0,199.50210064950127,1,1. M312-1 - Aden Abdirahman Gudale,0,0.40531560139470424,999,99,Mehamud Mehamed Mehamud,2,6,,M312-2,0,1,0.8206624353634675,2,99,1,0,99.82066243536347,1,2. M312-2 - Mehamud Mehamed Mehamud,0,0.5992241353969725,999,99,Tahir Abdulahi KALIB,2,6,,M312-3,0,1,0.7361097388534666,3,99,1,0,99.73610973885347,1,3. M312-3 - Tahir Abdulahi KALIB,0,0.1578572401948949,999,99,Abdirahman Umer Muhumad,2,5,,M312-4,0,0,0.31971361154918965,4,99,99,0,0.31971361154918965,1,4. M312-4 - Abdirahman Umer Muhumad,0,0.08115630945569874,999,99,Nimcan Muhumad Farah,2,6,,M312-5,0,1,0.2827725982731132,5,99,1,0,99.28277259827311,1,5. M312-5 - Nimcan Muhumad Farah,0,0.8273795617956073,999,99,Johar Abdimalik Ahmed,2,6,,M312-6,0,1,0.8670677488026025,6,99,1,0,99.8670677488026,1,6. M312-6 - Johar Abdimalik Ahmed,0,0.9675065171464279,999,99,,,,,,,,,,,,,,,,,,,,,,,,,,,,,,,,,,,,,,,,,,,,,,,,,,,,,,,,,,,,,,,,,,,,,,,,,,,,,,,,,,,,,,,,,,,,,,,,,,,,,,,,,,,,,,,,,,,,,,,,,,,,,,,,,,,,,,,,,,,,,,,,,,,,,,,,,,,,,,,,,,,,,,,,,,,,,,,,,,,,,,,,,,,,,,,1,199.50210064950127 99.82066243536347 99.73610973885347 0.31971361154918965 99.28277259827311 99.8670677488026,1,6,2,3,5,4,1. M312_1 - Aden Abdirahman Gudale,2. M312_2 - Johar Abdimalik Ahmed,3. M312_3 - Mehamud Mehamed Mehamud,4. M312_4 - Tahir Abdulahi KALIB,5. M312_5 - Nimcan Muhumad Farah,6. M312_6 - Abdirahman Umer Muhumad,,1,1 2 3 4 5 6,1. M312-1 - Aden Abdirahman Gudale<br/>2. M312-2 - Mehamud Mehamed Mehamud<br/>3. M312-3 - Tahir Abdulahi KALIB<br/>4. M312-4 - Abdirahman Umer Muhumad<br/>5. M312-5 - Nimcan Muhumad Farah<br/>6. M312-6 - Johar Abdimalik Ahmed,6,,,,,,,,,,,,,No eligible spouse found.,0,,,uuid:e8e82e55-01ad-4da7-a836-5ed2d3f304ba,2603230738,uuid:e8e82e55-01ad-4da7-a836-5ed2d3f304ba
02-Apr-2026 13:33:10,01-Apr-2026 11:08:41,02-Apr-2026 13:31:59,82e2405be9604681,,llrp_team1,samsung|SM-X115|15|SurveyCTO Collect 2.81.5 (387e45a),451,,Daniel,Daniel,Mula,Sanxaskunle_1,M315,maandeeq livestock fattening,10,HumanLed,#0a8f3c,7,7,Nasra Hassen Budul,1,1,2,M315-1,1,0,0.047858877658422894,1,1,99,0,199.04785887765843,1,1. M315-1 - Nasra Hassen Budul,0,0.93878613266131,999,99,Farhiya Mehamed Abdulahi,1,3,2,M315-2,1,0,0.23048140662393202,2,1,99,0,199.23048140662394,1,2. M315-2 - Farhiya Mehamed Abdulahi,0,0.4109246713839072,999,99,Ruman Ahmed yasin,1,4,2,M315-3,1,0,0.21328358795646396,3,1,99,0,199.21328358795645,1,3. M315-3 - Ruman Ahmed yasin,0,0.9285576381692743,999,99,Nimco yusuf kahin,1,6,1,M315-4,0,1,0.7437510168802557,4,99,1,0.5,100.24375101688025,1,4. M315-4 - Nimco yusuf kahin,1,0.8290775653379295,0.7437510168802557,1,Zamzam Ahmed hubi,1,6,1,M315-5,0,1,0.3522915653777118,5,99,1,0.5,99.85229156537771,1,5. M315-5 - Zamzam Ahmed hubi,1,0.552933306183017,0.3522915653777118,1,Celiye hassen Mehamud,2,6,,M315-6,0,1,0.48877683144955664,6,99,1,0,99.48877683144956,1,6. M315-6 - Celiye hassen Mehamud,0,0.8995504766284455,999,99,Roda sherif Nur,1,6,2,M315-7,0,1,0.7201907907249036,7,99,1,0,99.7201907907249,1,7. M315-7 - Roda sherif Nur,0,0.6027780426919801,999,99,,,,,,,,,,,,,,,,,,,,,,,,,,,,,,,,,,,,,,,,,,,,,,,,,,,,,,,,,,,,,,,,,,,,,,,,,,,,,,,,,,,,,,,,,,,,,,,,,,,,,,,,,,,,,,,,,,,,,,,,,,,,,,,,,,,,,,,,,,,,,,,,,,,,,,,,,,,,,,,,,,,,,,,,,,,,1,199.04785887765843 199.23048140662394 199.21328358795645 100.24375101688025 99.85229156537771 99.48877683144956 99.7201907907249,2,3,1,4,5,7,1. M315_1 - Farhiya Mehamed Abdulahi,2. M315_2 - Ruman Ahmed yasin,3. M315_3 - Nasra Hassen Budul,4. M315_4 - Nimco yusuf kahin,5. M315_5 - Zamzam Ahmed hubi,6. M315_6 - Roda sherif Nur,0.7437510168802557 0.3522915653777118,3,1 2 3 4 5 7,1. M315-1 - Nasra Hassen Budul<br/>2. M315-2 - Farhiya Mehamed Abdulahi<br/>3. M315-3 - Ruman Ahmed yasin<br/>4. M315-4 - Nimco yusuf kahin<br/>5. M315-5 - Zamzam Ahmed hubi<br/>6. M315-6 - Celiye hassen Mehamud<br/>7. M315-7 - Roda sherif Nur,6,4,5,,Nimco yusuf kahin,Zamzam Ahmed hubi,,,,,4. Nimco yusuf kahin (Husband to be interviewed)<br/>,5. Zamzam Ahmed hubi (Husband to be interviewed)<br/>,,Husbands of Nimco yusuf kahin and Zamzam Ahmed hubi must be interviewed.,2,,⚠ Spouse interview required,uuid:48d94245-93c5-4ab6-afdd-2112859c537e,2603230738,uuid:48d94245-93c5-4ab6-afdd-2112859c537e
02-Apr-2026 13:33:11,02-Apr-2026 12:04:17,02-Apr-2026 13:32:05,82e2405be9604681,,llrp_team1,samsung|SM-X115|15|SurveyCTO Collect 2.81.5 (387e45a),381,,Daniel,Daniel,Mula,Qooran_1,M311,Hilaac l,15,HumanLed,#0a8f3c,7,7,Mehamud halal Ahmed,2,1,,M311-1,1,0,0.6120636860192724,1,1,99,0,199.61206368601927,1,1. M311-1 - Mehamud halal Ahmed,0,0.7729995544372095,999,99,Nur Ahmed Tahir,2,6,,M311-2,0,1,0.6352115148768427,2,99,1,0,99.63521151487684,1,2. M311-2 - Nur Ahmed Tahir,0,0.3586014736707376,999,99,Khadar Rabi Mehamud,2,6,,M311-3,0,1,0.7508599496998023,3,99,1,0,99.7508599496998,1,3. M311-3 - Khadar Rabi Mehamud,0,0.674281469691476,999,99,Muhyadin Maktal Hasen,2,6,,M311-4,0,1,0.24861362349788085,4,99,1,0,99.24861362349787,1,4. M311-4 - Muhyadin Maktal Hasen,0,0.9853087268093482,999,99,Ibrahim Abdi Ismail,2,5,,M311-5,0,0,0.5133433242693395,5,99,99,0,0.5133433242693395,1,5. M311-5 - Ibrahim Abdi Ismail,0,0.9835135006614614,999,99,Hassen Mursal Abdi,2,6,,M311-6,0,1,0.10017345028018354,6,99,1,0,99.10017345028018,1,6. M311-6 - Hassen Mursal Abdi,0,0.4629439700059489,999,99,Habsa Mukhtar Abdi,1,6,2,M311-7,0,1,0.9285215712860808,7,99,1,0,99.92852157128608,1,7. M311-7 - Habsa Mukhtar Abdi,0,0.11303275635713739,999,99,,,,,,,,,,,,,,,,,,,,,,,,,,,,,,,,,,,,,,,,,,,,,,,,,,,,,,,,,,,,,,,,,,,,,,,,,,,,,,,,,,,,,,,,,,,,,,,,,,,,,,,,,,,,,,,,,,,,,,,,,,,,,,,,,,,,,,,,,,,,,,,,,,,,,,,,,,,,,,,,,,,,,,,,,,,,1,199.61206368601927 99.63521151487684 99.7508599496998 99.24861362349787 0.5133433242693395 99.10017345028018 99.92852157128608,1,7,3,2,4,6,1. M311_1 - Mehamud halal Ahmed,2. M311_2 - Habsa Mukhtar Abdi,3. M311_3 - Khadar Rabi Mehamud,4. M311_4 - Nur Ahmed Tahir,5. M311_5 - Muhyadin Maktal Hasen,6. M311_6 - Hassen Mursal Abdi,,1,1 2 3 4 6 7,1. M311-1 - Mehamud halal Ahmed<br/>2. M311-2 - Nur Ahmed Tahir<br/>3. M311-3 - Khadar Rabi Mehamud<br/>4. M311-4 - Muhyadin Maktal Hasen<br/>5. M311-5 - Ibrahim Abdi Ismail<br/>6. M311-6 - Hassen Mursal Abdi<br/>7. M311-7 - Habsa Mukhtar Abdi,6,,,,,,,,,,,,,No eligible spouse found.,0,,,uuid:d5a1de20-ab41-416d-b338-f2171ddf522d,2603230738,uuid:d5a1de20-ab41-416d-b338-f2171ddf522d
02-Apr-2026 15:34:03,01-Apr-2026 09:58:06,01-Apr-2026 16:17:43,77f1a9f1d6894071,,llrp_team1,samsung|SM-X115|15|SurveyCTO Collect 2.81.5 (387e45a),401,,Daniel,Hakima,Mula,Mula 01_1,M314,Barwaqo petty trade,10,TechLed,#1f4bd6,7,7,Ahmed sheikh Tayib,2,1,,M314-1,1,0,0.5369713190544636,1,1,99,0,199.53697131905446,1,1. M314-1 - Ahmed sheikh Tayib,0,0.8019693823245075,999,99,Ali Abdi Matan,2,3,,M314-2,1,0,0.05724384456912879,2,1,99,0,199.05724384456911,1,2. M314-2 - Ali Abdi Matan,0,0.14175746235832531,999,99,Arab Abdullahi Osman,2,6,,M314-3,0,1,0.701762856343501,3,99,1,0,99.7017628563435,1,3. M314-3 - Arab Abdullahi Osman,0,0.6376475270641448,999,99,Istahil Nasir Handule,1,2,1,M314-4,0,0,0.7176081046290277,4,99,99,0.5,1.2176081046290277,1,4. M314-4 - Istahil Nasir Handule,1,0.8627282441593372,0.7176081046290277,1,Maryan Mohamed Yusuf,1,6,2,M314-5,0,1,0.009271909895049668,5,99,1,0,99.00927190989505,1,5. M314-5 - Maryan Mohamed Yusuf,0,0.09538100584239761,999,99,Ahmed Adan Heybe,2,5,,M314-6,0,0,0.08278666158866532,6,99,99,0,0.08278666158866532,1,6. M314-6 - Ahmed Adan Heybe,0,0.2838477135315769,999,99,Yusuf Mohamed Ahmed,2,5,,M314-7,0,0,0.4685906651214661,7,99,99,0,0.4685906651214661,1,7. M314-7 - Yusuf Mohamed Ahmed,0,0.19313215530705874,999,99,,,,,,,,,,,,,,,,,,,,,,,,,,,,,,,,,,,,,,,,,,,,,,,,,,,,,,,,,,,,,,,,,,,,,,,,,,,,,,,,,,,,,,,,,,,,,,,,,,,,,,,,,,,,,,,,,,,,,,,,,,,,,,,,,,,,,,,,,,,,,,,,,,,,,,,,,,,,,,,,,,,,,,,,,,,,1,199.53697131905446 199.05724384456911 99.7017628563435 1.2176081046290277 99.00927190989505 0.08278666158866532 0.4685906651214661,1,2,3,5,4,7,1. M314_1 - Ahmed sheikh Tayib,2. M314_2 - Ali Abdi Matan,3. M314_3 - Arab Abdullahi Osman,4. M314_4 - Maryan Mohamed Yusuf,5. M314_5 - Istahil Nasir Handule,6. M314_6 - Yusuf Mohamed Ahmed,0.7176081046290277,2,1 2 3 4 5 7,1. M314-1 - Ahmed sheikh Tayib<br/>2. M314-2 - Ali Abdi Matan<br/>3. M314-3 - Arab Abdullahi Osman<br/>4. M314-4 - Istahil Nasir Handule<br/>5. M314-5 - Maryan Mohamed Yusuf <br/>6. M314-6 - Ahmed Adan Heybe<br/>7. M314-7 - Yusuf Mohamed Ahmed,6,4,,,Istahil Nasir Handule,,,,,,,5. Istahil Nasir Handule (Husband to be interviewed)<br/>,,Husband of Istahil Nasir Handule must be interviewed.,1,,⚠ Spouse interview required,uuid:faab0262-6c81-489f-b0d5-bad93134c997,2603230738,uuid:faab0262-6c81-489f-b0d5-bad93134c997
02-Apr-2026 20:49:54,31-Mar-2026 13:44:33,01-Apr-2026 17:26:34,70e4adbae02adb29,,llrp_team1,DOOGEE|T10W|14|SurveyCTO Collect 2.81.5 (387e45a),1720,,Daniel,Mehamud,Mula,mula01_1,M316,Barwaaqo,12,Control,#d60000,10,10,Abdi Ismail muhumed,2,1,,M316-1,1,0,0.720308223856183,1,1,99,0,199.7203082238562,1,1. M316-1 - Abdi Ismail muhumed,0,0.8763635899948558,999,99,Abdi Hasan Nur,2,5,,M316-2,0,0,0.6618887636667903,2,99,99,0,0.6618887636667903,1,2. M316-2 - Abdi Hasan Nur,0,0.3126451291584772,999,99,Fadha abdi hamud,1,6,,M316-3,0,1,0.6534369532131595,3,99,1,0,99.65343695321316,1,3. M316-3 - Fadha abdi hamud,0,0.6297630198315994,999,99,Bare mahamud omer,2,3,,M316-4,1,0,0.13425967068494493,4,1,99,0,199.13425967068494,1,4. M316-4 - Bare mahamud omer,0,0.9502271836455709,999,99,Roda mahamud abdulahi,1,6,,M316-5,0,1,0.715425947588091,5,99,1,0,99.71542594758809,1,5. M316-5 - Roda mahamud abdulahi,0,0.9887884540353826,999,99,Abdi muhumed Hasan,2,4,,M316-6,1,0,0.10465295839410149,6,1,99,0,199.1046529583941,1,6. M316-6 - Abdi muhumed Hasan,0,0.8168001466676493,999,99,Nure abdi Hasan,2,6,,M316-7,0,1,0.18285923256309045,7,99,1,0,99.18285923256309,1,7. M316-7 - Nure abdi Hasan,0,0.4138744869583606,999,99,Nasri abdirahman harari,1,6,,M316-8,0,1,0.565004361811147,8,99,1,0,99.56500436181115,1,8. M316-8 - Nasri abdirahman harari,0,0.9363404029235711,999,99,Nure Bashir muhumed,2,6,,M316-9,0,1,0.28014473394443296,9,99,1,0,99.28014473394444,1,9. M316-9 - Nure Bashir muhumed,0,0.2906736561423139,999,99,Amal isse der,1,6,,M316-10,0,1,0.5470701061939243,10,99,1,0,99.54707010619393,1,10. M316-10 - Amal isse der,0,0.5229569251737046,999,99,,,,,,,,,,,,,,,,,,,,,,,,,,,,,,,,,,,,,,,,,,,,,,,,,,,,,,,,,,,,,,,,,,,,,,,,,,,,,,,,,,,,,,,,,,,,,,,,,,,,,,,,,,,,,,,,,,,1,199.7203082238562 0.6618887636667903 99.65343695321316 199.13425967068494 99.71542594758809 199.1046529583941 99.18285923256309 99.56500436181115 99.28014473394444 99.54707010619393,1,4,6,5,3,8,1. M316_1 - Abdi Ismail muhumed,2. M316_2 - Bare mahamud omer,3. M316_3 - Abdi muhumed Hasan,4. M316_4 - Roda mahamud abdulahi,5. M316_5 - Fadha abdi hamud,6. M316_6 - Nasri abdirahman harari,,3,1 3 4 5 6 8,1. M316-1 - Abdi Ismail muhumed<br/>2. M316-2 - Abdi Hasan Nur<br/>3. M316-3 - Fadha abdi hamud<br/>4. M316-4 - Bare mahamud omer<br/>5. M316-5 - Roda mahamud abdulahi<br/>6. M316-6 - Abdi muhumed Hasan<br/>7. M316-7 - Nure abdi Hasan<br/>8. M316-8 - Nasri abdirahman harari<br/>9. M316-9 - Nure Bashir muhumed<br/>10. M316-10 - Amal isse der,6,,,,,,,,,,,,,No eligible spouse found.,0,,,uuid:52601d25-5b1e-4006-b515-23fc40dd7eca,2603230738,uuid:52601d25-5b1e-4006-b515-23fc40dd7eca
02-Apr-2026 20:49:55,01-Apr-2026 09:41:05,01-Apr-2026 17:26:46,70e4adbae02adb29,,llrp_team1,DOOGEE|T10W|14|SurveyCTO Collect 2.81.5 (387e45a),651,,Daniel,Mehamud,Mula,Mula 01_2,M317,Hawraarsan,10,HumanLed,#0a8f3c,6,6,Amina Ahmed  hassan,1,6,2,M317-1,0,1,0.9299872322418617,1,99,1,0,99.92998723224186,1,1. M317-1 - Amina Ahmed  hassan,0,0.45973423260267066,999,99,Fardusa mahamed qorane,1,6,2,M317-2,0,1,0.2539142382575913,2,99,1,0,99.2539142382576,1,2. M317-2 - Fardusa mahamed qorane,0,0.18314424701540555,999,99,Safiya Hasan abdulahi,1,3,1,M317-3,1,0,0.6267500629197844,3,1,99,0.5,200.1267500629198,1,3. M317-3 - Safiya Hasan abdulahi,1,0.3616073148079936,0.6267500629197844,1,Istahil qorane hirsi,1,1,1,M317-4,1,0,0.9739000397844564,4,1,99,0.5,200.47390003978447,1,4. M317-4 - Istahil qorane hirsi,1,0.3240788310518542,0.9739000397844564,1,Habsa abdi ahmed,1,6,2,M317-5,0,1,0.7315911262065562,5,99,1,0,99.73159112620655,1,5. M317-5 - Habsa abdi ahmed,0,0.10374449078361647,999,99,Qoresh sharif omer,1,5,2,M317-6,0,0,0.8328649941444,6,99,99,0,0.8328649941444,1,6. M317-6 - Qoresh sharif omer,0,0.5998546134190229,999,99,,,,,,,,,,,,,,,,,,,,,,,,,,,,,,,,,,,,,,,,,,,,,,,,,,,,,,,,,,,,,,,,,,,,,,,,,,,,,,,,,,,,,,,,,,,,,,,,,,,,,,,,,,,,,,,,,,,,,,,,,,,,,,,,,,,,,,,,,,,,,,,,,,,,,,,,,,,,,,,,,,,,,,,,,,,,,,,,,,,,,,,,,,,,,,,1,99.92998723224186 99.2539142382576 200.1267500629198 200.47390003978447 99.73159112620655 0.8328649941444,4,3,1,5,2,6,1. M317_1 - Istahil qorane hirsi,2. M317_2 - Safiya Hasan abdulahi,3. M317_3 - Amina Ahmed  hassan,4. M317_4 - Habsa abdi ahmed,5. M317_5 - Fardusa mahamed qorane,6. M317_6 - Qoresh sharif omer,0.6267500629197844 0.9739000397844564,2,1 2 3 4 5 6,1. M317-1 - Amina Ahmed  hassan<br/>2. M317-2 - Fardusa mahamed qorane<br/>3. M317-3 - Safiya Hasan abdulahi<br/>4. M317-4 - Istahil qorane hirsi<br/>5. M317-5 - Habsa abdi ahmed<br/>6. M317-6 - Qoresh sharif omer,6,4,3,,Istahil qorane hirsi,Safiya Hasan abdulahi,,1. Istahil qorane hirsi (Husband to be interviewed)<br/>,2. Safiya Hasan abdulahi (Husband to be interviewed)<br/>,,,,,Husbands of Istahil qorane hirsi and Safiya Hasan abdulahi must be interviewed.,2,,⚠ Spouse interview required,uuid:895e171b-7566-4b0f-b8b8-004267285074,2603230738,uuid:895e171b-7566-4b0f-b8b8-004267285074
02-Apr-2026 21:24:03,02-Apr-2026 12:31:35,02-Apr-2026 12:37:34,43563d0bd9b9000f,,llrp_team1,samsung|SM-X115|16|SurveyCTO Collect 2.81.5 (387e45a),359,,Wesen,Abbe,Guradamole,Labiley_1,M211,Hormuud,12,Control,#d60000,8,8,Mahamud mahamed farah,2,5,,M211-1,0,0,0.8125587571289813,1,99,99,0,0.8125587571289813,1,1. M211-1 - Mahamud mahamed farah,0,0.06453588987539927,999,99,Irshad mahamed nur,2,6,,M211-2,0,1,0.8371900831604756,2,99,1,0,99.83719008316048,1,2. M211-2 - Irshad mahamed nur,0,0.6123554795486912,999,99,Hussen gean mamo,2,6,,M211-3,0,1,0.34964651624407617,3,99,1,0,99.34964651624408,1,3. M211-3 - Hussen gean mamo,0,0.3783080279285458,999,99,Abdulahi salad ayanle,2,6,,M211-4,0,1,0.8183608483333856,4,99,1,0,99.81836084833338,1,4. M211-4 - Abdulahi salad ayanle,0,0.6875237636647709,999,99,Hussen jama nur,2,6,,M211-5,0,1,0.19477496867063282,5,99,1,0,99.19477496867063,1,5. M211-5 - Hussen jama nur,0,0.47106373746471764,999,99,Hassan nur jama,2,6,,M211-6,0,1,0.5159435346113929,6,99,1,0,99.5159435346114,1,6. M211-6 - Hassan nur jama,0,0.4213611864979241,999,99,Arish olow tube,1,6,,M211-7,0,1,0.9197370017654151,7,99,1,0,99.91973700176541,1,7. M211-7 - Arish olow tube,0,0.6938132055701883,999,99,Abdiwali mahamed roble,2,6,,M211-8,0,1,0.8689784650935126,8,99,1,0,99.86897846509352,1,8. M211-8 - Abdiwali mahamed roble,0,0.8859786292814938,999,99,,,,,,,,,,,,,,,,,,,,,,,,,,,,,,,,,,,,,,,,,,,,,,,,,,,,,,,,,,,,,,,,,,,,,,,,,,,,,,,,,,,,,,,,,,,,,,,,,,,,,,,,,,,,,,,,,,,,,,,,,,,,,,,,,,,,,,,,,,,,,,,,,,,,,,,,,0,0.8125587571289813 99.83719008316048 99.34964651624408 99.81836084833338 99.19477496867063 99.5159435346114 99.91973700176541 99.86897846509352,7,8,2,4,6,3,1. M211_1 - Arish olow tube,2. M211_2 - Abdiwali mahamed roble,3. M211_3 - Irshad mahamed nur,4. M211_4 - Abdulahi salad ayanle,5. M211_5 - Hassan nur jama,6. M211_6 - Hussen gean mamo,,0,2 3 4 6 7 8,1. M211-1 - Mahamud mahamed farah<br/>2. M211-2 - Irshad mahamed nur<br/>3. M211-3 - Hussen gean mamo<br/>4. M211-4 - Abdulahi salad ayanle<br/>5. M211-5 - Hussen jama nur<br/>6. M211-6 - Hassan nur jama<br/>7. M211-7 - Arish olow tube<br/>8. M211-8 - Abdiwali mahamed roble,6,,,,,,,,,,,,,No eligible spouse found.,0,,,uuid:f9c7243b-2848-4c81-a018-45e28f0386ce,2603230738,uuid:f9c7243b-2848-4c81-a018-45e28f0386ce
02-Apr-2026 21:25:00,31-Mar-2026 14:09:57,02-Apr-2026 21:20:47,57b11f490a25fce6,,llrp_team1,samsung|SM-X115|15|SurveyCTO Collect 2.81.5 (387e45a),560,,Daniel,Hasen,Mula,Golbaciid_1,M313,Hodan livestock and fattening,10,HumanLed,#0a8f3c,8,8,Dubad ali dahir,2,1,,M313-1,1,0,0.19183603507514813,1,1,99,0,199.19183603507514,1,1. M313-1 - Dubad ali dahir,0,0.26837905144270946,999,99,Hasen jama dayib,2,6,,M313-2,0,1,0.8526411759507746,2,99,1,0,99.85264117595078,1,2. M313-2 - Hasen jama dayib,0,0.8678582244834248,999,99,Yusuf dahir ali,2,5,,M313-3,0,0,0.8588764213018772,3,99,99,0,0.8588764213018772,1,3. M313-3 - Yusuf dahir ali,0,0.28515647828151425,999,99,Abdi dahir ali,2,6,,M313-4,0,1,0.5792761716101935,4,99,1,0,99.57927617161019,1,4. M313-4 - Abdi dahir ali,0,0.9203244911640884,999,99,Abdullahi kalif abdi,2,6,,M313-5,0,1,0.4140361405690558,5,99,1,0,99.41403614056905,1,5. M313-5 - Abdullahi kalif abdi,0,0.107894079771368,999,99,Ardo mahamed baynah,1,6,1,M313-6,0,1,0.5652323466786993,6,99,1,0.5,100.0652323466787,1,6. M313-6 - Ardo mahamed baynah,1,0.6332484437067468,0.5652323466786993,1,Amina muhumed shide,1,3,1,M313-7,1,0,0.8723899146634337,7,1,99,0.5,200.37238991466344,1,7. M313-7 - Amina muhumed shide,1,0.9669566655599355,0.8723899146634337,1,Safi ahmed kilas,1,6,1,M313-8,0,1,0.8666787913076276,8,99,1,0.5,100.36667879130762,1,8. M313-8 - Safi ahmed kilas,1,0.7331536250484398,0.8666787913076276,1,,,,,,,,,,,,,,,,,,,,,,,,,,,,,,,,,,,,,,,,,,,,,,,,,,,,,,,,,,,,,,,,,,,,,,,,,,,,,,,,,,,,,,,,,,,,,,,,,,,,,,,,,,,,,,,,,,,,,,,,,,,,,,,,,,,,,,,,,,,,,,,,,,,,,,,,,1,199.19183603507514 99.85264117595078 0.8588764213018772 99.57927617161019 99.41403614056905 100.0652323466787 200.37238991466344 100.36667879130762,7,1,8,6,2,4,1. M313_1 - Amina muhumed shide,2. M313_2 - Dubad ali dahir,3. M313_3 - Safi ahmed kilas,4. M313_4 - Ardo mahamed baynah,5. M313_5 - Hasen jama dayib,6. M313_6 - Abdi dahir ali,0.5652323466786993 0.8723899146634337 0.8666787913076276,2,1 2 4 6 7 8,1. M313-1 - Dubad ali dahir<br/>2. M313-2 - Hasen jama dayib<br/>3. M313-3 - Yusuf dahir ali<br/>4. M313-4 - Abdi dahir ali<br/>5. M313-5 - Abdullahi kalif abdi<br/>6. M313-6 - Ardo mahamed baynah<br/>7. M313-7 - Amina muhumed shide<br/>8. M313-8 - Safi ahmed kilas,6,7,8,6,Amina muhumed shide,Safi ahmed kilas,Ardo mahamed baynah,1. Amina muhumed shide (Husband to be interviewed)<br/>,,3. Safi ahmed kilas (Husband to be interviewed)<br/>,4. Ardo mahamed baynah (Husband to be interviewed)<br/>,,,"Husbands of Amina muhumed shide, Safi ahmed kilas and Ardo mahamed baynah must be interviewed (one may serve as replacement).",3,Ardo mahamed baynah (Replacement),⚠ Spouse interview required,uuid:311ed0bd-d71b-463a-96d6-0705032dd33e,2603230738,uuid:311ed0bd-d71b-463a-96d6-0705032dd33e
02-Apr-2026 21:25:03,01-Apr-2026 10:25:39,02-Apr-2026 21:21:00,57b11f490a25fce6,,llrp_team1,samsung|SM-X115|15|SurveyCTO Collect 2.81.5 (387e45a),793,,Daniel,Hasen,Mula,Mula 02_3,M320,Haybis,12,HumanLed,#0a8f3c,8,8,Ikran ali awrashid,1,6,1,M320-1,0,1,0.48816691855960415,1,99,1,0.5,99.9881669185596,1,1. M320-1 - Ikran ali awrashid,1,0.6338210794611483,0.48816691855960415,1,Maryama deek muhumed,2,6,,M320-2,0,1,0.33066550830832864,2,99,1,0,99.33066550830833,1,2. M320-2 - Maryama deek muhumed,0,0.4798188968957041,999,99,Fadxa muhuyadin sheek,1,6,2,M320-3,0,1,0.2980946914756061,3,99,1,0,99.29809469147561,1,3. M320-3 - Fadxa muhuyadin sheek,0,0.7601194067233606,999,99,Fatiya abdi mahamud,1,2,1,M320-4,0,0,0.9010852086001837,4,99,99,0.5,1.4010852086001837,1,4. M320-4 - Fatiya abdi mahamud,0,0.388828746322083,999,99,Raaho abdi hasen,1,6,1,M320-5,0,1,0.9161458241760041,5,99,1,0.5,100.416145824176,1,5. M320-5 - Raaho abdi hasen,1,0.19351863606082065,0.9161458241760041,1,"Kabula hasen awma,alin",1,6,1,M320-6,0,1,0.2863496081202701,6,99,1,0.5,99.78634960812028,1,"6. M320-6 - Kabula hasen awma,alin",1,0.6014548218763244,0.2863496081202701,1,Maryama muhumed askar,1,1,1,M320-7,1,0,0.45002925539748984,7,1,99,0.5,199.95002925539748,1,7. M320-7 - Maryama muhumed askar,1,0.1891656369375555,0.45002925539748984,1,Kaltuma ali guuled,1,6,1,M320-8,0,1,0.43862203361542607,8,99,1,0.5,99.93862203361543,1,8. M320-8 - Kaltuma ali guuled,1,0.7335348471576825,0.43862203361542607,1,,,,,,,,,,,,,,,,,,,,,,,,,,,,,,,,,,,,,,,,,,,,,,,,,,,,,,,,,,,,,,,,,,,,,,,,,,,,,,,,,,,,,,,,,,,,,,,,,,,,,,,,,,,,,,,,,,,,,,,,,,,,,,,,,,,,,,,,,,,,,,,,,,,,,,,,,1,99.9881669185596 99.33066550830833 99.29809469147561 1.4010852086001837 100.416145824176 99.78634960812028 199.95002925539748 99.93862203361543,7,5,1,8,6,2,1. M320_1 - Maryama muhumed askar,2. M320_2 - Raaho abdi hasen,3. M320_3 - Ikran ali awrashid,4. M320_4 - Kaltuma ali guuled,"5. M320_5 - Kabula hasen awma,alin",6. M320_6 - Maryama deek muhumed,0.48816691855960415 0.9161458241760041 0.2863496081202701 0.45002925539748984 0.43862203361542607,1,1 2 5 6 7 8,"1. M320-1 - Ikran ali awrashid<br/>2. M320-2 - Maryama deek muhumed<br/>3. M320-3 - Fadxa muhuyadin sheek<br/>4. M320-4 - Fatiya abdi mahamud<br/>5. M320-5 - Raaho abdi hasen<br/>6. M320-6 - Kabula hasen awma,alin<br/>7. M320-7 - Maryama muhumed askar<br/>8. M320-8 - Kaltuma ali guuled",6,5,1,7,Raaho abdi hasen,Ikran ali awrashid,Maryama muhumed askar,1. Maryama muhumed askar (Husband to be interviewed)<br/>,2. Raaho abdi hasen (Husband to be interviewed)<br/>,3. Ikran ali awrashid (Husband to be interviewed)<br/>,,,,"Husbands of Raaho abdi hasen, Ikran ali awrashid and Maryama muhumed askar must be interviewed (one may serve as replacement).",3,Maryama muhumed askar (Replacement),⚠ Spouse interview required,uuid:7c77ab31-4b7c-47e4-8ce2-2b8ee7c70512,2603230738,uuid:7c77ab31-4b7c-47e4-8ce2-2b8ee7c70512
02-Apr-2026 22:19:42,02-Apr-2026 12:29:00,02-Apr-2026 21:28:53,f9d6a239f0ca8566,,llrp_team1,samsung|SM-X115|15|SurveyCTO Collect 2.81.5 (387e45a),732,,Wesen,Mahamed,Guradamole,Tutow_1,M209,tutow tawakal,12,TechLed,#1f4bd6,10,10,Hussen Ayanle Bulish,2,1,,M209-1,1,0,0.29331495494042603,1,1,99,0,199.29331495494043,1,1. M209-1 - Hussen Ayanle Bulish,0,0.25924028658809206,999,99,Farah Warlawe Husen,2,2,,M209-2,0,0,0.8536151360098483,2,99,99,0,0.8536151360098483,1,2. M209-2 - Farah Warlawe Husen,0,0.6453849171114823,999,99,Abdullahi mahamud Siyad,2,6,,M209-3,0,1,0.03022800562695016,3,99,1,0,99.03022800562695,1,3. M209-3 - Abdullahi mahamud Siyad,0,0.6305364315389076,999,99,Kansey  Ali Nur,2,6,,M209-4,0,1,0.5901475447990426,4,99,1,0,99.59014754479904,1,4. M209-4 - Kansey  Ali Nur,0,0.7734879576436843,999,99,Keyro Omer Guled,1,6,1,M209-5,0,1,0.1420409760850273,5,99,1,0.5,99.64204097608503,1,5. M209-5 - Keyro Omer Guled,1,0.988612478077001,0.1420409760850273,1,Abdullahi  Aden Tuki,2,6,,M209-6,0,1,0.46024915792924714,6,99,1,0,99.46024915792924,1,6. M209-6 - Abdullahi  Aden Tuki,0,0.9031266017009777,999,99,Run Ali Guled,1,6,1,M209-7,0,1,0.7236052535686543,7,99,1,0.5,100.22360525356865,1,7. M209-7 - Run Ali Guled,1,0.04919639336600379,0.7236052535686543,1,Halimo  Nouh Duale,1,6,1,M209-8,0,1,0.20188413957937357,8,99,1,0.5,99.70188413957938,1,8. M209-8 - Halimo  Nouh Duale,1,0.3358163183056351,0.20188413957937357,1,Yusuf  Salah Roble,2,6,,M209-9,0,1,0.6317138948546523,9,99,1,0,99.63171389485466,1,9. M209-9 - Yusuf  Salah Roble,0,0.7802476568404678,999,99,Ahmed Yasin Sheikmohamud,2,6,,M209-10,0,1,0.9120588701212002,10,99,1,0,99.9120588701212,1,10. M209-10 - Ahmed Yasin Sheikmohamud,0,0.2422340566845308,999,99,,,,,,,,,,,,,,,,,,,,,,,,,,,,,,,,,,,,,,,,,,,,,,,,,,,,,,,,,,,,,,,,,,,,,,,,,,,,,,,,,,,,,,,,,,,,,,,,,,,,,,,,,,,,,,,,,,,1,199.29331495494043 0.8536151360098483 99.03022800562695 99.59014754479904 99.64204097608503 99.46024915792924 100.22360525356865 99.70188413957938 99.63171389485466 99.9120588701212,1,7,10,8,5,9,1. M209_1 - Hussen Ayanle Bulish,2. M209_2 - Run Ali Guled,3. M209_3 - Ahmed Yasin Sheikmohamud,4. M209_4 - Halimo  Nouh Duale,5. M209_5 - Keyro Omer Guled,6. M209_6 - Yusuf  Salah Roble,0.1420409760850273 0.7236052535686543 0.20188413957937357,1,1 5 7 8 9 10,1. M209-1 - Hussen Ayanle Bulish<br/>2. M209-2 - Farah Warlawe Husen<br/>3. M209-3 - Abdullahi mahamud Siyad<br/>4. M209-4 - Kansey  Ali Nur<br/>5. M209-5 - Keyro Omer Guled<br/>6. M209-6 - Abdullahi  Aden Tuki<br/>7. M209-7 - Run Ali Guled<br/>8. M209-8 - Halimo  Nouh Duale<br/>9. M209-9 - Yusuf  Salah Roble<br/>10. M209-10 - Ahmed Yasin Sheikmohamud,6,7,8,5,Run Ali Guled,Halimo  Nouh Duale,Keyro Omer Guled,,2. Run Ali Guled (Husband to be interviewed)<br/>,,4. Halimo  Nouh Duale (Husband to be interviewed)<br/>,5. Keyro Omer Guled (Husband to be interviewed)<br/>,,"Husbands of Run Ali Guled, Halimo  Nouh Duale and Keyro Omer Guled must be interviewed (one may serve as replacement).",3,Keyro Omer Guled (Replacement),⚠ Spouse interview required,uuid:9ef7bd06-a91e-4cc3-be8b-730ead8a6f0d,2603230738,uuid:9ef7bd06-a91e-4cc3-be8b-730ead8a6f0d
02-Apr-2026 22:33:23,02-Apr-2026 13:18:30,02-Apr-2026 22:34:10,bbae1c343e73e9f2,,llrp_team1,Lenovo|Lenovo TB-8504F|8.1.0|SurveyCTO Collect 2.81.5 (387e45a),1879,,Daniel,Jabir,Duhun,Barmiil_1,M130,Shamis,14,TechLed,#1f4bd6,12,12,Kalsumo Sherif Ahmed,1,6,1,M130-1,0,1,0.37805173973072037,1,99,1,0.5,99.87805173973072,1,1. M130-1 - Kalsumo Sherif Ahmed,0,0.04132220345741722,999,99,Shugriya Mursal Adan,1,6,1,M130-2,0,1,0.2954615242172046,2,99,1,0.5,99.7954615242172,1,2. M130-2 - Shugriya Mursal Adan,0,0.6501870992234863,999,99,Suleka Mohammud Wali,1,6,1,M130-3,0,1,0.7747500357121219,3,99,1,0.5,100.27475003571212,1,3. M130-3 - Suleka Mohammud Wali,1,0.30894102170899396,0.7747500357121219,1,Rukiya Abdi Omer,1,6,2,M130-4,0,1,0.21788589917352863,4,99,1,0,99.21788589917352,1,4. M130-4 - Rukiya Abdi Omer,0,0.22315422729803436,999,99,Ardo Tahir Arbe,1,6,2,M130-5,0,1,0.38663878941296514,5,99,1,0,99.38663878941297,1,5. M130-5 - Ardo Tahir Arbe,0,0.3540724657233645,999,99,Umalkeyr Mohamed Ahmed,1,6,1,M130-6,0,1,0.3967964926302414,6,99,1,0.5,99.89679649263024,1,6. M130-6 - Umalkeyr Mohamed Ahmed,1,0.34154656260655347,0.3967964926302414,1,Zaynab Mohamed Kahin,1,6,1,M130-7,0,1,0.39402972352268917,7,99,1,0.5,99.89402972352269,1,7. M130-7 - Zaynab Mohamed Kahin,1,0.8611259960834192,0.39402972352268917,1,Farhan Ahmed Abdi,2,1,,M130-8,1,0,0.8700970328061182,8,1,99,0,199.87009703280611,1,8. M130-8 - Farhan Ahmed Abdi,0,0.8315989693170429,999,99,Ismail Abdinur Jibril,2,3,,M130-9,1,0,0.513297529674807,9,1,99,0,199.51329752967482,1,9. M130-9 - Ismail Abdinur Jibril,0,0.2372275127522515,999,99,Fadumo Hassen Dabeye,1,6,2,M130-10,0,1,0.8144457191122151,10,99,1,0,99.81444571911221,1,10. M130-10 - Fadumo Hassen Dabeye,0,0.7589830000319382,999,99,Rukiya Dalhe Nuh,1,6,1,M130-11,0,1,0.7529469748017313,11,99,1,0.5,100.25294697480173,1,11. M130-11 - Rukiya Dalhe Nuh,1,0.7190892173144492,0.7529469748017313,1,Dudi Mohamed Ise,1,6,1,M130-12,0,1,0.04121391475689695,12,99,1,0.5,99.5412139147569,1,12. M130-12 - Dudi Mohamed Ise,0,0.34660183985212745,999,99,,,,,,,,,,,,,,,,,,,,,,,,,,,,,,,,,,,,,,,,,,,,,,,,,,,,,,,,,,,,,,,,,,,,,,,,,,,,,1,99.87805173973072 99.7954615242172 100.27475003571212 99.21788589917352 99.38663878941297 99.89679649263024 99.89402972352269 199.87009703280611 199.51329752967482 99.81444571911221 100.25294697480173 99.5412139147569,8,9,3,11,6,7,1. M130_1 - Farhan Ahmed Abdi,2. M130_2 - Ismail Abdinur Jibril,3. M130_3 - Suleka Mohammud Wali,4. M130_4 - Rukiya Dalhe Nuh,5. M130_5 - Umalkeyr Mohamed Ahmed,6. M130_6 - Zaynab Mohamed Kahin,0.7747500357121219 0.3967964926302414 0.39402972352268917 0.7529469748017313,2,3 6 7 8 9 11,1. M130-1 - Kalsumo Sherif Ahmed<br/>2. M130-2 - Shugriya Mursal Adan<br/>3. M130-3 - Suleka Mohammud Wali<br/>4. M130-4 - Rukiya Abdi Omer<br/>5. M130-5 - Ardo Tahir Arbe<br/>6. M130-6 - Umalkeyr Mohamed Ahmed<br/>7. M130-7 - Zaynab Mohamed Kahin<br/>8. M130-8 - Farhan Ahmed Abdi<br/>9. M130-9 - Ismail Abdinur Jibril<br/>10. M130-10 - Fadumo Hassen Dabeye<br/>11. M130-11 - Rukiya Dalhe Nuh<br/>12. M130-12 - Dudi Mohamed Ise,6,3,11,6,Suleka Mohammud Wali,Rukiya Dalhe Nuh,Umalkeyr Mohamed Ahmed,,,3. Suleka Mohammud Wali (Husband to be interviewed)<br/>,4. Rukiya Dalhe Nuh (Husband to be interviewed)<br/>,5. Umalkeyr Mohamed Ahmed (Husband to be interviewed)<br/>,,"Husbands of Suleka Mohammud Wali, Rukiya Dalhe Nuh and Umalkeyr Mohamed Ahmed must be interviewed (one may serve as replacement).",3,Umalkeyr Mohamed Ahmed (Replacement),⚠ Spouse interview required,uuid:811c89da-32c3-480c-83a1-fe4ec421e46f,2603230738,uuid:811c89da-32c3-480c-83a1-fe4ec421e46f
02-Apr-2026 22:51:53,31-Mar-2026 14:23:07,02-Apr-2026 22:43:50,7697c74e25302763,,llrp_team1,samsung|SM-X115|15|SurveyCTO Collect 2.81.5 (387e45a),703,,Daniel,Idil,Mula,Mula 02_2,M319,Badhaadhe,10,TechLed,#1f4bd6,9,9,Khahe Ibrahim osman,1,6,2,M319-1,0,1,0.7521432711486693,1,99,1,0,99.75214327114867,1,1. M319-1 - Khahe Ibrahim osman,0,0.9404462500736829,999,99,Aneb abdi mursal,1,6,2,M319-2,0,1,0.11259505075919696,2,99,1,0,99.1125950507592,1,2. M319-2 - Aneb abdi mursal,0,0.3775883934448162,999,99,Halimo shekmuhumed sherabdulahi,1,1,1,M319-3,1,0,0.3613884514183995,3,1,99,0.5,199.8613884514184,1,3. M319-3 - Halimo shekmuhumed sherabdulahi,1,0.8061455889055574,0.3613884514183995,1,Raho shukri Adan,1,6,2,M319-4,0,1,0.5633087498669904,4,99,1,0,99.56330874986699,1,4. M319-4 - Raho shukri Adan,0,0.8729874942182356,999,99,Sahra mahad muhummed,1,2,1,M319-5,0,0,0.31592434707369677,5,99,99,0.5,0.8159243470736968,1,5. M319-5 - Sahra mahad muhummed,0,0.2835763417608317,999,99,Halimo muktar mohamed,1,6,1,M319-6,0,1,0.13806574046731757,6,99,1,0.5,99.63806574046731,1,6. M319-6 - Halimo muktar mohamed,1,0.1896606838886149,0.13806574046731757,1,Hawa abdi  ismail,1,3,1,M319-7,1,0,0.3127249591362905,7,1,99,0.5,199.8127249591363,1,7. M319-7 - Hawa abdi  ismail,1,0.577363151667936,0.3127249591362905,1,Fadumo abdi Ahmed,1,6,1,M319-8,0,1,0.49824310739852296,8,99,1,0.5,99.99824310739852,1,8. M319-8 - Fadumo abdi Ahmed,1,0.6108271240426084,0.49824310739852296,1,Amran mohamed muhummed,1,6,1,M319-9,0,1,0.12290417285566069,9,99,1,0.5,99.62290417285566,1,9. M319-9 - Amran mohamed muhummed,1,0.7231239762398889,0.12290417285566069,1,,,,,,,,,,,,,,,,,,,,,,,,,,,,,,,,,,,,,,,,,,,,,,,,,,,,,,,,,,,,,,,,,,,,,,,,,,,,,,,,,,,,,,,,,,,,,,,,,,,,,,,,,,,,,,,,,,,,,,,,,,,,,,,,,,,,,,1,99.75214327114867 99.1125950507592 199.8613884514184 99.56330874986699 0.8159243470736968 99.63806574046731 199.8127249591363 99.99824310739852 99.62290417285566,3,7,8,1,6,9,1. M319_1 - Halimo shekmuhumed sherabdulahi,2. M319_2 - Hawa abdi  ismail,3. M319_3 - Fadumo abdi Ahmed,4. M319_4 - Khahe Ibrahim osman,5. M319_5 - Halimo muktar mohamed,6. M319_6 - Amran mohamed muhummed,0.3613884514183995 0.13806574046731757 0.3127249591362905 0.49824310739852296 0.12290417285566069,2,1 3 6 7 8 9,1. M319-1 - Khahe Ibrahim osman<br/>2. M319-2 - Aneb abdi mursal<br/>3. M319-3 - Halimo shekmuhumed sherabdulahi<br/>4. M319-4 - Raho shukri Adan<br/>5. M319-5 - Sahra mahad muhummed<br/>6. M319-6 - Halimo muktar mohamed<br/>7. M319-7 - Hawa abdi  ismail<br/>8. M319-8 - Fadumo abdi Ahmed<br/>9. M319-9 - Amran mohamed muhummed,6,8,3,7,Fadumo abdi Ahmed,Halimo shekmuhumed sherabdulahi,Hawa abdi  ismail,1. Halimo shekmuhumed sherabdulahi (Husband to be interviewed)<br/>,2. Hawa abdi  ismail (Husband to be interviewed)<br/>,3. Fadumo abdi Ahmed (Husband to be interviewed)<br/>,,,,"Husbands of Fadumo abdi Ahmed, Halimo shekmuhumed sherabdulahi and Hawa abdi  ismail must be interviewed (one may serve as replacement).",3,Hawa abdi  ismail (Replacement),⚠ Spouse interview required,uuid:84869ebc-b6b1-46d9-b532-89e01ac08f0a,2603230738,uuid:84869ebc-b6b1-46d9-b532-89e01ac08f0a
02-Apr-2026 23:13:58,02-Apr-2026 13:48:13,02-Apr-2026 13:54:47,8e28ba7f870e07da,,llrp_team1,samsung|SM-X115|16|SurveyCTO Collect 2.81.5 (387e45a),389,,Wesen,Abdinasir,Guradamole,Qundi_1,M210,Himilo Qundhi,12,Control,#d60000,9,9,Foos Mohamed Mohamud,1,6,,M210-1,0,1,0.5895401812217864,1,99,1,0,99.58954018122179,1,1. M210-1 - Foos Mohamed Mohamud,0,0.8609049378513098,999,99,Mohamed jama geedi,2,1,,M210-2,1,0,0.19890154084750566,2,1,99,0,199.19890154084752,1,2. M210-2 - Mohamed jama geedi,0,0.550492124529438,999,99,Naima Yusuf Haji,1,3,,M210-3,1,0,0.21485061134253636,3,1,99,0,199.21485061134254,1,3. M210-3 - Naima Yusuf Haji,0,0.729322724778963,999,99,Ladan Ibrahim Ali,1,6,,M210-4,0,1,0.6012056255448234,4,99,1,0,99.60120562554482,1,4. M210-4 - Ladan Ibrahim Ali,0,0.4236741404811436,999,99,Halimo Sahal Dabar,1,6,,M210-5,0,1,0.3573986281518896,5,99,1,0,99.35739862815188,1,5. M210-5 - Halimo Sahal Dabar,0,0.4781861115404943,999,99,Abdullahi Ahmed Nur,2,6,,M210-6,0,1,0.15314569529140265,6,99,1,0,99.1531456952914,1,6. M210-6 - Abdullahi Ahmed Nur,0,0.129774359441151,999,99,Ubah Gure Roble,1,6,,M210-7,0,1,0.47059149331274097,7,99,1,0,99.47059149331274,1,7. M210-7 - Ubah Gure Roble,0,0.3443522035828015,999,99,Halimo Mohamed Adow,1,6,,M210-8,0,1,0.7231533198588815,8,99,1,0,99.72315331985888,1,8. M210-8 - Halimo Mohamed Adow,0,0.9014333320558573,999,99,Fatuma Mohamud Ali,1,5,,M210-9,0,0,0.07148379559894424,9,99,99,0,0.07148379559894424,1,9. M210-9 - Fatuma Mohamud Ali,0,0.6436996318123969,999,99,,,,,,,,,,,,,,,,,,,,,,,,,,,,,,,,,,,,,,,,,,,,,,,,,,,,,,,,,,,,,,,,,,,,,,,,,,,,,,,,,,,,,,,,,,,,,,,,,,,,,,,,,,,,,,,,,,,,,,,,,,,,,,,,,,,,,,1,99.58954018122179 199.19890154084752 199.21485061134254 99.60120562554482 99.35739862815188 99.1531456952914 99.47059149331274 99.72315331985888 0.07148379559894424,3,2,8,4,1,7,1. M210_1 - Naima Yusuf Haji,2. M210_2 - Mohamed jama geedi,3. M210_3 - Halimo Mohamed Adow,4. M210_4 - Ladan Ibrahim Ali,5. M210_5 - Foos Mohamed Mohamud,6. M210_6 - Ubah Gure Roble,,2,1 2 3 4 7 8,1. M210-1 - Foos Mohamed Mohamud<br/>2. M210-2 - Mohamed jama geedi<br/>3. M210-3 - Naima Yusuf Haji<br/>4. M210-4 - Ladan Ibrahim Ali<br/>5. M210-5 - Halimo Sahal Dabar<br/>6. M210-6 - Abdullahi Ahmed Nur<br/>7. M210-7 - Ubah Gure Roble<br/>8. M210-8 - Halimo Mohamed Adow<br/>9. M210-9 - Fatuma Mohamud Ali,6,,,,,,,,,,,,,No eligible spouse found.,0,,,uuid:dbff4e5f-ba8d-4df7-bf65-252eaab8fff3,2603230738,uuid:dbff4e5f-ba8d-4df7-bf65-252eaab8fff3
03-Apr-2026 05:46:34,02-Apr-2026 09:31:53,02-Apr-2026 09:40:14,6b74f9d4edaa4c9a,,llrp_team1,samsung|SM-X115|15|SurveyCTO Collect 2.81.5 (387e45a),501,,Anteneh,Mahamed,marsin,marsin 02_2,M288,tayasiir,8,HumanLed,#0a8f3c,8,8,Kadra miyir farah,1,4,2,M288-1,1,0,0.23698811232223904,1,1,99,0,199.23698811232225,1,1. M288-1 - Kadra miyir farah,0,0.44739873699305444,999,99,Fardawsa dek farah,1,3,1,M288-2,1,0,0.5277405276946121,2,1,99,0.5,200.02774052769462,1,2. M288-2 - Fardawsa dek farah,1,0.4844743856459168,0.5277405276946121,1,Kadra abdi warfa,1,6,2,M288-3,0,1,0.8036182785705973,3,99,1,0,99.8036182785706,1,3. M288-3 - Kadra abdi warfa,0,0.5380925150579656,999,99,Suhayra abdi farah,1,6,2,M288-4,0,1,0.5876497322616524,4,99,1,0,99.58764973226165,1,4. M288-4 - Suhayra abdi farah,0,0.7130334545389757,999,99,Kaldek abdi muhumed,2,6,,M288-5,0,1,0.057863100173255355,5,99,1,0,99.05786310017325,1,5. M288-5 - Kaldek abdi muhumed,0,0.3115000003819093,999,99,Ahmed dayib farah,2,5,,M288-6,0,0,0.6176787316265612,6,99,99,0,0.6176787316265612,1,6. M288-6 - Ahmed dayib farah,0,0.4268035658882333,999,99,Kadar asad tarabi,2,1,,M288-7,1,0,0.3646079968988203,7,1,99,0,199.36460799689883,1,7. M288-7 - Kadar asad tarabi,0,0.992474496805172,999,99,Ayan abdi hasan,1,6,2,M288-8,0,1,0.4827304021097881,8,99,1,0,99.4827304021098,1,8. M288-8 - Ayan abdi hasan,0,0.6694783834604661,999,99,,,,,,,,,,,,,,,,,,,,,,,,,,,,,,,,,,,,,,,,,,,,,,,,,,,,,,,,,,,,,,,,,,,,,,,,,,,,,,,,,,,,,,,,,,,,,,,,,,,,,,,,,,,,,,,,,,,,,,,,,,,,,,,,,,,,,,,,,,,,,,,,,,,,,,,,,1,199.23698811232225 200.02774052769462 99.8036182785706 99.58764973226165 99.05786310017325 0.6176787316265612 199.36460799689883 99.4827304021098,2,7,1,3,4,8,1. M288_1 - Fardawsa dek farah,2. M288_2 - Kadar asad tarabi,3. M288_3 - Kadra miyir farah,4. M288_4 - Kadra abdi warfa,5. M288_5 - Suhayra abdi farah,6. M288_6 - Ayan abdi hasan,0.5277405276946121,3,1 2 3 4 7 8,1. M288-1 - Kadra miyir farah<br/>2. M288-2 - Fardawsa dek farah<br/>3. M288-3 - Kadra abdi warfa<br/>4. M288-4 - Suhayra abdi farah<br/>5. M288-5 - Kaldek abdi muhumed<br/>6. M288-6 - Ahmed dayib farah<br/>7. M288-7 - Kadar asad tarabi <br/>8. M288-8 - Ayan abdi hasan,6,2,,,Fardawsa dek farah,,,1. Fardawsa dek farah (Husband to be interviewed)<br/>,,,,,,Husband of Fardawsa dek farah must be interviewed.,1,,⚠ Spouse interview required,uuid:33445e1a-c203-4694-8a27-a6dd060a1713,2603230738,uuid:33445e1a-c203-4694-8a27-a6dd060a1713
03-Apr-2026 06:56:39,02-Apr-2026 09:49:18,03-Apr-2026 06:54:06,8f3862932650ecd7,,llrp_team1,samsung|SM-X115|15|SurveyCTO Collect 2.81.4 (461ba40),711,,Anteneh,Mohamed,marsin,labihawle_1,M279,maanso,13,TechLed,#1f4bd6,11,11,Yousuf Ahmed Moalin,2,6,,M279-1,0,1,0.20044318683103624,1,99,1,0,99.20044318683104,1,1. M279-1 - Yousuf Ahmed Moalin,0,0.601034955859254,999,99,Halimo Mohamed Ahmed,1,3,2,M279-2,1,0,0.2878556746398825,2,1,99,0,199.28785567463987,1,2. M279-2 - Halimo Mohamed Ahmed,0,0.7225536975866507,999,99,Mahad hussein Mahamed,2,5,,M279-3,0,0,0.10139168275099975,3,99,99,0,0.10139168275099975,1,3. M279-3 - Mahad hussein Mahamed,0,0.2680301953557732,999,99,Amina Ibrahin Aidid,1,6,2,M279-4,0,1,0.08876428264501957,4,99,1,0,99.08876428264502,1,4. M279-4 - Amina Ibrahin Aidid,0,0.9448237878726596,999,99,Mahamed Mouhumed Mahamoud,2,6,,M279-5,0,1,0.26484682319115704,5,99,1,0,99.26484682319116,1,5. M279-5 - Mahamed Mouhumed Mahamoud,0,0.7907355349992621,999,99,Kauser Mahamoud Abdikarem,1,6,2,M279-6,0,1,0.552685700597575,6,99,1,0,99.55268570059758,1,6. M279-6 - Kauser Mahamoud Abdikarem,0,0.33086738105237745,999,99,Hassan sahardid hirsi,2,6,,M279-7,0,1,0.3428668461158205,7,99,1,0,99.34286684611583,1,7. M279-7 - Hassan sahardid hirsi,0,0.8652164174539854,999,99,Ayan Abdikadir yousuf,1,6,1,M279-8,0,1,0.42975840390421927,8,99,1,0.5,99.92975840390422,1,8. M279-8 - Ayan Abdikadir yousuf,1,0.8503836168845068,0.42975840390421927,1,Mahamoud Mahamed Omer,2,6,,M279-9,0,1,0.23259182759968333,9,99,1,0,99.23259182759968,1,9. M279-9 - Mahamoud Mahamed Omer,0,0.5943511442849577,999,99,Nasri Abdullahi Salah,1,6,2,M279-10,0,1,0.31211515077155283,10,99,1,0,99.31211515077155,1,10. M279-10 - Nasri Abdullahi Salah,0,0.37001888872447875,999,99,Kauser Mahamoud Suguleh,1,6,2,M279-11,0,1,0.34985207487172143,11,99,1,0,99.34985207487172,1,11. M279-11 - Kauser Mahamoud Suguleh,0,0.5916017067184719,999,99,,,,,,,,,,,,,,,,,,,,,,,,,,,,,,,,,,,,,,,,,,,,,,,,,,,,,,,,,,,,,,,,,,,,,,,,,,,,,,,,,,,,,,,,,,,,,,,,0,99.20044318683104 199.28785567463987 0.10139168275099975 99.08876428264502 99.26484682319116 99.55268570059758 99.34286684611583 99.92975840390422 99.23259182759968 99.31211515077155 99.34985207487172,2,8,6,11,7,10,1. M279_1 - Halimo Mohamed Ahmed,2. M279_2 - Ayan Abdikadir yousuf,3. M279_3 - Kauser Mahamoud Abdikarem,4. M279_4 - Kauser Mahamoud Suguleh,5. M279_5 - Hassan sahardid hirsi,6. M279_6 - Nasri Abdullahi Salah,0.42975840390421927,1,2 6 7 8 10 11,1. M279-1 - Yousuf Ahmed Moalin<br/>2. M279-2 - Halimo Mohamed Ahmed<br/>3. M279-3 - Mahad hussein Mahamed<br/>4. M279-4 - Amina Ibrahin Aidid<br/>5. M279-5 - Mahamed Mouhumed Mahamoud<br/>6. M279-6 - Kauser Mahamoud Abdikarem<br/>7. M279-7 - Hassan sahardid hirsi<br/>8. M279-8 - Ayan Abdikadir yousuf<br/>9. M279-9 - Mahamoud Mahamed Omer<br/>10. M279-10 - Nasri Abdullahi Salah<br/>11. M279-11 - Kauser Mahamoud Suguleh,6,8,,,Ayan Abdikadir yousuf,,,,2. Ayan Abdikadir yousuf (Husband to be interviewed)<br/>,,,,,Husband of Ayan Abdikadir yousuf must be interviewed.,1,,⚠ Spouse interview required,uuid:1db0c1b9-cf6a-4d62-b8e9-ed6177e1d466,2603230738,uuid:1db0c1b9-cf6a-4d62-b8e9-ed6177e1d466
03-Apr-2026 07:07:03,02-Apr-2026 09:42:14,02-Apr-2026 09:50:38,2ea1ffc601b2cdbf,,llrp_team1,samsung|SM-X115|14|SurveyCTO Collect 2.81.5 (387e45a),505,,Anteneh,Abdinasir,marsin,gonbise_1,M289,galduur,12,HumanLed,#0a8f3c,12,12,Ayanle ahmed hure,2,5,,M289-1,0,0,0.9581767715155223,1,99,99,0,0.9581767715155223,1,1. M289-1 - Ayanle ahmed hure,0,0.08342339246382724,999,99,Abdilahi mohamed said,2,6,,M289-2,0,1,0.2627287366683406,2,99,1,0,99.26272873666834,1,2. M289-2 - Abdilahi mohamed said,0,0.49525061552754646,999,99,Rukia sh/ahmed dayib,1,6,2,M289-3,0,1,0.4746069973491919,3,99,1,0,99.4746069973492,1,3. M289-3 - Rukia sh/ahmed dayib,0,0.5814512903252996,999,99,Tamad farah muhumed,1,6,2,M289-4,0,1,0.6972432246916735,4,99,1,0,99.69724322469168,1,4. M289-4 - Tamad farah muhumed,0,0.953267097213642,999,99,Amar dahir abshir,1,6,2,M289-5,0,1,0.780452035998183,5,99,1,0,99.78045203599818,1,5. M289-5 - Amar dahir abshir,0,0.34996781084337947,999,99,Hassan farah abdi,2,6,,M289-6,0,1,0.28951191356886763,6,99,1,0,99.28951191356887,1,6. M289-6 - Hassan farah abdi,0,0.04995675219795914,999,99,Yusuf ahmed hure,2,6,,M289-7,0,1,0.20805847076983242,7,99,1,0,99.20805847076983,1,7. M289-7 - Yusuf ahmed hure,0,0.3606895124552393,999,99,Bishar muhumed ali,2,6,,M289-8,0,1,0.8983623528761108,8,99,1,0,99.8983623528761,1,8. M289-8 - Bishar muhumed ali,0,0.007337199585374932,999,99,Sawda hure abdilahi,1,6,2,M289-9,0,1,0.9332812317111354,9,99,1,0,99.93328123171113,1,9. M289-9 - Sawda hure abdilahi,0,0.0017700865242806785,999,99,Hubi dahir ahmed,1,3,2,M289-10,1,0,0.20148720092914352,10,1,99,0,199.20148720092914,1,10. M289-10 - Hubi dahir ahmed,0,0.7587297859238696,999,99,Sayik hirsi mohamed,1,6,2,M289-11,0,1,0.4888587565478484,11,99,1,0,99.48885875654784,1,11. M289-11 - Sayik hirsi mohamed,0,0.6601895496381023,999,99,Hassan miyir farah,2,1,,M289-12,1,0,0.6997010445214518,12,1,99,0,199.69970104452145,1,12. M289-12 - Hassan miyir farah,0,0.7301942624525353,999,99,,,,,,,,,,,,,,,,,,,,,,,,,,,,,,,,,,,,,,,,,,,,,,,,,,,,,,,,,,,,,,,,,,,,,,,,,,,,,1,0.9581767715155223 99.26272873666834 99.4746069973492 99.69724322469168 99.78045203599818 99.28951191356887 99.20805847076983 99.8983623528761 99.93328123171113 199.20148720092914 99.48885875654784 199.69970104452145,12,10,9,8,5,4,1. M289_1 - Hassan miyir farah,2. M289_2 - Hubi dahir ahmed,3. M289_3 - Sawda hure abdilahi,4. M289_4 - Bishar muhumed ali,5. M289_5 - Amar dahir abshir,6. M289_6 - Tamad farah muhumed,,2,4 5 8 9 10 12,1. M289-1 - Ayanle ahmed hure<br/>2. M289-2 - Abdilahi mohamed said<br/>3. M289-3 - Rukia sh/ahmed dayib<br/>4. M289-4 - Tamad farah muhumed<br/>5. M289-5 - Amar dahir abshir<br/>6. M289-6 - Hassan farah abdi<br/>7. M289-7 - Yusuf ahmed hure<br/>8. M289-8 - Bishar muhumed ali<br/>9. M289-9 - Sawda hure abdilahi<br/>10. M289-10 - Hubi dahir ahmed<br/>11. M289-11 - Sayik hirsi mohamed<br/>12. M289-12 - Hassan miyir farah,6,,,,,,,,,,,,,No eligible spouse found.,0,,,uuid:77cd7ac9-e040-4ffc-84e8-d594228e9e20,2603230738,uuid:77cd7ac9-e040-4ffc-84e8-d594228e9e20
03-Apr-2026 07:07:04,01-Apr-2026 15:23:41,01-Apr-2026 15:31:41,2ea1ffc601b2cdbf,,llrp_team1,samsung|SM-X115|14|SurveyCTO Collect 2.81.5 (387e45a),478,,Anteneh,Abdinasir,Dig,Lafta Kala jeexa_1,M109,Habon,12,TechLed,#1f4bd6,6,6,Bashir ahmed jama,2,4,,M109-1,1,0,0.5661614571594923,1,1,99,0,199.5661614571595,1,1. M109-1 - Bashir ahmed jama,0,0.15635484753183782,999,99,Abdirahman mohamed mumin,2,1,,M109-2,1,0,0.3775754860524032,2,1,99,0,199.3775754860524,1,2. M109-2 - Abdirahman mohamed mumin,0,0.035625379433478765,999,99,Ahmed hussein ismail,2,6,,M109-3,0,1,0.7262270435933394,3,99,1,0,99.72622704359334,1,3. M109-3 - Ahmed hussein ismail,0,0.4870674711129904,999,99,Dudi ahmed farah,1,6,2,M109-4,0,1,0.8858045336336338,4,99,1,0,99.88580453363363,1,4. M109-4 - Dudi ahmed farah,0,0.060753406878331084,999,99,Nura hassan yare,1,6,1,M109-5,0,1,0.24704556459292193,5,99,1,0.5,99.74704556459292,1,5. M109-5 - Nura hassan yare,1,0.1295987696559988,0.24704556459292193,1,Amina ahmed farah,1,6,1,M109-6,0,1,0.8581343894413721,6,99,1,0.5,100.35813438944137,1,6. M109-6 - Amina ahmed farah,1,0.2650988170791775,0.8581343894413721,1,,,,,,,,,,,,,,,,,,,,,,,,,,,,,,,,,,,,,,,,,,,,,,,,,,,,,,,,,,,,,,,,,,,,,,,,,,,,,,,,,,,,,,,,,,,,,,,,,,,,,,,,,,,,,,,,,,,,,,,,,,,,,,,,,,,,,,,,,,,,,,,,,,,,,,,,,,,,,,,,,,,,,,,,,,,,,,,,,,,,,,,,,,,,,,,1,199.5661614571595 199.3775754860524 99.72622704359334 99.88580453363363 99.74704556459292 100.35813438944137,1,2,6,4,5,3,1. M109_1 - Bashir ahmed jama,2. M109_2 - Abdirahman mohamed mumin,3. M109_3 - Amina ahmed farah,4. M109_4 - Dudi ahmed farah,5. M109_5 - Nura hassan yare,6. M109_6 - Ahmed hussein ismail,0.24704556459292193 0.8581343894413721,2,1 2 3 4 5 6,1. M109-1 - Bashir ahmed jama<br/>2. M109-2 - Abdirahman mohamed mumin<br/>3. M109-3 - Ahmed hussein ismail<br/>4. M109-4 - Dudi ahmed farah<br/>5. M109-5 - Nura hassan yare<br/>6. M109-6 - Amina ahmed farah,6,6,5,,Amina ahmed farah,Nura hassan yare,,,,3. Amina ahmed farah (Husband to be interviewed)<br/>,,5. Nura hassan yare (Husband to be interviewed)<br/>,,Husbands of Amina ahmed farah and Nura hassan yare must be interviewed.,2,,⚠ Spouse interview required,uuid:012eead9-f9f9-4f54-8a03-74d473d8de12,2603230738,uuid:012eead9-f9f9-4f54-8a03-74d473d8de12
03-Apr-2026 07:07:05,01-Apr-2026 09:08:15,01-Apr-2026 09:15:13,2ea1ffc601b2cdbf,,llrp_team1,samsung|SM-X115|14|SurveyCTO Collect 2.81.5 (387e45a),415,,Anteneh,Abdinasir,Dig,Dig-03_1,M111,Hormud,10,HumanLed,#0a8f3c,6,6,Hodan hajihassen hussein,1,1,2,M111-1,1,0,0.38333058542789833,1,1,99,0,199.3833305854279,1,1. M111-1 - Hodan hajihassen hussein,0,0.3340054255873903,999,99,Dudi aden  muhumed,1,2,2,M111-2,0,0,0.45256710672781286,2,99,99,0,0.45256710672781286,1,2. M111-2 - Dudi aden  muhumed,0,0.9383894822487729,999,99,Sahra sheikhimran mohamed,1,6,2,M111-3,0,1,0.08903597361755233,3,99,1,0,99.08903597361756,1,3. M111-3 - Sahra sheikhimran mohamed,0,0.7547671142612863,999,99,Roda mohamud hassan,1,6,2,M111-4,0,1,0.8168857866717879,4,99,1,0,99.81688578667179,1,4. M111-4 - Roda mohamud hassan,0,0.6745599528018413,999,99,Nafisa abdisalan farah,1,5,2,M111-5,0,0,0.6778803474622825,5,99,99,0,0.6778803474622825,1,5. M111-5 - Nafisa abdisalan farah,0,0.09458616572582201,999,99,Keh hassan kalinle,1,6,2,M111-6,0,1,0.9287649250065079,6,99,1,0,99.9287649250065,1,6. M111-6 - Keh hassan kalinle,0,0.7791837789513835,999,99,,,,,,,,,,,,,,,,,,,,,,,,,,,,,,,,,,,,,,,,,,,,,,,,,,,,,,,,,,,,,,,,,,,,,,,,,,,,,,,,,,,,,,,,,,,,,,,,,,,,,,,,,,,,,,,,,,,,,,,,,,,,,,,,,,,,,,,,,,,,,,,,,,,,,,,,,,,,,,,,,,,,,,,,,,,,,,,,,,,,,,,,,,,,,,,1,199.3833305854279 0.45256710672781286 99.08903597361756 99.81688578667179 0.6778803474622825 99.9287649250065,1,6,4,3,5,2,1. M111_1 - Hodan hajihassen hussein,2. M111_2 - Keh hassan kalinle,3. M111_3 - Roda mohamud hassan,4. M111_4 - Sahra sheikhimran mohamed,5. M111_5 - Nafisa abdisalan farah,6. M111_6 - Dudi aden  muhumed,,1,1 2 3 4 5 6,1. M111-1 - Hodan hajihassen hussein<br/>2. M111-2 - Dudi aden  muhumed <br/>3. M111-3 - Sahra sheikhimran mohamed<br/>4. M111-4 - Roda mohamud hassan<br/>5. M111-5 - Nafisa abdisalan farah<br/>6. M111-6 - Keh hassan kalinle,6,,,,,,,,,,,,,No eligible spouse found.,0,,,uuid:28d45ffd-bf2e-49e5-b935-a378c9e7c179,2603230738,uuid:28d45ffd-bf2e-49e5-b935-a378c9e7c179
03-Apr-2026 17:58:21,03-Apr-2026 10:07:06,03-Apr-2026 17:58:13,c717d4af0550c362,,llrp_team1,samsung|SM-X115|15|SurveyCTO Collect 2.81.5 (387e45a),497,,Daniel,Amin,Duhun,Farjano_1,M131,Qamar,13,Control,#d60000,8,8,Kamil Hashi Hassan,2,1,,M131-1,1,0,0.5677888476938217,1,1,99,0,199.56778884769383,1,1. M131-1 - Kamil Hashi Hassan,0,0.048238117514079804,999,99,Abdi Maki Moalin,2,6,,M131-2,0,1,0.12881548617614624,2,99,1,0,99.12881548617615,1,2. M131-2 - Abdi Maki Moalin,0,0.6148077178229002,999,99,Abdi Moalin Ahmed,2,5,,M131-3,0,0,0.43807273674787384,3,99,99,0,0.43807273674787384,1,3. M131-3 - Abdi Moalin Ahmed,0,0.449728391880883,999,99,Mohommed Abdi Arab,2,6,,M131-4,0,1,0.7624376759440671,4,99,1,0,99.76243767594407,1,4. M131-4 - Mohommed Abdi Arab,0,0.17621733690570163,999,99,Maryama Mohommed Cisman,1,3,,M131-5,1,0,0.9597541280698689,5,1,99,0,199.95975412806987,1,5. M131-5 - Maryama Mohommed Cisman,0,0.14852354547773383,999,99,Sahra Mohommed Ali,1,6,,M131-6,0,1,0.25428817427240025,6,99,1,0,99.2542881742724,1,6. M131-6 - Sahra Mohommed Ali,0,0.9449980109785923,999,99,Safia Farah Ahmed,1,6,,M131-7,0,1,0.22037287667447725,7,99,1,0,99.22037287667447,1,7. M131-7 - Safia Farah Ahmed,0,0.6544614174699208,999,99,Halimo Mahamud Dayib,1,6,,M131-8,0,1,0.6219639087430825,8,99,1,0,99.62196390874308,1,8. M131-8 - Halimo Mahamud Dayib,0,0.6337437911349739,999,99,,,,,,,,,,,,,,,,,,,,,,,,,,,,,,,,,,,,,,,,,,,,,,,,,,,,,,,,,,,,,,,,,,,,,,,,,,,,,,,,,,,,,,,,,,,,,,,,,,,,,,,,,,,,,,,,,,,,,,,,,,,,,,,,,,,,,,,,,,,,,,,,,,,,,,,,,1,199.56778884769383 99.12881548617615 0.43807273674787384 99.76243767594407 199.95975412806987 99.2542881742724 99.22037287667447 99.62196390874308,5,1,4,8,6,7,1. M131_1 - Maryama Mohommed Cisman,2. M131_2 - Kamil Hashi Hassan,3. M131_3 - Mohommed Abdi Arab,4. M131_4 - Halimo Mahamud Dayib,5. M131_5 - Sahra Mohommed Ali,6. M131_6 - Safia Farah Ahmed,,2,1 4 5 6 7 8,1. M131-1 - Kamil Hashi Hassan<br/>2. M131-2 - Abdi Maki Moalin<br/>3. M131-3 - Abdi Moalin Ahmed<br/>4. M131-4 - Mohommed Abdi Arab<br/>5. M131-5 - Maryama Mohommed Cisman<br/>6. M131-6 - Sahra Mohommed Ali<br/>7. M131-7 - Safia Farah Ahmed<br/>8. M131-8 - Halimo Mahamud Dayib,6,,,,,,,,,,,,,No eligible spouse found.,0,,,uuid:4387c323-0745-4428-ac32-8ad855713454,2603230738,uuid:4387c323-0745-4428-ac32-8ad855713454
03-Apr-2026 20:02:23,03-Apr-2026 10:17:36,03-Apr-2026 20:02:08,f9d6a239f0ca8566,,llrp_team1,samsung|SM-X115|15|SurveyCTO Collect 2.81.5 (387e45a),773,,Wesen,Mahamed,Guradamole,Adeley_1,M213,Raxma,12,HumanLed,#0a8f3c,8,8,Kadar Hussein Siyaad,2,5,,M213-1,0,0,0.04306674894179108,1,99,99,0,0.04306674894179108,1,1. M213-1 - Kadar Hussein Siyaad,0,0.9253039006421281,999,99,Nuney Mohamed  husein,1,6,2,M213-2,0,1,0.16221765206545924,2,99,1,0,99.16221765206546,1,2. M213-2 - Nuney Mohamed  husein,0,0.8078936082858633,999,99,Mahdi Yusuf  Ali,2,6,,M213-3,0,1,0.35401606502806926,3,99,1,0,99.35401606502806,1,3. M213-3 - Mahdi Yusuf  Ali,0,0.4184995961889719,999,99,Abdullahi Sheik Ahmed,2,6,,M213-4,0,1,0.9656764419793481,4,99,1,0,99.96567644197935,1,4. M213-4 - Abdullahi Sheik Ahmed,0,0.4873773403783056,999,99,Abdikadir  Ahmed  Husein,2,6,,M213-5,0,1,0.013601485374454714,5,99,1,0,99.01360148537445,1,5. M213-5 - Abdikadir  Ahmed  Husein,0,0.8036847106600638,999,99,Aden mohamud  Husein,2,6,,M213-6,0,1,0.011952190752643754,6,99,1,0,99.01195219075264,1,6. M213-6 - Aden mohamud  Husein,0,0.01670560860046466,999,99,Osman jimale Ali,2,6,,M213-7,0,1,0.7551038195282944,7,99,1,0,99.7551038195283,1,7. M213-7 - Osman jimale Ali,0,0.6371389478348857,999,99,Safiya  Mohamed  jama,1,6,2,M213-8,0,1,0.11779683249823769,8,99,1,0,99.11779683249824,1,8. M213-8 - Safiya  Mohamed  jama,0,0.7885837294764884,999,99,,,,,,,,,,,,,,,,,,,,,,,,,,,,,,,,,,,,,,,,,,,,,,,,,,,,,,,,,,,,,,,,,,,,,,,,,,,,,,,,,,,,,,,,,,,,,,,,,,,,,,,,,,,,,,,,,,,,,,,,,,,,,,,,,,,,,,,,,,,,,,,,,,,,,,,,,0,0.04306674894179108 99.16221765206546 99.35401606502806 99.96567644197935 99.01360148537445 99.01195219075264 99.7551038195283 99.11779683249824,4,7,3,2,8,5,1. M213_1 - Abdullahi Sheik Ahmed,2. M213_2 - Osman jimale Ali,3. M213_3 - Mahdi Yusuf  Ali,4. M213_4 - Nuney Mohamed  husein,5. M213_5 - Safiya  Mohamed  jama,6. M213_6 - Abdikadir  Ahmed  Husein,,0,2 3 4 5 7 8,1. M213-1 - Kadar Hussein Siyaad<br/>2. M213-2 - Nuney Mohamed  husein<br/>3. M213-3 - Mahdi Yusuf  Ali<br/>4. M213-4 - Abdullahi Sheik Ahmed<br/>5. M213-5 - Abdikadir  Ahmed  Husein<br/>6. M213-6 - Aden mohamud  Husein<br/>7. M213-7 - Osman jimale Ali<br/>8. M213-8 - Safiya  Mohamed  jama,6,,,,,,,,,,,,,No eligible spouse found.,0,,,uuid:32456c19-84d5-47f3-9f45-6a7f0608a0b8,2603230738,uuid:32456c19-84d5-47f3-9f45-6a7f0608a0b8
03-Apr-2026 21:14:14,03-Apr-2026 14:00:30,03-Apr-2026 21:10:39,15aee2f9fc7423e8,,llrp_team1,samsung|SM-X115|16|SurveyCTO Collect 2.81.5 (387e45a),616,,Anteneh,Abdirezaq,Adadle,Biyolow_1,M04,Gool,12,TechLed,#1f4bd6,8,8,Abdi Youssouf abdi,2,4,,M04-1,1,0,0.3120314866394315,1,1,99,0,199.31203148663943,1,1. M04-1 - Abdi Youssouf abdi,0,0.6907415170185515,999,99,Halane hashi abdi,2,6,,M04-2,0,1,0.9251844115055987,2,99,1,0,99.9251844115056,1,2. M04-2 - Halane hashi abdi,0,0.9286807409180718,999,99,Abdi macalin Mohamed,2,2,,M04-3,0,0,0.9798604525073034,3,99,99,0,0.9798604525073034,1,3. M04-3 - Abdi macalin Mohamed,0,0.7782634932604233,999,99,Abawo afi hassan,2,6,,M04-4,0,1,0.4944478466263733,4,99,1,0,99.49444784662637,1,4. M04-4 - Abawo afi hassan,0,0.06831480179577165,999,99,Jele nour kariye,2,3,,M04-5,1,0,0.8103425616627712,5,1,99,0,199.81034256166276,1,5. M04-5 - Jele nour kariye,0,0.44512382254395166,999,99,Farah badar kad,2,1,,M04-6,1,0,0.6905502055208542,6,1,99,0,199.69055020552085,1,6. M04-6 - Farah badar kad,0,0.7070468968622265,999,99,Kaltumo mohamed osman,1,6,1,M04-7,0,1,0.8942057899953973,7,99,1,0.5,100.3942057899954,1,7. M04-7 - Kaltumo mohamed osman,1,0.9290391281799658,0.8942057899953973,1,Fardowsa barkadle kalon,1,6,2,M04-8,0,1,0.12964250878282568,8,99,1,0,99.12964250878282,1,8. M04-8 - Fardowsa barkadle kalon,0,0.3888480263373991,999,99,,,,,,,,,,,,,,,,,,,,,,,,,,,,,,,,,,,,,,,,,,,,,,,,,,,,,,,,,,,,,,,,,,,,,,,,,,,,,,,,,,,,,,,,,,,,,,,,,,,,,,,,,,,,,,,,,,,,,,,,,,,,,,,,,,,,,,,,,,,,,,,,,,,,,,,,,1,199.31203148663943 99.9251844115056 0.9798604525073034 99.49444784662637 199.81034256166276 199.69055020552085 100.3942057899954 99.12964250878282,5,6,1,7,2,4,1. M04_1 - Jele nour kariye,2. M04_2 - Farah badar kad,3. M04_3 - Abdi Youssouf abdi,4. M04_4 - Kaltumo mohamed osman,5. M04_5 - Halane hashi abdi,6. M04_6 - Abawo afi hassan,0.8942057899953973,3,1 2 4 5 6 7,1. M04-1 - Abdi Youssouf abdi<br/>2. M04-2 - Halane hashi abdi<br/>3. M04-3 - Abdi macalin Mohamed<br/>4. M04-4 - Abawo afi hassan<br/>5. M04-5 - Jele nour kariye<br/>6. M04-6 - Farah badar kad<br/>7. M04-7 - Kaltumo mohamed osman<br/>8. M04-8 - Fardowsa barkadle kalon,6,7,,,Kaltumo mohamed osman,,,,,,4. Kaltumo mohamed osman (Husband to be interviewed)<br/>,,,Husband of Kaltumo mohamed osman must be interviewed.,1,,⚠ Spouse interview required,uuid:780a3107-949d-4e94-ac2b-4aa4fd73833d,2603230738,uuid:780a3107-949d-4e94-ac2b-4aa4fd73833d
03-Apr-2026 21:59:17,03-Apr-2026 10:55:20,03-Apr-2026 21:58:36,d89643955cc62774,,llrp_team1,samsung|SM-X115|15|SurveyCTO Collect 2.81.5 (387e45a),575,,Wesen,Fathiya,Guradamole,Duda adu_1,M215,Nuura,12,TechLed,#1f4bd6,8,8,Ibrahim abdulahi isse,2,5,,M215-1,0,0,0.14365900379357632,1,99,99,0,0.14365900379357632,1,1. M215-1 - Ibrahim abdulahi isse,0,0.5250478565577578,999,99,Fadumo isak jama,1,6,1,M215-2,0,1,0.36744713587866773,2,99,1,0.5,99.86744713587866,1,2. M215-2 - Fadumo isak jama,1,0.34047704658028355,0.36744713587866773,1,Hassen farah omer,2,6,,M215-3,0,1,0.28627052541618236,3,99,1,0,99.28627052541619,1,3. M215-3 - Hassen farah omer,0,0.9842233798229578,999,99,Sheik abdi hamid,2,6,,M215-4,0,1,0.2834330759347963,4,99,1,0,99.2834330759348,1,4. M215-4 - Sheik abdi hamid,0,0.42909141979258836,999,99,Hassen osman farah,2,6,,M215-5,0,1,0.9669905400363414,5,99,1,0,99.96699054003633,1,5. M215-5 - Hassen osman farah,0,0.6164197064704168,999,99,Haji abdi mahamud,2,6,,M215-6,0,1,0.7753068071283106,6,99,1,0,99.77530680712832,1,6. M215-6 - Haji abdi mahamud,0,0.12082091578543774,999,99,Hamid mahamed hussen,2,6,,M215-7,0,1,0.5390883725673359,7,99,1,0,99.53908837256733,1,7. M215-7 - Hamid mahamed hussen,0,0.04837523706114866,999,99,Ibrahim muse ali,2,6,,M215-8,0,1,0.16470669029793017,8,99,1,0,99.16470669029793,1,8. M215-8 - Ibrahim muse ali,0,0.8855021749524066,999,99,,,,,,,,,,,,,,,,,,,,,,,,,,,,,,,,,,,,,,,,,,,,,,,,,,,,,,,,,,,,,,,,,,,,,,,,,,,,,,,,,,,,,,,,,,,,,,,,,,,,,,,,,,,,,,,,,,,,,,,,,,,,,,,,,,,,,,,,,,,,,,,,,,,,,,,,,0,0.14365900379357632 99.86744713587866 99.28627052541619 99.2834330759348 99.96699054003633 99.77530680712832 99.53908837256733 99.16470669029793,5,2,6,7,3,4,1. M215_1 - Hassen osman farah,2. M215_2 - Fadumo isak jama,3. M215_3 - Haji abdi mahamud,4. M215_4 - Hamid mahamed hussen,5. M215_5 - Hassen farah omer,6. M215_6 - Sheik abdi hamid,0.36744713587866773,0,2 3 4 5 6 7,1. M215-1 - Ibrahim abdulahi isse<br/>2. M215-2 - Fadumo isak jama<br/>3. M215-3 - Hassen farah omer<br/>4. M215-4 - Sheik abdi hamid<br/>5. M215-5 - Hassen osman farah<br/>6. M215-6 - Haji abdi mahamud<br/>7. M215-7 - Hamid mahamed hussen<br/>8. M215-8 - Ibrahim muse ali,6,2,,,Fadumo isak jama,,,,2. Fadumo isak jama (Husband to be interviewed)<br/>,,,,,Husband of Fadumo isak jama must be interviewed.,1,,⚠ Spouse interview required,uuid:f1ef9e12-9cbc-45a2-a0e6-109b13766129,2603230738,uuid:f1ef9e12-9cbc-45a2-a0e6-109b13766129
03-Apr-2026 22:57:29,03-Apr-2026 09:12:54,03-Apr-2026 22:56:35,c7654ba83377bbd9,,llrp_team1,samsung|SM-X115|15|SurveyCTO Collect 2.81.5 (387e45a),722,,Anteneh,Hasen,marsin,dhaqayo boor_1,M280,tawakal,15,Control,#d60000,14,14,Ahmed mohamed kalif,2,5,,M280-1,0,0,0.7026798245298869,1,99,99,0,0.7026798245298869,1,1. M280-1 - Ahmed mohamed kalif,0,0.7521777213502607,999,99,Muhumed Abdulahi Abdi,2,6,,M280-2,0,1,0.9967358370178065,2,99,1,0,99.99673583701781,1,2. M280-2 - Muhumed Abdulahi Abdi,0,0.06937761979822987,999,99,Nur moalin Abdulahi,2,6,,M280-3,0,1,0.4690759825209171,3,99,1,0,99.46907598252092,1,3. M280-3 - Nur moalin Abdulahi,0,0.8770800187782066,999,99,Halimo mohamed muhumed,1,6,,M280-4,0,1,0.355157248534678,4,99,1,0,99.35515724853468,1,4. M280-4 - Halimo mohamed muhumed,0,0.8367681926374607,999,99,Mohamed Ali muhumed,2,6,,M280-5,0,1,0.7508812998695369,5,99,1,0,99.75088129986953,1,5. M280-5 - Mohamed Ali muhumed,0,0.0502677383699589,999,99,Halimo Abdi muhumed,1,3,,M280-6,1,0,0.2633636150049895,6,1,99,0,199.26336361500498,1,6. M280-6 - Halimo Abdi muhumed,0,0.07640484654386759,999,99,Shugri Hassan Abdi,1,6,,M280-7,0,1,0.6688646262579878,7,99,1,0,99.66886462625799,1,7. M280-7 - Shugri Hassan Abdi,0,0.0029585874264701495,999,99,Maryama muse mohamud,1,6,,M280-8,0,1,0.647959898899562,8,99,1,0,99.64795989889956,1,8. M280-8 - Maryama muse mohamud,0,0.8295940416625573,999,99,Ardo mohamed Ali,1,6,,M280-9,0,1,0.5038001569673004,9,99,1,0,99.5038001569673,1,9. M280-9 - Ardo mohamed Ali,0,0.7537559162639641,999,99,Muna Abdulahi Ali,1,6,,M280-10,0,1,0.988202796924228,10,99,1,0,99.98820279692423,1,10. M280-10 - Muna Abdulahi Ali,0,0.2963997535856835,999,99,Ahmed Abdi ismail,2,6,,M280-11,0,1,0.514083408857814,11,99,1,0,99.51408340885781,1,11. M280-11 - Ahmed Abdi ismail,0,0.992512836933104,999,99,Muktar Abdulahi gurhan,2,6,,M280-12,0,1,0.2512605725119793,12,99,1,0,99.25126057251198,1,12. M280-12 - Muktar Abdulahi gurhan,0,0.7403230130122276,999,99,omer husein muhumed,2,1,,M280-13,1,0,0.843958487717788,13,1,99,0,199.8439584877178,1,13. M280-13 - omer husein muhumed,0,0.9437312666566237,999,99,Sahra hasan barre,1,6,,M280-14,0,1,0.7885217159956707,14,99,1,0,99.78852171599567,1,14. M280-14 - Sahra hasan barre,0,0.5887792564617181,999,99,,,,,,,,,,,,,,,,,,,,,,,,,,,,,,,,,,,,,,,1,0.7026798245298869 99.99673583701781 99.46907598252092 99.35515724853468 99.75088129986953 199.26336361500498 99.66886462625799 99.64795989889956 99.5038001569673 99.98820279692423 99.51408340885781 99.25126057251198 199.8439584877178 99.78852171599567,13,6,2,10,14,5,1. M280_1 - omer husein muhumed,2. M280_2 - Halimo Abdi muhumed,3. M280_3 - Muhumed Abdulahi Abdi,4. M280_4 - Muna Abdulahi Ali,5. M280_5 - Sahra hasan barre,6. M280_6 - Mohamed Ali muhumed,,2,2 5 6 10 13 14,1. M280-1 - Ahmed mohamed kalif<br/>2. M280-2 - Muhumed Abdulahi Abdi<br/>3. M280-3 - Nur moalin Abdulahi<br/>4. M280-4 - Halimo mohamed muhumed<br/>5. M280-5 - Mohamed Ali muhumed<br/>6. M280-6 - Halimo Abdi muhumed<br/>7. M280-7 - Shugri Hassan Abdi<br/>8. M280-8 - Maryama muse mohamud<br/>9. M280-9 - Ardo mohamed Ali<br/>10. M280-10 - Muna Abdulahi Ali<br/>11. M280-11 - Ahmed Abdi ismail<br/>12. M280-12 - Muktar Abdulahi gurhan<br/>13. M280-13 - omer husein muhumed<br/>14. M280-14 - Sahra hasan barre,6,,,,,,,,,,,,,No eligible spouse found.,0,,,uuid:a1dcc0b3-3b72-4a43-8905-0c31c32f6acd,2603230738,uuid:a1dcc0b3-3b72-4a43-8905-0c31c32f6acd
03-Apr-2026 23:10:30,03-Apr-2026 12:39:57,03-Apr-2026 22:45:18,9cc15578f30061b6,,llrp_team1,samsung|SM-X115|15|SurveyCTO Collect 2.81.5 (387e45a),664,,Wesen,Ahmed,Guradamole,Samaw_1,M216,Billan,10,HumanLed,#0a8f3c,8,8,Mohamed Haji Osman,2,1,,M216-1,1,0,0.9359926620773084,1,1,99,0,199.9359926620773,1,1. M216-1 - Mohamed Haji Osman,0,0.6664904521449881,999,99,Yusuf Nur Abdi,2,5,,M216-2,0,0,0.20387449745276687,2,99,99,0,0.20387449745276687,1,2. M216-2 - Yusuf Nur Abdi,0,0.6406069786617441,999,99,Hawa Saed Omar,1,3,1,M216-3,1,0,0.2674549491982351,3,1,99,0.5,199.76745494919822,1,3. M216-3 - Hawa Saed Omar,1,0.40351766453178106,0.2674549491982351,1,Dahir Mahamud Ali,2,6,,M216-4,0,1,0.9162586744396436,4,99,1,0,99.91625867443965,1,4. M216-4 - Dahir Mahamud Ali,0,0.6366170529169289,999,99,Aden Ibrahin Ali,2,6,,M216-5,0,1,0.3454375309547498,5,99,1,0,99.34543753095475,1,5. M216-5 - Aden Ibrahin Ali,0,0.505500603630491,999,99,Sheikdayib Omer Ali,2,6,,M216-6,0,1,0.7888026785257267,6,99,1,0,99.78880267852573,1,6. M216-6 - Sheikdayib Omer Ali,0,0.6495138732192617,999,99,Jamad Kasim Uno,1,6,2,M216-7,0,1,0.3602213650945729,7,99,1,0,99.36022136509457,1,7. M216-7 - Jamad Kasim Uno,0,0.3067657777798385,999,99,Nimo Mohamed Farah,1,6,1,M216-8,0,1,0.5015088669947456,8,99,1,0.5,100.00150886699474,1,8. M216-8 - Nimo Mohamed Farah,1,0.0928028725484984,0.5015088669947456,1,,,,,,,,,,,,,,,,,,,,,,,,,,,,,,,,,,,,,,,,,,,,,,,,,,,,,,,,,,,,,,,,,,,,,,,,,,,,,,,,,,,,,,,,,,,,,,,,,,,,,,,,,,,,,,,,,,,,,,,,,,,,,,,,,,,,,,,,,,,,,,,,,,,,,,,,,1,199.9359926620773 0.20387449745276687 199.76745494919822 99.91625867443965 99.34543753095475 99.78880267852573 99.36022136509457 100.00150886699474,1,3,8,4,6,7,1. M216_1 - Mohamed Haji Osman,2. M216_2 - Hawa Saed Omar,3. M216_3 - Nimo Mohamed Farah,4. M216_4 - Dahir Mahamud Ali,5. M216_5 - Sheikdayib Omer Ali,6. M216_6 - Jamad Kasim Uno,0.2674549491982351 0.5015088669947456,2,1 3 4 6 7 8,1. M216-1 - Mohamed Haji Osman<br/>2. M216-2 - Yusuf Nur Abdi<br/>3. M216-3 - Hawa Saed Omar<br/>4. M216-4 - Dahir Mahamud Ali<br/>5. M216-5 - Aden Ibrahin Ali<br/>6. M216-6 - Sheikdayib Omer Ali<br/>7. M216-7 - Jamad Kasim Uno<br/>8. M216-8 - Nimo Mohamed Farah,6,8,3,,Nimo Mohamed Farah,Hawa Saed Omar,,,2. Hawa Saed Omar (Husband to be interviewed)<br/>,3. Nimo Mohamed Farah (Husband to be interviewed)<br/>,,,,Husbands of Nimo Mohamed Farah and Hawa Saed Omar must be interviewed.,2,,⚠ Spouse interview required,uuid:0b1dde93-20cc-4d52-8db8-8547f28bd213,2603230738,uuid:0b1dde93-20cc-4d52-8db8-8547f28bd213
04-Apr-2026 05:42:16,03-Apr-2026 10:40:01,04-Apr-2026 05:40:16,8f3862932650ecd7,,llrp_team1,samsung|SM-X115|15|SurveyCTO Collect 2.81.4 (461ba40),416,,Anteneh,Mohamed,marsin,tuula canbaar_1,M284,aflax,9,HumanLed,#0a8f3c,5,5,Abdifatah Mahamed Hussein,2,1,,M284-1,1,0,0.11383902267505064,1,1,99,0,199.11383902267505,1,1. M284-1 - Abdifatah Mahamed Hussein,0,0.6244952801124782,999,99,Naimo Dek Seed,1,3,2,M284-2,1,0,0.04643349586885759,2,1,99,0,199.04643349586885,1,2. M284-2 - Naimo Dek Seed,0,0.10088253014842352,999,99,Fatuma Dayib Haybe,1,6,1,M284-3,0,1,0.1421150398164982,3,99,1,0.5,99.6421150398165,1,3. M284-3 - Fatuma Dayib Haybe,1,0.986272598040572,0.1421150398164982,1,Ikran Ali Mahamed,1,6,2,M284-4,0,1,0.37485336517322576,4,99,1,0,99.37485336517322,1,4. M284-4 - Ikran Ali Mahamed,0,0.33309529705594054,999,99,Fouad Mahamed ikyar,1,6,2,M284-5,0,1,0.6745145152176294,5,99,1,0,99.67451451521762,1,5. M284-5 - Fouad Mahamed ikyar,0,0.9578026307254602,999,99,,,,,,,,,,,,,,,,,,,,,,,,,,,,,,,,,,,,,,,,,,,,,,,,,,,,,,,,,,,,,,,,,,,,,,,,,,,,,,,,,,,,,,,,,,,,,,,,,,,,,,,,,,,,,,,,,,,,,,,,,,,,,,,,,,,,,,,,,,,,,,,,,,,,,,,,,,,,,,,,,,,,,,,,,,,,,,,,,,,,,,,,,,,,,,,,,,,,,,,,,,,,,,,,,,1,199.11383902267505 199.04643349586885 99.6421150398165 99.37485336517322 99.67451451521762,1,2,5,3,4,,1. M284_1 - Abdifatah Mahamed Hussein,2. M284_2 - Naimo Dek Seed,3. M284_3 - Fouad Mahamed ikyar,4. M284_4 - Fatuma Dayib Haybe,5. M284_5 - Ikran Ali Mahamed,,0.1421150398164982,2,1 2 3 4 5,1. M284-1 - Abdifatah Mahamed Hussein<br/>2. M284-2 - Naimo Dek Seed<br/>3. M284-3 - Fatuma Dayib Haybe<br/>4. M284-4 - Ikran Ali Mahamed<br/>5. M284-5 - Fouad Mahamed ikyar,5,3,,,Fatuma Dayib Haybe,,,,,,4. Fatuma Dayib Haybe (Husband to be interviewed)<br/>,,,Husband of Fatuma Dayib Haybe must be interviewed.,1,,⚠ Spouse interview required,uuid:149ffe45-ee42-47f6-9b45-4a751d4225e7,2603230738,uuid:149ffe45-ee42-47f6-9b45-4a751d4225e7
04-Apr-2026 07:01:38,03-Apr-2026 09:32:23,04-Apr-2026 06:58:43,3d73d84ac913aa71,,llrp_team1,samsung|SM-X115|15|SurveyCTO Collect 2.81.5 (387e45a),1768,,Anteneh,Husen,Adadle,Bursaredo_1,M02,Hodan,20,TechLed,#1f4bd6,9,9,Abdi mohamed shafet,2,6,,M02-1,0,1,0.08064734604265977,1,99,1,0,99.08064734604265,1,1. M02-1 - Abdi mohamed shafet,0,0.7892721082695766,999,99,Nadis Abdi Aden,1,3,1,M02-2,1,0,0.7106032863226323,2,1,99,0.5,200.21060328632262,1,2. M02-2 - Nadis Abdi Aden,1,0.29299034473102736,0.7106032863226323,1,Hodan hassen salad,1,1,2,M02-3,1,0,0.670066011095637,3,1,99,0,199.67006601109563,1,3. M02-3 - Hodan hassen salad,0,0.44991291883570006,999,99,Halima korane gohade,1,6,2,M02-4,0,1,0.10401081108303112,4,99,1,0,99.10401081108303,1,4. M02-4 - Halima korane gohade,0,0.6239360606416544,999,99,Abdi mohamed ajole,2,6,,M02-5,0,1,0.0564156550419147,5,99,1,0,99.05641565504192,1,5. M02-5 - Abdi mohamed ajole,0,0.9792641919232412,999,99,Rukiya korane koreye,1,6,2,M02-6,0,1,0.4591993970447994,6,99,1,0,99.4591993970448,1,6. M02-6 - Rukiya korane koreye,0,0.9911614587039844,999,99,Abdi shukri kofel,2,6,,M02-7,0,1,0.25982128082699174,7,99,1,0,99.259821280827,1,7. M02-7 - Abdi shukri kofel,0,0.832765208046656,999,99,Garane Aidid omer,2,6,,M02-8,0,1,0.34767735191560234,8,99,1,0,99.3476773519156,1,8. M02-8 - Garane Aidid omer,0,0.3990892513183041,999,99,Dulene gah Ali,1,6,1,M02-9,0,1,0.18464173223599822,9,99,1,0.5,99.684641732236,1,9. M02-9 - Dulene gah Ali,1,0.22080318209645244,0.18464173223599822,1,,,,,,,,,,,,,,,,,,,,,,,,,,,,,,,,,,,,,,,,,,,,,,,,,,,,,,,,,,,,,,,,,,,,,,,,,,,,,,,,,,,,,,,,,,,,,,,,,,,,,,,,,,,,,,,,,,,,,,,,,,,,,,,,,,,,,,1,99.08064734604265 200.21060328632262 199.67006601109563 99.10401081108303 99.05641565504192 99.4591993970448 99.259821280827 99.3476773519156 99.684641732236,2,3,9,6,8,7,1. M02_1 - Nadis Abdi Aden,2. M02_2 - Hodan hassen salad,3. M02_3 - Dulene gah Ali,4. M02_4 - Rukiya korane koreye,5. M02_5 - Garane Aidid omer,6. M02_6 - Abdi shukri kofel,0.7106032863226323 0.18464173223599822,2,2 3 6 7 8 9,1. M02-1 - Abdi mohamed shafet<br/>2. M02-2 - Nadis Abdi Aden<br/>3. M02-3 - Hodan hassen salad<br/>4. M02-4 - Halima korane gohade<br/>5. M02-5 - Abdi mohamed ajole<br/>6. M02-6 - Rukiya korane koreye<br/>7. M02-7 - Abdi shukri kofel<br/>8. M02-8 - Garane Aidid omer<br/>9. M02-9 - Dulene gah Ali,6,2,9,,Nadis Abdi Aden,Dulene gah Ali,,1. Nadis Abdi Aden (Husband to be interviewed)<br/>,,3. Dulene gah Ali (Husband to be interviewed)<br/>,,,,Husbands of Nadis Abdi Aden and Dulene gah Ali must be interviewed.,2,,⚠ Spouse interview required,uuid:81fbe3c7-40fc-45b5-89db-2804387d80f7,2603230738,uuid:81fbe3c7-40fc-45b5-89db-2804387d80f7
04-Apr-2026 07:44:19,01-Apr-2026 09:28:00,04-Apr-2026 07:43:42,4794b43bebbd3e7c,,llrp_team1,samsung|SM-X115|14|SurveyCTO Collect 2.81.5 (387e45a),698,,Daniel,Hayat,Mula,Mula 02_1,M318,Nimco-hodan,10,TechLed,#1f4bd6,8,8,Zahara Ali Abdi,1,1,1,M318-1,1,0,0.39298910266973264,1,1,99,0.5,199.89298910266973,1,1. M318-1 - Zahara Ali Abdi,1,0.039605344413889076,0.39298910266973264,1,Ardo Ali Bihi,1,6,1,M318-2,0,1,0.09174774660693175,2,99,1,0.5,99.59174774660693,1,2. M318-2 - Ardo Ali Bihi,0,0.1721293436616217,999,99,Halima Kelif Haji,1,6,1,M318-3,0,1,0.9045886224240286,3,99,1,0.5,100.40458862242403,1,3. M318-3 - Halima Kelif Haji,1,0.4566602186177906,0.9045886224240286,1,Seredo Ahmed Nasir,1,6,1,M318-4,0,1,0.2718830124972935,4,99,1,0.5,99.7718830124973,1,4. M318-4 - Seredo Ahmed Nasir,1,0.840910405636632,0.2718830124972935,1,Leyla Abdi Ahmed,1,6,1,M318-5,0,1,0.38943137230874547,5,99,1,0.5,99.88943137230875,1,5. M318-5 - Leyla Abdi Ahmed,1,0.09113761486698702,0.38943137230874547,1,Ramla Reshid Haji,1,3,1,M318-6,1,0,0.8111110080447494,6,1,99,0.5,200.31111100804475,1,6. M318-6 - Ramla Reshid Haji,1,0.8544234177596214,0.8111110080447494,1,Ardo Muhumed Hassen,1,6,1,M318-7,0,1,0.03667743873504803,7,99,1,0.5,99.53667743873505,1,7. M318-7 - Ardo Muhumed Hassen,0,0.7486503333656427,999,99,Ogaso Hashi Abdi,1,6,1,M318-8,0,1,0.259585059129782,8,99,1,0.5,99.75958505912978,1,8. M318-8 - Ogaso Hashi Abdi,1,0.9979636611779039,0.259585059129782,1,,,,,,,,,,,,,,,,,,,,,,,,,,,,,,,,,,,,,,,,,,,,,,,,,,,,,,,,,,,,,,,,,,,,,,,,,,,,,,,,,,,,,,,,,,,,,,,,,,,,,,,,,,,,,,,,,,,,,,,,,,,,,,,,,,,,,,,,,,,,,,,,,,,,,,,,,1,199.89298910266973 99.59174774660693 100.40458862242403 99.7718830124973 99.88943137230875 200.31111100804475 99.53667743873505 99.75958505912978,6,1,3,5,4,8,1. M318_1 - Ramla Reshid Haji,2. M318_2 - Zahara Ali Abdi,3. M318_3 - Halima Kelif Haji,4. M318_4 - Leyla Abdi Ahmed,5. M318_5 - Seredo Ahmed Nasir,6. M318_6 - Ogaso Hashi Abdi,0.39298910266973264 0.9045886224240286 0.2718830124972935 0.38943137230874547 0.8111110080447494 0.259585059129782,2,1 3 4 5 6 8,1. M318-1 - Zahara Ali Abdi<br/>2. M318-2 - Ardo Ali Bihi<br/>3. M318-3 - Halima Kelif Haji<br/>4. M318-4 - Seredo Ahmed Nasir<br/>5. M318-5 - Leyla Abdi Ahmed<br/>6. M318-6 - Ramla Reshid Haji<br/>7. M318-7 - Ardo Muhumed Hassen<br/>8. M318-8 - Ogaso Hashi Abdi,6,3,6,1,Halima Kelif Haji,Ramla Reshid Haji,Zahara Ali Abdi,1. Ramla Reshid Haji (Husband to be interviewed)<br/>,2. Zahara Ali Abdi (Husband to be interviewed)<br/>,3. Halima Kelif Haji (Husband to be interviewed)<br/>,,,,"Husbands of Halima Kelif Haji, Ramla Reshid Haji and Zahara Ali Abdi must be interviewed (one may serve as replacement).",3,Zahara Ali Abdi (Replacement),⚠ Spouse interview required,uuid:1e4840d6-b754-49df-862b-aa9b8ea573bb,2603230738,uuid:1e4840d6-b754-49df-862b-aa9b8ea573bb
04-Apr-2026 09:15:20,03-Apr-2026 09:35:08,04-Apr-2026 09:09:55,cf84d912f7bc03f1,,llrp_team1,samsung|SM-X115|14|SurveyCTO Collect 2.81.5 (387e45a),1190,,Anteneh,Abdiresaq,Adadle,Bursaredo_2,M03,Rays,20,TechLed,#1f4bd6,9,9,Ebla Ahmed Dahir,1,6,2,M03-1,0,1,0.13914937133270167,1,99,1,0,99.1391493713327,1,1. M03-1 - Ebla Ahmed Dahir,0,0.9497369938981882,999,99,Raho Ali Aden,1,6,2,M03-2,0,1,0.173219786397257,2,99,1,0,99.17321978639725,1,2. M03-2 - Raho Ali Aden,0,0.667759049411867,999,99,Halimo Korane Ali,1,6,2,M03-3,0,1,0.7734130216483656,3,99,1,0,99.77341302164837,1,3. M03-3 - Halimo Korane Ali,0,0.33123950151781734,999,99,Fadumo Ali Buje,1,6,2,M03-4,0,1,0.02698316128750733,4,99,1,0,99.0269831612875,1,4. M03-4 - Fadumo Ali Buje,0,0.23702768849893807,999,99,Duni Serar Abdi,1,6,2,M03-5,0,1,0.9678393197751086,5,99,1,0,99.96783931977511,1,5. M03-5 - Duni Serar Abdi,0,0.30161901322480145,999,99,Halimo kurbad Farah,1,6,2,M03-6,0,1,0.5001744032131763,6,99,1,0,99.50017440321318,1,6. M03-6 - Halimo kurbad Farah,0,0.35820931544796797,999,99,Tamad mohamed fatunle,1,6,2,M03-7,0,1,0.7964874459392187,7,99,1,0,99.79648744593922,1,7. M03-7 - Tamad mohamed fatunle,0,0.43070527904037503,999,99,Samsam mahamud Amin,1,1,2,M03-8,1,0,0.7520027098915605,8,1,99,0,199.75200270989157,1,8. M03-8 - Samsam mahamud Amin,0,0.5249026262002191,999,99,Dicis Ali Humad,2,6,,M03-9,0,1,0.6602424666769643,9,99,1,0,99.66024246667696,1,9. M03-9 - Dicis Ali Humad,0,0.5117312230154267,999,99,,,,,,,,,,,,,,,,,,,,,,,,,,,,,,,,,,,,,,,,,,,,,,,,,,,,,,,,,,,,,,,,,,,,,,,,,,,,,,,,,,,,,,,,,,,,,,,,,,,,,,,,,,,,,,,,,,,,,,,,,,,,,,,,,,,,,,1,99.1391493713327 99.17321978639725 99.77341302164837 99.0269831612875 99.96783931977511 99.50017440321318 99.79648744593922 199.75200270989157 99.66024246667696,8,5,7,3,9,6,1. M03_1 - Samsam mahamud Amin,2. M03_2 - Duni Serar Abdi,3. M03_3 - Tamad mohamed fatunle,4. M03_4 - Halimo Korane Ali,5. M03_5 - Dicis Ali Humad,6. M03_6 - Halimo kurbad Farah,,1,3 5 6 7 8 9,1. M03-1 - Ebla Ahmed Dahir<br/>2. M03-2 - Raho Ali Aden<br/>3. M03-3 - Halimo Korane Ali<br/>4. M03-4 - Fadumo Ali Buje<br/>5. M03-5 - Duni Serar Abdi<br/>6. M03-6 - Halimo kurbad Farah<br/>7. M03-7 - Tamad mohamed fatunle<br/>8. M03-8 - Samsam mahamud Amin<br/>9. M03-9 - Dicis Ali Humad,6,,,,,,,,,,,,,No eligible spouse found.,0,,,uuid:c7360c4d-92ba-42e6-8e76-6adb47afb4f5,2603230738,uuid:c7360c4d-92ba-42e6-8e76-6adb47afb4f5
04-Apr-2026 19:58:27,04-Apr-2026 15:59:21,04-Apr-2026 16:49:32,0edc637665f6e98c,,llrp_team1,samsung|SM-X115|15|SurveyCTO Collect 2.81.5 (387e45a),324,,Daniel,Ahmed,Hararey,Hararey 02_1,M229,masno,8,HumanLed,#0a8f3c,6,6,Hadi Abdibare Ibrahim,2,1,,M229-1,1,0,0.2308067927320575,1,1,99,0,199.23080679273207,1,1. M229-1 - Hadi Abdibare Ibrahim,0,0.7364226083880384,999,99,Khadra Nur Sahal,1,3,1,M229-2,1,0,0.13385744399672728,2,1,99,0.5,199.63385744399673,1,2. M229-2 - Khadra Nur Sahal,1,0.5292677346867323,0.13385744399672728,1,Kin Abdi Budul,1,6,1,M229-3,0,1,0.05080500471405891,3,99,1,0.5,99.55080500471406,1,3. M229-3 - Kin Abdi Budul,1,0.877843176075972,0.05080500471405891,1,Anfa Kiyas Mursal,1,6,2,M229-4,0,1,0.07495746541059167,4,99,1,0,99.07495746541059,1,4. M229-4 - Anfa Kiyas Mursal,0,0.03599612594104373,999,99,Hinda Mohammed Jama,1,6,1,M229-5,0,1,0.9866939319674436,5,99,1,0.5,100.48669393196744,1,5. M229-5 - Hinda Mohammed Jama,1,0.22154915196352598,0.9866939319674436,1,Zahra Sharif Dahir,1,6,1,M229-6,0,1,0.5257163444672991,6,99,1,0.5,100.0257163444673,1,6. M229-6 - Zahra Sharif Dahir,1,0.5320866587063644,0.5257163444672991,1,,,,,,,,,,,,,,,,,,,,,,,,,,,,,,,,,,,,,,,,,,,,,,,,,,,,,,,,,,,,,,,,,,,,,,,,,,,,,,,,,,,,,,,,,,,,,,,,,,,,,,,,,,,,,,,,,,,,,,,,,,,,,,,,,,,,,,,,,,,,,,,,,,,,,,,,,,,,,,,,,,,,,,,,,,,,,,,,,,,,,,,,,,,,,,,1,199.23080679273207 199.63385744399673 99.55080500471406 99.07495746541059 100.48669393196744 100.0257163444673,2,1,5,6,3,4,1. M229_1 - Khadra Nur Sahal,2. M229_2 - Hadi Abdibare Ibrahim,3. M229_3 - Hinda Mohammed Jama,4. M229_4 - Zahra Sharif Dahir,5. M229_5 - Kin Abdi Budul,6. M229_6 - Anfa Kiyas Mursal,0.13385744399672728 0.05080500471405891 0.9866939319674436 0.5257163444672991,2,1 2 3 4 5 6,1. M229-1 - Hadi Abdibare Ibrahim<br/>2. M229-2 - Khadra Nur Sahal<br/>3. M229-3 - Kin Abdi Budul<br/>4. M229-4 - Anfa Kiyas Mursal<br/>5. M229-5 - Hinda Mohammed Jama<br/>6. M229-6 - Zahra Sharif Dahir,6,5,6,2,Hinda Mohammed Jama,Zahra Sharif Dahir,Khadra Nur Sahal,1. Khadra Nur Sahal (Husband to be interviewed)<br/>,,3. Hinda Mohammed Jama (Husband to be interviewed)<br/>,4. Zahra Sharif Dahir (Husband to be interviewed)<br/>,,,"Husbands of Hinda Mohammed Jama, Zahra Sharif Dahir and Khadra Nur Sahal must be interviewed (one may serve as replacement).",3,Khadra Nur Sahal (Replacement),⚠ Spouse interview required,uuid:c8363448-b248-4528-8236-0291d78f1934,2603230738,uuid:c8363448-b248-4528-8236-0291d78f1934
04-Apr-2026 21:20:01,04-Apr-2026 09:19:14,04-Apr-2026 17:47:47,16848f7fba76a71f,,llrp_team1,samsung|SM-X115|15|SurveyCTO Collect 2.81.5 (387e45a),609,,Muktar,Niman,Salahad,Salahad 02_2,M338,Tayo,12,TechLed,#1f4bd6,6,6,Abdullahi dahir abdi,2,1,,M338-1,1,0,0.487991832427597,1,1,99,0,199.4879918324276,1,1. M338-1 - Abdullahi dahir abdi,0,0.28142607738446646,999,99,Fardwsa mohamed chafid,1,3,2,M338-2,1,0,0.3292415959473781,2,1,99,0,199.32924159594737,1,2. M338-2 - Fardwsa mohamed chafid,0,0.2575074632376221,999,99,Wacane macalin ismail,2,5,,M338-3,0,0,0.2571644798299242,3,99,99,0,0.2571644798299242,1,3. M338-3 - Wacane macalin ismail,0,0.5278772994920179,999,99,Inshar abdullahi mohamed,2,4,,M338-4,1,0,0.8310139675435533,4,1,99,0,199.83101396754356,1,4. M338-4 - Inshar abdullahi mohamed,0,0.9036502429500716,999,99,Abdinour hassan abdi,2,6,,M338-5,0,1,0.09877392618363567,5,99,1,0,99.09877392618364,1,5. M338-5 - Abdinour hassan abdi,0,0.0962901865478395,999,99,Yosle abdullahi mohamed,2,6,,M338-6,0,1,0.042308120511019176,6,99,1,0,99.04230812051102,1,6. M338-6 - Yosle abdullahi mohamed,0,0.8908677195600715,999,99,,,,,,,,,,,,,,,,,,,,,,,,,,,,,,,,,,,,,,,,,,,,,,,,,,,,,,,,,,,,,,,,,,,,,,,,,,,,,,,,,,,,,,,,,,,,,,,,,,,,,,,,,,,,,,,,,,,,,,,,,,,,,,,,,,,,,,,,,,,,,,,,,,,,,,,,,,,,,,,,,,,,,,,,,,,,,,,,,,,,,,,,,,,,,,,1,199.4879918324276 199.32924159594737 0.2571644798299242 199.83101396754356 99.09877392618364 99.04230812051102,4,1,2,5,6,3,1. M338_1 - Inshar abdullahi mohamed,2. M338_2 - Abdullahi dahir abdi,3. M338_3 - Fardwsa mohamed chafid,4. M338_4 - Abdinour hassan abdi,5. M338_5 - Yosle abdullahi mohamed,6. M338_6 - Wacane macalin ismail,,3,1 2 3 4 5 6,1. M338-1 - Abdullahi dahir abdi<br/>2. M338-2 - Fardwsa mohamed chafid<br/>3. M338-3 - Wacane macalin ismail<br/>4. M338-4 - Inshar abdullahi mohamed<br/>5. M338-5 - Abdinour hassan abdi<br/>6. M338-6 - Yosle abdullahi mohamed,6,,,,,,,,,,,,,No eligible spouse found.,0,,,uuid:76e810cd-2a65-4235-922c-6afa2f220a76,2603230738,uuid:76e810cd-2a65-4235-922c-6afa2f220a76
04-Apr-2026 21:20:01,04-Apr-2026 15:08:10,04-Apr-2026 15:19:27,16848f7fba76a71f,,llrp_team1,samsung|SM-X115|15|SurveyCTO Collect 2.81.5 (387e45a),676,,Muktar,Niman,Salahad,Salahad 01_2,M333,Akbal,12,HumanLed,#0a8f3c,7,7,Sahra sheikh omar,1,1,2,M333-1,1,0,0.290894373601326,1,1,99,0,199.29089437360133,1,1. M333-1 - Sahra sheikh omar,0,0.21134919341669722,999,99,Sacdia farah abdi,1,6,2,M333-2,0,1,0.8221626460980204,2,99,1,0,99.82216264609802,1,2. M333-2 - Sacdia farah abdi,0,0.23402930831964985,999,99,Hodan abdiwali omar,1,6,2,M333-3,0,1,0.1420527546560918,3,99,1,0,99.14205275465609,1,3. M333-3 - Hodan abdiwali omar,0,0.7595505145373451,999,99,Cibado sheikh mohamed,1,5,1,M333-4,0,0,0.009473455861680802,4,99,99,0.5,0.5094734558616808,1,4. M333-4 - Cibado sheikh mohamed,0,0.007636958484471212,999,99,Sacdia muhumed yuosuf,1,6,1,M333-5,0,1,0.6737475454989391,5,99,1,0.5,100.17374754549894,1,5. M333-5 - Sacdia muhumed yuosuf,1,0.7831133581218332,0.6737475454989391,1,Sheikh aden abdullahi,2,6,,M333-6,0,1,0.19489397875345216,6,99,1,0,99.19489397875346,1,6. M333-6 - Sheikh aden abdullahi,0,0.41641013388937165,999,99,Siyad mohamed abdullahi,2,6,,M333-7,0,1,0.6999670234729279,7,99,1,0,99.69996702347292,1,7. M333-7 - Siyad mohamed abdullahi,0,0.014846078957553077,999,99,,,,,,,,,,,,,,,,,,,,,,,,,,,,,,,,,,,,,,,,,,,,,,,,,,,,,,,,,,,,,,,,,,,,,,,,,,,,,,,,,,,,,,,,,,,,,,,,,,,,,,,,,,,,,,,,,,,,,,,,,,,,,,,,,,,,,,,,,,,,,,,,,,,,,,,,,,,,,,,,,,,,,,,,,,,,1,199.29089437360133 99.82216264609802 99.14205275465609 0.5094734558616808 100.17374754549894 99.19489397875346 99.69996702347292,1,5,2,7,6,3,1. M333_1 - Sahra sheikh omar,2. M333_2 - Sacdia muhumed yuosuf,3. M333_3 - Sacdia farah abdi,4. M333_4 - Siyad mohamed abdullahi,5. M333_5 - Sheikh aden abdullahi,6. M333_6 - Hodan abdiwali omar,0.6737475454989391,1,1 2 3 5 6 7,1. M333-1 - Sahra sheikh omar<br/>2. M333-2 - Sacdia farah abdi<br/>3. M333-3 - Hodan abdiwali omar<br/>4. M333-4 - Cibado sheikh mohamed <br/>5. M333-5 - Sacdia muhumed yuosuf <br/>6. M333-6 - Sheikh aden abdullahi <br/>7. M333-7 - Siyad mohamed abdullahi,6,5,,,Sacdia muhumed yuosuf,,,,2. Sacdia muhumed yuosuf  (Husband to be interviewed)<br/>,,,,,Husband of Sacdia muhumed yuosuf  must be interviewed.,1,,⚠ Spouse interview required,uuid:f33d19c3-07ba-4172-9ecc-571c1bd6caf5,2603230738,uuid:f33d19c3-07ba-4172-9ecc-571c1bd6caf5
04-Apr-2026 21:20:06,04-Apr-2026 09:34:59,04-Apr-2026 19:01:18,4eeefaf360cd4a3a,,llrp_team1,samsung|SM-X115|15|SurveyCTO Collect 2.81.5 (387e45a),623,,Muktar,Hasen,Salahad,Salahad04_1,M339,Af-lax,12,Control,#d60000,8,8,Abdulahi ashir sheiknur,2,5,,M339-1,0,0,0.7318067101470273,1,99,99,0,0.7318067101470273,1,1. M339-1 - Abdulahi ashir sheiknur,0,0.19164488669133206,999,99,Aden mahamed isman,2,4,,M339-2,1,0,0.06283185201385078,2,1,99,0,199.06283185201386,1,2. M339-2 - Aden mahamed isman,0,0.9900877488449052,999,99,Sheikabdi sulub jilaya,2,1,,M339-3,1,0,0.23839617854017536,3,1,99,0,199.23839617854017,1,3. M339-3 - Sheikabdi sulub jilaya,0,0.8472954747371002,999,99,Gedan abdi kahin,2,6,,M339-4,0,1,0.38876557491475516,4,99,1,0,99.38876557491476,1,4. M339-4 - Gedan abdi kahin,0,0.3597684850826791,999,99,Mahamed abdi shafi,2,6,,M339-5,0,1,0.1621899594284716,5,99,1,0,99.16218995942847,1,5. M339-5 - Mahamed abdi shafi,0,0.020535906092239986,999,99,Faduma omar kahin,1,6,,M339-6,0,1,0.6502865862564287,6,99,1,0,99.65028658625643,1,6. M339-6 - Faduma omar kahin,0,0.7778797487604607,999,99,Nadis harbi adan,1,6,,M339-7,0,1,0.660042155839457,7,99,1,0,99.66004215583946,1,7. M339-7 - Nadis harbi adan,0,0.42655766741791323,999,99,Ibla hussen sirad,1,3,,M339-8,1,0,0.4372881820269773,8,1,99,0,199.43728818202698,1,8. M339-8 - Ibla hussen sirad,0,0.7696247075091214,999,99,,,,,,,,,,,,,,,,,,,,,,,,,,,,,,,,,,,,,,,,,,,,,,,,,,,,,,,,,,,,,,,,,,,,,,,,,,,,,,,,,,,,,,,,,,,,,,,,,,,,,,,,,,,,,,,,,,,,,,,,,,,,,,,,,,,,,,,,,,,,,,,,,,,,,,,,,1,0.7318067101470273 199.06283185201386 199.23839617854017 99.38876557491476 99.16218995942847 99.65028658625643 99.66004215583946 199.43728818202698,8,3,2,7,6,4,1. M339_1 - Ibla hussen sirad,2. M339_2 - Sheikabdi sulub jilaya,3. M339_3 - Aden mahamed isman,4. M339_4 - Nadis harbi adan,5. M339_5 - Faduma omar kahin,6. M339_6 - Gedan abdi kahin,,3,2 3 4 6 7 8,1. M339-1 - Abdulahi ashir sheiknur<br/>2. M339-2 - Aden mahamed isman<br/>3. M339-3 - Sheikabdi sulub jilaya<br/>4. M339-4 - Gedan abdi kahin<br/>5. M339-5 - Mahamed abdi shafi<br/>6. M339-6 - Faduma omar kahin<br/>7. M339-7 - Nadis harbi adan<br/>8. M339-8 - Ibla hussen sirad,6,,,,,,,,,,,,,No eligible spouse found.,0,,,uuid:9d33bd18-f0f5-4c55-8404-122825fea53e,2603230738,uuid:9d33bd18-f0f5-4c55-8404-122825fea53e
04-Apr-2026 21:29:39,04-Apr-2026 09:23:51,04-Apr-2026 21:28:17,3360ac9e5488af4f,,llrp_team1,samsung|SM-X115|14|SurveyCTO Collect 2.81.5 (387e45a),489,,Muktar,Abdulfetah,Salahad,Salahad 01_1,M332,Durdur,12,TechLed,#1f4bd6,6,6,Mohammed nuriye abdi,2,5,,M332-1,0,0,0.6656649494892285,1,99,99,0,0.6656649494892285,1,1. M332-1 - Mohammed nuriye abdi,0,0.5283756385258211,999,99,Dawlo mohammud sulub,1,6,1,M332-2,0,1,0.6995936558253206,2,99,1,0.5,100.19959365582532,1,2. M332-2 - Dawlo mohammud sulub,1,0.6452982559934207,0.6995936558253206,1,Bisharo abdi hajir,1,6,1,M332-3,0,1,0.20606464837934335,3,99,1,0.5,99.70606464837934,1,3. M332-3 - Bisharo abdi hajir,1,0.452924410776931,0.20606464837934335,1,Ramla haybe abdi,1,4,1,M332-4,1,0,0.48220602410562474,4,1,99,0.5,199.98220602410564,1,4. M332-4 - Ramla haybe abdi,1,0.6139560814700565,0.48220602410562474,1,Esh nasteh nur,1,1,1,M332-5,1,0,0.08710699841052028,5,1,99,0.5,199.58710699841052,1,5. M332-5 - Esh nasteh nur,1,0.5661727057281801,0.08710699841052028,1,Abdiwahab Osman ma'alin,2,3,,M332-6,1,0,0.22317457833760235,6,1,99,0,199.2231745783376,1,6. M332-6 - Abdiwahab Osman ma'alin,0,0.1253901451827112,999,99,,,,,,,,,,,,,,,,,,,,,,,,,,,,,,,,,,,,,,,,,,,,,,,,,,,,,,,,,,,,,,,,,,,,,,,,,,,,,,,,,,,,,,,,,,,,,,,,,,,,,,,,,,,,,,,,,,,,,,,,,,,,,,,,,,,,,,,,,,,,,,,,,,,,,,,,,,,,,,,,,,,,,,,,,,,,,,,,,,,,,,,,,,,,,,,1,0.6656649494892285 100.19959365582532 99.70606464837934 199.98220602410564 199.58710699841052 199.2231745783376,4,5,6,2,3,1,1. M332_1 - Ramla haybe abdi,2. M332_2 - Esh nasteh nur,3. M332_3 - Abdiwahab Osman ma'alin,4. M332_4 - Dawlo mohammud sulub,5. M332_5 - Bisharo abdi hajir,6. M332_6 - Mohammed nuriye abdi,0.6995936558253206 0.20606464837934335 0.48220602410562474 0.08710699841052028,3,1 2 3 4 5 6,1. M332-1 - Mohammed nuriye abdi<br/>2. M332-2 - Dawlo mohammud sulub<br/>3. M332-3 - Bisharo abdi hajir<br/>4. M332-4 - Ramla haybe abdi<br/>5. M332-5 - Esh nasteh nur<br/>6. M332-6 - Abdiwahab Osman ma'alin,6,2,4,3,Dawlo mohammud sulub,Ramla haybe abdi,Bisharo abdi hajir,1. Ramla haybe abdi (Husband to be interviewed)<br/>,,,4. Dawlo mohammud sulub (Husband to be interviewed)<br/>,5. Bisharo abdi hajir (Husband to be interviewed)<br/>,,"Husbands of Dawlo mohammud sulub, Ramla haybe abdi and Bisharo abdi hajir must be interviewed (one may serve as replacement).",3,Bisharo abdi hajir (Replacement),⚠ Spouse interview required,uuid:0b82c19a-7ced-4099-8c2d-a3687ace41c0,2603230738,uuid:0b82c19a-7ced-4099-8c2d-a3687ace41c0
04-Apr-2026 21:29:39,04-Apr-2026 15:30:31,04-Apr-2026 21:28:35,3360ac9e5488af4f,,llrp_team1,samsung|SM-X115|14|SurveyCTO Collect 2.81.5 (387e45a),387,,Muktar,Abdulfetah,Salahad,Salahad 02_1,M334,Anfac,12,TechLed,#1f4bd6,6,6,Muhummed Mohammed osman,2,1,,M334-1,1,0,0.7089931512508971,1,1,99,0,199.7089931512509,1,1. M334-1 - Muhummed Mohammed osman,0,0.7084823532769379,999,99,Ahmed Mohammed Abdullahi,2,6,,M334-2,0,1,0.4300560172369936,2,99,1,0,99.43005601723699,1,2. M334-2 - Ahmed Mohammed Abdullahi,0,0.7018048811916399,999,99,Mustafe Mukhtar Abdi,2,6,,M334-3,0,1,0.4498784056227011,3,99,1,0,99.4498784056227,1,3. M334-3 - Mustafe Mukhtar Abdi,0,0.027677043100222898,999,99,Shukri diriye hassan,2,6,,M334-4,0,1,0.5925828370040782,4,99,1,0,99.59258283700407,1,4. M334-4 - Shukri diriye hassan,0,0.08489107826539455,999,99,Ziyad Ahmed korane,2,3,,M334-5,1,0,0.7485216765341667,5,1,99,0,199.74852167653415,1,5. M334-5 - Ziyad Ahmed korane,0,0.1504972039735022,999,99,Ahmed Ali aw-nur,2,6,,M334-6,0,1,0.01779536140054261,6,99,1,0,99.01779536140054,1,6. M334-6 - Ahmed Ali aw-nur,0,0.6510640031787793,999,99,,,,,,,,,,,,,,,,,,,,,,,,,,,,,,,,,,,,,,,,,,,,,,,,,,,,,,,,,,,,,,,,,,,,,,,,,,,,,,,,,,,,,,,,,,,,,,,,,,,,,,,,,,,,,,,,,,,,,,,,,,,,,,,,,,,,,,,,,,,,,,,,,,,,,,,,,,,,,,,,,,,,,,,,,,,,,,,,,,,,,,,,,,,,,,,1,199.7089931512509 99.43005601723699 99.4498784056227 99.59258283700407 199.74852167653415 99.01779536140054,5,1,4,3,2,6,1. M334_1 - Ziyad Ahmed korane,2. M334_2 - Muhummed Mohammed osman,3. M334_3 - Shukri diriye hassan,4. M334_4 - Mustafe Mukhtar Abdi,5. M334_5 - Ahmed Mohammed Abdullahi,6. M334_6 - Ahmed Ali aw-nur,,2,1 2 3 4 5 6,1. M334-1 - Muhummed Mohammed osman<br/>2. M334-2 - Ahmed Mohammed Abdullahi<br/>3. M334-3 - Mustafe Mukhtar Abdi<br/>4. M334-4 - Shukri diriye hassan<br/>5. M334-5 - Ziyad Ahmed korane<br/>6. M334-6 - Ahmed Ali aw-nur,6,,,,,,,,,,,,,No eligible spouse found.,0,,,uuid:e025b038-105b-4414-925c-2bfd097a47ea,2603230738,uuid:e025b038-105b-4414-925c-2bfd097a47ea
05-Apr-2026 05:42:09,04-Apr-2026 15:45:56,05-Apr-2026 05:40:41,84a08d6ca764cc04,,llrp_team1,samsung|SM-X115|15|SurveyCTO Collect 2.81.5 (387e45a),424,,Anteneh,Osman,Adadle,Dabafayd_1,M01,Barwaqo,15,TechLed,#1f4bd6,8,8,Ahmed Hassen Nour,2,5,,M01-1,0,0,0.28534237739712154,1,99,99,0,0.28534237739712154,1,1. M01-1 - Ahmed Hassen Nour,0,0.7099145528680345,999,99,Abdireys Ali Yousuf,2,6,,M01-2,0,1,0.13290151784284765,2,99,1,0,99.13290151784285,1,2. M01-2 - Abdireys Ali Yousuf,0,0.7627547485743011,999,99,Jele Tahiye Guhat,2,6,,M01-3,0,1,0.8387437449727895,3,99,1,0,99.83874374497279,1,3. M01-3 - Jele Tahiye Guhat,0,0.23173993618598165,999,99,Muktar Abdirahman Ali,2,4,,M01-4,1,0,0.06601258488732031,4,1,99,0,199.06601258488732,1,4. M01-4 - Muktar Abdirahman Ali,0,0.6768836707836771,999,99,Ahmed Edan Aden,2,6,,M01-5,0,1,0.015046112812554191,5,99,1,0,99.01504611281256,1,5. M01-5 - Ahmed Edan Aden,0,0.30293924105509673,999,99,Muktar Abdulahi Muhumed,2,1,,M01-6,1,0,0.04789414158740568,6,1,99,0,199.0478941415874,1,6. M01-6 - Muktar Abdulahi Muhumed,0,0.1709222925504511,999,99,Mad Hassen Sahal,1,3,2,M01-7,1,0,0.06638279961361648,7,1,99,0,199.06638279961362,1,7. M01-7 - Mad Hassen Sahal,0,0.08184787504146818,999,99,Halimo Yousuf Dubat,1,6,2,M01-8,0,1,0.5598384142617365,8,99,1,0,99.55983841426173,1,8. M01-8 - Halimo Yousuf Dubat,0,0.07165337299317598,999,99,,,,,,,,,,,,,,,,,,,,,,,,,,,,,,,,,,,,,,,,,,,,,,,,,,,,,,,,,,,,,,,,,,,,,,,,,,,,,,,,,,,,,,,,,,,,,,,,,,,,,,,,,,,,,,,,,,,,,,,,,,,,,,,,,,,,,,,,,,,,,,,,,,,,,,,,,1,0.28534237739712154 99.13290151784285 99.83874374497279 199.06601258488732 99.01504611281256 199.0478941415874 199.06638279961362 99.55983841426173,7,4,6,3,8,2,1. M01_1 - Mad Hassen Sahal,2. M01_2 - Muktar Abdirahman Ali,3. M01_3 - Muktar Abdulahi Muhumed,4. M01_4 - Jele Tahiye Guhat,5. M01_5 - Halimo Yousuf Dubat,6. M01_6 - Abdireys Ali Yousuf,,3,2 3 4 6 7 8,1. M01-1 - Ahmed Hassen Nour<br/>2. M01-2 - Abdireys Ali Yousuf<br/>3. M01-3 - Jele Tahiye Guhat<br/>4. M01-4 - Muktar Abdirahman Ali<br/>5. M01-5 - Ahmed Edan Aden<br/>6. M01-6 - Muktar Abdulahi Muhumed<br/>7. M01-7 - Mad Hassen Sahal<br/>8. M01-8 - Halimo Yousuf Dubat,6,,,,,,,,,,,,,No eligible spouse found.,0,,,uuid:b75553a0-48e5-4944-89f3-a70e21b3ec56,2603230738,uuid:b75553a0-48e5-4944-89f3-a70e21b3ec56
05-Apr-2026 06:06:24,04-Apr-2026 10:15:13,04-Apr-2026 10:24:29,6b74f9d4edaa4c9a,,llrp_team1,samsung|SM-X115|15|SurveyCTO Collect 2.81.5 (387e45a),556,,Anteneh,Mahamed,marsin,toon ceelay_1,M283,iiman,8,TechLed,#1f4bd6,7,7,Bisharo muktar yousuf,1,6,2,M283-1,0,1,0.022315065704332504,1,99,1,0,99.02231506570433,1,1. M283-1 - Bisharo muktar yousuf,0,0.2639073392169129,999,99,Sahra abdilahi mohamed,1,6,2,M283-2,0,1,0.17499047072857654,2,99,1,0,99.17499047072857,1,2. M283-2 - Sahra abdilahi mohamed,0,0.15907017764750242,999,99,Nimo abdilahi Ali,1,6,1,M283-3,0,1,0.5926831104701085,3,99,1,0.5,100.0926831104701,1,3. M283-3 - Nimo abdilahi Ali,1,0.35130043656300736,0.5926831104701085,1,Nimo dayib kalinrih,1,6,2,M283-4,0,1,0.40321827513331154,4,99,1,0,99.40321827513331,1,4. M283-4 - Nimo dayib kalinrih,0,0.6744009650829708,999,99,Mohamed abdinur magan,2,6,,M283-5,0,1,0.7246884037939075,5,99,1,0,99.7246884037939,1,5. M283-5 - Mohamed abdinur magan,0,0.2866601820608764,999,99,Arab muhumed korah,2,5,,M283-6,0,0,0.18702843101127165,6,99,99,0,0.18702843101127165,1,6. M283-6 - Arab muhumed korah,0,0.6516049500716755,999,99,Adan mohamed adais,2,1,,M283-7,1,0,0.7925262134361593,7,1,99,0,199.79252621343616,1,7. M283-7 - Adan mohamed adais,0,0.9995237170406432,999,99,,,,,,,,,,,,,,,,,,,,,,,,,,,,,,,,,,,,,,,,,,,,,,,,,,,,,,,,,,,,,,,,,,,,,,,,,,,,,,,,,,,,,,,,,,,,,,,,,,,,,,,,,,,,,,,,,,,,,,,,,,,,,,,,,,,,,,,,,,,,,,,,,,,,,,,,,,,,,,,,,,,,,,,,,,,,1,99.02231506570433 99.17499047072857 100.0926831104701 99.40321827513331 99.7246884037939 0.18702843101127165 199.79252621343616,7,3,5,4,2,1,1. M283_1 - Adan mohamed adais,2. M283_2 - Nimo abdilahi Ali,3. M283_3 - Mohamed abdinur magan,4. M283_4 - Nimo dayib kalinrih,5. M283_5 - Sahra abdilahi mohamed,6. M283_6 - Bisharo muktar yousuf,0.5926831104701085,1,1 2 3 4 5 7,1. M283-1 - Bisharo muktar yousuf <br/>2. M283-2 - Sahra abdilahi mohamed<br/>3. M283-3 - Nimo abdilahi Ali<br/>4. M283-4 - Nimo dayib kalinrih<br/>5. M283-5 - Mohamed abdinur magan<br/>6. M283-6 - Arab muhumed korah<br/>7. M283-7 - Adan mohamed adais,6,3,,,Nimo abdilahi Ali,,,,2. Nimo abdilahi Ali (Husband to be interviewed)<br/>,,,,,Husband of Nimo abdilahi Ali must be interviewed.,1,,⚠ Spouse interview required,uuid:481b7461-b61a-4605-b971-a23c85efe015,2603230738,uuid:481b7461-b61a-4605-b971-a23c85efe015
05-Apr-2026 07:14:07,04-Apr-2026 12:59:45,05-Apr-2026 07:12:34,8f3862932650ecd7,,llrp_team1,samsung|SM-X115|15|SurveyCTO Collect 2.81.4 (461ba40),816,,Anteneh,Mohamed,marsin,min laandher_1,M282,yawfiiq,12,Control,#d60000,9,9,Ifrah Duh Abdullahi,1,3,,M282-1,1,0,0.28786791179547766,1,1,99,0,199.28786791179547,1,1. M282-1 - Ifrah Duh Abdullahi,0,0.18052393502434227,999,99,Farhia hersi kaidsane,1,6,,M282-2,0,1,0.9840204243446721,2,99,1,0,99.98402042434468,1,2. M282-2 - Farhia hersi kaidsane,0,0.7981392450402418,999,99,Deeb Ahmed Mahamed,1,6,,M282-3,0,1,0.6571896889281936,3,99,1,0,99.6571896889282,1,3. M282-3 - Deeb Ahmed Mahamed,0,0.9463955068405012,999,99,Hoden Abdi Abdullahi,1,6,,M282-4,0,1,0.7712618486870816,4,99,1,0,99.77126184868708,1,4. M282-4 - Hoden Abdi Abdullahi,0,0.6718520826769288,999,99,Shun hussein shiin,1,6,,M282-5,0,1,0.9220569042359178,5,99,1,0,99.92205690423592,1,5. M282-5 - Shun hussein shiin,0,0.5725998809719631,999,99,Amein Mahamoud Abdi,2,6,,M282-6,0,1,0.9756871008783344,6,99,1,0,99.97568710087833,1,6. M282-6 - Amein Mahamoud Abdi,0,0.0913203136654297,999,99,Abdi shafec Mahamoud,2,1,,M282-7,1,0,0.7487638660898599,7,1,99,0,199.74876386608986,1,7. M282-7 - Abdi shafec Mahamoud,0,0.42944724584588045,999,99,Sahra Nour Farah,1,6,,M282-8,0,1,0.2710656271027799,8,99,1,0,99.27106562710279,1,8. M282-8 - Sahra Nour Farah,0,0.8120935845963941,999,99,Farah Hassan Barkadle,2,6,,M282-9,0,1,0.6803751879806655,9,99,1,0,99.68037518798067,1,9. M282-9 - Farah Hassan Barkadle,0,0.07971624549401601,999,99,,,,,,,,,,,,,,,,,,,,,,,,,,,,,,,,,,,,,,,,,,,,,,,,,,,,,,,,,,,,,,,,,,,,,,,,,,,,,,,,,,,,,,,,,,,,,,,,,,,,,,,,,,,,,,,,,,,,,,,,,,,,,,,,,,,,,,1,199.28786791179547 99.98402042434468 99.6571896889282 99.77126184868708 99.92205690423592 99.97568710087833 199.74876386608986 99.27106562710279 99.68037518798067,7,1,2,6,5,4,1. M282_1 - Abdi shafec Mahamoud,2. M282_2 - Ifrah Duh Abdullahi,3. M282_3 - Farhia hersi kaidsane,4. M282_4 - Amein Mahamoud Abdi,5. M282_5 - Shun hussein shiin,6. M282_6 - Hoden Abdi Abdullahi,,2,1 2 4 5 6 7,1. M282-1 - Ifrah Duh Abdullahi<br/>2. M282-2 - Farhia hersi kaidsane<br/>3. M282-3 - Deeb Ahmed Mahamed<br/>4. M282-4 - Hoden Abdi Abdullahi<br/>5. M282-5 - Shun hussein shiin<br/>6. M282-6 - Amein Mahamoud Abdi<br/>7. M282-7 - Abdi shafec Mahamoud<br/>8. M282-8 - Sahra Nour Farah<br/>9. M282-9 - Farah Hassan Barkadle,6,,,,,,,,,,,,,No eligible spouse found.,0,,,uuid:c26aab73-05cf-45bd-ad77-7a5191518783,2603230738,uuid:c26aab73-05cf-45bd-ad77-7a5191518783
05-Apr-2026 07:27:46,04-Apr-2026 12:46:56,04-Apr-2026 21:48:40,31d542a9aea3f2c5,,llrp_team1,Lenovo|Lenovo TB-8504F|8.1.0|SurveyCTO Collect 2.81.5 (387e45a),837,,Anteneh,Abdilahi,Adadle,Jereeylabogeed_1,M09,Horyeel,10,HumanLed,#0a8f3c,7,7,Abdullahi Mohamed omer,2,6,,M09-1,0,1,0.42266190093485567,1,99,1,0,99.42266190093486,1,1. M09-1 - Abdullahi Mohamed omer,0,0.702788081565282,999,99,Kamas abdiwahab kalif,2,6,,M09-2,0,1,0.8199313934973094,2,99,1,0,99.81993139349731,1,2. M09-2 - Kamas abdiwahab kalif,0,0.14136865674649368,999,99,Kadar dire jama,2,1,,M09-3,1,0,0.5260909188389761,3,1,99,0,199.52609091883897,1,3. M09-3 - Kadar dire jama,0,0.9215696074504331,999,99,Hibil Abdile mulah,2,6,,M09-4,0,1,0.5595822434760372,4,99,1,0,99.55958224347604,1,4. M09-4 - Hibil Abdile mulah,0,0.5360129491249822,999,99,Hassen omer abdi,2,6,,M09-5,0,1,0.8979625527584159,5,99,1,0,99.89796255275841,1,5. M09-5 - Hassen omer abdi,0,0.9679341676517511,999,99,Obah Mohamed ofad,1,3,2,M09-6,1,0,0.24371486734469705,6,1,99,0,199.2437148673447,1,6. M09-6 - Obah Mohamed ofad,0,0.027261777472181614,999,99,Anab Hassen mahah,1,6,2,M09-7,0,1,0.04955374105672483,7,99,1,0,99.04955374105673,1,7. M09-7 - Anab Hassen mahah,0,0.9601913682163293,999,99,,,,,,,,,,,,,,,,,,,,,,,,,,,,,,,,,,,,,,,,,,,,,,,,,,,,,,,,,,,,,,,,,,,,,,,,,,,,,,,,,,,,,,,,,,,,,,,,,,,,,,,,,,,,,,,,,,,,,,,,,,,,,,,,,,,,,,,,,,,,,,,,,,,,,,,,,,,,,,,,,,,,,,,,,,,,1,99.42266190093486 99.81993139349731 199.52609091883897 99.55958224347604 99.89796255275841 199.2437148673447 99.04955374105673,3,6,5,2,4,1,1. M09_1 - Kadar dire jama,2. M09_2 - Obah Mohamed ofad,3. M09_3 - Hassen omer abdi,4. M09_4 - Kamas abdiwahab kalif,5. M09_5 - Hibil Abdile mulah,6. M09_6 - Abdullahi Mohamed omer,,2,1 2 3 4 5 6,1. M09-1 - Abdullahi Mohamed omer<br/>2. M09-2 - Kamas abdiwahab kalif<br/>3. M09-3 - Kadar dire jama<br/>4. M09-4 - Hibil Abdile mulah<br/>5. M09-5 - Hassen omer abdi<br/>6. M09-6 - Obah Mohamed ofad<br/>7. M09-7 - Anab Hassen mahah,6,,,,,,,,,,,,,No eligible spouse found.,0,,,uuid:54002bfb-732c-446c-94f5-20a91c429e60,2603230738,uuid:54002bfb-732c-446c-94f5-20a91c429e60
05-Apr-2026 11:20:46,01-Apr-2026 08:11:29,02-Apr-2026 12:46:03,6e763086dc2c3dd8,,llrp_team1,samsung|SM-X115|14|SurveyCTO Collect 2.81.5 (387e45a),410,,Muktar,Hadi,Mayumuluko,Kulandhe_1,M296,Rasamaal,12,Control,#d60000,6,6,Isman abdi weyrah,2,3,,M296-1,1,0,0.8433170091807823,1,1,99,0,199.8433170091808,1,1. M296-1 - Isman abdi weyrah,0,0.750353411143457,999,99,Abdiftah mohamed shafe,2,1,,M296-2,1,0,0.6791630628437516,2,1,99,0,199.67916306284374,1,2. M296-2 - Abdiftah mohamed shafe,0,0.26063819832234103,999,99,Enab alaki sirad,1,6,,M296-3,0,1,0.3758189854070484,3,99,1,0,99.37581898540705,1,3. M296-3 - Enab alaki sirad,0,0.16987617734928329,999,99,Saredo shafi korane,1,6,,M296-4,0,1,0.044057610937244696,4,99,1,0,99.04405761093724,1,4. M296-4 - Saredo shafi korane,0,0.2231988593049382,999,99,Nima malin badal,1,6,,M296-5,0,1,0.6876425852437958,5,99,1,0,99.6876425852438,1,5. M296-5 - Nima malin badal,0,0.017795333214974174,999,99,Nima mohamud siyad,1,6,,M296-6,0,1,0.3011602247495829,6,99,1,0,99.30116022474958,1,6. M296-6 - Nima mohamud siyad,0,0.13724934698746205,999,99,,,,,,,,,,,,,,,,,,,,,,,,,,,,,,,,,,,,,,,,,,,,,,,,,,,,,,,,,,,,,,,,,,,,,,,,,,,,,,,,,,,,,,,,,,,,,,,,,,,,,,,,,,,,,,,,,,,,,,,,,,,,,,,,,,,,,,,,,,,,,,,,,,,,,,,,,,,,,,,,,,,,,,,,,,,,,,,,,,,,,,,,,,,,,,,1,199.8433170091808 199.67916306284374 99.37581898540705 99.04405761093724 99.6876425852438 99.30116022474958,1,2,5,3,6,4,1. M296_1 - Isman abdi weyrah,2. M296_2 - Abdiftah mohamed shafe,3. M296_3 - Nima malin badal,4. M296_4 - Enab alaki sirad,5. M296_5 - Nima mohamud siyad,6. M296_6 - Saredo shafi korane,,2,1 2 3 4 5 6,1. M296-1 - Isman abdi weyrah<br/>2. M296-2 - Abdiftah mohamed shafe<br/>3. M296-3 - Enab alaki sirad<br/>4. M296-4 - Saredo shafi korane<br/>5. M296-5 - Nima malin badal<br/>6. M296-6 - Nima mohamud siyad,6,,,,,,,,,,,,,No eligible spouse found.,0,,,uuid:89b590a1-3b7f-443b-a75f-30c2e05a6159,2603230738,uuid:89b590a1-3b7f-443b-a75f-30c2e05a6159
05-Apr-2026 14:01:30,05-Apr-2026 09:17:56,05-Apr-2026 13:23:55,bbae1c343e73e9f2,,llrp_team1,Lenovo|Lenovo TB-8504F|8.1.0|SurveyCTO Collect 2.81.5 (387e45a),597,,Daniel,Jabir,Hararey,Hararey 03_1,M228,najax,8,HumanLed,#0a8f3c,8,8,Esh Ibrahim Muhummed,1,3,1,M228-1,1,0,0.2030085526606641,1,1,99,0.5,199.70300855266066,1,1. M228-1 - Esh Ibrahim Muhummed,1,0.18373435328781385,0.2030085526606641,1,Zaynaba Abdi Edan,1,6,1,M228-2,0,1,0.8169597038764822,2,99,1,0.5,100.31695970387648,1,2. M228-2 - Zaynaba Abdi Edan,1,0.7557350079471181,0.8169597038764822,1,Buh Akule Ahmed,1,6,2,M228-3,0,1,0.973142400884253,3,99,1,0,99.97314240088426,1,3. M228-3 - Buh Akule Ahmed,0,0.9522745227835826,999,99,Zahra Ali Mohamed,1,2,1,M228-4,0,0,0.34144759466220975,4,99,99,0.5,0.8414475946622098,1,4. M228-4 - Zahra Ali Mohamed,0,0.17524285421604713,999,99,Rukiya Olaf Gurhan,1,5,1,M228-5,0,0,0.9902240851498404,5,99,99,0.5,1.4902240851498405,1,5. M228-5 - Rukiya Olaf Gurhan,0,0.05509202912231437,999,99,Halimo Dahir Muhummed,1,1,2,M228-6,1,0,0.5604076020848936,6,1,99,0,199.5604076020849,1,6. M228-6 - Halimo Dahir Muhummed,0,0.32300779649757827,999,99,Kamil Mohamed Hussein,1,6,1,M228-7,0,1,0.530302031704306,7,99,1,0.5,100.03030203170431,1,7. M228-7 - Kamil Mohamed Hussein,1,0.8650567492755031,0.530302031704306,1,Fadumo Hybe Mohamed,1,6,2,M228-8,0,1,0.7894503431506622,8,99,1,0,99.78945034315066,1,8. M228-8 - Fadumo Hybe Mohamed,0,0.5940689257508788,999,99,,,,,,,,,,,,,,,,,,,,,,,,,,,,,,,,,,,,,,,,,,,,,,,,,,,,,,,,,,,,,,,,,,,,,,,,,,,,,,,,,,,,,,,,,,,,,,,,,,,,,,,,,,,,,,,,,,,,,,,,,,,,,,,,,,,,,,,,,,,,,,,,,,,,,,,,,1,199.70300855266066 100.31695970387648 99.97314240088426 0.8414475946622098 1.4902240851498405 199.5604076020849 100.03030203170431 99.78945034315066,1,6,2,7,3,8,1. M228_1 - Esh Ibrahim Muhummed,2. M228_2 - Halimo Dahir Muhummed,3. M228_3 - Zaynaba Abdi Edan,4. M228_4 - Kamil Mohamed Hussein,5. M228_5 - Buh Akule Ahmed,6. M228_6 - Fadumo Hybe Mohamed,0.2030085526606641 0.8169597038764822 0.530302031704306,2,1 2 3 6 7 8,1. M228-1 - Esh Ibrahim Muhummed<br/>2. M228-2 - Zaynaba Abdi Edan<br/>3. M228-3 - Buh Akule Ahmed<br/>4. M228-4 - Zahra Ali Mohamed<br/>5. M228-5 - Rukiya Olaf Gurhan<br/>6. M228-6 - Halimo Dahir Muhummed<br/>7. M228-7 - Kamil Mohamed Hussein<br/>8. M228-8 - Fadumo Hybe Mohamed,6,2,7,1,Zaynaba Abdi Edan,Kamil Mohamed Hussein,Esh Ibrahim Muhummed,1. Esh Ibrahim Muhummed (Husband to be interviewed)<br/>,,3. Zaynaba Abdi Edan (Husband to be interviewed)<br/>,4. Kamil Mohamed Hussein (Husband to be interviewed)<br/>,,,"Husbands of Zaynaba Abdi Edan, Kamil Mohamed Hussein and Esh Ibrahim Muhummed must be interviewed (one may serve as replacement).",3,Esh Ibrahim Muhummed (Replacement),⚠ Spouse interview required,uuid:06d7c708-17be-4f4e-aba6-8f405aa7b62d,2603230738,uuid:06d7c708-17be-4f4e-aba6-8f405aa7b62d
05-Apr-2026 16:40:35,05-Apr-2026 09:37:37,05-Apr-2026 09:44:15,d2ebdf8d6eda08cd,,llrp_team1,samsung|SM-A166P|16|SurveyCTO Collect 2.81.5 (387e45a),398,,Anteneh,Afriya,marsin,marsin 01_2,M287,darajo,8,Control,#d60000,7,7,Efrah  Malin Aden,1,3,,M287-1,1,0,0.9882896637383001,1,1,99,0,199.9882896637383,1,1. M287-1 - Efrah  Malin Aden,0,0.04077467302242499,999,99,Adeya Kader Farah,1,6,,M287-2,0,1,0.7725205493111403,2,99,1,0,99.77252054931114,1,2. M287-2 - Adeya Kader Farah,0,0.6521225119564742,999,99,Ubah Abdullahi  Hassen,1,6,,M287-3,0,1,0.28449317181647416,3,99,1,0,99.28449317181648,1,3. M287-3 - Ubah Abdullahi  Hassen,0,0.4024292276067786,999,99,Istahil Mohamed Ares,1,6,,M287-4,0,1,0.08072752602956468,4,99,1,0,99.08072752602956,1,4. M287-4 - Istahil Mohamed Ares,0,0.9347439771704119,999,99,Nasir Mohamed Ismaeil,2,6,,M287-5,0,1,0.07390524813496568,5,99,1,0,99.07390524813496,1,5. M287-5 - Nasir Mohamed Ismaeil,0,0.26087465473717164,999,99,Muhumed  Abdukadir Sh/Yusuf,2,1,,M287-6,1,0,0.9089572548993161,6,1,99,0,199.90895725489932,1,6. M287-6 - Muhumed  Abdukadir Sh/Yusuf,0,0.4861413655431701,999,99,Muhumed Abdi Ahmed,2,5,,M287-7,0,0,0.8039992172833943,7,99,99,0,0.8039992172833943,1,7. M287-7 - Muhumed Abdi Ahmed,0,0.07279138589313683,999,99,,,,,,,,,,,,,,,,,,,,,,,,,,,,,,,,,,,,,,,,,,,,,,,,,,,,,,,,,,,,,,,,,,,,,,,,,,,,,,,,,,,,,,,,,,,,,,,,,,,,,,,,,,,,,,,,,,,,,,,,,,,,,,,,,,,,,,,,,,,,,,,,,,,,,,,,,,,,,,,,,,,,,,,,,,,,1,199.9882896637383 99.77252054931114 99.28449317181648 99.08072752602956 99.07390524813496 199.90895725489932 0.8039992172833943,1,6,2,3,4,5,1. M287_1 - Efrah  Malin Aden,2. M287_2 - Muhumed  Abdukadir Sh/Yusuf,3. M287_3 - Adeya Kader Farah,4. M287_4 - Ubah Abdullahi  Hassen,5. M287_5 - Istahil Mohamed Ares,6. M287_6 - Nasir Mohamed Ismaeil,,2,1 2 3 4 5 6,1. M287-1 - Efrah  Malin Aden<br/>2. M287-2 - Adeya Kader Farah<br/>3. M287-3 - Ubah Abdullahi  Hassen<br/>4. M287-4 - Istahil Mohamed Ares<br/>5. M287-5 - Nasir Mohamed Ismaeil<br/>6. M287-6 - Muhumed  Abdukadir Sh/Yusuf <br/>7. M287-7 - Muhumed Abdi Ahmed,6,,,,,,,,,,,,,No eligible spouse found.,0,,,uuid:752124b5-3428-46ae-868c-974b0d98d7eb,2603230738,uuid:752124b5-3428-46ae-868c-974b0d98d7eb
05-Apr-2026 17:15:33,04-Apr-2026 11:21:21,04-Apr-2026 16:26:02,70e4adbae02adb29,,llrp_team1,DOOGEE|T10W|14|SurveyCTO Collect 2.81.5 (387e45a),683,,Daniel,Mehamud,Harawa,Laylakaal_1,M239,Xalan,13,TechLed,#1f4bd6,9,9,Abdirashid kalenle Ibrahim,2,6,,M239-1,0,1,0.6327378358733455,1,99,1,0,99.63273783587334,1,1. M239-1 - Abdirashid kalenle Ibrahim,0,0.07823780783133683,999,99,Yasmin Ibrahim mahmmud,1,6,2,M239-2,0,1,0.10926474755210092,2,99,1,0,99.1092647475521,1,2. M239-2 - Yasmin Ibrahim mahmmud,0,0.4012067326539823,999,99,Abdi hussen samater,2,2,,M239-3,0,0,0.23791623056220912,3,99,99,0,0.23791623056220912,1,3. M239-3 - Abdi hussen samater,0,0.7064302772509921,999,99,Hassen Ali elmi,2,4,,M239-4,1,0,0.49223357918415866,4,1,99,0,199.49223357918416,1,4. M239-4 - Hassen Ali elmi,0,0.5448969709891867,999,99,Felsan Adan arte,1,6,1,M239-5,0,1,0.49477268535418084,5,99,1,0.5,99.99477268535418,1,5. M239-5 - Felsan Adan arte,1,0.45786352136853803,0.49477268535418084,1,Mohamed Ali roble,2,5,,M239-6,0,0,0.360733880897525,6,99,99,0,0.360733880897525,1,6. M239-6 - Mohamed Ali roble,0,0.7721551014082875,999,99,Rahma tahir elmi,1,1,1,M239-7,1,0,0.42937457866844464,7,1,99,0.5,199.92937457866844,1,7. M239-7 - Rahma tahir elmi,1,0.6801321320464175,0.42937457866844464,1,Aisha Mohumed dugsye,1,6,2,M239-8,0,1,0.2249007960569891,8,99,1,0,99.22490079605699,1,8. M239-8 - Aisha Mohumed dugsye,0,0.22422709707812472,999,99,Mahdi Mohamed Ali,2,6,,M239-9,0,1,0.190471746833196,9,99,1,0,99.1904717468332,1,9. M239-9 - Mahdi Mohamed Ali,0,0.47240192722523777,999,99,,,,,,,,,,,,,,,,,,,,,,,,,,,,,,,,,,,,,,,,,,,,,,,,,,,,,,,,,,,,,,,,,,,,,,,,,,,,,,,,,,,,,,,,,,,,,,,,,,,,,,,,,,,,,,,,,,,,,,,,,,,,,,,,,,,,,,1,99.63273783587334 99.1092647475521 0.23791623056220912 199.49223357918416 99.99477268535418 0.360733880897525 199.92937457866844 99.22490079605699 99.1904717468332,7,4,5,1,8,9,1. M239_1 - Rahma tahir elmi,2. M239_2 - Hassen Ali elmi,3. M239_3 - Felsan Adan arte,4. M239_4 - Abdirashid kalenle Ibrahim,5. M239_5 - Aisha Mohumed dugsye,6. M239_6 - Mahdi Mohamed Ali,0.49477268535418084 0.42937457866844464,2,1 4 5 7 8 9,1. M239-1 - Abdirashid kalenle Ibrahim<br/>2. M239-2 - Yasmin Ibrahim mahmmud<br/>3. M239-3 - Abdi hussen samater<br/>4. M239-4 - Hassen Ali elmi<br/>5. M239-5 - Felsan Adan arte<br/>6. M239-6 - Mohamed Ali roble<br/>7. M239-7 - Rahma tahir elmi<br/>8. M239-8 - Aisha Mohumed dugsye<br/>9. M239-9 - Mahdi Mohamed Ali,6,5,7,,Felsan Adan arte,Rahma tahir elmi,,1. Rahma tahir elmi (Husband to be interviewed)<br/>,,3. Felsan Adan arte (Husband to be interviewed)<br/>,,,,Husbands of Felsan Adan arte and Rahma tahir elmi must be interviewed.,2,,⚠ Spouse interview required,uuid:bf042417-b607-4acc-bc57-751c42901cd2,2603230738,uuid:bf042417-b607-4acc-bc57-751c42901cd2
05-Apr-2026 20:18:02,05-Apr-2026 09:24:14,05-Apr-2026 18:27:41,f77a4bfd7ada2cec,,llrp_team1,samsung|SM-X115|15|SurveyCTO Collect 2.81.5 (387e45a),528,,Daniel,Abdireshid,Hararey,Hararey 01_2,M230,hodman,8,HumanLed,#0a8f3c,6,6,Khadar Mohamed Abdi,2,6,,M230-1,0,1,0.2659506534993429,1,99,1,0,99.26595065349935,1,1. M230-1 - Khadar Mohamed Abdi,0,0.5307545223869222,999,99,Sukra Moalin Mohamed,1,1,1,M230-2,1,0,0.5126773190141785,2,1,99,0.5,200.0126773190142,1,2. M230-2 - Sukra Moalin Mohamed,1,0.818393698383789,0.5126773190141785,1,Qureysh Abdi Mahad,1,3,1,M230-3,1,0,0.4108025585766688,3,1,99,0.5,199.91080255857668,1,3. M230-3 - Qureysh Abdi Mahad,1,0.28765791493480886,0.4108025585766688,1,Awo Moalin Mohamed,1,5,1,M230-4,0,0,0.09758321159196859,4,99,99,0.5,0.5975832115919686,1,4. M230-4 - Awo Moalin Mohamed,1,0.4230228703670642,0.09758321159196859,1,Raheeya Rashid Ali,2,6,,M230-5,0,1,0.9563633365288013,5,99,1,0,99.9563633365288,1,5. M230-5 - Raheeya Rashid Ali,0,0.7867368171391941,999,99,Dirane Abdi Idan,2,6,,M230-6,0,1,0.8727627424578192,6,99,1,0,99.87276274245782,1,6. M230-6 - Dirane Abdi Idan,0,0.5013023563475929,999,99,,,,,,,,,,,,,,,,,,,,,,,,,,,,,,,,,,,,,,,,,,,,,,,,,,,,,,,,,,,,,,,,,,,,,,,,,,,,,,,,,,,,,,,,,,,,,,,,,,,,,,,,,,,,,,,,,,,,,,,,,,,,,,,,,,,,,,,,,,,,,,,,,,,,,,,,,,,,,,,,,,,,,,,,,,,,,,,,,,,,,,,,,,,,,,,1,99.26595065349935 200.0126773190142 199.91080255857668 0.5975832115919686 99.9563633365288 99.87276274245782,2,3,5,6,1,4,1. M230_1 - Sukra Moalin Mohamed,2. M230_2 - Qureysh Abdi Mahad,3. M230_3 - Raheeya Rashid Ali,4. M230_4 - Dirane Abdi Idan,5. M230_5 - Khadar Mohamed Abdi,6. M230_6 - Awo Moalin Mohamed,0.5126773190141785 0.4108025585766688 0.09758321159196859,2,1 2 3 4 5 6,1. M230-1 - Khadar Mohamed Abdi<br/>2. M230-2 - Sukra Moalin Mohamed<br/>3. M230-3 - Qureysh Abdi Mahad<br/>4. M230-4 - Awo Moalin Mohamed<br/>5. M230-5 - Raheeya Rashid Ali<br/>6. M230-6 - Dirane Abdi Idan,6,2,3,4,Sukra Moalin Mohamed,Qureysh Abdi Mahad,Awo Moalin Mohamed,1. Sukra Moalin Mohamed (Husband to be interviewed)<br/>,2. Qureysh Abdi Mahad (Husband to be interviewed)<br/>,,,,6. Awo Moalin Mohamed (Husband to be interviewed)<br/>,"Husbands of Sukra Moalin Mohamed, Qureysh Abdi Mahad and Awo Moalin Mohamed must be interviewed (one may serve as replacement).",3,Awo Moalin Mohamed (Replacement),⚠ Spouse interview required,uuid:3ab31df8-d097-4f16-9841-364d4b657cc1,2603230738,uuid:3ab31df8-d097-4f16-9841-364d4b657cc1
05-Apr-2026 20:36:52,04-Apr-2026 15:21:54,05-Apr-2026 18:22:59,536368b28fdd5880,,llrp_team1,samsung|SM-X115|14|SurveyCTO Collect 2.81.5 (387e45a),441,,Daniel,Ahmed,Hararey,Hararey 01_5,M236,hilaac,10,TechLed,#1f4bd6,8,8,Gedi sahane muhumed,2,5,,M236-1,0,0,0.5470097014312973,1,99,99,0,0.5470097014312973,1,1. M236-1 - Gedi sahane muhumed,0,0.21189880503165992,999,99,Abdi ali rabi,2,6,,M236-2,0,1,0.24710478501619293,2,99,1,0,99.24710478501619,1,2. M236-2 - Abdi ali rabi,0,0.08360417840251833,999,99,Mahamed arab sahal,2,6,,M236-3,0,1,0.4021255699551227,3,99,1,0,99.40212556995512,1,3. M236-3 - Mahamed arab sahal,0,0.9962292845967463,999,99,Abdifatah mahbub farah,2,6,,M236-4,0,1,0.9472171133129157,4,99,1,0,99.94721711331292,1,4. M236-4 - Abdifatah mahbub farah,0,0.821970660542791,999,99,Abdilahi abdi hussen,2,6,,M236-5,0,1,0.2636570862031663,5,99,1,0,99.26365708620317,1,5. M236-5 - Abdilahi abdi hussen,0,0.6245387898372647,999,99,Saynaba sahane muhumed,1,6,1,M236-6,0,1,0.8368327534690903,6,99,1,0.5,100.3368327534691,1,6. M236-6 - Saynaba sahane muhumed,1,0.6655247724023952,0.8368327534690903,1,"Bisharo dahir shafi,i",1,1,1,M236-7,1,0,0.5188077835194137,7,1,99,0.5,200.0188077835194,1,"7. M236-7 - Bisharo dahir shafi,i",1,0.11190371284346934,0.5188077835194137,1,Kader abdi maah,2,6,,M236-8,0,1,0.5378943428970037,8,99,1,0,99.537894342897,1,8. M236-8 - Kader abdi maah,0,0.4814088107810045,999,99,,,,,,,,,,,,,,,,,,,,,,,,,,,,,,,,,,,,,,,,,,,,,,,,,,,,,,,,,,,,,,,,,,,,,,,,,,,,,,,,,,,,,,,,,,,,,,,,,,,,,,,,,,,,,,,,,,,,,,,,,,,,,,,,,,,,,,,,,,,,,,,,,,,,,,,,,1,0.5470097014312973 99.24710478501619 99.40212556995512 99.94721711331292 99.26365708620317 100.3368327534691 200.0188077835194 99.537894342897,7,6,4,8,3,5,"1. M236_1 - Bisharo dahir shafi,i",2. M236_2 - Saynaba sahane muhumed,3. M236_3 - Abdifatah mahbub farah,4. M236_4 - Kader abdi maah,5. M236_5 - Mahamed arab sahal,6. M236_6 - Abdilahi abdi hussen,0.8368327534690903 0.5188077835194137,1,3 4 5 6 7 8,"1. M236-1 - Gedi sahane muhumed<br/>2. M236-2 - Abdi ali rabi<br/>3. M236-3 - Mahamed arab sahal<br/>4. M236-4 - Abdifatah mahbub farah<br/>5. M236-5 - Abdilahi abdi hussen<br/>6. M236-6 - Saynaba sahane muhumed<br/>7. M236-7 - Bisharo dahir shafi,i<br/>8. M236-8 - Kader abdi maah",6,6,7,,Saynaba sahane muhumed,"Bisharo dahir shafi,i",,"1. Bisharo dahir shafi,i (Husband to be interviewed)<br/>",2. Saynaba sahane muhumed (Husband to be interviewed)<br/>,,,,,"Husbands of Saynaba sahane muhumed and Bisharo dahir shafi,i must be interviewed.",2,,⚠ Spouse interview required,uuid:29ddbbe0-6ae5-4652-9e75-2b46ef38e00d,2603230738,uuid:29ddbbe0-6ae5-4652-9e75-2b46ef38e00d
05-Apr-2026 20:36:59,05-Apr-2026 10:01:01,05-Apr-2026 18:23:43,536368b28fdd5880,,llrp_team1,samsung|SM-X115|14|SurveyCTO Collect 2.81.5 (387e45a),519,,Daniel,Ahmed,Hararey,Hararey 01_4,M233,Durdur,8,HumanLed,#0a8f3c,6,6,Wali shek yusuf hussen,2,1,,M233-1,1,0,0.3991282344473782,1,1,99,0,199.39912823444737,1,1. M233-1 - Wali shek yusuf hussen,0,0.6576911560713617,999,99,Bashir mahamed bihi,2,6,,M233-2,0,1,0.4276308643894652,2,99,1,0,99.42763086438947,1,2. M233-2 - Bashir mahamed bihi,0,0.8779208868028182,999,99,Mahamed dahir kalif,2,6,,M233-3,0,1,0.914569878493867,3,99,1,0,99.91456987849386,1,3. M233-3 - Mahamed dahir kalif,0,0.4853044201551352,999,99,"Ardo shek shafi,i",1,3,2,M233-4,1,0,0.6629660310642829,4,1,99,0,199.6629660310643,1,"4. M233-4 - Ardo shek shafi,i",0,0.2556636446755648,999,99,Hodan hassen jawhar,1,6,2,M233-5,0,1,0.5790262691250746,5,99,1,0,99.57902626912508,1,5. M233-5 - Hodan hassen jawhar,0,0.6589190715094629,999,99,Fathi sayid abdilahi,1,6,1,M233-6,0,1,0.8446309649522421,6,99,1,0.5,100.34463096495224,1,6. M233-6 - Fathi sayid abdilahi,1,0.8170235952942343,0.8446309649522421,1,,,,,,,,,,,,,,,,,,,,,,,,,,,,,,,,,,,,,,,,,,,,,,,,,,,,,,,,,,,,,,,,,,,,,,,,,,,,,,,,,,,,,,,,,,,,,,,,,,,,,,,,,,,,,,,,,,,,,,,,,,,,,,,,,,,,,,,,,,,,,,,,,,,,,,,,,,,,,,,,,,,,,,,,,,,,,,,,,,,,,,,,,,,,,,,1,199.39912823444737 99.42763086438947 99.91456987849386 199.6629660310643 99.57902626912508 100.34463096495224,4,1,6,3,5,2,"1. M233_1 - Ardo shek shafi,i",2. M233_2 - Wali shek yusuf hussen,3. M233_3 - Fathi sayid abdilahi,4. M233_4 - Mahamed dahir kalif,5. M233_5 - Hodan hassen jawhar,6. M233_6 - Bashir mahamed bihi,0.8446309649522421,2,1 2 3 4 5 6,"1. M233-1 - Wali shek yusuf hussen<br/>2. M233-2 - Bashir mahamed bihi<br/>3. M233-3 - Mahamed dahir kalif<br/>4. M233-4 - Ardo shek shafi,i<br/>5. M233-5 - Hodan hassen jawhar<br/>6. M233-6 - Fathi sayid abdilahi",6,6,,,Fathi sayid abdilahi,,,,,3. Fathi sayid abdilahi (Husband to be interviewed)<br/>,,,,Husband of Fathi sayid abdilahi must be interviewed.,1,,⚠ Spouse interview required,uuid:5f293b85-3cf4-4010-ba94-bc52688c9f09,2603230738,uuid:5f293b85-3cf4-4010-ba94-bc52688c9f09
05-Apr-2026 20:59:21,05-Apr-2026 09:06:07,05-Apr-2026 20:58:53,16848f7fba76a71f,,llrp_team1,samsung|SM-X115|15|SurveyCTO Collect 2.81.5 (387e45a),428,,Muktar,Niman,Salahad,Hadhaawe_1,M337,Waabari,12,HumanLed,#0a8f3c,6,6,Amien abdi siyaad,2,1,,M337-1,1,0,0.6723731692638993,1,1,99,0,199.6723731692639,1,1. M337-1 - Amien abdi siyaad,0,0.09797397584170908,999,99,Nuor siyad ahmed,2,3,,M337-2,1,0,0.4352903175371692,2,1,99,0,199.43529031753718,1,2. M337-2 - Nuor siyad ahmed,0,0.6482579252680768,999,99,Bashir gani abdullahi,2,5,,M337-3,0,0,0.5350257228101019,3,99,99,0,0.5350257228101019,1,3. M337-3 - Bashir gani abdullahi,0,0.7033095125012262,999,99,Abdi raage nasteeh,2,6,,M337-4,0,1,0.940298593007088,4,99,1,0,99.94029859300709,1,4. M337-4 - Abdi raage nasteeh,0,0.7377223313790566,999,99,Mohamed macalin isack,2,6,,M337-5,0,1,0.5637282577824634,5,99,1,0,99.56372825778246,1,5. M337-5 - Mohamed macalin isack,0,0.9259100166540535,999,99,Abdullahi nuor abdi,2,6,,M337-6,0,1,0.14905855311711536,6,99,1,0,99.14905855311711,1,6. M337-6 - Abdullahi nuor abdi,0,0.17119374580582247,999,99,,,,,,,,,,,,,,,,,,,,,,,,,,,,,,,,,,,,,,,,,,,,,,,,,,,,,,,,,,,,,,,,,,,,,,,,,,,,,,,,,,,,,,,,,,,,,,,,,,,,,,,,,,,,,,,,,,,,,,,,,,,,,,,,,,,,,,,,,,,,,,,,,,,,,,,,,,,,,,,,,,,,,,,,,,,,,,,,,,,,,,,,,,,,,,,1,199.6723731692639 199.43529031753718 0.5350257228101019 99.94029859300709 99.56372825778246 99.14905855311711,1,2,4,5,6,3,1. M337_1 - Amien abdi siyaad,2. M337_2 - Nuor siyad ahmed,3. M337_3 - Abdi raage nasteeh,4. M337_4 - Mohamed macalin isack,5. M337_5 - Abdullahi nuor abdi,6. M337_6 - Bashir gani abdullahi,,2,1 2 3 4 5 6,1. M337-1 - Amien abdi siyaad<br/>2. M337-2 - Nuor siyad ahmed<br/>3. M337-3 - Bashir gani abdullahi<br/>4. M337-4 - Abdi raage nasteeh<br/>5. M337-5 - Mohamed macalin isack<br/>6. M337-6 - Abdullahi nuor abdi,6,,,,,,,,,,,,,No eligible spouse found.,0,,,uuid:00b1a5f2-a4cb-4cc5-9498-f3c1f75ea649,2603230738,uuid:00b1a5f2-a4cb-4cc5-9498-f3c1f75ea649
05-Apr-2026 21:09:17,05-Apr-2026 09:19:11,05-Apr-2026 09:27:05,3360ac9e5488af4f,,llrp_team1,samsung|SM-X115|14|SurveyCTO Collect 2.81.5 (387e45a),465,,Muktar,Abdulfetah,Salahad,Salahad town_1,M331,Mago,12,Control,#d60000,9,9,Farah sharif mahbub,1,1,,M331-1,1,0,0.3537334603030964,1,1,99,0,199.3537334603031,1,1. M331-1 - Farah sharif mahbub,0,0.5366933823451625,999,99,Ardo shukri magane,1,2,,M331-2,0,0,0.6055847135776435,2,99,99,0,0.6055847135776435,1,2. M331-2 - Ardo shukri magane,0,0.783601104432011,999,99,Maryan abdi dolal,1,5,,M331-3,0,0,0.6492277757907817,3,99,99,0,0.6492277757907817,1,3. M331-3 - Maryan abdi dolal,0,0.10302029237950427,999,99,Lin Ahmed  Guray,1,3,,M331-4,1,0,0.651751668906633,4,1,99,0,199.65175166890663,1,4. M331-4 - Lin Ahmed  Guray,0,0.37774303236102436,999,99,Fadumo abdi nur,1,4,,M331-5,1,0,0.9564879513781075,5,1,99,0,199.9564879513781,1,5. M331-5 - Fadumo abdi nur,0,0.7675205961672168,999,99,Fadumo abdi hajir,1,6,,M331-6,0,1,0.21396753506524235,6,99,1,0,99.21396753506524,1,6. M331-6 - Fadumo abdi hajir,0,0.9416644454780089,999,99,Bisharo Mohammud Abdi,1,6,,M331-7,0,1,0.6676220893973708,7,99,1,0,99.66762208939737,1,7. M331-7 - Bisharo Mohammud Abdi,0,0.9240684203582454,999,99,Esh Mohammed du'ale,1,6,,M331-8,0,1,0.5111294001540732,8,99,1,0,99.51112940015408,1,8. M331-8 - Esh Mohammed du'ale,0,0.588937842167468,999,99,Alan ma'alin Mohammed,1,6,,M331-9,0,1,0.8482443720322919,9,99,1,0,99.8482443720323,1,9. M331-9 - Alan ma'alin Mohammed,0,0.9987893099568075,999,99,,,,,,,,,,,,,,,,,,,,,,,,,,,,,,,,,,,,,,,,,,,,,,,,,,,,,,,,,,,,,,,,,,,,,,,,,,,,,,,,,,,,,,,,,,,,,,,,,,,,,,,,,,,,,,,,,,,,,,,,,,,,,,,,,,,,,,1,199.3537334603031 0.6055847135776435 0.6492277757907817 199.65175166890663 199.9564879513781 99.21396753506524 99.66762208939737 99.51112940015408 99.8482443720323,5,4,1,9,7,8,1. M331_1 - Fadumo abdi nur,2. M331_2 - Lin Ahmed  Guray,3. M331_3 - Farah sharif mahbub,4. M331_4 - Alan ma'alin Mohammed,5. M331_5 - Bisharo Mohammud Abdi,6. M331_6 - Esh Mohammed du'ale,,3,1 4 5 7 8 9,1. M331-1 - Farah sharif mahbub <br/>2. M331-2 - Ardo shukri magane <br/>3. M331-3 - Maryan abdi dolal <br/>4. M331-4 - Lin Ahmed  Guray <br/>5. M331-5 - Fadumo abdi nur <br/>6. M331-6 - Fadumo abdi hajir <br/>7. M331-7 - Bisharo Mohammud Abdi <br/>8. M331-8 - Esh Mohammed du'ale <br/>9. M331-9 - Alan ma'alin Mohammed,6,,,,,,,,,,,,,No eligible spouse found.,0,,,uuid:be5941d2-f5e5-408d-95f9-ccfc26b40e1b,2603230738,uuid:be5941d2-f5e5-408d-95f9-ccfc26b40e1b
05-Apr-2026 22:19:09,05-Apr-2026 15:32:10,05-Apr-2026 15:43:11,0edc637665f6e98c,,llrp_team1,samsung|SM-X115|15|SurveyCTO Collect 2.81.5 (387e45a),661,,Daniel,Ahmed,Hararey,Hararey 03_2,M234,Tayo,10,TechLed,#1f4bd6,7,7,Adan gabose abdi,2,1,,M234-1,1,0,0.19654627445917328,1,1,99,0,199.19654627445917,1,1. M234-1 - Adan gabose abdi,0,0.641116294794017,999,99,Barkad muhiyadin mohamed,2,6,,M234-2,0,1,0.6058007887180241,2,99,1,0,99.60580078871803,1,2. M234-2 - Barkad muhiyadin mohamed,0,0.3350441636758841,999,99,Farhiya hassen adan,1,3,1,M234-3,1,0,0.5456855620820605,3,1,99,0.5,200.04568556208207,1,3. M234-3 - Farhiya hassen adan,1,0.3842507651399252,0.5456855620820605,1,Adna abdulahi mursal,1,6,1,M234-4,0,1,0.3869887858305604,4,99,1,0.5,99.88698878583057,1,4. M234-4 - Adna abdulahi mursal,1,0.48353147355585213,0.3869887858305604,1,Dek hashir ibrahin,2,6,,M234-5,0,1,0.6545164517695692,5,99,1,0,99.65451645176957,1,5. M234-5 - Dek hashir ibrahin,0,0.9356770515499698,999,99,Anisa ibrahin mursal,1,6,2,M234-6,0,1,0.6467249258010753,6,99,1,0,99.64672492580108,1,6. M234-6 - Anisa ibrahin mursal,0,0.9073211356960666,999,99,Ardo abdi badal,1,6,2,M234-7,0,1,0.5010443810416788,7,99,1,0,99.50104438104168,1,7. M234-7 - Ardo abdi badal,0,0.9205404402785557,999,99,,,,,,,,,,,,,,,,,,,,,,,,,,,,,,,,,,,,,,,,,,,,,,,,,,,,,,,,,,,,,,,,,,,,,,,,,,,,,,,,,,,,,,,,,,,,,,,,,,,,,,,,,,,,,,,,,,,,,,,,,,,,,,,,,,,,,,,,,,,,,,,,,,,,,,,,,,,,,,,,,,,,,,,,,,,,1,199.19654627445917 99.60580078871803 200.04568556208207 99.88698878583057 99.65451645176957 99.64672492580108 99.50104438104168,3,1,4,5,6,2,1. M234_1 - Farhiya hassen adan,2. M234_2 - Adan gabose abdi,3. M234_3 - Adna abdulahi mursal,4. M234_4 - Dek hashir ibrahin,5. M234_5 - Anisa ibrahin mursal,6. M234_6 - Barkad muhiyadin mohamed,0.5456855620820605 0.3869887858305604,2,1 2 3 4 5 6,1. M234-1 - Adan gabose abdi<br/>2. M234-2 - Barkad muhiyadin mohamed<br/>3. M234-3 - Farhiya hassen adan<br/>4. M234-4 - Adna abdulahi mursal<br/>5. M234-5 - Dek hashir ibrahin<br/>6. M234-6 - Anisa ibrahin mursal<br/>7. M234-7 - Ardo abdi badal,6,3,4,,Farhiya hassen adan,Adna abdulahi mursal,,1. Farhiya hassen adan (Husband to be interviewed)<br/>,,3. Adna abdulahi mursal (Husband to be interviewed)<br/>,,,,Husbands of Farhiya hassen adan and Adna abdulahi mursal must be interviewed.,2,,⚠ Spouse interview required,uuid:77515ed1-6cce-433e-86f4-efc0b78c5935,2603230738,uuid:77515ed1-6cce-433e-86f4-efc0b78c5935
06-Apr-2026 05:45:18,05-Apr-2026 09:54:33,05-Apr-2026 10:05:46,6b74f9d4edaa4c9a,,llrp_team1,samsung|SM-X115|15|SurveyCTO Collect 2.81.5 (387e45a),673,,Anteneh,Mahamed,marsin,marsin 02_1,M286,maandeeq,16,TechLed,#1f4bd6,7,7,Dahir ahmed hure,2,1,,M286-1,1,0,0.3228494126158753,1,1,99,0,199.32284941261588,1,1. M286-1 - Dahir ahmed hure,0,0.599634121302312,999,99,Mahamud aydid dahir,2,5,,M286-2,0,0,0.2732346123666469,2,99,99,0,0.2732346123666469,1,2. M286-2 - Mahamud aydid dahir,0,0.9008302473497004,999,99,Halimo osman aden,1,6,2,M286-3,0,1,0.4563429270883912,3,99,1,0,99.45634292708839,1,3. M286-3 - Halimo osman aden,0,0.9327214065594152,999,99,Hubi muhumed shukri,1,6,1,M286-4,0,1,0.23683319338680708,4,99,1,0.5,99.7368331933868,1,4. M286-4 - Hubi muhumed shukri,1,0.5629464525113757,0.23683319338680708,1,Shamsa dalal muhumed,1,6,2,M286-5,0,1,0.2744792307553211,5,99,1,0,99.27447923075532,1,5. M286-5 - Shamsa dalal muhumed,0,0.9892997998763564,999,99,Abdikarin muhumed mohamed,2,6,,M286-6,0,1,0.37476544045315663,6,99,1,0,99.37476544045316,1,6. M286-6 - Abdikarin muhumed mohamed,0,0.9340053031083423,999,99,Asad mohamed omer,2,6,,M286-7,0,1,0.7580309029832525,7,99,1,0,99.75803090298325,1,7. M286-7 - Asad mohamed omer,0,0.4892326779662728,999,99,Ubah mahad dahir,1,6,2,M286-8,0,1,0.8588102794101294,8,99,1,0,99.85881027941014,1,8. M286-8 - Ubah mahad dahir,0,0.6553616354616428,999,99,,,,,,,,,,,,,,,,,,,,,,,,,,,,,,,,,,,,,,,,,,,,,,,,,,,,,,,,,,,,,,,,,,,,,,,,,,,,,,,,,,,,,,,,,,,,,,,,,,,,,,,,,,,,,,,,,,,,,,,,,,,,,,,,,,,,,,,,,,,,,,,,,,,,,,,,,1,199.32284941261588 0.2732346123666469 99.45634292708839 99.7368331933868 99.27447923075532 99.37476544045316 99.75803090298325 99.85881027941014,1,8,7,4,3,6,1. M286_1 - Dahir ahmed hure,2. M286_2 - Ubah mahad dahir,3. M286_3 - Asad mohamed omer,4. M286_4 - Hubi muhumed shukri,5. M286_5 - Halimo osman aden,6. M286_6 - Abdikarin muhumed mohamed,0.23683319338680708,1,1 3 4 6 7 8,1. M286-1 - Dahir ahmed hure<br/>2. M286-2 - Mahamud aydid dahir<br/>3. M286-3 - Halimo osman aden<br/>4. M286-4 - Hubi muhumed shukri<br/>5. M286-5 - Shamsa dalal muhumed <br/>6. M286-6 - Abdikarin muhumed mohamed <br/>7. M286-7 - Asad mohamed omer<br/>8. M286-8 - Ubah mahad dahir,6,4,,,Hubi muhumed shukri,,,,,,4. Hubi muhumed shukri (Husband to be interviewed)<br/>,,,Husband of Hubi muhumed shukri must be interviewed.,1,,⚠ Spouse interview required,uuid:3fbedc53-59cc-413f-9c7b-a4110a32a6f6,2603230738,uuid:3fbedc53-59cc-413f-9c7b-a4110a32a6f6
06-Apr-2026 06:43:19,05-Apr-2026 11:03:19,06-Apr-2026 06:40:21,8f3862932650ecd7,,llrp_team1,samsung|SM-X115|15|SurveyCTO Collect 2.81.4 (461ba40),525,,Anteneh,Mohamed,marsin,marsin 01_1,M285,horseed,18,TechLed,#1f4bd6,8,8,Nour Mahamed Ahmed,2,6,,M285-1,0,1,0.8029939655480125,1,99,1,0,99.80299396554801,1,1. M285-1 - Nour Mahamed Ahmed,0,0.7490915988352737,999,99,Amar Abdi Farah,1,6,2,M285-2,0,1,0.9900437683212192,2,99,1,0,99.99004376832121,1,2. M285-2 - Amar Abdi Farah,0,0.2685875803991309,999,99,Ardo Ahmed kader,1,6,2,M285-3,0,1,0.12446526000883762,3,99,1,0,99.12446526000883,1,3. M285-3 - Ardo Ahmed kader,0,0.03482702962946416,999,99,Ali Abdi Ahmed,2,1,,M285-4,1,0,0.5567620606048627,4,1,99,0,199.55676206060485,1,4. M285-4 - Ali Abdi Ahmed,0,0.7283160892429368,999,99,Shukri Sahane Bare,1,3,2,M285-5,1,0,0.7638740430612123,5,1,99,0,199.7638740430612,1,5. M285-5 - Shukri Sahane Bare,0,0.8428796189538302,999,99,Amina Ahmed Abdi,1,6,2,M285-6,0,1,0.5300262840538955,6,99,1,0,99.53002628405389,1,6. M285-6 - Amina Ahmed Abdi,0,0.0758065009550909,999,99,Mahamoud Gani barkadleh,2,6,,M285-7,0,1,0.5961098877481404,7,99,1,0,99.59610988774814,1,7. M285-7 - Mahamoud Gani barkadleh,0,0.6994746830702949,999,99,Abdifatah Abdi Gaarane,2,6,,M285-8,0,1,0.04610611774689355,8,99,1,0,99.04610611774689,1,8. M285-8 - Abdifatah Abdi Gaarane,0,0.9964223868065094,999,99,,,,,,,,,,,,,,,,,,,,,,,,,,,,,,,,,,,,,,,,,,,,,,,,,,,,,,,,,,,,,,,,,,,,,,,,,,,,,,,,,,,,,,,,,,,,,,,,,,,,,,,,,,,,,,,,,,,,,,,,,,,,,,,,,,,,,,,,,,,,,,,,,,,,,,,,,1,99.80299396554801 99.99004376832121 99.12446526000883 199.55676206060485 199.7638740430612 99.53002628405389 99.59610988774814 99.04610611774689,5,4,2,1,7,6,1. M285_1 - Shukri Sahane Bare,2. M285_2 - Ali Abdi Ahmed,3. M285_3 - Amar Abdi Farah,4. M285_4 - Nour Mahamed Ahmed,5. M285_5 - Mahamoud Gani barkadleh,6. M285_6 - Amina Ahmed Abdi,,2,1 2 4 5 6 7,1. M285-1 - Nour Mahamed Ahmed<br/>2. M285-2 - Amar Abdi Farah<br/>3. M285-3 - Ardo Ahmed kader<br/>4. M285-4 - Ali Abdi Ahmed<br/>5. M285-5 - Shukri Sahane Bare<br/>6. M285-6 - Amina Ahmed Abdi<br/>7. M285-7 - Mahamoud Gani barkadleh<br/>8. M285-8 - Abdifatah Abdi Gaarane,6,,,,,,,,,,,,,No eligible spouse found.,0,,,uuid:94e4ba5c-ac46-497d-8941-1c668b423766,2603230738,uuid:94e4ba5c-ac46-497d-8941-1c668b423766
06-Apr-2026 17:17:37,06-Apr-2026 10:55:42,06-Apr-2026 17:16:35,82e2405be9604681,,llrp_team1,samsung|SM-X115|15|SurveyCTO Collect 2.81.5 (387e45a),521,,Daniel,Daniel,Harawa,Keynfalato_1,M238,Kaafiya Livestock marketing CIGs,14,Control,#d60000,6,6,Ali hasen haybe,2,5,,M238-1,0,0,0.9981457502135044,1,99,99,0,0.9981457502135044,1,1. M238-1 - Ali hasen haybe,0,0.8815822085419368,999,99,Yasin Mehamed Ahmed,2,6,,M238-2,0,1,0.44309309286052045,2,99,1,0,99.44309309286052,1,2. M238-2 - Yasin Mehamed Ahmed,0,0.8241481476745591,999,99,Roda said Mehamud,1,6,,M238-3,0,1,0.44662083630650795,3,99,1,0,99.44662083630651,1,3. M238-3 - Roda said Mehamud,0,0.17679290462350006,999,99,Idil Ali hassen,1,3,,M238-4,1,0,0.6584955555648866,4,1,99,0,199.65849555556488,1,4. M238-4 - Idil Ali hassen,0,0.8017559737441875,999,99,Nimo Abdulahi hussen,1,6,,M238-5,0,1,0.047926651735938464,5,99,1,0,99.04792665173593,1,5. M238-5 - Nimo Abdulahi hussen,0,0.9844837976163986,999,99,Kawsar Muhumad Negeye,1,6,,M238-6,0,1,0.9873323166447512,6,99,1,0,99.98733231664475,1,6. M238-6 - Kawsar Muhumad Negeye,0,0.6838391063033552,999,99,,,,,,,,,,,,,,,,,,,,,,,,,,,,,,,,,,,,,,,,,,,,,,,,,,,,,,,,,,,,,,,,,,,,,,,,,,,,,,,,,,,,,,,,,,,,,,,,,,,,,,,,,,,,,,,,,,,,,,,,,,,,,,,,,,,,,,,,,,,,,,,,,,,,,,,,,,,,,,,,,,,,,,,,,,,,,,,,,,,,,,,,,,,,,,,0,0.9981457502135044 99.44309309286052 99.44662083630651 199.65849555556488 99.04792665173593 99.98733231664475,4,6,3,2,5,1,1. M238_1 - Idil Ali hassen,2. M238_2 - Kawsar Muhumad Negeye,3. M238_3 - Roda said Mehamud,4. M238_4 - Yasin Mehamed Ahmed,5. M238_5 - Nimo Abdulahi hussen,6. M238_6 - Ali hasen haybe,,1,1 2 3 4 5 6,1. M238-1 - Ali hasen haybe<br/>2. M238-2 - Yasin Mehamed Ahmed<br/>3. M238-3 - Roda said Mehamud<br/>4. M238-4 - Idil Ali hassen<br/>5. M238-5 - Nimo Abdulahi hussen<br/>6. M238-6 - Kawsar Muhumad Negeye,6,,,,,,,,,,,,,No eligible spouse found.,0,,,uuid:8eca6ee9-9241-4fbc-94dc-3128a5e1f4f0,2603230738,uuid:8eca6ee9-9241-4fbc-94dc-3128a5e1f4f0
06-Apr-2026 20:51:52,05-Apr-2026 15:45:36,06-Apr-2026 12:33:10,4eeefaf360cd4a3a,,llrp_team1,samsung|SM-X115|15|SurveyCTO Collect 2.81.5 (387e45a),1342,,Muktar,Hasen,Salahad,Afwayne_1,M340,Afmacaan,11,HumanLed,#0a8f3c,10,10,Faduma mahamed kalif,1,1,2,M340-1,1,0,0.09537119168015795,1,1,99,0,199.09537119168016,1,1. M340-1 - Faduma mahamed kalif,0,0.7337490682427059,999,99,Muslima kilas malin,1,3,2,M340-2,1,0,0.19355384837098122,2,1,99,0,199.19355384837098,1,2. M340-2 - Muslima kilas malin,0,0.9500866356939781,999,99,Mahamud sugale budul,2,2,,M340-3,0,0,0.8106251730821479,3,99,99,0,0.8106251730821479,1,3. M340-3 - Mahamud sugale budul,0,0.2140472998752342,999,99,Faduma  mahamed duale,1,5,2,M340-4,0,0,0.11901258984156071,4,99,99,0,0.11901258984156071,1,4. M340-4 - Faduma  mahamed duale,0,0.11423162157878952,999,99,Barah dahir ismail,2,6,,M340-5,0,1,0.14967380113981033,5,99,1,0,99.14967380113981,1,5. M340-5 - Barah dahir ismail,0,0.33765657183535513,999,99,Geni muhumed ali,1,6,2,M340-6,0,1,0.9877927844259914,6,99,1,0,99.98779278442599,1,6. M340-6 - Geni muhumed ali,0,0.5724464708895675,999,99,Maryama sheik hassen,1,4,1,M340-7,1,0,0.6137504037039386,7,1,99,0.5,200.11375040370393,1,7. M340-7 - Maryama sheik hassen,1,0.5363856104411249,0.6137504037039386,1,Faduma mahamud omar,1,6,2,M340-8,0,1,0.38464453317283986,8,99,1,0,99.38464453317285,1,8. M340-8 - Faduma mahamud omar,0,0.03862726963055585,999,99,Arda barah dahir,1,6,2,M340-9,0,1,0.5962336291031356,9,99,1,0,99.59623362910314,1,9. M340-9 - Arda barah dahir,0,0.8385926436939437,999,99,Faduma muhumed hussen,1,6,1,M340-10,0,1,0.774730470522632,10,99,1,0.5,100.27473047052263,1,10. M340-10 - Faduma muhumed hussen,1,0.5242116272642845,0.774730470522632,1,,,,,,,,,,,,,,,,,,,,,,,,,,,,,,,,,,,,,,,,,,,,,,,,,,,,,,,,,,,,,,,,,,,,,,,,,,,,,,,,,,,,,,,,,,,,,,,,,,,,,,,,,,,,,,,,,,,1,199.09537119168016 199.19355384837098 0.8106251730821479 0.11901258984156071 99.14967380113981 99.98779278442599 200.11375040370393 99.38464453317285 99.59623362910314 100.27473047052263,7,2,1,10,6,9,1. M340_1 - Maryama sheik hassen,2. M340_2 - Muslima kilas malin,3. M340_3 - Faduma mahamed kalif,4. M340_4 - Faduma muhumed hussen,5. M340_5 - Geni muhumed ali,6. M340_6 - Arda barah dahir,0.6137504037039386 0.774730470522632,3,1 2 6 7 9 10,1. M340-1 - Faduma mahamed kalif<br/>2. M340-2 - Muslima kilas malin<br/>3. M340-3 - Mahamud sugale budul<br/>4. M340-4 - Faduma  mahamed duale<br/>5. M340-5 - Barah dahir ismail<br/>6. M340-6 - Geni muhumed ali<br/>7. M340-7 - Maryama sheik hassen<br/>8. M340-8 - Faduma mahamud omar<br/>9. M340-9 - Arda barah dahir<br/>10. M340-10 - Faduma muhumed hussen,6,10,7,,Faduma muhumed hussen,Maryama sheik hassen,,1. Maryama sheik hassen (Husband to be interviewed)<br/>,,,4. Faduma muhumed hussen (Husband to be interviewed)<br/>,,,Husbands of Faduma muhumed hussen and Maryama sheik hassen must be interviewed.,2,,⚠ Spouse interview required,uuid:8b68a4ac-ec1b-42bd-ab75-3d76c31a1773,2603230738,uuid:8b68a4ac-ec1b-42bd-ab75-3d76c31a1773
06-Apr-2026 21:10:16,05-Apr-2026 10:52:35,05-Apr-2026 21:07:22,7697c74e25302763,,llrp_team1,samsung|SM-X115|15|SurveyCTO Collect 2.81.5 (387e45a),350,,Daniel,Idil,Harawa,Qoton_1,M241,Ayan,13,TechLed,#1f4bd6,12,12,Saleban ege farah,2,6,,M241-1,0,1,0.5389572553422882,1,99,1,0,99.53895725534228,1,1. M241-1 - Saleban ege farah,0,0.8315976816439643,999,99,Muhiyadin adan abdullahi,2,6,,M241-2,0,1,0.6559354830999425,2,99,1,0,99.65593548309994,1,2. M241-2 - Muhiyadin adan abdullahi,0,0.6515588912368644,999,99,Abdisalam omer abdullahi,2,6,,M241-3,0,1,0.3578988611515148,3,99,1,0,99.35789886115151,1,3. M241-3 - Abdisalam omer abdullahi,0,0.6220921298939173,999,99,Hasan omer ismail,2,6,,M241-4,0,1,0.6653646193448799,4,99,1,0,99.66536461934488,1,4. M241-4 - Hasan omer ismail,0,0.5211048725559343,999,99,Farhan mahamud muhummed,2,5,,M241-5,0,0,0.4084390003323466,5,99,99,0,0.4084390003323466,1,5. M241-5 - Farhan mahamud muhummed,0,0.9049801576432368,999,99,Mahdi Ahmed abdosh,2,6,,M241-6,0,1,0.012013763874975214,6,99,1,0,99.01201376387498,1,6. M241-6 - Mahdi Ahmed abdosh,0,0.8977785645270229,999,99,Tajir omer Ahmed,2,6,,M241-7,0,1,0.9436013482806356,7,99,1,0,99.94360134828064,1,7. M241-7 - Tajir omer Ahmed,0,0.255952358016456,999,99,Mahdiya mahamed abdi,1,6,2,M241-8,0,1,0.4950220087851085,8,99,1,0,99.49502200878511,1,8. M241-8 - Mahdiya mahamed abdi,0,0.9922522045670583,999,99,Halimo hamud abdullahi,1,3,1,M241-9,1,0,0.40567745420727697,9,1,99,0.5,199.90567745420728,1,9. M241-9 - Halimo hamud abdullahi,1,0.1713675977617144,0.40567745420727697,1,Ali mahamed dahir,2,1,,M241-10,1,0,0.2503409230766471,10,1,99,0,199.25034092307664,1,10. M241-10 - Ali mahamed dahir,0,0.9857571337072192,999,99,Abdifatah abdullahi muse,2,2,,M241-11,0,0,0.1264275181681127,11,99,99,0,0.1264275181681127,1,11. M241-11 - Abdifatah abdullahi muse,0,0.29031874850820505,999,99,Niman jibril ali,2,6,,M241-12,0,1,0.24337029525608778,12,99,1,0,99.24337029525609,1,12. M241-12 - Niman jibril ali,0,0.09187542412417948,999,99,,,,,,,,,,,,,,,,,,,,,,,,,,,,,,,,,,,,,,,,,,,,,,,,,,,,,,,,,,,,,,,,,,,,,,,,,,,,,1,99.53895725534228 99.65593548309994 99.35789886115151 99.66536461934488 0.4084390003323466 99.01201376387498 99.94360134828064 99.49502200878511 199.90567745420728 199.25034092307664 0.1264275181681127 99.24337029525609,9,10,7,4,2,1,1. M241_1 - Halimo hamud abdullahi,2. M241_2 - Ali mahamed dahir,3. M241_3 - Tajir omer Ahmed,4. M241_4 - Hasan omer ismail,5. M241_5 - Muhiyadin adan abdullahi,6. M241_6 - Saleban ege farah,0.40567745420727697,2,1 2 4 7 9 10,1. M241-1 - Saleban ege farah<br/>2. M241-2 - Muhiyadin adan abdullahi<br/>3. M241-3 - Abdisalam omer abdullahi<br/>4. M241-4 - Hasan omer ismail<br/>5. M241-5 - Farhan mahamud muhummed<br/>6. M241-6 - Mahdi Ahmed abdosh<br/>7. M241-7 - Tajir omer Ahmed<br/>8. M241-8 - Mahdiya mahamed abdi<br/>9. M241-9 - Halimo hamud abdullahi<br/>10. M241-10 - Ali mahamed dahir<br/>11. M241-11 - Abdifatah abdullahi muse<br/>12. M241-12 - Niman jibril ali,6,9,,,Halimo hamud abdullahi,,,1. Halimo hamud abdullahi (Husband to be interviewed)<br/>,,,,,,Husband of Halimo hamud abdullahi must be interviewed.,1,,⚠ Spouse interview required,uuid:f4aa3c1b-c5ea-4f32-b239-56e771340216,2603230738,uuid:f4aa3c1b-c5ea-4f32-b239-56e771340216
06-Apr-2026 21:13:48,06-Apr-2026 10:00:47,06-Apr-2026 21:12:35,7697c74e25302763,,llrp_team1,samsung|SM-X115|15|SurveyCTO Collect 2.81.5 (387e45a),775,,Daniel,Idil,Harawa,Kaynfilato_1,M246,Hrseed,8,TechLed,#1f4bd6,7,7,Aneb nur yusuf,1,6,2,M246-1,0,1,0.43542859057587757,1,99,1,0,99.43542859057588,1,1. M246-1 - Aneb nur yusuf,0,0.4883835573328442,999,99,Aisha mahdi haji,1,6,2,M246-2,0,1,0.6109583358106621,2,99,1,0,99.61095833581066,1,2. M246-2 - Aisha mahdi haji,0,0.19007390777430022,999,99,Sa'ada hussen eyenan,1,6,2,M246-3,0,1,0.7963330444569695,3,99,1,0,99.79633304445697,1,3. M246-3 - Sa'ada hussen eyenan,0,0.7562946699045558,999,99,Abdi mahad yusuf,2,1,,M246-4,1,0,0.634307064488168,4,1,99,0,199.63430706448815,1,4. M246-4 - Abdi mahad yusuf,0,0.16785385572235623,999,99,Odeode elmi suge,1,3,1,M246-5,1,0,0.9632263288170276,5,1,99,0.5,200.46322632881703,1,5. M246-5 - Odeode elmi suge,1,0.7448947485144678,0.9632263288170276,1,Hibo Ibrahim fahiye,1,6,1,M246-6,0,1,0.8532661632378262,6,99,1,0.5,100.35326616323782,1,6. M246-6 - Hibo Ibrahim fahiye,1,0.6563276477627867,0.8532661632378262,1,Mohamed osman adan,2,6,,M246-7,0,1,0.4741407174866813,7,99,1,0,99.47414071748668,1,7. M246-7 - Mohamed osman adan,0,0.7696059810048819,999,99,,,,,,,,,,,,,,,,,,,,,,,,,,,,,,,,,,,,,,,,,,,,,,,,,,,,,,,,,,,,,,,,,,,,,,,,,,,,,,,,,,,,,,,,,,,,,,,,,,,,,,,,,,,,,,,,,,,,,,,,,,,,,,,,,,,,,,,,,,,,,,,,,,,,,,,,,,,,,,,,,,,,,,,,,,,,1,99.43542859057588 99.61095833581066 99.79633304445697 199.63430706448815 200.46322632881703 100.35326616323782 99.47414071748668,5,4,6,3,2,7,1. M246_1 - Odeode elmi suge,2. M246_2 - Abdi mahad yusuf,3. M246_3 - Hibo Ibrahim fahiye,4. M246_4 - Sa'ada hussen eyenan,5. M246_5 - Aisha mahdi haji,6. M246_6 - Mohamed osman adan,0.9632263288170276 0.8532661632378262,2,2 3 4 5 6 7,1. M246-1 - Aneb nur yusuf<br/>2. M246-2 - Aisha mahdi haji<br/>3. M246-3 - Sa'ada hussen eyenan<br/>4. M246-4 - Abdi mahad yusuf<br/>5. M246-5 - Odeode elmi suge<br/>6. M246-6 - Hibo Ibrahim fahiye<br/>7. M246-7 - Mohamed osman adan,6,5,6,,Odeode elmi suge,Hibo Ibrahim fahiye,,1. Odeode elmi suge (Husband to be interviewed)<br/>,,3. Hibo Ibrahim fahiye (Husband to be interviewed)<br/>,,,,Husbands of Odeode elmi suge and Hibo Ibrahim fahiye must be interviewed.,2,,⚠ Spouse interview required,uuid:74ea9197-9ca8-4d18-8702-a52524915cf7,2603230738,uuid:74ea9197-9ca8-4d18-8702-a52524915cf7
06-Apr-2026 21:19:56,06-Apr-2026 10:59:13,06-Apr-2026 21:17:59,57b11f490a25fce6,,llrp_team1,samsung|SM-X115|15|SurveyCTO Collect 2.81.5 (387e45a),731,,Daniel,Hasen,Harawa,Dhabi_2,M243,Tawfiiq,12,TechLed,#1f4bd6,7,7,Sadeye haji saban,2,3,,M243-1,1,0,0.043659012497930694,1,1,99,0,199.04365901249793,1,1. M243-1 - Sadeye haji saban,0,0.23986059231449708,999,99,Abdikani sheek abdikadir,2,1,,M243-2,1,0,0.8895072483954859,2,1,99,0,199.8895072483955,1,2. M243-2 - Abdikani sheek abdikadir,0,0.8871560554917393,999,99,Kader mahamud haji,2,2,,M243-3,0,0,0.05343348516185009,3,99,99,0,0.05343348516185009,1,3. M243-3 - Kader mahamud haji,0,0.5746620588531708,999,99,Redwan mahamud ahmed,2,4,,M243-4,1,0,0.9444989179665884,4,1,99,0,199.9444989179666,1,4. M243-4 - Redwan mahamud ahmed,0,0.8427458984456896,999,99,Hasen abdi usman,2,5,,M243-5,0,0,0.2727669124825737,5,99,99,0,0.2727669124825737,1,5. M243-5 - Hasen abdi usman,0,0.7995674842610153,999,99,Nimo ahmed abdi,1,6,1,M243-6,0,1,0.5222017430514375,6,99,1,0.5,100.02220174305144,1,6. M243-6 - Nimo ahmed abdi,1,0.15179611794577863,0.5222017430514375,1,Fardusa idle hasen,1,6,1,M243-7,0,1,0.17645322256159857,7,99,1,0.5,99.6764532225616,1,7. M243-7 - Fardusa idle hasen,1,0.27045884046238966,0.17645322256159857,1,,,,,,,,,,,,,,,,,,,,,,,,,,,,,,,,,,,,,,,,,,,,,,,,,,,,,,,,,,,,,,,,,,,,,,,,,,,,,,,,,,,,,,,,,,,,,,,,,,,,,,,,,,,,,,,,,,,,,,,,,,,,,,,,,,,,,,,,,,,,,,,,,,,,,,,,,,,,,,,,,,,,,,,,,,,,1,199.04365901249793 199.8895072483955 0.05343348516185009 199.9444989179666 0.2727669124825737 100.02220174305144 99.6764532225616,4,2,1,6,7,5,1. M243_1 - Redwan mahamud ahmed,2. M243_2 - Abdikani sheek abdikadir,3. M243_3 - Sadeye haji saban,4. M243_4 - Nimo ahmed abdi,5. M243_5 - Fardusa idle hasen,6. M243_6 - Hasen abdi usman,0.5222017430514375 0.17645322256159857,3,1 2 4 5 6 7,1. M243-1 - Sadeye haji saban<br/>2. M243-2 - Abdikani sheek abdikadir<br/>3. M243-3 - Kader mahamud haji<br/>4. M243-4 - Redwan mahamud ahmed<br/>5. M243-5 - Hasen abdi usman<br/>6. M243-6 - Nimo ahmed abdi<br/>7. M243-7 - Fardusa idle hasen,6,6,7,,Nimo ahmed abdi,Fardusa idle hasen,,,,,4. Nimo ahmed abdi (Husband to be interviewed)<br/>,5. Fardusa idle hasen (Husband to be interviewed)<br/>,,Husbands of Nimo ahmed abdi and Fardusa idle hasen must be interviewed.,2,,⚠ Spouse interview required,uuid:860ded2a-faa3-4bd5-869a-86170f2e560d,2603230738,uuid:860ded2a-faa3-4bd5-869a-86170f2e560d
06-Apr-2026 21:24:06,04-Apr-2026 15:22:26,05-Apr-2026 18:22:24,c717d4af0550c362,,llrp_team1,samsung|SM-X115|15|SurveyCTO Collect 2.81.5 (387e45a),757,,Daniel,Amin,Hararey,Hararey 02_2,M232,yabalu,10,HumanLed,#0a8f3c,8,8,Abdullahi Haji Abdikani,2,1,,M232-1,1,0,0.23570775418995915,1,1,99,0,199.23570775418995,1,1. M232-1 - Abdullahi Haji Abdikani,0,0.9825302666210065,999,99,Najib Muhumed Mohommed,2,3,,M232-2,1,0,0.17576023204037428,2,1,99,0,199.17576023204037,1,2. M232-2 - Najib Muhumed Mohommed,0,0.3539666593879728,999,99,Abdiwahab Haji Abdikani,2,6,,M232-3,0,1,0.5468810376444353,3,99,1,0,99.54688103764444,1,3. M232-3 - Abdiwahab Haji Abdikani,0,0.874393083549692,999,99,Hassan Moalin Ibrahin,2,6,,M232-4,0,1,0.7025030184863652,4,99,1,0,99.70250301848637,1,4. M232-4 - Hassan Moalin Ibrahin,0,0.1074167517939777,999,99,Hibo Omer Abdi,1,6,2,M232-5,0,1,0.28997577039539635,5,99,1,0,99.2899757703954,1,5. M232-5 - Hibo Omer Abdi,0,0.08062667151186553,999,99,Salma Abdullahi Yusuf,1,5,1,M232-6,0,0,0.5997346666004442,6,99,99,0.5,1.0997346666004442,1,6. M232-6 - Salma Abdullahi Yusuf,0,0.6625124702327468,999,99,Gorod Arab Hassan,2,6,,M232-7,0,1,0.4429052451764882,7,99,1,0,99.44290524517649,1,7. M232-7 - Gorod Arab Hassan,0,0.18885599109813755,999,99,Fadumo Abdi Kahin,1,6,2,M232-8,0,1,0.5920657105380308,8,99,1,0,99.59206571053804,1,8. M232-8 - Fadumo Abdi Kahin,0,0.3742353214972187,999,99,,,,,,,,,,,,,,,,,,,,,,,,,,,,,,,,,,,,,,,,,,,,,,,,,,,,,,,,,,,,,,,,,,,,,,,,,,,,,,,,,,,,,,,,,,,,,,,,,,,,,,,,,,,,,,,,,,,,,,,,,,,,,,,,,,,,,,,,,,,,,,,,,,,,,,,,,1,199.23570775418995 199.17576023204037 99.54688103764444 99.70250301848637 99.2899757703954 1.0997346666004442 99.44290524517649 99.59206571053804,1,2,4,8,3,7,1. M232_1 - Abdullahi Haji Abdikani,2. M232_2 - Najib Muhumed Mohommed,3. M232_3 - Hassan Moalin Ibrahin,4. M232_4 - Fadumo Abdi Kahin,5. M232_5 - Abdiwahab Haji Abdikani,6. M232_6 - Gorod Arab Hassan,,2,1 2 3 4 7 8,1. M232-1 - Abdullahi Haji Abdikani<br/>2. M232-2 - Najib Muhumed Mohommed<br/>3. M232-3 - Abdiwahab Haji Abdikani<br/>4. M232-4 - Hassan Moalin Ibrahin<br/>5. M232-5 - Hibo Omer Abdi<br/>6. M232-6 - Salma Abdullahi Yusuf<br/>7. M232-7 - Gorod Arab Hassan<br/>8. M232-8 - Fadumo Abdi Kahin,6,,,,,,,,,,,,,No eligible spouse found.,0,,,uuid:4af240c1-173d-429d-bbff-8a35a2735041,2603230738,uuid:4af240c1-173d-429d-bbff-8a35a2735041
06-Apr-2026 21:24:07,06-Apr-2026 09:54:13,06-Apr-2026 21:22:36,c717d4af0550c362,,llrp_team1,samsung|SM-X115|15|SurveyCTO Collect 2.81.5 (387e45a),543,,Daniel,Amin,Hararey,xaraarey 02_1,M235,Barwoqo,10,HumanLed,#0a8f3c,8,8,Abdullahi Sheik Hassan,2,6,,M235-1,0,1,0.25069338026265686,1,99,1,0,99.25069338026266,1,1. M235-1 - Abdullahi Sheik Hassan,0,0.7213385182004888,999,99,Fadumo Sheikh Hassan,1,6,1,M235-2,0,1,0.16838428950480167,2,99,1,0.5,99.6683842895048,1,2. M235-2 - Fadumo Sheikh Hassan,1,0.27602329892110644,0.16838428950480167,1,Hamda Sheikh Muhuyadin,1,6,2,M235-3,0,1,0.593668925547759,3,99,1,0,99.59366892554776,1,3. M235-3 - Hamda Sheikh Muhuyadin,0,0.6672102145212924,999,99,Nura Moalin Abdi,1,6,1,M235-4,0,1,0.7686801371653973,4,99,1,0.5,100.2686801371654,1,4. M235-4 - Nura Moalin Abdi,1,0.8811582031490647,0.7686801371653973,1,Fardawsa Shafi Khalif,1,1,2,M235-5,1,0,0.4415267100466638,5,1,99,0,199.44152671004667,1,5. M235-5 - Fardawsa Shafi Khalif,0,0.11404191189495039,999,99,Arab Abdirahman Muse,2,6,,M235-6,0,1,0.29899354696830494,6,99,1,0,99.2989935469683,1,6. M235-6 - Arab Abdirahman Muse,0,0.7441539646923278,999,99,Abdirahman Muse Shide,2,3,,M235-7,1,0,0.6340112331237628,7,1,99,0,199.63401123312377,1,7. M235-7 - Abdirahman Muse Shide,0,0.6830409272003964,999,99,Sahane Hassan Adan,2,6,,M235-8,0,1,0.33966415030606945,8,99,1,0,99.33966415030606,1,8. M235-8 - Sahane Hassan Adan,0,0.17117529008277665,999,99,,,,,,,,,,,,,,,,,,,,,,,,,,,,,,,,,,,,,,,,,,,,,,,,,,,,,,,,,,,,,,,,,,,,,,,,,,,,,,,,,,,,,,,,,,,,,,,,,,,,,,,,,,,,,,,,,,,,,,,,,,,,,,,,,,,,,,,,,,,,,,,,,,,,,,,,,1,99.25069338026266 99.6683842895048 99.59366892554776 100.2686801371654 199.44152671004667 99.2989935469683 199.63401123312377 99.33966415030606,7,5,4,2,3,8,1. M235_1 - Abdirahman Muse Shide,2. M235_2 - Fardawsa Shafi Khalif,3. M235_3 - Nura Moalin Abdi,4. M235_4 - Fadumo Sheikh Hassan,5. M235_5 - Hamda Sheikh Muhuyadin,6. M235_6 - Sahane Hassan Adan,0.16838428950480167 0.7686801371653973,2,2 3 4 5 7 8,1. M235-1 - Abdullahi Sheik Hassan<br/>2. M235-2 - Fadumo Sheikh Hassan<br/>3. M235-3 - Hamda Sheikh Muhuyadin<br/>4. M235-4 - Nura Moalin Abdi<br/>5. M235-5 - Fardawsa Shafi Khalif<br/>6. M235-6 - Arab Abdirahman Muse<br/>7. M235-7 - Abdirahman Muse Shide<br/>8. M235-8 - Sahane Hassan Adan,6,4,2,,Nura Moalin Abdi,Fadumo Sheikh Hassan,,,,3. Nura Moalin Abdi (Husband to be interviewed)<br/>,4. Fadumo Sheikh Hassan (Husband to be interviewed)<br/>,,,Husbands of Nura Moalin Abdi and Fadumo Sheikh Hassan must be interviewed.,2,,⚠ Spouse interview required,uuid:7e53f4e4-3be7-4fda-9d0b-074d10582954,2603230738,uuid:7e53f4e4-3be7-4fda-9d0b-074d10582954
06-Apr-2026 21:33:49,04-Apr-2026 15:22:24,06-Apr-2026 21:20:24,4eeefaf360cd4a3a,,llrp_team1,samsung|SM-X115|15|SurveyCTO Collect 2.81.5 (387e45a),850,,Muktar,Hasen,Salahad,Waangey_1,M335,ALLe amin,12,TechLed,#1f4bd6,8,8,Sadia abdulahi mahamed,1,1,2,M335-1,1,0,0.3689045245547553,1,1,99,0,199.36890452455475,1,1. M335-1 - Sadia abdulahi mahamed,0,0.7229593318348838,999,99,Ubah bare hassen,1,6,1,M335-2,0,1,0.7440583201594081,2,99,1,0.5,100.24405832015941,1,2. M335-2 - Ubah bare hassen,1,0.5114126222467372,0.7440583201594081,1,Mahaba ayanle nuriye,1,3,2,M335-3,1,0,0.2644762101470919,3,1,99,0,199.26447621014708,1,3. M335-3 - Mahaba ayanle nuriye,0,0.9101472210301956,999,99,Nimco abdi shafi,1,4,1,M335-4,1,0,0.33668330227222987,4,1,99,0.5,199.83668330227223,1,4. M335-4 - Nimco abdi shafi,1,0.3033870240499382,0.33668330227222987,1,Isra mahamed mowlid,1,6,2,M335-5,0,1,0.23377119345182984,5,99,1,0,99.23377119345183,1,5. M335-5 - Isra mahamed mowlid,0,0.5200519716012256,999,99,Dahab abdi jile,1,6,2,M335-6,0,1,0.7351675753148411,6,99,1,0,99.73516757531485,1,6. M335-6 - Dahab abdi jile,0,0.06732166043445997,999,99,Farah hassen ahmed,1,6,2,M335-7,0,1,0.6187085927092094,7,99,1,0,99.61870859270921,1,7. M335-7 - Farah hassen ahmed,0,0.220717463359703,999,99,Kadra dahir abdi,1,2,2,M335-8,0,0,0.9931634543832376,8,99,99,0,0.9931634543832376,1,8. M335-8 - Kadra dahir abdi,0,0.8875954241471075,999,99,,,,,,,,,,,,,,,,,,,,,,,,,,,,,,,,,,,,,,,,,,,,,,,,,,,,,,,,,,,,,,,,,,,,,,,,,,,,,,,,,,,,,,,,,,,,,,,,,,,,,,,,,,,,,,,,,,,,,,,,,,,,,,,,,,,,,,,,,,,,,,,,,,,,,,,,,1,199.36890452455475 100.24405832015941 199.26447621014708 199.83668330227223 99.23377119345183 99.73516757531485 99.61870859270921 0.9931634543832376,4,1,3,2,6,7,1. M335_1 - Nimco abdi shafi,2. M335_2 - Sadia abdulahi mahamed,3. M335_3 - Mahaba ayanle nuriye,4. M335_4 - Ubah bare hassen,5. M335_5 - Dahab abdi jile,6. M335_6 - Farah hassen ahmed,0.7440583201594081 0.33668330227222987,3,1 2 3 4 6 7,1. M335-1 - Sadia abdulahi mahamed<br/>2. M335-2 - Ubah bare hassen<br/>3. M335-3 - Mahaba ayanle nuriye<br/>4. M335-4 - Nimco abdi shafi<br/>5. M335-5 - Isra mahamed mowlid<br/>6. M335-6 - Dahab abdi jile<br/>7. M335-7 - Farah hassen ahmed<br/>8. M335-8 - Kadra dahir abdi,6,2,4,,Ubah bare hassen,Nimco abdi shafi,,1. Nimco abdi shafi (Husband to be interviewed)<br/>,,,4. Ubah bare hassen (Husband to be interviewed)<br/>,,,Husbands of Ubah bare hassen and Nimco abdi shafi must be interviewed.,2,,⚠ Spouse interview required,uuid:c3471cc7-ec8a-4520-be9d-5d0c589e7086,2603230738,uuid:c3471cc7-ec8a-4520-be9d-5d0c589e7086
06-Apr-2026 21:39:06,06-Apr-2026 09:02:21,06-Apr-2026 21:29:59,bbae1c343e73e9f2,,llrp_team1,Lenovo|Lenovo TB-8504F|8.1.0|SurveyCTO Collect 2.81.5 (387e45a),728,,Daniel,Jabir,Hararey,Hararey 01_3,M231,tawfiq,10,HumanLed,#0a8f3c,6,6,Muslimo Ali hussein,1,1,1,M231-1,1,0,0.6980761541834067,1,1,99,0.5,200.1980761541834,1,1. M231-1 - Muslimo Ali hussein,1,0.8994559515497118,0.6980761541834067,1,Ardo Ali Hussein,1,6,1,M231-2,0,1,0.7969087220523833,2,99,1,0.5,100.29690872205238,1,2. M231-2 - Ardo Ali Hussein,1,0.6857082664462217,0.7969087220523833,1,Khadra Muhumed Adan,1,6,2,M231-3,0,1,0.797871598224003,3,99,1,0,99.797871598224,1,3. M231-3 - Khadra Muhumed Adan,0,0.07957077985539696,999,99,Ardo Osman Badal,1,3,1,M231-4,1,0,0.17328321716231132,4,1,99,0.5,199.67328321716232,1,4. M231-4 - Ardo Osman Badal,1,0.8544623789537291,0.17328321716231132,1,Dahab Ibrahin Gele,1,6,1,M231-5,0,1,0.21159610412069674,5,99,1,0.5,99.7115961041207,1,5. M231-5 - Dahab Ibrahin Gele,1,0.615503961563527,0.21159610412069674,1,Fardosa Ibrahin Gele,1,6,2,M231-6,0,1,0.2314517135246721,6,99,1,0,99.23145171352468,1,6. M231-6 - Fardosa Ibrahin Gele,0,0.011245079568519167,999,99,,,,,,,,,,,,,,,,,,,,,,,,,,,,,,,,,,,,,,,,,,,,,,,,,,,,,,,,,,,,,,,,,,,,,,,,,,,,,,,,,,,,,,,,,,,,,,,,,,,,,,,,,,,,,,,,,,,,,,,,,,,,,,,,,,,,,,,,,,,,,,,,,,,,,,,,,,,,,,,,,,,,,,,,,,,,,,,,,,,,,,,,,,,,,,,1,200.1980761541834 100.29690872205238 99.797871598224 199.67328321716232 99.7115961041207 99.23145171352468,1,4,2,3,5,6,1. M231_1 - Muslimo Ali hussein,2. M231_2 - Ardo Osman Badal,3. M231_3 - Ardo Ali Hussein,4. M231_4 - Khadra Muhumed Adan,5. M231_5 - Dahab Ibrahin Gele,6. M231_6 - Fardosa Ibrahin Gele,0.6980761541834067 0.7969087220523833 0.17328321716231132 0.21159610412069674,2,1 2 3 4 5 6,1. M231-1 - Muslimo Ali hussein<br/>2. M231-2 - Ardo Ali Hussein<br/>3. M231-3 - Khadra Muhumed Adan<br/>4. M231-4 - Ardo Osman Badal<br/>5. M231-5 - Dahab Ibrahin Gele<br/>6. M231-6 - Fardosa Ibrahin Gele,6,2,1,5,Ardo Ali Hussein,Muslimo Ali hussein,Dahab Ibrahin Gele,1. Muslimo Ali hussein (Husband to be interviewed)<br/>,,3. Ardo Ali Hussein (Husband to be interviewed)<br/>,,5. Dahab Ibrahin Gele (Husband to be interviewed)<br/>,,"Husbands of Ardo Ali Hussein, Muslimo Ali hussein and Dahab Ibrahin Gele must be interviewed (one may serve as replacement).",3,Dahab Ibrahin Gele (Replacement),⚠ Spouse interview required,uuid:8fdf0d58-8fed-49b1-89ff-04550e9682a0,2603230738,uuid:8fdf0d58-8fed-49b1-89ff-04550e9682a0
07-Apr-2026 05:32:45,06-Apr-2026 14:11:45,06-Apr-2026 14:20:56,6b74f9d4edaa4c9a,,llrp_team1,samsung|SM-X115|15|SurveyCTO Collect 2.81.5 (387e45a),550,,Anteneh,Mahamed,Danot,Danot town_1,M53,Tvet,10,HumanLed,#0a8f3c,6,6,Abdirisak mohamud hasan,2,1,,M53-1,1,0,0.25862500876041195,1,1,99,0,199.25862500876042,1,1. M53-1 - Abdirisak mohamud hasan,0,0.5210562799779531,999,99,Mohamed ali esmail,2,5,,M53-2,0,0,0.2457994774480825,2,99,99,0,0.2457994774480825,1,2. M53-2 - Mohamed ali esmail,0,0.15153415572820117,999,99,Yasin dahir abdi,2,6,,M53-3,0,1,0.76022356237271,3,99,1,0,99.76022356237272,1,3. M53-3 - Yasin dahir abdi,0,0.043972611215705504,999,99,Saed mohamed husen,2,6,,M53-4,0,1,0.1628802402883318,4,99,1,0,99.16288024028833,1,4. M53-4 - Saed mohamed husen,0,0.46756890548782526,999,99,Jawharia abdisalan hirsi,1,3,2,M53-5,1,0,0.955697624476611,5,1,99,0,199.9556976244766,1,5. M53-5 - Jawharia abdisalan hirsi,0,0.7272087465944455,999,99,Barwako muhumed mahamud,1,6,2,M53-6,0,1,0.708874931146944,6,99,1,0,99.70887493114694,1,6. M53-6 - Barwako muhumed mahamud,0,0.4382848099800488,999,99,,,,,,,,,,,,,,,,,,,,,,,,,,,,,,,,,,,,,,,,,,,,,,,,,,,,,,,,,,,,,,,,,,,,,,,,,,,,,,,,,,,,,,,,,,,,,,,,,,,,,,,,,,,,,,,,,,,,,,,,,,,,,,,,,,,,,,,,,,,,,,,,,,,,,,,,,,,,,,,,,,,,,,,,,,,,,,,,,,,,,,,,,,,,,,,1,199.25862500876042 0.2457994774480825 99.76022356237272 99.16288024028833 199.9556976244766 99.70887493114694,5,1,3,6,4,2,1. M53_1 - Jawharia abdisalan hirsi,2. M53_2 - Abdirisak mohamud hasan,3. M53_3 - Yasin dahir abdi,4. M53_4 - Barwako muhumed mahamud,5. M53_5 - Saed mohamed husen,6. M53_6 - Mohamed ali esmail,,2,1 2 3 4 5 6,1. M53-1 - Abdirisak mohamud hasan<br/>2. M53-2 - Mohamed ali esmail<br/>3. M53-3 - Yasin dahir abdi<br/>4. M53-4 - Saed mohamed husen<br/>5. M53-5 - Jawharia abdisalan hirsi<br/>6. M53-6 - Barwako muhumed mahamud,6,,,,,,,,,,,,,No eligible spouse found.,0,,,uuid:d6aa4f35-3f43-412c-b5e5-079e4edcd267,2603230738,uuid:d6aa4f35-3f43-412c-b5e5-079e4edcd267
07-Apr-2026 07:26:13,06-Apr-2026 09:40:11,07-Apr-2026 07:16:18,536368b28fdd5880,,llrp_team1,samsung|SM-X115|14|SurveyCTO Collect 2.81.5 (387e45a),462,,Daniel,Ahmed,Hararey,Hararey 01_1,M227,ayaan,8,TechLed,#1f4bd6,6,6,Nimo hussen muhumed,1,3,1,M227-1,1,0,0.24898309977341748,1,1,99,0.5,199.74898309977343,1,1. M227-1 - Nimo hussen muhumed,1,0.10330028527947843,0.24898309977341748,1,Shugri hussen adan,1,6,2,M227-2,0,1,0.30475762726138034,2,99,1,0,99.30475762726138,1,2. M227-2 - Shugri hussen adan,0,0.7267187304989544,999,99,Nasri abdi mursal,1,1,2,M227-3,1,0,0.14716942341630446,3,1,99,0,199.1471694234163,1,3. M227-3 - Nasri abdi mursal,0,0.5268393179544617,999,99,Bisharo abdi mursal,1,6,2,M227-4,0,1,0.05337465110944084,4,99,1,0,99.05337465110944,1,4. M227-4 - Bisharo abdi mursal,0,0.8599987034034442,999,99,Suleka iid osman,1,6,2,M227-5,0,1,0.5387544365558079,5,99,1,0,99.5387544365558,1,5. M227-5 - Suleka iid osman,0,0.8549913483074529,999,99,Najma ahmed abdi,1,6,2,M227-6,0,1,0.7422313346189082,6,99,1,0,99.74223133461891,1,6. M227-6 - Najma ahmed abdi,0,0.5143300350150873,999,99,,,,,,,,,,,,,,,,,,,,,,,,,,,,,,,,,,,,,,,,,,,,,,,,,,,,,,,,,,,,,,,,,,,,,,,,,,,,,,,,,,,,,,,,,,,,,,,,,,,,,,,,,,,,,,,,,,,,,,,,,,,,,,,,,,,,,,,,,,,,,,,,,,,,,,,,,,,,,,,,,,,,,,,,,,,,,,,,,,,,,,,,,,,,,,,1,199.74898309977343 99.30475762726138 199.1471694234163 99.05337465110944 99.5387544365558 99.74223133461891,1,3,6,5,2,4,1. M227_1 - Nimo hussen muhumed,2. M227_2 - Nasri abdi mursal,3. M227_3 - Najma ahmed abdi,4. M227_4 - Suleka iid osman,5. M227_5 - Shugri hussen adan,6. M227_6 - Bisharo abdi mursal,0.24898309977341748,2,1 2 3 4 5 6,1. M227-1 - Nimo hussen muhumed<br/>2. M227-2 - Shugri hussen adan<br/>3. M227-3 - Nasri abdi mursal<br/>4. M227-4 - Bisharo abdi mursal<br/>5. M227-5 - Suleka iid osman<br/>6. M227-6 - Najma ahmed abdi,6,1,,,Nimo hussen muhumed,,,1. Nimo hussen muhumed (Husband to be interviewed)<br/>,,,,,,Husband of Nimo hussen muhumed must be interviewed.,1,,⚠ Spouse interview required,uuid:cdade643-c05d-4699-a2c4-dc3a916c9154,2603230738,uuid:cdade643-c05d-4699-a2c4-dc3a916c9154
07-Apr-2026 12:17:56,07-Apr-2026 10:09:35,07-Apr-2026 11:27:07,bbae1c343e73e9f2,,llrp_team1,Lenovo|Lenovo TB-8504F|8.1.0|SurveyCTO Collect 2.81.5 (387e45a),552,,Daniel,Jabir,Garbo,garbo 04_1,M181,Kaaba,10,TechLed,#1f4bd6,6,6,Rukiya Abdirahman Kalif,1,6,1,M181-1,0,1,0.7623721480302312,1,99,1,0.5,100.26237214803024,1,1. M181-1 - Rukiya Abdirahman Kalif,1,0.891107109680227,0.7623721480302312,1,Markab Mohamed Bare,1,6,2,M181-2,0,1,0.17996123466518876,2,99,1,0,99.17996123466519,1,2. M181-2 - Markab Mohamed Bare,0,0.8963231248682586,999,99,Ardo Hassan Anshur,1,6,2,M181-3,0,1,0.05118252050467742,3,99,1,0,99.05118252050468,1,3. M181-3 - Ardo Hassan Anshur,0,0.5160177819946236,999,99,Fadumo Abdi Mohamed,1,6,2,M181-4,0,1,0.2932840408562387,4,99,1,0,99.29328404085624,1,4. M181-4 - Fadumo Abdi Mohamed,0,0.24616413528645764,999,99,Ramla Abdi Hared,1,6,2,M181-5,0,1,0.35678625697567046,5,99,1,0,99.35678625697567,1,5. M181-5 - Ramla Abdi Hared,0,0.3903221590239274,999,99,Hinda Abdi Mahad,1,6,1,M181-6,0,1,0.4416549617555223,6,99,1,0.5,99.94165496175552,1,6. M181-6 - Hinda Abdi Mahad,1,0.3771572297635841,0.4416549617555223,1,,,,,,,,,,,,,,,,,,,,,,,,,,,,,,,,,,,,,,,,,,,,,,,,,,,,,,,,,,,,,,,,,,,,,,,,,,,,,,,,,,,,,,,,,,,,,,,,,,,,,,,,,,,,,,,,,,,,,,,,,,,,,,,,,,,,,,,,,,,,,,,,,,,,,,,,,,,,,,,,,,,,,,,,,,,,,,,,,,,,,,,,,,,,,,,0,100.26237214803024 99.17996123466519 99.05118252050468 99.29328404085624 99.35678625697567 99.94165496175552,1,6,5,4,2,3,1. M181_1 - Rukiya Abdirahman Kalif,2. M181_2 - Hinda Abdi Mahad,3. M181_3 - Ramla Abdi Hared,4. M181_4 - Fadumo Abdi Mohamed,5. M181_5 - Markab Mohamed Bare,6. M181_6 - Ardo Hassan Anshur,0.7623721480302312 0.4416549617555223,0,1 2 3 4 5 6,1. M181-1 - Rukiya Abdirahman Kalif<br/>2. M181-2 - Markab Mohamed Bare<br/>3. M181-3 - Ardo Hassan Anshur<br/>4. M181-4 - Fadumo Abdi Mohamed<br/>5. M181-5 - Ramla Abdi Hared<br/>6. M181-6 - Hinda Abdi Mahad,6,1,6,,Rukiya Abdirahman Kalif,Hinda Abdi Mahad,,1. Rukiya Abdirahman Kalif (Husband to be interviewed)<br/>,2. Hinda Abdi Mahad (Husband to be interviewed)<br/>,,,,,Husbands of Rukiya Abdirahman Kalif and Hinda Abdi Mahad must be interviewed.,2,,⚠ Spouse interview required,uuid:c63bb30c-259c-463c-8eec-e2d5e1ce3224,2603230738,uuid:c63bb30c-259c-463c-8eec-e2d5e1ce3224
07-Apr-2026 18:21:46,04-Apr-2026 14:12:27,07-Apr-2026 17:42:30,77f1a9f1d6894071,,llrp_team1,samsung|SM-X115|15|SurveyCTO Collect 2.81.5 (387e45a),438,,Daniel,Hakima,Harawa,Dhawanaje_1,M245,Nasri,8,Control,#d60000,6,6,Ahmed Farah Osman,2,3,,M245-1,1,0,0.8098342448941489,1,1,99,0,199.80983424489415,1,1. M245-1 - Ahmed Farah Osman,0,0.316362714563847,999,99,Hamda Abdi Saleban,1,6,,M245-2,0,1,0.018419468260545968,2,99,1,0,99.01841946826055,1,2. M245-2 - Hamda Abdi Saleban,0,0.40002424027337946,999,99,Omer Saleban Gedi,2,1,,M245-3,1,0,0.13751222766473237,3,1,99,0,199.13751222766473,1,3. M245-3 - Omer Saleban Gedi,0,0.9792724780097223,999,99,Hassen Ahmed Ali,2,6,,M245-4,0,1,0.29831315009144976,4,99,1,0,99.29831315009145,1,4. M245-4 - Hassen Ahmed Ali,0,0.5945849042543507,999,99,Najib Hassen Roble,2,6,,M245-5,0,1,0.856616297090249,5,99,1,0,99.85661629709026,1,5. M245-5 - Najib Hassen Roble,0,0.8482850125688458,999,99,Feysal Abdullahi Yusuf,2,6,,M245-6,0,1,0.8157551909316214,6,99,1,0,99.81575519093163,1,6. M245-6 - Feysal Abdullahi Yusuf,0,0.6632216717684378,999,99,,,,,,,,,,,,,,,,,,,,,,,,,,,,,,,,,,,,,,,,,,,,,,,,,,,,,,,,,,,,,,,,,,,,,,,,,,,,,,,,,,,,,,,,,,,,,,,,,,,,,,,,,,,,,,,,,,,,,,,,,,,,,,,,,,,,,,,,,,,,,,,,,,,,,,,,,,,,,,,,,,,,,,,,,,,,,,,,,,,,,,,,,,,,,,,1,199.80983424489415 99.01841946826055 199.13751222766473 99.29831315009145 99.85661629709026 99.81575519093163,1,3,5,6,4,2,1. M245_1 - Ahmed Farah Osman,2. M245_2 - Omer Saleban Gedi,3. M245_3 - Najib Hassen Roble,4. M245_4 - Feysal Abdullahi Yusuf,5. M245_5 - Hassen Ahmed Ali,6. M245_6 - Hamda Abdi Saleban,,2,1 2 3 4 5 6,1. M245-1 - Ahmed Farah Osman<br/>2. M245-2 - Hamda Abdi Saleban<br/>3. M245-3 - Omer Saleban Gedi<br/>4. M245-4 - Hassen Ahmed Ali<br/>5. M245-5 - Najib Hassen Roble<br/>6. M245-6 - Feysal Abdullahi Yusuf,6,,,,,,,,,,,,,No eligible spouse found.,0,,,uuid:84b3e743-5592-477f-b178-0e2a90c3ac58,2603230738,uuid:84b3e743-5592-477f-b178-0e2a90c3ac58
07-Apr-2026 18:21:46,05-Apr-2026 09:19:20,07-Apr-2026 17:41:50,77f1a9f1d6894071,,llrp_team1,samsung|SM-X115|15|SurveyCTO Collect 2.81.5 (387e45a),970,,Daniel,Hakima,Harawa,Dharwanaje 1_1,M242,Daldhis,13,HumanLed,#0a8f3c,9,9,Raho Abdi Ibrahim,1,6,1,M242-1,0,1,0.4993732046003213,1,99,1,0.5,99.99937320460032,1,1. M242-1 - Raho Abdi Ibrahim,1,0.33559134588265904,0.4993732046003213,1,Bisharo Abase Farah,1,1,1,M242-2,1,0,0.8239487784037975,2,1,99,0.5,200.3239487784038,1,2. M242-2 - Bisharo Abase Farah,1,0.20598493990589573,0.8239487784037975,1,Fadumo Haji Ibrahim,1,6,1,M242-3,0,1,0.07132105230794517,3,99,1,0.5,99.57132105230795,1,3. M242-3 - Fadumo Haji Ibrahim,1,0.7885618633059279,0.07132105230794517,1,Aswan Adan Mumin,1,6,2,M242-4,0,1,0.43865365743016693,4,99,1,0,99.43865365743017,1,4. M242-4 - Aswan Adan Mumin,0,0.6101878857496211,999,99,Asha Hassen Mohamud,1,5,1,M242-5,0,0,0.7010472088353047,5,99,99,0.5,1.2010472088353046,1,5. M242-5 - Asha Hassen Mohamud,0,0.6184388142469363,999,99,Sirat Yusuf Hashi,1,6,2,M242-6,0,1,0.4692768502868525,6,99,1,0,99.46927685028685,1,6. M242-6 - Sirat Yusuf Hashi,0,0.5814729904335506,999,99,Hibo Bade Kalif,1,6,2,M242-7,0,1,0.4260810802117635,7,99,1,0,99.42608108021176,1,7. M242-7 - Hibo Bade Kalif,0,0.2956653003126789,999,99,Nimo Abdullahi Dukale,1,6,1,M242-8,0,1,0.9659296376047286,8,99,1,0.5,100.46592963760473,1,8. M242-8 - Nimo Abdullahi Dukale,1,0.5339894458372701,0.9659296376047286,1,Warla Omer Ali,1,6,1,M242-9,0,1,0.14728751054078093,9,99,1,0.5,99.64728751054078,1,9. M242-9 - Warla Omer Ali,1,0.7650471463035512,0.14728751054078093,1,,,,,,,,,,,,,,,,,,,,,,,,,,,,,,,,,,,,,,,,,,,,,,,,,,,,,,,,,,,,,,,,,,,,,,,,,,,,,,,,,,,,,,,,,,,,,,,,,,,,,,,,,,,,,,,,,,,,,,,,,,,,,,,,,,,,,,1,99.99937320460032 200.3239487784038 99.57132105230795 99.43865365743017 1.2010472088353046 99.46927685028685 99.42608108021176 100.46592963760473 99.64728751054078,2,8,1,9,3,6,1. M242_1 - Bisharo Abase Farah,2. M242_2 - Nimo Abdullahi Dukale,3. M242_3 - Raho Abdi Ibrahim,4. M242_4 - Warla Omer Ali,5. M242_5 - Fadumo Haji Ibrahim,6. M242_6 - Sirat Yusuf Hashi,0.4993732046003213 0.8239487784037975 0.07132105230794517 0.9659296376047286 0.14728751054078093,1,1 2 3 6 8 9,1. M242-1 - Raho Abdi Ibrahim<br/>2. M242-2 - Bisharo Abase Farah<br/>3. M242-3 - Fadumo Haji Ibrahim<br/>4. M242-4 - Aswan Adan Mumin<br/>5. M242-5 - Asha Hassen Mohamud<br/>6. M242-6 - Sirat Yusuf Hashi<br/>7. M242-7 - Hibo Bade Kalif<br/>8. M242-8 - Nimo Abdullahi Dukale<br/>9. M242-9 - Warla Omer Ali,6,8,2,1,Nimo Abdullahi Dukale,Bisharo Abase Farah,Raho Abdi Ibrahim,1. Bisharo Abase Farah (Husband to be interviewed)<br/>,2. Nimo Abdullahi Dukale (Husband to be interviewed)<br/>,3. Raho Abdi Ibrahim (Husband to be interviewed)<br/>,,,,"Husbands of Nimo Abdullahi Dukale, Bisharo Abase Farah and Raho Abdi Ibrahim must be interviewed (one may serve as replacement).",3,Raho Abdi Ibrahim (Replacement),⚠ Spouse interview required,uuid:440ad860-d451-476e-8ece-a6a6eea7f417,2603230738,uuid:440ad860-d451-476e-8ece-a6a6eea7f417
07-Apr-2026 18:21:47,05-Apr-2026 14:04:02,07-Apr-2026 17:42:19,77f1a9f1d6894071,,llrp_team1,samsung|SM-X115|15|SurveyCTO Collect 2.81.5 (387e45a),267,,Daniel,Hakima,Harawa,Dharwanaje_1,M237,Rajo,9,HumanLed,#0a8f3c,6,6,Abdinasir Qalile Habane,2,6,,M237-1,0,1,0.21270279244438206,1,99,1,0,99.21270279244438,1,1. M237-1 - Abdinasir Qalile Habane,0,0.21621232748330854,999,99,Basra Hussain Gures,1,6,2,M237-2,0,1,0.762339073925739,2,99,1,0,99.76233907392574,1,2. M237-2 - Basra Hussain Gures,0,0.7402367813774787,999,99,Hodan Omer Hassen,1,3,2,M237-3,1,0,0.6912758383472809,3,1,99,0,199.69127583834728,1,3. M237-3 - Hodan Omer Hassen,0,0.44543263751712037,999,99,Hamda Abdi Saleban,1,6,1,M237-4,0,1,0.09401845121859886,4,99,1,0.5,99.5940184512186,1,4. M237-4 - Hamda Abdi Saleban,1,0.4383463297406046,0.09401845121859886,1,Abdullahi Ali Warfa,2,6,,M237-5,0,1,0.25181517082782534,5,99,1,0,99.25181517082783,1,5. M237-5 - Abdullahi Ali Warfa,0,0.14013604039532834,999,99,Ahmed Hassen Mumin,2,5,,M237-6,0,0,0.53805141359012,6,99,99,0,0.53805141359012,1,6. M237-6 - Ahmed Hassen Mumin,0,0.38699530240573576,999,99,,,,,,,,,,,,,,,,,,,,,,,,,,,,,,,,,,,,,,,,,,,,,,,,,,,,,,,,,,,,,,,,,,,,,,,,,,,,,,,,,,,,,,,,,,,,,,,,,,,,,,,,,,,,,,,,,,,,,,,,,,,,,,,,,,,,,,,,,,,,,,,,,,,,,,,,,,,,,,,,,,,,,,,,,,,,,,,,,,,,,,,,,,,,,,,0,99.21270279244438 99.76233907392574 199.69127583834728 99.5940184512186 99.25181517082783 0.53805141359012,3,2,4,5,1,6,1. M237_1 - Hodan Omer Hassen,2. M237_2 - Basra Hussain Gures,3. M237_3 - Hamda Abdi Saleban,4. M237_4 - Abdullahi Ali Warfa,5. M237_5 - Abdinasir Qalile Habane,6. M237_6 - Ahmed Hassen Mumin,0.09401845121859886,1,1 2 3 4 5 6,1. M237-1 - Abdinasir Qalile Habane<br/>2. M237-2 - Basra Hussain Gures<br/>3. M237-3 - Hodan Omer Hassen<br/>4. M237-4 - Hamda Abdi Saleban<br/>5. M237-5 - Abdullahi Ali Warfa<br/>6. M237-6 - Ahmed Hassen Mumin,6,4,,,Hamda Abdi Saleban,,,,,3. Hamda Abdi Saleban (Husband to be interviewed)<br/>,,,,Husband of Hamda Abdi Saleban must be interviewed.,1,,⚠ Spouse interview required,uuid:b3e809bf-f396-4188-b311-f9467bbb8846,2603230738,uuid:b3e809bf-f396-4188-b311-f9467bbb8846
07-Apr-2026 21:56:26,07-Apr-2026 10:00:04,07-Apr-2026 21:41:50,536368b28fdd5880,,llrp_team1,samsung|SM-X115|14|SurveyCTO Collect 2.81.5 (387e45a),299,,Daniel,Ahmed,Garbo,garbo 03_1,M179,Tabac,10,Control,#d60000,6,6,Yusuf ahmed abdi,2,1,,M179-1,1,0,0.9831687203482179,1,1,99,0,199.98316872034823,1,1. M179-1 - Yusuf ahmed abdi,0,0.5774918261322197,999,99,Yusuf abdilahi abdi,2,6,,M179-2,0,1,0.2933839782323977,2,99,1,0,99.2933839782324,1,2. M179-2 - Yusuf abdilahi abdi,0,0.43146234283159013,999,99,Ayan abdilahi abdi,1,3,,M179-3,1,0,0.3984036963691716,3,1,99,0,199.39840369636917,1,3. M179-3 - Ayan abdilahi abdi,0,0.014739983433096127,999,99,Muhib mahamed aare,1,6,,M179-4,0,1,0.68736636798711,4,99,1,0,99.68736636798711,1,4. M179-4 - Muhib mahamed aare,0,0.714338922759123,999,99,Saynaba muhumed aafi,1,6,,M179-5,0,1,0.5918960446140507,5,99,1,0,99.59189604461405,1,5. M179-5 - Saynaba muhumed aafi,0,0.3201839056032644,999,99,Ahmed abdi qadir,2,6,,M179-6,0,1,0.5408881517672407,6,99,1,0,99.54088815176723,1,6. M179-6 - Ahmed abdi qadir,0,0.5511154551463436,999,99,,,,,,,,,,,,,,,,,,,,,,,,,,,,,,,,,,,,,,,,,,,,,,,,,,,,,,,,,,,,,,,,,,,,,,,,,,,,,,,,,,,,,,,,,,,,,,,,,,,,,,,,,,,,,,,,,,,,,,,,,,,,,,,,,,,,,,,,,,,,,,,,,,,,,,,,,,,,,,,,,,,,,,,,,,,,,,,,,,,,,,,,,,,,,,,1,199.98316872034823 99.2933839782324 199.39840369636917 99.68736636798711 99.59189604461405 99.54088815176723,1,3,4,5,6,2,1. M179_1 - Yusuf ahmed abdi,2. M179_2 - Ayan abdilahi abdi,3. M179_3 - Muhib mahamed aare,4. M179_4 - Saynaba muhumed aafi,5. M179_5 - Ahmed abdi qadir,6. M179_6 - Yusuf abdilahi abdi,,2,1 2 3 4 5 6,1. M179-1 - Yusuf ahmed abdi<br/>2. M179-2 - Yusuf abdilahi abdi<br/>3. M179-3 - Ayan abdilahi abdi<br/>4. M179-4 - Muhib mahamed aare<br/>5. M179-5 - Saynaba muhumed aafi<br/>6. M179-6 - Ahmed abdi qadir,6,,,,,,,,,,,,,No eligible spouse found.,0,,,uuid:f38b41bc-97cd-4291-bea4-e92765ab7ac0,2603230738,uuid:f38b41bc-97cd-4291-bea4-e92765ab7ac0
08-Apr-2026 05:00:33,07-Apr-2026 09:03:41,08-Apr-2026 04:59:45,84a08d6ca764cc04,,llrp_team1,samsung|SM-X115|15|SurveyCTO Collect 2.81.5 (387e45a),570,,Anteneh,Osman,Kohle,Qabale 01_2,M260,Barakat,12,Control,#d60000,9,9,Bashier  Hutle Ahmed,2,6,,M260-1,0,1,0.1887543031419915,1,99,1,0,99.18875430314199,1,1. M260-1 - Bashier  Hutle Ahmed,0,0.7617923948679096,999,99,Abdi Hussen Horar,2,6,,M260-2,0,1,0.5505361948288358,2,99,1,0,99.55053619482884,1,2. M260-2 - Abdi Hussen Horar,0,0.8825471526082237,999,99,Bashier Abdi Kurtun,2,6,,M260-3,0,1,0.7598918083682971,3,99,1,0,99.7598918083683,1,3. M260-3 - Bashier Abdi Kurtun,0,0.9177519882453837,999,99,Mohamed Hussen Mohamed,2,5,,M260-4,0,0,0.7773606212763022,4,99,99,0,0.7773606212763022,1,4. M260-4 - Mohamed Hussen Mohamed,0,0.8250789046312791,999,99,Ahmed Shek Mohamed,2,6,,M260-5,0,1,0.48404319874813884,5,99,1,0,99.48404319874814,1,5. M260-5 - Ahmed Shek Mohamed,0,0.13037325028565194,999,99,Loul Abdulahi Sahal,1,6,,M260-6,0,1,0.027512163217798036,6,99,1,0,99.02751216321779,1,6. M260-6 - Loul Abdulahi Sahal,0,0.3016873870041875,999,99,Moumina Moalin Mohamed,1,6,,M260-7,0,1,0.3772181884743163,7,99,1,0,99.37721818847432,1,7. M260-7 - Moumina Moalin Mohamed,0,0.2717768254836904,999,99,Fartoun Abdulahi Hassen,1,3,,M260-8,1,0,0.12633888982517383,8,1,99,0,199.12633888982518,1,8. M260-8 - Fartoun Abdulahi Hassen,0,0.07411659645900792,999,99,Sahal Mohamed Nour,2,1,,M260-9,1,0,0.9186048015931756,9,1,99,0,199.91860480159318,1,9. M260-9 - Sahal Mohamed Nour,0,0.8870278428245261,999,99,,,,,,,,,,,,,,,,,,,,,,,,,,,,,,,,,,,,,,,,,,,,,,,,,,,,,,,,,,,,,,,,,,,,,,,,,,,,,,,,,,,,,,,,,,,,,,,,,,,,,,,,,,,,,,,,,,,,,,,,,,,,,,,,,,,,,,1,99.18875430314199 99.55053619482884 99.7598918083683 0.7773606212763022 99.48404319874814 99.02751216321779 99.37721818847432 199.12633888982518 199.91860480159318,9,8,3,2,5,7,1. M260_1 - Sahal Mohamed Nour,2. M260_2 - Fartoun Abdulahi Hassen,3. M260_3 - Bashier Abdi Kurtun,4. M260_4 - Abdi Hussen Horar,5. M260_5 - Ahmed Shek Mohamed,6. M260_6 - Moumina Moalin Mohamed,,2,2 3 5 7 8 9,1. M260-1 - Bashier  Hutle Ahmed<br/>2. M260-2 - Abdi Hussen Horar<br/>3. M260-3 - Bashier Abdi Kurtun<br/>4. M260-4 - Mohamed Hussen Mohamed<br/>5. M260-5 - Ahmed Shek Mohamed<br/>6. M260-6 - Loul Abdulahi Sahal<br/>7. M260-7 - Moumina Moalin Mohamed<br/>8. M260-8 - Fartoun Abdulahi Hassen<br/>9. M260-9 - Sahal Mohamed Nour,6,,,,,,,,,,,,,No eligible spouse found.,0,,,uuid:3276f7db-5b68-40cf-8896-0ba94b9140a2,2603230738,uuid:3276f7db-5b68-40cf-8896-0ba94b9140a2
08-Apr-2026 06:04:58,07-Apr-2026 10:46:08,07-Apr-2026 15:09:59,260fdb5d4cc800d3,,llrp_team1,samsung|SM-X115|15|SurveyCTO Collect 2.81.4 (461ba40),497,,Anteneh,Idil,Danot,Qorile_1,M57,Dheefsan,10,Control,#d60000,7,7,Fadwosa  Ali Aden,1,6,,M57-1,0,1,0.2738635029731856,1,99,1,0,99.27386350297319,1,1. M57-1 - Fadwosa  Ali Aden,0,0.18015188314830421,999,99,Mohamed  Hassen  Rage,2,6,,M57-2,0,1,0.7567758020044845,2,99,1,0,99.75677580200448,1,2. M57-2 - Mohamed  Hassen  Rage,0,0.35565210076600806,999,99,Bashir Abdullah  Abdi,2,1,,M57-3,1,0,0.9799256416955364,3,1,99,0,199.97992564169553,1,3. M57-3 - Bashir Abdullah  Abdi,0,0.7938744673020718,999,99,Abdullahi Abdi Rabi,2,5,,M57-4,0,0,0.8525398000138787,4,99,99,0,0.8525398000138787,1,4. M57-4 - Abdullahi Abdi Rabi,0,0.06777574418061816,999,99,Abdi Ali Yusuf,2,6,,M57-5,0,1,0.2728807839784211,5,99,1,0,99.27288078397842,1,5. M57-5 - Abdi Ali Yusuf,0,0.013466016327891683,999,99,Eneb  Gerad Ahmed,1,6,,M57-6,0,1,0.07303751089969412,6,99,1,0,99.0730375108997,1,6. M57-6 - Eneb  Gerad Ahmed,0,0.7279447471564635,999,99,Keyf Abdi Muhumed,1,6,,M57-7,0,1,0.7257199408550282,7,99,1,0,99.72571994085503,1,7. M57-7 - Keyf Abdi Muhumed,0,0.9016516880237273,999,99,,,,,,,,,,,,,,,,,,,,,,,,,,,,,,,,,,,,,,,,,,,,,,,,,,,,,,,,,,,,,,,,,,,,,,,,,,,,,,,,,,,,,,,,,,,,,,,,,,,,,,,,,,,,,,,,,,,,,,,,,,,,,,,,,,,,,,,,,,,,,,,,,,,,,,,,,,,,,,,,,,,,,,,,,,,,1,99.27386350297319 99.75677580200448 199.97992564169553 0.8525398000138787 99.27288078397842 99.0730375108997 99.72571994085503,3,2,7,1,5,6,1. M57_1 - Bashir Abdullah  Abdi,2. M57_2 - Mohamed  Hassen  Rage,3. M57_3 - Keyf Abdi Muhumed,4. M57_4 - Fadwosa  Ali Aden,5. M57_5 - Abdi Ali Yusuf,6. M57_6 - Eneb  Gerad Ahmed,,1,1 2 3 5 6 7,1. M57-1 - Fadwosa  Ali Aden<br/>2. M57-2 - Mohamed  Hassen  Rage<br/>3. M57-3 - Bashir Abdullah  Abdi<br/>4. M57-4 - Abdullahi Abdi Rabi<br/>5. M57-5 - Abdi Ali Yusuf<br/>6. M57-6 - Eneb  Gerad Ahmed<br/>7. M57-7 - Keyf Abdi Muhumed,6,,,,,,,,,,,,,No eligible spouse found.,0,,,uuid:447bee2c-d1eb-4439-b5bd-28e8354c5832,2603230738,uuid:447bee2c-d1eb-4439-b5bd-28e8354c5832
08-Apr-2026 07:07:17,07-Apr-2026 09:42:01,08-Apr-2026 06:19:24,bc9edd50ac897c82,,llrp_team1,samsung|SM-X115|15|SurveyCTO Collect 2.81.5 (387e45a),628,,Anteneh,Abouker,Kohle,Qabale 01_3,M261,Istahil,12,Control,#d60000,7,7,Mohamed moalin abdi,2,6,,M261-1,0,1,0.23776155221437512,1,99,1,0,99.23776155221438,1,1. M261-1 - Mohamed moalin abdi,0,0.6060793075441337,999,99,Korad hussein abdi,1,6,,M261-2,0,1,0.7584471028421425,2,99,1,0,99.75844710284214,1,2. M261-2 - Korad hussein abdi,0,0.9794583132980078,999,99,Hodan Abdullahi omar,1,3,,M261-3,1,0,0.43152104200043406,3,1,99,0,199.43152104200044,1,3. M261-3 - Hodan Abdullahi omar,0,0.8235506039557061,999,99,Halimo Ibrahim hared,1,6,,M261-4,0,1,0.5341845639627621,4,99,1,0,99.53418456396277,1,4. M261-4 - Halimo Ibrahim hared,0,0.6683576615895346,999,99,Aden moalin abdi,2,1,,M261-5,1,0,0.4569721551244159,5,1,99,0,199.45697215512442,1,5. M261-5 - Aden moalin abdi,0,0.34686359108674236,999,99,Abdi mohamed bade,2,6,,M261-6,0,1,0.3158328181390453,6,99,1,0,99.31583281813904,1,6. M261-6 - Abdi mohamed bade,0,0.41624318685887784,999,99,Ali Bashir mahamud,2,5,,M261-7,0,0,0.05571931684629183,7,99,99,0,0.05571931684629183,1,7. M261-7 - Ali Bashir mahamud,0,0.5416986147028922,999,99,,,,,,,,,,,,,,,,,,,,,,,,,,,,,,,,,,,,,,,,,,,,,,,,,,,,,,,,,,,,,,,,,,,,,,,,,,,,,,,,,,,,,,,,,,,,,,,,,,,,,,,,,,,,,,,,,,,,,,,,,,,,,,,,,,,,,,,,,,,,,,,,,,,,,,,,,,,,,,,,,,,,,,,,,,,,1,99.23776155221438 99.75844710284214 199.43152104200044 99.53418456396277 199.45697215512442 99.31583281813904 0.05571931684629183,5,3,2,4,6,1,1. M261_1 - Aden moalin abdi,2. M261_2 - Hodan Abdullahi omar,3. M261_3 - Korad hussein abdi,4. M261_4 - Halimo Ibrahim hared,5. M261_5 - Abdi mohamed bade,6. M261_6 - Mohamed moalin abdi,,2,1 2 3 4 5 6,1. M261-1 - Mohamed moalin abdi<br/>2. M261-2 - Korad hussein abdi<br/>3. M261-3 - Hodan Abdullahi omar<br/>4. M261-4 - Halimo Ibrahim hared<br/>5. M261-5 - Aden moalin abdi<br/>6. M261-6 - Abdi mohamed bade<br/>7. M261-7 - Ali Bashir mahamud,6,,,,,,,,,,,,,No eligible spouse found.,0,,,uuid:96c6c57d-741e-42e1-903b-2a2b643c89ef,2603230738,uuid:96c6c57d-741e-42e1-903b-2a2b643c89ef
08-Apr-2026 07:24:56,07-Apr-2026 10:56:08,07-Apr-2026 13:57:54,c717d4af0550c362,,llrp_team1,samsung|SM-X115|15|SurveyCTO Collect 2.81.5 (387e45a),494,,Daniel,Amin,Garbo,kebele 04_1,M177,Barwako,9,HumanLed,#0a8f3c,6,6,Farah Omer abdullahi,1,1,2,M177-1,1,0,0.4094480312692922,1,1,99,0,199.40944803126928,1,1. M177-1 - Farah Omer abdullahi,0,0.4055073829808482,999,99,Faysa Ali Sayid,1,3,2,M177-2,1,0,0.2831172964213021,2,1,99,0,199.2831172964213,1,2. M177-2 - Faysa Ali Sayid,0,0.2955471921077172,999,99,Fadumo Mohamed Nur,1,4,2,M177-3,1,0,0.5567159439266469,3,1,99,0,199.55671594392663,1,3. M177-3 - Fadumo Mohamed Nur,0,0.055143489225962794,999,99,Ruweyda Mohommed Ali,1,6,1,M177-4,0,1,0.14835234112382756,4,99,1,0.5,99.64835234112383,1,4. M177-4 - Ruweyda Mohommed Ali,1,0.39535729379247087,0.14835234112382756,1,Roda Sahane Mahamud,1,6,2,M177-5,0,1,0.7350838581138266,5,99,1,0,99.73508385811382,1,5. M177-5 - Roda Sahane Mahamud,0,0.15299611863707585,999,99,Jawhar Sheikh Kamil,1,6,2,M177-6,0,1,0.8525516355251772,6,99,1,0,99.85255163552517,1,6. M177-6 - Jawhar Sheikh Kamil,0,0.4014719906732952,999,99,,,,,,,,,,,,,,,,,,,,,,,,,,,,,,,,,,,,,,,,,,,,,,,,,,,,,,,,,,,,,,,,,,,,,,,,,,,,,,,,,,,,,,,,,,,,,,,,,,,,,,,,,,,,,,,,,,,,,,,,,,,,,,,,,,,,,,,,,,,,,,,,,,,,,,,,,,,,,,,,,,,,,,,,,,,,,,,,,,,,,,,,,,,,,,,1,199.40944803126928 199.2831172964213 199.55671594392663 99.64835234112383 99.73508385811382 99.85255163552517,3,1,2,6,5,4,1. M177_1 - Fadumo Mohamed Nur,2. M177_2 - Farah Omer abdullahi,3. M177_3 - Faysa Ali Sayid,4. M177_4 - Jawhar Sheikh Kamil,5. M177_5 - Roda Sahane Mahamud,6. M177_6 - Ruweyda Mohommed Ali,0.14835234112382756,3,1 2 3 4 5 6,1. M177-1 - Farah Omer abdullahi<br/>2. M177-2 - Faysa Ali Sayid<br/>3. M177-3 - Fadumo Mohamed Nur<br/>4. M177-4 - Ruweyda Mohommed Ali<br/>5. M177-5 - Roda Sahane Mahamud<br/>6. M177-6 - Jawhar Sheikh Kamil,6,4,,,Ruweyda Mohommed Ali,,,,,,,,6. Ruweyda Mohommed Ali (Husband to be interviewed)<br/>,Husband of Ruweyda Mohommed Ali must be interviewed.,1,,⚠ Spouse interview required,uuid:58e85097-5ffb-4c90-b464-b84da1c17776,2603230738,uuid:58e85097-5ffb-4c90-b464-b84da1c17776
08-Apr-2026 08:18:59,07-Apr-2026 15:39:39,08-Apr-2026 08:18:18,d89643955cc62774,,llrp_team1,samsung|SM-X115|15|SurveyCTO Collect 2.81.5 (387e45a),279,,Wesen,Fathiya,Dolobay,Dolobay 01_3,M119,Hormuud,8,Control,#d60000,6,6,Guro rage hussen,2,6,,M119-1,0,1,0.8966278606944413,1,99,1,0,99.89662786069444,1,1. M119-1 - Guro rage hussen,0,0.6580847036979486,999,99,Anisa mahamed osman,1,3,,M119-2,1,0,0.41452918056403243,2,1,99,0,199.41452918056405,1,2. M119-2 - Anisa mahamed osman,0,0.6464400495590126,999,99,Hawa hassen gadi,1,6,,M119-3,0,1,0.2525454921225929,3,99,1,0,99.2525454921226,1,3. M119-3 - Hawa hassen gadi,0,0.2810226215087477,999,99,Ali abdurahman hussen,2,1,,M119-4,1,0,0.6603743167029599,4,1,99,0,199.66037431670296,1,4. M119-4 - Ali abdurahman hussen,0,0.9436308663266785,999,99,Shire abdi ali,2,2,,M119-5,0,0,0.9307461784008129,5,99,99,0,0.9307461784008129,1,5. M119-5 - Shire abdi ali,0,0.1390290695255313,999,99,Habibo sugo isak,1,6,,M119-6,0,1,0.17864286032519416,6,99,1,0,99.1786428603252,1,6. M119-6 - Habibo sugo isak,0,0.5546448409167473,999,99,,,,,,,,,,,,,,,,,,,,,,,,,,,,,,,,,,,,,,,,,,,,,,,,,,,,,,,,,,,,,,,,,,,,,,,,,,,,,,,,,,,,,,,,,,,,,,,,,,,,,,,,,,,,,,,,,,,,,,,,,,,,,,,,,,,,,,,,,,,,,,,,,,,,,,,,,,,,,,,,,,,,,,,,,,,,,,,,,,,,,,,,,,,,,,,1,99.89662786069444 199.41452918056405 99.2525454921226 199.66037431670296 0.9307461784008129 99.1786428603252,4,2,1,3,6,5,1. M119_1 - Ali abdurahman hussen,2. M119_2 - Anisa mahamed osman,3. M119_3 - Guro rage hussen,4. M119_4 - Hawa hassen gadi,5. M119_5 - Habibo sugo isak,6. M119_6 - Shire abdi ali,,2,1 2 3 4 5 6,1. M119-1 - Guro rage hussen<br/>2. M119-2 - Anisa mahamed osman<br/>3. M119-3 - Hawa hassen gadi<br/>4. M119-4 - Ali abdurahman hussen<br/>5. M119-5 - Shire abdi ali<br/>6. M119-6 - Habibo sugo isak,6,,,,,,,,,,,,,No eligible spouse found.,0,,,uuid:aa8e9b60-2219-4a34-b06b-06cbed7195c6,2603230738,uuid:aa8e9b60-2219-4a34-b06b-06cbed7195c6
08-Apr-2026 08:28:47,07-Apr-2026 15:35:41,08-Apr-2026 07:56:24,43563d0bd9b9000f,,llrp_team1,samsung|SM-X115|16|SurveyCTO Collect 2.81.5 (387e45a),661,,Wesen,Abbe,Dolobay,Dolobay 01_2,M118,Barwaaqo,8,HumanLed,#0a8f3c,8,8,Nour Abdulahi Isaq,2,1,,M118-1,1,0,0.6072174853017209,1,1,99,0,199.60721748530173,1,1. M118-1 - Nour Abdulahi Isaq,0,0.9033509121329826,999,99,Hayba Sheikh Hussen,1,2,1,M118-2,0,0,0.1818775085731813,2,99,99,0.5,0.6818775085731813,1,2. M118-2 - Hayba Sheikh Hussen,0,0.7316525726893097,999,99,Muhiyadin Abdirahman Hussen,2,5,,M118-3,0,0,0.9080127893592055,3,99,99,0,0.9080127893592055,1,3. M118-3 - Muhiyadin Abdirahman Hussen,0,0.2979918109847548,999,99,Khayra Ibrahim Hussen,1,3,1,M118-4,1,0,0.8250554440141794,4,1,99,0.5,200.32505544401417,1,4. M118-4 - Khayra Ibrahim Hussen,1,0.4991582895366785,0.8250554440141794,1,Fatehi Mahamed Aden,1,6,2,M118-5,0,1,0.395235663556996,5,99,1,0,99.395235663557,1,5. M118-5 - Fatehi Mahamed Aden,0,0.07336768967389107,999,99,Mahamed Umar Danbayow,2,6,,M118-6,0,1,0.2754883526642863,6,99,1,0,99.27548835266428,1,6. M118-6 - Mahamed Umar Danbayow,0,0.4870124693920186,999,99,Fatehi Nour Abdulahi,1,6,2,M118-7,0,1,0.8733202149252669,7,99,1,0,99.87332021492527,1,7. M118-7 - Fatehi Nour Abdulahi,0,0.6701501377571257,999,99,Mahamud Abdulahi Mursal,2,6,,M118-8,0,1,0.13216383718491298,8,99,1,0,99.13216383718492,1,8. M118-8 - Mahamud Abdulahi Mursal,0,0.42848250816078914,999,99,,,,,,,,,,,,,,,,,,,,,,,,,,,,,,,,,,,,,,,,,,,,,,,,,,,,,,,,,,,,,,,,,,,,,,,,,,,,,,,,,,,,,,,,,,,,,,,,,,,,,,,,,,,,,,,,,,,,,,,,,,,,,,,,,,,,,,,,,,,,,,,,,,,,,,,,,1,199.60721748530173 0.6818775085731813 0.9080127893592055 200.32505544401417 99.395235663557 99.27548835266428 99.87332021492527 99.13216383718492,4,1,7,5,6,8,1. M118_1 - Khayra Ibrahim Hussen,2. M118_2 - Nour Abdulahi Isaq,3. M118_3 - Fatehi Nour Abdulahi,4. M118_4 - Fatehi Mahamed Aden,5. M118_5 - Mahamed Umar Danbayow,6. M118_6 - Mahamud Abdulahi Mursal,0.8250554440141794,2,1 4 5 6 7 8,1. M118-1 - Nour Abdulahi Isaq<br/>2. M118-2 - Hayba Sheikh Hussen<br/>3. M118-3 - Muhiyadin Abdirahman Hussen<br/>4. M118-4 - Khayra Ibrahim Hussen<br/>5. M118-5 - Fatehi Mahamed Aden<br/>6. M118-6 - Mahamed Umar Danbayow<br/>7. M118-7 - Fatehi Nour Abdulahi<br/>8. M118-8 - Mahamud Abdulahi Mursal,6,4,,,Khayra Ibrahim Hussen,,,1. Khayra Ibrahim Hussen (Husband to be interviewed)<br/>,,,,,,Husband of Khayra Ibrahim Hussen must be interviewed.,1,,⚠ Spouse interview required,uuid:574441e8-2527-4435-8dc1-d9522bcc1351,2603230738,uuid:574441e8-2527-4435-8dc1-d9522bcc1351
08-Apr-2026 08:34:28,04-Apr-2026 11:24:14,08-Apr-2026 08:32:02,4794b43bebbd3e7c,,llrp_team1,samsung|SM-X115|14|SurveyCTO Collect 2.81.5 (387e45a),337,,Daniel,Hayat,Harawa,Carmo_1,M244,Laaca,8,Control,#d60000,5,5,Ilyas Hassen Diheye,2,1,,M244-1,1,0,0.39711562898209174,1,1,99,0,199.39711562898208,1,1. M244-1 - Ilyas Hassen Diheye,0,0.4533527583732301,999,99,Yasin Osman Dahir,2,6,,M244-2,0,1,0.24044722524275175,2,99,1,0,99.24044722524275,1,2. M244-2 - Yasin Osman Dahir,0,0.8643324330235933,999,99,Abdurahman Mohammed Awale,2,3,,M244-3,1,0,0.5103258476202885,3,1,99,0,199.5103258476203,1,3. M244-3 - Abdurahman Mohammed Awale,0,0.2696244992963389,999,99,Abduselam Yusuf Awale,2,6,,M244-4,0,1,0.6659964698682141,4,99,1,0,99.66599646986822,1,4. M244-4 - Abduselam Yusuf Awale,0,0.6089387919850309,999,99,Muktar Hussen Ahmed,2,6,,M244-5,0,1,0.02973859016250091,5,99,1,0,99.0297385901625,1,5. M244-5 - Muktar Hussen Ahmed,0,0.9440864399547282,999,99,,,,,,,,,,,,,,,,,,,,,,,,,,,,,,,,,,,,,,,,,,,,,,,,,,,,,,,,,,,,,,,,,,,,,,,,,,,,,,,,,,,,,,,,,,,,,,,,,,,,,,,,,,,,,,,,,,,,,,,,,,,,,,,,,,,,,,,,,,,,,,,,,,,,,,,,,,,,,,,,,,,,,,,,,,,,,,,,,,,,,,,,,,,,,,,,,,,,,,,,,,,,,,,,,,1,199.39711562898208 99.24044722524275 199.5103258476203 99.66599646986822 99.0297385901625,3,1,4,2,5,,1. M244_1 - Abdurahman Mohammed Awale,2. M244_2 - Ilyas Hassen Diheye,3. M244_3 - Abduselam Yusuf Awale,4. M244_4 - Yasin Osman Dahir,5. M244_5 - Muktar Hussen Ahmed,,,2,1 2 3 4 5,1. M244-1 - Ilyas Hassen Diheye<br/>2. M244-2 - Yasin Osman Dahir<br/>3. M244-3 - Abdurahman Mohammed Awale<br/>4. M244-4 - Abduselam Yusuf Awale<br/>5. M244-5 - Muktar Hussen Ahmed,5,,,,,,,,,,,,,No eligible spouse found.,0,,,uuid:f929008e-bc0c-4288-b728-110347337b76,2603230738,uuid:f929008e-bc0c-4288-b728-110347337b76
08-Apr-2026 08:56:32,07-Apr-2026 09:43:59,08-Apr-2026 08:55:52,cf84d912f7bc03f1,,llrp_team1,samsung|SM-X115|14|SurveyCTO Collect 2.81.5 (387e45a),612,,Anteneh,Abdiresaq,Kohle,Qohle 02_2,M263,Nasteho,12,Control,#d60000,6,6,Mohamed Budul Sied,2,6,,M263-1,0,1,0.9799847834549219,1,99,1,0,99.97998478345492,1,1. M263-1 - Mohamed Budul Sied,0,0.019552329490229448,999,99,Abdirahman Muktar Ali,2,6,,M263-2,0,1,0.8134532231700855,2,99,1,0,99.81345322317009,1,2. M263-2 - Abdirahman Muktar Ali,0,0.5802770045249692,999,99,Ahmed Abdi Hire,2,1,,M263-3,1,0,0.20753770619343492,3,1,99,0,199.20753770619345,1,3. M263-3 - Ahmed Abdi Hire,0,0.8226042881480234,999,99,Kamil omer Mohamed,2,4,,M263-4,1,0,0.13597991535100207,4,1,99,0,199.13597991535102,1,4. M263-4 - Kamil omer Mohamed,0,0.03277770997072782,999,99,Suldama Haji Ahmed,1,6,,M263-5,0,1,0.9494547551352496,5,99,1,0,99.94945475513525,1,5. M263-5 - Suldama Haji Ahmed,0,0.5509329999682915,999,99,Hibo moge Hassen,1,6,,M263-6,0,1,0.36600576585394884,6,99,1,0,99.36600576585396,1,6. M263-6 - Hibo moge Hassen,0,0.8652251306952568,999,99,,,,,,,,,,,,,,,,,,,,,,,,,,,,,,,,,,,,,,,,,,,,,,,,,,,,,,,,,,,,,,,,,,,,,,,,,,,,,,,,,,,,,,,,,,,,,,,,,,,,,,,,,,,,,,,,,,,,,,,,,,,,,,,,,,,,,,,,,,,,,,,,,,,,,,,,,,,,,,,,,,,,,,,,,,,,,,,,,,,,,,,,,,,,,,,1,99.97998478345492 99.81345322317009 199.20753770619345 199.13597991535102 99.94945475513525 99.36600576585396,3,4,1,5,2,6,1. M263_1 - Ahmed Abdi Hire,2. M263_2 - Kamil omer Mohamed,3. M263_3 - Mohamed Budul Sied,4. M263_4 - Suldama Haji Ahmed,5. M263_5 - Abdirahman Muktar Ali,6. M263_6 - Hibo moge Hassen,,2,1 2 3 4 5 6,1. M263-1 - Mohamed Budul Sied<br/>2. M263-2 - Abdirahman Muktar Ali<br/>3. M263-3 - Ahmed Abdi Hire<br/>4. M263-4 - Kamil omer Mohamed<br/>5. M263-5 - Suldama Haji Ahmed<br/>6. M263-6 - Hibo moge Hassen,6,,,,,,,,,,,,,No eligible spouse found.,0,,,uuid:1559436c-7d69-467b-bc87-5f308a3fb5d8,2603230738,uuid:1559436c-7d69-467b-bc87-5f308a3fb5d8
08-Apr-2026 17:53:27,08-Apr-2026 10:53:03,08-Apr-2026 17:42:57,78b63b5b10d7e676,,llrp_team1,samsung|SM-X115|15|SurveyCTO Collect 2.81.5 (387e45a),519,,Wesen,Hasen,Dolobay,Waldagabare_1,M114,Nasib,12,HumanLed,#0a8f3c,11,11,Nuna Ibrahim lafow,1,3,1,M114-1,1,0,0.813367501242832,1,1,99,0.5,200.31336750124282,1,1. M114-1 - Nuna Ibrahim lafow,1,0.7818358849366355,0.813367501242832,1,Ahmed nor abdi,2,5,,M114-2,0,0,0.11980452314642531,2,99,99,0,0.11980452314642531,1,2. M114-2 - Ahmed nor abdi,0,0.04410072171642121,999,99,Suleyman abdulahi aden,2,6,,M114-3,0,1,0.505688652948869,3,99,1,0,99.50568865294886,1,3. M114-3 - Suleyman abdulahi aden,0,0.5018763972217842,999,99,Hasen nurow abdi,2,6,,M114-4,0,1,0.546951191918233,4,99,1,0,99.54695119191824,1,4. M114-4 - Hasen nurow abdi,0,0.29237617777495506,999,99,Hasen jama abdile,2,2,,M114-5,1,0,0.06944575922556795,5,1,99,0,199.06944575922557,1,5. M114-5 - Hasen jama abdile,0,0.37254655546508464,999,99,Kushane hasen aden,2,6,,M114-6,0,1,0.4823611315669909,6,99,1,0,99.48236113156699,1,6. M114-6 - Kushane hasen aden,0,0.6482950196677518,999,99,Mohamed jama abdile,2,6,,M114-7,0,1,0.4888744031280293,7,99,1,0,99.48887440312802,1,7. M114-7 - Mohamed jama abdile,0,0.292907637431406,999,99,Derow wardere shiek,2,6,,M114-8,0,1,0.5810710738125019,8,99,1,0,99.5810710738125,1,8. M114-8 - Derow wardere shiek,0,0.48035690371882656,999,99,Omer yusuf Ibrahim,2,6,,M114-9,0,1,0.3112756484705811,9,99,1,0,99.31127564847058,1,9. M114-9 - Omer yusuf Ibrahim,0,0.09691195852674928,999,99,"Abdirahman alka,ase abdi",2,6,,M114-10,0,1,0.3326428032955149,10,99,1,0,99.33264280329551,1,"10. M114-10 - Abdirahman alka,ase abdi",0,0.8752039110190446,999,99,Suleyman malow abdile,2,6,,M114-11,0,1,0.37694133729123125,11,99,1,0,99.37694133729123,1,11. M114-11 - Suleyman malow abdile,0,0.991522240233607,999,99,,,,,,,,,,,,,,,,,,,,,,,,,,,,,,,,,,,,,,,,,,,,,,,,,,,,,,,,,,,,,,,,,,,,,,,,,,,,,,,,,,,,,,,,,,,,,,,,0,200.31336750124282 0.11980452314642531 99.50568865294886 99.54695119191824 199.06944575922557 99.48236113156699 99.48887440312802 99.5810710738125 99.31127564847058 99.33264280329551 99.37694133729123,1,5,8,4,3,7,1. M114_1 - Nuna Ibrahim lafow,2. M114_2 - Hasen jama abdile,3. M114_3 - Derow wardere shiek,4. M114_4 - Hasen nurow abdi,5. M114_5 - Suleyman abdulahi aden,6. M114_6 - Mohamed jama abdile,0.813367501242832,2,1 3 4 5 7 8,"1. M114-1 - Nuna Ibrahim lafow<br/>2. M114-2 - Ahmed nor abdi<br/>3. M114-3 - Suleyman abdulahi aden<br/>4. M114-4 - Hasen nurow abdi<br/>5. M114-5 - Hasen jama abdile<br/>6. M114-6 - Kushane hasen aden<br/>7. M114-7 - Mohamed jama abdile<br/>8. M114-8 - Derow wardere shiek<br/>9. M114-9 - Omer yusuf Ibrahim<br/>10. M114-10 - Abdirahman alka,ase abdi<br/>11. M114-11 - Suleyman malow abdile",6,1,,,Nuna Ibrahim lafow,,,1. Nuna Ibrahim lafow (Husband to be interviewed)<br/>,,,,,,Husband of Nuna Ibrahim lafow must be interviewed.,1,,⚠ Spouse interview required,uuid:4a51db1a-ae4e-4a38-b95a-68a8de8c5fbe,2603230738,uuid:4a51db1a-ae4e-4a38-b95a-68a8de8c5fbe
08-Apr-2026 19:55:47,05-Apr-2026 10:51:38,08-Apr-2026 19:54:30,4794b43bebbd3e7c,,llrp_team1,samsung|SM-X115|14|SurveyCTO Collect 2.81.5 (387e45a),356,,Daniel,Hayat,Harawa,Dhabi_1,M240,Tawakal,8,TechLed,#1f4bd6,4,4,Yusuf Hassen Olhaye,2,5,,M240-1,0,0,0.3864396483576774,1,99,99,0,0.3864396483576774,1,1. M240-1 - Yusuf Hassen Olhaye,0,0.6960984496195695,999,99,Hawa Mahamud Alabe,1,1,1,M240-2,1,0,0.9420561990114134,2,1,99,0.5,200.4420561990114,1,2. M240-2 - Hawa Mahamud Alabe,1,0.6323156784398035,0.9420561990114134,1,Asha Muhumed Ali,1,6,1,M240-3,0,1,0.9020329606735946,3,99,1,0.5,100.4020329606736,1,3. M240-3 - Asha Muhumed Ali,1,0.29873160601466275,0.9020329606735946,1,Seada Omar Abdulahi,1,6,1,M240-4,0,1,0.7848978056627868,4,99,1,0.5,100.28489780566278,1,4. M240-4 - Seada Omar Abdulahi,1,0.4015469722869748,0.7848978056627868,1,,,,,,,,,,,,,,,,,,,,,,,,,,,,,,,,,,,,,,,,,,,,,,,,,,,,,,,,,,,,,,,,,,,,,,,,,,,,,,,,,,,,,,,,,,,,,,,,,,,,,,,,,,,,,,,,,,,,,,,,,,,,,,,,,,,,,,,,,,,,,,,,,,,,,,,,,,,,,,,,,,,,,,,,,,,,,,,,,,,,,,,,,,,,,,,,,,,,,,,,,,,,,,,,,,,,,,,,,,,,,,,,,,,,,1,0.3864396483576774 200.4420561990114 100.4020329606736 100.28489780566278,2,3,4,1,,,1. M240_1 - Hawa Mahamud Alabe,2. M240_2 - Asha Muhumed Ali,3. M240_3 - Seada Omar Abdulahi,4. M240_4 - Yusuf Hassen Olhaye,,,0.9420561990114134 0.9020329606735946 0.7848978056627868,1,1 2 3 4,1. M240-1 - Yusuf Hassen Olhaye<br/>2. M240-2 - Hawa Mahamud Alabe<br/>3. M240-3 - Asha Muhumed Ali<br/>4. M240-4 - Seada Omar Abdulahi,4,2,3,4,Hawa Mahamud Alabe,Asha Muhumed Ali,Seada Omar Abdulahi,1. Hawa Mahamud Alabe (Husband to be interviewed)<br/>,2. Asha Muhumed Ali (Husband to be interviewed)<br/>,3. Seada Omar Abdulahi (Husband to be interviewed)<br/>,,,,"Husbands of Hawa Mahamud Alabe, Asha Muhumed Ali and Seada Omar Abdulahi must be interviewed (one may serve as replacement).",3,Seada Omar Abdulahi (Replacement),⚠ Spouse interview required,uuid:6e52380f-c544-40be-9b1f-cdc0149f2a44,2603230738,uuid:6e52380f-c544-40be-9b1f-cdc0149f2a44
09-Apr-2026 05:30:29,07-Apr-2026 15:15:36,07-Apr-2026 15:25:03,6b74f9d4edaa4c9a,,llrp_team1,samsung|SM-X115|15|SurveyCTO Collect 2.81.5 (387e45a),543,,Anteneh,Mahamed,Danot,Babaase_1,M56,Barleex,10,TechLed,#1f4bd6,7,7,Shukri mahamud ahmed,2,6,,M56-1,0,1,0.016530853103888132,1,99,1,0,99.01653085310389,1,1. M56-1 - Shukri mahamud ahmed,0,0.312008262829487,999,99,Hubi abdi ese,2,6,,M56-2,0,1,0.417806925629976,2,99,1,0,99.41780692562998,1,2. M56-2 - Hubi abdi ese,0,0.8392718250223276,999,99,Ahmed mohamed sirad,2,6,,M56-3,0,1,0.3052397308373035,3,99,1,0,99.3052397308373,1,3. M56-3 - Ahmed mohamed sirad,0,0.5225116271583615,999,99,Ese muse hussein,2,6,,M56-4,0,1,0.07686727583758857,4,99,1,0,99.07686727583759,1,4. M56-4 - Ese muse hussein,0,0.5772537808901114,999,99,Safia shukri ahmed,1,1,1,M56-5,1,0,0.0007391107754223247,5,1,99,0.5,199.5007391107754,1,5. M56-5 - Safia shukri ahmed,1,0.745487518603512,0.0007391107754223247,1,Ibado kalif abdi,1,3,2,M56-6,1,0,0.6028192906525526,6,1,99,0,199.60281929065255,1,6. M56-6 - Ibado kalif abdi,0,0.09408644066328942,999,99,Nimo arab hussein,1,6,2,M56-7,0,1,0.3562799062769283,7,99,1,0,99.35627990627692,1,7. M56-7 - Nimo arab hussein,0,0.11309624176267397,999,99,,,,,,,,,,,,,,,,,,,,,,,,,,,,,,,,,,,,,,,,,,,,,,,,,,,,,,,,,,,,,,,,,,,,,,,,,,,,,,,,,,,,,,,,,,,,,,,,,,,,,,,,,,,,,,,,,,,,,,,,,,,,,,,,,,,,,,,,,,,,,,,,,,,,,,,,,,,,,,,,,,,,,,,,,,,,1,99.01653085310389 99.41780692562998 99.3052397308373 99.07686727583759 199.5007391107754 199.60281929065255 99.35627990627692,6,5,2,7,3,4,1. M56_1 - Ibado kalif abdi,2. M56_2 - Safia shukri ahmed,3. M56_3 - Hubi abdi ese,4. M56_4 - Nimo arab hussein,5. M56_5 - Ahmed mohamed sirad,6. M56_6 - Ese muse hussein,0.0007391107754223247,2,2 3 4 5 6 7,1. M56-1 - Shukri mahamud ahmed<br/>2. M56-2 - Hubi abdi ese<br/>3. M56-3 - Ahmed mohamed sirad<br/>4. M56-4 - Ese muse hussein<br/>5. M56-5 - Safia shukri ahmed<br/>6. M56-6 - Ibado kalif abdi<br/>7. M56-7 - Nimo arab hussein,6,5,,,Safia shukri ahmed,,,,2. Safia shukri ahmed (Husband to be interviewed)<br/>,,,,,Husband of Safia shukri ahmed must be interviewed.,1,,⚠ Spouse interview required,uuid:84f0193e-047c-4495-afbc-ca903dfeeb04,2603230738,uuid:84f0193e-047c-4495-afbc-ca903dfeeb04
09-Apr-2026 05:42:35,08-Apr-2026 14:35:09,08-Apr-2026 14:49:37,d2ebdf8d6eda08cd,,llrp_team1,samsung|SM-A166P|16|SurveyCTO Collect 2.81.5 (387e45a),588,,Anteneh,Afriya,Danot,Cali bare_1,M52,ALa magan,10,Control,#d60000,8,8,Duhu  Hassen  Yusuf,2,1,,M52-1,1,0,0.45975012239014557,1,1,99,0,199.45975012239015,1,1. M52-1 - Duhu  Hassen  Yusuf,0,0.19696007765087242,999,99,Abdullahi Ismail Hassen,2,6,,M52-2,0,1,0.27455964014731793,2,99,1,0,99.27455964014732,1,2. M52-2 - Abdullahi Ismail Hassen,0,0.7902856693062462,999,99,Tahir Abdi Osman,2,6,,M52-3,0,1,0.1892007308846374,3,99,1,0,99.18920073088464,1,3. M52-3 - Tahir Abdi Osman,0,0.5913668356946249,999,99,Samiya Ibrahin Isman,1,3,,M52-4,1,0,0.14834926086980627,4,1,99,0,199.1483492608698,1,4. M52-4 - Samiya Ibrahin Isman,0,0.6404563969711679,999,99,Dahabo Ahmed Malin,1,6,,M52-5,0,1,0.19474954568173108,5,99,1,0,99.19474954568173,1,5. M52-5 - Dahabo Ahmed Malin,0,0.4116626363901418,999,99,Fardows Ismail Afi,1,2,,M52-6,0,0,0.582730683463662,6,99,99,0,0.582730683463662,1,6. M52-6 - Fardows Ismail Afi,0,0.7930170786675863,999,99,Fardows Sulub yusuf,1,4,,M52-7,1,0,0.8522276626865929,7,1,99,0,199.8522276626866,1,7. M52-7 - Fardows Sulub yusuf,0,0.6552272104904435,999,99,Habib Mohamed Muhumed,2,5,,M52-8,0,0,0.3415767595445496,8,99,99,0,0.3415767595445496,1,8. M52-8 - Habib Mohamed Muhumed,0,0.09817193350140452,999,99,,,,,,,,,,,,,,,,,,,,,,,,,,,,,,,,,,,,,,,,,,,,,,,,,,,,,,,,,,,,,,,,,,,,,,,,,,,,,,,,,,,,,,,,,,,,,,,,,,,,,,,,,,,,,,,,,,,,,,,,,,,,,,,,,,,,,,,,,,,,,,,,,,,,,,,,,1,199.45975012239015 99.27455964014732 99.18920073088464 199.1483492608698 99.19474954568173 0.582730683463662 199.8522276626866 0.3415767595445496,7,1,4,2,5,3,1. M52_1 - Fardows Sulub yusuf,2. M52_2 - Duhu  Hassen  Yusuf,3. M52_3 - Samiya Ibrahin Isman,4. M52_4 - Abdullahi Ismail Hassen,5. M52_5 - Dahabo Ahmed Malin,6. M52_6 - Tahir Abdi Osman,,3,1 2 3 4 5 7,1. M52-1 - Duhu  Hassen  Yusuf <br/>2. M52-2 - Abdullahi Ismail Hassen <br/>3. M52-3 - Tahir Abdi Osman <br/>4. M52-4 - Samiya Ibrahin Isman<br/>5. M52-5 - Dahabo Ahmed Malin<br/>6. M52-6 - Fardows Ismail Afi <br/>7. M52-7 - Fardows Sulub yusuf <br/>8. M52-8 - Habib Mohamed Muhumed,6,,,,,,,,,,,,,No eligible spouse found.,0,,,uuid:f2862768-f0bd-411d-b7e8-96c6df4a8008,2603230738,uuid:f2862768-f0bd-411d-b7e8-96c6df4a8008
09-Apr-2026 05:48:58,08-Apr-2026 08:42:37,08-Apr-2026 08:54:22,4eeefaf360cd4a3a,,llrp_team1,samsung|SM-X115|15|SurveyCTO Collect 2.81.5 (387e45a),656,,Muktar,Hasen,Lagahida,Lagahida town 02_1,M271,Hodan,10,Control,#d60000,8,8,Shamsi farah abdi,2,1,,M271-1,1,0,0.988554177982907,1,1,99,0,199.9885541779829,1,1. M271-1 - Shamsi farah abdi,0,0.9476023343602001,999,99,Hamdi abdi mahamed,1,6,,M271-2,0,1,0.8005192050802258,2,99,1,0,99.80051920508022,1,2. M271-2 - Hamdi abdi mahamed,0,0.9863525434857621,999,99,Rukiya mahamed sheik,1,3,,M271-3,1,0,0.3292856069255,3,1,99,0,199.3292856069255,1,3. M271-3 - Rukiya mahamed sheik,0,0.5097689380757945,999,99,Abdi omar muse,2,5,,M271-4,0,0,0.4254162973168909,4,99,99,0,0.4254162973168909,1,4. M271-4 - Abdi omar muse,0,0.6322866332486387,999,99,Kadra hassen ali,1,6,,M271-5,0,1,0.9477751832253802,5,99,1,0,99.94777518322537,1,5. M271-5 - Kadra hassen ali,0,0.4683255204458834,999,99,Sahan abdi jama,1,6,,M271-6,0,1,0.07216982341240652,6,99,1,0,99.07216982341241,1,6. M271-6 - Sahan abdi jama,0,0.9911717449695079,999,99,Halima wali abdulahi,1,6,,M271-7,0,1,0.45818032425397526,7,99,1,0,99.45818032425397,1,7. M271-7 - Halima wali abdulahi,0,0.6768326833042329,999,99,Faduma isak farah,1,6,,M271-8,0,1,0.8396377482689508,8,99,1,0,99.83963774826896,1,8. M271-8 - Faduma isak farah,0,0.39257223431860744,999,99,,,,,,,,,,,,,,,,,,,,,,,,,,,,,,,,,,,,,,,,,,,,,,,,,,,,,,,,,,,,,,,,,,,,,,,,,,,,,,,,,,,,,,,,,,,,,,,,,,,,,,,,,,,,,,,,,,,,,,,,,,,,,,,,,,,,,,,,,,,,,,,,,,,,,,,,,1,199.9885541779829 99.80051920508022 199.3292856069255 0.4254162973168909 99.94777518322537 99.07216982341241 99.45818032425397 99.83963774826896,1,3,5,8,2,7,1. M271_1 - Shamsi farah abdi,2. M271_2 - Rukiya mahamed sheik,3. M271_3 - Kadra hassen ali,4. M271_4 - Faduma isak farah,5. M271_5 - Hamdi abdi mahamed,6. M271_6 - Halima wali abdulahi,,2,1 2 3 5 7 8,1. M271-1 - Shamsi farah abdi<br/>2. M271-2 - Hamdi abdi mahamed<br/>3. M271-3 - Rukiya mahamed sheik<br/>4. M271-4 - Abdi omar muse<br/>5. M271-5 - Kadra hassen ali<br/>6. M271-6 - Sahan abdi jama<br/>7. M271-7 - Halima wali abdulahi<br/>8. M271-8 - Faduma isak farah,6,,,,,,,,,,,,,No eligible spouse found.,0,,,uuid:b12662b1-a857-49f5-b8f3-7d8a60abcbb6,2603230738,uuid:b12662b1-a857-49f5-b8f3-7d8a60abcbb6
09-Apr-2026 06:00:56,07-Apr-2026 12:06:04,09-Apr-2026 05:59:07,4eeefaf360cd4a3a,,llrp_team1,samsung|SM-X115|15|SurveyCTO Collect 2.81.5 (387e45a),689,,Muktar,Hasen,Salahad,Haarleedi_1,M336,AL barako,12,TechLed,#1f4bd6,7,7,Habib muhumed nur,2,1,,M336-1,1,0,0.19693025019333021,1,1,99,0,199.19693025019333,1,1. M336-1 - Habib muhumed nur,0,0.4913279313431005,999,99,Ahmed mursal mahamed,2,5,,M336-2,0,0,0.09787889261501181,2,99,99,0,0.09787889261501181,1,2. M336-2 - Ahmed mursal mahamed,0,0.050666601651976895,999,99,Abdi budul bulhan,2,6,,M336-3,0,1,0.872296200682075,3,99,1,0,99.87229620068207,1,3. M336-3 - Abdi budul bulhan,0,0.6474285218066713,999,99,Mowlid abdi nur,2,6,,M336-4,0,1,0.2696342070815686,4,99,1,0,99.26963420708157,1,4. M336-4 - Mowlid abdi nur,0,0.16990465820831469,999,99,Tamad side di'is,1,6,2,M336-5,0,1,0.6775186404968516,5,99,1,0,99.67751864049686,1,5. M336-5 - Tamad side di'is,0,0.15355992232120408,999,99,Bisharo adawe hassen,1,3,2,M336-6,1,0,0.15453515447753874,6,1,99,0,199.15453515447754,1,6. M336-6 - Bisharo adawe hassen,0,0.6937000885695848,999,99,Lul yusuf rire,1,6,2,M336-7,0,1,0.08418861550232526,7,99,1,0,99.08418861550233,1,7. M336-7 - Lul yusuf rire,0,0.8777201871867042,999,99,,,,,,,,,,,,,,,,,,,,,,,,,,,,,,,,,,,,,,,,,,,,,,,,,,,,,,,,,,,,,,,,,,,,,,,,,,,,,,,,,,,,,,,,,,,,,,,,,,,,,,,,,,,,,,,,,,,,,,,,,,,,,,,,,,,,,,,,,,,,,,,,,,,,,,,,,,,,,,,,,,,,,,,,,,,,1,199.19693025019333 0.09787889261501181 99.87229620068207 99.26963420708157 99.67751864049686 199.15453515447754 99.08418861550233,1,6,3,5,4,7,1. M336_1 - Habib muhumed nur,2. M336_2 - Bisharo adawe hassen,3. M336_3 - Abdi budul bulhan,4. M336_4 - Tamad side di'is,5. M336_5 - Mowlid abdi nur,6. M336_6 - Lul yusuf rire,,2,1 3 4 5 6 7,1. M336-1 - Habib muhumed nur<br/>2. M336-2 - Ahmed mursal mahamed<br/>3. M336-3 - Abdi budul bulhan<br/>4. M336-4 - Mowlid abdi nur<br/>5. M336-5 - Tamad side di'is<br/>6. M336-6 - Bisharo adawe hassen<br/>7. M336-7 - Lul yusuf rire,6,,,,,,,,,,,,,No eligible spouse found.,0,,,uuid:a3af412a-3422-433a-bdaf-9e359f5b0c9f,2603230738,uuid:a3af412a-3422-433a-bdaf-9e359f5b0c9f
09-Apr-2026 06:08:12,08-Apr-2026 08:39:52,08-Apr-2026 23:21:07,16848f7fba76a71f,,llrp_team1,samsung|SM-X115|15|SurveyCTO Collect 2.81.5 (387e45a),710,,Muktar,Niman,Lagahida,Lagahida town 01_1,M269,Hormuud,10,HumanLed,#0a8f3c,10,10,Halimo sheikh nuriYe,1,1,2,M269-1,1,0,0.7325327763227852,1,1,99,0,199.73253277632278,1,1. M269-1 - Halimo sheikh nuriYe,0,0.6999129988872769,999,99,Hamdi Ahmed abdi,1,6,2,M269-2,0,1,0.8190913249685273,2,99,1,0,99.81909132496853,1,2. M269-2 - Hamdi Ahmed abdi,0,0.26546975789730753,999,99,Dahir bare ali,2,6,,M269-3,0,1,0.5169613892167645,3,99,1,0,99.51696138921676,1,3. M269-3 - Dahir bare ali,0,0.6700880931324148,999,99,Filsan aden abdullahi,1,3,1,M269-4,1,0,0.48279142979793155,4,1,99,0.5,199.98279142979794,1,4. M269-4 - Filsan aden abdullahi,1,0.07529609417957095,0.48279142979793155,1,JoweriYa abdi Akir,1,5,2,M269-5,0,0,0.5526144812648437,5,99,99,0,0.5526144812648437,1,5. M269-5 - JoweriYa abdi Akir,0,0.853271797434723,999,99,Habsa hukun wacdi,1,2,2,M269-6,0,0,0.711592849239757,6,99,99,0,0.711592849239757,1,6. M269-6 - Habsa hukun wacdi,0,0.7747834299094751,999,99,Shamsa farah bakadle,1,6,2,M269-7,0,1,0.8824346850906166,7,99,1,0,99.88243468509062,1,7. M269-7 - Shamsa farah bakadle,0,0.5516440725820646,999,99,Rahma macalin hirse,1,6,2,M269-8,0,1,0.8386887161299817,8,99,1,0,99.83868871612998,1,8. M269-8 - Rahma macalin hirse,0,0.2726388423476904,999,99,Nimo macalin Ahmed,1,6,1,M269-9,0,1,0.06554485017133782,9,99,1,0.5,99.56554485017134,1,9. M269-9 - Nimo macalin Ahmed,1,0.537236043102082,0.06554485017133782,1,Lul abdiwali husein,1,6,2,M269-10,0,1,0.5595966511523783,10,99,1,0,99.55959665115238,1,10. M269-10 - Lul abdiwali husein,0,0.015501632642902607,999,99,,,,,,,,,,,,,,,,,,,,,,,,,,,,,,,,,,,,,,,,,,,,,,,,,,,,,,,,,,,,,,,,,,,,,,,,,,,,,,,,,,,,,,,,,,,,,,,,,,,,,,,,,,,,,,,,,,,1,199.73253277632278 99.81909132496853 99.51696138921676 199.98279142979794 0.5526144812648437 0.711592849239757 99.88243468509062 99.83868871612998 99.56554485017134 99.55959665115238,4,1,7,8,2,9,1. M269_1 - Filsan aden abdullahi,2. M269_2 - Halimo sheikh nuriYe,3. M269_3 - Shamsa farah bakadle,4. M269_4 - Rahma macalin hirse,5. M269_5 - Hamdi Ahmed abdi,6. M269_6 - Nimo macalin Ahmed,0.48279142979793155 0.06554485017133782,2,1 2 4 7 8 9,1. M269-1 - Halimo sheikh nuriYe<br/>2. M269-2 - Hamdi Ahmed abdi<br/>3. M269-3 - Dahir bare ali<br/>4. M269-4 - Filsan aden abdullahi<br/>5. M269-5 - JoweriYa abdi Akir<br/>6. M269-6 - Habsa hukun wacdi<br/>7. M269-7 - Shamsa farah bakadle<br/>8. M269-8 - Rahma macalin hirse<br/>9. M269-9 - Nimo macalin Ahmed<br/>10. M269-10 - Lul abdiwali husein,6,4,9,,Filsan aden abdullahi,Nimo macalin Ahmed,,1. Filsan aden abdullahi (Husband to be interviewed)<br/>,,,,,6. Nimo macalin Ahmed (Husband to be interviewed)<br/>,Husbands of Filsan aden abdullahi and Nimo macalin Ahmed must be interviewed.,2,,⚠ Spouse interview required,uuid:3eb5c461-6b3e-4644-b683-ece063d1d018,2603230738,uuid:3eb5c461-6b3e-4644-b683-ece063d1d018
09-Apr-2026 07:14:21,08-Apr-2026 10:22:22,09-Apr-2026 06:28:24,31d542a9aea3f2c5,,llrp_team1,Lenovo|Lenovo TB-8504F|8.1.0|SurveyCTO Collect 2.81.5 (387e45a),793,,Anteneh,Abdilahi,Kohle,Qabale 01_1,M259,Mubarak,12,TechLed,#1f4bd6,6,6,Raqib musse abdi,2,6,,M259-1,0,1,0.11589960236742536,1,99,1,0,99.11589960236742,1,1. M259-1 - Raqib musse abdi,0,0.7543275908326417,999,99,Muhumed Abdi gure,2,1,,M259-2,1,0,0.8950289908812188,2,1,99,0,199.89502899088123,1,2. M259-2 - Muhumed Abdi gure,0,0.18466786810880376,999,99,Katar shek farah,2,6,,M259-3,0,1,0.7145538615636179,3,99,1,0,99.71455386156362,1,3. M259-3 - Katar shek farah,0,0.5815727470416154,999,99,Abdifatah Mohamed nur,2,3,,M259-4,1,0,0.5754611568723332,4,1,99,0,199.57546115687234,1,4. M259-4 - Abdifatah Mohamed nur,0,0.25222953788922275,999,99,Ahmed Ali garane,2,5,,M259-5,0,0,0.15909823688954794,5,99,99,0,0.15909823688954794,1,5. M259-5 - Ahmed Ali garane,0,0.5127673327558983,999,99,Mahamud Abdi baynah,2,6,,M259-6,0,1,0.25795321399317006,6,99,1,0,99.25795321399318,1,6. M259-6 - Mahamud Abdi baynah,0,0.07538685891165886,999,99,,,,,,,,,,,,,,,,,,,,,,,,,,,,,,,,,,,,,,,,,,,,,,,,,,,,,,,,,,,,,,,,,,,,,,,,,,,,,,,,,,,,,,,,,,,,,,,,,,,,,,,,,,,,,,,,,,,,,,,,,,,,,,,,,,,,,,,,,,,,,,,,,,,,,,,,,,,,,,,,,,,,,,,,,,,,,,,,,,,,,,,,,,,,,,,1,99.11589960236742 199.89502899088123 99.71455386156362 199.57546115687234 0.15909823688954794 99.25795321399318,2,4,3,6,1,5,1. M259_1 - Muhumed Abdi gure,2. M259_2 - Abdifatah Mohamed nur,3. M259_3 - Katar shek farah,4. M259_4 - Mahamud Abdi baynah,5. M259_5 - Raqib musse abdi,6. M259_6 - Ahmed Ali garane,,2,1 2 3 4 5 6,1. M259-1 - Raqib musse abdi<br/>2. M259-2 - Muhumed Abdi gure<br/>3. M259-3 - Katar shek farah<br/>4. M259-4 - Abdifatah Mohamed nur<br/>5. M259-5 - Ahmed Ali garane<br/>6. M259-6 - Mahamud Abdi baynah,6,,,,,,,,,,,,,No eligible spouse found.,0,,,uuid:68bd7679-fdbe-4dbb-a6df-ade0cd231b5a,2603230738,uuid:68bd7679-fdbe-4dbb-a6df-ade0cd231b5a
09-Apr-2026 07:25:53,03-Apr-2026 11:02:38,03-Apr-2026 11:09:37,2ea1ffc601b2cdbf,,llrp_team1,samsung|SM-X115|14|SurveyCTO Collect 2.81.5 (387e45a),420,,Anteneh,Abdinasir,marsin,waysha_1,M278,Rasmi,16,HumanLed,#0a8f3c,8,8,Ahmednur abdulahi mohamed,2,6,,M278-1,0,1,0.1516244930383226,1,99,1,0,99.15162449303833,1,1. M278-1 - Ahmednur abdulahi mohamed,0,0.830996823954155,999,99,Eid ahmed farah,2,6,,M278-2,0,1,0.031918622251457585,2,99,1,0,99.03191862225145,1,2. M278-2 - Eid ahmed farah,0,0.14824154594984718,999,99,Nura abdilahi mohamed,1,6,1,M278-3,0,1,0.8220758195346917,3,99,1,0.5,100.32207581953469,1,3. M278-3 - Nura abdilahi mohamed,1,0.6236294250613484,0.8220758195346917,1,Farah muhumed budul,1,6,2,M278-4,0,1,0.21210268832681112,4,99,1,0,99.21210268832681,1,4. M278-4 - Farah muhumed budul,0,0.02119074625693218,999,99,Farhan takal budul,1,3,2,M278-5,1,0,0.4531580559030115,5,1,99,0,199.453158055903,1,5. M278-5 - Farhan takal budul,0,0.2337678003596647,999,99,Yasin ahmedwali haji,2,1,,M278-6,1,0,0.8665378820584532,6,1,99,0,199.86653788205845,1,6. M278-6 - Yasin ahmedwali haji,0,0.7882758775955016,999,99,His muhumed gudal,1,6,2,M278-7,0,1,0.721426979886856,7,99,1,0,99.72142697988686,1,7. M278-7 - His muhumed gudal,0,0.5833937996827522,999,99,Ayan mohamed wali,1,6,2,M278-8,0,1,0.7565462708250426,8,99,1,0,99.75654627082504,1,8. M278-8 - Ayan mohamed wali,0,0.5774113078603659,999,99,,,,,,,,,,,,,,,,,,,,,,,,,,,,,,,,,,,,,,,,,,,,,,,,,,,,,,,,,,,,,,,,,,,,,,,,,,,,,,,,,,,,,,,,,,,,,,,,,,,,,,,,,,,,,,,,,,,,,,,,,,,,,,,,,,,,,,,,,,,,,,,,,,,,,,,,,1,99.15162449303833 99.03191862225145 100.32207581953469 99.21210268832681 199.453158055903 199.86653788205845 99.72142697988686 99.75654627082504,6,5,3,8,7,4,1. M278_1 - Yasin ahmedwali haji,2. M278_2 - Farhan takal budul,3. M278_3 - Nura abdilahi mohamed,4. M278_4 - Ayan mohamed wali,5. M278_5 - His muhumed gudal,6. M278_6 - Farah muhumed budul,0.8220758195346917,2,3 4 5 6 7 8,1. M278-1 - Ahmednur abdulahi mohamed<br/>2. M278-2 - Eid ahmed farah<br/>3. M278-3 - Nura abdilahi mohamed<br/>4. M278-4 - Farah muhumed budul<br/>5. M278-5 - Farhan takal budul<br/>6. M278-6 - Yasin ahmedwali haji<br/>7. M278-7 - His muhumed gudal<br/>8. M278-8 - Ayan mohamed wali,6,3,,,Nura abdilahi mohamed,,,,,3. Nura abdilahi mohamed (Husband to be interviewed)<br/>,,,,Husband of Nura abdilahi mohamed must be interviewed.,1,,⚠ Spouse interview required,uuid:19413753-caac-4dbe-809a-9c1ba0e25295,2603230738,uuid:19413753-caac-4dbe-809a-9c1ba0e25295
09-Apr-2026 07:25:54,04-Apr-2026 10:13:51,04-Apr-2026 10:17:01,2ea1ffc601b2cdbf,,llrp_team1,samsung|SM-X115|14|SurveyCTO Collect 2.81.5 (387e45a),189,,Anteneh,Abdinasir,marsin,hareere qawar_1,M281,najah,12,HumanLed,#0a8f3c,5,5,Hassan muktar ali,2,6,,M281-1,0,1,0.9074591539047122,1,99,1,0,99.90745915390471,1,1. M281-1 - Hassan muktar ali,0,0.26070694913563464,999,99,Mohamed abdinasir sh/hussein,2,1,,M281-2,1,0,0.7135334364623843,2,1,99,0,199.71353343646237,1,2. M281-2 - Mohamed abdinasir sh/hussein,0,0.6185216886402871,999,99,Yurub hassan ahmed,2,5,,M281-3,0,0,0.4871972992797162,3,99,99,0,0.4871972992797162,1,3. M281-3 - Yurub hassan ahmed,0,0.5648003720130413,999,99,Hamdi hassan mursal,1,6,1,M281-4,0,1,0.8760611226229579,4,99,1,0.5,100.37606112262296,1,4. M281-4 - Hamdi hassan mursal,1,0.07973509796088174,0.8760611226229579,1,Kos abdilahi dirac,1,6,2,M281-5,0,1,0.6840859518204615,5,99,1,0,99.68408595182046,1,5. M281-5 - Kos abdilahi dirac,0,0.7324833007448502,999,99,,,,,,,,,,,,,,,,,,,,,,,,,,,,,,,,,,,,,,,,,,,,,,,,,,,,,,,,,,,,,,,,,,,,,,,,,,,,,,,,,,,,,,,,,,,,,,,,,,,,,,,,,,,,,,,,,,,,,,,,,,,,,,,,,,,,,,,,,,,,,,,,,,,,,,,,,,,,,,,,,,,,,,,,,,,,,,,,,,,,,,,,,,,,,,,,,,,,,,,,,,,,,,,,,,1,99.90745915390471 199.71353343646237 0.4871972992797162 100.37606112262296 99.68408595182046,2,4,1,5,3,,1. M281_1 - Mohamed abdinasir sh/hussein,2. M281_2 - Hamdi hassan mursal,3. M281_3 - Hassan muktar ali,4. M281_4 - Kos abdilahi dirac,5. M281_5 - Yurub hassan ahmed,,0.8760611226229579,1,1 2 3 4 5,1. M281-1 - Hassan muktar ali<br/>2. M281-2 - Mohamed abdinasir sh/hussein<br/>3. M281-3 - Yurub hassan ahmed <br/>4. M281-4 - Hamdi hassan mursal<br/>5. M281-5 - Kos abdilahi dirac,5,4,,,Hamdi hassan mursal,,,,2. Hamdi hassan mursal (Husband to be interviewed)<br/>,,,,,Husband of Hamdi hassan mursal must be interviewed.,1,,⚠ Spouse interview required,uuid:22673c6d-8089-4bb3-a928-587369aab37d,2603230738,uuid:22673c6d-8089-4bb3-a928-587369aab37d
09-Apr-2026 07:25:56,06-Apr-2026 15:02:16,06-Apr-2026 15:07:01,2ea1ffc601b2cdbf,,llrp_team1,samsung|SM-X115|14|SurveyCTO Collect 2.81.5 (387e45a),285,,Anteneh,Abdinasir,Danot,Ceel-maxidho_1,M55,Hormuud,10,TechLed,#1f4bd6,5,5,Ali moalin mohamud,2,6,,M55-1,0,1,0.4271473883366884,1,99,1,0,99.42714738833669,1,1. M55-1 - Ali moalin mohamud,0,0.28006105109420076,999,99,Taman awil sh/mohamud,1,1,2,M55-2,1,0,0.9999935945182824,2,1,99,0,199.9999935945183,1,2. M55-2 - Taman awil sh/mohamud,0,0.28550141466143164,999,99,Falis ahmed aw-musse,1,6,1,M55-3,0,1,0.1041094755460753,3,99,1,0.5,99.60410947554608,1,3. M55-3 - Falis ahmed aw-musse,1,0.7686792515901946,0.1041094755460753,1,Rudwan abdi nour,1,6,2,M55-4,0,1,0.8331267275759405,4,99,1,0,99.83312672757594,1,4. M55-4 - Rudwan abdi nour,0,0.043841598366014645,999,99,Halimo botan hassan,1,2,2,M55-5,0,0,0.7030889068667929,5,99,99,0,0.7030889068667929,1,5. M55-5 - Halimo botan hassan,0,0.3831500502165547,999,99,,,,,,,,,,,,,,,,,,,,,,,,,,,,,,,,,,,,,,,,,,,,,,,,,,,,,,,,,,,,,,,,,,,,,,,,,,,,,,,,,,,,,,,,,,,,,,,,,,,,,,,,,,,,,,,,,,,,,,,,,,,,,,,,,,,,,,,,,,,,,,,,,,,,,,,,,,,,,,,,,,,,,,,,,,,,,,,,,,,,,,,,,,,,,,,,,,,,,,,,,,,,,,,,,,1,99.42714738833669 199.9999935945183 99.60410947554608 99.83312672757594 0.7030889068667929,2,4,3,1,5,,1. M55_1 - Taman awil sh/mohamud,2. M55_2 - Rudwan abdi nour,3. M55_3 - Falis ahmed aw-musse,4. M55_4 - Ali moalin mohamud,5. M55_5 - Halimo botan hassan,,0.1041094755460753,1,1 2 3 4 5,1. M55-1 - Ali moalin mohamud<br/>2. M55-2 - Taman awil sh/mohamud<br/>3. M55-3 - Falis ahmed aw-musse<br/>4. M55-4 - Rudwan abdi nour<br/>5. M55-5 - Halimo botan hassan,5,3,,,Falis ahmed aw-musse,,,,,3. Falis ahmed aw-musse (Husband to be interviewed)<br/>,,,,Husband of Falis ahmed aw-musse must be interviewed.,1,,⚠ Spouse interview required,uuid:02c9c65f-f0db-41cd-8025-1b990eb47375,2603230738,uuid:02c9c65f-f0db-41cd-8025-1b990eb47375
09-Apr-2026 07:25:58,07-Apr-2026 11:11:19,07-Apr-2026 11:21:01,2ea1ffc601b2cdbf,,llrp_team1,samsung|SM-X115|14|SurveyCTO Collect 2.81.5 (387e45a),581,,Anteneh,Abdinasir,Danot,Garoon_1,M51,Garoon,16,TechLed,#1f4bd6,10,10,Ardo nour omer,1,6,1,M51-1,0,1,0.8211407264614917,1,99,1,0.5,100.3211407264615,1,1. M51-1 - Ardo nour omer,1,0.16166966839447428,0.8211407264614917,1,Hubi salid sahal,1,6,2,M51-2,0,1,0.11070400237283184,2,99,1,0,99.11070400237283,1,2. M51-2 - Hubi salid sahal,0,0.27498751841106095,999,99,Dahabo hussein elmi,1,4,2,M51-3,1,0,0.7108941578254919,3,1,99,0,199.7108941578255,1,3. M51-3 - Dahabo hussein elmi,0,0.019801181460657902,999,99,Nasteho ibrahin mohamed,1,6,1,M51-4,0,1,0.03981983627182184,4,99,1,0.5,99.53981983627182,1,4. M51-4 - Nasteho ibrahin mohamed,0,0.5040265981373899,999,99,Layla osman haybe,1,6,1,M51-5,0,1,0.8728938694419972,5,99,1,0.5,100.372893869442,1,5. M51-5 - Layla osman haybe,1,0.4804320728158207,0.8728938694419972,1,Bisharo abdi ali,1,6,2,M51-6,0,1,0.007723228073407418,6,99,1,0,99.0077232280734,1,6. M51-6 - Bisharo abdi ali,0,0.2997732194524314,999,99,Halimo aw-ali badel,1,3,2,M51-7,1,0,0.6245438815003674,7,1,99,0,199.62454388150036,1,7. M51-7 - Halimo aw-ali badel,0,0.33471327305196463,999,99,Fadumo mohamud osman,1,6,2,M51-8,0,1,0.8834812799531777,8,99,1,0,99.88348127995317,1,8. M51-8 - Fadumo mohamud osman,0,0.8883535156843495,999,99,Farhan ahmednour sh/ibrahin,2,5,,M51-9,0,0,0.10146594520249685,9,99,99,0,0.10146594520249685,1,9. M51-9 - Farhan ahmednour sh/ibrahin,0,0.7266295530105813,999,99,Sadik sh/muhumed moalinabdi,2,1,,M51-10,1,0,0.1254095878535575,10,1,99,0,199.12540958785357,1,10. M51-10 - Sadik sh/muhumed moalinabdi,0,0.9895556048428579,999,99,,,,,,,,,,,,,,,,,,,,,,,,,,,,,,,,,,,,,,,,,,,,,,,,,,,,,,,,,,,,,,,,,,,,,,,,,,,,,,,,,,,,,,,,,,,,,,,,,,,,,,,,,,,,,,,,,,,1,100.3211407264615 99.11070400237283 199.7108941578255 99.53981983627182 100.372893869442 99.0077232280734 199.62454388150036 99.88348127995317 0.10146594520249685 199.12540958785357,3,7,10,5,1,8,1. M51_1 - Dahabo hussein elmi,2. M51_2 - Halimo aw-ali badel,3. M51_3 - Sadik sh/muhumed moalinabdi,4. M51_4 - Layla osman haybe,5. M51_5 - Ardo nour omer,6. M51_6 - Fadumo mohamud osman,0.8211407264614917 0.8728938694419972,3,1 3 5 7 8 10,1. M51-1 - Ardo nour omer<br/>2. M51-2 - Hubi salid sahal<br/>3. M51-3 - Dahabo hussein elmi<br/>4. M51-4 - Nasteho ibrahin mohamed<br/>5. M51-5 - Layla osman haybe<br/>6. M51-6 - Bisharo abdi ali<br/>7. M51-7 - Halimo aw-ali badel<br/>8. M51-8 - Fadumo mohamud osman<br/>9. M51-9 - Farhan ahmednour sh/ibrahin<br/>10. M51-10 - Sadik sh/muhumed moalinabdi,6,5,1,,Layla osman haybe,Ardo nour omer,,,,,4. Layla osman haybe (Husband to be interviewed)<br/>,5. Ardo nour omer (Husband to be interviewed)<br/>,,Husbands of Layla osman haybe and Ardo nour omer must be interviewed.,2,,⚠ Spouse interview required,uuid:fa9da2cd-fb13-47c2-9df3-4cc8bc759e68,2603230738,uuid:fa9da2cd-fb13-47c2-9df3-4cc8bc759e68
09-Apr-2026 07:26:00,08-Apr-2026 15:10:23,08-Apr-2026 15:16:53,2ea1ffc601b2cdbf,,llrp_team1,samsung|SM-X115|14|SurveyCTO Collect 2.81.5 (387e45a),384,,Anteneh,Abdinasir,Danot,Gole_1,M50,Ramaas,12,Control,#d60000,6,6,Abdirahin eid botan,2,6,,M50-1,0,1,0.17989950336814153,1,99,1,0,99.17989950336815,1,1. M50-1 - Abdirahin eid botan,0,0.522330290154997,999,99,Omer dadon kalif,2,6,,M50-2,0,1,0.10364809058262614,2,99,1,0,99.10364809058262,1,2. M50-2 - Omer dadon kalif,0,0.6972138392825977,999,99,Fathi bashir ahmed,1,3,,M50-3,1,0,0.5316928070082526,3,1,99,0,199.53169280700826,1,3. M50-3 - Fathi bashir ahmed,0,0.01791147054379416,999,99,Hodan abdi hassan,1,6,,M50-4,0,1,0.4817983358834885,4,99,1,0,99.48179833588348,1,4. M50-4 - Hodan abdi hassan,0,0.3044357283736452,999,99,Mohamed omer bedel,2,6,,M50-5,0,1,0.013906257674333067,5,99,1,0,99.01390625767434,1,5. M50-5 - Mohamed omer bedel,0,0.8138655824838726,999,99,Nadif sh/ali sudi,2,5,,M50-6,0,0,0.6375630108637723,6,99,99,0,0.6375630108637723,1,6. M50-6 - Nadif sh/ali sudi,0,0.5102908199107363,999,99,,,,,,,,,,,,,,,,,,,,,,,,,,,,,,,,,,,,,,,,,,,,,,,,,,,,,,,,,,,,,,,,,,,,,,,,,,,,,,,,,,,,,,,,,,,,,,,,,,,,,,,,,,,,,,,,,,,,,,,,,,,,,,,,,,,,,,,,,,,,,,,,,,,,,,,,,,,,,,,,,,,,,,,,,,,,,,,,,,,,,,,,,,,,,,,0,99.17989950336815 99.10364809058262 199.53169280700826 99.48179833588348 99.01390625767434 0.6375630108637723,3,4,1,2,5,6,1. M50_1 - Fathi bashir ahmed,2. M50_2 - Hodan abdi hassan,3. M50_3 - Abdirahin eid botan,4. M50_4 - Omer dadon kalif,5. M50_5 - Mohamed omer bedel,6. M50_6 - Nadif sh/ali sudi,,1,1 2 3 4 5 6,1. M50-1 - Abdirahin eid botan<br/>2. M50-2 - Omer dadon kalif<br/>3. M50-3 - Fathi bashir ahmed<br/>4. M50-4 - Hodan abdi hassan<br/>5. M50-5 - Mohamed omer bedel<br/>6. M50-6 - Nadif sh/ali sudi,6,,,,,,,,,,,,,No eligible spouse found.,0,,,uuid:eab4aacc-bded-4108-b803-0524688b4847,2603230738,uuid:eab4aacc-bded-4108-b803-0524688b4847
09-Apr-2026 08:03:46,08-Apr-2026 10:07:59,09-Apr-2026 06:52:29,15aee2f9fc7423e8,,llrp_team1,samsung|SM-X115|16|SurveyCTO Collect 2.81.5 (387e45a),248,,Anteneh,Abdirezaq,Kohle,Qohle 02_3,M264,Amal,12,Control,#d60000,7,7,Kadar hiin haji,2,1,,M264-1,1,0,0.6111440094084933,1,1,99,0,199.6111440094085,1,1. M264-1 - Kadar hiin haji,0,0.76061492737408,999,99,Mohammed Nur sheek abdi,2,5,,M264-2,0,0,0.7541255659674219,2,99,99,0,0.7541255659674219,1,2. M264-2 - Mohammed Nur sheek abdi,0,0.45379101490048124,999,99,Adane Ahmed adan,2,6,,M264-3,0,1,0.028758513870179248,3,99,1,0,99.02875851387017,1,3. M264-3 - Adane Ahmed adan,0,0.9571136347691338,999,99,Nimo abdi jama,1,2,,M264-4,0,0,0.5442647114442263,4,99,99,0,0.5442647114442263,1,4. M264-4 - Nimo abdi jama,0,0.445648572748891,999,99,Anfa abdi abdule,1,6,,M264-5,0,1,0.33774874528838417,5,99,1,0,99.33774874528838,1,5. M264-5 - Anfa abdi abdule,0,0.9859417170300758,999,99,Nafiis Muhammed adan,1,6,,M264-6,0,1,0.7337745519782262,6,99,1,0,99.73377455197823,1,6. M264-6 - Nafiis Muhammed adan,0,0.6804731913430468,999,99,Hoden siaad dayab,1,6,,M264-7,0,1,0.984672664364319,7,99,1,0,99.98467266436433,1,7. M264-7 - Hoden siaad dayab,0,0.42844049861053457,999,99,,,,,,,,,,,,,,,,,,,,,,,,,,,,,,,,,,,,,,,,,,,,,,,,,,,,,,,,,,,,,,,,,,,,,,,,,,,,,,,,,,,,,,,,,,,,,,,,,,,,,,,,,,,,,,,,,,,,,,,,,,,,,,,,,,,,,,,,,,,,,,,,,,,,,,,,,,,,,,,,,,,,,,,,,,,,1,199.6111440094085 0.7541255659674219 99.02875851387017 0.5442647114442263 99.33774874528838 99.73377455197823 99.98467266436433,1,7,6,5,3,2,1. M264_1 - Kadar hiin haji,2. M264_2 - Hoden siaad dayab,3. M264_3 - Nafiis Muhammed adan,4. M264_4 - Anfa abdi abdule,5. M264_5 - Adane Ahmed adan,6. M264_6 - Mohammed Nur sheek abdi,,1,1 2 3 5 6 7,1. M264-1 - Kadar hiin haji<br/>2. M264-2 - Mohammed Nur sheek abdi<br/>3. M264-3 - Adane Ahmed adan<br/>4. M264-4 - Nimo abdi jama<br/>5. M264-5 - Anfa abdi abdule<br/>6. M264-6 - Nafiis Muhammed adan<br/>7. M264-7 - Hoden siaad dayab,6,,,,,,,,,,,,,No eligible spouse found.,0,,,uuid:f3fde43c-c3d8-4d1a-8db8-ce2aff74c80d,2603230738,uuid:f3fde43c-c3d8-4d1a-8db8-ce2aff74c80d
09-Apr-2026 08:12:58,08-Apr-2026 09:55:59,09-Apr-2026 07:10:36,3d73d84ac913aa71,,llrp_team1,samsung|SM-X115|15|SurveyCTO Collect 2.81.5 (387e45a),398,,Anteneh,Husen,Kohle,Qohle 02_1,M262,Ladan,12,HumanLed,#0a8f3c,6,6,Abdi nuor moalin Ali,2,5,,M262-1,0,0,0.9145973764516042,1,99,99,0,0.9145973764516042,1,1. M262-1 - Abdi nuor moalin Ali,0,0.8117169651584444,999,99,Abdi urur aidid,2,6,,M262-2,0,1,0.27325809517675814,2,99,1,0,99.27325809517676,1,2. M262-2 - Abdi urur aidid,0,0.10301752994987312,999,99,Arab Ali yuosuf,2,4,,M262-3,1,0,0.01982458143149335,3,1,99,0,199.0198245814315,1,3. M262-3 - Arab Ali yuosuf,0,0.9476633846928834,999,99,Osob hakare madele,1,6,2,M262-4,0,1,0.11299025066969148,4,99,1,0,99.1129902506697,1,4. M262-4 - Osob hakare madele,0,0.37914884434028606,999,99,Ikran hussen hassen,1,1,1,M262-5,1,0,0.7076504329584619,5,1,99,0.5,200.20765043295847,1,5. M262-5 - Ikran hussen hassen,1,0.8939198179791249,0.7076504329584619,1,Halim Ali Abdi,1,3,1,M262-6,1,0,0.3202828868061095,6,1,99,0.5,199.8202828868061,1,6. M262-6 - Halim Ali Abdi,1,0.8290515357833356,0.3202828868061095,1,,,,,,,,,,,,,,,,,,,,,,,,,,,,,,,,,,,,,,,,,,,,,,,,,,,,,,,,,,,,,,,,,,,,,,,,,,,,,,,,,,,,,,,,,,,,,,,,,,,,,,,,,,,,,,,,,,,,,,,,,,,,,,,,,,,,,,,,,,,,,,,,,,,,,,,,,,,,,,,,,,,,,,,,,,,,,,,,,,,,,,,,,,,,,,,1,0.9145973764516042 99.27325809517676 199.0198245814315 99.1129902506697 200.20765043295847 199.8202828868061,5,6,3,2,4,1,1. M262_1 - Ikran hussen hassen,2. M262_2 - Halim Ali Abdi,3. M262_3 - Arab Ali yuosuf,4. M262_4 - Abdi urur aidid,5. M262_5 - Osob hakare madele,6. M262_6 - Abdi nuor moalin Ali,0.7076504329584619 0.3202828868061095,3,1 2 3 4 5 6,1. M262-1 - Abdi nuor moalin Ali<br/>2. M262-2 - Abdi urur aidid<br/>3. M262-3 - Arab Ali yuosuf<br/>4. M262-4 - Osob hakare madele<br/>5. M262-5 - Ikran hussen hassen<br/>6. M262-6 - Halim Ali Abdi,6,5,6,,Ikran hussen hassen,Halim Ali Abdi,,1. Ikran hussen hassen (Husband to be interviewed)<br/>,2. Halim Ali Abdi (Husband to be interviewed)<br/>,,,,,Husbands of Ikran hussen hassen and Halim Ali Abdi must be interviewed.,2,,⚠ Spouse interview required,uuid:cba94d90-38b2-45d7-a1ca-1747b84ad11b,2603230738,uuid:cba94d90-38b2-45d7-a1ca-1747b84ad11b
09-Apr-2026 08:32:43,07-Apr-2026 15:59:59,09-Apr-2026 07:27:05,f9d6a239f0ca8566,,llrp_team1,samsung|SM-X115|15|SurveyCTO Collect 2.81.5 (387e45a),362,,Wesen,Mahamed,Dolobay,Dolobey town_1,M112,Tabantaabo,25,HumanLed,#0a8f3c,10,10,Ma'anaw Sheik  Omer,2,1,,M112-1,1,0,0.014958690775049854,1,1,99,0,199.01495869077505,1,1. M112-1 - Ma'anaw Sheik  Omer,0,0.8317148890618915,999,99,Abdikadir Feray Osman,2,6,,M112-2,0,1,0.3306171610796058,2,99,1,0,99.3306171610796,1,2. M112-2 - Abdikadir Feray Osman,0,0.47241981991225157,999,99,Halimo  Osman Nur,1,6,2,M112-3,0,1,0.7879819932974801,3,99,1,0,99.78798199329748,1,3. M112-3 - Halimo  Osman Nur,0,0.2856015612611811,999,99,Maryama Mohamed Yusuf,1,6,2,M112-4,0,1,0.1814633460894124,4,99,1,0,99.18146334608942,1,4. M112-4 - Maryama Mohamed Yusuf,0,0.36388090414891294,999,99,Amina Abdi Ibrahim,1,6,1,M112-5,0,1,0.2664437963909052,5,99,1,0.5,99.7664437963909,1,5. M112-5 - Amina Abdi Ibrahim,1,0.38235221019179333,0.2664437963909052,1,Nasra Hasen Ismail,1,6,1,M112-6,0,1,0.6025605278829276,6,99,1,0.5,100.10256052788293,1,6. M112-6 - Nasra Hasen Ismail,1,0.061281487779177524,0.6025605278829276,1,Fadumo  Husein  Abdi,1,6,2,M112-7,0,1,0.7435605722853683,7,99,1,0,99.74356057228538,1,7. M112-7 - Fadumo  Husein  Abdi,0,0.5889909429915138,999,99,Halimo Abdullahi Mohamed,1,6,2,M112-8,0,1,0.41791876395857963,8,99,1,0,99.41791876395858,1,8. M112-8 - Halimo Abdullahi Mohamed,0,0.2714744945898825,999,99,Hussen Rashid  Hassen,2,6,,M112-9,0,1,0.5415254226611287,9,99,1,0,99.54152542266112,1,9. M112-9 - Hussen Rashid  Hassen,0,0.9916991455791692,999,99,Ahmed  Mohamud  Ahmed,2,6,,M112-10,0,1,0.13657322675529782,10,99,1,0,99.1365732267553,1,10. M112-10 - Ahmed  Mohamud  Ahmed,0,0.5332912945774073,999,99,,,,,,,,,,,,,,,,,,,,,,,,,,,,,,,,,,,,,,,,,,,,,,,,,,,,,,,,,,,,,,,,,,,,,,,,,,,,,,,,,,,,,,,,,,,,,,,,,,,,,,,,,,,,,,,,,,,1,199.01495869077505 99.3306171610796 99.78798199329748 99.18146334608942 99.7664437963909 100.10256052788293 99.74356057228538 99.41791876395858 99.54152542266112 99.1365732267553,1,6,3,5,7,9,1. M112_1 - Ma'anaw Sheik  Omer,2. M112_2 - Nasra Hasen Ismail,3. M112_3 - Halimo  Osman Nur,4. M112_4 - Amina Abdi Ibrahim,5. M112_5 - Fadumo  Husein  Abdi,6. M112_6 - Hussen Rashid  Hassen,0.2664437963909052 0.6025605278829276,1,1 3 5 6 7 9,1. M112-1 - Ma'anaw Sheik  Omer<br/>2. M112-2 - Abdikadir Feray Osman<br/>3. M112-3 - Halimo  Osman Nur<br/>4. M112-4 - Maryama Mohamed Yusuf<br/>5. M112-5 - Amina Abdi Ibrahim<br/>6. M112-6 - Nasra Hasen Ismail<br/>7. M112-7 - Fadumo  Husein  Abdi<br/>8. M112-8 - Halimo Abdullahi Mohamed<br/>9. M112-9 - Hussen Rashid  Hassen<br/>10. M112-10 - Ahmed  Mohamud  Ahmed,6,6,5,,Nasra Hasen Ismail,Amina Abdi Ibrahim,,,2. Nasra Hasen Ismail (Husband to be interviewed)<br/>,,4. Amina Abdi Ibrahim (Husband to be interviewed)<br/>,,,Husbands of Nasra Hasen Ismail and Amina Abdi Ibrahim must be interviewed.,2,,⚠ Spouse interview required,uuid:e1f6fd71-64f5-4e5e-b42b-1eeed235feae,2603230738,uuid:e1f6fd71-64f5-4e5e-b42b-1eeed235feae
09-Apr-2026 10:23:16,08-Apr-2026 08:38:40,09-Apr-2026 10:21:11,3360ac9e5488af4f,,llrp_team1,samsung|SM-X115|14|SurveyCTO Collect 2.81.5 (387e45a),655,,Muktar,Abdulfetah,Lagahida,Lagahida 01_1,M268,Bismiliah,10,TechLed,#1f4bd6,7,7,Bashir abdiwali gaydh,2,1,,M268-1,1,0,0.06862040167062522,1,1,99,0,199.06862040167061,1,1. M268-1 - Bashir abdiwali gaydh,0,0.25817586949028837,999,99,Mumina yusuf Mohammud,1,3,2,M268-2,1,0,0.34931956234784756,2,1,99,0,199.34931956234786,1,2. M268-2 - Mumina yusuf Mohammud,0,0.7055153868122244,999,99,Abdijabar Mohammed abdi,2,5,,M268-3,0,0,0.5610443125145826,3,99,99,0,0.5610443125145826,1,3. M268-3 - Abdijabar Mohammed abdi,0,0.2993416091642723,999,99,Deka mohammed tamaan,1,6,2,M268-4,0,1,0.5073861804660849,4,99,1,0,99.50738618046609,1,4. M268-4 - Deka mohammed tamaan,0,0.003084152622453651,999,99,Nimo hassan abdi,1,6,2,M268-5,0,1,0.05815265357735244,5,99,1,0,99.05815265357735,1,5. M268-5 - Nimo hassan abdi,0,0.7594696399502063,999,99,Muktar Abdiwali gaydh,2,6,,M268-6,0,1,0.8210621912834883,6,99,1,0,99.82106219128349,1,6. M268-6 - Muktar Abdiwali gaydh,0,0.1890984069045416,999,99,Warda Mohammed Adan,1,6,2,M268-7,0,1,0.08903549603863725,7,99,1,0,99.08903549603863,1,7. M268-7 - Warda Mohammed Adan,0,0.34589354622136725,999,99,,,,,,,,,,,,,,,,,,,,,,,,,,,,,,,,,,,,,,,,,,,,,,,,,,,,,,,,,,,,,,,,,,,,,,,,,,,,,,,,,,,,,,,,,,,,,,,,,,,,,,,,,,,,,,,,,,,,,,,,,,,,,,,,,,,,,,,,,,,,,,,,,,,,,,,,,,,,,,,,,,,,,,,,,,,,1,199.06862040167061 199.34931956234786 0.5610443125145826 99.50738618046609 99.05815265357735 99.82106219128349 99.08903549603863,2,1,6,4,7,5,1. M268_1 - Mumina yusuf Mohammud,2. M268_2 - Bashir abdiwali gaydh,3. M268_3 - Muktar Abdiwali gaydh,4. M268_4 - Deka mohammed tamaan,5. M268_5 - Warda Mohammed Adan,6. M268_6 - Nimo hassan abdi,,2,1 2 4 5 6 7,1. M268-1 - Bashir abdiwali gaydh<br/>2. M268-2 - Mumina yusuf Mohammud<br/>3. M268-3 - Abdijabar Mohammed abdi<br/>4. M268-4 - Deka mohammed tamaan<br/>5. M268-5 - Nimo hassan abdi<br/>6. M268-6 - Muktar Abdiwali gaydh<br/>7. M268-7 - Warda Mohammed Adan,6,,,,,,,,,,,,,No eligible spouse found.,0,,,uuid:8b0d9dab-f46c-4416-8336-d1fcf140800a,2603230738,uuid:8b0d9dab-f46c-4416-8336-d1fcf140800a
09-Apr-2026 10:28:27,08-Apr-2026 09:55:21,09-Apr-2026 10:27:33,8e28ba7f870e07da,,llrp_team1,samsung|SM-X115|16|SurveyCTO Collect 2.81.5 (387e45a),330,,Wesen,Abdinasir,Dolobay,Dolobay 01_4,M120,Hilaac,8,Control,#d60000,7,7,Mohamed Ibrahim Kalid,2,1,,M120-1,1,0,0.1807017527016208,1,1,99,0,199.18070175270162,1,1. M120-1 - Mohamed Ibrahim Kalid,0,0.71174135950239,999,99,Kedar Farah Abdirahman,2,2,,M120-2,0,0,0.34991757783141264,2,99,99,0,0.34991757783141264,1,2. M120-2 - Kedar Farah Abdirahman,0,0.2261115230298717,999,99,Halimo Ibrahim kelid,1,3,,M120-3,1,0,0.5992077787856349,3,1,99,0,199.59920777878563,1,3. M120-3 - Halimo Ibrahim kelid,0,0.42665152540228224,999,99,Abdikeni mohamed Hussein,2,5,,M120-4,0,0,0.020360911642877677,4,99,99,0,0.020360911642877677,1,4. M120-4 - Abdikeni mohamed Hussein,0,0.9067819269495346,999,99,Sherifo Ibrahim Du e,1,6,,M120-5,0,1,0.3297728765293493,5,99,1,0,99.32977287652935,1,5. M120-5 - Sherifo Ibrahim Du e,0,0.9617548088991987,999,99,Na ima Hussein Bule,1,6,,M120-6,0,1,0.5207668379852397,6,99,1,0,99.52076683798524,1,6. M120-6 - Na ima Hussein Bule,0,0.40230904200826656,999,99,Ismail Yusuf Ahmed,2,6,,M120-7,0,1,0.24526927260676357,7,99,1,0,99.24526927260676,1,7. M120-7 - Ismail Yusuf Ahmed,0,0.695990067954373,999,99,,,,,,,,,,,,,,,,,,,,,,,,,,,,,,,,,,,,,,,,,,,,,,,,,,,,,,,,,,,,,,,,,,,,,,,,,,,,,,,,,,,,,,,,,,,,,,,,,,,,,,,,,,,,,,,,,,,,,,,,,,,,,,,,,,,,,,,,,,,,,,,,,,,,,,,,,,,,,,,,,,,,,,,,,,,,1,199.18070175270162 0.34991757783141264 199.59920777878563 0.020360911642877677 99.32977287652935 99.52076683798524 99.24526927260676,3,1,6,5,7,2,1. M120_1 - Halimo Ibrahim kelid,2. M120_2 - Mohamed Ibrahim Kalid,3. M120_3 - Na ima Hussein Bule,4. M120_4 - Sherifo Ibrahim Du e,5. M120_5 - Ismail Yusuf Ahmed,6. M120_6 - Kedar Farah Abdirahman,,2,1 2 3 5 6 7,1. M120-1 - Mohamed Ibrahim Kalid<br/>2. M120-2 - Kedar Farah Abdirahman<br/>3. M120-3 - Halimo Ibrahim kelid<br/>4. M120-4 - Abdikeni mohamed Hussein<br/>5. M120-5 - Sherifo Ibrahim Du e<br/>6. M120-6 - Na ima Hussein Bule<br/>7. M120-7 - Ismail Yusuf Ahmed,6,,,,,,,,,,,,,No eligible spouse found.,0,,,uuid:91f1b063-f625-467e-a94d-a4335cf2398e,2603230738,uuid:91f1b063-f625-467e-a94d-a4335cf2398e
09-Apr-2026 16:33:59,08-Apr-2026 09:13:44,08-Apr-2026 18:14:18,8f3862932650ecd7,,llrp_team1,samsung|SM-X115|15|SurveyCTO Collect 2.81.4 (461ba40),532,,Anteneh,Mohamed,Danot,Taloole_1,M59,Hodayo,11,Control,#d60000,4,4,Kader Hussein Abdi,2,1,,M59-1,1,0,0.06631072000898663,1,1,99,0,199.066310720009,1,1. M59-1 - Kader Hussein Abdi,0,0.4540425416558902,999,99,Nimo Mahamoud Salah,1,6,,M59-2,0,1,0.034062554566088754,2,99,1,0,99.03406255456609,1,2. M59-2 - Nimo Mahamoud Salah,0,0.9674516043390496,999,99,Amina Omer Mahamed,1,6,,M59-3,0,1,0.5902813087439118,3,99,1,0,99.59028130874391,1,3. M59-3 - Amina Omer Mahamed,0,0.80447655234747,999,99,Rudwan Mahamed Abdullahi,1,6,,M59-4,0,1,0.5130073658176624,4,99,1,0,99.51300736581766,1,4. M59-4 - Rudwan Mahamed Abdullahi,0,0.23966230262916044,999,99,,,,,,,,,,,,,,,,,,,,,,,,,,,,,,,,,,,,,,,,,,,,,,,,,,,,,,,,,,,,,,,,,,,,,,,,,,,,,,,,,,,,,,,,,,,,,,,,,,,,,,,,,,,,,,,,,,,,,,,,,,,,,,,,,,,,,,,,,,,,,,,,,,,,,,,,,,,,,,,,,,,,,,,,,,,,,,,,,,,,,,,,,,,,,,,,,,,,,,,,,,,,,,,,,,,,,,,,,,,,,,,,,,,,,1,199.066310720009 99.03406255456609 99.59028130874391 99.51300736581766,1,3,4,2,,,1. M59_1 - Kader Hussein Abdi,2. M59_2 - Amina Omer Mahamed,3. M59_3 - Rudwan Mahamed Abdullahi,4. M59_4 - Nimo Mahamoud Salah,,,,1,1 2 3 4,1. M59-1 - Kader Hussein Abdi<br/>2. M59-2 - Nimo Mahamoud Salah<br/>3. M59-3 - Amina Omer Mahamed<br/>4. M59-4 - Rudwan Mahamed Abdullahi,4,,,,,,,,,,,,,No eligible spouse found.,0,,,uuid:462e09c1-ae3f-4390-b8ba-362f5ad54c05,2603230738,uuid:462e09c1-ae3f-4390-b8ba-362f5ad54c05
09-Apr-2026 21:01:59,09-Apr-2026 10:07:36,09-Apr-2026 20:58:16,bbae1c343e73e9f2,,llrp_team1,Lenovo|Lenovo TB-8504F|8.1.0|SurveyCTO Collect 2.81.5 (387e45a),343,,Daniel,Jabir,Garbo,Goldhabiley_1,M186,Muruqmaal,9,HumanLed,#0a8f3c,6,6,Mohammud Abdi Werhaye,2,1,,M186-1,1,0,0.4621434907343308,1,1,99,0,199.46214349073432,1,1. M186-1 - Mohammud Abdi Werhaye,0,0.6234485395794543,999,99,Ali Abdilahi Haji,2,3,,M186-2,1,0,0.5246370545285265,2,1,99,0,199.52463705452854,1,2. M186-2 - Ali Abdilahi Haji,0,0.724916633116392,999,99,Aza Muse Abdilahi,1,6,1,M186-3,0,1,0.5835344720249469,3,99,1,0.5,100.08353447202495,1,3. M186-3 - Aza Muse Abdilahi,1,0.5824859785362925,0.5835344720249469,1,Sowda Mohamed Mohammud,1,6,1,M186-4,0,1,0.2584074745412511,4,99,1,0.5,99.75840747454126,1,4. M186-4 - Sowda Mohamed Mohammud,1,0.2094538268363163,0.2584074745412511,1,Ardo Mohamed Yusuf,1,6,1,M186-5,0,1,0.5943339412230942,5,99,1,0.5,100.0943339412231,1,5. M186-5 - Ardo Mohamed Yusuf,1,0.042508799469118674,0.5943339412230942,1,Halimo Abdullahi Sirad,1,6,1,M186-6,0,1,0.11842449295955193,6,99,1,0.5,99.61842449295955,1,6. M186-6 - Halimo Abdullahi Sirad,1,0.685013274420703,0.11842449295955193,1,,,,,,,,,,,,,,,,,,,,,,,,,,,,,,,,,,,,,,,,,,,,,,,,,,,,,,,,,,,,,,,,,,,,,,,,,,,,,,,,,,,,,,,,,,,,,,,,,,,,,,,,,,,,,,,,,,,,,,,,,,,,,,,,,,,,,,,,,,,,,,,,,,,,,,,,,,,,,,,,,,,,,,,,,,,,,,,,,,,,,,,,,,,,,,,1,199.46214349073432 199.52463705452854 100.08353447202495 99.75840747454126 100.0943339412231 99.61842449295955,2,1,5,3,4,6,1. M186_1 - Ali Abdilahi Haji,2. M186_2 - Mohammud Abdi Werhaye,3. M186_3 - Ardo Mohamed Yusuf,4. M186_4 - Aza Muse Abdilahi,5. M186_5 - Sowda Mohamed Mohammud,6. M186_6 - Halimo Abdullahi Sirad,0.5835344720249469 0.2584074745412511 0.5943339412230942 0.11842449295955193,2,1 2 3 4 5 6,1. M186-1 - Mohammud Abdi Werhaye<br/>2. M186-2 - Ali Abdilahi Haji<br/>3. M186-3 - Aza Muse Abdilahi<br/>4. M186-4 - Sowda Mohamed Mohammud<br/>5. M186-5 - Ardo Mohamed Yusuf<br/>6. M186-6 - Halimo Abdullahi Sirad,6,5,3,4,Ardo Mohamed Yusuf,Aza Muse Abdilahi,Sowda Mohamed Mohammud,,,3. Ardo Mohamed Yusuf (Husband to be interviewed)<br/>,4. Aza Muse Abdilahi (Husband to be interviewed)<br/>,5. Sowda Mohamed Mohammud (Husband to be interviewed)<br/>,,"Husbands of Ardo Mohamed Yusuf, Aza Muse Abdilahi and Sowda Mohamed Mohammud must be interviewed (one may serve as replacement).",3,Sowda Mohamed Mohammud (Replacement),⚠ Spouse interview required,uuid:a9ceceda-5d25-4367-9726-8ff6e0c129d5,2603230738,uuid:a9ceceda-5d25-4367-9726-8ff6e0c129d5
09-Apr-2026 21:46:20,08-Apr-2026 09:49:25,09-Apr-2026 16:05:49,9cc15578f30061b6,,llrp_team1,samsung|SM-X115|15|SurveyCTO Collect 2.81.5 (387e45a),491,,Wesen,Ahmed,Dolobay,Dolobay 01_1,M113,Horseed,15,TechLed,#1f4bd6,7,7,Jama Mahamed Mahamud,2,1,,M113-1,1,0,0.9205232293928173,1,1,99,0,199.9205232293928,1,1. M113-1 - Jama Mahamed Mahamud,0,0.20934974857928934,999,99,Abey Farey Abdinur,2,5,,M113-2,0,0,0.9000920689964708,2,99,99,0,0.9000920689964708,1,2. M113-2 - Abey Farey Abdinur,0,0.7934621787259548,999,99,Abdullahi Mahamed Mahamud,2,2,,M113-3,0,0,0.42832156172000824,3,99,99,0,0.42832156172000824,1,3. M113-3 - Abdullahi Mahamed Mahamud,0,0.45160054576356934,999,99,Zakariye Abdinur Muhumed,2,6,,M113-4,0,1,0.21709228625841448,4,99,1,0,99.21709228625842,1,4. M113-4 - Zakariye Abdinur Muhumed,0,0.8958585214068394,999,99,Sacdiya Bare Budul,1,3,1,M113-5,1,0,0.5878001952044922,5,1,99,0.5,200.0878001952045,1,5. M113-5 - Sacdiya Bare Budul,1,0.6835346309597051,0.5878001952044922,1,Maryan Osman Ahmed,1,6,1,M113-6,0,1,0.3731278416809254,6,99,1,0.5,99.87312784168093,1,6. M113-6 - Maryan Osman Ahmed,1,0.6305506382405619,0.3731278416809254,1,Nimo Omar Mahamed,1,6,2,M113-7,0,1,0.9799488640098576,7,99,1,0,99.97994886400986,1,7. M113-7 - Nimo Omar Mahamed,0,0.23951127401648997,999,99,,,,,,,,,,,,,,,,,,,,,,,,,,,,,,,,,,,,,,,,,,,,,,,,,,,,,,,,,,,,,,,,,,,,,,,,,,,,,,,,,,,,,,,,,,,,,,,,,,,,,,,,,,,,,,,,,,,,,,,,,,,,,,,,,,,,,,,,,,,,,,,,,,,,,,,,,,,,,,,,,,,,,,,,,,,,1,199.9205232293928 0.9000920689964708 0.42832156172000824 99.21709228625842 200.0878001952045 99.87312784168093 99.97994886400986,5,1,7,6,4,2,1. M113_1 - Sacdiya Bare Budul,2. M113_2 - Jama Mahamed Mahamud,3. M113_3 - Nimo Omar Mahamed,4. M113_4 - Maryan Osman Ahmed,5. M113_5 - Zakariye Abdinur Muhumed,6. M113_6 - Abey Farey Abdinur,0.5878001952044922 0.3731278416809254,2,1 2 4 5 6 7,1. M113-1 - Jama Mahamed Mahamud<br/>2. M113-2 - Abey Farey Abdinur<br/>3. M113-3 - Abdullahi Mahamed Mahamud<br/>4. M113-4 - Zakariye Abdinur Muhumed<br/>5. M113-5 - Sacdiya Bare Budul<br/>6. M113-6 - Maryan Osman Ahmed<br/>7. M113-7 - Nimo Omar Mahamed,6,5,6,,Sacdiya Bare Budul,Maryan Osman Ahmed,,1. Sacdiya Bare Budul (Husband to be interviewed)<br/>,,,4. Maryan Osman Ahmed (Husband to be interviewed)<br/>,,,Husbands of Sacdiya Bare Budul and Maryan Osman Ahmed must be interviewed.,2,,⚠ Spouse interview required,uuid:3a88d5b3-7061-45e7-8072-2d398991932d,2603230738,uuid:3a88d5b3-7061-45e7-8072-2d398991932d
09-Apr-2026 22:47:18,09-Apr-2026 13:47:51,09-Apr-2026 22:45:01,bc9edd50ac897c82,,llrp_team1,samsung|SM-X115|15|SurveyCTO Collect 2.81.5 (387e45a),514,,Anteneh,Abouker,Kohle,Dharayo_1,M258,Filsan,15,Control,#d60000,11,11,Abdullahi dabar ismail,2,5,,M258-1,0,0,0.3089675045090843,1,99,99,0,0.3089675045090843,1,1. M258-1 - Abdullahi dabar ismail,0,0.0804139158598498,999,99,Youssouf Abdi rage,2,3,,M258-2,1,0,0.6123251455649944,2,1,99,0,199.612325145565,1,2. M258-2 - Youssouf Abdi rage,0,0.056333360202046046,999,99,Djama Hassan ismail,2,2,,M258-3,0,0,0.9580139208373407,3,99,99,0,0.9580139208373407,1,3. M258-3 - Djama Hassan ismail,0,0.4033684171671803,999,99,Shukri mouhoumad osman,2,6,,M258-4,0,1,0.9168915752304923,4,99,1,0,99.9168915752305,1,4. M258-4 - Shukri mouhoumad osman,0,0.4512070733786194,999,99,Saylac sayid hussen,2,6,,M258-5,0,1,0.8212658270916949,5,99,1,0,99.8212658270917,1,5. M258-5 - Saylac sayid hussen,0,0.07295330805727507,999,99,Mahad garad djama,2,6,,M258-6,0,1,0.2077744900841293,6,99,1,0,99.20777449008413,1,6. M258-6 - Mahad garad djama,0,0.9587560068085059,999,99,Mouktar sambul korane,2,4,,M258-7,1,0,0.8337697592414681,7,1,99,0,199.83376975924148,1,7. M258-7 - Mouktar sambul korane,0,0.7464697245035394,999,99,Soa hussen omar,1,6,,M258-8,0,1,0.901503987696851,8,99,1,0,99.90150398769686,1,8. M258-8 - Soa hussen omar,0,0.9124756620264669,999,99,Halimo abdirahman lohose,1,6,,M258-9,0,1,0.8285354287511563,9,99,1,0,99.82853542875115,1,9. M258-9 - Halimo abdirahman lohose,0,0.8072867645248462,999,99,Rahma mohamed ismail,1,6,,M258-10,0,1,0.08669016596244616,10,99,1,0,99.08669016596245,1,10. M258-10 - Rahma mohamed ismail,0,0.3620289126733447,999,99,Dek kabdid Hassan,2,1,,M258-11,1,0,0.6442645307364523,11,1,99,0,199.64426453073645,1,11. M258-11 - Dek kabdid Hassan,0,0.8997764647938197,999,99,,,,,,,,,,,,,,,,,,,,,,,,,,,,,,,,,,,,,,,,,,,,,,,,,,,,,,,,,,,,,,,,,,,,,,,,,,,,,,,,,,,,,,,,,,,,,,,,1,0.3089675045090843 199.612325145565 0.9580139208373407 99.9168915752305 99.8212658270917 99.20777449008413 199.83376975924148 99.90150398769686 99.82853542875115 99.08669016596245 199.64426453073645,7,11,2,4,8,9,1. M258_1 - Mouktar sambul korane,2. M258_2 - Dek kabdid Hassan,3. M258_3 - Youssouf Abdi rage,4. M258_4 - Shukri mouhoumad osman,5. M258_5 - Soa hussen omar,6. M258_6 - Halimo abdirahman lohose,,3,2 4 7 8 9 11,1. M258-1 - Abdullahi dabar ismail<br/>2. M258-2 - Youssouf Abdi rage<br/>3. M258-3 - Djama Hassan ismail<br/>4. M258-4 - Shukri mouhoumad osman<br/>5. M258-5 - Saylac sayid hussen<br/>6. M258-6 - Mahad garad djama<br/>7. M258-7 - Mouktar sambul korane<br/>8. M258-8 - Soa hussen omar<br/>9. M258-9 - Halimo abdirahman lohose<br/>10. M258-10 - Rahma mohamed ismail<br/>11. M258-11 - Dek kabdid Hassan,6,,,,,,,,,,,,,No eligible spouse found.,0,,,uuid:0330646a-aa95-4076-ab01-4ded73e66fbf,2603230738,uuid:0330646a-aa95-4076-ab01-4ded73e66fbf
10-Apr-2026 06:20:06,09-Apr-2026 11:35:43,10-Apr-2026 06:15:34,3360ac9e5488af4f,,llrp_team1,samsung|SM-X115|14|SurveyCTO Collect 2.81.5 (387e45a),840,,Muktar,Abdulfetah,Lagahida,Lagahida 02_1,M274,Erer,10,TechLed,#1f4bd6,8,8,Abdullahi shek abdi,2,1,,M274-1,1,0,0.6280396088523682,1,1,99,0,199.62803960885236,1,1. M274-1 - Abdullahi shek abdi,0,0.1517788830386798,999,99,Hussein Ali Abdi,2,5,,M274-2,0,0,0.7516270437941833,2,99,99,0,0.7516270437941833,1,2. M274-2 - Hussein Ali Abdi,0,0.5272648967457909,999,99,Abib hashi Omar,2,6,,M274-3,0,1,0.06405530649696434,3,99,1,0,99.06405530649697,1,3. M274-3 - Abib hashi Omar,0,0.9157143425735881,999,99,Ahmed Ali abdi,2,6,,M274-4,0,1,0.5284836758256463,4,99,1,0,99.52848367582564,1,4. M274-4 - Ahmed Ali abdi,0,0.22273118840460937,999,99,Sawda abdullahi Muhummed,1,6,2,M274-5,0,1,0.907897665771453,5,99,1,0,99.90789766577146,1,5. M274-5 - Sawda abdullahi Muhummed,0,0.050723078021682855,999,99,Fadumo Abdikadir Abdullahi,1,6,2,M274-6,0,1,0.43815766251950294,6,99,1,0,99.4381576625195,1,6. M274-6 - Fadumo Abdikadir Abdullahi,0,0.9655884814490914,999,99,Shukria adan dek,1,6,2,M274-7,0,1,0.6879705827080217,7,99,1,0,99.68797058270802,1,7. M274-7 - Shukria adan dek,0,0.8815841037495582,999,99,Halimo Gorad abdi,1,6,2,M274-8,0,1,0.08792516011610896,8,99,1,0,99.08792516011611,1,8. M274-8 - Halimo Gorad abdi,0,0.9695498764600864,999,99,,,,,,,,,,,,,,,,,,,,,,,,,,,,,,,,,,,,,,,,,,,,,,,,,,,,,,,,,,,,,,,,,,,,,,,,,,,,,,,,,,,,,,,,,,,,,,,,,,,,,,,,,,,,,,,,,,,,,,,,,,,,,,,,,,,,,,,,,,,,,,,,,,,,,,,,,1,199.62803960885236 0.7516270437941833 99.06405530649697 99.52848367582564 99.90789766577146 99.4381576625195 99.68797058270802 99.08792516011611,1,5,7,4,6,8,1. M274_1 - Abdullahi shek abdi,2. M274_2 - Sawda abdullahi Muhummed,3. M274_3 - Shukria adan dek,4. M274_4 - Ahmed Ali abdi,5. M274_5 - Fadumo Abdikadir Abdullahi,6. M274_6 - Halimo Gorad abdi,,1,1 4 5 6 7 8,1. M274-1 - Abdullahi shek abdi<br/>2. M274-2 - Hussein Ali Abdi<br/>3. M274-3 - Abib hashi Omar<br/>4. M274-4 - Ahmed Ali abdi<br/>5. M274-5 - Sawda abdullahi Muhummed<br/>6. M274-6 - Fadumo Abdikadir Abdullahi<br/>7. M274-7 - Shukria adan dek<br/>8. M274-8 - Halimo Gorad abdi,6,,,,,,,,,,,,,No eligible spouse found.,0,,,uuid:b6a213b8-33fe-4239-ba97-d1a3fb646f9e,2603230738,uuid:b6a213b8-33fe-4239-ba97-d1a3fb646f9e
10-Apr-2026 06:20:24,09-Apr-2026 16:29:23,10-Apr-2026 06:16:20,3360ac9e5488af4f,,llrp_team1,samsung|SM-X115|14|SurveyCTO Collect 2.81.5 (387e45a),421,,Muktar,Abdulfetah,Lagahida,Lagahida town 01_2,M270,Waabari,10,Control,#d60000,5,5,Mohammed Muhummed abdullahi,2,1,,M270-1,1,0,0.1638461793304813,1,1,99,0,199.16384617933048,1,1. M270-1 - Mohammed Muhummed abdullahi,0,0.9529938800893613,999,99,Hassan gani abdi,2,6,,M270-2,0,1,0.6382080133821262,2,99,1,0,99.63820801338213,1,2. M270-2 - Hassan gani abdi,0,0.10691427859424196,999,99,Bashir dhabar Abdi,2,3,,M270-3,1,0,0.37512933086412603,3,1,99,0,199.37512933086413,1,3. M270-3 - Bashir dhabar Abdi,0,0.9117913663126063,999,99,Adam abdullahi Ali,2,6,,M270-4,0,1,0.09686935026349586,4,99,1,0,99.09686935026349,1,4. M270-4 - Adam abdullahi Ali,0,0.8755220029662577,999,99,Ahmed Ali nazir,2,6,,M270-5,0,1,0.5397607771546579,5,99,1,0,99.53976077715465,1,5. M270-5 - Ahmed Ali nazir,0,0.9140619173482656,999,99,,,,,,,,,,,,,,,,,,,,,,,,,,,,,,,,,,,,,,,,,,,,,,,,,,,,,,,,,,,,,,,,,,,,,,,,,,,,,,,,,,,,,,,,,,,,,,,,,,,,,,,,,,,,,,,,,,,,,,,,,,,,,,,,,,,,,,,,,,,,,,,,,,,,,,,,,,,,,,,,,,,,,,,,,,,,,,,,,,,,,,,,,,,,,,,,,,,,,,,,,,,,,,,,,,1,199.16384617933048 99.63820801338213 199.37512933086413 99.09686935026349 99.53976077715465,3,1,2,5,4,,1. M270_1 - Bashir dhabar Abdi,2. M270_2 - Mohammed Muhummed abdullahi,3. M270_3 - Hassan gani abdi,4. M270_4 - Ahmed Ali nazir,5. M270_5 - Adam abdullahi Ali,,,2,1 2 3 4 5,1. M270-1 - Mohammed Muhummed abdullahi<br/>2. M270-2 - Hassan gani abdi<br/>3. M270-3 - Bashir dhabar Abdi<br/>4. M270-4 - Adam abdullahi Ali<br/>5. M270-5 - Ahmed Ali nazir,5,,,,,,,,,,,,,No eligible spouse found.,0,,,uuid:563d2d0d-c76d-4129-9aa2-0ba1bec52b9f,2603230738,uuid:563d2d0d-c76d-4129-9aa2-0ba1bec52b9f
10-Apr-2026 06:47:46,08-Apr-2026 16:23:37,09-Apr-2026 19:01:43,4eeefaf360cd4a3a,,llrp_team1,samsung|SM-X115|15|SurveyCTO Collect 2.81.5 (387e45a),764,,Muktar,Hasen,Lagahida,Lagahida town 02_2,M272,Faiido,10,TechLed,#1f4bd6,8,8,Rukiya abdirahman mahamud,1,1,2,M272-1,1,0,0.02420351747702776,1,1,99,0,199.02420351747702,1,1. M272-1 - Rukiya abdirahman mahamud,0,0.7780198525239469,999,99,Maryama sheik nuriye,1,3,2,M272-2,1,0,0.07501160564886955,2,1,99,0,199.07501160564888,1,2. M272-2 - Maryama sheik nuriye,0,0.8863284706316922,999,99,Bila abdirahman dekane,2,5,,M272-3,0,0,0.20975598031402432,3,99,99,0,0.20975598031402432,1,3. M272-3 - Bila abdirahman dekane,0,0.7746143595856985,999,99,Suda haji mahamed,1,4,2,M272-4,1,0,0.28414371478690315,4,1,99,0,199.2841437147869,1,4. M272-4 - Suda haji mahamed,0,0.7463200705146446,999,99,Farah yusuf dekal,1,6,2,M272-5,0,1,0.35919938891842373,5,99,1,0,99.35919938891843,1,5. M272-5 - Farah yusuf dekal,0,0.017062011733861793,999,99,Mahaba omar hassen,1,6,2,M272-6,0,1,0.44123979592446805,6,99,1,0,99.44123979592447,1,6. M272-6 - Mahaba omar hassen,0,0.8860092274228993,999,99,Bisharo mahamed yusuf,1,6,2,M272-7,0,1,0.7666341921165556,7,99,1,0,99.76663419211656,1,7. M272-7 - Bisharo mahamed yusuf,0,0.47924923313739853,999,99,Anab magdesh malin,1,6,2,M272-8,0,1,0.9012733213123921,8,99,1,0,99.90127332131239,1,8. M272-8 - Anab magdesh malin,0,0.9111316638079031,999,99,,,,,,,,,,,,,,,,,,,,,,,,,,,,,,,,,,,,,,,,,,,,,,,,,,,,,,,,,,,,,,,,,,,,,,,,,,,,,,,,,,,,,,,,,,,,,,,,,,,,,,,,,,,,,,,,,,,,,,,,,,,,,,,,,,,,,,,,,,,,,,,,,,,,,,,,,1,199.02420351747702 199.07501160564888 0.20975598031402432 199.2841437147869 99.35919938891843 99.44123979592447 99.76663419211656 99.90127332131239,4,2,1,8,7,6,1. M272_1 - Suda haji mahamed,2. M272_2 - Maryama sheik nuriye,3. M272_3 - Rukiya abdirahman mahamud,4. M272_4 - Anab magdesh malin,5. M272_5 - Bisharo mahamed yusuf,6. M272_6 - Mahaba omar hassen,,3,1 2 4 6 7 8,1. M272-1 - Rukiya abdirahman mahamud<br/>2. M272-2 - Maryama sheik nuriye<br/>3. M272-3 - Bila abdirahman dekane<br/>4. M272-4 - Suda haji mahamed<br/>5. M272-5 - Farah yusuf dekal<br/>6. M272-6 - Mahaba omar hassen<br/>7. M272-7 - Bisharo mahamed yusuf<br/>8. M272-8 - Anab magdesh malin,6,,,,,,,,,,,,,No eligible spouse found.,0,,,uuid:d7a3a855-9af0-43da-83e0-fe843070e08a,2603230738,uuid:d7a3a855-9af0-43da-83e0-fe843070e08a
10-Apr-2026 06:47:50,09-Apr-2026 11:21:19,10-Apr-2026 06:33:03,16848f7fba76a71f,,llrp_team1,samsung|SM-X115|15|SurveyCTO Collect 2.81.5 (387e45a),213,,Muktar,Niman,Lagahida,Lagahida 03_1,M275,Baxsan,10,Control,#d60000,6,6,Halimo hamdi yusuf,1,1,,M275-1,1,0,0.09242116972651793,1,1,99,0,199.09242116972652,1,1. M275-1 - Halimo hamdi yusuf,0,0.05030161995237836,999,99,Mahamuod hassan abdullahi,2,6,,M275-2,0,1,0.21028914329191006,2,99,1,0,99.21028914329192,1,2. M275-2 - Mahamuod hassan abdullahi,0,0.2293478291097939,999,99,Kamil shafi abdullahi,1,5,,M275-3,0,0,0.4977029961914238,3,99,99,0,0.4977029961914238,1,3. M275-3 - Kamil shafi abdullahi,0,0.016513456320160103,999,99,Ruqiya wali sheikh,1,3,,M275-4,1,0,0.05102572828639795,4,1,99,0,199.0510257282864,1,4. M275-4 - Ruqiya wali sheikh,0,0.18071884490143475,999,99,Xayba caydiid dakhal,1,6,,M275-5,0,1,0.547685404197098,5,99,1,0,99.5476854041971,1,5. M275-5 - Xayba caydiid dakhal,0,0.07215545948561786,999,99,Jahmila aden mohamed,1,6,,M275-6,0,1,0.9390094892070917,6,99,1,0,99.9390094892071,1,6. M275-6 - Jahmila aden mohamed,0,0.7425517681097433,999,99,,,,,,,,,,,,,,,,,,,,,,,,,,,,,,,,,,,,,,,,,,,,,,,,,,,,,,,,,,,,,,,,,,,,,,,,,,,,,,,,,,,,,,,,,,,,,,,,,,,,,,,,,,,,,,,,,,,,,,,,,,,,,,,,,,,,,,,,,,,,,,,,,,,,,,,,,,,,,,,,,,,,,,,,,,,,,,,,,,,,,,,,,,,,,,,1,199.09242116972652 99.21028914329192 0.4977029961914238 199.0510257282864 99.5476854041971 99.9390094892071,1,4,6,5,2,3,1. M275_1 - Halimo hamdi yusuf,2. M275_2 - Ruqiya wali sheikh,3. M275_3 - Jahmila aden mohamed,4. M275_4 - Xayba caydiid dakhal,5. M275_5 - Mahamuod hassan abdullahi,6. M275_6 - Kamil shafi abdullahi,,2,1 2 3 4 5 6,1. M275-1 - Halimo hamdi yusuf<br/>2. M275-2 - Mahamuod hassan abdullahi<br/>3. M275-3 - Kamil shafi abdullahi<br/>4. M275-4 - Ruqiya wali sheikh<br/>5. M275-5 - Xayba caydiid dakhal<br/>6. M275-6 - Jahmila aden mohamed,6,,,,,,,,,,,,,No eligible spouse found.,0,,,uuid:3e54b721-3010-4bf6-b05b-92f537a8299f,2603230738,uuid:3e54b721-3010-4bf6-b05b-92f537a8299f
10-Apr-2026 07:45:00,09-Apr-2026 15:37:04,10-Apr-2026 07:44:18,15aee2f9fc7423e8,,llrp_team1,samsung|SM-X115|16|SurveyCTO Collect 2.81.5 (387e45a),298,,Anteneh,Abdilahi,Kohle,Rahle_1,M266,Barwaaqo,12,TechLed,#1f4bd6,6,6,Mohamed nour Abdullahi,2,1,,M266-1,1,0,0.7350460717520955,1,1,99,0,199.7350460717521,1,1. M266-1 - Mohamed nour Abdullahi,0,0.04623052562111041,999,99,Raqib Mohamed ahmed,2,2,,M266-2,0,0,0.6269278221085268,2,99,99,0,0.6269278221085268,1,2. M266-2 - Raqib Mohamed ahmed,0,0.5293132820122965,999,99,Mouse hassen bunow,2,5,,M266-3,0,0,0.6375810198967705,3,99,99,0,0.6375810198967705,1,3. M266-3 - Mouse hassen bunow,0,0.5194319648487724,999,99,Mohamed Abdi Hussain,2,3,,M266-4,1,0,0.6311405148664706,4,1,99,0,199.63114051486647,1,4. M266-4 - Mohamed Abdi Hussain,0,0.029301797687237174,999,99,Bashir Farah abdi,2,6,,M266-5,0,1,0.25971777745121916,5,99,1,0,99.25971777745121,1,5. M266-5 - Bashir Farah abdi,0,0.6889688024161479,999,99,Bashir Abdullahi  abdi,2,6,,M266-6,0,1,0.05198916016434085,6,99,1,0,99.05198916016434,1,6. M266-6 - Bashir Abdullahi  abdi,0,0.5421922709634394,999,99,,,,,,,,,,,,,,,,,,,,,,,,,,,,,,,,,,,,,,,,,,,,,,,,,,,,,,,,,,,,,,,,,,,,,,,,,,,,,,,,,,,,,,,,,,,,,,,,,,,,,,,,,,,,,,,,,,,,,,,,,,,,,,,,,,,,,,,,,,,,,,,,,,,,,,,,,,,,,,,,,,,,,,,,,,,,,,,,,,,,,,,,,,,,,,,1,199.7350460717521 0.6269278221085268 0.6375810198967705 199.63114051486647 99.25971777745121 99.05198916016434,1,4,5,6,3,2,1. M266_1 - Mohamed nour Abdullahi,2. M266_2 - Mohamed Abdi Hussain,3. M266_3 - Bashir Farah abdi,4. M266_4 - Bashir Abdullahi  abdi,5. M266_5 - Mouse hassen bunow,6. M266_6 - Raqib Mohamed ahmed,,2,1 2 3 4 5 6,1. M266-1 - Mohamed nour Abdullahi<br/>2. M266-2 - Raqib Mohamed ahmed<br/>3. M266-3 - Mouse hassen bunow<br/>4. M266-4 - Mohamed Abdi Hussain<br/>5. M266-5 - Bashir Farah abdi<br/>6. M266-6 - Bashir Abdullahi  abdi,6,,,,,,,,,,,,,No eligible spouse found.,0,,,uuid:e65078c7-a69d-45eb-aeb7-33dd3b9fb8ee,2603230738,uuid:e65078c7-a69d-45eb-aeb7-33dd3b9fb8ee
10-Apr-2026 08:02:57,09-Apr-2026 10:33:58,10-Apr-2026 07:40:30,c717d4af0550c362,+251915731899,llrp_team1,samsung|SM-X115|15|SurveyCTO Collect 2.81.5 (387e45a),644,,Daniel,Amin,Garbo,mugweyn_1,M180,Mugweyn,10,TechLed,#1f4bd6,7,7,Abdirahman Mahamud Adan,2,1,,M180-1,1,0,0.07975783449589713,1,1,99,0,199.0797578344959,1,1. M180-1 - Abdirahman Mahamud Adan,0,0.15264663011882484,999,99,Bisharo Moalin Hassan,1,3,2,M180-2,1,0,0.3809039196417552,2,1,99,0,199.38090391964175,1,2. M180-2 - Bisharo Moalin Hassan,0,0.08885537175374869,999,99,Mahaba Ahmed Husen,1,6,1,M180-3,0,1,0.6280613049188161,3,99,1,0.5,100.12806130491882,1,3. M180-3 - Mahaba Ahmed Husen,1,0.2598136313693503,0.6280613049188161,1,Yusuf Mohommed Shafi,2,6,,M180-4,0,1,0.12211584166988576,4,99,1,0,99.12211584166988,1,4. M180-4 - Yusuf Mohommed Shafi,0,0.6617977878608149,999,99,Taman Moalin Wali,2,6,,M180-5,0,1,0.7776742266055009,5,99,1,0,99.7776742266055,1,5. M180-5 - Taman Moalin Wali,0,0.923780882360219,999,99,Mohammed Ahmed Abdi,2,6,,M180-6,0,1,0.5944630821819674,6,99,1,0,99.59446308218197,1,6. M180-6 - Mohammed Ahmed Abdi,0,0.560840873128961,999,99,Amin Siraje Mahamud,2,6,,M180-7,0,1,0.3243702785461757,7,99,1,0,99.32437027854617,1,7. M180-7 - Amin Siraje Mahamud,0,0.7072738388446672,999,99,,,,,,,,,,,,,,,,,,,,,,,,,,,,,,,,,,,,,,,,,,,,,,,,,,,,,,,,,,,,,,,,,,,,,,,,,,,,,,,,,,,,,,,,,,,,,,,,,,,,,,,,,,,,,,,,,,,,,,,,,,,,,,,,,,,,,,,,,,,,,,,,,,,,,,,,,,,,,,,,,,,,,,,,,,,,1,199.0797578344959 199.38090391964175 100.12806130491882 99.12211584166988 99.7776742266055 99.59446308218197 99.32437027854617,2,1,3,5,6,7,1. M180_1 - Bisharo Moalin Hassan,2. M180_2 - Abdirahman Mahamud Adan,3. M180_3 - Mahaba Ahmed Husen,4. M180_4 - Taman Moalin Wali,5. M180_5 - Mohammed Ahmed Abdi,6. M180_6 - Amin Siraje Mahamud,0.6280613049188161,2,1 2 3 5 6 7,1. M180-1 - Abdirahman Mahamud Adan<br/>2. M180-2 - Bisharo Moalin Hassan<br/>3. M180-3 - Mahaba Ahmed Husen<br/>4. M180-4 - Yusuf Mohommed Shafi<br/>5. M180-5 - Taman Moalin Wali<br/>6. M180-6 - Mohammed Ahmed Abdi<br/>7. M180-7 - Amin Siraje Mahamud,6,3,,,Mahaba Ahmed Husen,,,,,3. Mahaba Ahmed Husen (Husband to be interviewed)<br/>,,,,Husband of Mahaba Ahmed Husen must be interviewed.,1,,⚠ Spouse interview required,uuid:afe46643-cf14-4565-a2c5-fa46c51512f3,2603230738,uuid:afe46643-cf14-4565-a2c5-fa46c51512f3
10-Apr-2026 08:15:28,09-Apr-2026 10:33:13,10-Apr-2026 05:49:20,84a08d6ca764cc04,,llrp_team1,samsung|SM-X115|15|SurveyCTO Collect 2.81.5 (387e45a),974,,Anteneh,Osman,Kohle,Dharaaye_1,M267,Hilaac,14,TechLed,#1f4bd6,11,11,Bashir Abdulahi Abdi,2,5,,M267-1,0,0,0.736931747503232,1,99,99,0,0.736931747503232,1,1. M267-1 - Bashir Abdulahi Abdi,0,0.5326898503513657,999,99,Hassen Ahmed Daut,2,6,,M267-2,0,1,0.4615127765744096,2,99,1,0,99.46151277657441,1,2. M267-2 - Hassen Ahmed Daut,0,0.08257404725047113,999,99,Tamat Dabar Yonis,1,6,2,M267-3,0,1,0.1154720389324757,3,99,1,0,99.11547203893248,1,3. M267-3 - Tamat Dabar Yonis,0,0.16801171981064966,999,99,Ambiya Mule Aden,1,3,2,M267-4,1,0,0.03560602140462277,4,1,99,0,199.03560602140462,1,4. M267-4 - Ambiya Mule Aden,0,0.7733414811805258,999,99,Arfi Jama Horar,1,6,2,M267-5,0,1,0.27296796281039326,5,99,1,0,99.2729679628104,1,5. M267-5 - Arfi Jama Horar,0,0.4854574801540269,999,99,Mohamed Rage Alal,2,6,,M267-6,0,1,0.24548922649991112,6,99,1,0,99.24548922649991,1,6. M267-6 - Mohamed Rage Alal,0,0.7433548168920336,999,99,Salal Ismail Sahal,2,6,,M267-7,0,1,0.21221582593831978,7,99,1,0,99.21221582593832,1,7. M267-7 - Salal Ismail Sahal,0,0.41086478414965977,999,99,Suge Nour Muhumed,2,6,,M267-8,0,1,0.5171383052468213,8,99,1,0,99.51713830524682,1,8. M267-8 - Suge Nour Muhumed,0,0.5346379532358729,999,99,Fatima Hussen Omer,1,6,2,M267-9,0,1,0.4869833486328926,9,99,1,0,99.48698334863289,1,9. M267-9 - Fatima Hussen Omer,0,0.6285779249432157,999,99,Fathi Sayid Hussen,1,6,2,M267-10,0,1,0.7888935122696683,10,99,1,0,99.78889351226967,1,10. M267-10 - Fathi Sayid Hussen,0,0.7790116996115968,999,99,Hashi Herbe Yasien,2,4,,M267-11,1,0,0.020218843908150097,11,1,99,0,199.02021884390814,1,11. M267-11 - Hashi Herbe Yasien,0,0.04678673267365474,999,99,,,,,,,,,,,,,,,,,,,,,,,,,,,,,,,,,,,,,,,,,,,,,,,,,,,,,,,,,,,,,,,,,,,,,,,,,,,,,,,,,,,,,,,,,,,,,,,,0,0.736931747503232 99.46151277657441 99.11547203893248 199.03560602140462 99.2729679628104 99.24548922649991 99.21221582593832 99.51713830524682 99.48698334863289 99.78889351226967 199.02021884390814,4,11,10,8,9,2,1. M267_1 - Ambiya Mule Aden,2. M267_2 - Hashi Herbe Yasien,3. M267_3 - Fathi Sayid Hussen,4. M267_4 - Suge Nour Muhumed,5. M267_5 - Fatima Hussen Omer,6. M267_6 - Hassen Ahmed Daut,,2,2 4 8 9 10 11,1. M267-1 - Bashir Abdulahi Abdi<br/>2. M267-2 - Hassen Ahmed Daut<br/>3. M267-3 - Tamat Dabar Yonis<br/>4. M267-4 - Ambiya Mule Aden<br/>5. M267-5 - Arfi Jama Horar<br/>6. M267-6 - Mohamed Rage Alal<br/>7. M267-7 - Salal Ismail Sahal<br/>8. M267-8 - Suge Nour Muhumed<br/>9. M267-9 - Fatima Hussen Omer<br/>10. M267-10 - Fathi Sayid Hussen<br/>11. M267-11 - Hashi Herbe Yasien,6,,,,,,,,,,,,,No eligible spouse found.,0,,,uuid:d59aed92-ccbc-4b04-82b0-316846a91390,2603230738,uuid:d59aed92-ccbc-4b04-82b0-316846a91390
10-Apr-2026 08:35:01,09-Apr-2026 10:22:18,10-Apr-2026 07:37:53,536368b28fdd5880,,llrp_team1,samsung|SM-X115|14|SurveyCTO Collect 2.81.5 (387e45a),247,,Daniel,Ahmed,Garbo,Malayko_1,M178,Najax,8,HumanLed,#0a8f3c,6,6,Samsam ali abdi,1,3,2,M178-1,1,0,0.6725387279831875,1,1,99,0,199.67253872798318,1,1. M178-1 - Samsam ali abdi,0,0.3277209408695555,999,99,Korad yusuf muhumed,1,6,1,M178-2,0,1,0.1326690393118567,2,99,1,0.5,99.63266903931185,1,2. M178-2 - Korad yusuf muhumed,1,0.8308172225267022,0.1326690393118567,1,Ruwayda abdi rabi,1,6,2,M178-3,0,1,0.5504637171293838,3,99,1,0,99.55046371712939,1,3. M178-3 - Ruwayda abdi rabi,0,0.03712515628234436,999,99,Hubi abdi sarhaye,1,2,2,M178-4,1,0,0.21046974657933581,4,1,99,0,199.21046974657935,1,4. M178-4 - Hubi abdi sarhaye,0,0.7420069968493715,999,99,Tamin ilmoge budul,1,6,2,M178-5,0,1,0.6995809234221378,5,99,1,0,99.69958092342213,1,5. M178-5 - Tamin ilmoge budul,0,0.6707676568350451,999,99,Abdilahi dahir ahmed,2,6,,M178-6,0,1,0.03378709487860532,6,99,1,0,99.0337870948786,1,6. M178-6 - Abdilahi dahir ahmed,0,0.10696994397077597,999,99,,,,,,,,,,,,,,,,,,,,,,,,,,,,,,,,,,,,,,,,,,,,,,,,,,,,,,,,,,,,,,,,,,,,,,,,,,,,,,,,,,,,,,,,,,,,,,,,,,,,,,,,,,,,,,,,,,,,,,,,,,,,,,,,,,,,,,,,,,,,,,,,,,,,,,,,,,,,,,,,,,,,,,,,,,,,,,,,,,,,,,,,,,,,,,,0,199.67253872798318 99.63266903931185 99.55046371712939 199.21046974657935 99.69958092342213 99.0337870948786,1,4,5,2,3,6,1. M178_1 - Samsam ali abdi,2. M178_2 - Hubi abdi sarhaye,3. M178_3 - Tamin ilmoge budul,4. M178_4 - Korad yusuf muhumed,5. M178_5 - Ruwayda abdi rabi,6. M178_6 - Abdilahi dahir ahmed,0.1326690393118567,2,1 2 3 4 5 6,1. M178-1 - Samsam ali abdi<br/>2. M178-2 - Korad yusuf muhumed<br/>3. M178-3 - Ruwayda abdi rabi<br/>4. M178-4 - Hubi abdi sarhaye<br/>5. M178-5 - Tamin ilmoge budul<br/>6. M178-6 - Abdilahi dahir ahmed,6,2,,,Korad yusuf muhumed,,,,,,4. Korad yusuf muhumed (Husband to be interviewed)<br/>,,,Husband of Korad yusuf muhumed must be interviewed.,1,,⚠ Spouse interview required,uuid:d2062926-d383-46d2-9398-50bf51b961c5,2603230738,uuid:d2062926-d383-46d2-9398-50bf51b961c5
10-Apr-2026 08:35:42,09-Apr-2026 11:15:29,09-Apr-2026 18:26:29,f9d6a239f0ca8566,,llrp_team1,samsung|SM-X115|15|SurveyCTO Collect 2.81.5 (387e45a),443,,Wesen,Mahamed,Dolobay,Mad Har_1,M117,Hodan,12,HumanLed,#0a8f3c,10,10,Mohamed Abdi Salam  Ali,2,1,,M117-1,1,0,0.5816860045622698,1,1,99,0,199.58168600456227,1,1. M117-1 - Mohamed Abdi Salam  Ali,0,0.47537169063428386,999,99,Abdirahman Abdi Ahmed,2,5,,M117-2,0,0,0.5738567548230622,2,99,99,0,0.5738567548230622,1,2. M117-2 - Abdirahman Abdi Ahmed,0,0.07008171836783272,999,99,Abdullahi Suber Ali,2,6,,M117-3,0,1,0.7958695070235434,3,99,1,0,99.79586950702354,1,3. M117-3 - Abdullahi Suber Ali,0,0.8284903679487695,999,99,Rashid Abdullahi Abdi,2,6,,M117-4,0,1,0.852678239537413,4,99,1,0,99.85267823953741,1,4. M117-4 - Rashid Abdullahi Abdi,0,0.5727359346193588,999,99,Aden Adow muhumed,2,6,,M117-5,0,1,0.5215057997295937,5,99,1,0,99.5215057997296,1,5. M117-5 - Aden Adow muhumed,0,0.7808941513384069,999,99,Ali Ibrahim Omer,2,3,,M117-6,1,0,0.5824479228520018,6,1,99,0,199.582447922852,1,6. M117-6 - Ali Ibrahim Omer,0,0.8793356495879275,999,99,Jima'ale Abdullahi  Hassen,2,6,,M117-7,0,1,0.8552935374315985,7,99,1,0,99.85529353743159,1,7. M117-7 - Jima'ale Abdullahi  Hassen,0,0.3196123674093776,999,99,Mohamed  Omer Farah,2,6,,M117-8,0,1,0.9750002911403212,8,99,1,0,99.97500029114032,1,8. M117-8 - Mohamed  Omer Farah,0,0.891061418092303,999,99,Abdi Hassen  Mohamed,2,6,,M117-9,0,1,0.8227143279577318,9,99,1,0,99.82271432795773,1,9. M117-9 - Abdi Hassen  Mohamed,0,0.27691328630257017,999,99,Boksiye Salah Ibrahim,2,6,,M117-10,0,1,0.8646601853918872,10,99,1,0,99.86466018539188,1,10. M117-10 - Boksiye Salah Ibrahim,0,0.8033608783502172,999,99,,,,,,,,,,,,,,,,,,,,,,,,,,,,,,,,,,,,,,,,,,,,,,,,,,,,,,,,,,,,,,,,,,,,,,,,,,,,,,,,,,,,,,,,,,,,,,,,,,,,,,,,,,,,,,,,,,,1,199.58168600456227 0.5738567548230622 99.79586950702354 99.85267823953741 99.5215057997296 199.582447922852 99.85529353743159 99.97500029114032 99.82271432795773 99.86466018539188,6,1,8,10,7,4,1. M117_1 - Ali Ibrahim Omer,2. M117_2 - Mohamed Abdi Salam  Ali,3. M117_3 - Mohamed  Omer Farah,4. M117_4 - Boksiye Salah Ibrahim,5. M117_5 - Jima'ale Abdullahi  Hassen,6. M117_6 - Rashid Abdullahi Abdi,,2,1 4 6 7 8 10,1. M117-1 - Mohamed Abdi Salam  Ali<br/>2. M117-2 - Abdirahman Abdi Ahmed<br/>3. M117-3 - Abdullahi Suber Ali<br/>4. M117-4 - Rashid Abdullahi Abdi<br/>5. M117-5 - Aden Adow muhumed<br/>6. M117-6 - Ali Ibrahim Omer<br/>7. M117-7 - Jima'ale Abdullahi  Hassen<br/>8. M117-8 - Mohamed  Omer Farah<br/>9. M117-9 - Abdi Hassen  Mohamed<br/>10. M117-10 - Boksiye Salah Ibrahim,6,,,,,,,,,,,,,No eligible spouse found.,0,,,uuid:b00ac9da-17d5-44c7-852e-95eac0317f40,2603230738,uuid:b00ac9da-17d5-44c7-852e-95eac0317f40
10-Apr-2026 09:01:41,09-Apr-2026 11:52:58,09-Apr-2026 22:36:42,43563d0bd9b9000f,,llrp_team1,samsung|SM-X115|16|SurveyCTO Collect 2.81.5 (387e45a),636,,Wesen,Abbe,Dolobay,Hila Buli_1,M116,Anfac,12,TechLed,#1f4bd6,9,9,Mahamed Hassen Dakal,2,1,,M116-1,1,0,0.6806745796239827,1,1,99,0,199.680674579624,1,1. M116-1 - Mahamed Hassen Dakal,0,0.9804989662155468,999,99,Omar Yusuf Ahmed,2,2,,M116-2,0,0,0.382032167051904,2,99,99,0,0.382032167051904,1,2. M116-2 - Omar Yusuf Ahmed,0,0.3319931019251866,999,99,Rashid Muhumed Omar,2,3,,M116-3,1,0,0.774354218418949,3,1,99,0,199.77435421841895,1,3. M116-3 - Rashid Muhumed Omar,0,0.8047420676310713,999,99,Anfa Muktar Hussen,1,4,1,M116-4,1,0,0.3937713159014349,4,1,99,0.5,199.89377131590143,1,4. M116-4 - Anfa Muktar Hussen,1,0.5986776958290558,0.3937713159014349,1,Mahamed Hassen Muhumed,2,5,,M116-5,0,0,0.8218369537376299,5,99,99,0,0.8218369537376299,1,5. M116-5 - Mahamed Hassen Muhumed,0,0.4178619937588711,999,99,Mahamed Gohad Adow,2,6,,M116-6,0,1,0.7971125879520935,6,99,1,0,99.7971125879521,1,6. M116-6 - Mahamed Gohad Adow,0,0.35811328178405033,999,99,Fatima Gohad Hassen,1,6,2,M116-7,0,1,0.6748302226893372,7,99,1,0,99.67483022268934,1,7. M116-7 - Fatima Gohad Hassen,0,0.14053140139281917,999,99,Ibrahim Abdirahman Haji,2,6,,M116-8,0,1,0.17534799183350525,8,99,1,0,99.1753479918335,1,8. M116-8 - Ibrahim Abdirahman Haji,0,0.1965949486348244,999,99,Ahmed Mahad Hassen,2,6,,M116-9,0,1,0.5416675053137195,9,99,1,0,99.54166750531373,1,9. M116-9 - Ahmed Mahad Hassen,0,0.6218762830202743,999,99,,,,,,,,,,,,,,,,,,,,,,,,,,,,,,,,,,,,,,,,,,,,,,,,,,,,,,,,,,,,,,,,,,,,,,,,,,,,,,,,,,,,,,,,,,,,,,,,,,,,,,,,,,,,,,,,,,,,,,,,,,,,,,,,,,,,,,1,199.680674579624 0.382032167051904 199.77435421841895 199.89377131590143 0.8218369537376299 99.7971125879521 99.67483022268934 99.1753479918335 99.54166750531373,4,3,1,6,7,9,1. M116_1 - Anfa Muktar Hussen,2. M116_2 - Rashid Muhumed Omar,3. M116_3 - Mahamed Hassen Dakal,4. M116_4 - Mahamed Gohad Adow,5. M116_5 - Fatima Gohad Hassen,6. M116_6 - Ahmed Mahad Hassen,0.3937713159014349,3,1 3 4 6 7 9,1. M116-1 - Mahamed Hassen Dakal<br/>2. M116-2 - Omar Yusuf Ahmed<br/>3. M116-3 - Rashid Muhumed Omar<br/>4. M116-4 - Anfa Muktar Hussen<br/>5. M116-5 - Mahamed Hassen Muhumed<br/>6. M116-6 - Mahamed Gohad Adow<br/>7. M116-7 - Fatima Gohad Hassen<br/>8. M116-8 - Ibrahim Abdirahman Haji<br/>9. M116-9 - Ahmed Mahad Hassen,6,4,,,Anfa Muktar Hussen,,,1. Anfa Muktar Hussen (Husband to be interviewed)<br/>,,,,,,Husband of Anfa Muktar Hussen must be interviewed.,1,,⚠ Spouse interview required,uuid:a38e2a42-3305-470e-aec5-88a3c4311893,2603230738,uuid:a38e2a42-3305-470e-aec5-88a3c4311893
10-Apr-2026 13:54:12,09-Apr-2026 10:27:33,10-Apr-2026 09:19:07,cf84d912f7bc03f1,,llrp_team1,samsung|SM-X115|14|SurveyCTO Collect 2.81.5 (387e45a),516,,Anteneh,Abdiresaq,Kohle,wadaamogo_1,M265,Hodan,12,HumanLed,#0a8f3c,7,7,Yusuf Ali gedi,2,6,,M265-1,0,1,0.5926621946835161,1,99,1,0,99.59266219468351,1,1. M265-1 - Yusuf Ali gedi,0,0.7413299002009976,999,99,Bashir Ahmed sheik,2,3,,M265-2,1,0,0.805059171983579,2,1,99,0,199.80505917198357,1,2. M265-2 - Bashir Ahmed sheik,0,0.9074021659288705,999,99,Shugri dek Hassen,2,6,,M265-3,0,1,0.9351646801201693,3,99,1,0,99.93516468012017,1,3. M265-3 - Shugri dek Hassen,0,0.30319071386210683,999,99,Layl mohamed Gure,2,1,,M265-4,1,0,0.8600235128097953,4,1,99,0,199.8600235128098,1,4. M265-4 - Layl mohamed Gure,0,0.07479848821331281,999,99,Kin Hassen mahamud,1,6,2,M265-5,0,1,0.2043035760425106,5,99,1,0,99.2043035760425,1,5. M265-5 - Kin Hassen mahamud,0,0.6000122571840767,999,99,Kash mohamed Abdullahi,1,6,2,M265-6,0,1,0.1260370794117589,6,99,1,0,99.12603707941176,1,6. M265-6 - Kash mohamed Abdullahi,0,0.6970381774022738,999,99,Fardawsa mahamud Hared,1,5,2,M265-7,0,0,0.5404757372221708,7,99,99,0,0.5404757372221708,1,7. M265-7 - Fardawsa mahamud Hared,0,0.25159802319962876,999,99,,,,,,,,,,,,,,,,,,,,,,,,,,,,,,,,,,,,,,,,,,,,,,,,,,,,,,,,,,,,,,,,,,,,,,,,,,,,,,,,,,,,,,,,,,,,,,,,,,,,,,,,,,,,,,,,,,,,,,,,,,,,,,,,,,,,,,,,,,,,,,,,,,,,,,,,,,,,,,,,,,,,,,,,,,,,1,99.59266219468351 199.80505917198357 99.93516468012017 199.8600235128098 99.2043035760425 99.12603707941176 0.5404757372221708,4,2,3,1,5,6,1. M265_1 - Layl mohamed Gure,2. M265_2 - Bashir Ahmed sheik,3. M265_3 - Shugri dek Hassen,4. M265_4 - Yusuf Ali gedi,5. M265_5 - Kin Hassen mahamud,6. M265_6 - Kash mohamed Abdullahi,,2,1 2 3 4 5 6,1. M265-1 - Yusuf Ali gedi<br/>2. M265-2 - Bashir Ahmed sheik<br/>3. M265-3 - Shugri dek Hassen<br/>4. M265-4 - Layl mohamed Gure<br/>5. M265-5 - Kin Hassen mahamud<br/>6. M265-6 - Kash mohamed Abdullahi<br/>7. M265-7 - Fardawsa mahamud Hared,6,,,,,,,,,,,,,No eligible spouse found.,0,,,uuid:245bfb90-a7ed-43c2-9d3a-f2e9dadf7123,2603230738,uuid:245bfb90-a7ed-43c2-9d3a-f2e9dadf7123
10-Apr-2026 18:28:55,09-Apr-2026 13:47:21,10-Apr-2026 18:28:24,82e2405be9604681,,llrp_team1,samsung|SM-X115|15|SurveyCTO Collect 2.81.5 (387e45a),440,,Daniel,Daniel,Danbal,Harumakale_1,M46,Keyn Shabele,10,Control,#d60000,9,9,Jamac ilmi ciye,2,6,,M46-1,0,1,0.3949626787640592,1,99,1,0,99.39496267876406,1,1. M46-1 - Jamac ilmi ciye,0,0.9472596993159642,999,99,Mehamed Arab Abdi,2,1,,M46-2,1,0,0.47787039681203203,2,1,99,0,199.47787039681202,1,2. M46-2 - Mehamed Arab Abdi,0,0.8993514573571313,999,99,Ali Mehamed Ahmed,2,6,,M46-3,0,1,0.16197787447932788,3,99,1,0,99.16197787447933,1,3. M46-3 - Ali Mehamed Ahmed,0,0.13393841892441294,999,99,Abdi Gire mumin,2,2,,M46-4,0,0,0.5525827686680362,4,99,99,0,0.5525827686680362,1,4. M46-4 - Abdi Gire mumin,0,0.48389138185614866,999,99,Hussen Mehamed gorod,2,6,,M46-5,0,1,0.300615816705033,5,99,1,0,99.30061581670503,1,5. M46-5 - Hussen Mehamed gorod,0,0.6900932571655056,999,99,Nimco Aden olhaye,1,3,,M46-6,1,0,0.6534064615660709,6,1,99,0,199.65340646156608,1,6. M46-6 - Nimco Aden olhaye,0,0.7053979399243694,999,99,Asha Ali Abseye,1,6,,M46-7,0,1,0.9404135431785724,7,99,1,0,99.94041354317858,1,7. M46-7 - Asha Ali Abseye,0,0.8993011562535215,999,99,Ali Gire Mume,2,6,,M46-8,0,1,0.9254197564547152,8,99,1,0,99.92541975645472,1,8. M46-8 - Ali Gire Mume,0,0.6075346057256972,999,99,Asad Jamac ilmi,2,3,,M46-9,1,0,0.3481569348757364,9,1,99,0,199.34815693487573,1,9. M46-9 - Asad Jamac ilmi,0,0.2331430746828792,999,99,,,,,,,,,,,,,,,,,,,,,,,,,,,,,,,,,,,,,,,,,,,,,,,,,,,,,,,,,,,,,,,,,,,,,,,,,,,,,,,,,,,,,,,,,,,,,,,,,,,,,,,,,,,,,,,,,,,,,,,,,,,,,,,,,,,,,,1,99.39496267876406 199.47787039681202 99.16197787447933 0.5525827686680362 99.30061581670503 199.65340646156608 99.94041354317858 99.92541975645472 199.34815693487573,6,2,9,7,8,1,1. M46_1 - Nimco Aden olhaye,2. M46_2 - Mehamed Arab Abdi,3. M46_3 - Asad Jamac ilmi,4. M46_4 - Asha Ali Abseye,5. M46_5 - Ali Gire Mume,6. M46_6 - Jamac ilmi ciye,,3,1 2 6 7 8 9,1. M46-1 - Jamac ilmi ciye<br/>2. M46-2 - Mehamed Arab Abdi<br/>3. M46-3 - Ali Mehamed Ahmed<br/>4. M46-4 - Abdi Gire mumin<br/>5. M46-5 - Hussen Mehamed gorod<br/>6. M46-6 - Nimco Aden olhaye<br/>7. M46-7 - Asha Ali Abseye<br/>8. M46-8 - Ali Gire Mume<br/>9. M46-9 - Asad Jamac ilmi,6,,,,,,,,,,,,,No eligible spouse found.,0,,,uuid:a6f3fa27-352c-4992-9de8-0b09f9a00650,2603230738,uuid:a6f3fa27-352c-4992-9de8-0b09f9a00650
10-Apr-2026 18:28:56,10-Apr-2026 10:34:03,10-Apr-2026 18:28:31,82e2405be9604681,,llrp_team1,samsung|SM-X115|15|SurveyCTO Collect 2.81.5 (387e45a),918,,Daniel,Daniel,Danbal,jiri_1,M42,Najax,10,HumanLed,#0a8f3c,10,10,Olad usman buni,2,6,,M42-1,0,1,0.6405111272808968,1,99,1,0,99.6405111272809,1,1. M42-1 - Olad usman buni,0,0.42361213157141564,999,99,Hassen Tahir Abdulahi,2,6,,M42-2,0,1,0.11457610129818108,2,99,1,0,99.11457610129818,1,2. M42-2 - Hassen Tahir Abdulahi,0,0.6002437656112983,999,99,Ahmed Abdulahi rabe,2,1,,M42-3,1,0,0.9198298322181977,3,1,99,0,199.9198298322182,1,3. M42-3 - Ahmed Abdulahi rabe,0,0.7018515721025416,999,99,Dahabo Ahmed Aden,1,2,1,M42-4,0,0,0.5416650861693901,4,99,99,0.5,1.0416650861693901,1,4. M42-4 - Dahabo Ahmed Aden,0,0.4255673868259219,999,99,Asha Aden hussen,1,6,1,M42-5,0,1,0.4050682493546336,5,99,1,0.5,99.90506824935463,1,5. M42-5 - Asha Aden hussen,1,0.6682449334231196,0.4050682493546336,1,Zahra Abdi Hashi,1,3,2,M42-6,1,0,0.5433446076155214,6,1,99,0,199.54334460761552,1,6. M42-6 - Zahra Abdi Hashi,0,0.8800638804223571,999,99,Jawhara Tahir okeye,1,5,1,M42-7,0,0,0.07584759059974988,7,99,99,0.5,0.5758475905997499,1,7. M42-7 - Jawhara Tahir okeye,0,0.13324222301274946,999,99,Amina Hadley umer,1,6,2,M42-8,0,1,0.9185284143412675,8,99,1,0,99.91852841434127,1,8. M42-8 - Amina Hadley umer,0,0.8754057682776196,999,99,Zamzam Ibrahin Fure,1,6,2,M42-9,0,1,0.07396208461969112,9,99,1,0,99.0739620846197,1,9. M42-9 - Zamzam Ibrahin Fure,0,0.706078448912357,999,99,Amina Abdi Muhumad,1,6,2,M42-10,0,1,0.007467274606440144,10,99,1,0,99.00746727460644,1,10. M42-10 - Amina Abdi Muhumad,0,0.8126893934375234,999,99,,,,,,,,,,,,,,,,,,,,,,,,,,,,,,,,,,,,,,,,,,,,,,,,,,,,,,,,,,,,,,,,,,,,,,,,,,,,,,,,,,,,,,,,,,,,,,,,,,,,,,,,,,,,,,,,,,,1,99.6405111272809 99.11457610129818 199.9198298322182 1.0416650861693901 99.90506824935463 199.54334460761552 0.5758475905997499 99.91852841434127 99.0739620846197 99.00746727460644,3,6,8,5,1,2,1. M42_1 - Ahmed Abdulahi rabe,2. M42_2 - Zahra Abdi Hashi,3. M42_3 - Amina Hadley umer,4. M42_4 - Asha Aden hussen,5. M42_5 - Olad usman buni,6. M42_6 - Hassen Tahir Abdulahi,0.4050682493546336,2,1 2 3 5 6 8,1. M42-1 - Olad usman buni<br/>2. M42-2 - Hassen Tahir Abdulahi<br/>3. M42-3 - Ahmed Abdulahi rabe<br/>4. M42-4 - Dahabo Ahmed Aden<br/>5. M42-5 - Asha Aden hussen<br/>6. M42-6 - Zahra Abdi Hashi<br/>7. M42-7 - Jawhara Tahir okeye<br/>8. M42-8 - Amina Hadley umer<br/>9. M42-9 - Zamzam Ibrahin Fure<br/>10. M42-10 - Amina Abdi Muhumad,6,5,,,Asha Aden hussen,,,,,,4. Asha Aden hussen (Husband to be interviewed)<br/>,,,Husband of Asha Aden hussen must be interviewed.,1,,⚠ Spouse interview required,uuid:f1e90606-6448-4eef-ab12-f7f14f3ece0c,2603230738,uuid:f1e90606-6448-4eef-ab12-f7f14f3ece0c
10-Apr-2026 19:48:53,10-Apr-2026 15:48:56,10-Apr-2026 15:53:33,bbae1c343e73e9f2,,llrp_team1,Lenovo|Lenovo TB-8504F|8.1.0|SurveyCTO Collect 2.81.5 (387e45a),277,,Daniel,Jabir,Garbo,raaso_1,M182,Raaso,10,Control,#d60000,5,5,Fathi Muhummed Ahmed,2,6,,M182-1,0,1,0.3427372583705408,1,99,1,0,99.34273725837055,1,1. M182-1 - Fathi Muhummed Ahmed,0,0.8573345903982631,999,99,Mohamed Abdilahi Hassan,2,6,,M182-2,0,1,0.44007342939826743,2,99,1,0,99.44007342939827,1,2. M182-2 - Mohamed Abdilahi Hassan,0,0.6616101217138453,999,99,Muhummed Badal Keynan,2,1,,M182-3,1,0,0.6885567262423223,3,1,99,0,199.68855672624233,1,3. M182-3 - Muhummed Badal Keynan,0,0.6532931670344266,999,99,Fahan Ture Seid,1,6,,M182-4,0,1,0.9234603894083364,4,99,1,0,99.92346038940833,1,4. M182-4 - Fahan Ture Seid,0,0.8602600651786764,999,99,Ambo Abdullahi Ahmed,1,3,,M182-5,1,0,0.12894303731465828,5,1,99,0,199.12894303731466,1,5. M182-5 - Ambo Abdullahi Ahmed,0,0.986160085765192,999,99,,,,,,,,,,,,,,,,,,,,,,,,,,,,,,,,,,,,,,,,,,,,,,,,,,,,,,,,,,,,,,,,,,,,,,,,,,,,,,,,,,,,,,,,,,,,,,,,,,,,,,,,,,,,,,,,,,,,,,,,,,,,,,,,,,,,,,,,,,,,,,,,,,,,,,,,,,,,,,,,,,,,,,,,,,,,,,,,,,,,,,,,,,,,,,,,,,,,,,,,,,,,,,,,,,1,99.34273725837055 99.44007342939827 199.68855672624233 99.92346038940833 199.12894303731466,3,5,4,2,1,,1. M182_1 - Muhummed Badal Keynan,2. M182_2 - Ambo Abdullahi Ahmed,3. M182_3 - Fahan Ture Seid,4. M182_4 - Mohamed Abdilahi Hassan,5. M182_5 - Fathi Muhummed Ahmed,,,2,1 2 3 4 5,1. M182-1 - Fathi Muhummed Ahmed <br/>2. M182-2 - Mohamed Abdilahi Hassan <br/>3. M182-3 - Muhummed Badal Keynan <br/>4. M182-4 - Fahan Ture Seid <br/>5. M182-5 - Ambo Abdullahi Ahmed,5,,,,,,,,,,,,,No eligible spouse found.,0,,,uuid:f0c82242-d7bb-4cd1-84b2-e29bbaa75c0c,2603230738,uuid:f0c82242-d7bb-4cd1-84b2-e29bbaa75c0c
11-Apr-2026 07:49:42,10-Apr-2026 15:36:17,11-Apr-2026 07:49:04,c717d4af0550c362,,llrp_team1,samsung|SM-X115|15|SurveyCTO Collect 2.81.5 (387e45a),393,,Daniel,Amin,Garbo,Hidhyare_1,M185,Tawakal,9,TechLed,#1f4bd6,6,6,Ahmed Yusuf Ali,2,1,,M185-1,1,0,0.7021631486067811,1,1,99,0,199.7021631486068,1,1. M185-1 - Ahmed Yusuf Ali,0,0.5037274285050217,999,99,Ahmed Deg Abdi,2,6,,M185-2,0,1,0.4342546399576602,2,99,1,0,99.43425463995766,1,2. M185-2 - Ahmed Deg Abdi,0,0.2569506048457765,999,99,Dek Arbe Adan,2,6,,M185-3,0,1,0.8863968433522126,3,99,1,0,99.88639684335222,1,3. M185-3 - Dek Arbe Adan,0,0.508422768896547,999,99,Fadhi Haji Abdi,2,6,,M185-4,0,1,0.8497221285086243,4,99,1,0,99.84972212850863,1,4. M185-4 - Fadhi Haji Abdi,0,0.9999341981852065,999,99,Nimco Daweye Ali,1,6,2,M185-5,0,1,0.11017800716681236,5,99,1,0,99.11017800716681,1,5. M185-5 - Nimco Daweye Ali,0,0.1898419108875481,999,99,Cadeya Muhumed Abdullahi,1,6,2,M185-6,0,1,0.36742014348655117,6,99,1,0,99.36742014348656,1,6. M185-6 - Cadeya Muhumed Abdullahi,0,0.9288260343596607,999,99,,,,,,,,,,,,,,,,,,,,,,,,,,,,,,,,,,,,,,,,,,,,,,,,,,,,,,,,,,,,,,,,,,,,,,,,,,,,,,,,,,,,,,,,,,,,,,,,,,,,,,,,,,,,,,,,,,,,,,,,,,,,,,,,,,,,,,,,,,,,,,,,,,,,,,,,,,,,,,,,,,,,,,,,,,,,,,,,,,,,,,,,,,,,,,,1,199.7021631486068 99.43425463995766 99.88639684335222 99.84972212850863 99.11017800716681 99.36742014348656,1,3,4,2,6,5,1. M185_1 - Ahmed Yusuf Ali,2. M185_2 - Dek Arbe Adan,3. M185_3 - Fadhi Haji Abdi,4. M185_4 - Ahmed Deg Abdi,5. M185_5 - Cadeya Muhumed Abdullahi,6. M185_6 - Nimco Daweye Ali,,1,1 2 3 4 5 6,1. M185-1 - Ahmed Yusuf Ali<br/>2. M185-2 - Ahmed Deg Abdi<br/>3. M185-3 - Dek Arbe Adan<br/>4. M185-4 - Fadhi Haji Abdi<br/>5. M185-5 - Nimco Daweye Ali<br/>6. M185-6 - Cadeya Muhumed Abdullahi,6,,,,,,,,,,,,,No eligible spouse found.,0,,,uuid:8d49af98-98c6-4d7b-8439-742e354576ec,2603230738,uuid:8d49af98-98c6-4d7b-8439-742e354576ec
11-Apr-2026 08:16:37,10-Apr-2026 15:30:49,11-Apr-2026 08:15:18,8e28ba7f870e07da,,llrp_team1,samsung|SM-X115|16|SurveyCTO Collect 2.81.5 (387e45a),583,,Wesen,Abdinasir,Dolobay,Qoraxey_1,M121,Wadajir,8,TechLed,#1f4bd6,10,10,Hassen Aden Gumaw,2,6,,M121-1,0,1,0.6387094812221836,1,99,1,0,99.63870948122218,1,1. M121-1 - Hassen Aden Gumaw,0,0.8720583767504526,999,99,Mohamud Shek Abdullah,2,1,,M121-2,1,0,0.3621401617708817,2,1,99,0,199.3621401617709,1,2. M121-2 - Mohamud Shek Abdullah,0,0.1804624339067631,999,99,Mohamud Adaw Omer,2,6,,M121-3,0,1,0.2819347794189302,3,99,1,0,99.28193477941893,1,3. M121-3 - Mohamud Adaw Omer,0,0.7946808381784236,999,99,Olow Gure Abdi,2,6,,M121-4,0,1,0.282354113778563,4,99,1,0,99.28235411377857,1,4. M121-4 - Olow Gure Abdi,0,0.7252842722695486,999,99,Mohamud Shek Amin,2,5,,M121-5,0,0,0.6796507819453803,5,99,99,0,0.6796507819453803,1,5. M121-5 - Mohamud Shek Amin,0,0.4620938989902956,999,99,Ali Aden Abdulle,2,6,,M121-6,0,1,0.1425233743615173,6,99,1,0,99.14252337436152,1,6. M121-6 - Ali Aden Abdulle,0,0.9279971661753439,999,99,Siyad Abdille Iyaw,2,6,,M121-7,0,1,0.6637894823676793,7,99,1,0,99.66378948236768,1,7. M121-7 - Siyad Abdille Iyaw,0,0.5245169037123952,999,99,Mohamed Shek Abdullah,2,6,,M121-8,0,1,0.3985624288877829,8,99,1,0,99.39856242888779,1,8. M121-8 - Mohamed Shek Abdullah,0,0.5035720047870036,999,99,Hussein Bakew Hassen,2,6,,M121-9,0,1,0.6466837144055276,9,99,1,0,99.64668371440553,1,9. M121-9 - Hussein Bakew Hassen,0,0.3749388021196638,999,99,Mohamed Abdi Haji,2,6,,M121-10,0,1,0.321254584459024,10,99,1,0,99.32125458445903,1,10. M121-10 - Mohamed Abdi Haji,0,0.8607143637047997,999,99,,,,,,,,,,,,,,,,,,,,,,,,,,,,,,,,,,,,,,,,,,,,,,,,,,,,,,,,,,,,,,,,,,,,,,,,,,,,,,,,,,,,,,,,,,,,,,,,,,,,,,,,,,,,,,,,,,,1,99.63870948122218 199.3621401617709 99.28193477941893 99.28235411377857 0.6796507819453803 99.14252337436152 99.66378948236768 99.39856242888779 99.64668371440553 99.32125458445903,2,7,9,1,8,10,1. M121_1 - Mohamud Shek Abdullah,2. M121_2 - Siyad Abdille Iyaw,3. M121_3 - Hussein Bakew Hassen,4. M121_4 - Hassen Aden Gumaw,5. M121_5 - Mohamed Shek Abdullah,6. M121_6 - Mohamed Abdi Haji,,1,1 2 7 8 9 10,1. M121-1 - Hassen Aden Gumaw<br/>2. M121-2 - Mohamud Shek Abdullah<br/>3. M121-3 - Mohamud Adaw Omer<br/>4. M121-4 - Olow Gure Abdi<br/>5. M121-5 - Mohamud Shek Amin<br/>6. M121-6 - Ali Aden Abdulle<br/>7. M121-7 - Siyad Abdille Iyaw<br/>8. M121-8 - Mohamed Shek Abdullah<br/>9. M121-9 - Hussein Bakew Hassen<br/>10. M121-10 - Mohamed Abdi Haji,6,,,,,,,,,,,,,No eligible spouse found.,0,,,uuid:9684cc30-fded-43b2-8754-848269365e5c,2603230738,uuid:9684cc30-fded-43b2-8754-848269365e5c
11-Apr-2026 08:25:33,10-Apr-2026 13:11:18,10-Apr-2026 21:21:14,f9d6a239f0ca8566,,llrp_team1,samsung|SM-X115|15|SurveyCTO Collect 2.81.5 (387e45a),596,,Wesen,Mahamed,Dolobay,Caloley_1,M115,Wadajir,12,HumanLed,#0a8f3c,11,11,Sirad  Hassen   Ahmed,2,6,,M115-1,0,1,0.25528347187009937,1,99,1,0,99.2552834718701,1,1. M115-1 - Sirad  Hassen   Ahmed,0,0.9528609868860212,999,99,Abdi Aden Elmi,2,6,,M115-2,0,1,0.09666361523150124,2,99,1,0,99.0966636152315,1,2. M115-2 - Abdi Aden Elmi,0,0.7422565455146853,999,99,Rashid  Abdi Farah,2,2,,M115-3,0,0,0.07304127833368412,3,99,99,0,0.07304127833368412,1,3. M115-3 - Rashid  Abdi Farah,0,0.9793966096803319,999,99,Mohamed   Hassen Husein,2,6,,M115-4,0,1,0.6428569580814878,4,99,1,0,99.64285695808148,1,4. M115-4 - Mohamed   Hassen Husein,0,0.15947759221960733,999,99,Mohamed  Jele Ahmed,2,1,,M115-5,1,0,0.8941781646482161,5,1,99,0,199.89417816464822,1,5. M115-5 - Mohamed  Jele Ahmed,0,0.9685477021573836,999,99,Salah Abas Muhammad,2,6,,M115-6,0,1,0.12015048764649283,6,99,1,0,99.1201504876465,1,6. M115-6 - Salah Abas Muhammad,0,0.5226171132123288,999,99,Idris Mohamed  Gele,2,6,,M115-7,0,1,0.5695490219849842,7,99,1,0,99.56954902198498,1,7. M115-7 - Idris Mohamed  Gele,0,0.34292829942525127,999,99,Kaaha Rashid  Abdi,1,6,2,M115-8,0,1,0.9073080140577928,8,99,1,0,99.90730801405779,1,8. M115-8 - Kaaha Rashid  Abdi,0,0.017297663040832245,999,99,Maryama Ibrahim ma'aw,1,6,1,M115-9,0,1,0.3987927161713506,9,99,1,0.5,99.89879271617136,1,9. M115-9 - Maryama Ibrahim ma'aw,1,0.727698636828912,0.3987927161713506,1,Rukiya Adow Abdinur,1,6,2,M115-10,0,1,0.47165622982758937,10,99,1,0,99.47165622982759,1,10. M115-10 - Rukiya Adow Abdinur,0,0.6361196714612766,999,99,Farah Jele Ahmed,2,6,,M115-11,0,1,0.9238747344715729,11,99,1,0,99.92387473447157,1,11. M115-11 - Farah Jele Ahmed,0,0.42923635858036924,999,99,,,,,,,,,,,,,,,,,,,,,,,,,,,,,,,,,,,,,,,,,,,,,,,,,,,,,,,,,,,,,,,,,,,,,,,,,,,,,,,,,,,,,,,,,,,,,,,,1,99.2552834718701 99.0966636152315 0.07304127833368412 99.64285695808148 199.89417816464822 99.1201504876465 99.56954902198498 99.90730801405779 99.89879271617136 99.47165622982759 99.92387473447157,5,11,8,9,4,7,1. M115_1 - Mohamed  Jele Ahmed,2. M115_2 - Farah Jele Ahmed,3. M115_3 - Kaaha Rashid  Abdi,4. M115_4 - Maryama Ibrahim ma'aw,5. M115_5 - Mohamed   Hassen Husein,6. M115_6 - Idris Mohamed  Gele,0.3987927161713506,1,4 5 7 8 9 11,1. M115-1 - Sirad  Hassen   Ahmed<br/>2. M115-2 - Abdi Aden Elmi<br/>3. M115-3 - Rashid  Abdi Farah<br/>4. M115-4 - Mohamed   Hassen Husein<br/>5. M115-5 - Mohamed  Jele Ahmed<br/>6. M115-6 - Salah Abas Muhammad<br/>7. M115-7 - Idris Mohamed  Gele<br/>8. M115-8 - Kaaha Rashid  Abdi<br/>9. M115-9 - Maryama Ibrahim ma'aw<br/>10. M115-10 - Rukiya Adow Abdinur<br/>11. M115-11 - Farah Jele Ahmed,6,9,,,Maryama Ibrahim ma'aw,,,,,,4. Maryama Ibrahim ma'aw (Husband to be interviewed)<br/>,,,Husband of Maryama Ibrahim ma'aw must be interviewed.,1,,⚠ Spouse interview required,uuid:84614f9a-653c-4048-8942-1e38d2fb81a0,2603230738,uuid:84614f9a-653c-4048-8942-1e38d2fb81a0
11-Apr-2026 08:30:43,10-Apr-2026 09:44:25,11-Apr-2026 08:29:43,57b11f490a25fce6,,llrp_team1,samsung|SM-X115|15|SurveyCTO Collect 2.81.5 (387e45a),892,,Daniel,Hasen,Danbal,Danbal Centre_1,M45,Cosob,12,TechLed,#1f4bd6,10,10,Raaho husen guled,1,6,1,M45-1,0,1,0.2690242085252422,1,99,1,0.5,99.76902420852524,1,1. M45-1 - Raaho husen guled,1,0.7143079488986547,0.2690242085252422,1,Deeka samire olhaye,1,6,1,M45-2,0,1,0.9056779041555775,2,99,1,0.5,100.40567790415558,1,2. M45-2 - Deeka samire olhaye,1,0.966369247047526,0.9056779041555775,1,Johara dahir okiye,1,6,2,M45-3,0,1,0.44714757045151166,3,99,1,0,99.4471475704515,1,3. M45-3 - Johara dahir okiye,0,0.14868953472233115,999,99,Malyun hasen ali,1,6,2,M45-4,0,1,0.6559668048904171,4,99,1,0,99.65596680489041,1,4. M45-4 - Malyun hasen ali,0,0.8723104254067358,999,99,Deeka ali gedi,1,6,2,M45-5,0,1,0.1312211684838437,5,99,1,0,99.13122116848385,1,5. M45-5 - Deeka ali gedi,0,0.8172459655242528,999,99,Amina hasen arayte,1,6,2,M45-6,0,1,0.06926486884232896,6,99,1,0,99.06926486884232,1,6. M45-6 - Amina hasen arayte,0,0.10318375020188397,999,99,Habsan kalib usmail,1,6,1,M45-7,0,1,0.5400549987663094,7,99,1,0.5,100.04005499876631,1,7. M45-7 - Habsan kalib usmail,1,0.2494275026727757,0.5400549987663094,1,Hawa ali dirir,1,6,1,M45-8,0,1,0.3100912098082812,8,99,1,0.5,99.81009120980828,1,8. M45-8 - Hawa ali dirir,1,0.807042121438854,0.3100912098082812,1,Madina jamac hasen,1,1,2,M45-9,1,0,0.8038807825937571,9,1,99,0,199.80388078259375,1,9. M45-9 - Madina jamac hasen,0,0.6303673821163663,999,99,Safiya kalile duqsiye,1,3,1,M45-10,1,0,0.20181354056438305,10,1,99,0.5,199.7018135405644,1,10. M45-10 - Safiya kalile duqsiye,1,0.6488540977361538,0.20181354056438305,1,,,,,,,,,,,,,,,,,,,,,,,,,,,,,,,,,,,,,,,,,,,,,,,,,,,,,,,,,,,,,,,,,,,,,,,,,,,,,,,,,,,,,,,,,,,,,,,,,,,,,,,,,,,,,,,,,,,1,99.76902420852524 100.40567790415558 99.4471475704515 99.65596680489041 99.13122116848385 99.06926486884232 100.04005499876631 99.81009120980828 199.80388078259375 199.7018135405644,9,10,2,7,8,1,1. M45_1 - Madina jamac hasen,2. M45_2 - Safiya kalile duqsiye,3. M45_3 - Deeka samire olhaye,4. M45_4 - Habsan kalib usmail,5. M45_5 - Hawa ali dirir,6. M45_6 - Raaho husen guled,0.2690242085252422 0.9056779041555775 0.5400549987663094 0.3100912098082812 0.20181354056438305,2,1 2 7 8 9 10,1. M45-1 - Raaho husen guled<br/>2. M45-2 - Deeka samire olhaye<br/>3. M45-3 - Johara dahir okiye<br/>4. M45-4 - Malyun hasen ali<br/>5. M45-5 - Deeka ali gedi<br/>6. M45-6 - Amina hasen arayte<br/>7. M45-7 - Habsan kalib usmail<br/>8. M45-8 - Hawa ali dirir<br/>9. M45-9 - Madina jamac hasen<br/>10. M45-10 - Safiya kalile duqsiye,6,2,7,8,Deeka samire olhaye,Habsan kalib usmail,Hawa ali dirir,,,3. Deeka samire olhaye (Husband to be interviewed)<br/>,4. Habsan kalib usmail (Husband to be interviewed)<br/>,5. Hawa ali dirir (Husband to be interviewed)<br/>,,"Husbands of Deeka samire olhaye, Habsan kalib usmail and Hawa ali dirir must be interviewed (one may serve as replacement).",3,Hawa ali dirir (Replacement),⚠ Spouse interview required,uuid:4bc8148c-8e6f-46f7-9bea-77d7be2ebf03,2603230738,uuid:4bc8148c-8e6f-46f7-9bea-77d7be2ebf03
11-Apr-2026 09:21:43,09-Apr-2026 11:28:39,11-Apr-2026 09:20:28,4eeefaf360cd4a3a,,llrp_team1,samsung|SM-X115|15|SurveyCTO Collect 2.81.5 (387e45a),726,,Muktar,Hasen,Lagahida,Lagahida 01_2,M273,Qaran,10,TechLed,#1f4bd6,8,8,Mahamed shafi hussen,2,5,,M273-1,0,0,0.21130434633277217,1,99,99,0,0.21130434633277217,1,1. M273-1 - Mahamed shafi hussen,0,0.9394993548926412,999,99,Faduma shugri qorane,1,3,2,M273-2,1,0,0.04851329595831122,2,1,99,0,199.04851329595832,1,2. M273-2 - Faduma shugri qorane,0,0.7983656335434797,999,99,Fadha hassen abdi,1,6,2,M273-3,0,1,0.7782856569489417,3,99,1,0,99.77828565694894,1,3. M273-3 - Fadha hassen abdi,0,0.8147073483001309,999,99,Hamdi abdulahi abdi,1,6,2,M273-4,0,1,0.7234921328225369,4,99,1,0,99.72349213282254,1,4. M273-4 - Hamdi abdulahi abdi,0,0.03074832734203725,999,99,Senaba abdi awmalin,1,6,2,M273-5,0,1,0.36631101469438754,5,99,1,0,99.36631101469439,1,5. M273-5 - Senaba abdi awmalin,0,0.3409869562473521,999,99,Senaba guled sheikmahamed,1,6,2,M273-6,0,1,0.9496618201491862,6,99,1,0,99.94966182014919,1,6. M273-6 - Senaba guled sheikmahamed,0,0.8580648978568587,999,99,Hubi makdesh malin,1,6,2,M273-7,0,1,0.7342259688346895,7,99,1,0,99.73422596883469,1,7. M273-7 - Hubi makdesh malin,0,0.6365095660378574,999,99,Halima Sheikh mahamed,1,6,2,M273-8,0,1,0.957768555584666,8,99,1,0,99.95776855558466,1,8. M273-8 - Halima Sheikh mahamed,0,0.7473402497579089,999,99,,,,,,,,,,,,,,,,,,,,,,,,,,,,,,,,,,,,,,,,,,,,,,,,,,,,,,,,,,,,,,,,,,,,,,,,,,,,,,,,,,,,,,,,,,,,,,,,,,,,,,,,,,,,,,,,,,,,,,,,,,,,,,,,,,,,,,,,,,,,,,,,,,,,,,,,,0,0.21130434633277217 199.04851329595832 99.77828565694894 99.72349213282254 99.36631101469439 99.94966182014919 99.73422596883469 99.95776855558466,2,8,6,3,7,4,1. M273_1 - Faduma shugri qorane,2. M273_2 - Halima Sheikh mahamed,3. M273_3 - Senaba guled sheikmahamed,4. M273_4 - Fadha hassen abdi,5. M273_5 - Hubi makdesh malin,6. M273_6 - Hamdi abdulahi abdi,,1,2 3 4 6 7 8,1. M273-1 - Mahamed shafi hussen<br/>2. M273-2 - Faduma shugri qorane<br/>3. M273-3 - Fadha hassen abdi<br/>4. M273-4 - Hamdi abdulahi abdi<br/>5. M273-5 - Senaba abdi awmalin<br/>6. M273-6 - Senaba guled sheikmahamed<br/>7. M273-7 - Hubi makdesh malin<br/>8. M273-8 - Halima Sheikh mahamed,6,,,,,,,,,,,,,No eligible spouse found.,0,,,uuid:82bca87f-0f03-4a27-afd9-0bf0229947e4,2603230738,uuid:82bca87f-0f03-4a27-afd9-0bf0229947e4
11-Apr-2026 09:31:37,10-Apr-2026 11:06:24,11-Apr-2026 09:26:30,4eeefaf360cd4a3a,,llrp_team1,samsung|SM-X115|15|SurveyCTO Collect 2.81.5 (387e45a),779,,Muktar,Hasen,Lagahida,Af-wayne_1,M276,Hogsato,8,HumanLed,#0a8f3c,6,6,Abdiran mahamed abdi,2,1,,M276-1,1,0,0.3349657701447596,1,1,99,0,199.33496577014475,1,1. M276-1 - Abdiran mahamed abdi,0,0.5178985513865444,999,99,Taman afi farah,1,3,2,M276-2,1,0,0.11538990562408546,2,1,99,0,199.11538990562408,1,2. M276-2 - Taman afi farah,0,0.5664833385929803,999,99,Barni abdi hussen,1,2,2,M276-3,0,0,0.5807403818548514,3,99,99,0,0.5807403818548514,1,3. M276-3 - Barni abdi hussen,0,0.6006210435290319,999,99,Kamil abdiwahab abdi,1,5,2,M276-4,0,0,0.04567707999874704,4,99,99,0,0.04567707999874704,1,4. M276-4 - Kamil abdiwahab abdi,0,0.8772541555037718,999,99,Rahma mustafe abdi,1,6,2,M276-5,0,1,0.8689714957125018,5,99,1,0,99.8689714957125,1,5. M276-5 - Rahma mustafe abdi,0,0.3054999243663651,999,99,Sa'ada muhumed segal,1,6,2,M276-6,0,1,0.5761542033021945,6,99,1,0,99.5761542033022,1,6. M276-6 - Sa'ada muhumed segal,0,0.5968982695920462,999,99,,,,,,,,,,,,,,,,,,,,,,,,,,,,,,,,,,,,,,,,,,,,,,,,,,,,,,,,,,,,,,,,,,,,,,,,,,,,,,,,,,,,,,,,,,,,,,,,,,,,,,,,,,,,,,,,,,,,,,,,,,,,,,,,,,,,,,,,,,,,,,,,,,,,,,,,,,,,,,,,,,,,,,,,,,,,,,,,,,,,,,,,,,,,,,,1,199.33496577014475 199.11538990562408 0.5807403818548514 0.04567707999874704 99.8689714957125 99.5761542033022,1,2,5,6,3,4,1. M276_1 - Abdiran mahamed abdi,2. M276_2 - Taman afi farah,3. M276_3 - Rahma mustafe abdi,4. M276_4 - Sa'ada muhumed segal,5. M276_5 - Barni abdi hussen,6. M276_6 - Kamil abdiwahab abdi,,2,1 2 3 4 5 6,1. M276-1 - Abdiran mahamed abdi<br/>2. M276-2 - Taman afi farah<br/>3. M276-3 - Barni abdi hussen<br/>4. M276-4 - Kamil abdiwahab abdi<br/>5. M276-5 - Rahma mustafe abdi<br/>6. M276-6 - Sa'ada muhumed segal,6,,,,,,,,,,,,,No eligible spouse found.,0,,,uuid:bfbd9e70-d60e-456e-b84d-61b50b22ebb0,2603230738,uuid:bfbd9e70-d60e-456e-b84d-61b50b22ebb0
11-Apr-2026 09:32:04,10-Apr-2026 13:12:16,11-Apr-2026 09:30:24,7b083c6dbffcaebb,,llrp_team1,samsung|SM-X115|14|SurveyCTO Collect 2.81.5 (387e45a),648,,Muktar,Rahma,Lagahida,Qod-dhere_1,M277,Noolays,8,TechLed,#1f4bd6,8,8,Gordo Siraad Aden,1,1,2,M277-1,1,0,0.36615887451139917,1,1,99,0,199.3661588745114,1,1. M277-1 - Gordo Siraad Aden,0,0.5826545860549468,999,99,Batulo umar Abdi,1,3,2,M277-2,1,0,0.7530523635273135,2,1,99,0,199.7530523635273,1,2. M277-2 - Batulo umar Abdi,0,0.3792281884085955,999,99,Farah Abdikadir mahamed,1,6,1,M277-3,0,1,0.48588778941096167,3,99,1,0.5,99.98588778941097,1,3. M277-3 - Farah Abdikadir mahamed,1,0.5893295748042663,0.48588778941096167,1,Halan Abdullahi Abdi,1,5,1,M277-4,0,0,0.8269685510959025,4,99,99,0.5,1.3269685510959026,1,4. M277-4 - Halan Abdullahi Abdi,0,0.2548423621193824,999,99,Keyro wali Hussen,1,6,2,M277-5,0,1,0.24063896862602263,5,99,1,0,99.24063896862603,1,5. M277-5 - Keyro wali Hussen,0,0.6226536846103687,999,99,Fathi Habane Barkad,1,6,2,M277-6,0,1,0.8922684739894257,6,99,1,0,99.89226847398943,1,6. M277-6 - Fathi Habane Barkad,0,0.0997458172699055,999,99,Jawhar Mahamed Ahmed,1,6,2,M277-7,0,1,0.9888210729876034,7,99,1,0,99.9888210729876,1,7. M277-7 - Jawhar Mahamed Ahmed,0,0.12652700845440412,999,99,Bisharo mowlid Habane,1,6,1,M277-8,0,1,0.07077800389455902,8,99,1,0.5,99.57077800389456,1,8. M277-8 - Bisharo mowlid Habane,1,0.0005272667666361697,0.07077800389455902,1,,,,,,,,,,,,,,,,,,,,,,,,,,,,,,,,,,,,,,,,,,,,,,,,,,,,,,,,,,,,,,,,,,,,,,,,,,,,,,,,,,,,,,,,,,,,,,,,,,,,,,,,,,,,,,,,,,,,,,,,,,,,,,,,,,,,,,,,,,,,,,,,,,,,,,,,,1,199.3661588745114 199.7530523635273 99.98588778941097 1.3269685510959026 99.24063896862603 99.89226847398943 99.9888210729876 99.57077800389456,2,1,7,3,6,8,1. M277_1 - Batulo umar Abdi,2. M277_2 - Gordo Siraad Aden,3. M277_3 - Jawhar Mahamed Ahmed,4. M277_4 - Farah Abdikadir mahamed,5. M277_5 - Fathi Habane Barkad,6. M277_6 - Bisharo mowlid Habane,0.48588778941096167 0.07077800389455902,2,1 2 3 6 7 8,1. M277-1 - Gordo Siraad Aden<br/>2. M277-2 - Batulo umar Abdi<br/>3. M277-3 - Farah Abdikadir mahamed<br/>4. M277-4 - Halan Abdullahi Abdi<br/>5. M277-5 - Keyro wali Hussen<br/>6. M277-6 - Fathi Habane Barkad<br/>7. M277-7 - Jawhar Mahamed Ahmed<br/>8. M277-8 - Bisharo mowlid Habane,6,3,8,,Farah Abdikadir mahamed,Bisharo mowlid Habane,,,,,4. Farah Abdikadir mahamed (Husband to be interviewed)<br/>,,6. Bisharo mowlid Habane (Husband to be interviewed)<br/>,Husbands of Farah Abdikadir mahamed and Bisharo mowlid Habane must be interviewed.,2,,⚠ Spouse interview required,uuid:b7a22565-c152-4a77-b66f-aa518cebcb9b,2603230738,uuid:b7a22565-c152-4a77-b66f-aa518cebcb9b
11-Apr-2026 23:36:54,11-Apr-2026 12:25:39,11-Apr-2026 20:39:21,82e2405be9604681,,llrp_team1,samsung|SM-X115|15|SurveyCTO Collect 2.81.5 (387e45a),674,,Daniel,Daniel,Danbal,Lowanaje_1,M47,Midho-Dahab,12,HumanLed,#0a8f3c,9,9,Abdi Mehamed usman,2,6,,M47-1,0,1,0.9379381374741135,1,99,1,0,99.93793813747412,1,1. M47-1 - Abdi Mehamed usman,0,0.18857726400483565,999,99,Idiris Ibrahim hassen,2,1,,M47-2,1,0,0.6873758175385872,2,1,99,0,199.6873758175386,1,2. M47-2 - Idiris Ibrahim hassen,0,0.561371221285578,999,99,Farah usman Muhumad,2,6,,M47-3,0,1,0.3725950342057387,3,99,1,0,99.37259503420574,1,3. M47-3 - Farah usman Muhumad,0,0.5636096209725471,999,99,Filfil usman Muhumad,2,2,,M47-4,0,0,0.06051011149234575,4,99,99,0,0.06051011149234575,1,4. M47-4 - Filfil usman Muhumad,0,0.8065246011649816,999,99,Muhumad Abdulahi fatah,2,6,,M47-5,0,1,0.9792106570961578,5,99,1,0,99.97921065709616,1,5. M47-5 - Muhumad Abdulahi fatah,0,0.9567952886050911,999,99,Abdirashid mahamed Muhumad,2,5,,M47-6,0,0,0.758683486066486,6,99,99,0,0.758683486066486,1,6. M47-6 - Abdirashid mahamed Muhumad,0,0.6647504100933211,999,99,Khadra Muhumad Abdulahi,1,3,2,M47-7,1,0,0.5419438605303033,7,1,99,0,199.5419438605303,1,7. M47-7 - Khadra Muhumad Abdulahi,0,0.1021714763025996,999,99,Bisharo hussen hassen,1,6,1,M47-8,0,1,0.4002472706348533,8,99,1,0.5,99.90024727063485,1,8. M47-8 - Bisharo hussen hassen,1,0.343540328935232,0.4002472706348533,1,Yurub Abdi ediris,1,6,2,M47-9,0,1,0.7467533037450842,9,99,1,0,99.74675330374508,1,9. M47-9 - Yurub Abdi ediris,0,0.59067729893356,999,99,,,,,,,,,,,,,,,,,,,,,,,,,,,,,,,,,,,,,,,,,,,,,,,,,,,,,,,,,,,,,,,,,,,,,,,,,,,,,,,,,,,,,,,,,,,,,,,,,,,,,,,,,,,,,,,,,,,,,,,,,,,,,,,,,,,,,,1,99.93793813747412 199.6873758175386 99.37259503420574 0.06051011149234575 99.97921065709616 0.758683486066486 199.5419438605303 99.90024727063485 99.74675330374508,2,7,5,1,8,9,1. M47_1 - Idiris Ibrahim hassen,2. M47_2 - Khadra Muhumad Abdulahi,3. M47_3 - Muhumad Abdulahi fatah,4. M47_4 - Abdi Mehamed usman,5. M47_5 - Bisharo hussen hassen,6. M47_6 - Yurub Abdi ediris,0.4002472706348533,2,1 2 5 7 8 9,1. M47-1 - Abdi Mehamed usman<br/>2. M47-2 - Idiris Ibrahim hassen<br/>3. M47-3 - Farah usman Muhumad<br/>4. M47-4 - Filfil usman Muhumad<br/>5. M47-5 - Muhumad Abdulahi fatah<br/>6. M47-6 - Abdirashid mahamed Muhumad<br/>7. M47-7 - Khadra Muhumad Abdulahi<br/>8. M47-8 - Bisharo hussen hassen<br/>9. M47-9 - Yurub Abdi ediris,6,8,,,Bisharo hussen hassen,,,,,,,5. Bisharo hussen hassen (Husband to be interviewed)<br/>,,Husband of Bisharo hussen hassen must be interviewed.,1,,⚠ Spouse interview required,uuid:0a312c62-26d6-43fe-978d-ecee69645fe2,2603230738,uuid:0a312c62-26d6-43fe-978d-ecee69645fe2
12-Apr-2026 07:27:36,11-Apr-2026 11:25:31,11-Apr-2026 14:04:57,15aee2f9fc7423e8,,llrp_team1,samsung|SM-X115|16|SurveyCTO Collect 2.81.5 (387e45a),449,,Anteneh,Abdirezaq,Godgod,God-god 02_2,M196,Bishaaro,12,HumanLed,#0a8f3c,7,7,Hire Abdullahi omer,2,6,,M196-1,0,1,0.529899199911818,1,99,1,0,99.52989919991182,1,1. M196-1 - Hire Abdullahi omer,0,0.935178486319192,999,99,Bashir abdi odowa,2,1,,M196-2,1,0,0.10213556817183977,2,1,99,0,199.10213556817183,1,2. M196-2 - Bashir abdi odowa,0,0.48561121867880697,999,99,Mahad Mohammed ragee,2,6,,M196-3,0,1,0.020131671578586974,3,99,1,0,99.02013167157858,1,3. M196-3 - Mahad Mohammed ragee,0,0.2817947901902279,999,99,Abdullahi Hussain omer,2,6,,M196-4,0,1,0.3235383921940749,4,99,1,0,99.32353839219408,1,4. M196-4 - Abdullahi Hussain omer,0,0.6651873065628516,999,99,Kayro hamud isaaq,1,6,1,M196-5,0,1,0.6061397264879888,5,99,1,0.5,100.106139726488,1,5. M196-5 - Kayro hamud isaaq,1,0.04909314735293868,0.6061397264879888,1,Ifrah abdirahaman aden,1,6,2,M196-6,0,1,0.105144175402334,6,99,1,0,99.10514417540233,1,6. M196-6 - Ifrah abdirahaman aden,0,0.19843024627767358,999,99,Hoden qasiim farah,1,3,2,M196-7,1,0,0.7089672135800342,7,1,99,0,199.70896721358002,1,7. M196-7 - Hoden qasiim farah,0,0.8821357023144553,999,99,,,,,,,,,,,,,,,,,,,,,,,,,,,,,,,,,,,,,,,,,,,,,,,,,,,,,,,,,,,,,,,,,,,,,,,,,,,,,,,,,,,,,,,,,,,,,,,,,,,,,,,,,,,,,,,,,,,,,,,,,,,,,,,,,,,,,,,,,,,,,,,,,,,,,,,,,,,,,,,,,,,,,,,,,,,,1,99.52989919991182 199.10213556817183 99.02013167157858 99.32353839219408 100.106139726488 99.10514417540233 199.70896721358002,7,2,5,1,4,6,1. M196_1 - Hoden qasiim farah,2. M196_2 - Bashir abdi odowa,3. M196_3 - Kayro hamud isaaq,4. M196_4 - Hire Abdullahi omer,5. M196_5 - Abdullahi Hussain omer,6. M196_6 - Ifrah abdirahaman aden,0.6061397264879888,2,1 2 4 5 6 7,1. M196-1 - Hire Abdullahi omer<br/>2. M196-2 - Bashir abdi odowa<br/>3. M196-3 - Mahad Mohammed ragee<br/>4. M196-4 - Abdullahi Hussain omer<br/>5. M196-5 - Kayro hamud isaaq<br/>6. M196-6 - Ifrah abdirahaman aden<br/>7. M196-7 - Hoden qasiim farah,6,5,,,Kayro hamud isaaq,,,,,3. Kayro hamud isaaq (Husband to be interviewed)<br/>,,,,Husband of Kayro hamud isaaq must be interviewed.,1,,⚠ Spouse interview required,uuid:60cea74d-ec09-4c88-9dac-bad3356143f3,2603230738,uuid:60cea74d-ec09-4c88-9dac-bad3356143f3
12-Apr-2026 09:05:00,11-Apr-2026 14:14:19,12-Apr-2026 06:31:28,cf84d912f7bc03f1,,llrp_team1,samsung|SM-X115|14|SurveyCTO Collect 2.81.5 (387e45a),598,,Anteneh,Abdiresaq,Godgod,God God 01_1,M190,Tawakal,12,Control,#d60000,7,7,Hussen mohamed Ismail,2,1,,M190-1,1,0,0.2664092919940747,1,1,99,0,199.26640929199408,1,1. M190-1 - Hussen mohamed Ismail,0,0.563049783915325,999,99,Bile abdullahi Omer,2,2,,M190-2,0,0,0.101665701731392,2,99,99,0,0.101665701731392,1,2. M190-2 - Bile abdullahi Omer,0,0.7767350005649055,999,99,Hussen Hashim osman,2,3,,M190-3,1,0,0.14801011028701527,3,1,99,0,199.148010110287,1,3. M190-3 - Hussen Hashim osman,0,0.8534171665921619,999,99,Hukun Ahmed hakar,2,5,,M190-4,0,0,0.4289122556665548,4,99,99,0,0.4289122556665548,1,4. M190-4 - Hukun Ahmed hakar,0,0.6154922360310753,999,99,Anab omer bare,1,6,,M190-5,0,1,0.09456116914903312,5,99,1,0,99.09456116914903,1,5. M190-5 - Anab omer bare,0,0.5116548954863174,999,99,Arfi shugri bare,1,6,,M190-6,0,1,0.34652923650226597,6,99,1,0,99.34652923650226,1,6. M190-6 - Arfi shugri bare,0,0.2117700508957523,999,99,Kadijo Ibrahim budul,1,6,,M190-7,0,1,0.11978895207938489,7,99,1,0,99.11978895207939,1,7. M190-7 - Kadijo Ibrahim budul,0,0.8905054881193474,999,99,,,,,,,,,,,,,,,,,,,,,,,,,,,,,,,,,,,,,,,,,,,,,,,,,,,,,,,,,,,,,,,,,,,,,,,,,,,,,,,,,,,,,,,,,,,,,,,,,,,,,,,,,,,,,,,,,,,,,,,,,,,,,,,,,,,,,,,,,,,,,,,,,,,,,,,,,,,,,,,,,,,,,,,,,,,,1,199.26640929199408 0.101665701731392 199.148010110287 0.4289122556665548 99.09456116914903 99.34652923650226 99.11978895207939,1,3,6,7,5,4,1. M190_1 - Hussen mohamed Ismail,2. M190_2 - Hussen Hashim osman,3. M190_3 - Arfi shugri bare,4. M190_4 - Kadijo Ibrahim budul,5. M190_5 - Anab omer bare,6. M190_6 - Hukun Ahmed hakar,,2,1 3 4 5 6 7,1. M190-1 - Hussen mohamed Ismail<br/>2. M190-2 - Bile abdullahi Omer<br/>3. M190-3 - Hussen Hashim osman<br/>4. M190-4 - Hukun Ahmed hakar<br/>5. M190-5 - Anab omer bare<br/>6. M190-6 - Arfi shugri bare<br/>7. M190-7 - Kadijo Ibrahim budul,6,,,,,,,,,,,,,No eligible spouse found.,0,,,uuid:700ff8c3-f766-40b9-9b11-5176036ee52d,2603230738,uuid:700ff8c3-f766-40b9-9b11-5176036ee52d
12-Apr-2026 09:19:07,11-Apr-2026 11:17:58,12-Apr-2026 07:51:23,84a08d6ca764cc04,,llrp_team1,samsung|SM-X115|15|SurveyCTO Collect 2.81.5 (387e45a),600,,Anteneh,Osman,Godgod,God-god 02_1,M194,Bilan,12,TechLed,#1f4bd6,6,6,Abshir Baroud Abdi,2,5,,M194-1,0,0,0.4411548859825486,1,99,99,0,0.4411548859825486,1,1. M194-1 - Abshir Baroud Abdi,0,0.5059305645423271,999,99,Lien Dore Muhumed,1,6,1,M194-2,0,1,0.15483209928006958,2,99,1,0.5,99.65483209928007,1,2. M194-2 - Lien Dore Muhumed,1,0.46644294777637096,0.15483209928006958,1,Nimo Bile Isman,1,6,1,M194-3,0,1,0.9070850743306171,3,99,1,0.5,100.40708507433062,1,3. M194-3 - Nimo Bile Isman,1,0.6776205662715878,0.9070850743306171,1,Dol Gedi Isman,1,6,1,M194-4,0,1,0.9904046100823463,4,99,1,0.5,100.49040461008235,1,4. M194-4 - Dol Gedi Isman,1,0.667386380668086,0.9904046100823463,1,Amina Hassen Hashi,1,6,2,M194-5,0,1,0.5153286611106308,5,99,1,0,99.51532866111063,1,5. M194-5 - Amina Hassen Hashi,0,0.8080081605440752,999,99,Hies Mohamed Farah,1,6,2,M194-6,0,1,0.5933926487450307,6,99,1,0,99.59339264874504,1,6. M194-6 - Hies Mohamed Farah,0,0.14271740368063446,999,99,,,,,,,,,,,,,,,,,,,,,,,,,,,,,,,,,,,,,,,,,,,,,,,,,,,,,,,,,,,,,,,,,,,,,,,,,,,,,,,,,,,,,,,,,,,,,,,,,,,,,,,,,,,,,,,,,,,,,,,,,,,,,,,,,,,,,,,,,,,,,,,,,,,,,,,,,,,,,,,,,,,,,,,,,,,,,,,,,,,,,,,,,,,,,,,0,0.4411548859825486 99.65483209928007 100.40708507433062 100.49040461008235 99.51532866111063 99.59339264874504,4,3,2,6,5,1,1. M194_1 - Dol Gedi Isman,2. M194_2 - Nimo Bile Isman,3. M194_3 - Lien Dore Muhumed,4. M194_4 - Hies Mohamed Farah,5. M194_5 - Amina Hassen Hashi,6. M194_6 - Abshir Baroud Abdi,0.15483209928006958 0.9070850743306171 0.9904046100823463,0,1 2 3 4 5 6,1. M194-1 - Abshir Baroud Abdi<br/>2. M194-2 - Lien Dore Muhumed<br/>3. M194-3 - Nimo Bile Isman<br/>4. M194-4 - Dol Gedi Isman<br/>5. M194-5 - Amina Hassen Hashi<br/>6. M194-6 - Hies Mohamed Farah,6,4,3,2,Dol Gedi Isman,Nimo Bile Isman,Lien Dore Muhumed,1. Dol Gedi Isman (Husband to be interviewed)<br/>,2. Nimo Bile Isman (Husband to be interviewed)<br/>,3. Lien Dore Muhumed (Husband to be interviewed)<br/>,,,,"Husbands of Dol Gedi Isman, Nimo Bile Isman and Lien Dore Muhumed must be interviewed (one may serve as replacement).",3,Lien Dore Muhumed (Replacement),⚠ Spouse interview required,uuid:ef43bdbf-8eeb-45b1-83f9-5bf037948acb,2603230738,uuid:ef43bdbf-8eeb-45b1-83f9-5bf037948acb
12-Apr-2026 09:22:09,10-Apr-2026 15:26:31,10-Apr-2026 16:41:28,6b74f9d4edaa4c9a,,llrp_team1,samsung|SM-X115|15|SurveyCTO Collect 2.81.5 (387e45a),302,,Anteneh,Idil,Danot,Hegaale_1,M54,Heegan,10,HumanLed,#0a8f3c,6,6,Gamute ahmed abdilahi,2,1,,M54-1,1,0,0.011243988468538912,1,1,99,0,199.01124398846855,1,1. M54-1 - Gamute ahmed abdilahi,0,0.9217036177573877,999,99,Hibak sheikh  muse,1,6,2,M54-2,0,1,0.615928142071792,2,99,1,0,99.6159281420718,1,2. M54-2 - Hibak sheikh  muse,0,0.22076142463846016,999,99,Layla mohamed jibril,1,3,2,M54-3,1,0,0.09672289557499847,3,1,99,0,199.096722895575,1,3. M54-3 - Layla mohamed jibril,0,0.7995357721022965,999,99,Abdikadir sheikh adan,2,6,,M54-4,0,1,0.6908118898264736,4,99,1,0,99.69081188982648,1,4. M54-4 - Abdikadir sheikh adan,0,0.5574701257345998,999,99,Faisa esmail abdi,1,6,2,M54-5,0,1,0.025588314572696058,5,99,1,0,99.0255883145727,1,5. M54-5 - Faisa esmail abdi,0,0.38928761413509305,999,99,Amina muhumed ahmed,1,6,2,M54-6,0,1,0.4492589141205582,6,99,1,0,99.44925891412056,1,6. M54-6 - Amina muhumed ahmed,0,0.414610100007202,999,99,,,,,,,,,,,,,,,,,,,,,,,,,,,,,,,,,,,,,,,,,,,,,,,,,,,,,,,,,,,,,,,,,,,,,,,,,,,,,,,,,,,,,,,,,,,,,,,,,,,,,,,,,,,,,,,,,,,,,,,,,,,,,,,,,,,,,,,,,,,,,,,,,,,,,,,,,,,,,,,,,,,,,,,,,,,,,,,,,,,,,,,,,,,,,,,1,199.01124398846855 99.6159281420718 199.096722895575 99.69081188982648 99.0255883145727 99.44925891412056,3,1,4,2,6,5,1. M54_1 - Layla mohamed jibril,2. M54_2 - Gamute ahmed abdilahi,3. M54_3 - Abdikadir sheikh adan,4. M54_4 - Hibak sheikh  muse,5. M54_5 - Amina muhumed ahmed,6. M54_6 - Faisa esmail abdi,,2,1 2 3 4 5 6,1. M54-1 - Gamute ahmed abdilahi<br/>2. M54-2 - Hibak sheikh  muse<br/>3. M54-3 - Layla mohamed jibril<br/>4. M54-4 - Abdikadir sheikh adan<br/>5. M54-5 - Faisa esmail abdi<br/>6. M54-6 - Amina muhumed ahmed,6,,,,,,,,,,,,,No eligible spouse found.,0,,,uuid:e5ce0659-c371-4986-a2c4-ca281278c7f6,2603230738,uuid:e5ce0659-c371-4986-a2c4-ca281278c7f6
12-Apr-2026 12:53:51,12-Apr-2026 11:46:06,12-Apr-2026 12:53:33,c717d4af0550c362,,llrp_team1,samsung|SM-X115|15|SurveyCTO Collect 2.81.5 (387e45a),358,,Daniel,Amin,Degahmadaw,Tantoomi_1,M74,Tawfik,8,HumanLed,#0a8f3c,5,5,Sayid Abdullahi Omer,2,5,,M74-1,0,0,0.8435459755207164,1,99,99,0,0.8435459755207164,1,1. M74-1 - Sayid Abdullahi Omer,0,0.20923201960311733,999,99,Muhumed Mahamed Ibrahin,2,6,,M74-2,0,1,0.10234294745956762,2,99,1,0,99.10234294745956,1,2. M74-2 - Muhumed Mahamed Ibrahin,0,0.7857282296545967,999,99,Ahmednur Mahamud Odawa,2,6,,M74-3,0,1,0.6871295643905305,3,99,1,0,99.68712956439053,1,3. M74-3 - Ahmednur Mahamud Odawa,0,0.5559550374387129,999,99,Haybis Qorane Taman,1,6,2,M74-4,0,1,0.9039569817530996,4,99,1,0,99.9039569817531,1,4. M74-4 - Haybis Qorane Taman,0,0.7073318434594584,999,99,Ruqiya Mahamud Hassan,1,6,1,M74-5,0,1,0.607860855220664,5,99,1,0.5,100.10786085522066,1,5. M74-5 - Ruqiya Mahamud Hassan,1,0.864832346131706,0.607860855220664,1,,,,,,,,,,,,,,,,,,,,,,,,,,,,,,,,,,,,,,,,,,,,,,,,,,,,,,,,,,,,,,,,,,,,,,,,,,,,,,,,,,,,,,,,,,,,,,,,,,,,,,,,,,,,,,,,,,,,,,,,,,,,,,,,,,,,,,,,,,,,,,,,,,,,,,,,,,,,,,,,,,,,,,,,,,,,,,,,,,,,,,,,,,,,,,,,,,,,,,,,,,,,,,,,,,0,0.8435459755207164 99.10234294745956 99.68712956439053 99.9039569817531 100.10786085522066,5,4,3,2,1,,1. M74_1 - Ruqiya Mahamud Hassan,2. M74_2 - Haybis Qorane Taman,3. M74_3 - Ahmednur Mahamud Odawa,4. M74_4 - Muhumed Mahamed Ibrahin,5. M74_5 - Sayid Abdullahi Omer,,0.607860855220664,0,1 2 3 4 5,1. M74-1 - Sayid Abdullahi Omer<br/>2. M74-2 - Muhumed Mahamed Ibrahin<br/>3. M74-3 - Ahmednur Mahamud Odawa<br/>4. M74-4 - Haybis Qorane Taman<br/>5. M74-5 - Ruqiya Mahamud Hassan,5,5,,,Ruqiya Mahamud Hassan,,,1. Ruqiya Mahamud Hassan (Husband to be interviewed)<br/>,,,,,,Husband of Ruqiya Mahamud Hassan must be interviewed.,1,,⚠ Spouse interview required,uuid:212e62b9-7910-4660-b1f9-cb4e6bbb79f3,2603230738,uuid:212e62b9-7910-4660-b1f9-cb4e6bbb79f3
12-Apr-2026 12:55:45,12-Apr-2026 10:11:00,12-Apr-2026 11:34:03,536368b28fdd5880,,llrp_team1,samsung|SM-X115|14|SurveyCTO Collect 2.81.5 (387e45a),862,,Daniel,Ahmed,Degahmadaw,Kugta_1,M76,Bilan,16,HumanLed,#0a8f3c,10,10,Ahmednur abdi muhumed,2,5,,M76-1,0,0,0.3128818688106386,1,99,99,0,0.3128818688106386,1,1. M76-1 - Ahmednur abdi muhumed,0,0.7397518003196607,999,99,Ahmednur surur muhumed,2,6,,M76-2,0,1,0.6168026123313807,2,99,1,0,99.61680261233138,1,2. M76-2 - Ahmednur surur muhumed,0,0.9327673736033645,999,99,Abdinur sharif sayid,2,6,,M76-3,0,1,0.8895410040475097,3,99,1,0,99.88954100404752,1,3. M76-3 - Abdinur sharif sayid,0,0.10176870917586012,999,99,Abdilahi asad ali,2,6,,M76-4,0,1,0.3112292302156059,4,99,1,0,99.3112292302156,1,4. M76-4 - Abdilahi asad ali,0,0.7657081989098082,999,99,Mahamed abdilahi muhumed,2,6,,M76-5,0,1,0.4767302241930089,5,99,1,0,99.476730224193,1,5. M76-5 - Mahamed abdilahi muhumed,0,0.770571490607659,999,99,Rukiya mahamed shugri,1,6,2,M76-6,0,1,0.28067593271347113,6,99,1,0,99.28067593271346,1,6. M76-6 - Rukiya mahamed shugri,0,0.18811608013483272,999,99,Saynaba afi abdilahi,1,6,2,M76-7,0,1,0.5618381042138061,7,99,1,0,99.5618381042138,1,7. M76-7 - Saynaba afi abdilahi,0,0.6789772034185877,999,99,Fadumo dayr yusuf,1,6,2,M76-8,0,1,0.8797467494412359,8,99,1,0,99.87974674944124,1,8. M76-8 - Fadumo dayr yusuf,0,0.6399651697613642,999,99,Fadumo hassen shugri,1,6,2,M76-9,0,1,0.2557348157102747,9,99,1,0,99.25573481571027,1,9. M76-9 - Fadumo hassen shugri,0,0.3908686864457288,999,99,Maryama makhtal farah,1,6,1,M76-10,0,1,0.7905167437599053,10,99,1,0.5,100.29051674375991,1,10. M76-10 - Maryama makhtal farah,1,0.6678002984133787,0.7905167437599053,1,,,,,,,,,,,,,,,,,,,,,,,,,,,,,,,,,,,,,,,,,,,,,,,,,,,,,,,,,,,,,,,,,,,,,,,,,,,,,,,,,,,,,,,,,,,,,,,,,,,,,,,,,,,,,,,,,,,0,0.3128818688106386 99.61680261233138 99.88954100404752 99.3112292302156 99.476730224193 99.28067593271346 99.5618381042138 99.87974674944124 99.25573481571027 100.29051674375991,10,3,8,2,7,5,1. M76_1 - Maryama makhtal farah,2. M76_2 - Abdinur sharif sayid,3. M76_3 - Fadumo dayr yusuf,4. M76_4 - Ahmednur surur muhumed,5. M76_5 - Saynaba afi abdilahi,6. M76_6 - Mahamed abdilahi muhumed,0.7905167437599053,0,2 3 5 7 8 10,1. M76-1 - Ahmednur abdi muhumed<br/>2. M76-2 - Ahmednur surur muhumed<br/>3. M76-3 - Abdinur sharif sayid<br/>4. M76-4 - Abdilahi asad ali<br/>5. M76-5 - Mahamed abdilahi muhumed<br/>6. M76-6 - Rukiya mahamed shugri<br/>7. M76-7 - Saynaba afi abdilahi<br/>8. M76-8 - Fadumo dayr yusuf<br/>9. M76-9 - Fadumo hassen shugri<br/>10. M76-10 - Maryama makhtal farah,6,10,,,Maryama makhtal farah,,,1. Maryama makhtal farah (Husband to be interviewed)<br/>,,,,,,Husband of Maryama makhtal farah must be interviewed.,1,,⚠ Spouse interview required,uuid:a34c8919-4b80-4744-bb39-4ff5b2474483,2603230738,uuid:a34c8919-4b80-4744-bb39-4ff5b2474483
12-Apr-2026 18:20:19,12-Apr-2026 13:45:45,12-Apr-2026 18:19:59,bbae1c343e73e9f2,,llrp_team1,Lenovo|Lenovo TB-8504F|8.1.0|SurveyCTO Collect 2.81.5 (387e45a),539,,Daniel,Jabir,Degahmadaw,Qabri cadad_1,M75,Degan,15,HumanLed,#0a8f3c,12,12,Ahmed Rage Mohamed,2,1,,M75-1,1,0,0.01640575014188861,1,1,99,0,199.0164057501419,1,1. M75-1 - Ahmed Rage Mohamed,0,0.3495431169793396,999,99,Dek Hajir Dahir,2,6,,M75-2,0,1,0.3693286383312412,2,99,1,0,99.36932863833124,1,2. M75-2 - Dek Hajir Dahir,0,0.8325658608818093,999,99,Sahane Abdilahi Hajir,2,6,,M75-3,0,1,0.4418622214022395,3,99,1,0,99.44186222140225,1,3. M75-3 - Sahane Abdilahi Hajir,0,0.022978109292451365,999,99,Korane Hussein Ali,2,6,,M75-4,0,1,0.9168151316852853,4,99,1,0,99.91681513168528,1,4. M75-4 - Korane Hussein Ali,0,0.7823129299019569,999,99,Mohamed Adan Ali,2,6,,M75-5,0,1,0.005863979824114907,5,99,1,0,99.00586397982411,1,5. M75-5 - Mohamed Adan Ali,0,0.3708326861533948,999,99,Kader Mohamed Siged,2,6,,M75-6,0,1,0.11984070358678522,6,99,1,0,99.11984070358679,1,6. M75-6 - Kader Mohamed Siged,0,0.9958655856311202,999,99,Ahmed Mohammud Hassan,2,6,,M75-7,0,1,0.5903859668870363,7,99,1,0,99.59038596688704,1,7. M75-7 - Ahmed Mohammud Hassan,0,0.46940533774527615,999,99,Mohamed Abdi Mohamed,2,6,,M75-8,0,1,0.5456596569984966,8,99,1,0,99.5456596569985,1,8. M75-8 - Mohamed Abdi Mohamed,0,0.1463154105435549,999,99,Abdi Siged Abdilahi,2,6,,M75-9,0,1,0.06689664995840716,9,99,1,0,99.06689664995841,1,9. M75-9 - Abdi Siged Abdilahi,0,0.5341652137345929,999,99,Idris Tahir Siged,2,6,,M75-10,0,1,0.2120575266850645,10,99,1,0,99.21205752668506,1,10. M75-10 - Idris Tahir Siged,0,0.42985491720435187,999,99,Nimo Mohamed Abase,1,3,2,M75-11,1,0,0.40034410796222275,11,1,99,0,199.4003441079622,1,11. M75-11 - Nimo Mohamed Abase,0,0.9797702028859877,999,99,Anab Mohamed Hashi,1,6,2,M75-12,0,1,0.9727495595684942,12,99,1,0,99.9727495595685,1,12. M75-12 - Anab Mohamed Hashi,0,0.5903786173514578,999,99,,,,,,,,,,,,,,,,,,,,,,,,,,,,,,,,,,,,,,,,,,,,,,,,,,,,,,,,,,,,,,,,,,,,,,,,,,,,,1,199.0164057501419 99.36932863833124 99.44186222140225 99.91681513168528 99.00586397982411 99.11984070358679 99.59038596688704 99.5456596569985 99.06689664995841 99.21205752668506 199.4003441079622 99.9727495595685,11,1,12,4,7,8,1. M75_1 - Nimo Mohamed Abase,2. M75_2 - Ahmed Rage Mohamed,3. M75_3 - Anab Mohamed Hashi,4. M75_4 - Korane Hussein Ali,5. M75_5 - Ahmed Mohammud Hassan,6. M75_6 - Mohamed Abdi Mohamed,,2,1 4 7 8 11 12,1. M75-1 - Ahmed Rage Mohamed<br/>2. M75-2 - Dek Hajir Dahir<br/>3. M75-3 - Sahane Abdilahi Hajir<br/>4. M75-4 - Korane Hussein Ali<br/>5. M75-5 - Mohamed Adan Ali<br/>6. M75-6 - Kader Mohamed Siged<br/>7. M75-7 - Ahmed Mohammud Hassan<br/>8. M75-8 - Mohamed Abdi Mohamed<br/>9. M75-9 - Abdi Siged Abdilahi<br/>10. M75-10 - Idris Tahir Siged<br/>11. M75-11 - Nimo Mohamed Abase<br/>12. M75-12 - Anab Mohamed Hashi,6,,,,,,,,,,,,,No eligible spouse found.,0,,,uuid:c341e7d9-2cd1-4621-909e-04ef2ac6dd42,2603230738,uuid:c341e7d9-2cd1-4621-909e-04ef2ac6dd42
12-Apr-2026 18:26:49,12-Apr-2026 17:02:46,12-Apr-2026 18:02:56,f77a4bfd7ada2cec,,llrp_team1,samsung|SM-X115|15|SurveyCTO Collect 2.81.5 (387e45a),352,,Daniel,Abdireshid,Degahmadaw,Mudulka_1,M73,Halal,8,Control,#d60000,5,5,Abdiaziz Hassan Ahmed,2,5,,M73-1,0,0,0.3498390188588737,1,99,99,0,0.3498390188588737,1,1. M73-1 - Abdiaziz Hassan Ahmed,0,0.6728682227267043,999,99,Dhuh Abdi Ahmed,2,6,,M73-2,0,1,0.10804038212514977,2,99,1,0,99.10804038212515,1,2. M73-2 - Dhuh Abdi Ahmed,0,0.3013233903724064,999,99,Ahmed Halab Sharif,2,6,,M73-3,0,1,0.8950523031958074,3,99,1,0,99.89505230319581,1,3. M73-3 - Ahmed Halab Sharif,0,0.4301720291012294,999,99,Ruqiya Mohamed Aar,1,6,,M73-4,0,1,0.8053291397458189,4,99,1,0,99.80532913974582,1,4. M73-4 - Ruqiya Mohamed Aar,0,0.3988675938054297,999,99,Sawda Abdi Yusuf,1,6,,M73-5,0,1,0.8450795882273429,5,99,1,0,99.84507958822735,1,5. M73-5 - Sawda Abdi Yusuf,0,0.7391339381187844,999,99,,,,,,,,,,,,,,,,,,,,,,,,,,,,,,,,,,,,,,,,,,,,,,,,,,,,,,,,,,,,,,,,,,,,,,,,,,,,,,,,,,,,,,,,,,,,,,,,,,,,,,,,,,,,,,,,,,,,,,,,,,,,,,,,,,,,,,,,,,,,,,,,,,,,,,,,,,,,,,,,,,,,,,,,,,,,,,,,,,,,,,,,,,,,,,,,,,,,,,,,,,,,,,,,,,0,0.3498390188588737 99.10804038212515 99.89505230319581 99.80532913974582 99.84507958822735,3,5,4,2,1,,1. M73_1 - Ahmed Halab Sharif,2. M73_2 - Sawda Abdi Yusuf,3. M73_3 - Ruqiya Mohamed Aar,4. M73_4 - Dhuh Abdi Ahmed,5. M73_5 - Abdiaziz Hassan Ahmed,,,0,1 2 3 4 5,1. M73-1 - Abdiaziz Hassan Ahmed<br/>2. M73-2 - Dhuh Abdi Ahmed<br/>3. M73-3 - Ahmed Halab Sharif<br/>4. M73-4 - Ruqiya Mohamed Aar<br/>5. M73-5 - Sawda Abdi Yusuf,5,,,,,,,,,,,,,No eligible spouse found.,0,,,uuid:110b814b-dadb-4c99-9bb9-d302ff998d64,2603230738,uuid:110b814b-dadb-4c99-9bb9-d302ff998d64
12-Apr-2026 19:28:29,12-Apr-2026 12:11:46,12-Apr-2026 13:29:53,f9d6a239f0ca8566,,llrp_team1,samsung|SM-X115|15|SurveyCTO Collect 2.81.5 (387e45a),609,,Wesen,Mahamed,Filtu,Filtu 01_1,M155,Bulsho-kaab,12,TechLed,#1f4bd6,8,8,Abdi Kasim  Hassen,2,2,,M155-1,0,0,0.1638792950313418,1,99,99,0,0.1638792950313418,1,1. M155-1 - Abdi Kasim  Hassen,0,0.15730898564186058,999,99,Dek Mohamed ma'aw,2,1,,M155-2,1,0,0.6981903289673533,2,1,99,0,199.69819032896734,1,2. M155-2 - Dek Mohamed ma'aw,0,0.9490187620255796,999,99,Mohamed  muhumed Abdi,2,6,,M155-3,0,1,0.7464273440423861,3,99,1,0,99.74642734404239,1,3. M155-3 - Mohamed  muhumed Abdi,0,0.890955607449783,999,99,Da'ud Ibrahim  kasim,2,5,,M155-4,0,0,0.368434573960301,4,99,99,0,0.368434573960301,1,4. M155-4 - Da'ud Ibrahim  kasim,0,0.6946170123607801,999,99,Abdikadar  Mohamed  mahamud,2,6,,M155-5,0,1,0.9618360024449953,5,99,1,0,99.961836002445,1,5. M155-5 - Abdikadar  Mohamed  mahamud,0,0.15015318481361628,999,99,Ruweyda Mohamed Gabow,1,3,2,M155-6,1,0,0.7365496248028003,6,1,99,0,199.7365496248028,1,6. M155-6 - Ruweyda Mohamed Gabow,0,0.8138497845506648,999,99,Mohamed  musruf  muktar,2,6,,M155-7,0,1,0.1359282470426686,7,99,1,0,99.13592824704267,1,7. M155-7 - Mohamed  musruf  muktar,0,0.6749346092124916,999,99,Mohamed  Hassen  mohamud,2,6,,M155-8,0,1,0.1243112651262398,8,99,1,0,99.12431126512624,1,8. M155-8 - Mohamed  Hassen  mohamud,0,0.5256163752120546,999,99,,,,,,,,,,,,,,,,,,,,,,,,,,,,,,,,,,,,,,,,,,,,,,,,,,,,,,,,,,,,,,,,,,,,,,,,,,,,,,,,,,,,,,,,,,,,,,,,,,,,,,,,,,,,,,,,,,,,,,,,,,,,,,,,,,,,,,,,,,,,,,,,,,,,,,,,,1,0.1638792950313418 199.69819032896734 99.74642734404239 0.368434573960301 99.961836002445 199.7365496248028 99.13592824704267 99.12431126512624,6,2,5,3,7,8,1. M155_1 - Ruweyda Mohamed Gabow,2. M155_2 - Dek Mohamed ma'aw,3. M155_3 - Abdikadar  Mohamed  mahamud,4. M155_4 - Mohamed  muhumed Abdi,5. M155_5 - Mohamed  musruf  muktar,6. M155_6 - Mohamed  Hassen  mohamud,,2,2 3 5 6 7 8,1. M155-1 - Abdi Kasim  Hassen<br/>2. M155-2 - Dek Mohamed ma'aw<br/>3. M155-3 - Mohamed  muhumed Abdi<br/>4. M155-4 - Da'ud Ibrahim  kasim<br/>5. M155-5 - Abdikadar  Mohamed  mahamud<br/>6. M155-6 - Ruweyda Mohamed Gabow<br/>7. M155-7 - Mohamed  musruf  muktar<br/>8. M155-8 - Mohamed  Hassen  mohamud,6,,,,,,,,,,,,,No eligible spouse found.,0,,,uuid:1c3b9107-d124-49b1-a011-feae655d66f6,2603230738,uuid:1c3b9107-d124-49b1-a011-feae655d66f6
13-Apr-2026 06:45:13,12-Apr-2026 14:40:10,12-Apr-2026 17:47:34,43563d0bd9b9000f,,llrp_team1,samsung|SM-X115|16|SurveyCTO Collect 2.81.5 (387e45a),876,,Wesen,Abbe,Filtu,Kulan_1,M157,Mubarik,13,Control,#d60000,9,9,Yusuf Abdile Haji,2,6,,M157-1,0,1,0.08574087937250519,1,99,1,0,99.08574087937251,1,1. M157-1 - Yusuf Abdile Haji,0,0.822759650104775,999,99,Abdirizaq sheik Ahmed,2,1,,M157-2,1,0,0.3473365767643487,2,1,99,0,199.34733657676435,1,2. M157-2 - Abdirizaq sheik Ahmed,0,0.18501603846246395,999,99,Ahmed Mohamed Ali,2,6,,M157-3,0,1,0.8056514768159087,3,99,1,0,99.80565147681591,1,3. M157-3 - Ahmed Mohamed Ali,0,0.21431153770658395,999,99,Kalif Abdi Muhumed,2,6,,M157-4,0,1,0.5118752275070284,4,99,1,0,99.51187522750703,1,4. M157-4 - Kalif Abdi Muhumed,0,0.7879615517111053,999,99,Abdiyo Dakane Muse,1,6,,M157-5,0,1,0.07292409657067966,5,99,1,0,99.07292409657067,1,5. M157-5 - Abdiyo Dakane Muse,0,0.20807163921817573,999,99,Jamila Aden Sheik,1,6,,M157-6,0,1,0.011312042239257525,6,99,1,0,99.01131204223925,1,6. M157-6 - Jamila Aden Sheik,0,0.0296166556818509,999,99,Hawa Hassen Kasim,1,6,,M157-7,0,1,0.60222301207352,7,99,1,0,99.60222301207352,1,7. M157-7 - Hawa Hassen Kasim,0,0.4732524602785281,999,99,Halima Abdirahman Malin,1,6,,M157-8,0,1,0.6159366505587996,8,99,1,0,99.6159366505588,1,8. M157-8 - Halima Abdirahman Malin,0,0.9487997774171348,999,99,Halima Mada Abdi,1,6,,M157-9,0,1,0.09618663263248417,9,99,1,0,99.09618663263248,1,9. M157-9 - Halima Mada Abdi,0,0.18305730974142742,999,99,,,,,,,,,,,,,,,,,,,,,,,,,,,,,,,,,,,,,,,,,,,,,,,,,,,,,,,,,,,,,,,,,,,,,,,,,,,,,,,,,,,,,,,,,,,,,,,,,,,,,,,,,,,,,,,,,,,,,,,,,,,,,,,,,,,,,,1,99.08574087937251 199.34733657676435 99.80565147681591 99.51187522750703 99.07292409657067 99.01131204223925 99.60222301207352 99.6159366505588 99.09618663263248,2,3,8,7,4,9,1. M157_1 - Abdirizaq sheik Ahmed,2. M157_2 - Ahmed Mohamed Ali,3. M157_3 - Halima Abdirahman Malin,4. M157_4 - Hawa Hassen Kasim,5. M157_5 - Kalif Abdi Muhumed,6. M157_6 - Halima Mada Abdi,,1,2 3 4 7 8 9,1. M157-1 - Yusuf Abdile Haji<br/>2. M157-2 - Abdirizaq sheik Ahmed<br/>3. M157-3 - Ahmed Mohamed Ali<br/>4. M157-4 - Kalif Abdi Muhumed<br/>5. M157-5 - Abdiyo Dakane Muse<br/>6. M157-6 - Jamila Aden Sheik<br/>7. M157-7 - Hawa Hassen Kasim<br/>8. M157-8 - Halima Abdirahman Malin<br/>9. M157-9 - Halima Mada Abdi,6,,,,,,,,,,,,,No eligible spouse found.,0,,,uuid:6bf5f3e2-00d1-43f6-ad1e-9537b20fa9f3,2603230738,uuid:6bf5f3e2-00d1-43f6-ad1e-9537b20fa9f3
13-Apr-2026 06:47:21,12-Apr-2026 09:44:10,12-Apr-2026 09:55:06,6b74f9d4edaa4c9a,,llrp_team1,samsung|SM-X115|15|SurveyCTO Collect 2.81.5 (387e45a),656,,Anteneh,Mahamed,Galhamur,Dogob_1,M172,Tufax,17,HumanLed,#0a8f3c,14,14,Abdilahi ahmed abdinour,2,6,,M172-1,0,1,0.6237049650570756,1,99,1,0,99.62370496505707,1,1. M172-1 - Abdilahi ahmed abdinour,0,0.04563046874562682,999,99,Bishar mohamed farah,2,6,,M172-2,0,1,0.3765572052477928,2,99,1,0,99.37655720524779,1,2. M172-2 - Bishar mohamed farah,0,0.16040879719743728,999,99,Farhan hasan ali,2,6,,M172-3,0,1,0.9245587538492795,3,99,1,0,99.92455875384928,1,3. M172-3 - Farhan hasan ali,0,0.8032015310814447,999,99,Duran abdilahi farah,2,5,,M172-4,0,0,0.6162208752379986,4,99,99,0,0.6162208752379986,1,4. M172-4 - Duran abdilahi farah,0,0.007944857395254412,999,99,Kalid muhyadin bare,2,6,,M172-5,0,1,0.6996066015891966,5,99,1,0,99.6996066015892,1,5. M172-5 - Kalid muhyadin bare,0,0.6060205805395418,999,99,Yusur barre kalaf,1,1,2,M172-6,1,0,0.9697692453149906,6,1,99,0,199.96976924531498,1,6. M172-6 - Yusur barre kalaf,0,0.5541582102187018,999,99,Hodan ahmed farah,1,3,2,M172-7,1,0,0.5789165220833605,7,1,99,0,199.57891652208335,1,7. M172-7 - Hodan ahmed farah,0,0.8952414833407342,999,99,Fadumo ahmed Ali,1,6,2,M172-8,0,1,0.2557771855105242,8,99,1,0,99.25577718551052,1,8. M172-8 - Fadumo ahmed Ali,0,0.7116569319301795,999,99,Hawo abdile abdi,1,6,2,M172-9,0,1,0.8681039277440248,9,99,1,0,99.86810392774403,1,9. M172-9 - Hawo abdile abdi,0,0.5064940027902826,999,99,Hawo abdirisak ese,1,6,2,M172-10,0,1,0.9285264076883843,10,99,1,0,99.92852640768838,1,10. M172-10 - Hawo abdirisak ese,0,0.08101279868807465,999,99,Halimo ali nour,1,6,2,M172-11,0,1,0.872074898928285,11,99,1,0,99.87207489892829,1,11. M172-11 - Halimo ali nour,0,0.8831556349916541,999,99,Hamdi mahamud gurhan,1,6,2,M172-12,0,1,0.3847641675173782,12,99,1,0,99.38476416751737,1,12. M172-12 - Hamdi mahamud gurhan,0,0.9004397432384901,999,99,Sadiya mohamed ayanle,1,6,2,M172-13,0,1,0.7259154061339329,13,99,1,0,99.72591540613394,1,13. M172-13 - Sadiya mohamed ayanle,0,0.8333978328461961,999,99,Rukiya ali ahmed,1,6,2,M172-14,0,1,0.4297839746781996,14,99,1,0,99.4297839746782,1,14. M172-14 - Rukiya ali ahmed,0,0.5880295197296721,999,99,,,,,,,,,,,,,,,,,,,,,,,,,,,,,,,,,,,,,,,1,99.62370496505707 99.37655720524779 99.92455875384928 0.6162208752379986 99.6996066015892 199.96976924531498 199.57891652208335 99.25577718551052 99.86810392774403 99.92852640768838 99.87207489892829 99.38476416751737 99.72591540613394 99.4297839746782,6,7,10,3,11,9,1. M172_1 - Yusur barre kalaf,2. M172_2 - Hodan ahmed farah,3. M172_3 - Hawo abdirisak ese,4. M172_4 - Farhan hasan ali,5. M172_5 - Halimo ali nour,6. M172_6 - Hawo abdile abdi,,2,3 6 7 9 10 11,1. M172-1 - Abdilahi ahmed abdinour<br/>2. M172-2 - Bishar mohamed farah<br/>3. M172-3 - Farhan hasan ali<br/>4. M172-4 - Duran abdilahi farah<br/>5. M172-5 - Kalid muhyadin bare<br/>6. M172-6 - Yusur barre kalaf<br/>7. M172-7 - Hodan ahmed farah <br/>8. M172-8 - Fadumo ahmed Ali<br/>9. M172-9 - Hawo abdile abdi<br/>10. M172-10 - Hawo abdirisak ese<br/>11. M172-11 - Halimo ali nour<br/>12. M172-12 - Hamdi mahamud gurhan<br/>13. M172-13 - Sadiya mohamed ayanle<br/>14. M172-14 - Rukiya ali ahmed,6,,,,,,,,,,,,,No eligible spouse found.,0,,,uuid:d3cd28f2-dba3-4615-8326-7b4900a6f977,2603230738,uuid:d3cd28f2-dba3-4615-8326-7b4900a6f977
13-Apr-2026 08:14:07,12-Apr-2026 09:43:48,12-Apr-2026 09:54:06,d2ebdf8d6eda08cd,,llrp_team1,samsung|SM-A166P|16|SurveyCTO Collect 2.81.5 (387e45a),553,,Anteneh,Afriya,Galhamur,Dogob_2,M174,Al khayr,10,HumanLed,#0a8f3c,8,8,Saida Hussein  Bare,1,6,2,M174-1,0,1,0.7128945577122603,1,99,1,0,99.71289455771226,1,1. M174-1 - Saida Hussein  Bare,0,0.6100462602388635,999,99,Fadumo Mohamed Abdirazaq,1,5,2,M174-2,0,0,0.31626718474404203,2,99,99,0,0.31626718474404203,1,2. M174-2 - Fadumo Mohamed Abdirazaq,0,0.7161330473604584,999,99,Hawo Ahmed Nuur,1,6,2,M174-3,0,1,0.8931299701756152,3,99,1,0,99.89312997017562,1,3. M174-3 - Hawo Ahmed Nuur,0,0.9653267825071402,999,99,Hodan Ahmed Abdinur,1,6,2,M174-4,0,1,0.07075945891764635,4,99,1,0,99.07075945891765,1,4. M174-4 - Hodan Ahmed Abdinur,0,0.5929506190825051,999,99,Hafisa Farah Hassen,1,6,1,M174-5,0,1,0.11539186798818613,5,99,1,0.5,99.61539186798818,1,5. M174-5 - Hafisa Farah Hassen,1,0.5613370557527514,0.11539186798818613,1,Hassen Alinur Hassen,2,1,,M174-6,1,0,0.38627041870179546,6,1,99,0,199.3862704187018,1,6. M174-6 - Hassen Alinur Hassen,0,0.7653796639590684,999,99,Liban Abdirahman Ahmed,2,6,,M174-7,0,1,0.9728508052151611,7,99,1,0,99.97285080521516,1,7. M174-7 - Liban Abdirahman Ahmed,0,0.5744808745503186,999,99,Hamdi Abdirazaq Abdile,1,3,2,M174-8,1,0,0.7962396094632356,8,1,99,0,199.79623960946324,1,8. M174-8 - Hamdi Abdirazaq Abdile,0,0.27259593762277756,999,99,,,,,,,,,,,,,,,,,,,,,,,,,,,,,,,,,,,,,,,,,,,,,,,,,,,,,,,,,,,,,,,,,,,,,,,,,,,,,,,,,,,,,,,,,,,,,,,,,,,,,,,,,,,,,,,,,,,,,,,,,,,,,,,,,,,,,,,,,,,,,,,,,,,,,,,,,1,99.71289455771226 0.31626718474404203 99.89312997017562 99.07075945891765 99.61539186798818 199.3862704187018 99.97285080521516 199.79623960946324,8,6,7,3,1,5,1. M174_1 - Hamdi Abdirazaq Abdile,2. M174_2 - Hassen Alinur Hassen,3. M174_3 - Liban Abdirahman Ahmed,4. M174_4 - Hawo Ahmed Nuur,5. M174_5 - Saida Hussein  Bare,6. M174_6 - Hafisa Farah Hassen,0.11539186798818613,2,1 3 5 6 7 8,1. M174-1 - Saida Hussein  Bare<br/>2. M174-2 - Fadumo Mohamed Abdirazaq<br/>3. M174-3 - Hawo Ahmed Nuur<br/>4. M174-4 - Hodan Ahmed Abdinur<br/>5. M174-5 - Hafisa Farah Hassen<br/>6. M174-6 - Hassen Alinur Hassen<br/>7. M174-7 - Liban Abdirahman Ahmed<br/>8. M174-8 - Hamdi Abdirazaq Abdile,6,5,,,Hafisa Farah Hassen,,,,,,,,6. Hafisa Farah Hassen (Husband to be interviewed)<br/>,Husband of Hafisa Farah Hassen must be interviewed.,1,,⚠ Spouse interview required,uuid:c02f5214-0230-4fe5-a3eb-946b4c85a94f,2603230738,uuid:c02f5214-0230-4fe5-a3eb-946b4c85a94f
13-Apr-2026 08:29:30,12-Apr-2026 10:30:35,13-Apr-2026 08:26:56,31d542a9aea3f2c5,,llrp_team1,Lenovo|Lenovo TB-8504F|8.1.0|SurveyCTO Collect 2.81.5 (387e45a),244,,Anteneh,Abdilahi,Godgod,siifan_1,M187,naruura,15,HumanLed,#0a8f3c,6,6,Abdulahi dahir duale,2,6,,M187-1,0,1,0.9235639081022442,1,99,1,0,99.92356390810224,1,1. M187-1 - Abdulahi dahir duale,0,0.816353709467868,999,99,Farah layl abdi,2,6,,M187-2,0,1,0.7836061988820706,2,99,1,0,99.78360619888207,1,2. M187-2 - Farah layl abdi,0,0.6340323443797646,999,99,Ebado Abdulahi aden,1,6,2,M187-3,0,1,0.4559680251671858,3,99,1,0,99.45596802516718,1,3. M187-3 - Ebado Abdulahi aden,0,0.5212933077644039,999,99,Farhia dabar haye,1,6,2,M187-4,0,1,0.8210206650384995,4,99,1,0,99.8210206650385,1,4. M187-4 - Farhia dabar haye,0,0.13083699240427238,999,99,Abdi abdulahi muhumed,2,6,,M187-5,0,1,0.04713695904577475,5,99,1,0,99.04713695904577,1,5. M187-5 - Abdi abdulahi muhumed,0,0.7576437645987536,999,99,Faliz Farah daqane,1,6,2,M187-6,0,1,0.5607060614056448,6,99,1,0,99.56070606140564,1,6. M187-6 - Faliz Farah daqane,0,0.09819972067007554,999,99,,,,,,,,,,,,,,,,,,,,,,,,,,,,,,,,,,,,,,,,,,,,,,,,,,,,,,,,,,,,,,,,,,,,,,,,,,,,,,,,,,,,,,,,,,,,,,,,,,,,,,,,,,,,,,,,,,,,,,,,,,,,,,,,,,,,,,,,,,,,,,,,,,,,,,,,,,,,,,,,,,,,,,,,,,,,,,,,,,,,,,,,,,,,,,,0,99.92356390810224 99.78360619888207 99.45596802516718 99.8210206650385 99.04713695904577 99.56070606140564,1,4,2,6,3,5,1. M187_1 - Abdulahi dahir duale,2. M187_2 - Farhia dabar haye,3. M187_3 - Farah layl abdi,4. M187_4 - Faliz Farah daqane,5. M187_5 - Ebado Abdulahi aden,6. M187_6 - Abdi abdulahi muhumed,,0,1 2 3 4 5 6,1. M187-1 - Abdulahi dahir duale<br/>2. M187-2 - Farah layl abdi<br/>3. M187-3 - Ebado Abdulahi aden<br/>4. M187-4 - Farhia dabar haye<br/>5. M187-5 - Abdi abdulahi muhumed<br/>6. M187-6 - Faliz Farah daqane,6,,,,,,,,,,,,,No eligible spouse found.,0,,,uuid:8ac39513-e267-4b5d-8d57-3311a5fe4468,2603230738,uuid:8ac39513-e267-4b5d-8d57-3311a5fe4468
13-Apr-2026 09:01:07,12-Apr-2026 10:19:39,13-Apr-2026 08:51:18,3d73d84ac913aa71,,llrp_team1,samsung|SM-X115|15|SurveyCTO Collect 2.81.5 (387e45a),533,,Anteneh,Husen,Godgod,siifan_2,M188,misra,11,TechLed,#1f4bd6,6,6,Abdikadir Bare Aden,2,6,,M188-1,0,1,0.9862069611614248,1,99,1,0,99.98620696116143,1,1. M188-1 - Abdikadir Bare Aden,0,0.1439960692248461,999,99,Abshiro Aden Rage,1,6,2,M188-2,0,1,0.9762116797537469,2,99,1,0,99.97621167975375,1,2. M188-2 - Abshiro Aden Rage,0,0.09665519332687778,999,99,Hodan Hussen Jama,1,6,2,M188-3,0,1,0.1865365096861874,3,99,1,0,99.18653650968619,1,3. M188-3 - Hodan Hussen Jama,0,0.03582641370634965,999,99,Kahiye Hussen Jama,2,6,,M188-4,0,1,0.3717731807176671,4,99,1,0,99.37177318071767,1,4. M188-4 - Kahiye Hussen Jama,0,0.36627097926590335,999,99,Rukiya Mohamed muhumed,1,6,2,M188-5,0,1,0.08707559620976801,5,99,1,0,99.08707559620977,1,5. M188-5 - Rukiya Mohamed muhumed,0,0.4931159233765473,999,99,Dawlo Jama elmi,1,6,2,M188-6,0,1,0.2420270055792626,6,99,1,0,99.24202700557926,1,6. M188-6 - Dawlo Jama elmi,0,0.4378023435657765,999,99,,,,,,,,,,,,,,,,,,,,,,,,,,,,,,,,,,,,,,,,,,,,,,,,,,,,,,,,,,,,,,,,,,,,,,,,,,,,,,,,,,,,,,,,,,,,,,,,,,,,,,,,,,,,,,,,,,,,,,,,,,,,,,,,,,,,,,,,,,,,,,,,,,,,,,,,,,,,,,,,,,,,,,,,,,,,,,,,,,,,,,,,,,,,,,,0,99.98620696116143 99.97621167975375 99.18653650968619 99.37177318071767 99.08707559620977 99.24202700557926,1,2,4,6,3,5,1. M188_1 - Abdikadir Bare Aden,2. M188_2 - Abshiro Aden Rage,3. M188_3 - Kahiye Hussen Jama,4. M188_4 - Dawlo Jama elmi,5. M188_5 - Hodan Hussen Jama,6. M188_6 - Rukiya Mohamed muhumed,,0,1 2 3 4 5 6,1. M188-1 - Abdikadir Bare Aden<br/>2. M188-2 - Abshiro Aden Rage<br/>3. M188-3 - Hodan Hussen Jama<br/>4. M188-4 - Kahiye Hussen Jama<br/>5. M188-5 - Rukiya Mohamed muhumed<br/>6. M188-6 - Dawlo Jama elmi,6,,,,,,,,,,,,,No eligible spouse found.,0,,,uuid:7baadc00-1c09-4bd2-beff-a44a27a956d1,2603230738,uuid:7baadc00-1c09-4bd2-beff-a44a27a956d1
13-Apr-2026 09:38:07,12-Apr-2026 16:40:10,13-Apr-2026 05:55:29,bc9edd50ac897c82,,llrp_team1,samsung|SM-X115|15|SurveyCTO Collect 2.81.5 (387e45a),466,,Anteneh,Abouker,Godgod,God God 01_2,M191,Saxansaxo,12,TechLed,#1f4bd6,6,6,Neima hussen bare,1,6,2,M191-1,0,1,0.8709016217266821,1,99,1,0,99.87090162172669,1,1. M191-1 - Neima hussen bare,0,0.8560566850914383,999,99,Ifrah Hassan mahamud,1,3,2,M191-2,1,0,0.4429641608678915,2,1,99,0,199.4429641608679,1,2. M191-2 - Ifrah Hassan mahamud,0,0.8488751950172193,999,99,Walid youssouf omar,2,5,,M191-3,0,0,0.6854665751635566,3,99,99,0,0.6854665751635566,1,3. M191-3 - Walid youssouf omar,0,0.6422989125980264,999,99,Yarowe bile gouhad,2,1,,M191-4,1,0,0.13912878547796104,4,1,99,0,199.13912878547796,1,4. M191-4 - Yarowe bile gouhad,0,0.7387117218809909,999,99,Bisharo kahin mahamed,1,6,2,M191-5,0,1,0.3574902072725775,5,99,1,0,99.35749020727258,1,5. M191-5 - Bisharo kahin mahamed,0,0.9715994891024747,999,99,Ardo youssouf fatule,1,6,2,M191-6,0,1,0.9896409208280326,6,99,1,0,99.98964092082804,1,6. M191-6 - Ardo youssouf fatule,0,0.934812425962225,999,99,,,,,,,,,,,,,,,,,,,,,,,,,,,,,,,,,,,,,,,,,,,,,,,,,,,,,,,,,,,,,,,,,,,,,,,,,,,,,,,,,,,,,,,,,,,,,,,,,,,,,,,,,,,,,,,,,,,,,,,,,,,,,,,,,,,,,,,,,,,,,,,,,,,,,,,,,,,,,,,,,,,,,,,,,,,,,,,,,,,,,,,,,,,,,,,1,99.87090162172669 199.4429641608679 0.6854665751635566 199.13912878547796 99.35749020727258 99.98964092082804,2,4,6,1,5,3,1. M191_1 - Ifrah Hassan mahamud,2. M191_2 - Yarowe bile gouhad,3. M191_3 - Ardo youssouf fatule,4. M191_4 - Neima hussen bare,5. M191_5 - Bisharo kahin mahamed,6. M191_6 - Walid youssouf omar,,2,1 2 3 4 5 6,1. M191-1 - Neima hussen bare<br/>2. M191-2 - Ifrah Hassan mahamud<br/>3. M191-3 - Walid youssouf omar<br/>4. M191-4 - Yarowe bile gouhad<br/>5. M191-5 - Bisharo kahin mahamed<br/>6. M191-6 - Ardo youssouf fatule,6,,,,,,,,,,,,,No eligible spouse found.,0,,,uuid:8da50a6b-dee7-4df2-a8a0-e1c440d877b3,2603230738,uuid:8da50a6b-dee7-4df2-a8a0-e1c440d877b3
13-Apr-2026 12:51:07,10-Apr-2026 09:43:36,13-Apr-2026 12:47:32,8f3862932650ecd7,,llrp_team1,samsung|SM-X115|15|SurveyCTO Collect 2.81.4 (461ba40),497,,Anteneh,Mohamed,Danot,XirsiMacaf_1,M60,Maandeeq,12,Control,#d60000,7,7,Abdi shilin Aliwash,2,3,,M60-1,1,0,0.39059549045706743,1,1,99,0,199.39059549045706,1,1. M60-1 - Abdi shilin Aliwash,0,0.501638732134386,999,99,Faisa Mahamoud Hassan,1,6,,M60-2,0,1,0.6165527874173667,2,99,1,0,99.61655278741736,1,2. M60-2 - Faisa Mahamoud Hassan,0,0.1549785159368985,999,99,Shugri Abdi Muhumed,1,6,,M60-3,0,1,0.9014559879650534,3,99,1,0,99.90145598796505,1,3. M60-3 - Shugri Abdi Muhumed,0,0.5289439984876452,999,99,Dhuh Mahamoud Awil,2,6,,M60-4,0,1,0.030942409850202357,4,99,1,0,99.0309424098502,1,4. M60-4 - Dhuh Mahamoud Awil,0,0.9211629367066778,999,99,Zam‐Zam ibrahin Mahamed,1,6,,M60-5,0,1,0.537150873224663,5,99,1,0,99.53715087322466,1,5. M60-5 - Zam‐Zam ibrahin Mahamed,0,0.8004433802295724,999,99,Sadam dhuh Diriye,2,6,,M60-6,0,1,0.25802055712238314,6,99,1,0,99.25802055712238,1,6. M60-6 - Sadam dhuh Diriye,0,0.6563139585500376,999,99,Fatuma Osman Abdi,1,6,,M60-7,0,1,0.7906439469990405,7,99,1,0,99.79064394699904,1,7. M60-7 - Fatuma Osman Abdi,0,0.09672924647956105,999,99,,,,,,,,,,,,,,,,,,,,,,,,,,,,,,,,,,,,,,,,,,,,,,,,,,,,,,,,,,,,,,,,,,,,,,,,,,,,,,,,,,,,,,,,,,,,,,,,,,,,,,,,,,,,,,,,,,,,,,,,,,,,,,,,,,,,,,,,,,,,,,,,,,,,,,,,,,,,,,,,,,,,,,,,,,,,0,199.39059549045706 99.61655278741736 99.90145598796505 99.0309424098502 99.53715087322466 99.25802055712238 99.79064394699904,1,3,7,2,5,6,1. M60_1 - Abdi shilin Aliwash,2. M60_2 - Shugri Abdi Muhumed,3. M60_3 - Fatuma Osman Abdi,4. M60_4 - Faisa Mahamoud Hassan,5. M60_5 - Zam‐Zam ibrahin Mahamed,6. M60_6 - Sadam dhuh Diriye,,1,1 2 3 5 6 7,1. M60-1 - Abdi shilin Aliwash<br/>2. M60-2 - Faisa Mahamoud Hassan<br/>3. M60-3 - Shugri Abdi Muhumed<br/>4. M60-4 - Dhuh Mahamoud Awil<br/>5. M60-5 - Zam‐Zam ibrahin Mahamed<br/>6. M60-6 - Sadam dhuh Diriye<br/>7. M60-7 - Fatuma Osman Abdi,6,,,,,,,,,,,,,No eligible spouse found.,0,,,uuid:54d0f0a8-97ec-4a3d-8146-52de4f569325,2603230738,uuid:54d0f0a8-97ec-4a3d-8146-52de4f569325
13-Apr-2026 12:51:09,10-Apr-2026 13:15:29,13-Apr-2026 12:47:44,8f3862932650ecd7,,llrp_team1,samsung|SM-X115|15|SurveyCTO Collect 2.81.4 (461ba40),476,,Anteneh,Hasen,Danot,Qarraro_1,M58,Ebyan,10,TechLed,#1f4bd6,6,6,Raaho Ahmed Ali,1,6,2,M58-1,0,1,0.060621353789912735,1,99,1,0,99.06062135378991,1,1. M58-1 - Raaho Ahmed Ali,0,0.926992588892782,999,99,Fathia ismael Abdi,1,3,2,M58-2,1,0,0.15850314950947753,2,1,99,0,199.15850314950947,1,2. M58-2 - Fathia ismael Abdi,0,0.21729936935800898,999,99,Yousuf Farah Jama,2,4,,M58-3,1,0,0.25268294224689947,3,1,99,0,199.2526829422469,1,3. M58-3 - Yousuf Farah Jama,0,0.9408430265054591,999,99,Abdikadir Dahir Ahmed,2,6,,M58-4,0,1,0.0002943181780008519,4,99,1,0,99.000294318178,1,4. M58-4 - Abdikadir Dahir Ahmed,0,0.6588883559773345,999,99,Mahamoud Abdirahman Mahamed,2,1,,M58-5,1,0,0.26979636250331496,5,1,99,0,199.2697963625033,1,5. M58-5 - Mahamoud Abdirahman Mahamed,0,0.37377746974173753,999,99,Barkadle Abdi Elmi,2,6,,M58-6,0,1,0.748178622140358,6,99,1,0,99.74817862214036,1,6. M58-6 - Barkadle Abdi Elmi,0,0.650099080243811,999,99,,,,,,,,,,,,,,,,,,,,,,,,,,,,,,,,,,,,,,,,,,,,,,,,,,,,,,,,,,,,,,,,,,,,,,,,,,,,,,,,,,,,,,,,,,,,,,,,,,,,,,,,,,,,,,,,,,,,,,,,,,,,,,,,,,,,,,,,,,,,,,,,,,,,,,,,,,,,,,,,,,,,,,,,,,,,,,,,,,,,,,,,,,,,,,,1,99.06062135378991 199.15850314950947 199.2526829422469 99.000294318178 199.2697963625033 99.74817862214036,5,3,2,6,1,4,1. M58_1 - Mahamoud Abdirahman Mahamed,2. M58_2 - Yousuf Farah Jama,3. M58_3 - Fathia ismael Abdi,4. M58_4 - Barkadle Abdi Elmi,5. M58_5 - Raaho Ahmed Ali,6. M58_6 - Abdikadir Dahir Ahmed,,3,1 2 3 4 5 6,1. M58-1 - Raaho Ahmed Ali<br/>2. M58-2 - Fathia ismael Abdi<br/>3. M58-3 - Yousuf Farah Jama<br/>4. M58-4 - Abdikadir Dahir Ahmed<br/>5. M58-5 - Mahamoud Abdirahman Mahamed<br/>6. M58-6 - Barkadle Abdi Elmi,6,,,,,,,,,,,,,No eligible spouse found.,0,,,uuid:2b7053c1-1b1a-4af2-a70a-9d2c8a847079,2603230738,uuid:2b7053c1-1b1a-4af2-a70a-9d2c8a847079
13-Apr-2026 16:48:10,10-Apr-2026 09:07:16,10-Apr-2026 20:02:34,70e4adbae02adb29,,llrp_team1,DOOGEE|T10W|14|SurveyCTO Collect 2.81.5 (387e45a),911,,Daniel,Mehamud,Danbal,Kebele o1_1,M41,Haboon-Deeqa,14,HumanLed,#0a8f3c,12,12,Madina husen abtidon,1,3,2,M41-1,1,0,0.5544852763064095,1,1,99,0,199.55448527630642,1,1. M41-1 - Madina husen abtidon,0,0.1267604531864912,999,99,Buro abadir faarah,1,6,2,M41-2,0,1,0.4049528114642641,2,99,1,0,99.40495281146427,1,2. M41-2 - Buro abadir faarah,0,0.41989756422135016,999,99,Sa'ada Osman gudal,1,6,2,M41-3,0,1,0.06600960324228011,3,99,1,0,99.06600960324228,1,3. M41-3 - Sa'ada Osman gudal,0,0.7949107620342198,999,99,Misra abdulahi suge,1,6,2,M41-4,0,1,0.8682934223349994,4,99,1,0,99.868293422335,1,4. M41-4 - Misra abdulahi suge,0,0.39142699835251016,999,99,Hawa ismacil murud,1,6,2,M41-5,0,1,0.13987466172511787,5,99,1,0,99.13987466172512,1,5. M41-5 - Hawa ismacil murud,0,0.9809569682412888,999,99,Istahil tukake barkad,1,6,2,M41-6,0,1,0.38650866319435984,6,99,1,0,99.38650866319436,1,6. M41-6 - Istahil tukake barkad,0,0.5797265200957215,999,99,Jamila husen durte,1,6,2,M41-7,0,1,0.7117667181703526,7,99,1,0,99.71176671817035,1,7. M41-7 - Jamila husen durte,0,0.6815941636606168,999,99,Hali dahir arab,1,6,1,M41-8,0,1,0.8606612261923974,8,99,1,0.5,100.36066122619239,1,8. M41-8 - Hali dahir arab,1,0.9469811215564096,0.8606612261923974,1,Nima adan bulhan,1,6,1,M41-9,0,1,0.13033960639762554,9,99,1,0.5,99.63033960639763,1,9. M41-9 - Nima adan bulhan,0,0.9735389638733871,999,99,Khadra Osman eye,1,1,2,M41-10,1,0,0.2050541707746728,10,1,99,0,199.20505417077467,1,10. M41-10 - Khadra Osman eye,0,0.10613161027459428,999,99,Abdifatah Hasan abane,2,5,,M41-11,0,0,0.35808669922049274,11,99,99,0,0.35808669922049274,1,11. M41-11 - Abdifatah Hasan abane,0,0.524840789915372,999,99,Farah samaron abdulahi,2,6,,M41-12,0,1,0.679405218758177,12,99,1,0,99.67940521875818,1,12. M41-12 - Farah samaron abdulahi,0,0.7529665244198014,999,99,,,,,,,,,,,,,,,,,,,,,,,,,,,,,,,,,,,,,,,,,,,,,,,,,,,,,,,,,,,,,,,,,,,,,,,,,,,,,1,199.55448527630642 99.40495281146427 99.06600960324228 99.868293422335 99.13987466172512 99.38650866319436 99.71176671817035 100.36066122619239 99.63033960639763 199.20505417077467 0.35808669922049274 99.67940521875818,1,10,8,4,7,12,1. M41_1 - Madina husen abtidon,2. M41_2 - Khadra Osman eye,3. M41_3 - Hali dahir arab,4. M41_4 - Misra abdulahi suge,5. M41_5 - Jamila husen durte,6. M41_6 - Farah samaron abdulahi,0.8606612261923974,2,1 4 7 8 10 12,1. M41-1 - Madina husen abtidon<br/>2. M41-2 - Buro abadir faarah<br/>3. M41-3 - Sa'ada Osman gudal<br/>4. M41-4 - Misra abdulahi suge<br/>5. M41-5 - Hawa ismacil murud<br/>6. M41-6 - Istahil tukake barkad<br/>7. M41-7 - Jamila husen durte<br/>8. M41-8 - Hali dahir arab<br/>9. M41-9 - Nima adan bulhan<br/>10. M41-10 - Khadra Osman eye<br/>11. M41-11 - Abdifatah Hasan abane<br/>12. M41-12 - Farah samaron abdulahi,6,8,,,Hali dahir arab,,,,,3. Hali dahir arab (Husband to be interviewed)<br/>,,,,Husband of Hali dahir arab must be interviewed.,1,,⚠ Spouse interview required,uuid:63e0eeac-ec7c-4f50-a20c-0f085499be00,2603230738,uuid:63e0eeac-ec7c-4f50-a20c-0f085499be00
13-Apr-2026 17:01:02,12-Apr-2026 08:57:43,13-Apr-2026 17:00:54,7697c74e25302763,,llrp_team1,samsung|SM-X115|15|SurveyCTO Collect 2.81.5 (387e45a),534,,Daniel,Idil,Danbal,Harawato_1,M43,Barako,12,HumanLed,#0a8f3c,10,10,Hasna muse eye,1,6,2,M43-1,0,1,0.1498216830812661,1,99,1,0,99.14982168308127,1,1. M43-1 - Hasna muse eye,0,0.13165037747284813,999,99,Lula derey yones,1,6,2,M43-2,0,1,0.7558770487338974,2,99,1,0,99.7558770487339,1,2. M43-2 - Lula derey yones,0,0.6642815737170024,999,99,Maryan ader adan,1,6,1,M43-3,0,1,0.5992897811514739,3,99,1,0.5,100.09928978115147,1,3. M43-3 - Maryan ader adan,1,0.5450666423649928,0.5992897811514739,1,Hassen aye omer,2,6,,M43-4,0,1,0.7842865495144445,4,99,1,0,99.78428654951445,1,4. M43-4 - Hassen aye omer,0,0.8411365565735823,999,99,Ziad adosh hassen,2,4,,M43-5,1,0,0.713546097349209,5,1,99,0,199.71354609734922,1,5. M43-5 - Ziad adosh hassen,0,0.8365146965308872,999,99,Mohamed megag osman,2,1,,M43-6,1,0,0.1729259187918325,6,1,99,0,199.17292591879183,1,6. M43-6 - Mohamed megag osman,0,0.7095317211954716,999,99,Ahmed ali dugseye,2,6,,M43-7,0,1,0.13161743005008342,7,99,1,0,99.13161743005008,1,7. M43-7 - Ahmed ali dugseye,0,0.4212239753745536,999,99,Sa'ada farah adane,1,2,1,M43-8,0,0,0.15874644880959332,8,99,99,0.5,0.6587464488095933,1,8. M43-8 - Sa'ada farah adane,0,0.523619216339184,999,99,Khadija ahmed omer,1,3,2,M43-9,1,0,0.18184062803532297,9,1,99,0,199.18184062803533,1,9. M43-9 - Khadija ahmed omer,0,0.6379222326695111,999,99,Hamse adan yones,2,5,,M43-10,0,0,0.8733813599438153,10,99,99,0,0.8733813599438153,1,10. M43-10 - Hamse adan yones,0,0.8708373677227528,999,99,,,,,,,,,,,,,,,,,,,,,,,,,,,,,,,,,,,,,,,,,,,,,,,,,,,,,,,,,,,,,,,,,,,,,,,,,,,,,,,,,,,,,,,,,,,,,,,,,,,,,,,,,,,,,,,,,,,1,99.14982168308127 99.7558770487339 100.09928978115147 99.78428654951445 199.71354609734922 199.17292591879183 99.13161743005008 0.6587464488095933 199.18184062803533 0.8733813599438153,5,9,6,3,4,2,1. M43_1 - Ziad adosh hassen,2. M43_2 - Khadija ahmed omer,3. M43_3 - Mohamed megag osman,4. M43_4 - Maryan ader adan,5. M43_5 - Hassen aye omer,6. M43_6 - Lula derey yones,0.5992897811514739,3,2 3 4 5 6 9,1. M43-1 - Hasna muse eye<br/>2. M43-2 - Lula derey yones<br/>3. M43-3 - Maryan ader adan<br/>4. M43-4 - Hassen aye omer<br/>5. M43-5 - Ziad adosh hassen<br/>6. M43-6 - Mohamed megag osman<br/>7. M43-7 - Ahmed ali dugseye<br/>8. M43-8 - Sa'ada farah adane<br/>9. M43-9 - Khadija ahmed omer<br/>10. M43-10 - Hamse adan yones,6,3,,,Maryan ader adan,,,,,,4. Maryan ader adan (Husband to be interviewed)<br/>,,,Husband of Maryan ader adan must be interviewed.,1,,⚠ Spouse interview required,uuid:0753456d-d38a-4ed9-a7dd-a3caf1c8f64a,2603230738,uuid:0753456d-d38a-4ed9-a7dd-a3caf1c8f64a
13-Apr-2026 20:40:12,13-Apr-2026 13:16:28,13-Apr-2026 20:38:07,f77a4bfd7ada2cec,,llrp_team1,samsung|SM-X115|15|SurveyCTO Collect 2.81.5 (387e45a),847,,Daniel,Abdireshid,Degahmadaw,biyo khadhadhe_1,M72,Tawakal,15,HumanLed,#0a8f3c,8,8,Ladan Taman Yusuf,1,6,2,M72-1,0,1,0.6448124215066543,1,99,1,0,99.64481242150666,1,1. M72-1 - Ladan Taman Yusuf,0,0.8943325756718059,999,99,Fadumo Ziyad Dek,1,6,2,M72-2,0,1,0.19182351600025294,2,99,1,0,99.19182351600026,1,2. M72-2 - Fadumo Ziyad Dek,0,0.34022866976022004,999,99,Fadumo Muhumed Abdi,1,3,2,M72-3,1,0,0.7433268864051441,3,1,99,0,199.74332688640516,1,3. M72-3 - Fadumo Muhumed Abdi,0,0.7545790488556852,999,99,Abdiwahid Mohamed Abdi,2,6,,M72-4,0,1,0.11530449979588953,4,99,1,0,99.11530449979588,1,4. M72-4 - Abdiwahid Mohamed Abdi,0,0.16313083650286786,999,99,Fadumo Haybe Jama,1,6,1,M72-5,0,1,0.7562644274272255,5,99,1,0.5,100.25626442742723,1,5. M72-5 - Fadumo Haybe Jama,1,0.9960754047944862,0.7562644274272255,1,Asad Mohamed Ali,1,6,1,M72-6,0,1,0.5120191550202566,6,99,1,0.5,100.01201915502025,1,6. M72-6 - Asad Mohamed Ali,1,0.8142285384376036,0.5120191550202566,1,Asiya Mohamed Hassan,1,6,1,M72-7,0,1,0.034929214014246424,7,99,1,0.5,99.53492921401424,1,7. M72-7 - Asiya Mohamed Hassan,1,0.5039389527347202,0.034929214014246424,1,Ahmedkafi Ali Mohamed,2,6,,M72-8,0,1,0.07207233870193297,8,99,1,0,99.07207233870193,1,8. M72-8 - Ahmedkafi Ali Mohamed,0,0.2769321453695731,999,99,,,,,,,,,,,,,,,,,,,,,,,,,,,,,,,,,,,,,,,,,,,,,,,,,,,,,,,,,,,,,,,,,,,,,,,,,,,,,,,,,,,,,,,,,,,,,,,,,,,,,,,,,,,,,,,,,,,,,,,,,,,,,,,,,,,,,,,,,,,,,,,,,,,,,,,,,0,99.64481242150666 99.19182351600026 199.74332688640516 99.11530449979588 100.25626442742723 100.01201915502025 99.53492921401424 99.07207233870193,3,5,6,1,7,2,1. M72_1 - Fadumo Muhumed Abdi,2. M72_2 - Fadumo Haybe Jama,3. M72_3 - Asad Mohamed Ali,4. M72_4 - Ladan Taman Yusuf,5. M72_5 - Asiya Mohamed Hassan,6. M72_6 - Fadumo Ziyad Dek,0.7562644274272255 0.5120191550202566 0.034929214014246424,1,1 2 3 5 6 7,1. M72-1 - Ladan Taman Yusuf<br/>2. M72-2 - Fadumo Ziyad Dek<br/>3. M72-3 - Fadumo Muhumed Abdi<br/>4. M72-4 - Abdiwahid Mohamed Abdi<br/>5. M72-5 - Fadumo Haybe Jama<br/>6. M72-6 - Asad Mohamed Ali<br/>7. M72-7 - Asiya Mohamed Hassan<br/>8. M72-8 - Ahmedkafi Ali Mohamed,6,5,6,7,Fadumo Haybe Jama,Asad Mohamed Ali,Asiya Mohamed Hassan,,2. Fadumo Haybe Jama (Husband to be interviewed)<br/>,3. Asad Mohamed Ali (Husband to be interviewed)<br/>,,5. Asiya Mohamed Hassan (Husband to be interviewed)<br/>,,"Husbands of Fadumo Haybe Jama, Asad Mohamed Ali and Asiya Mohamed Hassan must be interviewed (one may serve as replacement).",3,Asiya Mohamed Hassan (Replacement),⚠ Spouse interview required,uuid:68bc7795-8fbd-4576-995c-a08b938d900b,2603230738,uuid:68bc7795-8fbd-4576-995c-a08b938d900b
13-Apr-2026 21:08:36,13-Apr-2026 10:42:08,13-Apr-2026 21:06:45,f9d6a239f0ca8566,,llrp_team1,samsung|SM-X115|15|SurveyCTO Collect 2.81.5 (387e45a),454,,Wesen,Mahamed,Filtu,Bandher_1,M152,Iftiin,10,TechLed,#1f4bd6,8,8,Aden salad hujalle,2,1,,M152-1,1,0,0.4397437008476849,1,1,99,0,199.43974370084769,1,1. M152-1 - Aden salad hujalle,0,0.017477992203758785,999,99,Kasim  Abdullahi Abdi,2,6,,M152-2,0,1,0.5719196039646655,2,99,1,0,99.57191960396466,1,2. M152-2 - Kasim  Abdullahi Abdi,0,0.3266466812633174,999,99,Nur hassen  Aden,2,3,,M152-3,1,0,0.865579123101256,3,1,99,0,199.86557912310127,1,3. M152-3 - Nur hassen  Aden,0,0.8470495276973766,999,99,Muctar  Mohamed  salah,2,6,,M152-4,0,1,0.8925372038035325,4,99,1,0,99.89253720380353,1,4. M152-4 - Muctar  Mohamed  salah,0,0.1623715180017723,999,99,Rahma Sheik  mahad,1,6,1,M152-5,0,1,0.5524582590001313,5,99,1,0.5,100.05245825900013,1,5. M152-5 - Rahma Sheik  mahad,1,0.6191145052180667,0.5524582590001313,1,Ali muctar  Abdi,2,6,,M152-6,0,1,0.44098996267712354,6,99,1,0,99.44098996267712,1,6. M152-6 - Ali muctar  Abdi,0,0.8853059935843345,999,99,Raliya  Isak unshur,1,5,1,M152-7,0,0,0.4629103229217407,7,99,99,0.5,0.9629103229217407,1,7. M152-7 - Raliya  Isak unshur,0,0.6887507983757845,999,99,Muse abdi isaq,2,6,,M152-8,0,1,0.8957318167127943,8,99,1,0,99.8957318167128,1,8. M152-8 - Muse abdi isaq,0,0.7420745496505362,999,99,,,,,,,,,,,,,,,,,,,,,,,,,,,,,,,,,,,,,,,,,,,,,,,,,,,,,,,,,,,,,,,,,,,,,,,,,,,,,,,,,,,,,,,,,,,,,,,,,,,,,,,,,,,,,,,,,,,,,,,,,,,,,,,,,,,,,,,,,,,,,,,,,,,,,,,,,1,199.43974370084769 99.57191960396466 199.86557912310127 99.89253720380353 100.05245825900013 99.44098996267712 0.9629103229217407 99.8957318167128,3,1,5,8,4,2,1. M152_1 - Nur hassen  Aden,2. M152_2 - Aden salad hujalle,3. M152_3 - Rahma Sheik  mahad,4. M152_4 - Muse abdi isaq,5. M152_5 - Muctar  Mohamed  salah,6. M152_6 - Kasim  Abdullahi Abdi,0.5524582590001313,2,1 2 3 4 5 8,1. M152-1 - Aden salad hujalle<br/>2. M152-2 - Kasim  Abdullahi Abdi<br/>3. M152-3 - Nur hassen  Aden<br/>4. M152-4 - Muctar  Mohamed  salah<br/>5. M152-5 - Rahma Sheik  mahad<br/>6. M152-6 - Ali muctar  Abdi<br/>7. M152-7 - Raliya  Isak unshur<br/>8. M152-8 - Muse abdi isaq,6,5,,,Rahma Sheik  mahad,,,,,3. Rahma Sheik  mahad (Husband to be interviewed)<br/>,,,,Husband of Rahma Sheik  mahad must be interviewed.,1,,⚠ Spouse interview required,uuid:1502649d-744c-47f9-854d-10987ae78708,2603230738,uuid:1502649d-744c-47f9-854d-10987ae78708
14-Apr-2026 07:01:40,13-Apr-2026 14:59:25,14-Apr-2026 07:00:35,c717d4af0550c362,,llrp_team1,samsung|SM-X115|15|SurveyCTO Collect 2.81.5 (387e45a),516,,Daniel,Amin,Degahmadaw,Dhababarsarman_1,M80,Durdur,8,HumanLed,#0a8f3c,6,6,Fathi Abdi Madar,2,6,,M80-1,0,1,0.21754467049687654,1,99,1,0,99.21754467049688,1,1. M80-1 - Fathi Abdi Madar,0,0.683192023132715,999,99,Mawlid Abdullahi Mahamud,2,5,,M80-2,0,0,0.12963034687823227,2,99,99,0,0.12963034687823227,1,2. M80-2 - Mawlid Abdullahi Mahamud,0,0.5791993952165779,999,99,Mukhtar Abdullahi Omaar,2,1,,M80-3,1,0,0.918688527918965,3,1,99,0,199.91868852791896,1,3. M80-3 - Mukhtar Abdullahi Omaar,0,0.6925003914075816,999,99,Gorad Hassan Nur,1,6,2,M80-4,0,1,0.9025190251413746,4,99,1,0,99.90251902514137,1,4. M80-4 - Gorad Hassan Nur,0,0.5929340955605956,999,99,Habiba Mohommed Nur,1,3,2,M80-5,1,0,0.42843807750856244,5,1,99,0,199.42843807750856,1,5. M80-5 - Habiba Mohommed Nur,0,0.3336621316009297,999,99,Ardo Taman abdullahi,1,6,2,M80-6,0,1,0.911055964176363,6,99,1,0,99.91105596417637,1,6. M80-6 - Ardo Taman abdullahi,0,0.814237726471317,999,99,,,,,,,,,,,,,,,,,,,,,,,,,,,,,,,,,,,,,,,,,,,,,,,,,,,,,,,,,,,,,,,,,,,,,,,,,,,,,,,,,,,,,,,,,,,,,,,,,,,,,,,,,,,,,,,,,,,,,,,,,,,,,,,,,,,,,,,,,,,,,,,,,,,,,,,,,,,,,,,,,,,,,,,,,,,,,,,,,,,,,,,,,,,,,,,1,99.21754467049688 0.12963034687823227 199.91868852791896 99.90251902514137 199.42843807750856 99.91105596417637,3,5,6,4,1,2,1. M80_1 - Mukhtar Abdullahi Omaar,2. M80_2 - Habiba Mohommed Nur,3. M80_3 - Ardo Taman abdullahi,4. M80_4 - Gorad Hassan Nur,5. M80_5 - Fathi Abdi Madar,6. M80_6 - Mawlid Abdullahi Mahamud,,2,1 2 3 4 5 6,1. M80-1 - Fathi Abdi Madar<br/>2. M80-2 - Mawlid Abdullahi Mahamud<br/>3. M80-3 - Mukhtar Abdullahi Omaar<br/>4. M80-4 - Gorad Hassan Nur<br/>5. M80-5 - Habiba Mohommed Nur<br/>6. M80-6 - Ardo Taman abdullahi,6,,,,,,,,,,,,,No eligible spouse found.,0,,,uuid:c641d7ce-341d-405b-9601-569e61441b9b,2603230738,uuid:c641d7ce-341d-405b-9601-569e61441b9b
14-Apr-2026 07:48:42,13-Apr-2026 11:19:06,14-Apr-2026 07:36:29,536368b28fdd5880,,llrp_team1,samsung|SM-X115|14|SurveyCTO Collect 2.81.5 (387e45a),249,,Daniel,Ahmed,Degahmadaw,Habas dhawr_1,M79,Hadhwanag,8,TechLed,#1f4bd6,4,4,"Dahir ma,alin abdi",2,6,,M79-1,0,1,0.056738893349948416,1,99,1,0,99.05673889334994,1,"1. M79-1 - Dahir ma,alin abdi",0,0.7523611419544313,999,99,Halimo omer ali,1,1,2,M79-2,1,0,0.0690940565686674,2,1,99,0,199.06909405656867,1,2. M79-2 - Halimo omer ali,0,0.7716758211835251,999,99,Ardo mahamed wali,1,6,2,M79-3,0,1,0.6496987936542159,3,99,1,0,99.64969879365421,1,3. M79-3 - Ardo mahamed wali,0,0.5611572069954676,999,99,Saynaba abdirahim ali,1,6,2,M79-4,0,1,0.9979996918240072,4,99,1,0,99.997999691824,1,4. M79-4 - Saynaba abdirahim ali,0,0.8994471714160862,999,99,,,,,,,,,,,,,,,,,,,,,,,,,,,,,,,,,,,,,,,,,,,,,,,,,,,,,,,,,,,,,,,,,,,,,,,,,,,,,,,,,,,,,,,,,,,,,,,,,,,,,,,,,,,,,,,,,,,,,,,,,,,,,,,,,,,,,,,,,,,,,,,,,,,,,,,,,,,,,,,,,,,,,,,,,,,,,,,,,,,,,,,,,,,,,,,,,,,,,,,,,,,,,,,,,,,,,,,,,,,,,,,,,,,,,1,99.05673889334994 199.06909405656867 99.64969879365421 99.997999691824,2,4,3,1,,,1. M79_1 - Halimo omer ali,2. M79_2 - Saynaba abdirahim ali,3. M79_3 - Ardo mahamed wali,"4. M79_4 - Dahir ma,alin abdi",,,,1,1 2 3 4,"1. M79-1 - Dahir ma,alin abdi<br/>2. M79-2 - Halimo omer ali<br/>3. M79-3 - Ardo mahamed wali<br/>4. M79-4 - Saynaba abdirahim ali",4,,,,,,,,,,,,,No eligible spouse found.,0,,,uuid:80cfc3a1-e694-4e6a-a6d8-4b99e6f67688,2603230738,uuid:80cfc3a1-e694-4e6a-a6d8-4b99e6f67688
14-Apr-2026 09:11:25,13-Apr-2026 15:06:51,14-Apr-2026 07:51:00,3d73d84ac913aa71,,llrp_team1,samsung|SM-X115|15|SurveyCTO Collect 2.81.5 (387e45a),880,,Anteneh,Husen,Godgod,God God 02_2,M193,Howlwadag,12,Control,#d60000,7,7,Farah  gabey lohos,2,1,,M193-1,1,0,0.28310697591902756,1,1,99,0,199.28310697591903,1,1. M193-1 - Farah  gabey lohos,0,0.18433136207824763,999,99,Mohamud Abdi hade,2,5,,M193-2,0,0,0.7360421403303969,2,99,99,0,0.7360421403303969,1,2. M193-2 - Mohamud Abdi hade,0,0.045305756962697674,999,99,Isnino muhumed hashi,1,6,,M193-3,0,1,0.6832295115703396,3,99,1,0,99.68322951157035,1,3. M193-3 - Isnino muhumed hashi,0,0.5484994332617408,999,99,Nado mohamed roble,1,6,,M193-4,0,1,0.09194234218742448,4,99,1,0,99.09194234218742,1,4. M193-4 - Nado mohamed roble,0,0.09230107878818383,999,99,Farah Ibrahim dahir,1,6,,M193-5,0,1,0.40995017639308373,5,99,1,0,99.40995017639308,1,5. M193-5 - Farah Ibrahim dahir,0,0.24131600091949712,999,99,Raho wali sheik mohamed,1,6,,M193-6,0,1,0.8002683996541685,6,99,1,0,99.80026839965417,1,6. M193-6 - Raho wali sheik mohamed,0,0.9098976581134414,999,99,Baar Abdullahi muhumed,1,3,,M193-7,1,0,0.7506859729731239,7,1,99,0,199.75068597297312,1,7. M193-7 - Baar Abdullahi muhumed,0,0.048401508632503476,999,99,,,,,,,,,,,,,,,,,,,,,,,,,,,,,,,,,,,,,,,,,,,,,,,,,,,,,,,,,,,,,,,,,,,,,,,,,,,,,,,,,,,,,,,,,,,,,,,,,,,,,,,,,,,,,,,,,,,,,,,,,,,,,,,,,,,,,,,,,,,,,,,,,,,,,,,,,,,,,,,,,,,,,,,,,,,,1,199.28310697591903 0.7360421403303969 99.68322951157035 99.09194234218742 99.40995017639308 99.80026839965417 199.75068597297312,7,1,6,3,5,4,1. M193_1 - Baar Abdullahi muhumed,2. M193_2 - Farah  gabey lohos,3. M193_3 - Raho wali sheik mohamed,4. M193_4 - Isnino muhumed hashi,5. M193_5 - Farah Ibrahim dahir,6. M193_6 - Nado mohamed roble,,2,1 3 4 5 6 7,1. M193-1 - Farah  gabey lohos<br/>2. M193-2 - Mohamud Abdi hade<br/>3. M193-3 - Isnino muhumed hashi<br/>4. M193-4 - Nado mohamed roble<br/>5. M193-5 - Farah Ibrahim dahir<br/>6. M193-6 - Raho wali sheik mohamed<br/>7. M193-7 - Baar Abdullahi muhumed,6,,,,,,,,,,,,,No eligible spouse found.,0,,,uuid:57eed1d2-17d9-46f1-8a79-002ab40ff750,2603230738,uuid:57eed1d2-17d9-46f1-8a79-002ab40ff750
14-Apr-2026 09:16:38,13-Apr-2026 10:01:56,14-Apr-2026 09:16:22,d89643955cc62774,,llrp_team1,samsung|SM-X115|15|SurveyCTO Collect 2.81.5 (387e45a),547,,Wesen,Fathiya,Filtu,Filtu 01_2,M156,Anfac,12,Control,#d60000,6,6,Ali mude mog,2,2,,M156-1,1,0,0.6675948002907713,1,1,99,0,199.66759480029077,1,1. M156-1 - Ali mude mog,0,0.9713414956952111,999,99,Aden mahamud hassen,2,6,,M156-2,0,1,0.43887559996740433,2,99,1,0,99.4388755999674,1,2. M156-2 - Aden mahamud hassen,0,0.6397945160155862,999,99,Fadumo mudo mog,1,3,,M156-3,1,0,0.10318392196106496,3,1,99,0,199.10318392196106,1,3. M156-3 - Fadumo mudo mog,0,0.6809462315455508,999,99,Maryan abdi muhumed,1,6,,M156-4,0,1,0.7632809622740325,4,99,1,0,99.76328096227404,1,4. M156-4 - Maryan abdi muhumed,0,0.3275009577590795,999,99,Halimo mahamed abdi,1,5,,M156-5,0,0,0.7349727548434938,5,99,99,0,0.7349727548434938,1,5. M156-5 - Halimo mahamed abdi,0,0.33878871599177895,999,99,Khayr nasir nur,1,6,,M156-6,0,1,0.7479044410957751,6,99,1,0,99.74790444109577,1,6. M156-6 - Khayr nasir nur,0,0.21709235871997568,999,99,,,,,,,,,,,,,,,,,,,,,,,,,,,,,,,,,,,,,,,,,,,,,,,,,,,,,,,,,,,,,,,,,,,,,,,,,,,,,,,,,,,,,,,,,,,,,,,,,,,,,,,,,,,,,,,,,,,,,,,,,,,,,,,,,,,,,,,,,,,,,,,,,,,,,,,,,,,,,,,,,,,,,,,,,,,,,,,,,,,,,,,,,,,,,,,0,199.66759480029077 99.4388755999674 199.10318392196106 99.76328096227404 0.7349727548434938 99.74790444109577,1,3,4,6,2,5,1. M156_1 - Ali mude mog,2. M156_2 - Fadumo mudo mog,3. M156_3 - Maryan abdi muhumed,4. M156_4 - Khayr nasir nur,5. M156_5 - Aden mahamud hassen,6. M156_6 - Halimo mahamed abdi,,2,1 2 3 4 5 6,1. M156-1 - Ali mude mog<br/>2. M156-2 - Aden mahamud hassen<br/>3. M156-3 - Fadumo mudo mog<br/>4. M156-4 - Maryan abdi muhumed<br/>5. M156-5 - Halimo mahamed abdi<br/>6. M156-6 - Khayr nasir nur,6,,,,,,,,,,,,,No eligible spouse found.,0,,,uuid:5759158e-df76-4a1c-aca6-7464079137e3,2603230738,uuid:5759158e-df76-4a1c-aca6-7464079137e3
14-Apr-2026 09:20:51,13-Apr-2026 10:01:31,14-Apr-2026 09:18:42,78b63b5b10d7e676,,llrp_team1,samsung|SM-X115|15|SurveyCTO Collect 2.81.5 (387e45a),440,,Wesen,Hasen,Filtu,01 kebele_1,M151,Nuuri,10,Control,#d60000,9,9,Khadra sabdow abdi,1,6,,M151-1,0,1,0.596481670027022,1,99,1,0,99.59648167002702,1,1. M151-1 - Khadra sabdow abdi,0,0.7742264162002407,999,99,Hukun Mohamed gure,1,6,,M151-2,0,1,0.2355976770929209,2,99,1,0,99.23559767709293,1,2. M151-2 - Hukun Mohamed gure,0,0.3898219121405364,999,99,"Abdia ma,alin abdi",1,6,,M151-3,0,1,0.4973983355109006,3,99,1,0,99.4973983355109,1,"3. M151-3 - Abdia ma,alin abdi",0,0.48560688065739355,999,99,Foziya ali nur,1,3,,M151-4,1,0,0.5966091767703678,4,1,99,0,199.59660917677036,1,4. M151-4 - Foziya ali nur,0,0.09508378348666091,999,99,Samira ibrahim husien,1,6,,M151-5,0,1,0.2509075828407442,5,99,1,0,99.25090758284074,1,5. M151-5 - Samira ibrahim husien,0,0.8235042335603544,999,99,Suleyman abdi nur,2,6,,M151-6,0,1,0.09762839296187309,6,99,1,0,99.09762839296187,1,6. M151-6 - Suleyman abdi nur,0,0.17875563047680676,999,99,Abdia nur abikar,1,6,,M151-7,0,1,0.6135766698663836,7,99,1,0,99.61357666986639,1,7. M151-7 - Abdia nur abikar,0,0.1515400580980737,999,99,Ali nur abikar,2,1,,M151-8,1,0,0.6182823679953319,8,1,99,0,199.61828236799533,1,8. M151-8 - Ali nur abikar,0,0.6373592544606936,999,99,Faiza ali nur,1,6,,M151-9,0,1,0.9087025401107998,9,99,1,0,99.9087025401108,1,9. M151-9 - Faiza ali nur,0,0.6345430996862788,999,99,,,,,,,,,,,,,,,,,,,,,,,,,,,,,,,,,,,,,,,,,,,,,,,,,,,,,,,,,,,,,,,,,,,,,,,,,,,,,,,,,,,,,,,,,,,,,,,,,,,,,,,,,,,,,,,,,,,,,,,,,,,,,,,,,,,,,,1,99.59648167002702 99.23559767709293 99.4973983355109 199.59660917677036 99.25090758284074 99.09762839296187 99.61357666986639 199.61828236799533 99.9087025401108,8,4,9,7,1,3,1. M151_1 - Ali nur abikar,2. M151_2 - Foziya ali nur,3. M151_3 - Faiza ali nur,4. M151_4 - Abdia nur abikar,5. M151_5 - Khadra sabdow abdi,"6. M151_6 - Abdia ma,alin abdi",,2,1 3 4 7 8 9,"1. M151-1 - Khadra sabdow abdi<br/>2. M151-2 - Hukun Mohamed gure<br/>3. M151-3 - Abdia ma,alin abdi<br/>4. M151-4 - Foziya ali nur<br/>5. M151-5 - Samira ibrahim husien<br/>6. M151-6 - Suleyman abdi nur<br/>7. M151-7 - Abdia nur abikar<br/>8. M151-8 - Ali nur abikar<br/>9. M151-9 - Faiza ali nur",6,,,,,,,,,,,,,No eligible spouse found.,0,,,uuid:b9708eab-4a57-4613-a10b-6f2f0389856c,2603230738,uuid:b9708eab-4a57-4613-a10b-6f2f0389856c
14-Apr-2026 09:26:13,13-Apr-2026 10:51:57,14-Apr-2026 08:02:36,cf84d912f7bc03f1,,llrp_team1,samsung|SM-X115|14|SurveyCTO Collect 2.81.5 (387e45a),929,,Anteneh,Abdilahi,Godgod,God-god 01_1,M195,Barwaaqo,12,Control,#d60000,6,6,Karbud mohamed Hassen,2,1,,M195-1,1,0,0.7393678893637324,1,1,99,0,199.73936788936373,1,1. M195-1 - Karbud mohamed Hassen,0,0.5147814475650663,999,99,Awale Ahmed Farah,2,6,,M195-2,0,1,0.2817745893473228,2,99,1,0,99.28177458934732,1,2. M195-2 - Awale Ahmed Farah,0,0.3080340367117006,999,99,Rukiya Hassen shekhow,1,6,,M195-3,0,1,0.2276047192588736,3,99,1,0,99.22760471925888,1,3. M195-3 - Rukiya Hassen shekhow,0,0.05931580620153776,999,99,Hibak Farah jamac,1,6,,M195-4,0,1,0.4437353275381183,4,99,1,0,99.44373532753812,1,4. M195-4 - Hibak Farah jamac,0,0.6567127735027396,999,99,Dama Hussen Hassen,1,6,,M195-5,0,1,0.7646784069497827,5,99,1,0,99.76467840694978,1,5. M195-5 - Dama Hussen Hassen,0,0.45129644881524766,999,99,Ahmed mohamed gedi,2,6,,M195-6,0,1,0.2171687173361656,6,99,1,0,99.21716871733616,1,6. M195-6 - Ahmed mohamed gedi,0,0.01578202071198398,999,99,,,,,,,,,,,,,,,,,,,,,,,,,,,,,,,,,,,,,,,,,,,,,,,,,,,,,,,,,,,,,,,,,,,,,,,,,,,,,,,,,,,,,,,,,,,,,,,,,,,,,,,,,,,,,,,,,,,,,,,,,,,,,,,,,,,,,,,,,,,,,,,,,,,,,,,,,,,,,,,,,,,,,,,,,,,,,,,,,,,,,,,,,,,,,,,1,199.73936788936373 99.28177458934732 99.22760471925888 99.44373532753812 99.76467840694978 99.21716871733616,1,5,4,2,3,6,1. M195_1 - Karbud mohamed Hassen,2. M195_2 - Dama Hussen Hassen,3. M195_3 - Hibak Farah jamac,4. M195_4 - Awale Ahmed Farah,5. M195_5 - Rukiya Hassen shekhow,6. M195_6 - Ahmed mohamed gedi,,1,1 2 3 4 5 6,1. M195-1 - Karbud mohamed Hassen<br/>2. M195-2 - Awale Ahmed Farah<br/>3. M195-3 - Rukiya Hassen shekhow<br/>4. M195-4 - Hibak Farah jamac<br/>5. M195-5 - Dama Hussen Hassen<br/>6. M195-6 - Ahmed mohamed gedi,6,,,,,,,,,,,,,No eligible spouse found.,0,,,uuid:1be51276-affd-4be9-b5f1-dee2a90f6463,2603230738,uuid:1be51276-affd-4be9-b5f1-dee2a90f6463
14-Apr-2026 15:01:40,14-Apr-2026 10:31:11,14-Apr-2026 14:59:08,511b83623529c852,,llrp_team1,samsung|SM-X115|15|SurveyCTO Collect 2.81.5 (387e45a),663,,Daniel,Jamiila,Degahmadaw,Degahmadaw town_1,M71,Hanaan,13,TechLed,#1f4bd6,6,6,Jaweriya Ahmed  dek,1,6,1,M71-1,0,1,0.8553493051383115,1,99,1,0.5,100.35534930513832,1,1. M71-1 - Jaweriya Ahmed  dek,1,0.3035909010773832,0.8553493051383115,1,Hindo Abdi  omer,1,6,2,M71-2,0,1,0.9881484258606842,2,99,1,0,99.98814842586069,1,2. M71-2 - Hindo Abdi  omer,0,0.14868476233469585,999,99,Ekram Ahmed  Eid,1,6,2,M71-3,0,1,0.6280429213430189,3,99,1,0,99.62804292134302,1,3. M71-3 - Ekram Ahmed  Eid,0,0.114543792714627,999,99,Ardo Siyad Jamac,1,1,1,M71-4,1,0,0.5689586738122657,4,1,99,0.5,200.06895867381226,1,4. M71-4 - Ardo Siyad Jamac,1,0.07303130339964148,0.5689586738122657,1,Quresh Askar Tube,1,3,2,M71-5,1,0,0.49182194117657274,5,1,99,0,199.49182194117657,1,5. M71-5 - Quresh Askar Tube,0,0.07068222232721766,999,99,Fadumo Mahamed  muhumed,1,6,2,M71-6,0,1,0.9811964407423047,6,99,1,0,99.98119644074231,1,6. M71-6 - Fadumo Mahamed  muhumed,0,0.17248095265348773,999,99,,,,,,,,,,,,,,,,,,,,,,,,,,,,,,,,,,,,,,,,,,,,,,,,,,,,,,,,,,,,,,,,,,,,,,,,,,,,,,,,,,,,,,,,,,,,,,,,,,,,,,,,,,,,,,,,,,,,,,,,,,,,,,,,,,,,,,,,,,,,,,,,,,,,,,,,,,,,,,,,,,,,,,,,,,,,,,,,,,,,,,,,,,,,,,,1,100.35534930513832 99.98814842586069 99.62804292134302 200.06895867381226 199.49182194117657 99.98119644074231,4,5,1,2,6,3,1. M71_1 - Ardo Siyad Jamac,2. M71_2 - Quresh Askar Tube,3. M71_3 - Jaweriya Ahmed  dek,4. M71_4 - Hindo Abdi  omer,5. M71_5 - Fadumo Mahamed  muhumed,6. M71_6 - Ekram Ahmed  Eid,0.8553493051383115 0.5689586738122657,2,1 2 3 4 5 6,1. M71-1 - Jaweriya Ahmed  dek<br/>2. M71-2 - Hindo Abdi  omer<br/>3. M71-3 - Ekram Ahmed  Eid<br/>4. M71-4 - Ardo Siyad Jamac<br/>5. M71-5 - Quresh Askar Tube<br/>6. M71-6 - Fadumo Mahamed  muhumed,6,1,4,,Jaweriya Ahmed  dek,Ardo Siyad Jamac,,1. Ardo Siyad Jamac (Husband to be interviewed)<br/>,,3. Jaweriya Ahmed  dek (Husband to be interviewed)<br/>,,,,Husbands of Jaweriya Ahmed  dek and Ardo Siyad Jamac must be interviewed.,2,,⚠ Spouse interview required,uuid:9452b662-387e-4372-a5b9-174550579e7c,2603230738,uuid:9452b662-387e-4372-a5b9-174550579e7c
14-Apr-2026 16:11:54,14-Apr-2026 09:27:36,14-Apr-2026 16:11:46,c717d4af0550c362,,llrp_team1,samsung|SM-X115|15|SurveyCTO Collect 2.81.5 (387e45a),721,,Daniel,Amin,Degahmadaw,Degahmadaw 02_1,M77,Shifo,16,HumanLed,#0a8f3c,6,6,Halimo Mahamud Hamdulle,1,1,2,M77-1,1,0,0.15117492543270927,1,1,99,0,199.1511749254327,1,1. M77-1 - Halimo Mahamud Hamdulle,0,0.6811969212722269,999,99,Quraysh Abdullahi Mahamud,1,3,2,M77-2,1,0,0.40814583544383176,2,1,99,0,199.40814583544383,1,2. M77-2 - Quraysh Abdullahi Mahamud,0,0.9601885113073747,999,99,Ruqiya Safi Buluh,1,6,2,M77-3,0,1,0.21494226079237022,3,99,1,0,99.21494226079237,1,3. M77-3 - Ruqiya Safi Buluh,0,0.6540761548259132,999,99,Ayan Abdullahi Nasteh,1,6,2,M77-4,0,1,0.034007053271918,4,99,1,0,99.03400705327192,1,4. M77-4 - Ayan Abdullahi Nasteh,0,0.7392613165815524,999,99,Hindis Dayr abdi,1,6,2,M77-5,0,1,0.695706212598353,5,99,1,0,99.69570621259835,1,5. M77-5 - Hindis Dayr abdi,0,0.8999785859370885,999,99,Fatha Farah Osman,1,6,2,M77-6,0,1,0.08163606481739394,6,99,1,0,99.08163606481739,1,6. M77-6 - Fatha Farah Osman,0,0.2823214805616271,999,99,,,,,,,,,,,,,,,,,,,,,,,,,,,,,,,,,,,,,,,,,,,,,,,,,,,,,,,,,,,,,,,,,,,,,,,,,,,,,,,,,,,,,,,,,,,,,,,,,,,,,,,,,,,,,,,,,,,,,,,,,,,,,,,,,,,,,,,,,,,,,,,,,,,,,,,,,,,,,,,,,,,,,,,,,,,,,,,,,,,,,,,,,,,,,,,1,199.1511749254327 199.40814583544383 99.21494226079237 99.03400705327192 99.69570621259835 99.08163606481739,2,1,5,3,6,4,1. M77_1 - Quraysh Abdullahi Mahamud,2. M77_2 - Halimo Mahamud Hamdulle,3. M77_3 - Hindis Dayr abdi,4. M77_4 - Ruqiya Safi Buluh,5. M77_5 - Fatha Farah Osman,6. M77_6 - Ayan Abdullahi Nasteh,,2,1 2 3 4 5 6,1. M77-1 - Halimo Mahamud Hamdulle<br/>2. M77-2 - Quraysh Abdullahi Mahamud<br/>3. M77-3 - Ruqiya Safi Buluh<br/>4. M77-4 - Ayan Abdullahi Nasteh<br/>5. M77-5 - Hindis Dayr abdi<br/>6. M77-6 - Fatha Farah Osman,6,,,,,,,,,,,,,No eligible spouse found.,0,,,uuid:5d378270-690d-4b04-977f-3d2eec6a6896,2603230738,uuid:5d378270-690d-4b04-977f-3d2eec6a6896
14-Apr-2026 16:11:56,14-Apr-2026 14:30:45,14-Apr-2026 16:11:19,c717d4af0550c362,,llrp_team1,samsung|SM-X115|15|SurveyCTO Collect 2.81.5 (387e45a),474,,Daniel,Amin,Degahmadaw,Degahmadaw 01_1,M78,Himilo,8,HumanLed,#0a8f3c,4,4,Mohomed Husen Omer,2,6,,M78-1,0,1,0.0979394532272383,1,99,1,0,99.09793945322724,1,1. M78-1 - Mohomed Husen Omer,0,0.02315626905868784,999,99,Hashi Abdi Guhad,2,6,,M78-2,0,1,0.268774970975744,2,99,1,0,99.26877497097574,1,2. M78-2 - Hashi Abdi Guhad,0,0.7849849244860518,999,99,Mukhtar Makhtal Qaman,2,6,,M78-3,0,1,0.3920686920480376,3,99,1,0,99.39206869204804,1,3. M78-3 - Mukhtar Makhtal Qaman,0,0.6510665556119746,999,99,Ahmed Abdisalan Hasan,2,6,,M78-4,0,1,0.672278980888517,4,99,1,0,99.67227898088852,1,4. M78-4 - Ahmed Abdisalan Hasan,0,0.9292080899802168,999,99,,,,,,,,,,,,,,,,,,,,,,,,,,,,,,,,,,,,,,,,,,,,,,,,,,,,,,,,,,,,,,,,,,,,,,,,,,,,,,,,,,,,,,,,,,,,,,,,,,,,,,,,,,,,,,,,,,,,,,,,,,,,,,,,,,,,,,,,,,,,,,,,,,,,,,,,,,,,,,,,,,,,,,,,,,,,,,,,,,,,,,,,,,,,,,,,,,,,,,,,,,,,,,,,,,,,,,,,,,,,,,,,,,,,,0,99.09793945322724 99.26877497097574 99.39206869204804 99.67227898088852,4,3,2,1,,,1. M78_1 - Ahmed Abdisalan Hasan,2. M78_2 - Mukhtar Makhtal Qaman,3. M78_3 - Hashi Abdi Guhad,4. M78_4 - Mohomed Husen Omer,,,,0,1 2 3 4,1. M78-1 - Mohomed Husen Omer<br/>2. M78-2 - Hashi Abdi Guhad<br/>3. M78-3 - Mukhtar Makhtal Qaman<br/>4. M78-4 - Ahmed Abdisalan Hasan,4,,,,,,,,,,,,,No eligible spouse found.,0,,,uuid:acac87b9-22e2-4cf0-b827-424478781880,2603230738,uuid:acac87b9-22e2-4cf0-b827-424478781880
14-Apr-2026 18:14:51,14-Apr-2026 10:48:44,14-Apr-2026 18:13:50,8e28ba7f870e07da,,llrp_team1,samsung|SM-X115|16|SurveyCTO Collect 2.81.5 (387e45a),456,,Wesen,Abdinasir,Filtu,Bood bood_1,M158,Ilays,9,TechLed,#1f4bd6,8,8,Yunis Hussein Abdullahi,2,1,,M158-1,1,0,0.43309231598736364,1,1,99,0,199.43309231598735,1,1. M158-1 - Yunis Hussein Abdullahi,0,0.13158984033928,999,99,Ahmed Hussein Baraw,2,6,,M158-2,0,1,0.6723063843337433,2,99,1,0,99.67230638433374,1,2. M158-2 - Ahmed Hussein Baraw,0,0.9557635208969881,999,99,Abdi Mohamed Mumin,2,6,,M158-3,0,1,0.27698970198118456,3,99,1,0,99.27698970198118,1,3. M158-3 - Abdi Mohamed Mumin,0,0.23640802519327664,999,99,Abdirahman Ifiye Abdi,2,6,,M158-4,0,1,0.9222608615768669,4,99,1,0,99.92226086157687,1,4. M158-4 - Abdirahman Ifiye Abdi,0,0.4915087720820154,999,99,Abubeker Hussein Abdullahi,2,6,,M158-5,0,1,0.5442899925364985,5,99,1,0,99.5442899925365,1,5. M158-5 - Abubeker Hussein Abdullahi,0,0.26961327440016136,999,99,Mohamed Abdi Hassen,2,6,,M158-6,0,1,0.6548598786500847,6,99,1,0,99.65485987865009,1,6. M158-6 - Mohamed Abdi Hassen,0,0.7339921114689621,999,99,Hussein Areb Isak,2,6,,M158-7,0,1,0.45682935348528475,7,99,1,0,99.45682935348529,1,7. M158-7 - Hussein Areb Isak,0,0.621191098059352,999,99,Fadumo Mohamud Liban,1,3,2,M158-8,1,0,0.4304532933262969,8,1,99,0,199.4304532933263,1,8. M158-8 - Fadumo Mohamud Liban,0,0.5002775989209821,999,99,,,,,,,,,,,,,,,,,,,,,,,,,,,,,,,,,,,,,,,,,,,,,,,,,,,,,,,,,,,,,,,,,,,,,,,,,,,,,,,,,,,,,,,,,,,,,,,,,,,,,,,,,,,,,,,,,,,,,,,,,,,,,,,,,,,,,,,,,,,,,,,,,,,,,,,,,1,199.43309231598735 99.67230638433374 99.27698970198118 99.92226086157687 99.5442899925365 99.65485987865009 99.45682935348529 199.4304532933263,1,8,4,2,6,5,1. M158_1 - Yunis Hussein Abdullahi,2. M158_2 - Fadumo Mohamud Liban,3. M158_3 - Abdirahman Ifiye Abdi,4. M158_4 - Ahmed Hussein Baraw,5. M158_5 - Mohamed Abdi Hassen,6. M158_6 - Abubeker Hussein Abdullahi,,2,1 2 4 5 6 8,1. M158-1 - Yunis Hussein Abdullahi<br/>2. M158-2 - Ahmed Hussein Baraw<br/>3. M158-3 - Abdi Mohamed Mumin<br/>4. M158-4 - Abdirahman Ifiye Abdi<br/>5. M158-5 - Abubeker Hussein Abdullahi<br/>6. M158-6 - Mohamed Abdi Hassen<br/>7. M158-7 - Hussein Areb Isak<br/>8. M158-8 - Fadumo Mohamud Liban,6,,,,,,,,,,,,,No eligible spouse found.,0,,,uuid:151102b1-d78b-405f-be0b-514fd97d4ddb,2603230738,uuid:151102b1-d78b-405f-be0b-514fd97d4ddb
14-Apr-2026 18:17:46,14-Apr-2026 11:44:47,14-Apr-2026 18:13:07,43563d0bd9b9000f,,llrp_team1,samsung|SM-X115|16|SurveyCTO Collect 2.81.5 (387e45a),676,,Wesen,Abbe,Filtu,Xaydimtu_1,M153,Qooh,14,TechLed,#1f4bd6,8,8,Asha Abdi Aden,1,6,2,M153-1,0,1,0.008086868698457095,1,99,1,0,99.00808686869846,1,1. M153-1 - Asha Abdi Aden,0,0.7263768246532528,999,99,Sadiya Haji Abdi,1,6,2,M153-2,0,1,0.29867241412756473,2,99,1,0,99.29867241412757,1,2. M153-2 - Sadiya Haji Abdi,0,0.8181868607340176,999,99,Hassen Kasim Abdile,2,6,,M153-3,0,1,0.06733185404993514,3,99,1,0,99.06733185404994,1,3. M153-3 - Hassen Kasim Abdile,0,0.021988556411934645,999,99,Salad Daud Osman,2,5,,M153-4,0,0,0.24311833255631687,4,99,99,0,0.24311833255631687,1,4. M153-4 - Salad Daud Osman,0,0.23163164214431942,999,99,Alim Daud Osman,2,6,,M153-5,0,1,0.8928147880306117,5,99,1,0,99.8928147880306,1,5. M153-5 - Alim Daud Osman,0,0.5423194180265731,999,99,Isaq Abdi Muhumed,2,6,,M153-6,0,1,0.7587323434390759,6,99,1,0,99.75873234343908,1,6. M153-6 - Isaq Abdi Muhumed,0,0.18416431615089568,999,99,Osman Muhumed Alim,2,6,,M153-7,0,1,0.8072530372254959,7,99,1,0,99.8072530372255,1,7. M153-7 - Osman Muhumed Alim,0,0.8086577940040153,999,99,Aden Daud Osman,2,6,,M153-8,0,1,0.7630195761431995,8,99,1,0,99.7630195761432,1,8. M153-8 - Aden Daud Osman,0,0.7429278667128033,999,99,,,,,,,,,,,,,,,,,,,,,,,,,,,,,,,,,,,,,,,,,,,,,,,,,,,,,,,,,,,,,,,,,,,,,,,,,,,,,,,,,,,,,,,,,,,,,,,,,,,,,,,,,,,,,,,,,,,,,,,,,,,,,,,,,,,,,,,,,,,,,,,,,,,,,,,,,0,99.00808686869846 99.29867241412757 99.06733185404994 0.24311833255631687 99.8928147880306 99.75873234343908 99.8072530372255 99.7630195761432,5,7,8,6,2,3,1. M153_1 - Alim Daud Osman,2. M153_2 - Osman Muhumed Alim,3. M153_3 - Aden Daud Osman,4. M153_4 - Isaq Abdi Muhumed,5. M153_5 - Sadiya Haji Abdi,6. M153_6 - Hassen Kasim Abdile,,0,2 3 5 6 7 8,1. M153-1 - Asha Abdi Aden<br/>2. M153-2 - Sadiya Haji Abdi<br/>3. M153-3 - Hassen Kasim Abdile<br/>4. M153-4 - Salad Daud Osman<br/>5. M153-5 - Alim Daud Osman<br/>6. M153-6 - Isaq Abdi Muhumed<br/>7. M153-7 - Osman Muhumed Alim<br/>8. M153-8 - Aden Daud Osman,6,,,,,,,,,,,,,No eligible spouse found.,0,,,uuid:c2f6f175-55ec-4d6c-9fb7-0c4d8298ebc5,2603230738,uuid:c2f6f175-55ec-4d6c-9fb7-0c4d8298ebc5
14-Apr-2026 21:21:57,14-Apr-2026 09:57:36,14-Apr-2026 10:05:06,77f1a9f1d6894071,,llrp_team1,samsung|SM-X115|15|SurveyCTO Collect 2.81.5 (387e45a),450,,Daniel,Hakima,Hadhagala,Kebele 03_1,M224,Halgan,12,HumanLed,#0a8f3c,6,6,Abdirahman Ahmed Hassen,2,6,,M224-1,0,1,0.39796069370640585,1,99,1,0,99.39796069370641,1,1. M224-1 - Abdirahman Ahmed Hassen,0,0.09338665022342874,999,99,Mohamed Mumin Muse,2,2,,M224-2,0,0,0.8779520381660423,2,99,99,0,0.8779520381660423,1,2. M224-2 - Mohamed Mumin Muse,0,0.46705435773102244,999,99,Awale Osman Hadi,2,1,,M224-3,1,0,0.15832665023214376,3,1,99,0,199.15832665023214,1,3. M224-3 - Awale Osman Hadi,0,0.28981854537687113,999,99,Abdinasir Idle Muse,2,6,,M224-4,0,1,0.0035877856409733955,4,99,1,0,99.00358778564097,1,4. M224-4 - Abdinasir Idle Muse,0,0.7025829736992856,999,99,Shugri Mohamed Magare,1,3,1,M224-5,1,0,0.2439375636261939,5,1,99,0.5,199.7439375636262,1,5. M224-5 - Shugri Mohamed Magare,1,0.46621125474408853,0.2439375636261939,1,Mohamud Mohamed Hassen,2,6,,M224-6,0,1,0.2622944914481753,6,99,1,0,99.26229449144817,1,6. M224-6 - Mohamud Mohamed Hassen,0,0.041192135698073784,999,99,,,,,,,,,,,,,,,,,,,,,,,,,,,,,,,,,,,,,,,,,,,,,,,,,,,,,,,,,,,,,,,,,,,,,,,,,,,,,,,,,,,,,,,,,,,,,,,,,,,,,,,,,,,,,,,,,,,,,,,,,,,,,,,,,,,,,,,,,,,,,,,,,,,,,,,,,,,,,,,,,,,,,,,,,,,,,,,,,,,,,,,,,,,,,,,1,99.39796069370641 0.8779520381660423 199.15832665023214 99.00358778564097 199.7439375636262 99.26229449144817,5,3,1,6,4,2,1. M224_1 - Shugri Mohamed Magare,2. M224_2 - Awale Osman Hadi,3. M224_3 - Abdirahman Ahmed Hassen,4. M224_4 - Mohamud Mohamed Hassen,5. M224_5 - Abdinasir Idle Muse,6. M224_6 - Mohamed Mumin Muse,0.2439375636261939,2,1 2 3 4 5 6,1. M224-1 - Abdirahman Ahmed Hassen <br/>2. M224-2 - Mohamed Mumin Muse <br/>3. M224-3 - Awale Osman Hadi<br/>4. M224-4 - Abdinasir Idle Muse<br/>5. M224-5 - Shugri Mohamed Magare<br/>6. M224-6 - Mohamud Mohamed Hassen,6,5,,,Shugri Mohamed Magare,,,1. Shugri Mohamed Magare (Husband to be interviewed)<br/>,,,,,,Husband of Shugri Mohamed Magare must be interviewed.,1,,⚠ Spouse interview required,uuid:b4c5ba8e-cc34-4be6-b237-9dffac89a823,2603230738,uuid:b4c5ba8e-cc34-4be6-b237-9dffac89a823
15-Apr-2026 15:46:10,14-Apr-2026 08:54:28,15-Apr-2026 15:45:30,15aee2f9fc7423e8,,llrp_team1,samsung|SM-X115|16|SurveyCTO Collect 2.81.5 (387e45a),787,,Anteneh,Abdirezaq,Godgod,God God 02_1,M192,Xidig,12,TechLed,#1f4bd6,6,6,Kamaas nuur abdi,2,1,,M192-1,1,0,0.6594579051016659,1,1,99,0,199.65945790510168,1,1. M192-1 - Kamaas nuur abdi,0,0.35363954119328433,999,99,Fatumo osman omer,2,6,,M192-2,0,1,0.29016891687088886,2,99,1,0,99.29016891687088,1,2. M192-2 - Fatumo osman omer,0,0.9745232156380395,999,99,Mohammed hinifo Ahmed,2,6,,M192-3,0,1,0.6114980094364076,3,99,1,0,99.6114980094364,1,3. M192-3 - Mohammed hinifo Ahmed,0,0.16931495581152745,999,99,Muhammud Mohammed yarewo,2,6,,M192-4,0,1,0.965275554821828,4,99,1,0,99.96527555482183,1,4. M192-4 - Muhammud Mohammed yarewo,0,0.09109952556327239,999,99,Rahmo Ahmed nuur,1,6,2,M192-5,0,1,0.8885133674904443,5,99,1,0,99.88851336749045,1,5. M192-5 - Rahmo Ahmed nuur,0,0.5966773344524207,999,99,Jumaa osman omer,1,6,2,M192-6,0,1,0.513179397641938,6,99,1,0,99.51317939764193,1,6. M192-6 - Jumaa osman omer,0,0.7771617266258649,999,99,,,,,,,,,,,,,,,,,,,,,,,,,,,,,,,,,,,,,,,,,,,,,,,,,,,,,,,,,,,,,,,,,,,,,,,,,,,,,,,,,,,,,,,,,,,,,,,,,,,,,,,,,,,,,,,,,,,,,,,,,,,,,,,,,,,,,,,,,,,,,,,,,,,,,,,,,,,,,,,,,,,,,,,,,,,,,,,,,,,,,,,,,,,,,,,1,199.65945790510168 99.29016891687088 99.6114980094364 99.96527555482183 99.88851336749045 99.51317939764193,1,4,5,3,6,2,1. M192_1 - Kamaas nuur abdi,2. M192_2 - Muhammud Mohammed yarewo,3. M192_3 - Rahmo Ahmed nuur,4. M192_4 - Mohammed hinifo Ahmed,5. M192_5 - Jumaa osman omer,6. M192_6 - Fatumo osman omer,,1,1 2 3 4 5 6,1. M192-1 - Kamaas nuur abdi<br/>2. M192-2 - Fatumo osman omer<br/>3. M192-3 - Mohammed hinifo Ahmed<br/>4. M192-4 - Muhammud Mohammed yarewo<br/>5. M192-5 - Rahmo Ahmed nuur<br/>6. M192-6 - Jumaa osman omer,6,,,,,,,,,,,,,No eligible spouse found.,0,,,uuid:77113fbc-9eef-40c7-9feb-435dc0495758,2603230738,uuid:77113fbc-9eef-40c7-9feb-435dc0495758
15-Apr-2026 18:36:03,13-Apr-2026 08:44:36,13-Apr-2026 08:50:55,d2ebdf8d6eda08cd,,llrp_team1,samsung|SM-A166P|16|SurveyCTO Collect 2.81.5 (387e45a),337,,Anteneh,Afriya,Galhamur,Galhamur02_1,M175,Barwaqo,10,HumanLed,#0a8f3c,6,6,Fadumo Bashir Abdullahi,1,6,2,M175-1,0,1,0.02399061964874971,1,99,1,0,99.02399061964876,1,1. M175-1 - Fadumo Bashir Abdullahi,0,0.4193768730139872,999,99,Nadifo Dagwal Salad,1,6,2,M175-2,0,1,0.5207318835421008,2,99,1,0,99.5207318835421,1,2. M175-2 - Nadifo Dagwal Salad,0,0.4501985016390181,999,99,Ayini Mohamed Hassen,1,3,2,M175-3,1,0,0.3771700386335999,3,1,99,0,199.3771700386336,1,3. M175-3 - Ayini Mohamed Hassen,0,0.3379809890908435,999,99,Leylo Farah Gele,1,6,2,M175-4,0,1,0.7277031205838802,4,99,1,0,99.72770312058388,1,4. M175-4 - Leylo Farah Gele,0,0.06474428809549393,999,99,Farhiya Abdirahman Sugule,1,6,2,M175-5,0,1,0.3692366575891409,5,99,1,0,99.36923665758914,1,5. M175-5 - Farhiya Abdirahman Sugule,0,0.331448209206636,999,99,Tirik Hussein Farah,1,6,2,M175-6,0,1,0.10352762417037198,6,99,1,0,99.10352762417037,1,6. M175-6 - Tirik Hussein Farah,0,0.12152450115346092,999,99,,,,,,,,,,,,,,,,,,,,,,,,,,,,,,,,,,,,,,,,,,,,,,,,,,,,,,,,,,,,,,,,,,,,,,,,,,,,,,,,,,,,,,,,,,,,,,,,,,,,,,,,,,,,,,,,,,,,,,,,,,,,,,,,,,,,,,,,,,,,,,,,,,,,,,,,,,,,,,,,,,,,,,,,,,,,,,,,,,,,,,,,,,,,,,,0,99.02399061964876 99.5207318835421 199.3771700386336 99.72770312058388 99.36923665758914 99.10352762417037,3,4,2,5,6,1,1. M175_1 - Ayini Mohamed Hassen,2. M175_2 - Leylo Farah Gele,3. M175_3 - Nadifo Dagwal Salad,4. M175_4 - Farhiya Abdirahman Sugule,5. M175_5 - Tirik Hussein Farah,6. M175_6 - Fadumo Bashir Abdullahi,,1,1 2 3 4 5 6,1. M175-1 - Fadumo Bashir Abdullahi <br/>2. M175-2 - Nadifo Dagwal Salad <br/>3. M175-3 - Ayini Mohamed Hassen <br/>4. M175-4 - Leylo Farah Gele<br/>5. M175-5 - Farhiya Abdirahman Sugule<br/>6. M175-6 - Tirik Hussein Farah,6,,,,,,,,,,,,,No eligible spouse found.,0,,,uuid:7bdf4966-1557-42e9-835b-6c3546f5a79e,2603230738,uuid:7bdf4966-1557-42e9-835b-6c3546f5a79e
16-Apr-2026 08:17:20,15-Apr-2026 10:26:25,16-Apr-2026 08:16:58,84a08d6ca764cc04,,llrp_team1,samsung|SM-X115|15|SurveyCTO Collect 2.81.5 (387e45a),457,,Anteneh,Osman,Godgod,God-01_1,M189,Iftiin,12,Control,#d60000,6,6,Mohamed Abdi Ahmed,2,6,,M189-1,0,1,0.08935180086811889,1,99,1,0,99.08935180086812,1,1. M189-1 - Mohamed Abdi Ahmed,0,0.7563789000533867,999,99,Awale Abdulahi Duwane,2,1,,M189-2,1,0,0.5373638815350115,2,1,99,0,199.53736388153501,1,2. M189-2 - Awale Abdulahi Duwane,0,0.9902707819990916,999,99,Ahmed Nadier Ahmed,2,6,,M189-3,0,1,0.3694942044676308,3,99,1,0,99.36949420446763,1,3. M189-3 - Ahmed Nadier Ahmed,0,0.7153583229680129,999,99,Roun Sahal Ibrahim,1,6,,M189-4,0,1,0.12578232015046975,4,99,1,0,99.12578232015046,1,4. M189-4 - Roun Sahal Ibrahim,0,0.20052113944847272,999,99,Keiro Mohamed Abshir,1,6,,M189-5,0,1,0.5151504783295608,5,99,1,0,99.51515047832956,1,5. M189-5 - Keiro Mohamed Abshir,0,0.3669903572834937,999,99,Wa'di Ibrahim Aden,2,5,,M189-6,0,0,0.34611772105451066,6,99,99,0,0.34611772105451066,1,6. M189-6 - Wa'di Ibrahim Aden,0,0.951946221836394,999,99,,,,,,,,,,,,,,,,,,,,,,,,,,,,,,,,,,,,,,,,,,,,,,,,,,,,,,,,,,,,,,,,,,,,,,,,,,,,,,,,,,,,,,,,,,,,,,,,,,,,,,,,,,,,,,,,,,,,,,,,,,,,,,,,,,,,,,,,,,,,,,,,,,,,,,,,,,,,,,,,,,,,,,,,,,,,,,,,,,,,,,,,,,,,,,,1,99.08935180086812 199.53736388153501 99.36949420446763 99.12578232015046 99.51515047832956 0.34611772105451066,2,5,3,4,1,6,1. M189_1 - Awale Abdulahi Duwane,2. M189_2 - Keiro Mohamed Abshir,3. M189_3 - Ahmed Nadier Ahmed,4. M189_4 - Roun Sahal Ibrahim,5. M189_5 - Mohamed Abdi Ahmed,6. M189_6 - Wa'di Ibrahim Aden,,1,1 2 3 4 5 6,1. M189-1 - Mohamed Abdi Ahmed<br/>2. M189-2 - Awale Abdulahi Duwane<br/>3. M189-3 - Ahmed Nadier Ahmed<br/>4. M189-4 - Roun Sahal Ibrahim<br/>5. M189-5 - Keiro Mohamed Abshir<br/>6. M189-6 - Wa'di Ibrahim Aden,6,,,,,,,,,,,,,No eligible spouse found.,0,,,uuid:1234be66-1ebb-4f66-9a53-e6cec6b83d5b,2603230738,uuid:1234be66-1ebb-4f66-9a53-e6cec6b83d5b
16-Apr-2026 10:12:17,12-Apr-2026 13:55:05,12-Apr-2026 14:00:16,2ea1ffc601b2cdbf,,llrp_team1,samsung|SM-X115|14|SurveyCTO Collect 2.81.5 (387e45a),305,,Anteneh,Abdinasir,Galhamur,Dudun_1,M173,Durdur,15,Control,#d60000,6,6,Abdirahman abdiwali gabose,2,6,,M173-1,0,1,0.8660774660894447,1,99,1,0,99.86607746608945,1,1. M173-1 - Abdirahman abdiwali gabose,0,0.09112722462887923,999,99,Deka mohamud jama,1,6,,M173-2,0,1,0.7331307586891624,2,99,1,0,99.73313075868916,1,2. M173-2 - Deka mohamud jama,0,0.44854724875568297,999,99,Lul dirie abdi,1,3,,M173-3,1,0,0.24471983027261834,3,1,99,0,199.24471983027263,1,3. M173-3 - Lul dirie abdi,0,0.3064660326227595,999,99,Abdifatah abdirasak jama,2,6,,M173-4,0,1,0.29825027551557526,4,99,1,0,99.29825027551557,1,4. M173-4 - Abdifatah abdirasak jama,0,0.03114297702820834,999,99,Ubah ali kasin,1,6,,M173-5,0,1,0.6274490867850135,5,99,1,0,99.62744908678502,1,5. M173-5 - Ubah ali kasin,0,0.5621144847867774,999,99,Saynab mohamed jama,1,6,,M173-6,0,1,0.743748709197226,6,99,1,0,99.74374870919722,1,6. M173-6 - Saynab mohamed jama,0,0.7846469730355307,999,99,,,,,,,,,,,,,,,,,,,,,,,,,,,,,,,,,,,,,,,,,,,,,,,,,,,,,,,,,,,,,,,,,,,,,,,,,,,,,,,,,,,,,,,,,,,,,,,,,,,,,,,,,,,,,,,,,,,,,,,,,,,,,,,,,,,,,,,,,,,,,,,,,,,,,,,,,,,,,,,,,,,,,,,,,,,,,,,,,,,,,,,,,,,,,,,0,99.86607746608945 99.73313075868916 199.24471983027263 99.29825027551557 99.62744908678502 99.74374870919722,3,1,6,2,5,4,1. M173_1 - Lul dirie abdi,2. M173_2 - Abdirahman abdiwali gabose,3. M173_3 - Saynab mohamed jama,4. M173_4 - Deka mohamud jama,5. M173_5 - Ubah ali kasin,6. M173_6 - Abdifatah abdirasak jama,,1,1 2 3 4 5 6,1. M173-1 - Abdirahman abdiwali gabose<br/>2. M173-2 - Deka mohamud jama <br/>3. M173-3 - Lul dirie abdi<br/>4. M173-4 - Abdifatah abdirasak jama<br/>5. M173-5 - Ubah ali kasin<br/>6. M173-6 - Saynab mohamed jama,6,,,,,,,,,,,,,No eligible spouse found.,0,,,uuid:71b1117f-3d08-4912-aa1e-42c0af2c9e5e,2603230738,uuid:71b1117f-3d08-4912-aa1e-42c0af2c9e5e
16-Apr-2026 10:12:17,13-Apr-2026 08:47:38,13-Apr-2026 08:54:14,2ea1ffc601b2cdbf,,llrp_team1,samsung|SM-X115|14|SurveyCTO Collect 2.81.5 (387e45a),396,,Anteneh,Abdinasir,Galhamur,Galhamur02_2,M176,Mandeeq,10,HumanLed,#0a8f3c,6,6,Mohamed ali kalif,2,3,,M176-1,1,0,0.6036077960526745,1,1,99,0,199.60360779605267,1,1. M176-1 - Mohamed ali kalif,0,0.610194290554708,999,99,Nour ali abdikadir,2,6,,M176-2,0,1,0.18313433278007807,2,99,1,0,99.18313433278007,1,2. M176-2 - Nour ali abdikadir,0,0.18397658087811686,999,99,Ahmed abdikafi ibrahim,2,6,,M176-3,0,1,0.7968954559246021,3,99,1,0,99.7968954559246,1,"3. M176-3 - 
Ahmed abdikafi ibrahim",0,0.4565934512857148,999,99,Sucdi abdirashid mohamed,1,6,2,M176-4,0,1,0.6741025093590773,4,99,1,0,99.67410250935907,1,4. M176-4 - Sucdi abdirashid mohamed,0,0.49811947332992146,999,99,Ayan abdulahi farah,1,6,2,M176-5,0,1,0.48222641682562895,5,99,1,0,99.48222641682563,1,5. M176-5 - Ayan abdulahi farah,0,0.4368657974949537,999,99,Abdikarim mahamud mohamed,2,6,,M176-6,0,1,0.41519590180345134,6,99,1,0,99.41519590180346,1,6. M176-6 - Abdikarim mahamud mohamed,0,0.333826617954471,999,99,,,,,,,,,,,,,,,,,,,,,,,,,,,,,,,,,,,,,,,,,,,,,,,,,,,,,,,,,,,,,,,,,,,,,,,,,,,,,,,,,,,,,,,,,,,,,,,,,,,,,,,,,,,,,,,,,,,,,,,,,,,,,,,,,,,,,,,,,,,,,,,,,,,,,,,,,,,,,,,,,,,,,,,,,,,,,,,,,,,,,,,,,,,,,,,0,199.60360779605267 99.18313433278007 99.7968954559246 99.67410250935907 99.48222641682563 99.41519590180346,1,3,4,5,6,2,1. M176_1 - Mohamed ali kalif,"2. M176_2 - 
Ahmed abdikafi ibrahim",3. M176_3 - Sucdi abdirashid mohamed,4. M176_4 - Ayan abdulahi farah,5. M176_5 - Abdikarim mahamud mohamed,6. M176_6 - Nour ali abdikadir,,1,1 2 3 4 5 6,"1. M176-1 - Mohamed ali kalif<br/>2. M176-2 - Nour ali abdikadir<br/>3. M176-3 - 
Ahmed abdikafi ibrahim<br/>4. M176-4 - Sucdi abdirashid mohamed<br/>5. M176-5 - Ayan abdulahi farah<br/>6. M176-6 - Abdikarim mahamud mohamed",6,,,,,,,,,,,,,No eligible spouse found.,0,,,uuid:cf22a7ef-fa82-404f-89ab-dc8251dd5ad5,2603230738,uuid:cf22a7ef-fa82-404f-89ab-dc8251dd5ad5
16-Apr-2026 10:17:56,14-Apr-2026 09:34:31,16-Apr-2026 10:17:16,8f3862932650ecd7,,llrp_team1,samsung|SM-X115|15|SurveyCTO Collect 2.81.4 (461ba40),653,,Anteneh,Mohamed,Galhamur,Sahadher_1,M171,Erago,14,TechLed,#1f4bd6,8,8,Abdirahman farah Abdilahi,2,1,,M171-1,1,0,0.9718494730500665,1,1,99,0,199.97184947305007,1,1. M171-1 - Abdirahman farah Abdilahi,0,0.6647731652332532,999,99,Seinab Aden Farah,1,6,2,M171-2,0,1,0.7687809364403259,2,99,1,0,99.76878093644032,1,2. M171-2 - Seinab Aden Farah,0,0.8968172076423876,999,99,Seinab Seid Hassan,1,6,2,M171-3,0,1,0.6732202611867039,3,99,1,0,99.6732202611867,1,3. M171-3 - Seinab Seid Hassan,0,0.5882357550906311,999,99,Ali Jama Ise,2,6,,M171-4,0,1,0.9149092111261607,4,99,1,0,99.91490921112616,1,4. M171-4 - Ali Jama Ise,0,0.8239361598237726,999,99,Ahmed Mahamed Shaciye,2,6,,M171-5,0,1,0.4480969396264832,5,99,1,0,99.44809693962648,1,5. M171-5 - Ahmed Mahamed Shaciye,0,0.509237615961973,999,99,Safia Mahamed Ibrahin,1,6,2,M171-6,0,1,0.4208385710948207,6,99,1,0,99.42083857109482,1,6. M171-6 - Safia Mahamed Ibrahin,0,0.08763597180745797,999,99,Abdirasak Ahmed Ismael,2,6,,M171-7,0,1,0.914640386168643,7,99,1,0,99.91464038616864,1,7. M171-7 - Abdirasak Ahmed Ismael,0,0.8261578919189398,999,99,Seid Dubad Ali,2,6,,M171-8,0,1,0.15365166397226193,8,99,1,0,99.15365166397225,1,8. M171-8 - Seid Dubad Ali,0,0.036077764228340525,999,99,,,,,,,,,,,,,,,,,,,,,,,,,,,,,,,,,,,,,,,,,,,,,,,,,,,,,,,,,,,,,,,,,,,,,,,,,,,,,,,,,,,,,,,,,,,,,,,,,,,,,,,,,,,,,,,,,,,,,,,,,,,,,,,,,,,,,,,,,,,,,,,,,,,,,,,,,1,199.97184947305007 99.76878093644032 99.6732202611867 99.91490921112616 99.44809693962648 99.42083857109482 99.91464038616864 99.15365166397225,1,4,7,2,3,5,1. M171_1 - Abdirahman farah Abdilahi,2. M171_2 - Ali Jama Ise,3. M171_3 - Abdirasak Ahmed Ismael,4. M171_4 - Seinab Aden Farah,5. M171_5 - Seinab Seid Hassan,6. M171_6 - Ahmed Mahamed Shaciye,,1,1 2 3 4 5 7,1. M171-1 - Abdirahman farah Abdilahi<br/>2. M171-2 - Seinab Aden Farah<br/>3. M171-3 - Seinab Seid Hassan<br/>4. M171-4 - Ali Jama Ise<br/>5. M171-5 - Ahmed Mahamed Shaciye<br/>6. M171-6 - Safia Mahamed Ibrahin<br/>7. M171-7 - Abdirasak Ahmed Ismael<br/>8. M171-8 - Seid Dubad Ali,6,,,,,,,,,,,,,No eligible spouse found.,0,,,uuid:575d35f9-aa6e-4e56-8b10-ff1ce7f1850e,2603230738,uuid:575d35f9-aa6e-4e56-8b10-ff1ce7f1850e
16-Apr-2026 20:26:55,16-Apr-2026 09:31:57,16-Apr-2026 20:26:07,c717d4af0550c362,,llrp_team1,samsung|SM-X115|15|SurveyCTO Collect 2.81.5 (387e45a),364,,Daniel,Amin,Bilcilbur,Kebele 01_1,M30,Iftin,12,Control,#d60000,7,7,Hamdi Aqil Warsame,1,1,,M30-1,1,0,0.7420599503238146,1,1,99,0,199.7420599503238,1,1. M30-1 - Hamdi Aqil Warsame,0,0.3156080883781721,999,99,Abshir Dheg Tarar,2,6,,M30-2,0,1,0.42436513349163496,2,99,1,0,99.42436513349163,1,2. M30-2 - Abshir Dheg Tarar,0,0.5234725448595459,999,99,Layla Muhumed Ahmed,1,4,,M30-3,1,0,0.22542461022722604,3,1,99,0,199.22542461022724,1,3. M30-3 - Layla Muhumed Ahmed,0,0.3512254414604945,999,99,Hinda Mahamud Sulub,1,6,,M30-4,0,1,0.37400105745078926,4,99,1,0,99.37400105745078,1,4. M30-4 - Hinda Mahamud Sulub,0,0.22026607606148874,999,99,Khadra Ahmed Abdullahi,1,5,,M30-5,0,0,0.7277323149143005,5,99,99,0,0.7277323149143005,1,5. M30-5 - Khadra Ahmed Abdullahi,0,0.8067062594216025,999,99,Fadumo Abdi Ali,1,6,,M30-6,0,1,0.41494117968201316,6,99,1,0,99.41494117968202,1,6. M30-6 - Fadumo Abdi Ali,0,0.8380397497277972,999,99,Ibado Abdullahi Ibrahim,1,4,,M30-7,1,0,0.12856391450535742,7,1,99,0,199.12856391450535,1,7. M30-7 - Ibado Abdullahi Ibrahim,0,0.2537793026082499,999,99,,,,,,,,,,,,,,,,,,,,,,,,,,,,,,,,,,,,,,,,,,,,,,,,,,,,,,,,,,,,,,,,,,,,,,,,,,,,,,,,,,,,,,,,,,,,,,,,,,,,,,,,,,,,,,,,,,,,,,,,,,,,,,,,,,,,,,,,,,,,,,,,,,,,,,,,,,,,,,,,,,,,,,,,,,,,1,199.7420599503238 99.42436513349163 199.22542461022724 99.37400105745078 0.7277323149143005 99.41494117968202 199.12856391450535,1,3,7,2,6,4,1. M30_1 - Hamdi Aqil Warsame,2. M30_2 - Layla Muhumed Ahmed,3. M30_3 - Ibado Abdullahi Ibrahim,4. M30_4 - Abshir Dheg Tarar,5. M30_5 - Fadumo Abdi Ali,6. M30_6 - Hinda Mahamud Sulub,,3,1 2 3 4 6 7,1. M30-1 - Hamdi Aqil Warsame<br/>2. M30-2 - Abshir Dheg Tarar<br/>3. M30-3 - Layla Muhumed Ahmed<br/>4. M30-4 - Hinda Mahamud Sulub<br/>5. M30-5 - Khadra Ahmed Abdullahi<br/>6. M30-6 - Fadumo Abdi Ali<br/>7. M30-7 - Ibado Abdullahi Ibrahim,6,,,,,,,,,,,,,No eligible spouse found.,0,,,uuid:2501b1f5-a5d1-48c1-9661-3f22ad3ae15c,2603230738,uuid:2501b1f5-a5d1-48c1-9661-3f22ad3ae15c
16-Apr-2026 20:26:55,16-Apr-2026 11:35:22,16-Apr-2026 20:26:13,c717d4af0550c362,,llrp_team1,samsung|SM-X115|15|SurveyCTO Collect 2.81.5 (387e45a),174,,Daniel,Amin,Bilcilbur,02 Kebele_2,M37,Gobsoor,10,Control,#d60000,4,4,Abdirahman Kayd Haybe,2,6,,M37-1,0,1,0.5344617201215129,1,99,1,0,99.53446172012151,1,1. M37-1 - Abdirahman Kayd Haybe,0,0.708003762356945,999,99,Shafi Abdi Hirsi,2,1,,M37-2,1,0,0.860438334156865,2,1,99,0,199.86043833415687,1,2. M37-2 - Shafi Abdi Hirsi,0,0.4225746978961247,999,99,Abdullahi Abdi Mahdi,2,6,,M37-3,0,1,0.046710503603463294,3,99,1,0,99.04671050360346,1,3. M37-3 - Abdullahi Abdi Mahdi,0,0.14018979204483728,999,99,Bashir Abdi dubbe,2,6,,M37-4,0,1,0.8832780026428014,4,99,1,0,99.8832780026428,1,4. M37-4 - Bashir Abdi dubbe,0,0.37785066053095107,999,99,,,,,,,,,,,,,,,,,,,,,,,,,,,,,,,,,,,,,,,,,,,,,,,,,,,,,,,,,,,,,,,,,,,,,,,,,,,,,,,,,,,,,,,,,,,,,,,,,,,,,,,,,,,,,,,,,,,,,,,,,,,,,,,,,,,,,,,,,,,,,,,,,,,,,,,,,,,,,,,,,,,,,,,,,,,,,,,,,,,,,,,,,,,,,,,,,,,,,,,,,,,,,,,,,,,,,,,,,,,,,,,,,,,,,1,99.53446172012151 199.86043833415687 99.04671050360346 99.8832780026428,2,4,1,3,,,1. M37_1 - Shafi Abdi Hirsi,2. M37_2 - Bashir Abdi dubbe,3. M37_3 - Abdirahman Kayd Haybe,4. M37_4 - Abdullahi Abdi Mahdi,,,,1,1 2 3 4,1. M37-1 - Abdirahman Kayd Haybe<br/>2. M37-2 - Shafi Abdi Hirsi<br/>3. M37-3 - Abdullahi Abdi Mahdi<br/>4. M37-4 - Bashir Abdi dubbe,4,,,,,,,,,,,,,No eligible spouse found.,0,,,uuid:26b2fb29-55ae-4bbb-9e57-78ffb015625f,2603230738,uuid:26b2fb29-55ae-4bbb-9e57-78ffb015625f
16-Apr-2026 20:37:29,16-Apr-2026 09:21:51,16-Apr-2026 09:33:51,536368b28fdd5880,,llrp_team1,samsung|SM-X115|14|SurveyCTO Collect 2.81.5 (387e45a),585,,Daniel,Ahmed,Bilcilbur,Kebele 02_1,M31,Himilo,12,TechLed,#1f4bd6,8,8,Ramla abdi wahab,1,5,2,M31-1,0,0,0.19936662655646398,1,99,99,0,0.19936662655646398,1,1. M31-1 - Ramla abdi wahab,0,0.14283796002595517,999,99,Hussen abdi mahdi,2,6,,M31-2,0,1,0.06595065289817359,2,99,1,0,99.06595065289817,1,2. M31-2 - Hussen abdi mahdi,0,0.6616778104820438,999,99,Amina ahmed hamud,1,6,2,M31-3,0,1,0.19927171702787372,3,99,1,0,99.19927171702787,1,3. M31-3 - Amina ahmed hamud,0,0.9574569015454254,999,99,Amina dahir ahmed,1,6,2,M31-4,0,1,0.05520274672340286,4,99,1,0,99.05520274672341,1,4. M31-4 - Amina dahir ahmed,0,0.5646333629478102,999,99,Raho mahad abdi,1,6,2,M31-5,0,1,0.12170014729506262,5,99,1,0,99.12170014729506,1,5. M31-5 - Raho mahad abdi,0,0.14353462775049985,999,99,Nasri mahamud abdi,1,6,2,M31-6,0,1,0.7241046185541552,6,99,1,0,99.72410461855415,1,6. M31-6 - Nasri mahamud abdi,0,0.9878564852245248,999,99,Sabad ahmed farah,1,6,2,M31-7,0,1,0.5006549016646126,7,99,1,0,99.50065490166462,1,7. M31-7 - Sabad ahmed farah,0,0.2435545953436854,999,99,Ahmed mahdi ahmed,2,1,,M31-8,1,0,0.08222673667034486,8,1,99,0,199.08222673667035,1,8. M31-8 - Ahmed mahdi ahmed,0,0.4813194637207582,999,99,,,,,,,,,,,,,,,,,,,,,,,,,,,,,,,,,,,,,,,,,,,,,,,,,,,,,,,,,,,,,,,,,,,,,,,,,,,,,,,,,,,,,,,,,,,,,,,,,,,,,,,,,,,,,,,,,,,,,,,,,,,,,,,,,,,,,,,,,,,,,,,,,,,,,,,,,1,0.19936662655646398 99.06595065289817 99.19927171702787 99.05520274672341 99.12170014729506 99.72410461855415 99.50065490166462 199.08222673667035,8,6,7,3,5,2,1. M31_1 - Ahmed mahdi ahmed,2. M31_2 - Nasri mahamud abdi,3. M31_3 - Sabad ahmed farah,4. M31_4 - Amina ahmed hamud,5. M31_5 - Raho mahad abdi,6. M31_6 - Hussen abdi mahdi,,1,2 3 5 6 7 8,1. M31-1 - Ramla abdi wahab<br/>2. M31-2 - Hussen abdi mahdi<br/>3. M31-3 - Amina ahmed hamud<br/>4. M31-4 - Amina dahir ahmed<br/>5. M31-5 - Raho mahad abdi<br/>6. M31-6 - Nasri mahamud abdi<br/>7. M31-7 - Sabad ahmed farah <br/>8. M31-8 - Ahmed mahdi ahmed,6,,,,,,,,,,,,,No eligible spouse found.,0,,,uuid:fb75f52b-2522-4ea4-b937-0b27c87b6b89,2603230738,uuid:fb75f52b-2522-4ea4-b937-0b27c87b6b89
16-Apr-2026 20:37:29,16-Apr-2026 11:32:12,16-Apr-2026 20:33:13,536368b28fdd5880,,llrp_team1,samsung|SM-X115|14|SurveyCTO Collect 2.81.5 (387e45a),598,,Daniel,Ahmed,Bilcilbur,Bil'ilbur 01_1,M39,Hobaan,11,Control,#d60000,6,6,Roda dahir kasim,1,3,,M39-1,1,0,0.2360742894514668,1,1,99,0,199.23607428945147,1,1. M39-1 - Roda dahir kasim,0,0.24764156971693307,999,99,Kadra wali mahamud,1,6,,M39-2,0,1,0.12965752470966108,2,99,1,0,99.12965752470966,1,2. M39-2 - Kadra wali mahamud,0,0.9387179588039635,999,99,Nimo omar sahal,1,6,,M39-3,0,1,0.7232175636536766,3,99,1,0,99.72321756365368,1,3. M39-3 - Nimo omar sahal,0,0.3924881294645841,999,99,Sundus abdi muhumed,1,6,,M39-4,0,1,0.6591826947857792,4,99,1,0,99.65918269478578,1,4. M39-4 - Sundus abdi muhumed,0,0.07244513586390644,999,99,Mahad yusuf mahamud,2,1,,M39-5,1,0,0.208303306992207,5,1,99,0,199.2083033069922,1,5. M39-5 - Mahad yusuf mahamud,0,0.11865346445591729,999,99,Nimo hussen hassen,1,6,,M39-6,0,1,0.6943998431143409,6,99,1,0,99.69439984311434,1,6. M39-6 - Nimo hussen hassen,0,0.7521443121221028,999,99,,,,,,,,,,,,,,,,,,,,,,,,,,,,,,,,,,,,,,,,,,,,,,,,,,,,,,,,,,,,,,,,,,,,,,,,,,,,,,,,,,,,,,,,,,,,,,,,,,,,,,,,,,,,,,,,,,,,,,,,,,,,,,,,,,,,,,,,,,,,,,,,,,,,,,,,,,,,,,,,,,,,,,,,,,,,,,,,,,,,,,,,,,,,,,,1,199.23607428945147 99.12965752470966 99.72321756365368 99.65918269478578 199.2083033069922 99.69439984311434,1,5,3,6,4,2,1. M39_1 - Roda dahir kasim,2. M39_2 - Mahad yusuf mahamud,3. M39_3 - Nimo omar sahal,4. M39_4 - Nimo hussen hassen,5. M39_5 - Sundus abdi muhumed,6. M39_6 - Kadra wali mahamud,,2,1 2 3 4 5 6,1. M39-1 - Roda dahir kasim<br/>2. M39-2 - Kadra wali mahamud<br/>3. M39-3 - Nimo omar sahal<br/>4. M39-4 - Sundus abdi muhumed<br/>5. M39-5 - Mahad yusuf mahamud<br/>6. M39-6 - Nimo hussen hassen,6,,,,,,,,,,,,,No eligible spouse found.,0,,,uuid:c2fce808-815c-4ac6-987c-4b3c3dee6306,2603230738,uuid:c2fce808-815c-4ac6-987c-4b3c3dee6306
17-Apr-2026 07:44:23,16-Apr-2026 09:10:44,17-Apr-2026 07:43:37,31d542a9aea3f2c5,,llrp_team1,Lenovo|Lenovo TB-8504F|8.1.0|SurveyCTO Collect 2.81.5 (387e45a),127,,Anteneh,Abdilahi,Barey,01Kebele_1,M24,Mandeeq,8,Control,#d60000,5,5,Mohamed Ahmed muhumed,2,6,,M24-1,0,1,0.816907338334832,1,99,1,0,99.81690733833483,1,1. M24-1 - Mohamed Ahmed muhumed,0,0.6880247013254346,999,99,Amin Ahmed abdi,2,3,,M24-2,1,0,0.9738226060098131,2,1,99,0,199.9738226060098,1,2. M24-2 - Amin Ahmed abdi,0,0.933087531464541,999,99,Nasri Abdi Hassen,2,5,,M24-3,0,0,0.4280589157454684,3,99,99,0,0.4280589157454684,1,3. M24-3 - Nasri Abdi Hassen,0,0.017749434783491447,999,99,Nour Hussen Hassen,2,6,,M24-4,0,1,0.9782882132180927,4,99,1,0,99.9782882132181,1,4. M24-4 - Nour Hussen Hassen,0,0.24081965639488467,999,99,Hamdi Abdi farah,2,1,,M24-5,1,0,0.5600039496655348,5,1,99,0,199.56000394966554,1,5. M24-5 - Hamdi Abdi farah,0,0.1925345913188763,999,99,,,,,,,,,,,,,,,,,,,,,,,,,,,,,,,,,,,,,,,,,,,,,,,,,,,,,,,,,,,,,,,,,,,,,,,,,,,,,,,,,,,,,,,,,,,,,,,,,,,,,,,,,,,,,,,,,,,,,,,,,,,,,,,,,,,,,,,,,,,,,,,,,,,,,,,,,,,,,,,,,,,,,,,,,,,,,,,,,,,,,,,,,,,,,,,,,,,,,,,,,,,,,,,,,,1,99.81690733833483 199.9738226060098 0.4280589157454684 99.9782882132181 199.56000394966554,2,5,4,1,3,,1. M24_1 - Amin Ahmed abdi,2. M24_2 - Hamdi Abdi farah,3. M24_3 - Nour Hussen Hassen,4. M24_4 - Mohamed Ahmed muhumed,5. M24_5 - Nasri Abdi Hassen,,,2,1 2 3 4 5,1. M24-1 - Mohamed Ahmed muhumed<br/>2. M24-2 - Amin Ahmed abdi<br/>3. M24-3 - Nasri Abdi Hassen<br/>4. M24-4 - Nour Hussen Hassen<br/>5. M24-5 - Hamdi Abdi farah,5,,,,,,,,,,,,,No eligible spouse found.,0,,,uuid:fc9d45f7-bd1a-4ae7-99fc-d2bac92d4b16,2603230738,uuid:fc9d45f7-bd1a-4ae7-99fc-d2bac92d4b16
17-Apr-2026 07:57:21,16-Apr-2026 08:44:08,17-Apr-2026 06:46:05,84a08d6ca764cc04,,llrp_team1,samsung|SM-X115|15|SurveyCTO Collect 2.81.5 (387e45a),455,,Anteneh,Osman,Barey,02 Kebele_1,M23,Haybsan,10,Control,#d60000,6,6,Hassen Hussen Da'ut,2,4,,M23-1,1,0,0.08340458147119967,1,1,99,0,199.0834045814712,1,1. M23-1 - Hassen Hussen Da'ut,0,0.6433070100148645,999,99,Farah Moalin Salad,2,1,,M23-2,1,0,0.5282202059149853,2,1,99,0,199.52822020591498,1,2. M23-2 - Farah Moalin Salad,0,0.9761548597773936,999,99,Ansal Ali Abdulahi,1,6,,M23-3,0,1,0.0028307290926440354,3,99,1,0,99.00283072909265,1,3. M23-3 - Ansal Ali Abdulahi,0,0.8808327321445532,999,99,"Sili,e Mohamed Yousuf",2,5,,M23-4,0,0,0.1734310018107018,4,99,99,0,0.1734310018107018,1,"4. M23-4 - Sili,e Mohamed Yousuf",0,0.9184369986307668,999,99,Abdi Mohamed Ismail,2,6,,M23-5,0,1,0.2803048810627423,5,99,1,0,99.28030488106275,1,5. M23-5 - Abdi Mohamed Ismail,0,0.1945941395217322,999,99,Abdikene Shek Muhumed,2,2,,M23-6,0,0,0.8638671312725076,6,99,99,0,0.8638671312725076,1,6. M23-6 - Abdikene Shek Muhumed,0,0.9695700849748723,999,99,,,,,,,,,,,,,,,,,,,,,,,,,,,,,,,,,,,,,,,,,,,,,,,,,,,,,,,,,,,,,,,,,,,,,,,,,,,,,,,,,,,,,,,,,,,,,,,,,,,,,,,,,,,,,,,,,,,,,,,,,,,,,,,,,,,,,,,,,,,,,,,,,,,,,,,,,,,,,,,,,,,,,,,,,,,,,,,,,,,,,,,,,,,,,,,1,199.0834045814712 199.52822020591498 99.00283072909265 0.1734310018107018 99.28030488106275 0.8638671312725076,2,1,5,3,6,4,1. M23_1 - Farah Moalin Salad,2. M23_2 - Hassen Hussen Da'ut,3. M23_3 - Abdi Mohamed Ismail,4. M23_4 - Ansal Ali Abdulahi,5. M23_5 - Abdikene Shek Muhumed,"6. M23_6 - Sili,e Mohamed Yousuf",,2,1 2 3 4 5 6,"1. M23-1 - Hassen Hussen Da'ut<br/>2. M23-2 - Farah Moalin Salad<br/>3. M23-3 - Ansal Ali Abdulahi<br/>4. M23-4 - Sili,e Mohamed Yousuf<br/>5. M23-5 - Abdi Mohamed Ismail<br/>6. M23-6 - Abdikene Shek Muhumed",6,,,,,,,,,,,,,No eligible spouse found.,0,,,uuid:68b34027-2755-4a75-b8b4-ba73058a89e4,2603230738,uuid:68b34027-2755-4a75-b8b4-ba73058a89e4
17-Apr-2026 07:57:26,16-Apr-2026 16:15:33,17-Apr-2026 06:46:36,84a08d6ca764cc04,,llrp_team1,samsung|SM-X115|15|SurveyCTO Collect 2.81.5 (387e45a),284,,Anteneh,Osman,Barey,Barey 03_2,M22,Daryeel,14,Control,#d60000,6,6,Atosh Irshad Dakane,2,1,,M22-1,1,0,0.7420430900837277,1,1,99,0,199.74204309008374,1,1. M22-1 - Atosh Irshad Dakane,0,0.9081216537880843,999,99,Shafi'e Shek Omer,2,3,,M22-2,1,0,0.4534953956104294,2,1,99,0,199.45349539561042,1,2. M22-2 - Shafi'e Shek Omer,0,0.8531999354372338,999,99,Shugri Shek Abdi,2,6,,M22-3,0,1,0.41441741735868975,3,99,1,0,99.41441741735869,1,3. M22-3 - Shugri Shek Abdi,0,0.5252891885856077,999,99,Muhiyadin Nadier Muse,2,2,,M22-4,0,0,0.27089380309635536,4,99,99,0,0.27089380309635536,1,4. M22-4 - Muhiyadin Nadier Muse,0,0.030781341497388093,999,99,Abshiro Shourie Omer,1,6,,M22-5,0,1,0.6870876566443221,5,99,1,0,99.68708765664432,1,5. M22-5 - Abshiro Shourie Omer,0,0.9125101999326165,999,99,Ikran Ali Mohamed,1,6,,M22-6,0,1,0.88847502540276,6,99,1,0,99.88847502540276,1,6. M22-6 - Ikran Ali Mohamed,0,0.14075664488234663,999,99,,,,,,,,,,,,,,,,,,,,,,,,,,,,,,,,,,,,,,,,,,,,,,,,,,,,,,,,,,,,,,,,,,,,,,,,,,,,,,,,,,,,,,,,,,,,,,,,,,,,,,,,,,,,,,,,,,,,,,,,,,,,,,,,,,,,,,,,,,,,,,,,,,,,,,,,,,,,,,,,,,,,,,,,,,,,,,,,,,,,,,,,,,,,,,,1,199.74204309008374 199.45349539561042 99.41441741735869 0.27089380309635536 99.68708765664432 99.88847502540276,1,2,6,5,3,4,1. M22_1 - Atosh Irshad Dakane,2. M22_2 - Shafi'e Shek Omer,3. M22_3 - Ikran Ali Mohamed,4. M22_4 - Abshiro Shourie Omer,5. M22_5 - Shugri Shek Abdi,6. M22_6 - Muhiyadin Nadier Muse,,2,1 2 3 4 5 6,1. M22-1 - Atosh Irshad Dakane<br/>2. M22-2 - Shafi'e Shek Omer<br/>3. M22-3 - Shugri Shek Abdi<br/>4. M22-4 - Muhiyadin Nadier Muse<br/>5. M22-5 - Abshiro Shourie Omer<br/>6. M22-6 - Ikran Ali Mohamed,6,,,,,,,,,,,,,No eligible spouse found.,0,,,uuid:61b9e159-72c7-49d8-aca9-62f54c4fdfc8,2603230738,uuid:61b9e159-72c7-49d8-aca9-62f54c4fdfc8
17-Apr-2026 08:55:17,16-Apr-2026 16:42:59,17-Apr-2026 07:51:14,cf84d912f7bc03f1,,llrp_team1,samsung|SM-X115|14|SurveyCTO Collect 2.81.5 (387e45a),445,,Anteneh,Abdiresaq,Barey,Barey 01_2,M27,Ayan,10,Control,#d60000,5,5,Abas Abdi Hassen,2,2,,M27-1,0,0,0.856120215431499,1,99,99,0,0.856120215431499,1,1. M27-1 - Abas Abdi Hassen,0,0.9539096382651752,999,99,Farah Ahmed mohamed,2,1,,M27-2,1,0,0.0727114049246319,2,1,99,0,199.07271140492463,1,2. M27-2 - Farah Ahmed mohamed,0,0.08853252076009499,999,99,Aden kahin Abdi,2,6,,M27-3,0,1,0.04844592195270403,3,99,1,0,99.0484459219527,1,3. M27-3 - Aden kahin Abdi,0,0.14675179527657523,999,99,Habsa mahamud moalin,1,6,,M27-4,0,1,0.08428812238602623,4,99,1,0,99.08428812238603,1,4. M27-4 - Habsa mahamud moalin,0,0.03255889685775326,999,99,Ifrah Ahmed hakar,1,6,,M27-5,0,1,0.8653703167225382,5,99,1,0,99.86537031672253,1,5. M27-5 - Ifrah Ahmed hakar,0,0.11557074850123894,999,99,,,,,,,,,,,,,,,,,,,,,,,,,,,,,,,,,,,,,,,,,,,,,,,,,,,,,,,,,,,,,,,,,,,,,,,,,,,,,,,,,,,,,,,,,,,,,,,,,,,,,,,,,,,,,,,,,,,,,,,,,,,,,,,,,,,,,,,,,,,,,,,,,,,,,,,,,,,,,,,,,,,,,,,,,,,,,,,,,,,,,,,,,,,,,,,,,,,,,,,,,,,,,,,,,,1,0.856120215431499 199.07271140492463 99.0484459219527 99.08428812238603 99.86537031672253,2,5,4,3,1,,1. M27_1 - Farah Ahmed mohamed,2. M27_2 - Ifrah Ahmed hakar,3. M27_3 - Habsa mahamud moalin,4. M27_4 - Aden kahin Abdi,5. M27_5 - Abas Abdi Hassen,,,1,1 2 3 4 5,1. M27-1 - Abas Abdi Hassen<br/>2. M27-2 - Farah Ahmed mohamed<br/>3. M27-3 - Aden kahin Abdi<br/>4. M27-4 - Habsa mahamud moalin<br/>5. M27-5 - Ifrah Ahmed hakar,5,,,,,,,,,,,,,No eligible spouse found.,0,,,uuid:62e7e768-196c-47be-96b0-503aee3e77f0,2603230738,uuid:62e7e768-196c-47be-96b0-503aee3e77f0
17-Apr-2026 11:49:16,16-Apr-2026 10:03:30,17-Apr-2026 11:48:39,f9d6a239f0ca8566,,llrp_team1,samsung|SM-X115|15|SurveyCTO Collect 2.81.5 (387e45a),457,,Wesen,Mahamed,Filtu,Filtu 03_1,M154,Heegan,8,Control,#d60000,6,6,Fatima Abdi  Aden,1,3,,M154-1,1,0,0.6227634099328649,1,1,99,0,199.62276340993287,1,1. M154-1 - Fatima Abdi  Aden,0,0.5823489221390221,999,99,Mohamud Abdi hassen,2,4,,M154-2,1,0,0.6033012395901634,2,1,99,0,199.60330123959017,1,2. M154-2 - Mohamud Abdi hassen,0,0.3528556886560763,999,99,Sadik Ahmed  Mohamed,2,2,,M154-3,1,0,0.11590701122359237,3,1,99,0,199.11590701122358,1,3. M154-3 - Sadik Ahmed  Mohamed,0,0.7466504275812551,999,99,Abdikarim  dekow keley,2,6,,M154-4,0,1,0.5517883012068183,4,99,1,0,99.55178830120681,1,4. M154-4 - Abdikarim  dekow keley,0,0.6490527651233644,999,99,Farah  Abdi abdille,2,6,,M154-5,0,1,0.36054435053442835,5,99,1,0,99.36054435053443,1,5. M154-5 - Farah  Abdi abdille,0,0.5174260464298124,999,99,Husein  Aden Yusuf,2,6,,M154-6,0,1,0.5552709018436875,6,99,1,0,99.55527090184368,1,6. M154-6 - Husein  Aden Yusuf,0,0.4761499719942033,999,99,,,,,,,,,,,,,,,,,,,,,,,,,,,,,,,,,,,,,,,,,,,,,,,,,,,,,,,,,,,,,,,,,,,,,,,,,,,,,,,,,,,,,,,,,,,,,,,,,,,,,,,,,,,,,,,,,,,,,,,,,,,,,,,,,,,,,,,,,,,,,,,,,,,,,,,,,,,,,,,,,,,,,,,,,,,,,,,,,,,,,,,,,,,,,,,0,199.62276340993287 199.60330123959017 199.11590701122358 99.55178830120681 99.36054435053443 99.55527090184368,1,2,3,6,4,5,1. M154_1 - Fatima Abdi  Aden,2. M154_2 - Mohamud Abdi hassen,3. M154_3 - Sadik Ahmed  Mohamed,4. M154_4 - Husein  Aden Yusuf,5. M154_5 - Abdikarim  dekow keley,6. M154_6 - Farah  Abdi abdille,,3,1 2 3 4 5 6,1. M154-1 - Fatima Abdi  Aden<br/>2. M154-2 - Mohamud Abdi hassen<br/>3. M154-3 - Sadik Ahmed  Mohamed<br/>4. M154-4 - Abdikarim  dekow keley<br/>5. M154-5 - Farah  Abdi abdille<br/>6. M154-6 - Husein  Aden Yusuf,6,,,,,,,,,,,,,No eligible spouse found.,0,,,uuid:b388c116-b384-4501-aad8-6280720bd7a9,2603230738,uuid:b388c116-b384-4501-aad8-6280720bd7a9
17-Apr-2026 12:46:51,16-Apr-2026 11:01:23,16-Apr-2026 21:23:30,bc9edd50ac897c82,,llrp_team1,samsung|SM-X115|15|SurveyCTO Collect 2.81.5 (387e45a),456,,Anteneh,Abouker,Barey,Barey 03_1,M21,Aragsan,10,HumanLed,#0a8f3c,6,6,Mahad adid aden,2,6,,M21-1,0,1,0.0796310864944213,1,99,1,0,99.07963108649442,1,1. M21-1 - Mahad adid aden,0,0.4347597599330708,999,99,Ahmed hussen kadiye,2,5,,M21-2,0,0,0.7870475475524954,2,99,99,0,0.7870475475524954,1,2. M21-2 - Ahmed hussen kadiye,0,0.31203882392548477,999,99,Hussen moktar mohamed,2,1,,M21-3,1,0,0.17502674240840377,3,1,99,0,199.1750267424084,1,3. M21-3 - Hussen moktar mohamed,0,0.7194798460332886,999,99,Abdi Hagan fidi,2,6,,M21-4,0,1,0.5876957433305732,4,99,1,0,99.58769574333057,1,4. M21-4 - Abdi Hagan fidi,0,0.15529572177039952,999,99,Idil wayrah dubad,1,3,2,M21-5,1,0,0.6684671893619796,5,1,99,0,199.668467189362,1,5. M21-5 - Idil wayrah dubad,0,0.12475652684550587,999,99,Faysal mohamed saman,2,6,,M21-6,0,1,0.2119102661641883,6,99,1,0,99.21191026616418,1,6. M21-6 - Faysal mohamed saman,0,0.7337759690763052,999,99,,,,,,,,,,,,,,,,,,,,,,,,,,,,,,,,,,,,,,,,,,,,,,,,,,,,,,,,,,,,,,,,,,,,,,,,,,,,,,,,,,,,,,,,,,,,,,,,,,,,,,,,,,,,,,,,,,,,,,,,,,,,,,,,,,,,,,,,,,,,,,,,,,,,,,,,,,,,,,,,,,,,,,,,,,,,,,,,,,,,,,,,,,,,,,,1,99.07963108649442 0.7870475475524954 199.1750267424084 99.58769574333057 199.668467189362 99.21191026616418,5,3,4,6,1,2,1. M21_1 - Idil wayrah dubad,2. M21_2 - Hussen moktar mohamed,3. M21_3 - Abdi Hagan fidi,4. M21_4 - Faysal mohamed saman,5. M21_5 - Mahad adid aden,6. M21_6 - Ahmed hussen kadiye,,2,1 2 3 4 5 6,1. M21-1 - Mahad adid aden<br/>2. M21-2 - Ahmed hussen kadiye<br/>3. M21-3 - Hussen moktar mohamed<br/>4. M21-4 - Abdi Hagan fidi<br/>5. M21-5 - Idil wayrah dubad<br/>6. M21-6 - Faysal mohamed saman,6,,,,,,,,,,,,,No eligible spouse found.,0,,,uuid:ccbbc828-854b-485f-bb02-4b4ef3ca693f,2603230738,uuid:ccbbc828-854b-485f-bb02-4b4ef3ca693f
17-Apr-2026 12:54:46,15-Apr-2026 20:45:14,17-Apr-2026 12:46:51,82e2405be9604681,,llrp_team1,samsung|SM-X115|15|SurveyCTO Collect 2.81.5 (387e45a),571,,Daniel,Daniel,Hadhagala,Ged weyn_1,M218,Kaal,12,TechLed,#1f4bd6,7,7,Abdulahi Tahir Ali,2,6,,M218-1,0,1,0.12535068162401986,1,99,1,0,99.12535068162401,1,1. M218-1 - Abdulahi Tahir Ali,0,0.36360839323296645,999,99,Roble Jamac diriye,2,2,,M218-2,1,0,0.07626439157072129,2,1,99,0,199.07626439157073,1,2. M218-2 - Roble Jamac diriye,0,0.5136781719002971,999,99,Farhan roble guled,2,6,,M218-3,0,1,0.8340334219655975,3,99,1,0,99.8340334219656,1,3. M218-3 - Farhan roble guled,0,0.6818491639602193,999,99,Ahmed mumin Ader,2,6,,M218-4,0,1,0.15935593092465838,4,99,1,0,99.15935593092466,1,4. M218-4 - Ahmed mumin Ader,0,0.003377673950486826,999,99,Nimco farah bulale,1,6,2,M218-5,0,1,0.30766407834860143,5,99,1,0,99.30766407834861,1,5. M218-5 - Nimco farah bulale,0,0.23907415428891,999,99,Asha daleye Farah,1,6,2,M218-6,0,1,0.8260365311910791,6,99,1,0,99.82603653119108,1,6. M218-6 - Asha daleye Farah,0,0.2562978854881518,999,99,Maryan roble saban,1,6,2,M218-7,0,1,0.8472807332672884,7,99,1,0,99.84728073326728,1,7. M218-7 - Maryan roble saban,0,0.3107621321503713,999,99,,,,,,,,,,,,,,,,,,,,,,,,,,,,,,,,,,,,,,,,,,,,,,,,,,,,,,,,,,,,,,,,,,,,,,,,,,,,,,,,,,,,,,,,,,,,,,,,,,,,,,,,,,,,,,,,,,,,,,,,,,,,,,,,,,,,,,,,,,,,,,,,,,,,,,,,,,,,,,,,,,,,,,,,,,,,0,99.12535068162401 199.07626439157073 99.8340334219656 99.15935593092466 99.30766407834861 99.82603653119108 99.84728073326728,2,7,3,6,5,4,1. M218_1 - Roble Jamac diriye,2. M218_2 - Maryan roble saban,3. M218_3 - Farhan roble guled,4. M218_4 - Asha daleye Farah,5. M218_5 - Nimco farah bulale,6. M218_6 - Ahmed mumin Ader,,1,2 3 4 5 6 7,1. M218-1 - Abdulahi Tahir Ali<br/>2. M218-2 - Roble Jamac diriye<br/>3. M218-3 - Farhan roble guled<br/>4. M218-4 - Ahmed mumin Ader<br/>5. M218-5 - Nimco farah bulale<br/>6. M218-6 - Asha daleye Farah<br/>7. M218-7 - Maryan roble saban,6,,,,,,,,,,,,,No eligible spouse found.,0,,,uuid:b68ef605-5799-4c73-831a-550ad0f2be29,2603230738,uuid:b68ef605-5799-4c73-831a-550ad0f2be29
17-Apr-2026 12:55:07,16-Apr-2026 14:01:43,17-Apr-2026 12:47:01,82e2405be9604681,,llrp_team1,samsung|SM-X115|15|SurveyCTO Collect 2.81.5 (387e45a),383,,Daniel,Daniel,Hadhagala,Gabi_1,M217,Barwaaqo,15,HumanLed,#0a8f3c,7,7,Abdi usleye darar,2,6,,M217-1,0,1,0.4681235052837507,1,99,1,0,99.46812350528376,1,1. M217-1 - Abdi usleye darar,0,0.829097904268629,999,99,Muse Abadid migale,2,1,,M217-2,1,0,0.05994012149871886,2,1,99,0,199.05994012149873,1,2. M217-2 - Muse Abadid migale,0,0.23023101559409032,999,99,Abdi rayale suge,2,6,,M217-3,0,1,0.0643687231152994,3,99,1,0,99.0643687231153,1,3. M217-3 - Abdi rayale suge,0,0.6032816251217686,999,99,Said hussen waberi,2,5,,M217-4,0,0,0.4148586890371353,4,99,99,0,0.4148586890371353,1,4. M217-4 - Said hussen waberi,0,0.61589682776003,999,99,Saada gire umer,1,6,2,M217-5,0,1,0.7352827812553572,5,99,1,0,99.73528278125536,1,5. M217-5 - Saada gire umer,0,0.7514895716563694,999,99,Abdirsaq Abdulahi muse,2,6,,M217-6,0,1,0.3187197153319924,6,99,1,0,99.318719715332,1,6. M217-6 - Abdirsaq Abdulahi muse,0,0.7009277005220308,999,99,Mustafa muse farah,2,6,,M217-7,0,1,0.21129872211891054,7,99,1,0,99.21129872211891,1,7. M217-7 - Mustafa muse farah,0,0.21215199638047366,999,99,,,,,,,,,,,,,,,,,,,,,,,,,,,,,,,,,,,,,,,,,,,,,,,,,,,,,,,,,,,,,,,,,,,,,,,,,,,,,,,,,,,,,,,,,,,,,,,,,,,,,,,,,,,,,,,,,,,,,,,,,,,,,,,,,,,,,,,,,,,,,,,,,,,,,,,,,,,,,,,,,,,,,,,,,,,,1,99.46812350528376 199.05994012149873 99.0643687231153 0.4148586890371353 99.73528278125536 99.318719715332 99.21129872211891,2,5,1,6,7,3,1. M217_1 - Muse Abadid migale,2. M217_2 - Saada gire umer,3. M217_3 - Abdi usleye darar,4. M217_4 - Abdirsaq Abdulahi muse,5. M217_5 - Mustafa muse farah,6. M217_6 - Abdi rayale suge,,1,1 2 3 5 6 7,1. M217-1 - Abdi usleye darar<br/>2. M217-2 - Muse Abadid migale<br/>3. M217-3 - Abdi rayale suge<br/>4. M217-4 - Said hussen waberi<br/>5. M217-5 - Saada gire umer<br/>6. M217-6 - Abdirsaq Abdulahi muse<br/>7. M217-7 - Mustafa muse farah,6,,,,,,,,,,,,,No eligible spouse found.,0,,,uuid:53d26098-e22f-4fa6-adae-24ad1c14a6c0,2603230738,uuid:53d26098-e22f-4fa6-adae-24ad1c14a6c0
17-Apr-2026 15:49:42,11-Apr-2026 16:12:15,15-Apr-2026 08:58:54,70e4adbae02adb29,,llrp_team1,DOOGEE|T10W|14|SurveyCTO Collect 2.81.5 (387e45a),499,,Daniel,Mehamud,Danbal,Dhuure_1,M49,Alla Wakiil,12,HumanLed,#0a8f3c,7,7,Abubakar dahir muhumed,2,5,,M49-1,0,0,0.35027469469455885,1,99,99,0,0.35027469469455885,1,1. M49-1 - Abubakar dahir muhumed,0,0.5419037907169815,999,99,Faysal husen mumin,2,6,,M49-2,0,1,0.9518515466277482,2,99,1,0,99.95185154662775,1,2. M49-2 - Faysal husen mumin,0,0.2116838982872148,999,99,Maryan Ahmed abtidon,1,6,2,M49-3,0,1,0.37298231915254276,3,99,1,0,99.37298231915254,1,3. M49-3 - Maryan Ahmed abtidon,0,0.8958250558981484,999,99,Asha miad absiye,1,6,2,M49-4,0,1,0.86981380323515,4,99,1,0,99.86981380323515,1,4. M49-4 - Asha miad absiye,0,0.5753667661891166,999,99,Barwaqo abdi elmi,1,4,2,M49-5,1,0,0.3331819316553869,5,1,99,0,199.3331819316554,1,5. M49-5 - Barwaqo abdi elmi,0,0.270040414059702,999,99,Maryan ali bahdon,1,6,2,M49-6,0,1,0.8824955492265281,6,99,1,0,99.88249554922653,1,6. M49-6 - Maryan ali bahdon,0,0.6195707081196932,999,99,Hawa mahamed shekh,1,3,2,M49-7,1,0,0.5242005742193558,7,1,99,0,199.52420057421935,1,7. M49-7 - Hawa mahamed shekh,0,0.165005386765952,999,99,,,,,,,,,,,,,,,,,,,,,,,,,,,,,,,,,,,,,,,,,,,,,,,,,,,,,,,,,,,,,,,,,,,,,,,,,,,,,,,,,,,,,,,,,,,,,,,,,,,,,,,,,,,,,,,,,,,,,,,,,,,,,,,,,,,,,,,,,,,,,,,,,,,,,,,,,,,,,,,,,,,,,,,,,,,,0,0.35027469469455885 99.95185154662775 99.37298231915254 99.86981380323515 199.3331819316554 99.88249554922653 199.52420057421935,7,5,2,6,4,3,1. M49_1 - Hawa mahamed shekh,2. M49_2 - Barwaqo abdi elmi,3. M49_3 - Faysal husen mumin,4. M49_4 - Maryan ali bahdon,5. M49_5 - Asha miad absiye,6. M49_6 - Maryan Ahmed abtidon,,2,2 3 4 5 6 7,1. M49-1 - Abubakar dahir muhumed<br/>2. M49-2 - Faysal husen mumin<br/>3. M49-3 - Maryan Ahmed abtidon<br/>4. M49-4 - Asha miad absiye<br/>5. M49-5 - Barwaqo abdi elmi<br/>6. M49-6 - Maryan ali bahdon<br/>7. M49-7 - Hawa mahamed shekh,6,,,,,,,,,,,,,No eligible spouse found.,0,,,uuid:a2a08790-133d-4e15-b045-1a94b5776724,2603230738,uuid:a2a08790-133d-4e15-b045-1a94b5776724
17-Apr-2026 15:49:44,17-Apr-2026 13:00:23,17-Apr-2026 14:39:10,70e4adbae02adb29,,llrp_team1,DOOGEE|T10W|14|SurveyCTO Collect 2.81.5 (387e45a),552,,Daniel,Mehamud,Hadhagala,Andhabaydh_1,M225,Mandeeq,12,TechLed,#1f4bd6,10,10,Dahir roble hudi,2,1,,M225-1,1,0,0.7551412394751037,1,1,99,0,199.7551412394751,1,1. M225-1 - Dahir roble hudi,0,0.6816930542086299,999,99,Ahmed abdi Aden,2,6,,M225-2,0,1,0.19198672351882096,2,99,1,0,99.19198672351882,1,2. M225-2 - Ahmed abdi Aden,0,0.5739317386139765,999,99,Ali dahir idiris,2,6,,M225-3,0,1,0.2079112784500865,3,99,1,0,99.20791127845008,1,3. M225-3 - Ali dahir idiris,0,0.405412198348962,999,99,Shuayb Adosh darar,2,6,,M225-4,0,1,0.5824913902884906,4,99,1,0,99.5824913902885,1,4. M225-4 - Shuayb Adosh darar,0,0.31791567981016156,999,99,Hamse Ibrahim farah,2,6,,M225-5,0,1,0.18777212033868573,5,99,1,0,99.18777212033869,1,5. M225-5 - Hamse Ibrahim farah,0,0.30643851895995255,999,99,Odeode Aden edle,1,3,2,M225-6,1,0,0.4933799787558687,6,1,99,0,199.49337997875588,1,6. M225-6 - Odeode Aden edle,0,0.4216358267866229,999,99,Amina husen abtidon,1,6,1,M225-7,0,1,0.07673581383333261,7,99,1,0.5,99.57673581383334,1,7. M225-7 - Amina husen abtidon,1,0.281792083389269,0.07673581383333261,1,Omer Ahmed wa'ays,2,6,,M225-8,0,1,0.49145884444819443,8,99,1,0,99.49145884444819,1,8. M225-8 - Omer Ahmed wa'ays,0,0.38310841753164426,999,99,Farhan buh ege,2,2,,M225-9,0,0,0.6187702405438072,9,99,99,0,0.6187702405438072,1,9. M225-9 - Farhan buh ege,0,0.3230923250849007,999,99,Farah asowe abtidon,2,6,,M225-10,0,1,0.9050751823977147,10,99,1,0,99.90507518239771,1,10. M225-10 - Farah asowe abtidon,0,0.9076278544514592,999,99,,,,,,,,,,,,,,,,,,,,,,,,,,,,,,,,,,,,,,,,,,,,,,,,,,,,,,,,,,,,,,,,,,,,,,,,,,,,,,,,,,,,,,,,,,,,,,,,,,,,,,,,,,,,,,,,,,,1,199.7551412394751 99.19198672351882 99.20791127845008 99.5824913902885 99.18777212033869 199.49337997875588 99.57673581383334 99.49145884444819 0.6187702405438072 99.90507518239771,1,6,10,4,7,8,1. M225_1 - Dahir roble hudi,2. M225_2 - Odeode Aden edle,3. M225_3 - Farah asowe abtidon,4. M225_4 - Shuayb Adosh darar,5. M225_5 - Amina husen abtidon,6. M225_6 - Omer Ahmed wa'ays,0.07673581383333261,2,1 4 6 7 8 10,1. M225-1 - Dahir roble hudi<br/>2. M225-2 - Ahmed abdi Aden<br/>3. M225-3 - Ali dahir idiris<br/>4. M225-4 - Shuayb Adosh darar<br/>5. M225-5 - Hamse Ibrahim farah<br/>6. M225-6 - Odeode Aden edle<br/>7. M225-7 - Amina husen abtidon<br/>8. M225-8 - Omer Ahmed wa'ays<br/>9. M225-9 - Farhan buh ege<br/>10. M225-10 - Farah asowe abtidon,6,7,,,Amina husen abtidon,,,,,,,5. Amina husen abtidon (Husband to be interviewed)<br/>,,Husband of Amina husen abtidon must be interviewed.,1,,⚠ Spouse interview required,uuid:23da2de8-df79-4eb0-894e-d469c6df447b,2603230738,uuid:23da2de8-df79-4eb0-894e-d469c6df447b
17-Apr-2026 16:07:58,17-Apr-2026 12:38:39,17-Apr-2026 16:02:03,511b83623529c852,,llrp_team1,samsung|SM-X115|15|SurveyCTO Collect 2.81.5 (387e45a),608,,Daniel,Jamiila,Bilcilbur,Tuli_1,M36,Anfac,12,Control,#d60000,9,9,Mahamed Hashi Dek,2,6,,M36-1,0,1,0.4397646659075065,1,99,1,0,99.4397646659075,1,1. M36-1 - Mahamed Hashi Dek,0,0.9224149896379374,999,99,Ahmed hassan mahamud,2,1,,M36-2,1,0,0.9913290678928619,2,1,99,0,199.99132906789285,1,2. M36-2 - Ahmed hassan mahamud,0,0.7544115644702614,999,99,Raaho Ali Ise,1,3,,M36-3,1,0,0.6182494316885899,3,1,99,0,199.61824943168858,1,3. M36-3 - Raaho Ali Ise,0,0.3512728347326486,999,99,Fadumo  mohamed  ismail,1,2,,M36-4,0,0,0.8916596191448123,4,99,99,0,0.8916596191448123,1,4. M36-4 - Fadumo  mohamed  ismail,0,0.8082342801492561,999,99,Ayaan  mohamed  Ibrahim,1,4,,M36-5,1,0,0.46154369002887996,5,1,99,0,199.4615436900289,1,5. M36-5 - Ayaan  mohamed  Ibrahim,0,0.2591994220459348,999,99,Hawo hussen  harun,1,6,,M36-6,0,1,0.7499375030422766,6,99,1,0,99.74993750304228,1,6. M36-6 - Hawo hussen  harun,0,0.608262081926201,999,99,Ruqiyo wadi osman,1,6,,M36-7,0,1,0.16728002623749827,7,99,1,0,99.16728002623749,1,7. M36-7 - Ruqiyo wadi osman,0,0.5496812367997627,999,99,Fathi mahamed  Ahmed,1,6,,M36-8,0,1,0.8978479495972665,8,99,1,0,99.89784794959726,1,8. M36-8 - Fathi mahamed  Ahmed,0,0.7877749014619041,999,99,Eag Ahmed  Abdullahi,1,6,,M36-9,0,1,0.8133933256256607,9,99,1,0,99.81339332562565,1,9. M36-9 - Eag Ahmed  Abdullahi,0,0.0126433386799637,999,99,,,,,,,,,,,,,,,,,,,,,,,,,,,,,,,,,,,,,,,,,,,,,,,,,,,,,,,,,,,,,,,,,,,,,,,,,,,,,,,,,,,,,,,,,,,,,,,,,,,,,,,,,,,,,,,,,,,,,,,,,,,,,,,,,,,,,,1,99.4397646659075 199.99132906789285 199.61824943168858 0.8916596191448123 199.4615436900289 99.74993750304228 99.16728002623749 99.89784794959726 99.81339332562565,2,3,5,8,9,6,1. M36_1 - Ahmed hassan mahamud,2. M36_2 - Raaho Ali Ise,3. M36_3 - Ayaan  mohamed  Ibrahim,4. M36_4 - Fathi mahamed  Ahmed,5. M36_5 - Eag Ahmed  Abdullahi,6. M36_6 - Hawo hussen  harun,,3,2 3 5 6 8 9,1. M36-1 - Mahamed Hashi Dek<br/>2. M36-2 - Ahmed hassan mahamud<br/>3. M36-3 - Raaho Ali Ise<br/>4. M36-4 - Fadumo  mohamed  ismail<br/>5. M36-5 - Ayaan  mohamed  Ibrahim<br/>6. M36-6 - Hawo hussen  harun<br/>7. M36-7 - Ruqiyo wadi osman<br/>8. M36-8 - Fathi mahamed  Ahmed<br/>9. M36-9 - Eag Ahmed  Abdullahi,6,,,,,,,,,,,,,No eligible spouse found.,0,,,uuid:a1b613c3-c879-4206-8d6b-3db8e0e31ccf,2603230738,uuid:a1b613c3-c879-4206-8d6b-3db8e0e31ccf
17-Apr-2026 16:45:32,16-Apr-2026 14:16:18,17-Apr-2026 16:39:00,77f1a9f1d6894071,,llrp_team1,samsung|SM-X115|15|SurveyCTO Collect 2.81.5 (387e45a),606,,Daniel,Hakima,Hadhagala,Geedi-Hoosh_1,M223,Haybado,12,HumanLed,#0a8f3c,8,8,Mohamed Awale Dibid,2,1,,M223-1,1,0,0.2680700078927112,1,1,99,0,199.2680700078927,1,1. M223-1 - Mohamed Awale Dibid,0,0.1612290493910563,999,99,Abdullahi Buh Adane,2,5,,M223-2,0,0,0.22226383045821563,2,99,99,0,0.22226383045821563,1,2. M223-2 - Abdullahi Buh Adane,0,0.9256932860739765,999,99,Fardosa Adan darar,1,3,1,M223-3,1,0,0.6222951711147039,3,1,99,0.5,200.1222951711147,1,3. M223-3 - Fardosa Adan darar,1,0.763683654294589,0.6222951711147039,1,Asha Waeyis  Ege,1,6,1,M223-4,0,1,0.5680734079047697,4,99,1,0.5,100.06807340790478,1,4. M223-4 - Asha Waeyis  Ege,1,0.15373618952215495,0.5680734079047697,1,Mumina muse Abdullahi,2,6,,M223-5,0,1,0.8036826333170449,5,99,1,0,99.80368263331704,1,5. M223-5 - Mumina muse Abdullahi,0,0.549409696209887,999,99,Mohamud Bisle Samiri,2,6,,M223-6,0,1,0.13226127340505311,6,99,1,0,99.13226127340505,1,6. M223-6 - Mohamud Bisle Samiri,0,0.17994020268729893,999,99,Farah Hussen Roble,2,6,,M223-7,0,1,0.541108362065209,7,99,1,0,99.5411083620652,1,7. M223-7 - Farah Hussen Roble,0,0.44872076867374144,999,99,Asha Hassen Waberi,1,2,1,M223-8,0,0,0.12497416142195206,8,99,99,0.5,0.6249741614219521,1,8. M223-8 - Asha Hassen Waberi,0,0.8366656620603371,999,99,,,,,,,,,,,,,,,,,,,,,,,,,,,,,,,,,,,,,,,,,,,,,,,,,,,,,,,,,,,,,,,,,,,,,,,,,,,,,,,,,,,,,,,,,,,,,,,,,,,,,,,,,,,,,,,,,,,,,,,,,,,,,,,,,,,,,,,,,,,,,,,,,,,,,,,,,1,199.2680700078927 0.22226383045821563 200.1222951711147 100.06807340790478 99.80368263331704 99.13226127340505 99.5411083620652 0.6249741614219521,3,1,4,5,7,6,1. M223_1 - Fardosa Adan darar,2. M223_2 - Mohamed Awale Dibid,3. M223_3 - Asha Waeyis  Ege,4. M223_4 - Mumina muse Abdullahi,5. M223_5 - Farah Hussen Roble,6. M223_6 - Mohamud Bisle Samiri,0.6222951711147039 0.5680734079047697,2,1 3 4 5 6 7,1. M223-1 - Mohamed Awale Dibid<br/>2. M223-2 - Abdullahi Buh Adane<br/>3. M223-3 - Fardosa Adan darar<br/>4. M223-4 - Asha Waeyis  Ege<br/>5. M223-5 - Mumina muse Abdullahi<br/>6. M223-6 - Mohamud Bisle Samiri<br/>7. M223-7 - Farah Hussen Roble<br/>8. M223-8 - Asha Hassen Waberi,6,3,4,,Fardosa Adan darar,Asha Waeyis  Ege,,1. Fardosa Adan darar (Husband to be interviewed)<br/>,,3. Asha Waeyis  Ege (Husband to be interviewed)<br/>,,,,Husbands of Fardosa Adan darar and Asha Waeyis  Ege must be interviewed.,2,,⚠ Spouse interview required,uuid:5bb8b3e7-0b1a-4a29-822d-0c6595a2d541,2603230738,uuid:5bb8b3e7-0b1a-4a29-822d-0c6595a2d541
17-Apr-2026 17:20:55,16-Apr-2026 19:00:20,17-Apr-2026 17:19:51,57b11f490a25fce6,,llrp_team1,samsung|SM-X115|15|SurveyCTO Collect 2.81.5 (387e45a),509,,Daniel,Hasen,Hadhagala,Gedwayn_1,M222,Homuud,10,HumanLed,#0a8f3c,7,7,Idiris diriye medane,2,1,,M222-1,1,0,0.18949956739851348,1,1,99,0,199.1894995673985,1,1. M222-1 - Idiris diriye medane,0,0.8170093381381139,999,99,Mahdi ali hirab,2,2,,M222-2,0,0,0.21153149742451183,2,99,99,0,0.21153149742451183,1,2. M222-2 - Mahdi ali hirab,0,0.1542289658690682,999,99,Usman rage ige,2,4,,M222-3,1,0,0.5964465127630328,3,1,99,0,199.59644651276304,1,3. M222-3 - Usman rage ige,0,0.40810764724729176,999,99,Nuur ibrahim hasen,2,6,,M222-4,0,1,0.5742386113487191,4,99,1,0,99.57423861134872,1,4. M222-4 - Nuur ibrahim hasen,0,0.8882886674656918,999,99,Gire waberi ahmed,2,5,,M222-5,0,0,0.3255933198027522,5,99,99,0,0.3255933198027522,1,5. M222-5 - Gire waberi ahmed,0,0.16520894257939867,999,99,Maryan waliye gele,1,6,1,M222-6,0,1,0.8574374966959325,6,99,1,0.5,100.35743749669594,1,6. M222-6 - Maryan waliye gele,1,0.12694832186149674,0.8574374966959325,1,Madina abdi muuse,1,3,2,M222-7,1,0,0.7703478376509749,7,1,99,0,199.77034783765097,1,7. M222-7 - Madina abdi muuse,0,0.8087726915429464,999,99,,,,,,,,,,,,,,,,,,,,,,,,,,,,,,,,,,,,,,,,,,,,,,,,,,,,,,,,,,,,,,,,,,,,,,,,,,,,,,,,,,,,,,,,,,,,,,,,,,,,,,,,,,,,,,,,,,,,,,,,,,,,,,,,,,,,,,,,,,,,,,,,,,,,,,,,,,,,,,,,,,,,,,,,,,,,1,199.1894995673985 0.21153149742451183 199.59644651276304 99.57423861134872 0.3255933198027522 100.35743749669594 199.77034783765097,7,3,1,6,4,5,1. M222_1 - Madina abdi muuse,2. M222_2 - Usman rage ige,3. M222_3 - Idiris diriye medane,4. M222_4 - Maryan waliye gele,5. M222_5 - Nuur ibrahim hasen,6. M222_6 - Gire waberi ahmed,0.8574374966959325,3,1 3 4 5 6 7,1. M222-1 - Idiris diriye medane<br/>2. M222-2 - Mahdi ali hirab<br/>3. M222-3 - Usman rage ige<br/>4. M222-4 - Nuur ibrahim hasen<br/>5. M222-5 - Gire waberi ahmed<br/>6. M222-6 - Maryan waliye gele<br/>7. M222-7 - Madina abdi muuse,6,6,,,Maryan waliye gele,,,,,,4. Maryan waliye gele (Husband to be interviewed)<br/>,,,Husband of Maryan waliye gele must be interviewed.,1,,⚠ Spouse interview required,uuid:928a5211-a3b5-4959-b0c8-681faa92f13c,2603230738,uuid:928a5211-a3b5-4959-b0c8-681faa92f13c
17-Apr-2026 17:22:01,15-Apr-2026 11:35:36,17-Apr-2026 16:59:36,7697c74e25302763,,llrp_team1,samsung|SM-X115|15|SurveyCTO Collect 2.81.5 (387e45a),329,,Daniel,Idil,Hadhagala,Dhidinle_1,M219,Ihsan,13,TechLed,#1f4bd6,8,8,Amina yonis adan,1,3,1,M219-1,1,0,0.5266538678636525,1,1,99,0.5,200.02665386786364,1,1. M219-1 - Amina yonis adan,1,0.807804542918022,0.5266538678636525,1,Mahmud dharar amud,2,1,,M219-2,1,0,0.8921016849011949,2,1,99,0,199.8921016849012,1,2. M219-2 - Mahmud dharar amud,0,0.6347607141876062,999,99,Aisha Ahmed dharar,1,6,2,M219-3,0,1,0.7719732940918577,3,99,1,0,99.77197329409186,1,3. M219-3 - Aisha Ahmed dharar,0,0.8964618108195411,999,99,Mahdi Ahmed elmi,2,6,,M219-4,0,1,0.30243555856138216,4,99,1,0,99.30243555856138,1,4. M219-4 - Mahdi Ahmed elmi,0,0.46157916926153186,999,99,Habado hussen ateye,1,6,2,M219-5,0,1,0.8556451235957842,5,99,1,0,99.85564512359578,1,5. M219-5 - Habado hussen ateye,0,0.7638302615454714,999,99,Sa'ada hassen maidale,1,6,2,M219-6,0,1,0.8225596908605223,6,99,1,0,99.82255969086052,1,6. M219-6 - Sa'ada hassen maidale,0,0.4607011996320819,999,99,Enabo Ali sugal,1,6,2,M219-7,0,1,0.12199874453145398,7,99,1,0,99.12199874453145,1,7. M219-7 - Enabo Ali sugal,0,0.5159191171220718,999,99,Ali sa'ad arete,2,5,,M219-8,0,0,0.721881860157039,8,99,99,0,0.721881860157039,1,8. M219-8 - Ali sa'ad arete,0,0.2038234546397376,999,99,,,,,,,,,,,,,,,,,,,,,,,,,,,,,,,,,,,,,,,,,,,,,,,,,,,,,,,,,,,,,,,,,,,,,,,,,,,,,,,,,,,,,,,,,,,,,,,,,,,,,,,,,,,,,,,,,,,,,,,,,,,,,,,,,,,,,,,,,,,,,,,,,,,,,,,,,1,200.02665386786364 199.8921016849012 99.77197329409186 99.30243555856138 99.85564512359578 99.82255969086052 99.12199874453145 0.721881860157039,1,2,5,6,3,4,1. M219_1 - Amina yonis adan,2. M219_2 - Mahmud dharar amud,3. M219_3 - Habado hussen ateye,4. M219_4 - Sa'ada hassen maidale,5. M219_5 - Aisha Ahmed dharar,6. M219_6 - Mahdi Ahmed elmi,0.5266538678636525,2,1 2 3 4 5 6,1. M219-1 - Amina yonis adan<br/>2. M219-2 - Mahmud dharar amud<br/>3. M219-3 - Aisha Ahmed dharar<br/>4. M219-4 - Mahdi Ahmed elmi<br/>5. M219-5 - Habado hussen ateye<br/>6. M219-6 - Sa'ada hassen maidale<br/>7. M219-7 - Enabo Ali sugal<br/>8. M219-8 - Ali sa'ad arete,6,1,,,Amina yonis adan,,,1. Amina yonis adan (Husband to be interviewed)<br/>,,,,,,Husband of Amina yonis adan must be interviewed.,1,,⚠ Spouse interview required,uuid:a9c11938-5e22-41e6-bba3-bc28298ea8a5,2603230738,uuid:a9c11938-5e22-41e6-bba3-bc28298ea8a5
17-Apr-2026 17:22:01,16-Apr-2026 16:41:15,17-Apr-2026 16:57:52,7697c74e25302763,,llrp_team1,samsung|SM-X115|15|SurveyCTO Collect 2.81.5 (387e45a),387,,Daniel,Idil,Hadhagala,Birdher_1,M220,Iftin,10,HumanLed,#0a8f3c,6,6,Hussen abdi Ahmed,2,2,,M220-1,1,0,0.2855981283111292,1,1,99,0,199.28559812831114,1,1. M220-1 - Hussen abdi Ahmed,0,0.938154082770361,999,99,Hussen mahmmud ladey,2,6,,M220-2,0,1,0.7248811320163541,2,99,1,0,99.72488113201635,1,2. M220-2 - Hussen mahmmud ladey,0,0.095009513167582,999,99,Nimo Ahmed khalil,1,6,2,M220-3,0,1,0.011196075813118767,3,99,1,0,99.01119607581312,1,3. M220-3 - Nimo Ahmed khalil,0,0.13320858712178685,999,99,Nasteho hadii ali,1,3,2,M220-4,1,0,0.549542261643953,4,1,99,0,199.54954226164395,1,4. M220-4 - Nasteho hadii ali,0,0.7262485298013533,999,99,Abdi omer bare,2,6,,M220-5,0,1,0.7693027781468571,5,99,1,0,99.76930277814685,1,5. M220-5 - Abdi omer bare,0,0.5199675966118784,999,99,Dereye gedi harow,2,6,,M220-6,0,1,0.7366709181840594,6,99,1,0,99.73667091818406,1,6. M220-6 - Dereye gedi harow,0,0.7393170988404113,999,99,,,,,,,,,,,,,,,,,,,,,,,,,,,,,,,,,,,,,,,,,,,,,,,,,,,,,,,,,,,,,,,,,,,,,,,,,,,,,,,,,,,,,,,,,,,,,,,,,,,,,,,,,,,,,,,,,,,,,,,,,,,,,,,,,,,,,,,,,,,,,,,,,,,,,,,,,,,,,,,,,,,,,,,,,,,,,,,,,,,,,,,,,,,,,,,0,199.28559812831114 99.72488113201635 99.01119607581312 199.54954226164395 99.76930277814685 99.73667091818406,4,1,5,6,2,3,1. M220_1 - Nasteho hadii ali,2. M220_2 - Hussen abdi Ahmed,3. M220_3 - Abdi omer bare,4. M220_4 - Dereye gedi harow,5. M220_5 - Hussen mahmmud ladey,6. M220_6 - Nimo Ahmed khalil,,2,1 2 3 4 5 6,1. M220-1 - Hussen abdi Ahmed<br/>2. M220-2 - Hussen mahmmud ladey<br/>3. M220-3 - Nimo Ahmed khalil<br/>4. M220-4 - Nasteho hadii ali<br/>5. M220-5 - Abdi omer bare<br/>6. M220-6 - Dereye gedi harow,6,,,,,,,,,,,,,No eligible spouse found.,0,,,uuid:b08abc48-32b9-4d66-9f9d-4f2f1f08fc34,2603230738,uuid:b08abc48-32b9-4d66-9f9d-4f2f1f08fc34
17-Apr-2026 17:22:01,17-Apr-2026 08:42:27,17-Apr-2026 08:46:50,7697c74e25302763,,llrp_team1,samsung|SM-X115|15|SurveyCTO Collect 2.81.5 (387e45a),263,,Daniel,Idil,Hadhagala,Birdher_1,M220,Iftin,10,HumanLed,#0a8f3c,6,6,Hussen abdi Ahmed,2,2,,M220-1,1,0,0.17509380116258533,1,1,99,0,199.17509380116257,1,1. M220-1 - Hussen abdi Ahmed,0,0.2567509311070214,999,99,Hussen mahmmud ladey,2,6,,M220-2,0,1,0.9883413629046189,2,99,1,0,99.98834136290462,1,2. M220-2 - Hussen mahmmud ladey,0,0.7176285197305236,999,99,Nimo Ahmed khalil,1,6,2,M220-3,0,1,0.8796640886226976,3,99,1,0,99.8796640886227,1,3. M220-3 - Nimo Ahmed khalil,0,0.24430835122425065,999,99,Nesteho hadii ali,1,3,2,M220-4,1,0,0.18238592477858584,4,1,99,0,199.18238592477857,1,4. M220-4 - Nesteho hadii ali,0,0.131659165995468,999,99,Abdi omer bare,2,6,,M220-5,0,1,0.6724516120735072,5,99,1,0,99.6724516120735,1,5. M220-5 - Abdi omer bare,0,0.0677702348986221,999,99,Dereye gedi harow,2,6,,M220-6,0,1,0.936817782739188,6,99,1,0,99.93681778273918,1,6. M220-6 - Dereye gedi harow,0,0.7461136160261553,999,99,,,,,,,,,,,,,,,,,,,,,,,,,,,,,,,,,,,,,,,,,,,,,,,,,,,,,,,,,,,,,,,,,,,,,,,,,,,,,,,,,,,,,,,,,,,,,,,,,,,,,,,,,,,,,,,,,,,,,,,,,,,,,,,,,,,,,,,,,,,,,,,,,,,,,,,,,,,,,,,,,,,,,,,,,,,,,,,,,,,,,,,,,,,,,,,0,199.17509380116257 99.98834136290462 99.8796640886227 199.18238592477857 99.6724516120735 99.93681778273918,4,1,2,6,3,5,1. M220_1 - Nesteho hadii ali,2. M220_2 - Hussen abdi Ahmed,3. M220_3 - Hussen mahmmud ladey,4. M220_4 - Dereye gedi harow,5. M220_5 - Nimo Ahmed khalil,6. M220_6 - Abdi omer bare,,2,1 2 3 4 5 6,1. M220-1 - Hussen abdi Ahmed <br/>2. M220-2 - Hussen mahmmud ladey <br/>3. M220-3 - Nimo Ahmed khalil <br/>4. M220-4 - Nesteho hadii ali <br/>5. M220-5 - Abdi omer bare<br/>6. M220-6 - Dereye gedi harow,6,,,,,,,,,,,,,No eligible spouse found.,0,,,uuid:a0144a3a-eaa5-4f82-84b4-83636dd7f780,2603230738,uuid:a0144a3a-eaa5-4f82-84b4-83636dd7f780
17-Apr-2026 20:56:31,17-Apr-2026 13:01:21,17-Apr-2026 20:54:56,c717d4af0550c362,,llrp_team1,samsung|SM-X115|15|SurveyCTO Collect 2.81.5 (387e45a),214,,Daniel,Amin,Bilcilbur,Mandooyalay_1,M33,Cawo,12,Control,#d60000,4,4,Ifarah Mohomed adan,1,6,,M33-1,0,1,0.9280367923247647,1,99,1,0,99.92803679232476,1,1. M33-1 - Ifarah Mohomed adan,0,0.7657315519227439,999,99,Dhudi Husen ali,1,6,,M33-2,0,1,0.26061661895668586,2,99,1,0,99.26061661895669,1,2. M33-2 - Dhudi Husen ali,0,0.712521257983299,999,99,Fadumo Abdi Modobe,1,6,,M33-3,0,1,0.8961878305962818,3,99,1,0,99.89618783059628,1,3. M33-3 - Fadumo Abdi Modobe,0,0.2650900491846071,999,99,Nimco sheikh mohommed,1,6,,M33-4,0,1,0.3321636076676536,4,99,1,0,99.33216360766765,1,4. M33-4 - Nimco sheikh mohommed,0,0.6874542557693525,999,99,,,,,,,,,,,,,,,,,,,,,,,,,,,,,,,,,,,,,,,,,,,,,,,,,,,,,,,,,,,,,,,,,,,,,,,,,,,,,,,,,,,,,,,,,,,,,,,,,,,,,,,,,,,,,,,,,,,,,,,,,,,,,,,,,,,,,,,,,,,,,,,,,,,,,,,,,,,,,,,,,,,,,,,,,,,,,,,,,,,,,,,,,,,,,,,,,,,,,,,,,,,,,,,,,,,,,,,,,,,,,,,,,,,,,0,99.92803679232476 99.26061661895669 99.89618783059628 99.33216360766765,1,3,4,2,,,1. M33_1 - Ifarah Mohomed adan,2. M33_2 - Fadumo Abdi Modobe,3. M33_3 - Nimco sheikh mohommed,4. M33_4 - Dhudi Husen ali,,,,0,1 2 3 4,1. M33-1 - Ifarah Mohomed adan<br/>2. M33-2 - Dhudi Husen ali<br/>3. M33-3 - Fadumo Abdi Modobe<br/>4. M33-4 - Nimco sheikh mohommed,4,,,,,,,,,,,,,No eligible spouse found.,0,,,uuid:8bb51586-c484-46df-a985-a2a486d42776,2603230738,uuid:8bb51586-c484-46df-a985-a2a486d42776
17-Apr-2026 20:58:25,17-Apr-2026 10:44:22,17-Apr-2026 20:53:44,536368b28fdd5880,,llrp_team1,samsung|SM-X115|14|SurveyCTO Collect 2.81.5 (387e45a),297,,Daniel,Ahmed,Bilcilbur,Galiil_1,M34,Safa,12,Control,#d60000,6,6,Muhubo mahamud farah,1,6,,M34-1,0,1,0.1707591833813189,1,99,1,0,99.17075918338132,1,1. M34-1 - Muhubo mahamud farah,0,0.8706804902854353,999,99,Farhiya gaas harbi,1,6,,M34-2,0,1,0.738504127523708,2,99,1,0,99.73850412752371,1,2. M34-2 - Farhiya gaas harbi,0,0.6653664908375659,999,99,Hinda muktar mahamud,1,6,,M34-3,0,1,0.3308662150487113,3,99,1,0,99.33086621504872,1,3. M34-3 - Hinda muktar mahamud,0,0.93098803173886,999,99,Roda hassen korane,1,6,,M34-4,0,1,0.6104726016796085,4,99,1,0,99.6104726016796,1,4. M34-4 - Roda hassen korane,0,0.055590088328543064,999,99,Kader muktar mahamud,1,6,,M34-5,0,1,0.5745554763698005,5,99,1,0,99.5745554763698,1,5. M34-5 - Kader muktar mahamud,0,0.6718983160015893,999,99,Safiya mahamed absiye,1,3,,M34-6,1,0,0.3275660394517682,6,1,99,0,199.32756603945177,1,6. M34-6 - Safiya mahamed absiye,0,0.3123392310745374,999,99,,,,,,,,,,,,,,,,,,,,,,,,,,,,,,,,,,,,,,,,,,,,,,,,,,,,,,,,,,,,,,,,,,,,,,,,,,,,,,,,,,,,,,,,,,,,,,,,,,,,,,,,,,,,,,,,,,,,,,,,,,,,,,,,,,,,,,,,,,,,,,,,,,,,,,,,,,,,,,,,,,,,,,,,,,,,,,,,,,,,,,,,,,,,,,,0,99.17075918338132 99.73850412752371 99.33086621504872 99.6104726016796 99.5745554763698 199.32756603945177,6,2,4,5,3,1,1. M34_1 - Safiya mahamed absiye,2. M34_2 - Farhiya gaas harbi,3. M34_3 - Roda hassen korane,4. M34_4 - Kader muktar mahamud,5. M34_5 - Hinda muktar mahamud,6. M34_6 - Muhubo mahamud farah,,1,1 2 3 4 5 6,1. M34-1 - Muhubo mahamud farah<br/>2. M34-2 - Farhiya gaas harbi<br/>3. M34-3 - Hinda muktar mahamud<br/>4. M34-4 - Roda hassen korane<br/>5. M34-5 - Kader muktar mahamud<br/>6. M34-6 - Safiya mahamed absiye,6,,,,,,,,,,,,,No eligible spouse found.,0,,,uuid:8924f1c7-faaf-48b8-af48-e502ce3c60d1,2603230738,uuid:8924f1c7-faaf-48b8-af48-e502ce3c60d1
17-Apr-2026 20:59:02,17-Apr-2026 10:54:35,17-Apr-2026 20:55:49,f77a4bfd7ada2cec,,llrp_team1,samsung|SM-X115|15|SurveyCTO Collect 2.81.5 (387e45a),519,,Daniel,Abdireshid,Bilcilbur,Mandooyalay_2,M38,Wadani,12,HumanLed,#0a8f3c,6,6,Farah Moalin Abdi,2,6,,M38-1,0,1,0.9657704137022696,1,99,1,0,99.96577041370227,1,1. M38-1 - Farah Moalin Abdi,0,0.4290939602763203,999,99,Mohamed Hassan Daud,2,5,,M38-2,0,0,0.956333931904532,2,99,99,0,0.956333931904532,1,2. M38-2 - Mohamed Hassan Daud,0,0.5848183851870379,999,99,Mohamoud Omar Igrays,2,6,,M38-3,0,1,0.3394100937904191,3,99,1,0,99.33941009379042,1,3. M38-3 - Mohamoud Omar Igrays,0,0.2896506639949179,999,99,Mowlid Wadi Nur,2,1,,M38-4,1,0,0.33009655206955435,4,1,99,0,199.33009655206956,1,4. M38-4 - Mowlid Wadi Nur,0,0.03927154149309331,999,99,Nasri Hirsi Sulub,1,3,1,M38-5,1,0,0.9619031364175645,5,1,99,0.5,200.46190313641756,1,5. M38-5 - Nasri Hirsi Sulub,1,0.2072396330288504,0.9619031364175645,1,Fathi Barkhadle Hassan,1,4,2,M38-6,1,0,0.9923738719705073,6,1,99,0,199.9923738719705,1,6. M38-6 - Fathi Barkhadle Hassan,0,0.26012980778060324,999,99,,,,,,,,,,,,,,,,,,,,,,,,,,,,,,,,,,,,,,,,,,,,,,,,,,,,,,,,,,,,,,,,,,,,,,,,,,,,,,,,,,,,,,,,,,,,,,,,,,,,,,,,,,,,,,,,,,,,,,,,,,,,,,,,,,,,,,,,,,,,,,,,,,,,,,,,,,,,,,,,,,,,,,,,,,,,,,,,,,,,,,,,,,,,,,,1,99.96577041370227 0.956333931904532 99.33941009379042 199.33009655206956 200.46190313641756 199.9923738719705,5,6,4,1,3,2,1. M38_1 - Nasri Hirsi Sulub,2. M38_2 - Fathi Barkhadle Hassan,3. M38_3 - Mowlid Wadi Nur,4. M38_4 - Farah Moalin Abdi,5. M38_5 - Mohamoud Omar Igrays,6. M38_6 - Mohamed Hassan Daud,0.9619031364175645,3,1 2 3 4 5 6,1. M38-1 - Farah Moalin Abdi<br/>2. M38-2 - Mohamed Hassan Daud<br/>3. M38-3 - Mohamoud Omar Igrays<br/>4. M38-4 - Mowlid Wadi Nur<br/>5. M38-5 - Nasri Hirsi Sulub<br/>6. M38-6 - Fathi Barkhadle Hassan,6,5,,,Nasri Hirsi Sulub,,,1. Nasri Hirsi Sulub (Husband to be interviewed)<br/>,,,,,,Husband of Nasri Hirsi Sulub must be interviewed.,1,,⚠ Spouse interview required,uuid:8f8c2a8f-c9b1-4f2a-87a2-f8164db77ae0,2603230738,uuid:8f8c2a8f-c9b1-4f2a-87a2-f8164db77ae0
18-Apr-2026 20:17:29,18-Apr-2026 10:56:04,18-Apr-2026 19:18:43,d89643955cc62774,,llrp_team1,samsung|SM-X115|15|SurveyCTO Collect 2.81.5 (387e45a),422,,Wesen,Fathiya,Dekasuftu,Deka 01_1,M82,Harago,9,Control,#d60000,6,6,HODEN Dakane  hassen,1,6,,M82-1,0,1,0.815443753834519,1,99,1,0,99.81544375383451,1,1. M82-1 - HODEN Dakane  hassen,0,0.9478507248752759,999,99,RUN  MAHAMED MUHUMED,1,3,,M82-2,1,0,0.44605645279885187,2,1,99,0,199.44605645279884,1,2. M82-2 - RUN  MAHAMED MUHUMED,0,0.632922356141449,999,99,MALYUN  MUHUMED MAHAMUD,1,1,,M82-3,1,0,0.6786331374679868,3,1,99,0,199.67863313746798,1,3. M82-3 - MALYUN  MUHUMED MAHAMUD,0,0.9691799010750413,999,99,MULKI ABDI ADEN,1,6,,M82-4,0,1,0.046815402354745905,4,99,1,0,99.04681540235475,1,4. M82-4 - MULKI ABDI ADEN,0,0.18503627983885163,999,99,KIIN  AHMED SUGOW,1,5,,M82-5,0,0,0.3357282732736897,5,99,99,0,0.3357282732736897,1,5. M82-5 - KIIN  AHMED SUGOW,0,0.11794388681472834,999,99,Nimco ibrahim mahamed,1,6,,M82-6,0,1,0.4504062023059846,6,99,1,0,99.45040620230598,1,6. M82-6 - Nimco ibrahim mahamed,0,0.21590031194047465,999,99,,,,,,,,,,,,,,,,,,,,,,,,,,,,,,,,,,,,,,,,,,,,,,,,,,,,,,,,,,,,,,,,,,,,,,,,,,,,,,,,,,,,,,,,,,,,,,,,,,,,,,,,,,,,,,,,,,,,,,,,,,,,,,,,,,,,,,,,,,,,,,,,,,,,,,,,,,,,,,,,,,,,,,,,,,,,,,,,,,,,,,,,,,,,,,,1,99.81544375383451 199.44605645279884 199.67863313746798 99.04681540235475 0.3357282732736897 99.45040620230598,3,2,1,6,4,5,1. M82_1 - MALYUN  MUHUMED MAHAMUD,2. M82_2 - RUN  MAHAMED MUHUMED,3. M82_3 - HODEN Dakane  hassen,4. M82_4 - Nimco ibrahim mahamed,5. M82_5 - MULKI ABDI ADEN,6. M82_6 - KIIN  AHMED SUGOW,,2,1 2 3 4 5 6,1. M82-1 - HODEN Dakane  hassen<br/>2. M82-2 - RUN  MAHAMED MUHUMED<br/>3. M82-3 - MALYUN  MUHUMED MAHAMUD<br/>4. M82-4 - MULKI ABDI ADEN<br/>5. M82-5 - KIIN  AHMED SUGOW<br/>6. M82-6 - Nimco ibrahim mahamed,6,,,,,,,,,,,,,No eligible spouse found.,0,,,uuid:cf7aa232-4e4e-4feb-969a-01da7040f6d3,2603230738,uuid:cf7aa232-4e4e-4feb-969a-01da7040f6d3
18-Apr-2026 21:02:38,16-Apr-2026 17:34:07,18-Apr-2026 13:24:46,6b74f9d4edaa4c9a,,llrp_team1,samsung|SM-X115|15|SurveyCTO Collect 2.81.5 (387e45a),546,,Anteneh,Hasen,Elogaden,ceelogaden01_1,M150,Tusmo,8,Control,#d60000,6,6,Mahamud ali hirsi,2,1,,M150-1,1,0,0.8567461317003022,1,1,99,0,199.8567461317003,1,1. M150-1 - Mahamud ali hirsi,0,0.007559421911845998,999,99,Asad mohamed yousuf,2,3,,M150-2,1,0,0.9428095324844464,2,1,99,0,199.94280953248446,1,2. M150-2 - Asad mohamed yousuf,0,0.2989683704950076,999,99,Nimo abdi sarhaye,1,6,,M150-3,0,1,0.5821719099568818,3,99,1,0,99.58217190995688,1,3. M150-3 - Nimo abdi sarhaye,0,0.7395666688401767,999,99,Ibrahim abdi badal,2,5,,M150-4,0,0,0.6551402841347932,4,99,99,0,0.6551402841347932,1,4. M150-4 - Ibrahim abdi badal,0,0.6113506285606316,999,99,Abshir abddifatah Ali,2,6,,M150-5,0,1,0.6614427124522765,5,99,1,0,99.66144271245227,1,5. M150-5 - Abshir abddifatah Ali,0,0.5864101720989315,999,99,Estahil hasan yousuf,1,6,,M150-6,0,1,0.7538520875559351,6,99,1,0,99.75385208755594,1,6. M150-6 - Estahil hasan yousuf,0,0.7110351495681112,999,99,,,,,,,,,,,,,,,,,,,,,,,,,,,,,,,,,,,,,,,,,,,,,,,,,,,,,,,,,,,,,,,,,,,,,,,,,,,,,,,,,,,,,,,,,,,,,,,,,,,,,,,,,,,,,,,,,,,,,,,,,,,,,,,,,,,,,,,,,,,,,,,,,,,,,,,,,,,,,,,,,,,,,,,,,,,,,,,,,,,,,,,,,,,,,,,1,199.8567461317003 199.94280953248446 99.58217190995688 0.6551402841347932 99.66144271245227 99.75385208755594,2,1,6,5,3,4,1. M150_1 - Asad mohamed yousuf,2. M150_2 - Mahamud ali hirsi,3. M150_3 - Estahil hasan yousuf,4. M150_4 - Abshir abddifatah Ali,5. M150_5 - Nimo abdi sarhaye,6. M150_6 - Ibrahim abdi badal,,2,1 2 3 4 5 6,1. M150-1 - Mahamud ali hirsi<br/>2. M150-2 - Asad mohamed yousuf<br/>3. M150-3 - Nimo abdi sarhaye<br/>4. M150-4 - Ibrahim abdi badal<br/>5. M150-5 - Abshir abddifatah Ali<br/>6. M150-6 - Estahil hasan yousuf,6,,,,,,,,,,,,,No eligible spouse found.,0,,,uuid:65103859-9a69-4aef-8427-47cb31898656,2603230738,uuid:65103859-9a69-4aef-8427-47cb31898656
18-Apr-2026 22:17:38,18-Apr-2026 14:15:12,18-Apr-2026 21:23:20,bbae1c343e73e9f2,,llrp_team1,Lenovo|Lenovo TB-8504F|8.1.0|SurveyCTO Collect 2.81.5 (387e45a),621,,Daniel,Jabir,Bilcilbur,Galamadobe_1,M35,Xayad,12,Control,#d60000,7,7,Kose Mohamed Ismail,1,6,,M35-1,0,1,0.39232763629944123,1,99,1,0,99.39232763629944,1,1. M35-1 - Kose Mohamed Ismail,0,0.9345046219126264,999,99,Tirig Aden Gedi,1,3,,M35-2,1,0,0.6113030603761778,2,1,99,0,199.61130306037617,1,2. M35-2 - Tirig Aden Gedi,0,0.07621741725818432,999,99,Zahra Hassan Badal,1,1,,M35-3,1,0,0.5396363395759946,3,1,99,0,199.539636339576,1,3. M35-3 - Zahra Hassan Badal,0,0.6662297058184488,999,99,Ardo Mohammud Ibrahim,1,6,,M35-4,0,1,0.8340173348208825,4,99,1,0,99.83401733482089,1,4. M35-4 - Ardo Mohammud Ibrahim,0,0.6178266351750679,999,99,Ardo Arbe Ahmed,1,6,,M35-5,0,1,0.06207727572923283,5,99,1,0,99.06207727572924,1,5. M35-5 - Ardo Arbe Ahmed,0,0.47062045432496225,999,99,Kadra Jama Dubad,1,6,,M35-6,0,1,0.7439123641158594,6,99,1,0,99.74391236411586,1,6. M35-6 - Kadra Jama Dubad,0,0.8147429174522615,999,99,Nimo Moge Hussein,1,6,,M35-7,0,1,0.01050498996659388,7,99,1,0,99.01050498996659,1,7. M35-7 - Nimo Moge Hussein,0,0.4657272438524577,999,99,,,,,,,,,,,,,,,,,,,,,,,,,,,,,,,,,,,,,,,,,,,,,,,,,,,,,,,,,,,,,,,,,,,,,,,,,,,,,,,,,,,,,,,,,,,,,,,,,,,,,,,,,,,,,,,,,,,,,,,,,,,,,,,,,,,,,,,,,,,,,,,,,,,,,,,,,,,,,,,,,,,,,,,,,,,,1,99.39232763629944 199.61130306037617 199.539636339576 99.83401733482089 99.06207727572924 99.74391236411586 99.01050498996659,2,3,4,6,1,5,1. M35_1 - Tirig Aden Gedi,2. M35_2 - Zahra Hassan Badal,3. M35_3 - Ardo Mohammud Ibrahim,4. M35_4 - Kadra Jama Dubad,5. M35_5 - Kose Mohamed Ismail,6. M35_6 - Ardo Arbe Ahmed,,2,1 2 3 4 5 6,1. M35-1 - Kose Mohamed Ismail<br/>2. M35-2 - Tirig Aden Gedi<br/>3. M35-3 - Zahra Hassan Badal<br/>4. M35-4 - Ardo Mohammud Ibrahim<br/>5. M35-5 - Ardo Arbe Ahmed<br/>6. M35-6 - Kadra Jama Dubad<br/>7. M35-7 - Nimo Moge Hussein,6,,,,,,,,,,,,,No eligible spouse found.,0,,,uuid:f45396fa-5279-4179-b0ba-915b086ce987,2603230738,uuid:f45396fa-5279-4179-b0ba-915b086ce987
18-Apr-2026 23:35:09,18-Apr-2026 10:31:18,18-Apr-2026 22:41:35,9cc15578f30061b6,,llrp_team1,samsung|SM-X115|15|SurveyCTO Collect 2.81.5 (387e45a),546,,Wesen,Ahmed,Dekasuftu,Dheka 02_1,M90,Madino,12,Control,#d60000,6,6,Abdifetah Sheik Ahmed,2,1,,M90-1,1,0,0.2679096785392253,1,1,99,0,199.2679096785392,1,1. M90-1 - Abdifetah Sheik Ahmed,0,0.551444483561972,999,99,Abdirashid Shukri Abdullahi,2,6,,M90-2,0,1,0.14728179750414971,2,99,1,0,99.14728179750415,1,2. M90-2 - Abdirashid Shukri Abdullahi,0,0.3186854085612796,999,99,Shukri Koriyow Hassen,2,6,,M90-3,0,1,0.6286096796069702,3,99,1,0,99.62860967960697,1,3. M90-3 - Shukri Koriyow Hassen,0,0.37839271584055323,999,99,Abdirisak Ahmed Abdikadir,2,6,,M90-4,0,1,0.8547430763234,4,99,1,0,99.8547430763234,1,4. M90-4 - Abdirisak Ahmed Abdikadir,0,0.17498145670840648,999,99,Fartun Hassen Mahamed,1,3,,M90-5,1,0,0.27075539657473013,5,1,99,0,199.27075539657474,1,5. M90-5 - Fartun Hassen Mahamed,0,0.45179660247795106,999,99,Ayan Ismail Bille,1,6,,M90-6,0,1,0.3147184098244099,6,99,1,0,99.31471840982441,1,6. M90-6 - Ayan Ismail Bille,0,0.6636527194442322,999,99,,,,,,,,,,,,,,,,,,,,,,,,,,,,,,,,,,,,,,,,,,,,,,,,,,,,,,,,,,,,,,,,,,,,,,,,,,,,,,,,,,,,,,,,,,,,,,,,,,,,,,,,,,,,,,,,,,,,,,,,,,,,,,,,,,,,,,,,,,,,,,,,,,,,,,,,,,,,,,,,,,,,,,,,,,,,,,,,,,,,,,,,,,,,,,,1,199.2679096785392 99.14728179750415 99.62860967960697 99.8547430763234 199.27075539657474 99.31471840982441,5,1,4,3,6,2,1. M90_1 - Fartun Hassen Mahamed,2. M90_2 - Abdifetah Sheik Ahmed,3. M90_3 - Abdirisak Ahmed Abdikadir,4. M90_4 - Shukri Koriyow Hassen,5. M90_5 - Ayan Ismail Bille,6. M90_6 - Abdirashid Shukri Abdullahi,,2,1 2 3 4 5 6,1. M90-1 - Abdifetah Sheik Ahmed<br/>2. M90-2 - Abdirashid Shukri Abdullahi<br/>3. M90-3 - Shukri Koriyow Hassen<br/>4. M90-4 - Abdirisak Ahmed Abdikadir<br/>5. M90-5 - Fartun Hassen Mahamed<br/>6. M90-6 - Ayan Ismail Bille,6,,,,,,,,,,,,,No eligible spouse found.,0,,,uuid:f0ed6d8a-bee6-42c0-ae89-63c2c2d251f3,2603230738,uuid:f0ed6d8a-bee6-42c0-ae89-63c2c2d251f3
18-Apr-2026 23:44:01,18-Apr-2026 10:06:15,18-Apr-2026 23:37:26,536368b28fdd5880,,llrp_team1,samsung|SM-X115|14|SurveyCTO Collect 2.81.5 (387e45a),786,,Daniel,Ahmed,Bilcilbur,Boholalay_1,M32,Hodan,12,Control,#d60000,8,8,Ubah siyad abdi,1,3,,M32-1,1,0,0.48050934908830023,1,1,99,0,199.4805093490883,1,1. M32-1 - Ubah siyad abdi,0,0.6031828469538322,999,99,"Fadumo ma,alin hashi",1,6,,M32-2,0,1,0.2823203868978347,2,99,1,0,99.28232038689784,1,"2. M32-2 - Fadumo ma,alin hashi",0,0.4695444360656732,999,99,Marayama abdikadir dek,1,6,,M32-3,0,1,0.07746674262564468,3,99,1,0,99.07746674262565,1,3. M32-3 - Marayama abdikadir dek,0,0.7544167917628514,999,99,Hinda mahamud hussen,1,6,,M32-4,0,1,0.6644723124919502,4,99,1,0,99.66447231249195,1,4. M32-4 - Hinda mahamud hussen,0,0.9432010752214067,999,99,Sado omer hassen,1,6,,M32-5,0,1,0.8382945043744281,5,99,1,0,99.83829450437443,1,5. M32-5 - Sado omer hassen,0,0.9681420203111019,999,99,Halimo hajiyo hussen,1,6,,M32-6,0,1,0.08102281887232676,6,99,1,0,99.08102281887233,1,6. M32-6 - Halimo hajiyo hussen,0,0.5509424083888227,999,99,Abdiasis nur ibrahin,2,1,,M32-7,1,0,0.8697032440289695,7,1,99,0,199.86970324402898,1,7. M32-7 - Abdiasis nur ibrahin,0,0.7792899424009289,999,99,Fadumo ahmed mursal,1,6,,M32-8,0,1,0.7043617012785037,8,99,1,0,99.7043617012785,1,8. M32-8 - Fadumo ahmed mursal,0,0.10779687836000684,999,99,,,,,,,,,,,,,,,,,,,,,,,,,,,,,,,,,,,,,,,,,,,,,,,,,,,,,,,,,,,,,,,,,,,,,,,,,,,,,,,,,,,,,,,,,,,,,,,,,,,,,,,,,,,,,,,,,,,,,,,,,,,,,,,,,,,,,,,,,,,,,,,,,,,,,,,,,1,199.4805093490883 99.28232038689784 99.07746674262565 99.66447231249195 99.83829450437443 99.08102281887233 199.86970324402898 99.7043617012785,7,1,5,8,4,2,1. M32_1 - Abdiasis nur ibrahin,2. M32_2 - Ubah siyad abdi,3. M32_3 - Sado omer hassen,4. M32_4 - Fadumo ahmed mursal,5. M32_5 - Hinda mahamud hussen,"6. M32_6 - Fadumo ma,alin hashi",,2,1 2 4 5 7 8,"1. M32-1 - Ubah siyad abdi<br/>2. M32-2 - Fadumo ma,alin hashi<br/>3. M32-3 - Marayama abdikadir dek<br/>4. M32-4 - Hinda mahamud hussen<br/>5. M32-5 - Sado omer hassen<br/>6. M32-6 - Halimo hajiyo hussen<br/>7. M32-7 - Abdiasis nur ibrahin<br/>8. M32-8 - Fadumo ahmed mursal",6,,,,,,,,,,,,,No eligible spouse found.,0,,,uuid:0811375a-423b-4ee9-a1e1-deb037e8a9b3,2603230738,uuid:0811375a-423b-4ee9-a1e1-deb037e8a9b3
19-Apr-2026 06:58:04,16-Apr-2026 17:27:11,19-Apr-2026 06:50:23,8f3862932650ecd7,,llrp_team1,samsung|SM-X115|15|SurveyCTO Collect 2.81.4 (461ba40),357,,Anteneh,Mohamed,Elogaden,ElOgaden 02_2,M148,Xoog-maal,8,HumanLed,#0a8f3c,4,4,Hussein Muhumed Hachi,2,1,,M148-1,1,0,0.533687275370828,1,1,99,0,199.53368727537082,1,1. M148-1 - Hussein Muhumed Hachi,0,0.03438720689281205,999,99,Farah Wali Muhumed,2,6,,M148-2,0,1,0.6853673824913619,2,99,1,0,99.68536738249136,1,2. M148-2 - Farah Wali Muhumed,0,0.4064016485212687,999,99,Awke Abdi Dahir,2,3,,M148-3,1,0,0.6295274221772724,3,1,99,0,199.62952742217726,1,3. M148-3 - Awke Abdi Dahir,0,0.3681236715448103,999,99,Ismael Sheikhussein Dahir,2,6,,M148-4,0,1,0.8649165119817227,4,99,1,0,99.86491651198172,1,4. M148-4 - Ismael Sheikhussein Dahir,0,0.5585104032417072,999,99,,,,,,,,,,,,,,,,,,,,,,,,,,,,,,,,,,,,,,,,,,,,,,,,,,,,,,,,,,,,,,,,,,,,,,,,,,,,,,,,,,,,,,,,,,,,,,,,,,,,,,,,,,,,,,,,,,,,,,,,,,,,,,,,,,,,,,,,,,,,,,,,,,,,,,,,,,,,,,,,,,,,,,,,,,,,,,,,,,,,,,,,,,,,,,,,,,,,,,,,,,,,,,,,,,,,,,,,,,,,,,,,,,,,,1,199.53368727537082 99.68536738249136 199.62952742217726 99.86491651198172,3,1,4,2,,,1. M148_1 - Awke Abdi Dahir,2. M148_2 - Hussein Muhumed Hachi,3. M148_3 - Ismael Sheikhussein Dahir,4. M148_4 - Farah Wali Muhumed,,,,2,1 2 3 4,1. M148-1 - Hussein Muhumed Hachi<br/>2. M148-2 - Farah Wali Muhumed<br/>3. M148-3 - Awke Abdi Dahir<br/>4. M148-4 - Ismael Sheikhussein Dahir,4,,,,,,,,,,,,,No eligible spouse found.,0,,,uuid:c016494a-3042-4312-93e8-5415bdc50f54,2603230738,uuid:c016494a-3042-4312-93e8-5415bdc50f54
19-Apr-2026 06:58:05,18-Apr-2026 12:04:16,19-Apr-2026 06:50:40,8f3862932650ecd7,,llrp_team1,samsung|SM-X115|15|SurveyCTO Collect 2.81.4 (461ba40),158,,Anteneh,Mohamed,Elogaden,ElOgaden 02_1,M145,Muqasad,12,TechLed,#1f4bd6,6,6,Abshir Ahmed Mahamoud,2,1,,M145-1,1,0,0.6698875531863474,1,1,99,0,199.66988755318636,1,1. M145-1 - Abshir Ahmed Mahamoud,0,0.7070689715276468,999,99,Luul Aidid Abdi,1,6,2,M145-2,0,1,0.12480495698148197,2,99,1,0,99.12480495698148,1,2. M145-2 - Luul Aidid Abdi,0,0.9445751583965342,999,99,Faarah Hirsi Ahmed,2,6,,M145-3,0,1,0.8335940733908753,3,99,1,0,99.83359407339087,1,3. M145-3 - Faarah Hirsi Ahmed,0,0.5398819583931594,999,99,Dayib Hassen Dahir,2,6,,M145-4,0,1,0.5833238444200514,4,99,1,0,99.58332384442005,1,4. M145-4 - Dayib Hassen Dahir,0,0.8557008001568862,999,99,Nimo Abdi salaan,1,6,1,M145-5,0,1,0.9533128227065811,5,99,1,0.5,100.45331282270658,1,5. M145-5 - Nimo Abdi salaan,1,0.4031083968484489,0.9533128227065811,1,Hilal Ased Abdi,1,6,2,M145-6,0,1,0.17930112704830958,6,99,1,0,99.1793011270483,1,6. M145-6 - Hilal Ased Abdi,0,0.11550175229004134,999,99,,,,,,,,,,,,,,,,,,,,,,,,,,,,,,,,,,,,,,,,,,,,,,,,,,,,,,,,,,,,,,,,,,,,,,,,,,,,,,,,,,,,,,,,,,,,,,,,,,,,,,,,,,,,,,,,,,,,,,,,,,,,,,,,,,,,,,,,,,,,,,,,,,,,,,,,,,,,,,,,,,,,,,,,,,,,,,,,,,,,,,,,,,,,,,,1,199.66988755318636 99.12480495698148 99.83359407339087 99.58332384442005 100.45331282270658 99.1793011270483,1,5,3,4,6,2,1. M145_1 - Abshir Ahmed Mahamoud,2. M145_2 - Nimo Abdi salaan,3. M145_3 - Faarah Hirsi Ahmed,4. M145_4 - Dayib Hassen Dahir,5. M145_5 - Hilal Ased Abdi,6. M145_6 - Luul Aidid Abdi,0.9533128227065811,1,1 2 3 4 5 6,1. M145-1 - Abshir Ahmed Mahamoud<br/>2. M145-2 - Luul Aidid Abdi<br/>3. M145-3 - Faarah Hirsi Ahmed<br/>4. M145-4 - Dayib Hassen Dahir<br/>5. M145-5 - Nimo Abdi salaan<br/>6. M145-6 - Hilal Ased Abdi,6,5,,,Nimo Abdi salaan,,,,2. Nimo Abdi salaan (Husband to be interviewed)<br/>,,,,,Husband of Nimo Abdi salaan must be interviewed.,1,,⚠ Spouse interview required,uuid:f46129c8-7a8d-4490-ab08-15e25c9b14a4,2603230738,uuid:f46129c8-7a8d-4490-ab08-15e25c9b14a4
19-Apr-2026 06:59:42,16-Apr-2026 14:05:21,19-Apr-2026 06:51:18,4794b43bebbd3e7c,,llrp_team1,samsung|SM-X115|14|SurveyCTO Collect 2.81.5 (387e45a),396,,Daniel,Hayat,Hadhagala,Birdheer_1,M226,Wadani,12,TechLed,#1f4bd6,6,6,Mohammed Hassen Hussen,2,1,,M226-1,1,0,0.021483388125649316,1,1,99,0,199.02148338812566,1,1. M226-1 - Mohammed Hassen Hussen,0,0.09596854848999625,999,99,Mahad Aden Gaye,2,6,,M226-2,0,1,0.5271682830862028,2,99,1,0,99.5271682830862,1,2. M226-2 - Mahad Aden Gaye,0,0.7352679088898796,999,99,Abdi Hussen Hassen,2,6,,M226-3,0,1,0.9590331144409504,3,99,1,0,99.95903311444096,1,3. M226-3 - Abdi Hussen Hassen,0,0.952754878253012,999,99,Abdi Omar Buh,2,6,,M226-4,0,1,0.7229015001571152,4,99,1,0,99.72290150015712,1,4. M226-4 - Abdi Omar Buh,0,0.3762190605394786,999,99,Abdulaziz Abdulahi Yusuf,2,5,,M226-5,0,0,0.43836856231644683,5,99,99,0,0.43836856231644683,1,5. M226-5 - Abdulaziz Abdulahi Yusuf,0,0.2504655532658281,999,99,Mahamud Rayale Suge,2,6,,M226-6,0,1,0.9275867062878485,6,99,1,0,99.92758670628785,1,6. M226-6 - Mahamud Rayale Suge,0,0.736920941999681,999,99,,,,,,,,,,,,,,,,,,,,,,,,,,,,,,,,,,,,,,,,,,,,,,,,,,,,,,,,,,,,,,,,,,,,,,,,,,,,,,,,,,,,,,,,,,,,,,,,,,,,,,,,,,,,,,,,,,,,,,,,,,,,,,,,,,,,,,,,,,,,,,,,,,,,,,,,,,,,,,,,,,,,,,,,,,,,,,,,,,,,,,,,,,,,,,,1,199.02148338812566 99.5271682830862 99.95903311444096 99.72290150015712 0.43836856231644683 99.92758670628785,1,3,6,4,2,5,1. M226_1 - Mohammed Hassen Hussen,2. M226_2 - Abdi Hussen Hassen,3. M226_3 - Mahamud Rayale Suge,4. M226_4 - Abdi Omar Buh,5. M226_5 - Mahad Aden Gaye,6. M226_6 - Abdulaziz Abdulahi Yusuf,,1,1 2 3 4 5 6,1. M226-1 - Mohammed Hassen Hussen<br/>2. M226-2 - Mahad Aden Gaye<br/>3. M226-3 - Abdi Hussen Hassen<br/>4. M226-4 - Abdi Omar Buh<br/>5. M226-5 - Abdulaziz Abdulahi Yusuf<br/>6. M226-6 - Mahamud Rayale Suge,6,,,,,,,,,,,,,No eligible spouse found.,0,,,uuid:a775cf44-554d-475c-98d3-4f09452df885,2603230738,uuid:a775cf44-554d-475c-98d3-4f09452df885
19-Apr-2026 08:03:52,18-Apr-2026 12:32:10,18-Apr-2026 19:34:14,f9d6a239f0ca8566,,llrp_team1,samsung|SM-X115|15|SurveyCTO Collect 2.81.5 (387e45a),436,,Wesen,Mahamed,Dekasuftu,Dheka 01_2,M89,Isufilan,9,TechLed,#1f4bd6,6,6,Aden Ibrahim ahmed,2,1,,M89-1,1,0,0.5205891002229143,1,1,99,0,199.5205891002229,1,1. M89-1 - Aden Ibrahim ahmed,0,0.6191197610250143,999,99,Sha'aban  Aden Tahir,2,6,,M89-2,0,1,0.05568265600615063,2,99,1,0,99.05568265600616,1,2. M89-2 - Sha'aban  Aden Tahir,0,0.7886418874022035,999,99,Aden eftin  abdinur,2,5,,M89-3,0,0,0.5727437740353463,3,99,99,0,0.5727437740353463,1,3. M89-3 - Aden eftin  abdinur,0,0.7548927238774412,999,99,Saynab  Sheik  Bashir,1,3,1,M89-4,1,0,0.09507064654810105,4,1,99,0.5,199.5950706465481,1,4. M89-4 - Saynab  Sheik  Bashir,1,0.20779390392359431,0.09507064654810105,1,Saruro  mahad  mogow,1,6,1,M89-5,0,1,0.8290363114019502,5,99,1,0.5,100.32903631140195,1,5. M89-5 - Saruro  mahad  mogow,1,0.4932147369717358,0.8290363114019502,1,Rukiya  Aden Abdullahi,1,6,1,M89-6,0,1,0.7367706229693692,6,99,1,0.5,100.23677062296937,1,6. M89-6 - Rukiya  Aden Abdullahi,1,0.02753181487736278,0.7367706229693692,1,,,,,,,,,,,,,,,,,,,,,,,,,,,,,,,,,,,,,,,,,,,,,,,,,,,,,,,,,,,,,,,,,,,,,,,,,,,,,,,,,,,,,,,,,,,,,,,,,,,,,,,,,,,,,,,,,,,,,,,,,,,,,,,,,,,,,,,,,,,,,,,,,,,,,,,,,,,,,,,,,,,,,,,,,,,,,,,,,,,,,,,,,,,,,,,1,199.5205891002229 99.05568265600616 0.5727437740353463 199.5950706465481 100.32903631140195 100.23677062296937,4,1,5,6,2,3,1. M89_1 - Saynab  Sheik  Bashir,2. M89_2 - Aden Ibrahim ahmed,3. M89_3 - Saruro  mahad  mogow,4. M89_4 - Rukiya  Aden Abdullahi,5. M89_5 - Sha'aban  Aden Tahir,6. M89_6 - Aden eftin  abdinur,0.09507064654810105 0.8290363114019502 0.7367706229693692,2,1 2 3 4 5 6,1. M89-1 - Aden Ibrahim ahmed<br/>2. M89-2 - Sha'aban  Aden Tahir<br/>3. M89-3 - Aden eftin  abdinur<br/>4. M89-4 - Saynab  Sheik  Bashir<br/>5. M89-5 - Saruro  mahad  mogow<br/>6. M89-6 - Rukiya  Aden Abdullahi,6,5,6,4,Saruro  mahad  mogow,Rukiya  Aden Abdullahi,Saynab  Sheik  Bashir,1. Saynab  Sheik  Bashir (Husband to be interviewed)<br/>,,3. Saruro  mahad  mogow (Husband to be interviewed)<br/>,4. Rukiya  Aden Abdullahi (Husband to be interviewed)<br/>,,,"Husbands of Saruro  mahad  mogow, Rukiya  Aden Abdullahi and Saynab  Sheik  Bashir must be interviewed (one may serve as replacement).",3,Saynab  Sheik  Bashir (Replacement),⚠ Spouse interview required,uuid:0708d6c5-0de5-4c69-b4ea-0bc354b23d67,2603230738,uuid:0708d6c5-0de5-4c69-b4ea-0bc354b23d67
19-Apr-2026 08:38:39,18-Apr-2026 09:50:04,18-Apr-2026 19:32:06,8e28ba7f870e07da,,llrp_team1,samsung|SM-X115|16|SurveyCTO Collect 2.81.5 (387e45a),612,,Wesen,Abdinasir,Dekasuftu,Dheka 01_1,M88,Maandeeq,8,HumanLed,#0a8f3c,10,10,Run Daud Abdullahi,1,1,1,M88-1,1,0,0.09552751109595159,1,1,99,0.5,199.59552751109595,1,1. M88-1 - Run Daud Abdullahi,1,0.34878750215537535,0.09552751109595159,1,Keiro Muhumed Aden,1,3,2,M88-2,1,0,0.11410908150193211,2,1,99,0,199.11410908150194,1,2. M88-2 - Keiro Muhumed Aden,0,0.0447620625439199,999,99,Amina Ali Ibrahim,1,6,2,M88-3,0,1,0.971599034952963,3,99,1,0,99.97159903495296,1,3. M88-3 - Amina Ali Ibrahim,0,0.8574242286213491,999,99,Nadifo Farah Muhumed,1,6,2,M88-4,0,1,0.5682795153664192,4,99,1,0,99.56827951536641,1,4. M88-4 - Nadifo Farah Muhumed,0,0.021456946586775105,999,99,Diyara Ahmed kenyre,1,5,2,M88-5,0,0,0.7695516230294477,5,99,99,0,0.7695516230294477,1,5. M88-5 - Diyara Ahmed kenyre,0,0.7297576479290095,999,99,Hamdi Dero Selad,1,6,2,M88-6,0,1,0.9384988665531109,6,99,1,0,99.9384988665531,1,6. M88-6 - Hamdi Dero Selad,0,0.599990491168724,999,99,Merkab Abdi Madey,1,6,2,M88-7,0,1,0.7804648717626178,7,99,1,0,99.78046487176262,1,7. M88-7 - Merkab Abdi Madey,0,0.128942514210297,999,99,Suben Nur Ali,1,6,1,M88-8,0,1,0.9031162771718684,8,99,1,0.5,100.40311627717188,1,8. M88-8 - Suben Nur Ali,1,0.8829736226704121,0.9031162771718684,1,Fadumo Adem Bale,1,6,2,M88-9,0,1,0.7856409750720601,9,99,1,0,99.78564097507206,1,9. M88-9 - Fadumo Adem Bale,0,0.5031006043239697,999,99,Meryam Muhumed Idle,1,6,2,M88-10,0,1,0.9664128631069752,10,99,1,0,99.96641286310698,1,10. M88-10 - Meryam Muhumed Idle,0,0.8923064579271459,999,99,,,,,,,,,,,,,,,,,,,,,,,,,,,,,,,,,,,,,,,,,,,,,,,,,,,,,,,,,,,,,,,,,,,,,,,,,,,,,,,,,,,,,,,,,,,,,,,,,,,,,,,,,,,,,,,,,,,1,199.59552751109595 199.11410908150194 99.97159903495296 99.56827951536641 0.7695516230294477 99.9384988665531 99.78046487176262 100.40311627717188 99.78564097507206 99.96641286310698,1,2,8,3,10,6,1. M88_1 - Run Daud Abdullahi,2. M88_2 - Keiro Muhumed Aden,3. M88_3 - Suben Nur Ali,4. M88_4 - Amina Ali Ibrahim,5. M88_5 - Meryam Muhumed Idle,6. M88_6 - Hamdi Dero Selad,0.09552751109595159 0.9031162771718684,2,1 2 3 6 8 10,1. M88-1 - Run Daud Abdullahi<br/>2. M88-2 - Keiro Muhumed Aden<br/>3. M88-3 - Amina Ali Ibrahim<br/>4. M88-4 - Nadifo Farah Muhumed<br/>5. M88-5 - Diyara Ahmed kenyre<br/>6. M88-6 - Hamdi Dero Selad<br/>7. M88-7 - Merkab Abdi Madey<br/>8. M88-8 - Suben Nur Ali<br/>9. M88-9 - Fadumo Adem Bale<br/>10. M88-10 - Meryam Muhumed Idle,6,8,1,,Suben Nur Ali,Run Daud Abdullahi,,1. Run Daud Abdullahi (Husband to be interviewed)<br/>,,3. Suben Nur Ali (Husband to be interviewed)<br/>,,,,Husbands of Suben Nur Ali and Run Daud Abdullahi must be interviewed.,2,,⚠ Spouse interview required,uuid:105cd274-30e2-4cce-9574-6cc9cb4f9e64,2603230738,uuid:105cd274-30e2-4cce-9574-6cc9cb4f9e64
20-Apr-2026 06:07:13,19-Apr-2026 10:26:30,19-Apr-2026 10:37:15,43563d0bd9b9000f,,llrp_team1,samsung|SM-X115|16|SurveyCTO Collect 2.81.5 (387e45a),588,,Wesen,Abbe,Dekasuftu,Dekasoftu 02_1,M81,Towfiq,13,HumanLed,#0a8f3c,10,10,Ahmed Mohamed Ahmed,2,6,,M81-1,0,1,0.08715446619575562,1,99,1,0,99.08715446619576,1,1. M81-1 - Ahmed Mohamed Ahmed,0,0.17132311753851304,999,99,Siyad Ahmed Jimale,2,6,,M81-2,0,1,0.37323612007634754,2,99,1,0,99.37323612007634,1,2. M81-2 - Siyad Ahmed Jimale,0,0.16342464965486037,999,99,Malyun dahir Abdi,1,3,2,M81-3,1,0,0.7380677221918079,3,1,99,0,199.7380677221918,1,3. M81-3 - Malyun dahir Abdi,0,0.751509392077052,999,99,Sadiyo Mohamed bule,1,6,2,M81-4,0,1,0.024165212588729612,4,99,1,0,99.02416521258873,1,4. M81-4 - Sadiyo Mohamed bule,0,0.8309923980625251,999,99,Igran Mohamed Aden,1,6,2,M81-5,0,1,0.7271807432867355,5,99,1,0,99.72718074328674,1,5. M81-5 - Igran Mohamed Aden,0,0.03978515441658237,999,99,Isaq Ahmed Jimale,2,6,,M81-6,0,1,0.9208448774725432,6,99,1,0,99.92084487747255,1,6. M81-6 - Isaq Ahmed Jimale,0,0.4150042318252789,999,99,Muhumed Mahamud Ahmed,2,6,,M81-7,0,1,0.36787451786895886,7,99,1,0,99.36787451786896,1,7. M81-7 - Muhumed Mahamud Ahmed,0,0.11678724524765427,999,99,Gani Ali Mohamed,2,2,,M81-8,0,0,0.6908366120189732,8,99,99,0,0.6908366120189732,1,8. M81-8 - Gani Ali Mohamed,0,0.903358696213733,999,99,Aden Mahamud Ahmed,2,5,,M81-9,0,0,0.34233385125815174,9,99,99,0,0.34233385125815174,1,9. M81-9 - Aden Mahamud Ahmed,0,0.2672453792171062,999,99,Sshal Ahmed Jimale,2,1,,M81-10,1,0,0.7578785288796798,10,1,99,0,199.75787852887967,1,10. M81-10 - Sshal Ahmed Jimale,0,0.40522534176814873,999,99,,,,,,,,,,,,,,,,,,,,,,,,,,,,,,,,,,,,,,,,,,,,,,,,,,,,,,,,,,,,,,,,,,,,,,,,,,,,,,,,,,,,,,,,,,,,,,,,,,,,,,,,,,,,,,,,,,,1,99.08715446619576 99.37323612007634 199.7380677221918 99.02416521258873 99.72718074328674 99.92084487747255 99.36787451786896 0.6908366120189732 0.34233385125815174 199.75787852887967,10,3,6,5,2,7,1. M81_1 - Sshal Ahmed Jimale,2. M81_2 - Malyun dahir Abdi,3. M81_3 - Isaq Ahmed Jimale,4. M81_4 - Igran Mohamed Aden,5. M81_5 - Siyad Ahmed Jimale,6. M81_6 - Muhumed Mahamud Ahmed,,2,2 3 5 6 7 10,1. M81-1 - Ahmed Mohamed Ahmed<br/>2. M81-2 - Siyad Ahmed Jimale <br/>3. M81-3 - Malyun dahir Abdi <br/>4. M81-4 - Sadiyo Mohamed bule<br/>5. M81-5 - Igran Mohamed Aden<br/>6. M81-6 - Isaq Ahmed Jimale<br/>7. M81-7 - Muhumed Mahamud Ahmed<br/>8. M81-8 - Gani Ali Mohamed<br/>9. M81-9 - Aden Mahamud Ahmed<br/>10. M81-10 - Sshal Ahmed Jimale,6,,,,,,,,,,,,,No eligible spouse found.,0,,,uuid:c485227f-c35e-4700-a65b-3600a4aa357b,2603230738,uuid:c485227f-c35e-4700-a65b-3600a4aa357b
20-Apr-2026 08:12:05,19-Apr-2026 10:06:58,20-Apr-2026 08:11:59,78b63b5b10d7e676,,llrp_team1,samsung|SM-X115|15|SurveyCTO Collect 2.81.5 (387e45a),392,,Wesen,Hasen,Dekasuftu,Deka 02_1,M83,Barwaqo,10,TechLed,#1f4bd6,6,6,Salado ali Hassen,1,1,2,M83-1,1,0,0.7964256740561774,1,1,99,0,199.79642567405617,1,1. M83-1 - Salado ali Hassen,0,0.8759106147001232,999,99,Habsa Ibrahim guhad,1,6,2,M83-2,0,1,0.5938583124626045,2,99,1,0,99.5938583124626,1,2. M83-2 - Habsa Ibrahim guhad,0,0.4218820107498421,999,99,Sadia abduwahit sheikh,1,6,1,M83-3,0,1,0.14083551072781353,3,99,1,0.5,99.64083551072781,1,3. M83-3 - Sadia abduwahit sheikh,1,0.17979622919775284,0.14083551072781353,1,Ubah bashir Hassen,1,3,1,M83-4,1,0,0.252588155299866,4,1,99,0.5,199.75258815529986,1,4. M83-4 - Ubah bashir Hassen,1,0.6699511935593766,0.252588155299866,1,Safia aden husein,1,6,2,M83-5,0,1,0.8519922848359445,5,99,1,0,99.85199228483594,1,5. M83-5 - Safia aden husein,0,0.6602917863970169,999,99,Farhan abdulkadir muhumed,2,4,,M83-6,1,0,0.9867552612568125,6,1,99,0,199.9867552612568,1,6. M83-6 - Farhan abdulkadir muhumed,0,0.34863917577031456,999,99,,,,,,,,,,,,,,,,,,,,,,,,,,,,,,,,,,,,,,,,,,,,,,,,,,,,,,,,,,,,,,,,,,,,,,,,,,,,,,,,,,,,,,,,,,,,,,,,,,,,,,,,,,,,,,,,,,,,,,,,,,,,,,,,,,,,,,,,,,,,,,,,,,,,,,,,,,,,,,,,,,,,,,,,,,,,,,,,,,,,,,,,,,,,,,,1,199.79642567405617 99.5938583124626 99.64083551072781 199.75258815529986 99.85199228483594 199.9867552612568,6,1,4,5,3,2,1. M83_1 - Farhan abdulkadir muhumed,2. M83_2 - Salado ali Hassen,3. M83_3 - Ubah bashir Hassen,4. M83_4 - Safia aden husein,5. M83_5 - Sadia abduwahit sheikh,6. M83_6 - Habsa Ibrahim guhad,0.14083551072781353 0.252588155299866,3,1 2 3 4 5 6,1. M83-1 - Salado ali Hassen<br/>2. M83-2 - Habsa Ibrahim guhad<br/>3. M83-3 - Sadia abduwahit sheikh<br/>4. M83-4 - Ubah bashir Hassen<br/>5. M83-5 - Safia aden husein<br/>6. M83-6 - Farhan abdulkadir muhumed,6,4,3,,Ubah bashir Hassen,Sadia abduwahit sheikh,,,,3. Ubah bashir Hassen (Husband to be interviewed)<br/>,,5. Sadia abduwahit sheikh (Husband to be interviewed)<br/>,,Husbands of Ubah bashir Hassen and Sadia abduwahit sheikh must be interviewed.,2,,⚠ Spouse interview required,uuid:cea3ed9e-9152-4439-80ef-d58c157c6a54,2603230738,uuid:cea3ed9e-9152-4439-80ef-d58c157c6a54
20-Apr-2026 09:45:10,17-Apr-2026 09:21:38,17-Apr-2026 09:26:13,2ea1ffc601b2cdbf,,llrp_team1,samsung|SM-X115|14|SurveyCTO Collect 2.81.5 (387e45a),272,,Anteneh,Abdinasir,Elogaden,Lafcade_1,M142,Tawakal,12,Control,#d60000,6,6,Wali abdi elmioge,2,1,,M142-1,1,0,0.6699888400021569,1,1,99,0,199.66998884000216,1,1. M142-1 - Wali abdi elmioge,0,0.8606890928923852,999,99,Abdirashid maktal akil,2,5,,M142-2,0,0,0.9056889314416121,2,99,99,0,0.9056889314416121,1,2. M142-2 - Abdirashid maktal akil,0,0.8022425281381834,999,99,Mahamed hassan dek,2,6,,M142-3,0,1,0.818310209483036,3,99,1,0,99.81831020948303,1,3. M142-3 - Mahamed hassan dek,0,0.8164882348915418,999,99,Hinda abdi aden,1,6,,M142-4,0,1,0.7478156475040831,4,99,1,0,99.74781564750408,1,4. M142-4 - Hinda abdi aden,0,0.9595574404631093,999,99,Ayan farah dabe,1,6,,M142-5,0,1,0.08714811915111065,5,99,1,0,99.08714811915111,1,5. M142-5 - Ayan farah dabe,0,0.9109090658635096,999,99,Rahma abdi hared,1,6,,M142-6,0,1,0.6956746709225885,6,99,1,0,99.69567467092259,1,6. M142-6 - Rahma abdi hared,0,0.12069938789703372,999,99,,,,,,,,,,,,,,,,,,,,,,,,,,,,,,,,,,,,,,,,,,,,,,,,,,,,,,,,,,,,,,,,,,,,,,,,,,,,,,,,,,,,,,,,,,,,,,,,,,,,,,,,,,,,,,,,,,,,,,,,,,,,,,,,,,,,,,,,,,,,,,,,,,,,,,,,,,,,,,,,,,,,,,,,,,,,,,,,,,,,,,,,,,,,,,,1,199.66998884000216 0.9056889314416121 99.81831020948303 99.74781564750408 99.08714811915111 99.69567467092259,1,3,4,6,5,2,1. M142_1 - Wali abdi elmioge,2. M142_2 - Mahamed hassan dek,3. M142_3 - Hinda abdi aden,4. M142_4 - Rahma abdi hared,5. M142_5 - Ayan farah dabe,6. M142_6 - Abdirashid maktal akil,,1,1 2 3 4 5 6,1. M142-1 - Wali abdi elmioge<br/>2. M142-2 - Abdirashid maktal akil<br/>3. M142-3 - Mahamed hassan dek<br/>4. M142-4 - Hinda abdi aden <br/>5. M142-5 - Ayan farah dabe<br/>6. M142-6 - Rahma abdi hared,6,,,,,,,,,,,,,No eligible spouse found.,0,,,uuid:48ae332d-f9ff-4216-a001-7c9a173c6509,2603230738,uuid:48ae332d-f9ff-4216-a001-7c9a173c6509
20-Apr-2026 09:45:10,18-Apr-2026 13:30:18,18-Apr-2026 13:35:08,2ea1ffc601b2cdbf,,llrp_team1,samsung|SM-X115|14|SurveyCTO Collect 2.81.5 (387e45a),291,,Anteneh,Abdinasir,Elogaden,Sanwayne_2,M149,Himilo,6,TechLed,#1f4bd6,6,6,Abdirasak abdullahi hashi,2,6,,M149-1,0,1,0.7495722172820883,1,99,1,0,99.7495722172821,1,1. M149-1 - Abdirasak abdullahi hashi,0,0.7091297709963705,999,99,Mohamud hussein elmi,2,6,,M149-2,0,1,0.49160193510140926,2,99,1,0,99.49160193510141,1,2. M149-2 - Mohamud hussein elmi,0,0.8484534832736599,999,99,Ayan mohamud abdi,1,6,2,M149-3,0,1,0.26997143227469655,3,99,1,0,99.2699714322747,1,3. M149-3 - Ayan mohamud abdi,0,0.9820169023530164,999,99,Abdiwahab fod farah,2,3,,M149-4,1,0,0.14592562992893543,4,1,99,0,199.14592562992894,1,4. M149-4 - Abdiwahab fod farah,0,0.20686326959749668,999,99,Abdillahi abshir ali,2,1,,M149-5,1,0,0.14317511282675088,5,1,99,0,199.14317511282675,1,5. M149-5 - Abdillahi abshir ali,0,0.8653700927651613,999,99,Farah turtur mohamud,2,6,,M149-6,0,1,0.08932677522600141,6,99,1,0,99.089326775226,1,6. M149-6 - Farah turtur mohamud,0,0.1277243764129068,999,99,,,,,,,,,,,,,,,,,,,,,,,,,,,,,,,,,,,,,,,,,,,,,,,,,,,,,,,,,,,,,,,,,,,,,,,,,,,,,,,,,,,,,,,,,,,,,,,,,,,,,,,,,,,,,,,,,,,,,,,,,,,,,,,,,,,,,,,,,,,,,,,,,,,,,,,,,,,,,,,,,,,,,,,,,,,,,,,,,,,,,,,,,,,,,,,1,99.7495722172821 99.49160193510141 99.2699714322747 199.14592562992894 199.14317511282675 99.089326775226,4,5,1,2,3,6,1. M149_1 - Abdiwahab fod farah,2. M149_2 - Abdillahi abshir ali,3. M149_3 - Abdirasak abdullahi hashi,4. M149_4 - Mohamud hussein elmi,5. M149_5 - Ayan mohamud abdi,6. M149_6 - Farah turtur mohamud,,2,1 2 3 4 5 6,1. M149-1 - Abdirasak abdullahi hashi<br/>2. M149-2 - Mohamud hussein elmi<br/>3. M149-3 - Ayan mohamud abdi<br/>4. M149-4 - Abdiwahab fod farah<br/>5. M149-5 - Abdillahi abshir ali<br/>6. M149-6 - Farah turtur mohamud,6,,,,,,,,,,,,,No eligible spouse found.,0,,,uuid:2efee127-e427-4f36-a0de-c34737d76193,2603230738,uuid:2efee127-e427-4f36-a0de-c34737d76193
20-Apr-2026 09:45:11,19-Apr-2026 10:44:18,19-Apr-2026 10:56:19,2ea1ffc601b2cdbf,,llrp_team1,samsung|SM-X115|14|SurveyCTO Collect 2.81.5 (387e45a),658,,Anteneh,Abdinasir,Elogaden,Dalwadag_1,M146,Dur-Dur,12,Control,#d60000,6,6,Ali abdilahi shurie,2,6,,M146-1,0,1,0.4736676144276657,1,99,1,0,99.47366761442767,1,1. M146-1 - Ali abdilahi shurie,0,0.846904574413041,999,99,Abdilahi ahmed yusuf,2,6,,M146-2,0,1,0.8570752342814527,2,99,1,0,99.85707523428145,1,2. M146-2 - Abdilahi ahmed yusuf,0,0.7391296393066551,999,99,Bashir abdi dubed,2,3,,M146-3,1,0,0.49190348781255544,3,1,99,0,199.49190348781255,1,3. M146-3 - Bashir abdi dubed,0,0.9515428291251611,999,99,Mohamud abdi nour,2,1,,M146-4,1,0,0.8164746195626278,4,1,99,0,199.81647461956263,1,4. M146-4 - Mohamud abdi nour,0,0.4873502977926577,999,99,Mohamed bare aftag,2,6,,M146-5,0,1,0.7659607676050897,5,99,1,0,99.7659607676051,1,5. M146-5 - Mohamed bare aftag,0,0.9008564052235226,999,99,Kader abdi hussein,2,6,,M146-6,0,1,0.9872782228983433,6,99,1,0,99.98727822289834,1,6. M146-6 - Kader abdi hussein,0,0.9108324928349496,999,99,,,,,,,,,,,,,,,,,,,,,,,,,,,,,,,,,,,,,,,,,,,,,,,,,,,,,,,,,,,,,,,,,,,,,,,,,,,,,,,,,,,,,,,,,,,,,,,,,,,,,,,,,,,,,,,,,,,,,,,,,,,,,,,,,,,,,,,,,,,,,,,,,,,,,,,,,,,,,,,,,,,,,,,,,,,,,,,,,,,,,,,,,,,,,,,1,99.47366761442767 99.85707523428145 199.49190348781255 199.81647461956263 99.7659607676051 99.98727822289834,4,3,6,2,5,1,1. M146_1 - Mohamud abdi nour,2. M146_2 - Bashir abdi dubed,3. M146_3 - Kader abdi hussein,4. M146_4 - Abdilahi ahmed yusuf,5. M146_5 - Mohamed bare aftag,6. M146_6 - Ali abdilahi shurie,,2,1 2 3 4 5 6,1. M146-1 - Ali abdilahi shurie<br/>2. M146-2 - Abdilahi ahmed yusuf<br/>3. M146-3 - Bashir abdi dubed<br/>4. M146-4 - Mohamud abdi nour<br/>5. M146-5 - Mohamed bare aftag<br/>6. M146-6 - Kader abdi hussein,6,,,,,,,,,,,,,No eligible spouse found.,0,,,uuid:ea8bbd77-c3d1-4ea2-96c2-259be0c8f300,2603230738,uuid:ea8bbd77-c3d1-4ea2-96c2-259be0c8f300
20-Apr-2026 09:45:12,19-Apr-2026 12:32:04,19-Apr-2026 12:47:24,2ea1ffc601b2cdbf,,llrp_team1,samsung|SM-X115|14|SurveyCTO Collect 2.81.5 (387e45a),907,,Anteneh,Mahamed,Elogaden,Adaley_1,M141,najax,18,TechLed,#1f4bd6,12,12,Abdirashid ali mohamud,2,6,,M141-1,0,1,0.07128505445266176,1,99,1,0,99.07128505445266,1,1. M141-1 - Abdirashid ali mohamud,0,0.24100797502805427,999,99,Dek hassan rashid,2,6,,M141-2,0,1,0.8104266322690722,2,99,1,0,99.81042663226907,1,2. M141-2 - Dek hassan rashid,0,0.14348383673421072,999,99,Kalil farah rashid,2,6,,M141-3,0,1,0.7652481730221462,3,99,1,0,99.76524817302214,1,3. M141-3 - Kalil farah rashid,0,0.7616397430618537,999,99,Mohamed abdi farah,2,6,,M141-4,0,1,0.7412001832690546,4,99,1,0,99.74120018326906,1,4. M141-4 - Mohamed abdi farah,0,0.29095394561913124,999,99,Safia mowlid maygag,1,6,2,M141-5,0,1,0.7652597838732903,5,99,1,0,99.76525978387329,1,5. M141-5 - Safia mowlid maygag,0,0.1003039541121955,999,99,Fardawsa mohamed ali,1,6,2,M141-6,0,1,0.4417077651547734,6,99,1,0,99.44170776515477,1,6. M141-6 - Fardawsa mohamed ali,0,0.6650493128808233,999,99,Miaraj hassan muse,1,6,2,M141-7,0,1,0.263831681805864,7,99,1,0,99.26383168180587,1,7. M141-7 - Miaraj hassan muse,0,0.13653776329481582,999,99,Fardawsa abdi  banadir,1,6,2,M141-8,0,1,0.838597751596915,8,99,1,0,99.83859775159692,1,8. M141-8 - Fardawsa abdi  banadir,0,0.5674506543807497,999,99,Sahra muhumed   ahmed,1,6,2,M141-9,0,1,0.265640220761299,9,99,1,0,99.2656402207613,1,9. M141-9 - Sahra muhumed   ahmed,0,0.48675276126987876,999,99,Sahni mohamed yey,1,6,2,M141-10,0,1,0.05663475761879244,10,99,1,0,99.0566347576188,1,10. M141-10 - Sahni mohamed yey,0,0.19193640137222923,999,99,Abdikafar hasan muse,2,1,,M141-11,1,0,0.9872300086904441,11,1,99,0,199.98723000869043,1,11. M141-11 - Abdikafar hasan muse,0,0.4022843324619467,999,99,Ayanle ahmed mohamed,2,5,,M141-12,0,0,0.907809084473541,12,99,99,0,0.907809084473541,1,12. M141-12 - Ayanle ahmed mohamed,0,0.7881872353705307,999,99,,,,,,,,,,,,,,,,,,,,,,,,,,,,,,,,,,,,,,,,,,,,,,,,,,,,,,,,,,,,,,,,,,,,,,,,,,,,,1,99.07128505445266 99.81042663226907 99.76524817302214 99.74120018326906 99.76525978387329 99.44170776515477 99.26383168180587 99.83859775159692 99.2656402207613 99.0566347576188 199.98723000869043 0.907809084473541,11,8,2,5,3,4,1. M141_1 - Abdikafar hasan muse,2. M141_2 - Fardawsa abdi  banadir,3. M141_3 - Dek hassan rashid,4. M141_4 - Safia mowlid maygag,5. M141_5 - Kalil farah rashid,6. M141_6 - Mohamed abdi farah,,1,2 3 4 5 8 11,1. M141-1 - Abdirashid ali mohamud <br/>2. M141-2 - Dek hassan rashid<br/>3. M141-3 - Kalil farah rashid<br/>4. M141-4 - Mohamed abdi farah<br/>5. M141-5 - Safia mowlid maygag<br/>6. M141-6 - Fardawsa mohamed ali<br/>7. M141-7 - Miaraj hassan muse<br/>8. M141-8 - Fardawsa abdi  banadir<br/>9. M141-9 - Sahra muhumed   ahmed<br/>10. M141-10 - Sahni mohamed yey<br/>11. M141-11 - Abdikafar hasan muse<br/>12. M141-12 - Ayanle ahmed mohamed,6,,,,,,,,,,,,,No eligible spouse found.,0,,,uuid:a4a439d0-5357-407f-9b1d-da6503ad8fd5,2603230738,uuid:a4a439d0-5357-407f-9b1d-da6503ad8fd5
20-Apr-2026 19:01:34,20-Apr-2026 12:30:13,20-Apr-2026 19:00:29,8f3862932650ecd7,,llrp_team1,samsung|SM-X115|15|SurveyCTO Collect 2.81.4 (461ba40),307,,Anteneh,Mohamed,Elogaden,Qalcad_1,M147,Koraha,12,Control,#d60000,5,5,Abdirage Dayib hassan,2,6,,M147-1,0,1,0.562641222964918,1,99,1,0,99.56264122296491,1,1. M147-1 - Abdirage Dayib hassan,0,0.6533882366212458,999,99,Isra Baxoosh Abdullahi,1,3,,M147-2,1,0,0.8878506273463248,2,1,99,0,199.88785062734632,1,2. M147-2 - Isra Baxoosh Abdullahi,0,0.016776878609360057,999,99,Kifah Abdi Hirsi,2,6,,M147-3,0,1,0.9640384190827687,3,99,1,0,99.96403841908277,1,3. M147-3 - Kifah Abdi Hirsi,0,0.2883953189359618,999,99,Bashir Mahamed Ahmed,2,1,,M147-4,1,0,0.3695038207698419,4,1,99,0,199.36950382076984,1,4. M147-4 - Bashir Mahamed Ahmed,0,0.1649345864483609,999,99,Faarah Abdi Nour,2,6,,M147-5,0,1,0.4229243115091378,5,99,1,0,99.42292431150914,1,5. M147-5 - Faarah Abdi Nour,0,0.9770287677229664,999,99,,,,,,,,,,,,,,,,,,,,,,,,,,,,,,,,,,,,,,,,,,,,,,,,,,,,,,,,,,,,,,,,,,,,,,,,,,,,,,,,,,,,,,,,,,,,,,,,,,,,,,,,,,,,,,,,,,,,,,,,,,,,,,,,,,,,,,,,,,,,,,,,,,,,,,,,,,,,,,,,,,,,,,,,,,,,,,,,,,,,,,,,,,,,,,,,,,,,,,,,,,,,,,,,,,1,99.56264122296491 199.88785062734632 99.96403841908277 199.36950382076984 99.42292431150914,2,4,3,1,5,,1. M147_1 - Isra Baxoosh Abdullahi,2. M147_2 - Bashir Mahamed Ahmed,3. M147_3 - Kifah Abdi Hirsi,4. M147_4 - Abdirage Dayib hassan,5. M147_5 - Faarah Abdi Nour,,,2,1 2 3 4 5,1. M147-1 - Abdirage Dayib hassan<br/>2. M147-2 - Isra Baxoosh Abdullahi<br/>3. M147-3 - Kifah Abdi Hirsi<br/>4. M147-4 - Bashir Mahamed Ahmed<br/>5. M147-5 - Faarah Abdi Nour,5,,,,,,,,,,,,,No eligible spouse found.,0,,,uuid:028a3e3f-967e-46a4-9920-3f36e3da01df,2603230738,uuid:028a3e3f-967e-46a4-9920-3f36e3da01df
20-Apr-2026 20:46:56,20-Apr-2026 11:02:43,20-Apr-2026 20:43:24,43563d0bd9b9000f,,llrp_team1,samsung|SM-X115|16|SurveyCTO Collect 2.81.5 (387e45a),437,,Wesen,Abbe,Dekasuftu,Heysuft 02_1,M84,Hodan,10,HumanLed,#0a8f3c,6,6,Malele Gul Ali,2,1,,M84-1,1,0,0.9584126149419772,1,1,99,0,199.95841261494198,1,1. M84-1 - Malele Gul Ali,0,0.9938014014375903,999,99,Mohamed Farah Kanyare,2,5,,M84-2,0,0,0.36443734083003565,2,99,99,0,0.36443734083003565,1,2. M84-2 - Mohamed Farah Kanyare,0,0.5796541388303875,999,99,Ahmed Gul Ali,2,6,,M84-3,0,1,0.11109758609387588,3,99,1,0,99.11109758609388,1,3. M84-3 - Ahmed Gul Ali,0,0.9057831798529117,999,99,Abdi Kader Ahmed,2,6,,M84-4,0,1,0.32076021681573164,4,99,1,0,99.32076021681573,1,4. M84-4 - Abdi Kader Ahmed,0,0.09284392698927224,999,99,Nour Ali Nour,2,6,,M84-5,0,1,0.24729558035977106,5,99,1,0,99.24729558035978,1,5. M84-5 - Nour Ali Nour,0,0.6552600205183406,999,99,Duniyo Abdi Mohamed,1,6,2,M84-6,0,1,0.3480125384328481,6,99,1,0,99.34801253843285,1,6. M84-6 - Duniyo Abdi Mohamed,0,0.35446023840424423,999,99,,,,,,,,,,,,,,,,,,,,,,,,,,,,,,,,,,,,,,,,,,,,,,,,,,,,,,,,,,,,,,,,,,,,,,,,,,,,,,,,,,,,,,,,,,,,,,,,,,,,,,,,,,,,,,,,,,,,,,,,,,,,,,,,,,,,,,,,,,,,,,,,,,,,,,,,,,,,,,,,,,,,,,,,,,,,,,,,,,,,,,,,,,,,,,,1,199.95841261494198 0.36443734083003565 99.11109758609388 99.32076021681573 99.24729558035978 99.34801253843285,1,6,4,5,3,2,1. M84_1 - Malele Gul Ali,2. M84_2 - Duniyo Abdi Mohamed,3. M84_3 - Abdi Kader Ahmed,4. M84_4 - Nour Ali Nour,5. M84_5 - Ahmed Gul Ali,6. M84_6 - Mohamed Farah Kanyare,,1,1 2 3 4 5 6,1. M84-1 - Malele Gul Ali<br/>2. M84-2 - Mohamed Farah Kanyare<br/>3. M84-3 - Ahmed Gul Ali<br/>4. M84-4 - Abdi Kader Ahmed<br/>5. M84-5 - Nour Ali Nour<br/>6. M84-6 - Duniyo Abdi Mohamed,6,,,,,,,,,,,,,No eligible spouse found.,0,,,uuid:5c06b7c8-b7a9-4317-8b76-1b5b26d2b43b,2603230738,uuid:5c06b7c8-b7a9-4317-8b76-1b5b26d2b43b
20-Apr-2026 22:19:19,18-Apr-2026 11:09:45,18-Apr-2026 11:20:06,d2ebdf8d6eda08cd,,llrp_team1,samsung|SM-A166P|16|SurveyCTO Collect 2.81.5 (387e45a),617,,Anteneh,Idil,Elogaden,Sanwayne_1,M143,Kulmis,12,TechLed,#1f4bd6,9,9,Abdifatah Nur Sayd,2,6,,M143-1,0,1,0.8590308204346201,1,99,1,0,99.85903082043463,1,1. M143-1 - Abdifatah Nur Sayd,0,0.5308991130949542,999,99,Muhibo Mohamed Sulub,1,6,2,M143-2,0,1,0.952900796284091,2,99,1,0,99.9529007962841,1,2. M143-2 - Muhibo Mohamed Sulub,0,0.9421316352088956,999,99,Ahmed Sofe Muhumed,2,6,,M143-3,0,1,0.5224688371630356,3,99,1,0,99.52246883716303,1,3. M143-3 - Ahmed Sofe Muhumed,0,0.6863217606090448,999,99,Nasteho  Asad Hassen,1,6,2,M143-4,0,1,0.8615494925002497,4,99,1,0,99.86154949250025,1,4. M143-4 - Nasteho  Asad Hassen,0,0.07710762242088132,999,99,Bashir Hassen Duh,2,1,,M143-5,1,0,0.057785909757591014,5,1,99,0,199.0577859097576,1,5. M143-5 - Bashir Hassen Duh,0,0.7676397592195495,999,99,Yurub Malin Mohamed,1,6,2,M143-6,0,1,0.7181333861109072,6,99,1,0,99.7181333861109,1,6. M143-6 - Yurub Malin Mohamed,0,0.521223911167443,999,99,Abdihidig Mohamed Hassen,2,3,,M143-7,1,0,0.26087882359459613,7,1,99,0,199.2608788235946,1,7. M143-7 - Abdihidig Mohamed Hassen,0,0.019535759517234408,999,99,Dama Saleyman Diriye,1,6,2,M143-8,0,1,0.3063764969579872,8,99,1,0,99.30637649695798,1,8. M143-8 - Dama Saleyman Diriye,0,0.46829704112203707,999,99,Fadiya Mohamed Arab,1,6,2,M143-9,0,1,0.7703849281402483,9,99,1,0,99.77038492814025,1,9. M143-9 - Fadiya Mohamed Arab,0,0.8537653889169599,999,99,,,,,,,,,,,,,,,,,,,,,,,,,,,,,,,,,,,,,,,,,,,,,,,,,,,,,,,,,,,,,,,,,,,,,,,,,,,,,,,,,,,,,,,,,,,,,,,,,,,,,,,,,,,,,,,,,,,,,,,,,,,,,,,,,,,,,,1,99.85903082043463 99.9529007962841 99.52246883716303 99.86154949250025 199.0577859097576 99.7181333861109 199.2608788235946 99.30637649695798 99.77038492814025,7,5,2,4,1,9,1. M143_1 - Abdihidig Mohamed Hassen,2. M143_2 - Bashir Hassen Duh,3. M143_3 - Muhibo Mohamed Sulub,4. M143_4 - Nasteho  Asad Hassen,5. M143_5 - Abdifatah Nur Sayd,6. M143_6 - Fadiya Mohamed Arab,,2,1 2 4 5 7 9,1. M143-1 - Abdifatah Nur Sayd <br/>2. M143-2 - Muhibo Mohamed Sulub<br/>3. M143-3 - Ahmed Sofe Muhumed<br/>4. M143-4 - Nasteho  Asad Hassen<br/>5. M143-5 - Bashir Hassen Duh<br/>6. M143-6 - Yurub Malin Mohamed <br/>7. M143-7 - Abdihidig Mohamed Hassen <br/>8. M143-8 - Dama Saleyman Diriye <br/>9. M143-9 - Fadiya Mohamed Arab,6,,,,,,,,,,,,,No eligible spouse found.,0,,,uuid:9df45ee5-0dbc-4fa3-8b0f-326fca399f39,2603230738,uuid:9df45ee5-0dbc-4fa3-8b0f-326fca399f39
20-Apr-2026 22:19:22,17-Apr-2026 08:37:04,17-Apr-2026 09:34:40,d2ebdf8d6eda08cd,,llrp_team1,samsung|SM-A166P|16|SurveyCTO Collect 2.81.5 (387e45a),552,,Anteneh,Afriya,Elogaden,Qalan-qalay_1,M144,Al-rahma,12,TechLed,#1f4bd6,8,8,Mohamed Omer Ali,2,6,,M144-1,0,1,0.9251097560448529,1,99,1,0,99.92510975604485,1,1. M144-1 - Mohamed Omer Ali,0,0.40247865035894836,999,99,Bisharo Shukri Mohamed,1,6,2,M144-2,0,1,0.20044734416602528,2,99,1,0,99.20044734416602,1,2. M144-2 - Bisharo Shukri Mohamed,0,0.3514797318335766,999,99,Masul Abdi Sahal,2,6,,M144-3,0,1,0.7022670772513,3,99,1,0,99.7022670772513,1,3. M144-3 - Masul Abdi Sahal,0,0.14377207919296597,999,99,Raho Hassen Abdi,1,6,2,M144-4,0,1,0.7639291823472709,4,99,1,0,99.76392918234727,1,4. M144-4 - Raho Hassen Abdi,0,0.702868618388284,999,99,Abdinasir Tahir Mohamed,2,1,,M144-5,1,0,0.4754062889257512,5,1,99,0,199.47540628892574,1,5. M144-5 - Abdinasir Tahir Mohamed,0,0.6856333769241459,999,99,Ubaha Sh/Abdi Sofe,1,6,2,M144-6,0,1,0.9212874170848201,6,99,1,0,99.92128741708483,1,6. M144-6 - Ubaha Sh/Abdi Sofe,0,0.07329943693393282,999,99,Abdijabar Ahmed Sahal,2,4,,M144-7,1,0,0.8512980615199446,7,1,99,0,199.85129806151994,1,7. M144-7 - Abdijabar Ahmed Sahal,0,0.8868367098483954,999,99,Abdifatah Rabii Sh/Yusuf,2,3,,M144-8,1,0,0.961754831163023,8,1,99,0,199.96175483116303,1,8. M144-8 - Abdifatah Rabii Sh/Yusuf,0,0.011700197109162036,999,99,,,,,,,,,,,,,,,,,,,,,,,,,,,,,,,,,,,,,,,,,,,,,,,,,,,,,,,,,,,,,,,,,,,,,,,,,,,,,,,,,,,,,,,,,,,,,,,,,,,,,,,,,,,,,,,,,,,,,,,,,,,,,,,,,,,,,,,,,,,,,,,,,,,,,,,,,1,99.92510975604485 99.20044734416602 99.7022670772513 99.76392918234727 199.47540628892574 99.92128741708483 199.85129806151994 199.96175483116303,8,7,5,1,6,4,1. M144_1 - Abdifatah Rabii Sh/Yusuf,2. M144_2 - Abdijabar Ahmed Sahal,3. M144_3 - Abdinasir Tahir Mohamed,4. M144_4 - Mohamed Omer Ali,5. M144_5 - Ubaha Sh/Abdi Sofe,6. M144_6 - Raho Hassen Abdi,,3,1 4 5 6 7 8,1. M144-1 - Mohamed Omer Ali<br/>2. M144-2 - Bisharo Shukri Mohamed<br/>3. M144-3 - Masul Abdi Sahal<br/>4. M144-4 - Raho Hassen Abdi<br/>5. M144-5 - Abdinasir Tahir Mohamed<br/>6. M144-6 - Ubaha Sh/Abdi Sofe<br/>7. M144-7 - Abdijabar Ahmed Sahal<br/>8. M144-8 - Abdifatah Rabii Sh/Yusuf,6,,,,,,,,,,,,,No eligible spouse found.,0,,,uuid:1d76859a-70ba-4e1e-9c04-1c5c216e3cf5,2603230738,uuid:1d76859a-70ba-4e1e-9c04-1c5c216e3cf5
21-Apr-2026 08:58:28,20-Apr-2026 11:48:15,21-Apr-2026 08:57:21,f9d6a239f0ca8566,,llrp_team1,samsung|SM-X115|15|SurveyCTO Collect 2.81.5 (387e45a),744,,Wesen,Mahamed,Dekasuftu,Xaysufti_1,M85,Wadani,8,TechLed,#1f4bd6,6,6,Ga'alsame hassen muhumed,2,1,,M85-1,1,0,0.47034804194467394,1,1,99,0,199.47034804194467,1,1. M85-1 - Ga'alsame hassen muhumed,0,0.5070134938955644,999,99,Adow Sheik Ali,2,6,,M85-2,0,1,0.1802085304239821,2,99,1,0,99.18020853042398,1,2. M85-2 - Adow Sheik Ali,0,0.8539745807374516,999,99,Libril  Abdi hassen,2,6,,M85-3,0,1,0.42596075429019875,3,99,1,0,99.4259607542902,1,3. M85-3 - Libril  Abdi hassen,0,0.3186597112579401,999,99,Mohamed  Muse abdi,2,6,,M85-4,0,1,0.4141328644722211,4,99,1,0,99.41413286447222,1,4. M85-4 - Mohamed  Muse abdi,0,0.1412207032590581,999,99,Mohamed  Husein  Kenyare,2,5,,M85-5,0,0,0.7947686289766897,5,99,99,0,0.7947686289766897,1,5. M85-5 - Mohamed  Husein  Kenyare,0,0.10894079905731602,999,99,Abshiro Ahmed  farah,1,3,1,M85-6,1,0,0.7012290749658847,6,1,99,0.5,200.20122907496588,1,6. M85-6 - Abshiro Ahmed  farah,1,0.9068811606172462,0.7012290749658847,1,,,,,,,,,,,,,,,,,,,,,,,,,,,,,,,,,,,,,,,,,,,,,,,,,,,,,,,,,,,,,,,,,,,,,,,,,,,,,,,,,,,,,,,,,,,,,,,,,,,,,,,,,,,,,,,,,,,,,,,,,,,,,,,,,,,,,,,,,,,,,,,,,,,,,,,,,,,,,,,,,,,,,,,,,,,,,,,,,,,,,,,,,,,,,,,1,199.47034804194467 99.18020853042398 99.4259607542902 99.41413286447222 0.7947686289766897 200.20122907496588,6,1,3,4,2,5,1. M85_1 - Abshiro Ahmed  farah,2. M85_2 - Ga'alsame hassen muhumed,3. M85_3 - Libril  Abdi hassen,4. M85_4 - Mohamed  Muse abdi,5. M85_5 - Adow Sheik Ali,6. M85_6 - Mohamed  Husein  Kenyare,0.7012290749658847,2,1 2 3 4 5 6,1. M85-1 - Ga'alsame hassen muhumed<br/>2. M85-2 - Adow Sheik Ali<br/>3. M85-3 - Libril  Abdi hassen<br/>4. M85-4 - Mohamed  Muse abdi<br/>5. M85-5 - Mohamed  Husein  Kenyare<br/>6. M85-6 - Abshiro Ahmed  farah,6,6,,,Abshiro Ahmed  farah,,,1. Abshiro Ahmed  farah (Husband to be interviewed)<br/>,,,,,,Husband of Abshiro Ahmed  farah must be interviewed.,1,,⚠ Spouse interview required,uuid:b8605350-2e81-468b-8062-eca3393ac12d,2603230738,uuid:b8605350-2e81-468b-8062-eca3393ac12d
21-Apr-2026 09:21:06,20-Apr-2026 10:36:02,21-Apr-2026 09:20:26,d89643955cc62774,,llrp_team1,samsung|SM-X115|15|SurveyCTO Collect 2.81.5 (387e45a),343,,Wesen,Fathiya,Dekasuftu,Xaysufti_2,M86,Kulmiye,10,HumanLed,#0a8f3c,6,6,Muse Sheik mahamed,2,1,,M86-1,1,0,0.6583771932293129,1,1,99,0,199.6583771932293,1,1. M86-1 - Muse Sheik mahamed,0,0.5216781880437329,999,99,Sucayb muse mahamed,2,2,,M86-2,0,0,0.26556679165112806,2,99,99,0,0.26556679165112806,1,2. M86-2 - Sucayb muse mahamed,0,0.7715053041661255,999,99,Abdiya hussen abdi,1,3,2,M86-3,1,0,0.8084109359680335,3,1,99,0,199.80841093596803,1,3. M86-3 - Abdiya hussen abdi,0,0.2679876529404468,999,99,Ayan mahamed abdi,1,5,2,M86-4,0,0,0.8610325853061923,4,99,99,0,0.8610325853061923,1,4. M86-4 - Ayan mahamed abdi,0,0.007968961436038868,999,99,Nimco mahamud abdi,1,6,2,M86-5,0,1,0.2543491253791247,5,99,1,0,99.25434912537912,1,5. M86-5 - Nimco mahamud abdi,0,0.20230488211826503,999,99,AbdiFatah muse mahamed,2,6,,M86-6,0,1,0.5637118248947384,6,99,1,0,99.56371182489474,1,6. M86-6 - AbdiFatah muse mahamed,0,0.20019312333134742,999,99,,,,,,,,,,,,,,,,,,,,,,,,,,,,,,,,,,,,,,,,,,,,,,,,,,,,,,,,,,,,,,,,,,,,,,,,,,,,,,,,,,,,,,,,,,,,,,,,,,,,,,,,,,,,,,,,,,,,,,,,,,,,,,,,,,,,,,,,,,,,,,,,,,,,,,,,,,,,,,,,,,,,,,,,,,,,,,,,,,,,,,,,,,,,,,,1,199.6583771932293 0.26556679165112806 199.80841093596803 0.8610325853061923 99.25434912537912 99.56371182489474,3,1,6,5,4,2,1. M86_1 - Abdiya hussen abdi,2. M86_2 - Muse Sheik mahamed,3. M86_3 - AbdiFatah muse mahamed,4. M86_4 - Nimco mahamud abdi,5. M86_5 - Ayan mahamed abdi,6. M86_6 - Sucayb muse mahamed,,2,1 2 3 4 5 6,1. M86-1 - Muse Sheik mahamed<br/>2. M86-2 - Sucayb muse mahamed<br/>3. M86-3 - Abdiya hussen abdi<br/>4. M86-4 - Ayan mahamed abdi<br/>5. M86-5 - Nimco mahamud abdi<br/>6. M86-6 - AbdiFatah muse mahamed,6,,,,,,,,,,,,,No eligible spouse found.,0,,,uuid:8af55903-3f99-4945-abd7-cbf30b163ac5,2603230738,uuid:8af55903-3f99-4945-abd7-cbf30b163ac5
21-Apr-2026 21:03:52,17-Apr-2026 16:24:54,21-Apr-2026 21:03:43,84a08d6ca764cc04,,llrp_team1,samsung|SM-X115|15|SurveyCTO Collect 2.81.5 (387e45a),498,,Anteneh,Osman,Barey,Gariilay_1,M25,Kaah,11,Control,#d60000,6,6,Abdihakiem Shek Mohamed,2,5,,M25-1,0,0,0.7536187690625199,1,99,99,0,0.7536187690625199,1,1. M25-1 - Abdihakiem Shek Mohamed,0,0.3737131695852941,999,99,Rahma Ibrahim Isman,1,6,,M25-2,0,1,0.9184033678771448,2,99,1,0,99.91840336787715,1,2. M25-2 - Rahma Ibrahim Isman,0,0.8345384259507381,999,99,Abshiro mohamed Nour,2,6,,M25-3,0,1,0.4075228639232794,3,99,1,0,99.40752286392328,1,3. M25-3 - Abshiro mohamed Nour,0,0.24395921208079252,999,99,Isnieno Abdulahi Soyan,1,6,,M25-4,0,1,0.5136358085503419,4,99,1,0,99.51363580855035,1,4. M25-4 - Isnieno Abdulahi Soyan,0,0.3829003854036731,999,99,Fos Abdi Aden,1,3,,M25-5,1,0,0.58663945634109,5,1,99,0,199.5866394563411,1,5. M25-5 - Fos Abdi Aden,0,0.13232743927919022,999,99,Ifrah Hussen Di'is,1,6,,M25-6,0,1,0.21309037581082257,6,99,1,0,99.21309037581082,1,6. M25-6 - Ifrah Hussen Di'is,0,0.47885102189100726,999,99,,,,,,,,,,,,,,,,,,,,,,,,,,,,,,,,,,,,,,,,,,,,,,,,,,,,,,,,,,,,,,,,,,,,,,,,,,,,,,,,,,,,,,,,,,,,,,,,,,,,,,,,,,,,,,,,,,,,,,,,,,,,,,,,,,,,,,,,,,,,,,,,,,,,,,,,,,,,,,,,,,,,,,,,,,,,,,,,,,,,,,,,,,,,,,,0,0.7536187690625199 99.91840336787715 99.40752286392328 99.51363580855035 199.5866394563411 99.21309037581082,5,2,4,3,6,1,1. M25_1 - Fos Abdi Aden,2. M25_2 - Rahma Ibrahim Isman,3. M25_3 - Isnieno Abdulahi Soyan,4. M25_4 - Abshiro mohamed Nour,5. M25_5 - Ifrah Hussen Di'is,6. M25_6 - Abdihakiem Shek Mohamed,,1,1 2 3 4 5 6,1. M25-1 - Abdihakiem Shek Mohamed<br/>2. M25-2 - Rahma Ibrahim Isman<br/>3. M25-3 - Abshiro mohamed Nour<br/>4. M25-4 - Isnieno Abdulahi Soyan<br/>5. M25-5 - Fos Abdi Aden<br/>6. M25-6 - Ifrah Hussen Di'is,6,,,,,,,,,,,,,No eligible spouse found.,0,,,uuid:789e9ec1-cd73-4ce0-bc4f-872f19c3a867,2603230738,uuid:789e9ec1-cd73-4ce0-bc4f-872f19c3a867
21-Apr-2026 22:51:59,17-Apr-2026 14:44:11,21-Apr-2026 22:51:51,cf84d912f7bc03f1,,llrp_team1,samsung|SM-X115|14|SurveyCTO Collect 2.81.5 (387e45a),993,,Anteneh,Abdiresaq,Barey,Igirow_1,M29,Daale,8,Control,#d60000,8,8,Muhumed Abdi derow,2,1,,M29-1,1,0,0.857513109418483,1,1,99,0,199.85751310941848,1,1. M29-1 - Muhumed Abdi derow,0,0.5553656348930148,999,99,Mohamed Ali Hassen,2,6,,M29-2,0,1,0.2604590735147695,2,99,1,0,99.26045907351477,1,2. M29-2 - Mohamed Ali Hassen,0,0.6236733921805236,999,99,Mohamed salah Mohamed,2,5,,M29-3,0,0,0.43403262393665065,3,99,99,0,0.43403262393665065,1,3. M29-3 - Mohamed salah Mohamed,0,0.2657622258504714,999,99,Shafici Abdi Haye,2,6,,M29-4,0,1,0.36928281482320924,4,99,1,0,99.36928281482321,1,4. M29-4 - Shafici Abdi Haye,0,0.26388035616198213,999,99,Abdirisak Abdi Haye,2,6,,M29-5,0,1,0.18610803639200812,5,99,1,0,99.18610803639201,1,5. M29-5 - Abdirisak Abdi Haye,0,0.07232640843258109,999,99,Habiba Abade Bare,1,3,,M29-6,1,0,0.7439483696914642,6,1,99,0,199.74394836969145,1,6. M29-6 - Habiba Abade Bare,0,0.08379655661440755,999,99,Deka seid nur,1,6,,M29-7,0,1,0.4622990888446298,7,99,1,0,99.46229908884463,1,7. M29-7 - Deka seid nur,0,0.9134012663667267,999,99,Habiba Hussen Abdi,1,2,,M29-8,0,0,0.8253406493168443,8,99,99,0,0.8253406493168443,1,8. M29-8 - Habiba Hussen Abdi,0,0.1962630715386643,999,99,,,,,,,,,,,,,,,,,,,,,,,,,,,,,,,,,,,,,,,,,,,,,,,,,,,,,,,,,,,,,,,,,,,,,,,,,,,,,,,,,,,,,,,,,,,,,,,,,,,,,,,,,,,,,,,,,,,,,,,,,,,,,,,,,,,,,,,,,,,,,,,,,,,,,,,,,1,199.85751310941848 99.26045907351477 0.43403262393665065 99.36928281482321 99.18610803639201 199.74394836969145 99.46229908884463 0.8253406493168443,1,6,7,4,2,5,1. M29_1 - Muhumed Abdi derow,2. M29_2 - Habiba Abade Bare,3. M29_3 - Deka seid nur,4. M29_4 - Shafici Abdi Haye,5. M29_5 - Mohamed Ali Hassen,6. M29_6 - Abdirisak Abdi Haye,,2,1 2 4 5 6 7,1. M29-1 - Muhumed Abdi derow<br/>2. M29-2 - Mohamed Ali Hassen<br/>3. M29-3 - Mohamed salah Mohamed<br/>4. M29-4 - Shafici Abdi Haye<br/>5. M29-5 - Abdirisak Abdi Haye<br/>6. M29-6 - Habiba Abade Bare<br/>7. M29-7 - Deka seid nur<br/>8. M29-8 - Habiba Hussen Abdi,6,,,,,,,,,,,,,No eligible spouse found.,0,,,uuid:919a7d84-9bdf-4de2-889d-1db40c0ac890,2603230738,uuid:919a7d84-9bdf-4de2-889d-1db40c0ac890
21-Apr-2026 22:52:13,17-Apr-2026 09:43:00,21-Apr-2026 22:49:47,31d542a9aea3f2c5,,llrp_team1,Lenovo|Lenovo TB-8504F|8.1.0|SurveyCTO Collect 2.81.5 (387e45a),446,,Anteneh,Abdilahi,Barey,Barey 01_1,M26,Wadajir,15,HumanLed,#0a8f3c,7,7,Hire Ali jire,2,1,,M26-1,1,0,0.4562641036273738,1,1,99,0,199.45626410362738,1,1. M26-1 - Hire Ali jire,0,0.00795751897974295,999,99,Mohamed Ali gure,2,3,,M26-2,1,0,0.04175950452733823,2,1,99,0,199.04175950452733,1,2. M26-2 - Mohamed Ali gure,0,0.5397330353777338,999,99,Mohamed moalim abdi,2,5,,M26-3,0,0,0.9194568638097151,3,99,99,0,0.9194568638097151,1,3. M26-3 - Mohamed moalim abdi,0,0.47508970995353217,999,99,Badal Bashir omer,2,6,,M26-4,0,1,0.7375963853775657,4,99,1,0,99.73759638537757,1,4. M26-4 - Badal Bashir omer,0,0.6182704564870827,999,99,Muhumed Ahmed omer,2,6,,M26-5,0,1,0.4992149605673568,5,99,1,0,99.49921496056736,1,5. M26-5 - Muhumed Ahmed omer,0,0.27004314061905943,999,99,Habiba Abdulahi duwane,1,6,2,M26-6,0,1,0.5259929069377806,6,99,1,0,99.52599290693779,1,6. M26-6 - Habiba Abdulahi duwane,0,0.6974741099723626,999,99,Najma shaikh Mohamed,1,6,2,M26-7,0,1,0.3320735302553174,7,99,1,0,99.33207353025531,1,7. M26-7 - Najma shaikh Mohamed,0,0.27528595210228246,999,99,,,,,,,,,,,,,,,,,,,,,,,,,,,,,,,,,,,,,,,,,,,,,,,,,,,,,,,,,,,,,,,,,,,,,,,,,,,,,,,,,,,,,,,,,,,,,,,,,,,,,,,,,,,,,,,,,,,,,,,,,,,,,,,,,,,,,,,,,,,,,,,,,,,,,,,,,,,,,,,,,,,,,,,,,,,,1,199.45626410362738 199.04175950452733 0.9194568638097151 99.73759638537757 99.49921496056736 99.52599290693779 99.33207353025531,1,2,4,6,5,7,1. M26_1 - Hire Ali jire,2. M26_2 - Mohamed Ali gure,3. M26_3 - Badal Bashir omer,4. M26_4 - Habiba Abdulahi duwane,5. M26_5 - Muhumed Ahmed omer,6. M26_6 - Najma shaikh Mohamed,,2,1 2 4 5 6 7,1. M26-1 - Hire Ali jire<br/>2. M26-2 - Mohamed Ali gure<br/>3. M26-3 - Mohamed moalim abdi<br/>4. M26-4 - Badal Bashir omer<br/>5. M26-5 - Muhumed Ahmed omer<br/>6. M26-6 - Habiba Abdulahi duwane<br/>7. M26-7 - Najma shaikh Mohamed,6,,,,,,,,,,,,,No eligible spouse found.,0,,,uuid:f5631f46-b4e2-4956-984f-90ebf48959a2,2603230738,uuid:f5631f46-b4e2-4956-984f-90ebf48959a2
21-Apr-2026 23:04:03,17-Apr-2026 09:17:44,17-Apr-2026 16:26:55,bc9edd50ac897c82,,llrp_team1,samsung|SM-X115|15|SurveyCTO Collect 2.81.5 (387e45a),401,,Anteneh,Abouker,Barey,Kabatira_1,M28,Barwaaqo,11,TechLed,#1f4bd6,9,9,Abdi farah dacar,2,4,,M28-1,1,0,0.7820507802089353,1,1,99,0,199.78205078020895,1,1. M28-1 - Abdi farah dacar,0,0.7506604104337814,999,99,Kalif omar igale,2,2,,M28-2,0,0,0.037824150606485696,2,99,99,0,0.037824150606485696,1,2. M28-2 - Kalif omar igale,0,0.336849962454161,999,99,Abdullahi mohamed hassan,2,5,,M28-3,0,0,0.03830455840294178,3,99,99,0,0.03830455840294178,1,3. M28-3 - Abdullahi mohamed hassan,0,0.7751322578823939,999,99,Abdi mahamud mohamed,2,6,,M28-4,0,1,0.7022226503518599,4,99,1,0,99.70222265035186,1,4. M28-4 - Abdi mahamud mohamed,0,0.0788938495422774,999,99,Mohamed omar digale,2,6,,M28-5,0,1,0.6158950565658131,5,99,1,0,99.61589505656582,1,5. M28-5 - Mohamed omar digale,0,0.8491906790663527,999,99,Aden Ahmed garane,2,6,,M28-6,0,1,0.9042457794810844,6,99,1,0,99.90424577948109,1,6. M28-6 - Aden Ahmed garane,0,0.49027295298538176,999,99,Dahira sheek mouhoumad,1,6,2,M28-7,0,1,0.6575325902292367,7,99,1,0,99.65753259022924,1,7. M28-7 - Dahira sheek mouhoumad,0,0.9722773737516657,999,99,Soulaiman guhad mohamed,2,1,,M28-8,1,0,0.902402881139448,8,1,99,0,199.90240288113944,1,8. M28-8 - Soulaiman guhad mohamed,0,0.32620819245007737,999,99,Abdi mahad shuriye,2,6,,M28-9,0,1,0.9668088752719911,9,99,1,0,99.966808875272,1,9. M28-9 - Abdi mahad shuriye,0,0.3673375409187891,999,99,,,,,,,,,,,,,,,,,,,,,,,,,,,,,,,,,,,,,,,,,,,,,,,,,,,,,,,,,,,,,,,,,,,,,,,,,,,,,,,,,,,,,,,,,,,,,,,,,,,,,,,,,,,,,,,,,,,,,,,,,,,,,,,,,,,,,,1,199.78205078020895 0.037824150606485696 0.03830455840294178 99.70222265035186 99.61589505656582 99.90424577948109 99.65753259022924 199.90240288113944 99.966808875272,8,1,9,6,4,7,1. M28_1 - Soulaiman guhad mohamed,2. M28_2 - Abdi farah dacar,3. M28_3 - Abdi mahad shuriye,4. M28_4 - Aden Ahmed garane,5. M28_5 - Abdi mahamud mohamed,6. M28_6 - Dahira sheek mouhoumad,,2,1 4 6 7 8 9,1. M28-1 - Abdi farah dacar<br/>2. M28-2 - Kalif omar igale<br/>3. M28-3 - Abdullahi mohamed hassan<br/>4. M28-4 - Abdi mahamud mohamed<br/>5. M28-5 - Mohamed omar digale<br/>6. M28-6 - Aden Ahmed garane<br/>7. M28-7 - Dahira sheek mouhoumad<br/>8. M28-8 - Soulaiman guhad mohamed<br/>9. M28-9 - Abdi mahad shuriye,6,,,,,,,,,,,,,No eligible spouse found.,0,,,uuid:3d02d92d-1794-4618-a9fc-b9ca0f1a9b76,2603230738,uuid:3d02d92d-1794-4618-a9fc-b9ca0f1a9b76
22-Apr-2026 07:40:30,21-Apr-2026 10:30:00,22-Apr-2026 07:40:11,8e28ba7f870e07da,,llrp_team1,samsung|SM-X115|16|SurveyCTO Collect 2.81.5 (387e45a),466,,Wesen,Abdinasir,Dekasuftu,Xaysufti_3,M87,Barwaaqo,10,Control,#d60000,6,6,Hared Abdullahi Osman,2,6,,M87-1,0,1,0.1902752209351195,1,99,1,0,99.19027522093512,1,1. M87-1 - Hared Abdullahi Osman,0,0.36094598381295373,999,99,Dek Shek Ibrahim,2,1,,M87-2,1,0,0.7548435399611265,2,1,99,0,199.75484353996112,1,2. M87-2 - Dek Shek Ibrahim,0,0.581894756799639,999,99,Mohamed Hassen Barre,2,6,,M87-3,0,1,0.43289806270561537,3,99,1,0,99.43289806270562,1,3. M87-3 - Mohamed Hassen Barre,0,0.4241769979703943,999,99,Shukri Abubeker Hussein,2,3,,M87-4,1,0,0.32123282146362975,4,1,99,0,199.32123282146364,1,4. M87-4 - Shukri Abubeker Hussein,0,0.07673168221841264,999,99,Fatha Abdirisak Mohamud,1,5,,M87-5,0,0,0.464815129834905,5,99,99,0,0.464815129834905,1,5. M87-5 - Fatha Abdirisak Mohamud,0,0.040904626796208765,999,99,Keira Mohamed Ahmed,1,6,,M87-6,0,1,0.8672777042291074,6,99,1,0,99.86727770422911,1,6. M87-6 - Keira Mohamed Ahmed,0,0.7616144061541517,999,99,,,,,,,,,,,,,,,,,,,,,,,,,,,,,,,,,,,,,,,,,,,,,,,,,,,,,,,,,,,,,,,,,,,,,,,,,,,,,,,,,,,,,,,,,,,,,,,,,,,,,,,,,,,,,,,,,,,,,,,,,,,,,,,,,,,,,,,,,,,,,,,,,,,,,,,,,,,,,,,,,,,,,,,,,,,,,,,,,,,,,,,,,,,,,,,1,99.19027522093512 199.75484353996112 99.43289806270562 199.32123282146364 0.464815129834905 99.86727770422911,2,4,6,3,1,5,1. M87_1 - Dek Shek Ibrahim,2. M87_2 - Shukri Abubeker Hussein,3. M87_3 - Keira Mohamed Ahmed,4. M87_4 - Mohamed Hassen Barre,5. M87_5 - Hared Abdullahi Osman,6. M87_6 - Fatha Abdirisak Mohamud,,2,1 2 3 4 5 6,1. M87-1 - Hared Abdullahi Osman<br/>2. M87-2 - Dek Shek Ibrahim<br/>3. M87-3 - Mohamed Hassen Barre<br/>4. M87-4 - Shukri Abubeker Hussein<br/>5. M87-5 - Fatha Abdirisak Mohamud<br/>6. M87-6 - Keira Mohamed Ahmed,6,,,,,,,,,,,,,No eligible spouse found.,0,,,uuid:33309730-a9cb-4564-bb67-6c75c5e36dc9,2603230738,uuid:33309730-a9cb-4564-bb67-6c75c5e36dc9