code,emis_code,region,zone,woreda,school_name,rural,SubmissionDate,starttime,endtime,surveyday,deviceid,consent,respondent_code,note_no_consent,sex,role,a3_male,a3_female,total_principal,A4,a4_male,a4_female,A5,A6,A7,A8,A9,A10,a10_other,A11,A12,A13,A13_management,A13_in_service,A13_mentoring,A13_other,a13_other,A14,A15,A15_1,A15_2,A15_3,A15_4,A15_5,A15_97,A15_other,A16,A16_1,A16_2,A16_3,A16_4,A16_5,A16_6,A16_7,A16_8,A16_9,A16_97,A16_other,challenge_1,challenge_2,challenge_3,challenge_4,challenge_5,challenge_6,challenge_7,challenge_8,challenge_97,challenge_97_other,confidence_admin,confidence_finance,confidence_pedagogical,confidence_hr,confidence_parents,confidence_students,confidence_community,A20,time_task1,time_task1_oth,time_task2,time_task2_oth,time_task3,time_task3_other,B1,B2,B3,B3_1,B3_2,B3_3,B3_4,B3_5,B3_6,B3_7,B3_8,B3_97,B3_other,B4,B4_other,B5,B5_1,B5_2,B5_3,B5_4,B5_5,B5_6,B5_7,B5_8,B5_97,B5_other,B6_task1,B6_task1other,B6_task2,B6_task2other,B6_task3,B6_task3other,B7,B7_1,B7_2,B7_3,B7_4,B7_5,B7_6,B7_7,B7_8,B7_9,B7_97,B7_other,B8,B8_other,B9,B9_1,B9_2,B9_3,B9_4,B9_5,B9_6,B9_97,B9_other,B10,B10_1,B10_2,B10_3,B10_4,B10_5,B10_6,B10_97,B10_other,B11,B11_other,B12,B13,B13_1,B13_2,B13_3,B13_4,B13_5,B13_6,B13_7,B13_8,B13_9,B13_97,B13_other,B14,B14_other,B15,B15_1,B15_2,B15_3,B15_4,B15_97,B15_98,B15_other,lesson_plan,lesson_plan_o,assessment,assessment_o,participation,participation_o,discipline,discipline_o,homework,B17_other,language,maths,teaching,attentive,lesonplan,committed,trainingsuport,B19,B19_other,B20,B21,B21_1,B21_2,B21_3,B21_4,B21_5,B21_6,B21_7,B21_97,B21_other,challenges_1,B23_challege1_other,challenges_2,B23_challege2_other,challenges_3,B23_challege3_other,C1_1,C1_2,C1_3,C1_4,C1_5,C1_6,C1_7,C2,C3,C3_1,C3_2,C3_3,C3_4,C3_5,C3_6,C3_97,C3_other,C4,C4_other,C5,C6,C7,C7_1,C7_2,C7_3,C7_4,C7_5,C7_6,C7_97,C7_other,C8,C8_yes,C9,C10,C10_1,C10_2,C10_3,C10_4,C10_other,C11,C11_yes,C12_1,C12_2,C12_3,C12_4,C12_5,C13_1,C13_2,C13_5,C13_6,C14_1,C14_3,C14_4,D1_1,D1_2,D1_3,D1_4,D1_5,D1_6,D1_7,D1_8,D1_9,D1_10,D1_11,D1_12,D1_13,D2_1,D2_2,D2_3,D2_4,D2_5,D2_6,D2_7,D2_8,D2_9,D2_10,D3,D4,D5,D6,D7,D7_1,D7_2,D7_3,D7_4,D7_97,D7_999,D7_other,E1_1,E1_2,E1_3,E1_4,E1_5,E1_6,E1_7,E1_8,E1_9,E1_10,E1_11,E2_1,E2_2,E2_3,E2_4,E2_5,E3_1,E3_2,E3_4,E3_5,E3_6,E3_7,E4,E5_1,E5_2,E5_3,E5_4,E5_5,E5_6,E6,F1,F1_1,F1_2,F1_3,F1_4,F1_5,F1_6,F1_7,F1_8,F1_97,F1_other,F2a,F2b,F3,G1,instanceID,formdef_version,KEY
1304846,New,SWEPR,Dawro,gussa city admin,okoto shasha,Urban,"12/20/2025, 7:23:04 PM","12/20/2025, 12:29:46 PM","12/20/2025, 7:09:17 PM",12/20/2025,7b083c6dbffcaebb,1,HT29601,NA,female,principal,0,0,0,0,NA,NA,1994,2001,2013,2,1,5,NA,1,2008,in_service,0,1,0,0,NA,5,1 3,1,0,1,0,0,0,NA,3,0,0,1,0,0,0,0,0,0,0,NA,0,0,0,0,0,0,0,0,0,NA,5,5,5,5,5,5,5,5,2,NA,1,NA,4,NA,1,1,7 8,0,0,0,0,0,0,1,1,0,NA,3,NA,3 4,0,0,1,1,0,0,0,0,0,NA,1,NA,3,NA,2,NA,9,0,0,0,0,0,0,0,0,1,0,NA,5,NA,1,1,0,0,0,0,0,0,NA,6,0,0,0,0,0,1,0,NA,6,NA,1,4,0,0,0,1,0,0,0,0,0,0,NA,4,NA,1 4,1,0,0,1,0,0,NA,2,NA,2,NA,2,NA,2,NA,2,No,4,3,3,4,3,3,4,5,NA,6,3,0,0,1,0,0,0,0,0,NA,5,NA,6,NA,2,NA,5,5,5,5,5,5,5,1,4,0,0,0,1,0,0,0,NA,2,NA,5,2,3 6,0,0,1,0,0,1,0,NA,1,2,0,NA,NA,NA,NA,NA,NA,0,NA,4,3,3,4,4,3,4,4,4,1,1,1,4,4,4,3,4,1,1,1,4,3,1,1,4,3,3,3,3,3,3,3,3,1,3,3,male,4,5,1 2,1,1,0,0,0,0,NA,3,3,3,3,3,3,3,3,3,3,3,4,1,4,4,4,1,1,1,4,1,1,3,1,1,1,4,3,3,2,1 3,1,0,1,0,0,0,0,0,0,NA,43,NA,17306,No comment,uuid:111e8f55-27be-4fee-88b3-6f2e1c69dcf1,2512142209,uuid:111e8f55-27be-4fee-88b3-6f2e1c69dcf1
82362,S0401060022,OROMIA,Arsii Lixaa,dodolaa,tulluu seerofta,Rural,"12/10/2025, 6:01:21 PM","12/10/2025, 1:05:40 PM","12/10/2025, 6:14:08 PM",12/10/2025,6cd4eced41301dbb,1,HT24201,NA,female,principal,0,1,1,1,1,0,2002,2015,2016,2,6,5,NA,0,NA,NA,NA,NA,NA,NA,NA,1,2 3 4,0,1,1,1,0,0,NA,1,1,0,0,0,0,0,0,0,0,0,NA,0,0,0,0,0,0,0,0,0,NA,4,4,4,5,4,4,3,5,1,NA,2,NA,5,NA,1,2,1 3 4,1,0,1,1,0,0,0,0,0,NA,3,NA,4 6,0,0,0,1,0,1,0,0,0,NA,3,NA,1,NA,5,NA,2,0,1,0,0,0,0,0,0,0,0,NA,5,NA,1,1,0,0,0,0,0,0,NA,2 5,0,1,0,0,1,0,0,NA,4,NA,1,2 3 4,0,1,1,1,0,0,0,0,0,0,NA,3,NA,NA,NA,NA,NA,NA,NA,NA,NA,3,NA,1,NA,1,NA,2,NA,1,Hin jiru,4,4,3,3,3,3,4,4,NA,6,2 3,0,1,1,0,0,0,0,0,NA,5,NA,6,NA,2,NA,5,5,4,5,5,5,4,1,3 4,0,0,1,1,0,0,0,NA,2,NA,4,2,2 3,0,1,1,0,0,0,0,NA,0,NA,0,NA,NA,NA,NA,NA,NA,0,NA,4,4,3,3,4,4,4,1,4,2,2,2,2,4,1,3,4,1,4,3,4,4,1,1,2,3,3,3,1,2,2,2,1,1,2,3,male,4,2,1 3 4,1,0,1,1,0,0,NA,3,3,2,3,3,3,3,3,3,3,3,3,1,2,2,4,3,3,1,3,1,2,3,1,2,1,4,3,3,1,1 3 4,1,0,1,1,0,0,0,0,0,NA,35,NA,16248,Hanqina barsiisaa fi hanqinna meeshaalee barnootaa kan akka kompitara labtop fkkf.,uuid:c3aa4223-2db2-4314-b713-d30bb8d1e8bd,2512031638,uuid:c3aa4223-2db2-4314-b713-d30bb8d1e8bd
82870,S0401110142,OROMIA,Arsii Lixaa,nansaboo,amshiiqqaa qurxummii,Rural,"12/9/2025, 6:48:35 PM","12/9/2025, 8:43:58 AM","12/9/2025, 11:20:26 AM",12/9/2025,6cd4eced41301dbb,1,HT20201,NA,male,principal,1,0,1,1,1,0,1996,1998,2014,4,6,5,NA,1,2014,management mentoring,1,0,1,0,NA,2,2 3 4,0,1,1,1,0,0,NA,1 2,1,1,0,0,0,0,0,0,0,0,NA,0,1,0,0,0,0,0,0,0,NA,5,5,5,5,4,5,5,5,2,NA,1,NA,5,NA,1,2,1 2 6,1,1,0,0,0,1,0,0,0,NA,3,NA,4 6,0,0,0,1,0,1,0,0,0,NA,3,NA,5,NA,1,NA,8,0,0,0,0,0,0,0,1,0,0,NA,1,NA,1,1,0,0,0,0,0,0,NA,2 6,0,1,0,0,0,1,0,NA,4,NA,1,3 4 6,0,0,1,1,0,1,0,0,0,0,NA,3,NA,NA,NA,NA,NA,NA,NA,NA,NA,1,NA,1,NA,1,NA,2,NA,1,Hin jiru,4,3,4,3,4,4,4,4,NA,6,2 3,0,1,1,0,0,0,0,0,NA,5,NA,6,NA,8,NA,5,5,4,5,5,5,5,1,3,0,0,1,0,0,0,0,NA,2,NA,3,2,2 3 6,0,1,1,0,0,1,0,NA,1,1,0,NA,NA,NA,NA,NA,NA,0,NA,4,3,3,4,3,4,4,1,4,2,1,2,1,4,1,2,4,1,4,2,4,4,1,1,3,3,3,3,3,3,3,3,3,1,3,1,male,3,3,1 2 4,1,1,0,1,0,0,NA,2,2,2,3,3,3,3,3,3,3,3,3,1,3,3,3,1,1,1,4,1,1,3,1,3,3,3,2,3,1,1 2 6,1,1,0,0,0,1,0,0,0,NA,46,NA,16246,"Humna dhabuu hawaasa naannootiif manni baruumsaa haaromuu dhabuu, akkasuma hanqinna barsiisotaa",uuid:08259b4b-1ebe-4354-995f-ea1ad75e7796,2512031638,uuid:08259b4b-1ebe-4354-995f-ea1ad75e7796
82926,S0401110232,OROMIA,Arsii Lixaa,nansaboo,tulluu leencaa,Rural,"12/8/2025, 6:38:47 PM","12/8/2025, 12:11:15 PM","12/8/2025, 1:17:04 PM",12/8/2025,6cd4eced41301dbb,1,HT20301,NA,male,principal,1,0,1,2,1,1,2002,2006,2017,5,1,5,NA,0,NA,NA,NA,NA,NA,NA,NA,1,2 3 4,0,1,1,1,0,0,NA,1 2,1,1,0,0,0,0,0,0,0,0,NA,0,0,0,0,1,0,1,0,0,NA,5,5,5,4,5,5,5,5,1,NA,2,NA,5,NA,1,2,1 3 6,1,0,1,0,0,1,0,0,0,NA,3,NA,4 6,0,0,0,1,0,1,0,0,0,NA,1,NA,6,NA,4,NA,3,0,0,1,0,0,0,0,0,0,0,NA,5,NA,1,1,0,0,0,0,0,0,NA,2 6,0,1,0,0,0,1,0,NA,4,NA,1,2 4 5,0,1,0,1,1,0,0,0,0,0,NA,3,NA,NA,NA,NA,NA,NA,NA,NA,NA,3,NA,3,NA,1,NA,2,NA,1,Hin jiru,4,4,4,4,4,4,4,4,NA,5,1 2,1,1,0,0,0,0,0,0,NA,6,NA,5,NA,3,NA,4,4,4,4,4,3,5,1,2 3 4,0,1,1,1,0,0,0,NA,3,NA,4,2,3 6,0,0,1,0,0,1,0,NA,1,3,0,NA,NA,NA,NA,NA,NA,0,NA,3,3,3,4,4,4,4,1,3,2,1,1,1,4,1,3,4,1,4,3,4,4,1,1,2,3,3,3,3,2,2,2,1,1,2,3,male,3,2,1 2 4,1,1,0,1,0,0,NA,3,3,3,3,3,3,3,3,3,3,3,1,1,1,1,4,3,2,1,4,1,1,3,1,3,3,4,2,2,1,1 4 7,1,0,0,1,0,0,1,0,0,NA,40,NA,16285,Hin jiru,uuid:a7e4f233-106e-4400-ad13-da49d982addc,2512031638,uuid:a7e4f233-106e-4400-ad13-da49d982addc
82926,S0401110232,OROMIA,Arsii Lixaa,nansaboo,tulluu leencaa,Rural,"12/8/2025, 6:43:15 PM","12/8/2025, 12:18:31 PM","12/8/2025, 6:40:10 PM",12/8/2025,78b63b5b10d7e676,1,HT20302,NA,female,vice_principal,1,0,1,2,1,1,2005,2012,2012,1,2,2,NA,0,NA,NA,NA,NA,NA,NA,NA,5,1,1,0,0,0,0,0,NA,4 5,0,0,0,1,1,0,0,0,0,0,NA,0,0,1,0,0,1,0,0,0,NA,5,4,5,5,5,5,4,4,2,NA,5,NA,3,NA,1,2,2 3,0,1,1,0,0,0,0,0,0,NA,3,NA,6 8,0,0,0,0,0,1,0,1,0,NA,1,NA,3,NA,6,NA,7,0,0,0,0,0,0,1,0,0,0,NA,2,NA,1,1,0,0,0,0,0,0,NA,5 6,0,0,0,0,1,1,0,NA,1,NA,1,2 4 5,0,1,0,1,1,0,0,0,0,0,NA,4,NA,4,0,0,0,1,0,0,NA,3,NA,2,NA,1,NA,2,NA,1,Hin jiru,3,4,4,4,3,3,4,2,NA,6,3,0,0,1,0,0,0,0,0,NA,4,NA,2,NA,5,NA,5,4,5,4,5,5,5,2,2 4,0,1,0,1,0,0,0,NA,3,NA,1,2,97,0,0,0,0,0,0,1,Galmee baratotaf,1,1,0,NA,NA,NA,NA,NA,NA,0,NA,4,3,2,1,4,4,4,4,4,1,3,3,4,4,4,4,3,3,4,3,4,2,3,4,4,2,1,3,3,3,1,1,1,1,1,1,male,3,3,1 2 4 97,1,1,0,1,1,0,"Ademsa barruf barsisuu, foyansa   qabxi baratota",3,3,3,3,3,3,3,3,3,3,2,4,3,4,4,3,4,3,3,4,2,3,3,1,4,4,2,4,3,1,5,0,0,0,0,1,0,0,0,0,NA,39,NA,15000,Rakkoo fayya na qunamee ture,uuid:045628cc-0e5f-41fd-bd0b-3750640afc41,2512031638,uuid:045628cc-0e5f-41fd-bd0b-3750640afc41
83047,S0401130412,OROMIA,Arsii Lixaa,shaallaa,albulaa leencaa,Rural,"12/27/2025, 7:57:11 PM","12/27/2025, 12:43:26 PM","12/27/2025, 7:52:57 PM",12/27/2025,c7654ba83377bbd9,1,HT22201,NA,male,principal,1,0,1,0,NA,NA,2008,2017,2017,1,6,2,NA,0,NA,NA,NA,NA,NA,NA,NA,5,1,1,0,0,0,0,0,NA,4,0,0,0,1,0,0,0,0,0,0,NA,1,1,1,1,0,0,0,1,0,NA,4,5,5,5,5,5,5,5,2,NA,1,NA,5,NA,1,1,1 7 8,1,0,0,0,0,0,1,1,0,NA,3,NA,2 4,0,1,0,1,0,0,0,0,0,NA,7,NA,5,NA,1,NA,1 2,1,1,0,0,0,0,0,0,0,0,NA,6,Waldaa barsiisaa,1 5,1,0,0,0,1,0,0,NA,2 6,0,1,0,0,0,1,0,NA,6,NA,1,5 7,0,0,0,0,1,0,1,0,0,0,NA,4,NA,1 2,1,1,0,0,0,0,NA,3,NA,3,NA,3,NA,3,NA,3,None,4,3,4,4,3,4,4,3,NA,6,4,0,0,0,1,0,0,0,0,NA,5,NA,1,NA,6,NA,3,3,3,4,5,5,5,1,4,0,0,0,1,0,0,0,NA,2,NA,5,3,97,0,0,0,0,0,0,1,Harcaatiin barataa yoo uumame,1,1,1,1 2 3 4,1,1,1,1,Keele leader,0,NA,4,4,4,4,4,3,4,4,4,1,1,1,3,4,4,3,4,4,4,3,4,4,4,1,1,2,1,3,1,1,1,1,2,1,2,3,male,4,3,1 97,1,0,0,0,1,0,Harcaatii barataa,2,2,2,2,2,1,2,2,1,2,2,4,1,4,4,1,4,4,1,4,3,1,3,1,1,1,3,1,4,2,2 3 4 5 6 7 8,0,1,1,1,1,1,1,1,0,NA,30,NA,10200,"1/Hanqina Barsiisaa 
2/Hanqina Daree",uuid:9f6b107a-8981-4d75-9dfe-085cb26bd040,2512142209,uuid:9f6b107a-8981-4d75-9dfe-085cb26bd040
83143,S0401140352,OROMIA,Arsii Lixaa,shaashamannee,burraa,Rural,"12/5/2025, 2:05:21 PM","12/5/2025, 10:18:29 AM","12/5/2025, 1:59:06 PM",12/5/2025,6cd4eced41301dbb,1,HT22301,NA,female,principal,0,1,1,1,0,1,2007,2010,2012,2,5,5,NA,0,NA,NA,NA,NA,NA,NA,NA,4,1 3 4,1,0,1,1,0,0,NA,1 2 5,1,1,0,0,1,0,0,0,0,0,NA,0,0,0,0,0,0,1,0,0,NA,5,5,5,5,4,5,5,5,2,NA,1,NA,4,NA,1,2,1 2 3,1,1,1,0,0,0,0,0,0,NA,3,NA,3 4,0,0,1,1,0,0,0,0,0,NA,1,NA,3,NA,5,NA,4,0,0,0,1,0,0,0,0,0,0,NA,5,NA,1,1,0,0,0,0,0,0,NA,2 5 6,0,1,0,0,1,1,0,NA,4,NA,1,2 4 5,0,1,0,1,1,0,0,0,0,0,NA,3,NA,NA,NA,NA,NA,NA,NA,NA,NA,3,NA,2,NA,1,NA,3,NA,2,Hin jiru,4,3,4,3,4,4,4,4,NA,5,1 2 3,1,1,1,0,0,0,0,0,NA,6,NA,5,NA,8,NA,5,5,4,3,5,4,4,1,2 4 5,0,1,0,1,1,0,0,NA,3,NA,3,2,3 6,0,0,1,0,0,1,0,NA,1,1,0,NA,NA,NA,NA,NA,NA,0,NA,4,4,3,3,4,4,4,1,4,1,1,1,3,3,3,2,4,3,3,3,4,4,1,1,2,3,3,3,2,3,2,3,2,1,3,1,female,3,3,1 3,1,0,1,0,0,0,NA,1,3,2,3,3,3,3,3,3,3,3,3,1,1,1,3,3,2,1,4,1,1,1,2,3,4,3,3,2,1,1 3 7,1,0,1,0,0,0,1,0,0,NA,31,NA,16519,"Hanqina baajetaa, hanqinna barsiisaa fi dareewwan barnootaa dabalataa dhabuu fi akkasuma mana kitaabaa fi mana kompiitaraa!",uuid:85736ca2-1a43-4c0d-94d5-fba3ee5fcb38,2512031638,uuid:85736ca2-1a43-4c0d-94d5-fba3ee5fcb38
83143,S0401140352,OROMIA,Arsii Lixaa,shaashamannee,burraa,Rural,"12/5/2025, 5:42:31 PM","12/5/2025, 10:09:24 AM","12/5/2025, 5:39:00 PM",12/5/2025,78b63b5b10d7e676,1,HT22302,NA,female,vice_principal,0,0,0,1,0,1,2014,2015,2015,1,6,5,NA,0,NA,NA,NA,NA,NA,NA,NA,5,1,1,0,0,0,0,0,NA,4 7,0,0,0,1,0,0,1,0,0,0,NA,0,0,1,0,0,0,0,0,0,NA,5,3,5,4,4,5,4,5,2,NA,7,NA,5,NA,1,2,1 3,1,0,1,0,0,0,0,0,0,NA,3,NA,4 6,0,0,0,1,0,1,0,0,0,NA,1,NA,6,NA,4,NA,5,0,0,0,0,1,0,0,0,0,0,NA,2,NA,1,1,0,0,0,0,0,0,NA,2 5,0,1,0,0,1,0,0,NA,6,NA,1,1 2 3 4 5 6,1,1,1,1,1,1,0,0,0,0,NA,4,NA,2 4,0,1,0,1,0,0,NA,2,NA,1,NA,2,NA,2,NA,2,Hin jiru,3,3,3,4,4,3,4,3,NA,6,3,0,0,1,0,0,0,0,0,NA,97,Hanqina bayina barsisota,5,NA,6,NA,5,5,3,5,5,4,4,1,4,0,0,0,1,0,0,0,NA,4,NA,3,1,NA,NA,NA,NA,NA,NA,NA,NA,NA,1,2,0,NA,NA,NA,NA,NA,NA,0,NA,4,3,3,1,3,3,4,2,4,1,1,1,1,1,4,2,4,2,3,3,4,1,1,3,3,3,3,3,3,3,1,3,2,2,3,3,male,2,2,1 2 3 4,1,1,1,1,0,0,NA,3,3,3,2,2,3,2,3,3,3,3,3,1,3,4,4,3,1,1,4,2,2,3,2,4,4,2,4,2,1,4 5,0,0,0,1,1,0,0,0,0,NA,27,NA,12300,Yadaa dabalata hin qabu,uuid:b22a7bd2-f36a-47bb-8c99-16785eb0c0cf,2512031638,uuid:b22a7bd2-f36a-47bb-8c99-16785eb0c0cf
83169,S0401140602,OROMIA,Arsii Lixaa,shaashamannee,huursaa,Rural,"12/3/2025, 5:34:46 PM","12/3/2025, 11:55:52 AM","12/3/2025, 2:42:40 PM",12/3/2025,6cd4eced41301dbb,1,HT22501,NA,male,vice_principal,0,1,1,2,2,0,2007,2015,2017,2,6,5,NA,0,NA,NA,NA,NA,NA,NA,NA,5,1 2 3,1,1,1,0,0,0,NA,1 2,1,1,0,0,0,0,0,0,0,0,NA,0,0,0,1,0,0,1,0,0,NA,5,3,5,5,4,5,4,4,2,NA,1,NA,5,NA,1,1,1 2 4,1,1,0,1,0,0,0,0,0,NA,3,NA,4 5,0,0,0,1,1,0,0,0,0,NA,1,NA,3,NA,6,NA,4 5,0,0,0,1,1,0,0,0,0,0,NA,5,NA,1,1,0,0,0,0,0,0,NA,2 5,0,1,0,0,1,0,0,NA,6,NA,1,2 3 4,0,1,1,1,0,0,0,0,0,0,NA,3,NA,NA,NA,NA,NA,NA,NA,NA,NA,3,NA,1,NA,1,NA,3,NA,1,Hin jiru,4,4,3,3,3,3,4,3,NA,5,7,0,0,0,0,0,0,1,0,NA,2,NA,1,NA,5,NA,4,4,3,3,4,4,3,2,3 4 5,0,0,1,1,1,0,0,NA,2,NA,2,2,3 6,0,0,1,0,0,1,0,NA,1,1,0,NA,NA,NA,NA,NA,NA,0,NA,3,2,2,1,4,2,4,1,4,1,2,1,3,3,3,3,4,4,3,3,4,3,3,3,3,2,2,2,1,2,1,2,1,1,2,2,male,3,5,1 2 3 4,1,1,1,1,0,0,NA,1,2,3,3,3,3,3,3,3,3,3,1,1,1,1,4,4,3,1,4,1,1,3,1,2,1,4,1,4,1,4 5,0,0,0,1,1,0,0,0,0,NA,31,NA,15296,Lack of training and lack of Financial,uuid:978aceed-6bb8-4f3d-a8e0-f404d23d214d,2512030638,uuid:978aceed-6bb8-4f3d-a8e0-f404d23d214d
83169,S0401140602,OROMIA,Arsii Lixaa,shaashamannee,huursaa,Rural,"12/4/2025, 10:21:29 AM","12/3/2025, 7:35:08 PM","12/4/2025, 10:21:20 AM",12/3/2025,78b63b5b10d7e676,1,HT22501,NA,female,principal,0,0,0,1,1,0,1999,2016,2016,1,3,5,NA,1,2017,in_service,0,1,0,0,NA,1,1,1,0,0,0,0,0,NA,1 4,1,0,0,1,0,0,0,0,0,0,NA,0,0,0,0,0,1,0,0,0,NA,4,4,5,5,4,5,5,5,2,NA,5,NA,1,NA,1,1,1 3 6,1,0,1,0,0,1,0,0,0,NA,3,NA,2 4,0,1,0,1,0,0,0,0,0,NA,1,NA,6,NA,3,NA,7 9,0,0,0,0,0,0,1,0,1,0,NA,1,NA,1,1,0,0,0,0,0,0,NA,5 6,0,0,0,0,1,1,0,NA,6,NA,1,3 4 5,0,0,1,1,1,0,0,0,0,0,NA,4,NA,4,0,0,0,1,0,0,NA,3,NA,2,NA,1,NA,1,NA,1,Hin jiru,3,4,4,4,4,4,3,4,NA,5,3,0,0,1,0,0,0,0,0,NA,5,NA,8,NA,4,NA,5,5,4,5,5,4,5,2,4,0,0,0,1,0,0,0,NA,3,NA,3,2,4,0,0,0,1,0,0,0,NA,1,1,1,1,1,0,0,0,NA,0,NA,4,4,4,1,4,2,4,2,3,2,1,1,1,4,2,4,3,2,4,2,3,1,1,2,3,2,3,2,3,3,2,2,3,1,2,1,male,3,4,2 3 4,0,1,1,1,0,0,NA,3,3,3,3,3,3,3,2,3,3,3,1,1,1,1,4,1,1,1,4,3,1,3,2,4,4,3,3,2,1,5,0,0,0,0,1,0,0,0,0,NA,32,NA,15000,Amma hin jiru,uuid:21bf8f24-4633-4998-acad-2d474e21a1c0,2512031459,uuid:21bf8f24-4633-4998-acad-2d474e21a1c0
83154,S0401140672,OROMIA,Arsii Lixaa,shaashamannee,diiree qarsoo,Rural,"12/4/2025, 4:30:23 PM","12/4/2025, 2:57:19 PM","12/4/2025, 3:41:28 PM",12/4/2025,6cd4eced41301dbb,1,HT22402,NA,male,vice_principal,0,1,1,1,1,0,2007,2014,2017,1,5,2,NA,0,NA,NA,NA,NA,NA,NA,NA,2,4,0,0,0,1,0,0,NA,1 5,1,0,0,0,1,0,0,0,0,0,NA,0,1,1,1,0,0,0,0,0,NA,5,4,5,5,5,5,5,5,1,NA,2,NA,3,NA,1,2,1 2 7,1,1,0,0,0,0,1,0,0,NA,3,NA,3 6,0,0,1,0,0,1,0,0,0,NA,3,NA,2,NA,6,NA,8,0,0,0,0,0,0,0,1,0,0,NA,5,NA,1,1,0,0,0,0,0,0,NA,2 4 6,0,1,0,1,0,1,0,NA,4,NA,1,2 3 5,0,1,1,0,1,0,0,0,0,0,NA,3,NA,NA,NA,NA,NA,NA,NA,NA,NA,3,NA,2,NA,2,NA,2,NA,1,Hin jiru,4,3,4,4,4,4,4,3,NA,5,3 6,0,0,1,0,0,1,0,0,NA,5,NA,6,NA,2,NA,4,4,4,3,4,4,5,1,4 5,0,0,0,1,1,0,0,NA,2,NA,4,2,3 4,0,0,1,1,0,0,0,NA,1,1,0,NA,NA,NA,NA,NA,NA,0,NA,3,3,4,2,4,4,4,1,4,1,1,1,2,3,2,2,4,3,4,1,4,4,1,2,2,2,2,3,1,2,2,3,3,1,3,1,male,3,4,1 2 3 4,1,1,1,1,0,0,NA,3,3,3,3,3,3,3,3,3,3,3,2,3,1,1,4,1,3,1,4,1,1,3,1,3,3,3,3,2,4,1 4,1,0,0,1,0,0,0,0,0,NA,35,NA,12548,Guddinni mana baruumsaa kun akka saffisu kan akka meeshaalee barnoota kompitara fa'a bitachuu!,uuid:cc35b413-d560-4a65-a2d0-1fb219746966,2512031638,uuid:cc35b413-d560-4a65-a2d0-1fb219746966
83154,S0401140672,OROMIA,Arsii Lixaa,shaashamannee,diiree qarsoo,Rural,"12/4/2025, 6:18:27 PM","12/4/2025, 11:51:58 AM","12/4/2025, 6:15:11 PM",12/4/2025,78b63b5b10d7e676,1,HT22401,NA,female,principal,0,0,0,1,1,0,2004,2012,2013,2,6,5,NA,0,NA,NA,NA,NA,NA,NA,NA,4,1,1,0,0,0,0,0,NA,4,0,0,0,1,0,0,0,0,0,0,NA,0,0,0,1,0,1,0,0,0,NA,5,5,5,4,5,5,4,3,2,NA,5,NA,3,NA,1,2,1 2 3,1,1,1,0,0,0,0,0,0,NA,3,NA,3 4,0,0,1,1,0,0,0,0,0,NA,2,NA,3,NA,4,NA,5,0,0,0,0,1,0,0,0,0,0,NA,1,NA,1,1,0,0,0,0,0,0,NA,3 5,0,0,1,0,1,0,0,NA,6,NA,1,3 4,0,0,1,1,0,0,0,0,0,0,NA,4,NA,4,0,0,0,1,0,0,NA,1,NA,1,NA,1,NA,1,NA,1,Hin qabu,3,3,4,4,4,4,3,3,NA,5,3,0,0,1,0,0,0,0,0,NA,97,Hanqinaa barsisota,4,NA,6,NA,5,5,4,4,4,4,4,2,4,0,0,0,1,0,0,0,NA,3,NA,4,2,4,0,0,0,1,0,0,0,NA,1,1,0,NA,NA,NA,NA,NA,NA,0,NA,4,3,3,1,3,2,4,3,4,4,3,1,2,3,2,3,3,2,3,3,3,2,2,3,4,2,2,3,3,3,3,3,2,1,2,2,male,3,2,1 2 3,1,1,1,0,0,0,NA,3,3,2,3,3,2,2,3,3,3,3,1,1,1,1,1,1,1,1,2,1,3,3,4,4,4,3,4,3,1,1 3 5,1,0,1,0,1,0,0,0,0,NA,34,NA,16500,"Leenjii wan gargaraa aka dura bu,a fi barsisa tokooti haqina qabna",uuid:07cffbbf-790a-46bc-89f2-a703d44bd5ba,2512031638,uuid:07cffbbf-790a-46bc-89f2-a703d44bd5ba
80068,S0402010092,OROMIA,Arsii,amiinyaa,malxoo halloo,Rural,"12/22/2025, 6:25:12 PM","12/22/2025, 8:16:14 AM","12/22/2025, 9:00:23 AM",12/22/2025,873699e5faed7492,1,TH11201,NA,male,principal,0,0,0,0,NA,NA,2009,2016,2017,1,5,2,NA,0,NA,NA,NA,NA,NA,NA,NA,5,5,0,0,0,0,1,0,NA,9,0,0,0,0,0,0,0,0,1,0,NA,0,0,1,0,0,0,0,0,0,NA,4,4,4,4,3,3,4,3,1,NA,2,NA,8,NA,1,1,1 3,1,0,1,0,0,0,0,0,0,NA,3,NA,6 8,0,0,0,0,0,1,0,1,0,NA,1,NA,3,NA,2,NA,5 6,0,0,0,0,1,1,0,0,0,0,NA,5,NA,1,1,0,0,0,0,0,0,NA,2,0,1,0,0,0,0,0,NA,3,NA,1,2 4 5,0,1,0,1,1,0,0,0,0,0,NA,3,NA,NA,NA,NA,NA,NA,NA,NA,NA,1,NA,2,NA,1,NA,2,NA,1,Hin jiru,4,3,3,3,3,4,4,4,NA,6,5,0,0,0,0,1,0,0,0,NA,3,NA,6,NA,5,NA,5,5,5,5,5,4,5,1,2 3 4,0,1,1,1,0,0,0,NA,3,NA,3,2,6,0,0,0,0,0,1,0,NA,1,1,0,NA,NA,NA,NA,NA,NA,0,NA,3,3,3,4,4,4,4,1,3,1,1,1,1,2,3,2,4,2,3,3,3,3,1,1,2,3,3,3,2,3,3,2,1,1,3,2,male,2,1,1,1,0,0,0,0,0,NA,3,3,3,3,3,3,3,3,3,3,3,2,1,1,2,3,1,3,1,4,1,1,3,2,1,3,2,3,1,1,3 5 7,0,0,1,0,1,0,1,0,0,NA,33,NA,10600,Rakkoo guutiinsa meeshaalee barnoota fi qulqulinnaan ijaaramuu dhabuu mana barumsaa fi rakkoo daandii magaalaan walqunnamsiisuu,uuid:28bf6d3a-efaf-46ec-b48b-81879a4ccce8,2512142209,uuid:28bf6d3a-efaf-46ec-b48b-81879a4ccce8
80079,S0402010152,OROMIA,Arsii,amiinyaa,walee geetara,Rural,"12/20/2025, 8:02:05 AM","12/19/2025, 9:20:47 AM","12/20/2025, 7:45:29 AM",12/19/2025,873699e5faed7492,1,TH11301,NA,male,principal,0,0,0,0,NA,NA,2003,2009,2016,3,1,5,NA,0,NA,NA,NA,NA,NA,NA,NA,1,5,0,0,0,0,1,0,NA,4 5,0,0,0,1,1,0,0,0,0,0,NA,0,0,0,0,0,0,0,0,0,NA,4,5,5,5,4,5,5,5,2,NA,1,NA,5,NA,1,1,1 7 8,1,0,0,0,0,0,1,1,0,NA,3,NA,4 5,0,0,0,1,1,0,0,0,0,NA,1,NA,3,NA,6,NA,5,0,0,0,0,1,0,0,0,0,0,NA,5,NA,1,1,0,0,0,0,0,0,NA,2,0,1,0,0,0,0,0,NA,4,NA,1,1 2 3 4 5,1,1,1,1,1,0,0,0,0,0,NA,3,NA,NA,NA,NA,NA,NA,NA,NA,NA,1,NA,2,NA,2,NA,1,NA,2,Hin jiru,4,3,3,3,4,4,4,4,NA,6,2,0,1,0,0,0,0,0,0,NA,8,NA,5,NA,6,NA,5,5,4,5,5,5,4,1,3,0,0,1,0,0,0,0,NA,4,NA,4,2,6,0,0,0,0,0,1,0,NA,1,1,0,NA,NA,NA,NA,NA,NA,0,NA,3,2,3,1,3,4,4,2,4,1,1,1,3,3,1,3,4,3,4,1,4,4,1,1,2,3,3,3,2,2,2,2,1,1,3,2,male,2,1,1,1,0,0,0,0,0,NA,3,3,3,1,1,3,3,3,3,3,3,1,1,2,2,4,1,1,1,4,1,1,3,1,1,2,4,1,2,1,1 5 6,1,0,0,0,1,1,0,0,0,NA,39,NA,16638,Hanqinna Baajeta mana barumsaa fi qulqulinna ijaarsa mana barumsaa hanqinna barsiisaa gahumsa qabanii,uuid:22b7f441-9970-4fd0-8c61-2ec6202d6896,2512142209,uuid:22b7f441-9970-4fd0-8c61-2ec6202d6896
80184,S0402030132,OROMIA,Arsii,balee gasgaar,askaaltuu gasalaa,Rural,"12/19/2025, 8:19:19 AM","12/18/2025, 2:07:44 PM","12/18/2025, 5:59:10 PM",12/18/2025,6cd4eced41301dbb,1,TH12401,NA,male,principal,0,0,0,0,NA,NA,2001,2008,2017,2,1,5,NA,0,NA,NA,NA,NA,NA,NA,NA,3,1 2 3,1,1,1,0,0,0,NA,1 3 4,1,0,1,1,0,0,0,0,0,0,NA,0,0,0,1,0,0,0,0,0,NA,4,4,5,5,5,5,5,5,2,NA,1,NA,5,NA,1,1,6 7 8,0,0,0,0,0,1,1,1,0,NA,3,NA,4 8,0,0,0,1,0,0,0,1,0,NA,3,NA,1,NA,6,NA,5,0,0,0,0,1,0,0,0,0,0,NA,5,NA,1,1,0,0,0,0,0,0,NA,2 6,0,1,0,0,0,1,0,NA,6,NA,1,3 4 7,0,0,1,1,0,0,1,0,0,0,NA,3,NA,NA,NA,NA,NA,NA,NA,NA,NA,1,NA,2,NA,1,NA,2,NA,2,Hin jiru,4,4,4,3,4,3,4,4,NA,6,1 2,1,1,0,0,0,0,0,0,NA,6,NA,5,NA,3,NA,5,5,5,5,5,5,5,1,3,0,0,1,0,0,0,0,NA,4,NA,4,2,2 6,0,1,0,0,0,1,0,NA,1,1,0,NA,NA,NA,NA,NA,NA,0,NA,3,3,3,2,3,4,4,2,4,1,1,1,1,4,1,4,4,1,4,2,4,4,1,1,2,3,3,3,2,3,3,3,2,1,3,2,male,4,3,1 3,1,0,1,0,0,0,NA,2,3,3,3,3,3,3,3,3,3,3,4,2,2,3,4,3,1,1,4,1,1,3,2,2,4,3,4,3,1,4 5,0,0,0,1,1,0,0,0,0,NA,39,NA,16550,Rakkoolee akka mana jireenya barsiisaa fi hanqinna daree fi ibsaa fi bishaan dbugaatii dhabamuu fi hanqinna kitaabilee barnootaa!,uuid:ad2fe5de-aafd-4a03-a394-fed44571ac3a,2512142209,uuid:ad2fe5de-aafd-4a03-a394-fed44571ac3a
80154,S0402040102,OROMIA,Arsii,b/m/boqojjii,boqojjii gaalamaa sad1ffaa,Urban,"12/11/2025, 7:39:05 PM","12/11/2025, 12:43:11 PM","12/11/2025, 5:56:31 PM",12/11/2025,873699e5faed7492,1,TH11701,NA,female,principal,1,0,1,1,1,0,2001,2015,2015,1,1,5,NA,0,NA,NA,NA,NA,NA,NA,NA,3,1 2 3,1,1,1,0,0,0,NA,1 2,1,1,0,0,0,0,0,0,0,0,NA,0,1,0,1,0,0,1,0,0,NA,5,5,5,5,5,4,3,5,2,NA,1,NA,4,NA,1,2,1 2,1,1,0,0,0,0,0,0,0,NA,3,NA,4 8,0,0,0,1,0,0,0,1,0,NA,1,NA,3,NA,6,NA,7,0,0,0,0,0,0,1,0,0,0,NA,5,NA,1,1,0,0,0,0,0,0,NA,2,0,1,0,0,0,0,0,NA,6,NA,1,3 4 5,0,0,1,1,1,0,0,0,0,0,NA,3,NA,NA,NA,NA,NA,NA,NA,NA,NA,1,NA,2,NA,1,NA,1,NA,1,Hin jiru,4,3,3,4,4,3,4,4,NA,3,6,0,0,0,0,0,1,0,0,NA,5,NA,2,NA,6,NA,5,5,5,5,5,4,5,1,3 4,0,0,1,1,0,0,0,NA,3,NA,3,2,2 3,0,1,1,0,0,0,0,NA,1,1,0,NA,NA,NA,NA,NA,NA,0,NA,4,4,4,3,4,4,4,2,3,1,1,1,1,4,2,3,4,2,3,2,4,4,1,1,2,3,3,3,3,2,3,3,2,1,3,2,female,3,4,1 3 4,1,0,1,1,0,0,NA,3,3,3,3,3,2,2,3,3,3,3,4,1,4,4,4,3,3,1,4,1,1,3,1,1,1,4,3,2,1,1 4,1,0,0,1,0,0,0,0,0,NA,38,NA,16326,Hin jiru,uuid:c6fadeae-054e-40d8-9a66-8d6e4592153a,2512031638,uuid:c6fadeae-054e-40d8-9a66-8d6e4592153a
80279,S0402050232,OROMIA,Arsii,collee,jaawwii saddiiqqoo,Rural,"12/27/2025, 5:26:50 PM","12/27/2025, 10:55:14 AM","12/27/2025, 3:48:19 PM",12/27/2025,511b83623529c852,1,HT14101,NA,female,principal,0,1,1,1,1,0,2008,2015,2015,1,1,5,NA,1,2017,mentoring,0,0,1,0,NA,2,1 2 3,1,1,1,0,0,0,NA,4 5,0,0,0,1,1,0,0,0,0,0,NA,0,0,0,0,0,0,0,0,0,NA,5,5,4,4,4,5,4,3,2,NA,1,NA,6,NA,1,1,2 3 7,0,1,1,0,0,0,1,0,0,NA,3,NA,2 8,0,1,0,0,0,0,0,1,0,NA,1,NA,3,NA,2,NA,5 7,0,0,0,0,1,0,1,0,0,0,NA,5,NA,1,1,0,0,0,0,0,0,NA,2 5 6,0,1,0,0,1,1,0,NA,6,NA,1,3 4 5 6,0,0,1,1,1,1,0,0,0,0,NA,2,NA,NA,NA,NA,NA,NA,NA,NA,NA,1,NA,1,NA,1,NA,1,NA,1,O,5,5,4,3,4,4,3,3,NA,6,1 3 4,1,0,1,1,0,0,0,0,NA,2,NA,6,NA,8,NA,5,5,3,4,4,4,3,1,3 4 5,0,0,1,1,1,0,0,NA,1,NA,5,2,2 6,0,1,0,0,0,1,0,NA,1,1,1,1,1,0,0,0,NA,0,NA,3,2,2,3,3,3,4,4,3,1,1,1,1,4,1,3,4,2,3,1,3,2,1,1,2,1,3,3,2,3,1,2,2,3,2,1,male,2,2,1 2 3 4,1,1,1,1,0,0,NA,3,3,2,3,3,3,3,2,3,3,3,4,3,4,2,3,3,1,1,4,2,1,3,1,2,2,4,3,4,1,1 4 5,1,0,0,1,1,0,0,0,0,NA,29,NA,16681,No,uuid:238f4229-1a61-4bc3-9ae2-5843201f9b69,2512142209,uuid:238f4229-1a61-4bc3-9ae2-5843201f9b69
80279,S0402050232,OROMIA,Arsii,collee,jaawwii saddiiqqoo,Rural,"12/27/2025, 5:30:55 PM","12/27/2025, 11:56:29 AM","12/27/2025, 3:48:05 PM",12/27/2025,511b83623529c852,1,HT14102,NA,male,vice_principal,0,1,1,1,1,0,2008,2017,2017,1,6,2,NA,0,NA,NA,NA,NA,NA,NA,NA,2,4,0,0,0,1,0,0,NA,9,0,0,0,0,0,0,0,0,1,0,NA,1,0,1,1,0,1,0,0,0,NA,4,2,4,3,5,3,4,3,2,NA,6,NA,1,NA,1,1,1 2 6,1,1,0,0,0,1,0,0,0,NA,3,NA,2 5,0,1,0,0,1,0,0,0,0,NA,1,NA,3,NA,6,NA,5 7,0,0,0,0,1,0,1,0,0,0,NA,5,NA,1 5,1,0,0,0,1,0,0,NA,2 5 6,0,1,0,0,1,1,0,NA,6,NA,1,2 3 4 5,0,1,1,1,1,0,0,0,0,0,NA,2,NA,NA,NA,NA,NA,NA,NA,NA,NA,1,NA,1,NA,1,NA,1,NA,1,No,4,4,4,3,4,4,4,4,NA,6,1 3 4,1,0,1,1,0,0,0,0,NA,1,NA,5,NA,6,NA,4,4,3,4,4,4,4,1,3 4,0,0,1,1,0,0,0,NA,3,NA,2,3,2 6,0,1,0,0,0,1,0,NA,0,NA,1,1,1,0,0,0,NA,0,NA,2,2,2,3,4,3,4,3,4,4,1,3,3,3,4,3,4,4,3,3,2,3,3,1,3,2,2,2,3,2,1,2,1,1,2,2,male,2,1,1 2,1,1,0,0,0,0,NA,3,3,1,3,1,3,3,2,3,3,3,2,3,3,2,3,3,3,1,4,1,3,3,1,2,1,4,2,3,1,2 4 6,0,1,0,1,0,1,0,0,0,NA,28,NA,10730,N,uuid:37b5da97-2005-4ebc-bf6e-72360c617aca,2512142209,uuid:37b5da97-2005-4ebc-bf6e-72360c617aca
80265,S0402050472,OROMIA,Arsii,collee,collee sad1ffaa,Urban,"12/27/2025, 7:10:36 AM","12/26/2025, 10:53:41 AM","12/26/2025, 5:46:04 PM",12/26/2025,511b83623529c852,1,HT14002,NA,female,vice_principal,1,0,1,2,1,1,1997,2017,2017,1,1,5,NA,0,NA,NA,NA,NA,NA,NA,NA,2,4,0,0,0,1,0,0,NA,3 5 6,0,0,1,0,1,1,0,0,0,0,NA,0,0,1,1,1,0,0,0,0,NA,4,3,5,5,4,5,4,4,2,NA,1,NA,6,NA,1,1,2 3 4,0,1,1,1,0,0,0,0,0,NA,3,NA,5 6,0,0,0,0,1,1,0,0,0,NA,1,NA,3,NA,5,NA,6 7,0,0,0,0,0,1,1,0,0,0,NA,2,NA,1,1,0,0,0,0,0,0,NA,2 5 6,0,1,0,0,1,1,0,NA,2,NA,1,2 3 4 5 6 7,0,1,1,1,1,1,1,0,0,0,NA,2,NA,NA,NA,NA,NA,NA,NA,NA,NA,2,NA,2,NA,1,NA,1,NA,1,No,3,3,3,3,4,4,3,2,NA,6,1 2 3 4,1,1,1,1,0,0,0,0,NA,3,NA,5,NA,6,NA,4,4,4,3,3,3,3,1,3 4 6,0,0,1,1,0,1,0,NA,1,NA,4,2,2 4 6,0,1,0,1,0,1,0,NA,1,1,0,NA,NA,NA,NA,NA,NA,0,NA,3,2,1,3,4,2,3,3,3,1,1,1,3,2,3,4,2,3,4,3,3,2,2,2,3,3,2,2,2,3,3,2,2,3,3,2,female,3,1,2 3 4,0,1,1,1,0,0,NA,3,1,2,3,2,1,3,1,3,2,3,4,2,3,3,3,3,1,1,4,1,1,3,1,2,1,5,3,3,1,2 4 5,0,1,0,1,1,0,0,0,0,NA,35,NA,14000,No,uuid:518c5159-336a-4e75-aee8-6bb94abc9c26,2512142209,uuid:518c5159-336a-4e75-aee8-6bb94abc9c26
80265,S0402050472,OROMIA,Arsii,collee,collee sad1ffaa,Urban,"12/27/2025, 7:10:37 AM","12/26/2025, 11:37:45 AM","12/26/2025, 5:51:09 PM",12/26/2025,511b83623529c852,1,HT14001,NA,male,principal,0,0,0,2,1,1,1999,2006,2015,4,1,5,NA,1,2016,mentoring,0,0,1,0,NA,3,1 2 3,1,1,1,0,0,0,NA,1 4,1,0,0,1,0,0,0,0,0,0,NA,0,1,0,0,0,0,0,0,0,NA,4,4,5,4,4,5,5,4,1,NA,5,NA,3,NA,1,1,1 2 7,1,1,0,0,0,0,1,0,0,NA,3,NA,3 4,0,0,1,1,0,0,0,0,0,NA,3,NA,6,NA,2,NA,7,0,0,0,0,0,0,1,0,0,0,NA,5,NA,1 5,1,0,0,0,1,0,0,NA,2 6,0,1,0,0,0,1,0,NA,6,NA,1,1 2 4 5 6 7 8,1,1,0,1,1,1,1,1,0,0,NA,2,NA,NA,NA,NA,NA,NA,NA,NA,NA,1,NA,1,NA,1,NA,1,NA,1,No,4,3,3,4,4,4,3,4,NA,7,1 2 3 4,1,1,1,1,0,0,0,0,NA,5,NA,2,NA,8,NA,5,5,4,4,5,5,5,1,3 4 5,0,0,1,1,1,0,0,NA,1,NA,3,2,2 4 6,0,1,0,1,0,1,0,NA,1,1,1,1,1,0,0,0,NA,0,NA,3,3,3,4,4,3,4,4,3,2,1,1,1,4,4,4,3,1,3,1,1,2,2,1,2,3,3,3,3,3,1,3,3,3,3,1,female,3,4,3,0,0,1,0,0,0,NA,3,3,2,3,3,3,2,2,2,2,3,3,1,3,1,4,1,1,1,4,2,3,3,1,3,1,4,1,3,1,5,0,0,0,0,1,0,0,0,0,NA,37,NA,16500,No,uuid:daf97ff1-a933-4674-b352-ef55748f12cc,2512142209,uuid:daf97ff1-a933-4674-b352-ef55748f12cc
80420,S0402060472,OROMIA,Arsii,digaluu fi xiijjoo,xiloo,Rural,"12/12/2025, 6:00:05 PM","12/12/2025, 10:40:06 AM","12/12/2025, 4:44:25 PM",12/12/2025,6cd4eced41301dbb,1,HT15401,NA,male,principal,1,0,1,1,1,0,2001,2006,2012,2,1,5,NA,0,NA,NA,NA,NA,NA,NA,NA,1,1 2 3,1,1,1,0,0,0,NA,1 3,1,0,1,0,0,0,0,0,0,0,NA,0,0,0,0,0,1,0,0,0,NA,5,5,5,5,5,4,5,4,2,NA,1,NA,8,NA,1,2,1 2 4,1,1,0,1,0,0,0,0,0,NA,3,NA,4 6,0,0,0,1,0,1,0,0,0,NA,1,NA,3,NA,6,NA,4 5,0,0,0,1,1,0,0,0,0,0,NA,5,NA,1,1,0,0,0,0,0,0,NA,2,0,1,0,0,0,0,0,NA,6,NA,1,2 3 4,0,1,1,1,0,0,0,0,0,0,NA,4,NA,2,0,1,0,0,0,0,NA,1,NA,2,NA,1,NA,3,NA,1,Hin jiru,4,3,3,4,3,3,4,4,NA,6,2,0,1,0,0,0,0,0,0,NA,2,NA,6,NA,5,NA,5,5,4,5,5,5,5,1,3 4,0,0,1,1,0,0,0,NA,3,NA,5,3,3 5,0,0,1,0,1,0,0,NA,1,1,0,NA,NA,NA,NA,NA,NA,0,NA,4,4,4,1,4,4,4,2,4,3,1,2,2,4,1,2,4,1,4,1,4,3,1,1,3,2,2,3,2,2,2,2,2,1,3,2,male,3,2,1 2 3,1,1,1,0,0,0,NA,2,2,2,2,2,2,3,3,1,1,2,3,2,4,4,4,3,3,1,4,1,1,3,1,3,4,3,3,3,1,4 5,0,0,0,1,1,0,0,0,0,NA,37,NA,16715,"Hanqinna barsiisaa gahumsa qabanii akkaataa gosa barnoota isaatiin, hanqinna meeshaalee barnootaa kan akka kitaabaa kutaa libratory fi mana komputara",uuid:5093df8e-1637-463e-b8f7-6881a7d9a5f7,2512111015,uuid:5093df8e-1637-463e-b8f7-6881a7d9a5f7
80420,S0402060472,OROMIA,Arsii,digaluu fi xiijjoo,xiloo,Rural,"12/12/2025, 6:00:05 PM","12/12/2025, 11:32:42 AM","12/12/2025, 5:14:13 PM",12/12/2025,6cd4eced41301dbb,1,HT15402,NA,male,vice_principal,1,0,1,1,1,0,1996,2000,2006,3,6,5,NA,0,NA,NA,NA,NA,NA,NA,NA,5,1 2 3,1,1,1,0,0,0,NA,1 2 3,1,1,1,0,0,0,0,0,0,0,NA,0,0,1,1,0,0,0,0,0,NA,4,4,5,4,5,5,4,3,2,NA,1,NA,5,NA,1,2,1 2 3,1,1,1,0,0,0,0,0,0,NA,3,NA,4 6,0,0,0,1,0,1,0,0,0,NA,3,NA,4,NA,6,NA,5,0,0,0,0,1,0,0,0,0,0,NA,5,NA,1,1,0,0,0,0,0,0,NA,2,0,1,0,0,0,0,0,NA,3,NA,1,3 4,0,0,1,1,0,0,0,0,0,0,NA,4,NA,1 2 4,1,1,0,1,0,0,NA,3,NA,2,NA,1,NA,3,NA,1,Hin jiru,4,3,4,3,3,3,4,4,NA,6,2 3,0,1,1,0,0,0,0,0,NA,2,NA,5,NA,3,NA,5,5,4,4,5,4,4,1,3 4,0,0,1,1,0,0,0,NA,3,NA,4,3,3 5 6,0,0,1,0,1,1,0,NA,1,1,0,NA,NA,NA,NA,NA,NA,0,NA,4,3,3,1,4,3,4,1,4,2,2,2,2,4,1,3,4,2,4,3,3,3,1,1,2,3,3,3,1,2,2,3,1,1,3,2,male,3,2,1 2 3,1,1,1,0,0,0,NA,3,2,2,1,3,3,3,3,3,3,3,3,2,3,2,4,2,1,1,4,1,1,3,1,1,2,4,2,3,1,5 6,0,0,0,0,1,1,0,0,0,NA,55,NA,16715,Hanqinna meeshaalee barnoota fi hanqinna barsiisaa gosa barnoota isaatiin.mana jireenyaa barsiisotaa !,uuid:bf5af056-e787-4fdb-82d0-6245e4e98200,2512111015,uuid:bf5af056-e787-4fdb-82d0-6245e4e98200
80888,S0402130312,OROMIA,Arsii,jajuu,guutichaa,Rural,"12/27/2025, 6:03:17 PM","12/27/2025, 12:41:06 PM","12/27/2025, 1:57:58 PM",12/27/2025,6cd4eced41301dbb,1,TH34101,NA,female,principal,0,0,0,0,NA,NA,2007,2015,2015,1,1,5,NA,0,NA,NA,NA,NA,NA,NA,NA,4,1 2 3,1,1,1,0,0,0,NA,2 3 4,0,1,1,1,0,0,0,0,0,0,NA,0,0,0,0,0,0,0,0,0,NA,5,5,5,5,5,5,4,5,1,NA,2,NA,5,NA,1,2,1 4 6,1,0,0,1,0,1,0,0,0,NA,3,NA,4 8,0,0,0,1,0,0,0,1,0,NA,1,NA,4,NA,3,NA,6 7,0,0,0,0,0,1,1,0,0,0,NA,5,NA,1,1,0,0,0,0,0,0,NA,2 6,0,1,0,0,0,1,0,NA,6,NA,1,2 6 7,0,1,0,0,0,1,1,0,0,0,NA,3,NA,NA,NA,NA,NA,NA,NA,NA,NA,1,NA,2,NA,1,NA,2,NA,2,Hin jiru,4,3,3,3,4,4,4,3,NA,6,1 2 3 6,1,1,1,0,0,1,0,0,NA,2,NA,5,NA,6,NA,5,5,5,5,5,5,5,1,3,0,0,1,0,0,0,0,NA,3,NA,4,2,2 6,0,1,0,0,0,1,0,NA,1,1,0,NA,NA,NA,NA,NA,NA,0,NA,4,4,3,3,4,4,4,2,3,1,1,1,1,4,1,3,4,2,4,2,3,3,1,1,1,3,3,3,3,3,3,3,2,1,3,2,male,3,2,1,1,0,0,0,0,0,NA,3,3,3,3,3,3,3,3,3,3,3,3,1,1,1,3,1,2,2,4,1,1,3,2,1,2,3,2,2,1,3 5,0,0,1,0,1,0,0,0,0,NA,28,NA,16337,Hanqinna teessoo fi hanqinna bishaan dhugaatii fi hanqinna barsiisota gahuumsa qabanii!,uuid:cb4ac6a1-59d3-4980-9483-0e411091c063,2512142209,uuid:cb4ac6a1-59d3-4980-9483-0e411091c063
81109,S0402150502,OROMIA,Arsii,loodee heexosaa,maraaroo qalaxaa,Rural,"12/24/2025, 8:56:24 PM","12/24/2025, 9:34:38 AM","12/24/2025, 2:24:34 PM",12/24/2025,6cd4eced41301dbb,1,TH30501,NA,male,principal,0,0,0,0,NA,NA,2010,2015,2015,1,4,5,NA,0,NA,NA,NA,NA,NA,NA,NA,4,5,0,0,0,0,1,0,NA,2 3,0,1,1,0,0,0,0,0,0,0,NA,0,0,0,0,0,0,0,0,0,NA,4,3,4,4,4,5,4,3,2,NA,1,NA,8,NA,1,1,1 4,1,0,0,1,0,0,0,0,0,NA,3,NA,4 6,0,0,0,1,0,1,0,0,0,NA,3,NA,1,NA,6,NA,8,0,0,0,0,0,0,0,1,0,0,NA,5,NA,1,1,0,0,0,0,0,0,NA,2 6,0,1,0,0,0,1,0,NA,4,NA,1,1 5,1,0,0,0,1,0,0,0,0,0,NA,3,NA,NA,NA,NA,NA,NA,NA,NA,NA,3,NA,3,NA,1,NA,2,NA,1,Hin jiru,4,3,3,3,3,3,4,4,NA,6,3,0,0,1,0,0,0,0,0,NA,6,NA,5,NA,3,NA,5,4,4,4,5,4,4,3,3 4,0,0,1,1,0,0,0,NA,3,NA,4,2,2 6,0,1,0,0,0,1,0,NA,1,1,0,NA,NA,NA,NA,NA,NA,0,NA,3,4,3,3,4,4,4,1,3,1,1,1,1,4,1,2,4,1,3,3,3,4,1,1,2,3,3,3,2,3,3,3,2,1,3,2,male,3,3,1 2 3,1,1,1,0,0,0,NA,3,3,3,3,3,3,3,3,3,3,3,3,1,3,2,4,3,2,2,3,1,1,3,3,3,4,1,4,1,1,4 5 6,0,0,0,1,1,1,0,0,0,NA,37,NA,15333,Rakkoolee hanqinna barsiisaa bishaan dhugaatii dhabamu rakkoo hanqinna kitaaba barnootaa!,uuid:a240f79f-f791-4d1c-a53b-8df82788c680,2512142209,uuid:a240f79f-f791-4d1c-a53b-8df82788c680
81316,S0402180032,OROMIA,Arsii,roobee,gaadoo jeenaa,Rural,"12/16/2025, 6:49:45 PM","12/16/2025, 11:44:52 AM","12/16/2025, 12:41:05 AM",12/16/2025,873699e5faed7492,1,HT21202,NA,male,vice_principal,0,1,1,1,1,0,2010,2017,2017,1,1,5,NA,1,2016,management mentoring,1,0,1,0,NA,3,1 2 3,1,1,1,0,0,0,NA,1 2,1,1,0,0,0,0,0,0,0,0,NA,0,1,0,0,0,0,0,0,0,NA,5,4,5,5,4,4,4,5,1,NA,2,NA,5,NA,1,2,2 6 8,0,1,0,0,0,1,0,1,0,NA,3,NA,6 8,0,0,0,0,0,1,0,1,0,NA,1,NA,3,NA,6,NA,8,0,0,0,0,0,0,0,1,0,0,NA,5,NA,1,1,0,0,0,0,0,0,NA,2,0,1,0,0,0,0,0,NA,4,NA,1,2 4 7,0,1,0,1,0,0,1,0,0,0,NA,3,NA,NA,NA,NA,NA,NA,NA,NA,NA,2,NA,3,NA,1,NA,3,NA,1,Hin jiru,4,2,4,4,3,3,4,4,NA,6,1 3,1,0,1,0,0,0,0,0,NA,5,NA,2,NA,6,NA,4,5,5,5,4,4,4,1,3 4,0,0,1,1,0,0,0,NA,3,NA,3,2,3 6,0,0,1,0,0,1,0,NA,1,1,0,NA,NA,NA,NA,NA,NA,0,NA,4,4,4,3,3,4,4,2,3,1,1,1,2,4,1,3,4,4,4,3,3,4,1,1,2,3,3,3,1,3,3,2,1,1,3,2,male,3,2,1 2 3,1,1,1,0,0,0,NA,2,3,3,3,3,3,3,3,3,2,3,2,3,2,2,3,2,2,1,4,1,1,3,1,1,2,3,2,2,1,3 5 6,0,0,1,0,1,1,0,0,0,NA,34,NA,15490,Hanqinna meeshaa barnoota hanqinna barsiisaa gahumsa qabanii! Keessattuu barsiisaa herreegaa hin qabnu,uuid:5a636b4e-f703-4584-bac3-14c3496aa2e2,2512111015,uuid:5a636b4e-f703-4584-bac3-14c3496aa2e2
81316,S0402180032,OROMIA,Arsii,roobee,gaadoo jeenaa,Rural,"12/16/2025, 6:52:30 PM","12/16/2025, 11:25:02 AM","12/16/2025, 12:17:38 PM",12/16/2025,78b63b5b10d7e676,1,HT21201,NA,female,principal,0,0,0,1,1,0,1999,2016,2016,1,1,5,NA,0,NA,NA,NA,NA,NA,NA,NA,4,1,1,0,0,0,0,0,NA,4 7,0,0,0,1,0,0,1,0,0,0,NA,0,0,0,0,0,0,0,0,0,NA,5,5,5,5,4,5,5,4,2,NA,5,NA,3,NA,1,1,1 3,1,0,1,0,0,0,0,0,0,NA,3,NA,5 8,0,0,0,0,1,0,0,1,0,NA,3,NA,6,NA,1,NA,7,0,0,0,0,0,0,1,0,0,0,NA,5,NA,1,1,0,0,0,0,0,0,NA,2 6,0,1,0,0,0,1,0,NA,4,NA,1,2 4 5 6,0,1,0,1,1,1,0,0,0,0,NA,4,NA,4,0,0,0,1,0,0,NA,1,NA,3,NA,1,NA,1,NA,1,Hin jiru,4,3,4,4,3,4,4,3,NA,6,2,0,1,0,0,0,0,0,0,NA,5,NA,4,NA,6,NA,4,5,3,5,4,5,4,1,4,0,0,0,1,0,0,0,NA,1,NA,3,2,3 4,0,0,1,1,0,0,0,NA,1,3,0,NA,NA,NA,NA,NA,NA,0,NA,4,4,3,1,3,1,3,3,4,1,1,1,3,4,1,3,3,3,3,3,3,2,2,3,4,2,3,3,3,3,3,3,2,1,3,2,male,3,4,1 2 3 4,1,1,1,1,0,0,NA,3,3,3,3,3,3,3,1,2,3,3,1,1,3,2,2,1,1,1,4,1,1,3,1,1,3,2,4,4,1,8,0,0,0,0,0,0,0,1,0,NA,37,NA,16106,Hin jiru,uuid:e0d53998-51d6-4b6d-b42a-20e48c237afc,2512111015,uuid:e0d53998-51d6-4b6d-b42a-20e48c237afc
81340,S0402180612,OROMIA,Arsii,roobee,saddiqaa sad 1ffaa,Urban,"12/17/2025, 6:40:29 PM","12/17/2025, 10:44:51 AM","12/17/2025, 6:33:31 PM",12/17/2025,78b63b5b10d7e676,1,HT21302,NA,female,vice_principal,0,1,1,2,0,2,2006,2016,2016,1,4,2,NA,0,NA,NA,NA,NA,NA,NA,NA,4,1,1,0,0,0,0,0,NA,4 7,0,0,0,1,0,0,1,0,0,0,NA,0,0,0,0,0,0,0,0,0,NA,4,4,4,5,4,5,5,5,2,NA,5,NA,3,NA,1,2,1 2,1,1,0,0,0,0,0,0,0,NA,3,NA,5 8,0,0,0,0,1,0,0,1,0,NA,1,NA,6,NA,3,NA,5,0,0,0,0,1,0,0,0,0,0,NA,2,NA,1,1,0,0,0,0,0,0,NA,2,0,1,0,0,0,0,0,NA,6,NA,1,4 5,0,0,0,1,1,0,0,0,0,0,NA,4,NA,4,0,0,0,1,0,0,NA,2,NA,1,NA,1,NA,1,NA,1,Hin jiru,4,3,4,4,4,4,3,3,NA,6,3,0,0,1,0,0,0,0,0,NA,5,NA,4,NA,6,NA,5,5,3,5,4,4,4,1,4,0,0,0,1,0,0,0,NA,2,NA,4,1,NA,NA,NA,NA,NA,NA,NA,NA,NA,1,2,0,NA,NA,NA,NA,NA,NA,0,NA,4,3,3,1,3,2,3,2,4,1,1,1,1,2,3,4,3,2,3,3,3,2,2,2,3,3,3,3,3,3,2,3,3,1,3,2,male,3,5,2 3 4,0,1,1,1,0,0,NA,3,3,2,3,1,3,3,3,3,3,3,1,1,3,3,3,1,1,1,4,1,2,3,1,3,2,4,2,4,1,3,0,0,1,0,0,0,0,0,0,NA,37,NA,12300,Hin jiru.,uuid:2cb5d516-3ac8-427c-916c-f7d6e90c4680,2512111015,uuid:2cb5d516-3ac8-427c-916c-f7d6e90c4680
81340,S0402180612,OROMIA,Arsii,roobee,saddiqaa sad 1ffaa,Urban,"12/17/2025, 6:44:16 PM","12/17/2025, 3:41:08 AM","12/17/2025, 4:45:24 AM",12/17/2025,873699e5faed7492,1,T21301,NA,male,principal,0,0,0,2,0,2,2000,2013,2017,4,1,5,NA,1,2016,management in_service,1,1,0,0,NA,4,1 2 3,1,1,1,0,0,0,NA,2 4,0,1,0,1,0,0,0,0,0,0,NA,0,0,0,0,0,0,0,0,0,NA,5,5,5,5,5,5,4,5,2,NA,1,NA,5,NA,1,2,1 3 4,1,0,1,1,0,0,0,0,0,NA,3,NA,4 6,0,0,0,1,0,1,0,0,0,NA,3,NA,1,NA,6,NA,8,0,0,0,0,0,0,0,1,0,0,NA,5,NA,1,1,0,0,0,0,0,0,NA,2 6,0,1,0,0,0,1,0,NA,5,NA,1,4 5,0,0,0,1,1,0,0,0,0,0,NA,3,NA,NA,NA,NA,NA,NA,NA,NA,NA,1,NA,2,NA,1,NA,2,NA,2,Hin jiru,4,3,3,3,4,4,4,4,NA,6,2 3,0,1,1,0,0,0,0,0,NA,2,NA,6,NA,5,NA,5,5,5,5,5,5,5,1,3 4,0,0,1,1,0,0,0,NA,3,NA,3,1,NA,NA,NA,NA,NA,NA,NA,NA,NA,1,1,0,NA,NA,NA,NA,NA,NA,0,NA,4,3,3,2,4,4,4,1,3,1,1,1,1,4,1,4,4,1,4,1,4,4,1,1,2,3,3,3,3,3,3,3,2,1,3,1,male,3,3,1,1,0,0,0,0,0,NA,3,3,3,3,1,1,3,3,3,3,3,3,3,1,2,4,1,1,1,4,1,1,3,1,1,1,4,1,2,1,3 4 5,0,0,1,1,1,0,0,0,0,NA,42,NA,16715,"Hanqinna meeshaalee barnoota,hanqinna baajetaa hanqinna barsiisota gahumsa qabanii",uuid:96a6aaca-f343-4f26-a138-c9e4f6784f05,2512111015,uuid:96a6aaca-f343-4f26-a138-c9e4f6784f05
81551,S0402220232,OROMIA,Arsii,siree,tulluu,Rural,"12/23/2025, 5:55:59 PM","12/23/2025, 10:59:20 AM","12/23/2025, 5:52:55 PM",12/23/2025,78b63b5b10d7e676,1,HT22701,NA,female,principal,0,0,0,1,0,1,2008,2015,2015,1,2,5,NA,1,2017,management,1,0,0,0,NA,3,1 2,1,1,0,0,0,0,NA,1 4,1,0,0,1,0,0,0,0,0,0,NA,0,0,0,0,0,0,0,0,0,NA,5,5,5,5,4,5,5,5,2,NA,6,NA,3,NA,1,1,2 3 7,0,1,1,0,0,0,1,0,0,NA,3,NA,6 8,0,0,0,0,0,1,0,1,0,NA,3,NA,1,NA,6,NA,7 9,0,0,0,0,0,0,1,0,1,0,NA,5,NA,1,1,0,0,0,0,0,0,NA,2 5,0,1,0,0,1,0,0,NA,6,NA,1,4,0,0,0,1,0,0,0,0,0,0,NA,4,NA,4,0,0,0,1,0,0,NA,2,NA,1,NA,1,NA,1,NA,1,Hin jiru,3,4,4,4,4,3,4,3,NA,6,2,0,1,0,0,0,0,0,0,NA,6,NA,3,NA,5,NA,4,4,3,5,5,5,3,1,4,0,0,0,1,0,0,0,NA,3,NA,3,2,3 4,0,0,1,1,0,0,0,NA,1,1,0,NA,NA,NA,NA,NA,NA,0,NA,4,3,3,1,3,2,4,3,4,2,1,1,1,2,3,4,4,1,4,1,4,3,1,2,3,3,2,3,2,3,1,3,2,2,3,2,male,3,2,1 2 3,1,1,1,0,0,0,NA,3,3,3,3,3,3,1,3,3,3,3,3,1,3,2,3,1,1,1,4,1,2,3,1,1,1,3,4,3,1,4 5,0,0,0,1,1,0,0,0,0,NA,30,NA,16700,"Bajata  mana barumsa dhabuun bayy,ee nu mudate ture",uuid:ccdbf7fd-35e5-40a7-929d-664479f8ccca,2512142209,uuid:ccdbf7fd-35e5-40a7-929d-664479f8ccca
81741,S0402230482,OROMIA,Arsii,suudee,ashmiiraa humbii,Rural,"12/26/2025, 5:36:10 PM","12/26/2025, 11:17:36 AM","12/26/2025, 2:07:06 PM",12/26/2025,6cd4eced41301dbb,1,TH31101,NA,female,principal,0,0,0,0,NA,NA,2001,2014,2014,1,1,5,NA,0,NA,NA,NA,NA,NA,NA,NA,4,1 2 3 4,1,1,1,1,0,0,NA,1 3 5,1,0,1,0,1,0,0,0,0,0,NA,0,0,0,0,0,0,0,0,0,NA,5,5,5,5,4,5,4,3,1,NA,2,NA,5,NA,1,2,1 4 6,1,0,0,1,0,1,0,0,0,NA,3,NA,4 6,0,0,0,1,0,1,0,0,0,NA,3,NA,1,NA,2,NA,7,0,0,0,0,0,0,1,0,0,0,NA,5,NA,1,1,0,0,0,0,0,0,NA,2 6,0,1,0,0,0,1,0,NA,4,NA,1,2 5 7,0,1,0,0,1,0,1,0,0,0,NA,3,NA,NA,NA,NA,NA,NA,NA,NA,NA,1,NA,3,NA,3,NA,3,NA,2,Hin jiru,4,3,3,3,3,3,4,3,NA,6,1 2 3,1,1,1,0,0,0,0,0,NA,6,NA,5,NA,2,NA,5,4,3,4,3,4,3,1,3,0,0,1,0,0,0,0,NA,3,NA,4,2,2 6,0,1,0,0,0,1,0,NA,1,1,0,NA,NA,NA,NA,NA,NA,0,NA,4,3,4,3,3,4,4,1,3,1,1,1,1,3,2,3,4,2,3,3,4,2,1,1,1,3,3,3,1,2,2,2,1,1,3,3,male,2,1,1,1,0,0,0,0,0,NA,1,3,3,1,1,1,1,3,1,3,3,1,1,1,1,4,4,3,1,4,1,1,3,2,3,2,2,2,4,2,3 4 5 6,0,0,1,1,1,1,0,0,0,NA,36,NA,16709,Rakkoo baajetaa fi bishaan dhugaatii mana mana baruumsaa keessaa dhabamu rakkoo daandii fi mana jireenya barsiisotaa!,uuid:db091354-ba84-4e34-bbaa-fe6a947f3fb6,2512142209,uuid:db091354-ba84-4e34-bbaa-fe6a947f3fb6
81771,S0402230612,OROMIA,Arsii,suudee,maammoo,Rural,"12/25/2025, 6:46:45 PM","12/25/2025, 8:48:31 AM","12/25/2025, 1:38:43 PM",12/25/2025,873699e5faed7492,1,TH23001,NA,female,principal,0,0,0,0,NA,NA,2005,2012,2012,1,4,5,NA,0,NA,NA,NA,NA,NA,NA,NA,5,1 2 3,1,1,1,0,0,0,NA,2 4 5,0,1,0,1,1,0,0,0,0,0,NA,0,0,0,0,0,0,0,1,0,NA,4,4,4,4,3,4,4,5,1,NA,2,NA,5,NA,1,1,1 3 7,1,0,1,0,0,0,1,0,0,NA,3,NA,2 8,0,1,0,0,0,0,0,1,0,NA,4,NA,3,NA,1,NA,7 8,0,0,0,0,0,0,1,1,0,0,NA,5,NA,1,1,0,0,0,0,0,0,NA,2,0,1,0,0,0,0,0,NA,4,NA,1,1 3 4,1,0,1,1,0,0,0,0,0,0,NA,3,NA,NA,NA,NA,NA,NA,NA,NA,NA,3,NA,3,NA,1,NA,3,NA,3,Hin jiru,3,3,3,3,4,3,4,4,NA,6,1 2 3,1,1,1,0,0,0,0,0,NA,6,NA,5,NA,2,NA,4,4,4,4,4,4,3,1,2 3,0,1,1,0,0,0,0,NA,3,NA,4,2,3 6,0,0,1,0,0,1,0,NA,1,1,0,NA,NA,NA,NA,NA,NA,0,NA,4,4,4,2,3,4,4,1,3,2,2,2,1,3,2,4,4,2,2,3,4,2,1,1,3,3,3,3,3,2,3,2,1,1,3,2,male,2,1,1,1,0,0,0,0,0,NA,3,3,2,3,2,2,3,3,3,3,2,4,1,3,4,4,3,3,3,4,1,1,3,1,3,3,3,3,2,1,4 5 6,0,0,0,1,1,1,0,0,0,NA,30,NA,16709,Hanqinna leenjii bulchiinsa mana barumsaa fi qulqulinna ijaarsa mana barumsaa fi hanqinna meeshaalee barnoota kan Akka kitaabaa fi hanqinna bishaan dhugaatii,uuid:cf22e809-bae8-4f4e-a701-eefcb558cdf5,2512142209,uuid:cf22e809-bae8-4f4e-a701-eefcb558cdf5
81970,S0402250162,OROMIA,Arsii,xiyyoo,abbichuu,Rural,"12/15/2025, 6:41:04 PM","12/15/2025, 10:06:31 AM","12/15/2025, 11:07:52 AM",12/15/2025,6cd4eced41301dbb,1,HT23501,NA,male,principal,0,0,0,0,NA,NA,2003,2011,2017,2,6,5,NA,0,NA,NA,NA,NA,NA,NA,NA,2,1 2 3,1,1,1,0,0,0,NA,2 3,0,1,1,0,0,0,0,0,0,0,NA,0,0,0,0,0,1,0,0,0,NA,5,4,4,4,3,4,4,5,1,NA,2,NA,8,NA,1,2,1 3 6,1,0,1,0,0,1,0,0,0,NA,3,NA,5 6,0,0,0,0,1,1,0,0,0,NA,3,NA,1,NA,2,NA,5,0,0,0,0,1,0,0,0,0,0,NA,5,NA,1,1,0,0,0,0,0,0,NA,2 6,0,1,0,0,0,1,0,NA,6,NA,1,4 5,0,0,0,1,1,0,0,0,0,0,NA,3,NA,NA,NA,NA,NA,NA,NA,NA,NA,1,NA,2,NA,2,NA,3,NA,1,Hin jiru,4,3,3,3,4,3,4,4,NA,6,2,0,1,0,0,0,0,0,0,NA,6,NA,5,NA,2,NA,4,5,4,5,5,5,4,1,4 5,0,0,0,1,1,0,0,NA,3,NA,3,2,6,0,0,0,0,0,1,0,NA,1,1,0,NA,NA,NA,NA,NA,NA,0,NA,4,4,4,2,3,4,4,1,3,1,1,1,2,4,2,3,4,1,4,3,4,4,1,1,2,2,2,3,3,3,2,2,2,1,3,2,male,3,2,1 2 3,1,1,1,0,0,0,NA,3,1,3,2,3,3,3,2,3,2,1,3,1,3,2,4,2,1,1,4,1,1,3,1,2,2,4,3,3,1,3 4 5,0,0,1,1,1,0,0,0,0,NA,33,NA,15555,"Barnoota dabalataa gannaa osoo nuuf kennamee,akkasuma meeshaalee barnootaa fi daree dabalataa fi hanqinna barsiisota gahumsa qabanii! Nyaata barataa irrattis rakkoo guddaatu jira haqummaa hin qabu karaa worra gandaatiin!",uuid:a30c4535-a9d4-47e4-8674-81ab3d09a032,2512111015,uuid:a30c4535-a9d4-47e4-8674-81ab3d09a032
80530,S0402270022,OROMIA,Arsii,b/m/dheeraa,dheeraa lakk.1,Urban,"12/25/2025, 8:18:12 PM","12/25/2025, 8:50:49 AM","12/25/2025, 7:27:19 PM",12/25/2025,511b83623529c852,1,HT40601,NA,female,vice_principal,1,0,1,2,1,1,1996,2012,2012,1,6,5,NA,1,2011,mentoring,0,0,1,0,NA,2,1 3,1,0,1,0,0,0,NA,1 3 4 5,1,0,1,1,1,0,0,0,0,0,NA,0,0,0,0,1,0,0,0,0,NA,3,3,4,4,4,3,4,4,2,NA,1,NA,3,NA,1,1,2 3 4,0,1,1,1,0,0,0,0,0,NA,3,NA,4 5,0,0,0,1,1,0,0,0,0,NA,3,NA,6,NA,5,NA,7,0,0,0,0,0,0,1,0,0,0,NA,5,NA,1,1,0,0,0,0,0,0,NA,2 5 6,0,1,0,0,1,1,0,NA,6,NA,1,1 2 4 5 6,1,1,0,1,1,1,0,0,0,0,NA,2,NA,NA,NA,NA,NA,NA,NA,NA,NA,2,NA,2,NA,2,NA,2,NA,2,No,3,4,4,3,4,4,5,4,NA,3,2 3 4,0,1,1,1,0,0,0,0,NA,5,NA,2,NA,6,NA,4,4,4,5,4,5,5,1,3 4 5,0,0,1,1,1,0,0,NA,1,NA,3,2,2,0,1,0,0,0,0,0,NA,1,1,1,1,1,0,0,0,NA,0,NA,2,2,2,4,4,2,3,2,3,1,1,1,3,3,1,4,3,3,3,3,2,2,4,1,2,3,3,3,3,2,2,3,3,3,3,1,male,2,2,1 2 3 4,1,1,1,1,0,0,NA,1,2,2,1,3,1,3,3,1,3,3,3,2,3,4,3,2,2,3,4,1,2,3,1,2,1,5,4,4,4,3 4 5,0,0,1,1,1,0,0,0,0,NA,34,NA,16558,No,uuid:2a94b514-950f-4ec4-bf7b-e3cd780b1f3b,2512142209,uuid:2a94b514-950f-4ec4-bf7b-e3cd780b1f3b
80530,S0402270022,OROMIA,Arsii,b/m/dheeraa,dheeraa lakk.1,Urban,"12/25/2025, 8:18:17 PM","12/25/2025, 10:18:53 AM","12/25/2025, 7:28:13 PM",12/25/2025,511b83623529c852,1,HT40602,NA,male,principal,0,0,0,2,1,1,1996,2000,2016,5,1,5,NA,1,2016,in_service mentoring,0,1,1,0,NA,1,1 2 3,1,1,1,0,0,0,NA,1 2 5,1,1,0,0,1,0,0,0,0,0,NA,0,1,0,0,1,1,0,0,0,NA,5,4,4,5,3,5,4,4,2,NA,1,NA,6,NA,1,2,3 4 5,0,0,1,1,1,0,0,0,0,NA,3,NA,4 5,0,0,0,1,1,0,0,0,0,NA,1,NA,3,NA,5,NA,7 9,0,0,0,0,0,0,1,0,1,0,NA,5,NA,1 5,1,0,0,0,1,0,0,NA,2 5 6,0,1,0,0,1,1,0,NA,6,NA,1,3 4 5,0,0,1,1,1,0,0,0,0,0,NA,2,NA,NA,NA,NA,NA,NA,NA,NA,NA,2,NA,1,NA,1,NA,1,NA,1,No,3,4,4,3,3,4,4,2,NA,6,2 3 4,0,1,1,1,0,0,0,0,NA,5,NA,6,NA,2,NA,4,3,3,4,4,4,4,1,4 5 6,0,0,0,1,1,1,0,NA,1,NA,4,2,2 5,0,1,0,0,1,0,0,NA,1,1,1,1,1,0,0,0,NA,0,NA,3,3,2,3,2,2,3,3,3,1,1,1,2,3,1,4,3,2,2,2,3,2,1,1,3,3,3,3,2,2,2,2,1,1,2,2,male,3,2,1 2 3 4,1,1,1,1,0,0,NA,1,2,2,1,3,1,2,3,3,1,3,2,2,4,4,4,2,3,1,4,1,1,3,1,2,1,5,3,4,1,1 4 5,1,0,0,1,1,0,0,0,0,NA,42,NA,18535,No,uuid:76577fa9-da50-4f6d-884a-dd16ddef0b6c,2512142209,uuid:76577fa9-da50-4f6d-884a-dd16ddef0b6c
85693,S0403040222,OROMIA,Baalee,barbaree,dheeraa,Rural,"12/23/2025, 7:43:48 PM","12/23/2025, 8:52:29 AM","12/23/2025, 7:34:58 PM",12/23/2025,8e28ba7f870e07da,1,HT12501,NA,male,principal,1,0,1,0,NA,NA,2010,2015,2016,1,1,5,NA,1,2017,in_service,0,1,0,0,NA,2,1,1,0,0,0,0,0,NA,1 3,1,0,1,0,0,0,0,0,0,0,NA,0,0,0,0,0,0,0,0,0,NA,5,5,5,5,5,5,5,5,2,NA,1,NA,8,NA,1,1,2 4 6,0,1,0,1,0,1,0,0,0,NA,2,NA,2 4,0,1,0,1,0,0,0,0,0,NA,4,NA,2,NA,3,NA,4 5,0,0,0,1,1,0,0,0,0,0,NA,1,NA,4,0,0,0,1,0,0,0,NA,2 6,0,1,0,0,0,1,0,NA,1,NA,1,3 4 5,0,0,1,1,1,0,0,0,0,0,NA,2,NA,NA,NA,NA,NA,NA,NA,NA,NA,2,NA,1,NA,1,NA,1,NA,1,None,4,4,4,4,4,4,4,4,NA,2,1 7,1,0,0,0,0,0,1,0,NA,3,NA,4,NA,8,NA,5,5,5,5,5,5,5,3,1,1,0,0,0,0,0,0,NA,3,NA,2,2,1 3,1,0,1,0,0,0,0,NA,1,2,1,1 2,1,1,0,0,NA,0,NA,4,3,3,4,3,4,4,4,4,3,1,1,4,4,4,4,4,4,4,4,4,4,4,3,4,3,2,3,1,1,1,1,1,1,3,1,male,2,3,2,0,1,0,0,0,0,NA,3,3,3,3,3,2,3,2,3,3,3,4,4,4,4,4,1,1,1,4,1,1,3,1,1,1,2,2,1,1,5 8,0,0,0,0,1,0,0,1,0,NA,32,NA,23725,Nene,uuid:3868ef50-ca1f-4710-b79a-09253f433440,2512142209,uuid:3868ef50-ca1f-4710-b79a-09253f433440
85723,S0403040362,OROMIA,Baalee,barbaree,sirrimaa,Rural,"12/22/2025, 7:26:41 PM","12/22/2025, 10:02:34 AM","12/22/2025, 12:59:28 PM",12/22/2025,8e28ba7f870e07da,1,TH12601,NA,female,principal,0,1,1,1,0,1,2002,2009,2012,2,6,5,NA,0,NA,NA,NA,NA,NA,NA,NA,1,1,1,0,0,0,0,0,NA,1 2,1,1,0,0,0,0,0,0,0,0,NA,0,0,0,0,1,1,1,0,0,NA,5,5,5,5,5,5,5,5,2,NA,4,NA,8,NA,1,1,2 6 7,0,1,0,0,0,1,1,0,0,NA,2,NA,2 4,0,1,0,1,0,0,0,0,0,NA,6,NA,5,NA,3,NA,2 5,0,1,0,0,1,0,0,0,0,0,NA,5,NA,1 5,1,0,0,0,1,0,0,NA,2,0,1,0,0,0,0,0,NA,4,NA,1,2 6,0,1,0,0,0,1,0,0,0,0,NA,3,NA,NA,NA,NA,NA,NA,NA,NA,NA,2,NA,2,NA,1,NA,2,NA,2,Nene,4,4,4,4,4,4,4,3,NA,1,6 7,0,0,0,0,0,1,1,0,NA,2,NA,6,NA,11,NA,5,5,4,4,4,2,5,1,2,0,1,0,0,0,0,0,NA,2,NA,1,2,2 5,0,1,0,0,1,0,0,NA,1,3,1,2 3,0,1,1,0,NA,0,NA,4,2,3,1,3,4,4,4,4,3,1,1,4,4,4,2,4,4,4,1,4,4,1,4,4,3,3,3,1,1,1,3,1,1,3,2,male,2,4,3,0,0,1,0,0,0,NA,3,3,3,3,3,3,3,3,3,3,3,4,4,4,4,1,4,4,1,4,1,1,2,1,4,4,4,4,4,2,1 6 7,1,0,0,0,0,1,1,0,0,NA,38,NA,23799,"Mahiberseb Tesatfo Alemenor,Alemerdat Lethimrt bota Alemesitet",uuid:8a294572-35a9-42f3-93f4-e0ea6f051261,2512142209,uuid:8a294572-35a9-42f3-93f4-e0ea6f051261
86616,S0403060012,OROMIA,Baalee Bahaa,daawwee qaachan,raaree,Rural,"12/18/2025, 8:28:32 PM","12/18/2025, 9:44:47 AM","12/18/2025, 8:27:48 PM",12/18/2025,8e28ba7f870e07da,1,HT14701,NA,female,principal,0,1,1,0,NA,NA,2008,2012,2014,2,4,5,NA,0,NA,NA,NA,NA,NA,NA,NA,1,1,1,0,0,0,0,0,NA,1,1,0,0,0,0,0,0,0,0,0,NA,1,1,1,1,1,1,1,1,0,NA,5,5,4,5,5,5,5,5,2,NA,3,NA,6,NA,1,1,1 3 6,1,0,1,0,0,1,0,0,0,NA,2,NA,2 4,0,1,0,1,0,0,0,0,0,NA,3,NA,8,NA,2,NA,2,0,1,0,0,0,0,0,0,0,0,NA,1,NA,4 5,0,0,0,1,1,0,0,NA,2 5,0,1,0,0,1,0,0,NA,1,NA,1,2 3 6,0,1,1,0,0,1,0,0,0,0,NA,3,NA,NA,NA,NA,NA,NA,NA,NA,NA,2,NA,2,NA,1,NA,1,NA,2,No,4,4,4,4,4,4,4,3,NA,7,7,0,0,0,0,0,0,1,0,NA,1,NA,6,NA,5,NA,5,5,4,5,5,4,4,2,2,0,1,0,0,0,0,0,NA,3,NA,1,2,2 3,0,1,1,0,0,0,0,NA,1,1,1,1,1,0,0,0,NA,0,NA,4,4,4,4,4,4,4,4,4,1,1,2,4,4,4,4,4,4,4,1,4,1,1,1,4,3,1,3,3,1,1,2,1,1,3,1,male,3,3,3 4,0,0,1,1,0,0,NA,3,3,3,3,3,3,3,3,3,3,3,4,1,1,1,1,1,1,1,4,1,1,3,1,1,5,1,1,5,1,1 8,1,0,0,0,0,0,0,1,0,NA,33,NA,23295,ASITEMAR ETIRET,uuid:f40396e4-dad8-446f-b0f3-1a03e96eff18,2512142209,uuid:f40396e4-dad8-446f-b0f3-1a03e96eff18
86614,S0403060242,OROMIA,Baalee Bahaa,daawwee qaachan,mi'oo sadarkaa 1ffaa,Urban,"12/19/2025, 9:00:48 PM","12/19/2025, 10:51:03 AM","12/19/2025, 8:23:07 PM",12/19/2025,c7654ba83377bbd9,1,HT14602,NA,male,vice_principal,1,0,1,1,1,0,2008,2015,2017,4,6,5,NA,1,2015,in_service mentoring,0,1,1,0,NA,2,1,1,0,0,0,0,0,NA,2 4 7,0,1,0,1,0,0,1,0,0,0,NA,1,1,1,1,1,0,0,0,0,NA,5,4,5,5,4,4,4,4,2,NA,1,NA,5,NA,1,1,7 8,0,0,0,0,0,0,1,1,0,NA,3,NA,3 4,0,0,1,1,0,0,0,0,0,NA,1,NA,97,Ittaanaan Dura bu'aa daree barnootaa seenee barsiisuu,3,NA,97,0,0,0,0,0,0,0,0,0,1,Ittaanaan Dura bu'aa daree barnootaa  seenee Barsiisuu,2,NA,1 5,1,0,0,0,1,0,0,NA,2 6,0,1,0,0,0,1,0,NA,2,NA,1,2 4 7,0,1,0,1,0,0,1,0,0,0,NA,2,NA,NA,NA,NA,NA,NA,NA,NA,NA,2,NA,3,NA,2,NA,2,NA,2,None,3,3,3,3,3,3,4,3,NA,6,4,0,0,0,1,0,0,0,0,NA,5,NA,6,NA,11,NA,3,3,4,3,4,3,4,2,2 97,0,1,0,0,0,0,1,Hawwaasaaf Hubannoo kennuu,1,NA,4,1,NA,NA,NA,NA,NA,NA,NA,NA,NA,1,2,1,1 2 3,1,1,1,0,NA,0,NA,3,3,4,4,4,4,4,4,4,1,1,1,4,4,1,4,4,3,4,2,3,3,4,4,3,1,2,2,1,2,3,1,1,1,2,2,male,2,1,1,1,0,0,0,0,0,NA,2,2,1,3,1,1,1,2,2,1,1,4,3,3,3,3,4,4,1,3,1,3,1,4,5,5,5,5,4,4,2 5 6,0,1,0,0,1,1,0,0,0,NA,31,NA,22156,"1/Hanqina Barsiisaa
2/Meeshaalee barnootaa, kitaabolee fi meeshaalee 3/barnootaa
4/Daree barnootaa
5/Harcaatii baraa
6/Naamusni Barattootaa dhabamuu",uuid:67ffd0a7-ba76-4bc2-8cb6-1ba52c82acac,2512142209,uuid:67ffd0a7-ba76-4bc2-8cb6-1ba52c82acac
86614,S0403060242,OROMIA,Baalee Bahaa,daawwee qaachan,mi'oo sadarkaa 1ffaa,Urban,"12/19/2025, 9:02:42 PM","12/19/2025, 11:44:37 AM","12/19/2025, 8:22:22 PM",12/19/2025,8e28ba7f870e07da,1,HT14601,NA,male,principal,1,0,1,1,1,0,2002,2006,2006,4,5,5,NA,1,2016,mentoring,0,0,1,0,NA,2,1,1,0,0,0,0,0,NA,1 3,1,0,1,0,0,0,0,0,0,0,NA,0,0,0,1,1,0,0,0,0,NA,5,5,5,5,5,5,5,5,2,NA,6,NA,4,NA,1,1,2 3 5,0,1,1,0,1,0,0,0,0,NA,2,NA,3 4,0,0,1,1,0,0,0,0,0,NA,2,NA,1,NA,4,NA,3,0,0,1,0,0,0,0,0,0,0,NA,1,NA,1 4,1,0,0,1,0,0,0,NA,2 5,0,1,0,0,1,0,0,NA,3,NA,1,2 4 5,0,1,0,1,1,0,0,0,0,0,NA,3,NA,NA,NA,NA,NA,NA,NA,NA,NA,1,NA,3,NA,2,NA,3,NA,2,Nene,1,1,1,1,1,1,1,4,NA,3,97,0,0,0,0,0,0,0,1,Yelem,3,NA,5,NA,8,NA,5,5,2,5,5,4,2,2,3 4,0,0,1,1,0,0,0,NA,2,NA,2,1,NA,NA,NA,NA,NA,NA,NA,NA,NA,1,2,1,1 2 3,1,1,1,0,NA,0,NA,4,3,3,3,3,4,4,3,3,1,1,1,3,4,1,3,4,2,1,1,4,4,1,1,3,3,3,3,1,1,1,1,1,1,1,3,male,2,2,1 2,1,1,0,0,0,0,NA,3,3,3,3,2,3,2,2,3,3,3,1,3,2,3,3,1,1,1,3,1,3,3,5,5,4,3,5,3,1,1 3 5,1,0,1,0,1,0,0,0,0,NA,39,NA,23952,"1/Hanqina Barsiisotaa
2/Hanqina Daree Dabalataa
3/Ilaalcha Hawwaasa",uuid:e8e2145a-3472-4092-9c78-6a8a710024c2,2512142209,uuid:e8e2145a-3472-4092-9c78-6a8a710024c2
85792,S0403070082,OROMIA,Baalee,dalloo mannaa,boowwicha,Rural,"12/6/2025, 7:21:34 PM","12/6/2025, 1:40:22 PM","12/6/2025, 7:10:38 PM",12/6/2025,c7654ba83377bbd9,1,HT14901,NA,male,principal,1,0,1,0,NA,NA,2008,2016,2017,2,6,5,NA,1,2017,in_service,0,1,0,0,NA,3,1 2 3 5,1,1,1,0,1,0,NA,2 5,0,1,0,0,1,0,0,0,0,0,NA,0,1,1,1,1,0,0,0,0,NA,5,5,5,5,5,5,5,5,2,NA,1,NA,3,NA,1,1,1 3 4,1,0,1,1,0,0,0,0,0,NA,3,NA,2 6,0,1,0,0,0,1,0,0,0,NA,1,NA,6,NA,3,NA,4 7,0,0,0,1,0,0,1,0,0,0,NA,4,NA,1 3 5,1,0,1,0,1,0,0,NA,2,0,1,0,0,0,0,0,NA,3,NA,1,1 2 3,1,1,1,0,0,0,0,0,0,0,NA,3,NA,NA,NA,NA,NA,NA,NA,NA,NA,2,NA,1,NA,2,NA,2,NA,2,None,4,3,4,4,4,4,2,2,NA,6,6,0,0,0,0,0,1,0,0,NA,11,NA,6,NA,5,NA,5,5,5,5,5,5,5,1,2 4,0,1,0,1,0,0,0,NA,2,NA,4,2,1 4,1,0,0,1,0,0,0,NA,1,3,1,2,0,1,0,0,NA,0,NA,4,4,4,2,3,4,4,3,4,5,5,4,1,2,4,4,4,1,4,1,4,4,1,1,1,2,3,3,3,3,2,2,1,1,2,1,male,3,1,1 3,1,0,1,0,0,0,NA,3,1,2,3,3,2,2,3,3,3,3,1,2,3,3,3,1,1,1,4,1,1,3,1,4,3,3,4,4,2,2 3 4 5 8,0,1,1,1,1,0,0,1,0,NA,30,NA,16254,NA,uuid:b8f3a3e3-280a-4024-9123-18db036ffb7d,2512031638,uuid:b8f3a3e3-280a-4024-9123-18db036ffb7d
85879,S0403080052,OROMIA,Baalee,diinshoo,hoommaa,Rural,"12/24/2025, 9:33:52 PM","12/24/2025, 12:56:55 PM","12/24/2025, 9:27:26 PM",12/24/2025,c7654ba83377bbd9,1,HT34301,NA,female,principal,0,1,1,1,0,1,2006,2015,2015,1,2,5,NA,1,2016,mentoring,0,0,1,0,NA,1,1,1,0,0,0,0,0,NA,2 3,0,1,1,0,0,0,0,0,0,0,NA,0,0,0,0,0,0,0,0,0,NA,5,5,5,5,4,5,5,5,2,NA,3,NA,1,NA,1,1,7 8 97,0,0,0,0,0,0,1,1,1,Mana kuusaa nyaataa Barattootaa ijaaruu,3,NA,2 4,0,1,0,1,0,0,0,0,0,NA,6,NA,3,NA,1,NA,3 6,0,0,1,0,0,1,0,0,0,0,NA,4,NA,1 5,1,0,0,0,1,0,0,NA,5 6,0,0,0,0,1,1,0,NA,6,NA,1,2 4 7 97,0,1,0,1,0,0,1,0,0,1,Keenninsa barnoota dabalataa akka kennuuf,2,NA,NA,NA,NA,NA,NA,NA,NA,NA,3,NA,2,NA,3,NA,2,NA,2,None,4,3,3,3,3,3,4,4,NA,4,4,0,0,0,1,0,0,0,0,NA,5,NA,6,NA,1,NA,5,5,2,4,5,5,5,1,5 6,0,0,0,0,1,1,0,NA,2,NA,4,1,NA,NA,NA,NA,NA,NA,NA,NA,NA,1,1,1,1 2 3,1,1,1,0,NA,0,NA,3,3,3,3,3,1,4,4,3,1,1,1,3,4,1,3,4,3,3,3,3,4,1,1,3,1,2,3,3,2,2,2,2,2,3,2,male,4,1,1,1,0,0,0,0,0,NA,2,1,2,2,3,1,3,3,3,3,3,3,3,4,4,3,1,1,1,4,1,1,3,1,1,3,1,4,4,2,4 5 8,0,0,0,1,1,0,0,1,0,NA,36,NA,23671,"1/Hanqina meeshaalee barnootaa fakkeenyaaf Meeshaalee Barreeffamaa, Fedhii dhabuu barattootaa,
2/Kaffaltiin kaffalamu gahaa ta'uu dhabuu
3/Hanqina Geejjibaa
4/ Hanqina Yaala fayyaa barsiisaaf oolu dhabamuu
5/Hanqina Barsiisota.",uuid:0e07a797-a604-4d4a-a7ac-54d0298db94f,2512142209,uuid:0e07a797-a604-4d4a-a7ac-54d0298db94f
85879,S0403080052,OROMIA,Baalee,diinshoo,hoommaa,Rural,"12/24/2025, 9:33:59 PM","12/24/2025, 12:00:57 PM","12/24/2025, 9:27:04 PM",12/24/2025,c7654ba83377bbd9,1,HT34301,NA,male,vice_principal,1,1,2,2,1,1,2001,2017,2017,1,2,5,NA,1,2007,other,0,0,0,1,NGO,3,1,1,0,0,0,0,0,NA,2 3,0,1,1,0,0,0,0,0,0,0,NA,0,0,0,0,0,1,0,0,0,NA,5,5,5,5,4,5,4,5,2,NA,1,NA,4,NA,1,1,2 7 8,0,1,0,0,0,0,1,1,0,NA,3,NA,2 4,0,1,0,1,0,0,0,0,0,NA,6,NA,3,NA,2,NA,1 6,1,0,0,0,0,1,0,0,0,0,NA,2,NA,1 5,1,0,0,0,1,0,0,NA,2 5 6,0,1,0,0,1,1,0,NA,6,NA,1,2 4 8,0,1,0,1,0,0,0,1,0,0,NA,3,NA,NA,NA,NA,NA,NA,NA,NA,NA,2,NA,2,NA,3,NA,3,NA,2,No,4,5,4,4,3,4,4,4,NA,6,3,0,0,1,0,0,0,0,0,NA,11,NA,6,NA,97,Hanqina qabeenyaa,5,5,3,5,5,4,5,2,2 6,0,1,0,0,0,1,0,NA,2,NA,5,1,NA,NA,NA,NA,NA,NA,NA,NA,NA,1,1,1,1 2 3,1,1,1,0,NA,0,NA,4,3,3,3,3,3,4,3,3,1,1,1,4,4,4,4,4,2,4,1,3,4,1,1,3,3,3,3,3,2,2,2,2,2,2,2,male,2,2,1,1,0,0,0,0,0,NA,1,1,3,3,3,3,3,3,3,3,3,3,1,3,3,3,3,3,1,4,3,1,1,4,4,3,4,4,3,1,1 3 4,1,0,1,1,0,0,0,0,0,NA,38,NA,15090,"1/Hanqina baajata mana barumsaa
2/Mana jireenya Barsiisota
3/Hanqina leenjii Barsiisotaa
4/Hirmaannaan Hawwaasaa dhabamuu",uuid:015a7311-c599-4644-9afd-bd24945b74d9,2512142209,uuid:015a7311-c599-4644-9afd-bd24945b74d9
85880,S0403080152,OROMIA,Baalee,diinshoo,hora soobbaa,Rural,"12/5/2025, 9:37:13 PM","12/5/2025, 10:15:15 AM","12/5/2025, 9:25:12 PM",12/5/2025,c7654ba83377bbd9,1,HT15502,NA,male,vice_principal,1,0,1,1,1,0,2008,2016,2016,1,6,2,NA,0,NA,NA,NA,NA,NA,NA,NA,5,5,0,0,0,0,1,0,NA,2 5,0,1,0,0,1,0,0,0,0,0,NA,1,0,1,1,0,0,1,1,0,NA,5,5,5,5,5,5,5,5,1,NA,2,NA,5,NA,1,1,2 3 8,0,1,1,0,0,0,0,1,0,NA,2,NA,2 8,0,1,0,0,0,0,0,1,0,NA,1,NA,6,NA,5,NA,4,0,0,0,1,0,0,0,0,0,0,NA,2,NA,1,1,0,0,0,0,0,0,NA,2 5 6,0,1,0,0,1,1,0,NA,6,NA,1,2 3 4 5 6 7,0,1,1,1,1,1,1,0,0,0,NA,4,NA,1 2,1,1,0,0,0,0,NA,2,NA,1,NA,3,NA,2,NA,2,None,4,4,3,4,4,4,4,2,NA,3,3,0,0,1,0,0,0,0,0,NA,2,NA,6,NA,8,NA,5,5,4,4,4,4,4,1,2 6,0,1,0,0,0,1,0,NA,1,NA,3,2,1 6,1,0,0,0,0,1,0,NA,1,1,0,NA,NA,NA,NA,NA,NA,0,NA,4,3,3,3,3,4,3,3,3,1,1,1,2,4,4,4,4,1,4,3,4,4,4,3,4,2,2,1,1,1,2,1,2,2,1,1,male,3,1,1 3 4,1,0,1,1,0,0,NA,3,3,3,3,3,3,3,3,3,3,3,1,1,2,3,3,3,3,1,4,1,1,3,2,3,3,5,5,5,1,1,1,0,0,0,0,0,0,0,0,NA,29,NA,11259,None,uuid:efa6b455-5f47-4cfb-8d9b-0b33e56fa0cc,2512030638,uuid:efa6b455-5f47-4cfb-8d9b-0b33e56fa0cc
85880,S0403080152,OROMIA,Baalee,diinshoo,hora soobbaa,Rural,"12/5/2025, 9:38:28 PM","12/5/2025, 10:26:53 AM","12/5/2025, 9:35:42 PM",12/5/2025,8e28ba7f870e07da,1,HT15501,NA,male,principal,1,0,1,1,1,0,2007,2014,2014,2,4,6,NA,0,NA,NA,NA,NA,NA,NA,NA,2,1,1,0,0,0,0,0,NA,3 5,0,0,1,0,1,0,0,0,0,0,NA,0,0,0,1,0,1,1,1,0,NA,4,4,4,2,4,5,4,1,2,NA,4,NA,1,NA,1,1,2 7 8,0,1,0,0,0,0,1,1,0,NA,2,NA,1 6,1,0,0,0,0,1,0,0,0,NA,5,NA,3,NA,4,NA,4,0,0,0,1,0,0,0,0,0,0,NA,2,NA,1 3,1,0,1,0,0,0,0,NA,5,0,0,0,0,1,0,0,NA,2,NA,1,1 3 4,1,0,1,1,0,0,0,0,0,0,NA,3,NA,NA,NA,NA,NA,NA,NA,NA,NA,2,NA,3,NA,2,NA,2,NA,2,No,4,4,4,3,4,4,4,4,NA,5,1 2,1,1,0,0,0,0,0,0,NA,6,NA,5,NA,11,NA,4,4,4,4,4,4,4,3,2 4,0,1,0,1,0,0,0,NA,1,NA,4,3,2 4 5,0,1,0,1,1,0,0,NA,1,4,1,2 3,0,1,1,0,NA,0,NA,3,2,3,3,2,3,3,3,4,1,1,1,2,3,4,4,4,3,1,3,3,3,1,3,3,3,2,3,2,1,2,1,2,3,2,1,male,1,5,1 3,1,0,1,0,0,0,NA,1,1,1,1,2,1,1,1,1,1,1,3,3,3,3,3,4,3,3,3,4,3,2,1,4,4,2,4,4,1,1 4,1,0,0,1,0,0,0,0,0,NA,20,NA,16300,"Bejet Matati,mahiberseb ,digfi",uuid:1e094cd2-e0a0-43fe-bb3e-e6610d1a6698,2512030638,uuid:1e094cd2-e0a0-43fe-bb3e-e6610d1a6698
85941,S0403090062,OROMIA,Baalee,gaasaraa,diddiksaa,Rural,"12/11/2025, 7:30:47 PM","12/11/2025, 4:08:27 PM","12/11/2025, 7:29:26 PM",12/11/2025,c7654ba83377bbd9,1,HT16301,NA,male,principal,1,0,1,1,1,0,2003,2012,2013,2,6,5,NA,1,2015,mentoring,0,0,1,0,NA,2,1 2 3,1,1,1,0,0,0,NA,3 4,0,0,1,1,0,0,0,0,0,0,NA,0,0,0,0,0,0,0,0,0,NA,4,4,5,5,5,5,5,3,2,NA,1,NA,5,NA,1,1,1 2 3,1,1,1,0,0,0,0,0,0,NA,3,NA,2 3,0,1,1,0,0,0,0,0,0,NA,1,NA,2,NA,4,NA,1,1,0,0,0,0,0,0,0,0,0,NA,4,NA,1,1,0,0,0,0,0,0,NA,2 6,0,1,0,0,0,1,0,NA,3,NA,1,3 4,0,0,1,1,0,0,0,0,0,0,NA,3,NA,NA,NA,NA,NA,NA,NA,NA,NA,2,NA,3,NA,2,NA,2,NA,2,None,4,3,3,3,3,3,4,4,NA,6,3 6,0,0,1,0,0,1,0,0,NA,6,NA,2,NA,11,NA,5,5,5,5,5,5,5,1,2 3 4,0,1,1,1,0,0,0,NA,1,NA,5,2,2 4,0,1,0,1,0,0,0,NA,1,1,1,3,0,0,1,0,NA,0,NA,4,4,4,4,4,3,3,4,3,5,5,5,3,3,4,4,4,4,4,1,4,4,1,4,1,2,2,1,2,1,3,3,1,1,1,3,male,2,5,1 2,1,1,0,0,0,0,NA,2,1,2,2,1,3,3,3,3,2,3,3,3,3,3,3,3,3,3,3,3,3,3,2,4,2,4,4,4,1,1 4 5 7 8,1,0,0,1,1,0,1,1,0,NA,39,NA,16500,"Gahumsa Barsiisaa
Hanqina Baajataa
Hanqina Leenjii
Hanqina Meeshaalee Barnoota",uuid:affd34b0-338c-4c35-93cc-924c549e8e00,2512031638,uuid:affd34b0-338c-4c35-93cc-924c549e8e00
85929,S0403090212,OROMIA,Baalee,gaasaraa,awucheechee awalijaanaa,Rural,"12/25/2025, 10:16:44 PM","12/25/2025, 12:05:45 PM","12/25/2025, 9:08:53 PM",12/25/2025,c7654ba83377bbd9,1,HT34401,NA,male,principal,0,0,0,1,1,0,1997,2017,2017,1,6,5,NA,1,2017,mentoring,0,0,1,0,NA,3,1,1,0,0,0,0,0,NA,2 4,0,1,0,1,0,0,0,0,0,0,NA,0,0,1,1,0,0,0,0,0,NA,5,5,5,5,5,5,5,5,2,NA,1,NA,6,NA,1,1,1 2 7,1,1,0,0,0,0,1,0,0,NA,3,NA,2 4,0,1,0,1,0,0,0,0,0,NA,5,NA,8,NA,1,NA,1 8,1,0,0,0,0,0,0,1,0,0,NA,2,NA,1,1,0,0,0,0,0,0,NA,2 5,0,1,0,0,1,0,0,NA,6,NA,1,2 3 7,0,1,1,0,0,0,1,0,0,0,NA,4,NA,2 3 4,0,1,1,1,0,0,NA,3,NA,2,NA,3,NA,2,NA,3,None,4,4,4,4,3,4,4,5,NA,6,4,0,0,0,1,0,0,0,0,NA,2,NA,8,NA,97,"1/Sagantaan barnootaa baayyachuu.
2/Barsiisaan ogummaa ittiin bahe waliin wal madaalu dhabamuu.
3/Maatin barattootaa gara mana barumsaa erguu dhiisuu fi ordoffii gochuu dhiisuu.",5,5,5,5,5,5,5,1,5 97,0,0,0,0,1,0,1,Koree mana barumsaatti dabarsina,1,NA,5,2,2,0,1,0,0,0,0,0,NA,1,1,1,1 2 3 4,1,1,1,1,Kebele leader,0,NA,4,4,3,3,4,4,4,4,4,1,1,1,3,4,1,4,4,1,4,1,4,3,4,1,3,3,3,3,3,3,3,3,3,1,3,1,male,1,6,999,0,0,0,0,0,1,NA,3,3,3,3,1,3,3,3,3,3,3,4,1,4,4,4,3,2,1,3,1,3,3,1,5,4,5,4,3,2,2 5 7,0,1,0,0,1,0,1,0,0,NA,44,NA,15891,"1/Barattoonni shamarranii kutaa 8ffaa booda itti fufuu dhiisuu
2/Leenjiin yeroo yeroon kennamu dhabuu
3/ Kaffaltiin Ittaanaa dura bu'aaf kaffalamu gahaa ta'uu dhabuu.",uuid:de0e79a3-998a-4218-a27f-33cd0c95b8a4,2512142209,uuid:de0e79a3-998a-4218-a27f-33cd0c95b8a4
85930,S0403090582,OROMIA,Baalee,gaasaraa,awucheechee qorii,Rural,"12/12/2025, 6:29:32 PM","12/12/2025, 10:33:01 AM","12/12/2025, 6:27:39 PM",12/12/2025,c7654ba83377bbd9,1,HT16201,NA,male,principal,1,0,1,1,1,0,2010,2016,2016,1,6,5,NA,0,NA,NA,NA,NA,NA,NA,NA,2,1 2 3,1,1,1,0,0,0,NA,1 2 3,1,1,1,0,0,0,0,0,0,0,NA,0,1,1,0,0,0,0,0,0,NA,4,5,5,5,4,4,4,5,2,NA,1,NA,5,NA,1,1,1 2 3,1,1,1,0,0,0,0,0,0,NA,2,NA,2 3,0,1,1,0,0,0,0,0,0,NA,1,NA,3,NA,4,NA,1 2,1,1,0,0,0,0,0,0,0,0,NA,3,NA,1,1,0,0,0,0,0,0,NA,2 6,0,1,0,0,0,1,0,NA,4,NA,1,1 2 3 4 5,1,1,1,1,1,0,0,0,0,0,NA,3,NA,NA,NA,NA,NA,NA,NA,NA,NA,2,NA,2,NA,2,NA,2,NA,2,No,4,3,4,4,4,4,4,3,NA,4,2 3 4,0,1,1,1,0,0,0,0,NA,2,NA,11,NA,8,NA,5,5,5,5,5,5,5,1,2 4 5,0,1,0,1,1,0,0,NA,1,NA,5,1,NA,NA,NA,NA,NA,NA,NA,NA,NA,1,1,1,2 3,0,1,1,0,NA,0,NA,4,3,3,4,4,3,3,2,3,1,1,1,2,2,4,3,4,2,4,1,3,4,1,3,3,2,2,2,3,1,2,1,1,1,1,2,male,3,1,1 3,1,0,1,0,0,0,NA,3,3,2,1,1,3,3,3,3,1,3,2,3,1,2,2,2,2,1,4,1,2,3,2,3,2,3,4,3,1,1 2 4 5,1,1,0,1,1,0,0,0,0,NA,40,NA,16520,"Rakkoolee Meeshaaleen barnootaa dhabamuu
Hanqina Barsiisota Gahumsa qabanii
Leenjiin barsiisotaa xiqqaachuu ykn hunda hirmaachisuu dhiisuu",uuid:01e0891b-9ec1-4b1c-b5e8-3b4dad03cc33,2512111015,uuid:01e0891b-9ec1-4b1c-b5e8-3b4dad03cc33
86844,S0403110392,OROMIA,Baalee Bahaa,gololcha,taagal,Rural,"12/13/2025, 7:00:15 PM","12/13/2025, 11:03:53 AM","12/13/2025, 6:59:40 PM",12/13/2025,c7654ba83377bbd9,1,HT16801,NA,female,principal,0,1,1,1,1,0,2002,2011,2017,3,2,5,NA,1,2017,in_service,0,1,0,0,NA,1,1 2 3,1,1,1,0,0,0,NA,4 7,0,0,0,1,0,0,1,0,0,0,NA,0,0,0,0,0,1,1,1,0,NA,5,5,5,5,5,5,4,3,2,NA,6,NA,5,NA,1,1,7 8 97,0,0,0,0,0,0,1,1,1,"Deeggarsa NGO garaa garaa irraa deeggarsa walitti Qabachuu
Deeggarsa Gumii garaa garaa uumuu",2,NA,2 8,0,1,0,0,0,0,0,1,0,NA,3,NA,1,NA,5,NA,1,1,0,0,0,0,0,0,0,0,0,NA,3,NA,1 5,1,0,0,0,1,0,0,NA,2 6,0,1,0,0,0,1,0,NA,4,NA,1,4 7,0,0,0,1,0,0,1,0,0,0,NA,2,NA,NA,NA,NA,NA,NA,NA,NA,NA,2,NA,2,NA,2,NA,2,NA,2,None,4,3,4,3,4,3,4,2,NA,5,3,0,0,1,0,0,0,0,0,NA,5,NA,2,NA,8,NA,5,5,5,5,5,5,5,1,2 4 6,0,1,0,1,0,1,0,NA,1,NA,3,1,NA,NA,NA,NA,NA,NA,NA,NA,NA,1,1,1,1 2 3 4,1,1,1,1,GMB,0,NA,3,4,3,4,4,3,4,3,3,1,1,1,4,3,1,3,4,2,4,2,3,4,4,1,4,3,3,3,2,2,2,2,1,1,1,2,male,3,3,1 2,1,1,0,0,0,0,NA,3,2,2,3,1,3,3,3,2,3,3,3,4,4,4,3,4,4,1,4,1,1,3,1,5,3,1,5,4,2,1 2 5,1,1,0,0,1,0,0,0,0,NA,36,NA,16963,"Ilaalchi Hoggansa Shanarraniif akka jiraatu
Rakkoo baajataa qabaachuu
Leenjii barsiisotaa
Hanqina barsiisota gahumsa qabanii
Kanfaltiin Hir'achuu
Hir'ina hogganaa ittaanaa",uuid:58e2420f-ad44-4a08-bd91-70edfa7e5da4,2512111015,uuid:58e2420f-ad44-4a08-bd91-70edfa7e5da4
86153,S0403140052,OROMIA,Baalee,gurra dhaamolee,harawaa madinaa,Urban,"12/20/2025, 7:26:49 PM","12/20/2025, 9:20:57 AM","12/20/2025, 4:16:46 PM",12/20/2025,c7654ba83377bbd9,1,HT17601,NA,male,vice_principal,1,0,1,1,1,0,2001,2006,2012,3,1,5,NA,0,NA,NA,NA,NA,NA,NA,NA,5,1,1,0,0,0,0,0,NA,1 4,1,0,0,1,0,0,0,0,0,0,NA,1,1,1,1,0,1,0,0,0,NA,4,4,5,5,5,5,5,4,1,NA,2,NA,8,NA,1,1,1 2 4,1,1,0,1,0,0,0,0,0,NA,2,NA,2 4,0,1,0,1,0,0,0,0,0,NA,1,NA,3,NA,6,NA,3 6,0,0,1,0,0,1,0,0,0,0,NA,2,NA,1 5,1,0,0,0,1,0,0,NA,2 6,0,1,0,0,0,1,0,NA,6,NA,1,2 3 7,0,1,1,0,0,0,1,0,0,0,NA,3,NA,NA,NA,NA,NA,NA,NA,NA,NA,3,NA,2,NA,2,NA,2,NA,2,None,4,4,4,4,4,4,4,3,NA,1,3 4,0,0,1,1,0,0,0,0,NA,5,NA,6,NA,8,NA,5,5,5,5,5,5,5,1,2 4 6,0,1,0,1,0,1,0,NA,2,NA,4,1,NA,NA,NA,NA,NA,NA,NA,NA,NA,1,1,1,1 2 3,1,1,1,0,NA,0,NA,2,2,2,2,2,4,4,4,4,1,1,1,3,4,1,4,4,4,4,1,4,4,3,3,3,3,3,3,3,3,3,3,1,1,3,1,male,3,3,1 2,1,1,0,0,0,0,NA,3,3,3,3,3,3,3,3,3,3,3,1,3,1,1,1,1,3,1,4,1,3,1,1,4,1,4,4,3,1,5 6,0,0,0,0,1,1,0,0,0,NA,36,NA,23176,"Cimina hojii yookiin ittaanaan dabalamuu qaba.
Hanqina Daree Barnootaa.
Hanqina Barsiisota Gahumsa qabanii",uuid:9e741d3c-570a-4e9e-8d44-f4ff0ea08234,2512142209,uuid:9e741d3c-570a-4e9e-8d44-f4ff0ea08234
86153,S0403140052,OROMIA,Baalee,gurra dhaamolee,harawaa madinaa,Urban,"12/20/2025, 7:26:53 PM","12/20/2025, 3:08:40 PM","12/20/2025, 4:16:23 PM",12/20/2025,c7654ba83377bbd9,1,HT17602,NA,female,principal,0,1,1,1,0,1,2011,2016,2017,1,1,5,NA,1,2017,in_service,0,1,0,0,NA,2,1,1,0,0,0,0,0,NA,1 2 4,1,1,0,1,0,0,0,0,0,0,NA,0,0,0,0,0,0,0,0,0,NA,4,5,5,5,4,4,4,5,1,NA,2,NA,5,NA,1,1,2 3 4,0,1,1,1,0,0,0,0,0,NA,2,NA,2 5,0,1,0,0,1,0,0,0,0,NA,1,NA,6,NA,3,NA,1 6,1,0,0,0,0,1,0,0,0,0,NA,2,NA,1 5,1,0,0,0,1,0,0,NA,2 3 5 6,0,1,1,0,1,1,0,NA,6,NA,1,2 3 5 6,0,1,1,0,1,1,0,0,0,0,NA,4,NA,1 2,1,1,0,0,0,0,NA,3,NA,2,NA,2,NA,2,NA,3,None,3,4,4,4,4,4,4,4,NA,4,5,0,0,0,0,1,0,0,0,NA,6,NA,5,NA,8,NA,4,4,4,5,5,5,5,1,2 4,0,1,0,1,0,0,0,NA,2,NA,4,1,NA,NA,NA,NA,NA,NA,NA,NA,NA,1,1,1,1 2 3,1,1,1,0,NA,0,NA,3,4,3,3,4,3,4,3,4,1,2,1,2,3,3,4,4,1,4,2,4,4,1,3,4,3,3,3,3,3,1,1,1,1,1,1,male,3,3,1 2,1,1,0,0,0,0,NA,3,3,2,3,3,3,2,1,1,3,3,1,2,1,3,1,3,2,1,4,1,3,3,1,4,2,4,4,3,1,1 2 3 7,1,1,1,0,0,0,1,0,0,NA,36,NA,23726,"Hanqina Daree Dabalataa
Hanqina Meeshaalee baruuf barsiisuu 
Hanqina bishaan dhugaatii",uuid:9a5765c4-5bdf-43d0-a739-39113280f560,2512142209,uuid:9a5765c4-5bdf-43d0-a739-39113280f560
86278,S0403150092,OROMIA,Baalee,harannaa bulluq,odaa guutuu,Rural,"12/10/2025, 8:04:46 PM","12/10/2025, 1:05:36 PM","12/10/2025, 8:03:00 PM",12/10/2025,c7654ba83377bbd9,1,HT18001,NA,male,principal,1,0,1,1,1,0,2016,2017,2017,1,6,5,NA,1,2017,in_service,0,1,0,0,NA,3,1 2 3,1,1,1,0,0,0,NA,3 4 5,0,0,1,1,1,0,0,0,0,0,NA,1,1,0,1,0,1,0,0,0,NA,4,4,5,5,4,5,5,4,2,NA,1,NA,3,NA,1,1,1 2 3,1,1,1,0,0,0,0,0,0,NA,2,NA,2 5,0,1,0,0,1,0,0,0,0,NA,6,NA,3,NA,1,NA,1 3,1,0,1,0,0,0,0,0,0,0,NA,1,NA,1 97,1,0,0,0,0,0,1,Hanqina barsiisaarraan kan ka'e mummee walitti dhuyaatuun kennama,2 5 6,0,1,0,0,1,1,0,NA,4,NA,0,NA,NA,NA,NA,NA,NA,NA,NA,NA,NA,NA,NA,3,NA,NA,NA,NA,NA,NA,NA,NA,NA,2,NA,2,NA,2,NA,2,NA,1,None,3,3,4,3,4,4,3,3,NA,6,3 6,0,0,1,0,0,1,0,0,NA,2,NA,11,NA,6,NA,5,5,5,5,5,2,5,1,2 3 4,0,1,1,1,0,0,0,NA,1,NA,4,1,NA,NA,NA,NA,NA,NA,NA,NA,NA,1,4,1,2 3,0,1,1,0,NA,0,NA,3,3,3,4,4,2,3,3,3,5,5,5,3,3,4,3,3,2,3,1,4,3,1,1,3,2,2,3,2,1,1,2,1,1,2,3,male,3,1,1 2 4,1,1,0,1,0,0,NA,1,1,2,3,1,1,2,2,2,2,3,3,3,3,3,3,4,4,3,4,2,3,3,3,3,4,3,4,4,2,2 3 6,0,1,1,0,0,1,0,0,0,NA,28,NA,16547,"1/Hanqina Baajataa
2/Hanqina Barsiisaa
3/Bishaan Dhugaatii
4/Humna Ibsaa
5/Mana Dubbisaa fi Kitaabolee
6/ Daree Barnootaa",uuid:4cab2869-3123-4340-9cd2-4c0441f706d8,2512031638,uuid:4cab2869-3123-4340-9cd2-4c0441f706d8
86381,S0403170542,OROMIA,Boorana Bahaa,maddaa walaabuu,caafee odaa,Rural,"12/8/2025, 7:12:00 PM","12/8/2025, 10:42:14 AM","12/8/2025, 7:10:23 PM",12/8/2025,c7654ba83377bbd9,1,HT19701,NA,male,principal,1,0,1,1,1,0,2010,2017,2017,1,6,2,NA,1,2017,in_service,0,1,0,0,NA,3,5,0,0,0,0,1,0,NA,9,0,0,0,0,0,0,0,0,1,0,NA,0,1,1,1,1,1,0,0,0,NA,5,4,5,5,5,5,4,5,5,NA,1,NA,2,NA,1,1,2 7 8,0,1,0,0,0,0,1,1,0,NA,3,NA,2 8,0,1,0,0,0,0,0,1,0,NA,1,NA,3,NA,5,NA,1 3,1,0,1,0,0,0,0,0,0,0,NA,3,NA,3 5,0,0,1,0,1,0,0,NA,2 5,0,1,0,0,1,0,0,NA,6,NA,1,4 5,0,0,0,1,1,0,0,0,0,0,NA,3,NA,NA,NA,NA,NA,NA,NA,NA,NA,2,NA,2,NA,2,NA,2,NA,2,None,3,3,3,3,4,4,4,4,NA,3,3 6,0,0,1,0,0,1,0,0,NA,8,NA,5,NA,2,NA,3,5,3,5,5,3,3,2,4,0,0,0,1,0,0,0,NA,1,NA,3,2,1 5,1,0,0,0,1,0,0,NA,1,1,1,2,0,1,0,0,NA,1,None,3,2,2,2,2,3,3,1,3,1,1,1,3,3,3,3,3,2,3,3,4,4,2,4,4,1,2,2,3,3,2,2,2,1,2,2,male,2,3,1 2 3 4,1,1,1,1,0,0,NA,3,2,2,2,1,2,2,1,1,1,2,3,3,3,3,1,3,3,1,3,3,3,1,4,3,4,1,3,1,1,1 3 5,1,0,1,0,1,0,0,0,0,NA,28,NA,13732,No,uuid:0a12a771-04eb-449f-9c90-cc957d878bcb,2512031638,uuid:0a12a771-04eb-449f-9c90-cc957d878bcb
86371,S0403171112,OROMIA,Boorana Bahaa,walaabuu lixaa,bacoo,Rural,"12/9/2025, 7:56:12 PM","12/9/2025, 12:05:53 PM","12/9/2025, 3:39:02 PM",12/9/2025,c7654ba83377bbd9,1,HT23301,NA,female,principal,0,1,1,1,0,1,2008,2015,2015,1,1,5,NA,1,2017,other,0,0,0,1,Barattoota Saffisaan Barachuu,2,2 3,0,1,1,0,0,0,NA,3 5,0,0,1,0,1,0,0,0,0,0,NA,1,1,0,0,0,1,0,0,0,NA,4,4,5,5,4,5,5,5,2,NA,1,NA,4,NA,1,1,1 3 6,1,0,1,0,0,1,0,0,0,NA,1,NA,2 4,0,1,0,1,0,0,0,0,0,NA,1,NA,6,NA,2,NA,1 4,1,0,0,1,0,0,0,0,0,0,NA,1,NA,1 5,1,0,0,0,1,0,0,NA,2 5 6,0,1,0,0,1,1,0,NA,5,NA,1,2 4 5,0,1,0,1,1,0,0,0,0,0,NA,3,NA,NA,NA,NA,NA,NA,NA,NA,NA,3,NA,2,NA,2,NA,2,NA,2,None,3,3,4,3,3,3,3,4,NA,3,3,0,0,1,0,0,0,0,0,NA,6,NA,11,NA,2,NA,4,4,4,5,5,2,4,1,3 5,0,0,1,0,1,0,0,NA,2,NA,5,1,NA,NA,NA,NA,NA,NA,NA,NA,NA,0,NA,0,NA,NA,NA,NA,NA,NA,0,NA,4,3,4,4,3,3,4,4,4,5,5,5,3,2,4,1,1,4,4,4,4,4,1,1,1,3,2,3,2,3,1,1,1,1,3,3,male,2,1,1,1,0,0,0,0,0,NA,1,1,2,1,3,2,3,2,1,3,3,3,1,3,3,3,4,3,1,4,1,3,3,4,4,4,1,4,4,1,1 2 3 4,1,1,1,1,0,0,0,0,0,NA,31,NA,23700,"Hanqina Baajaataa
Hanqina Daree Barnootaa
Hanqina Teessoo Barataa
Hanqina Bishaanii
Hanqina Humna Ibsaa
Hanqina Barsiisaa",uuid:daf880fa-38cd-4e97-b285-ec969667fa5f,2512031638,uuid:daf880fa-38cd-4e97-b285-ec969667fa5f
86988,S0403180302,OROMIA,Baalee Bahaa,raayituu,ardaa kaloo,Rural,"12/17/2025, 7:45:49 PM","12/17/2025, 11:11:35 AM","12/17/2025, 7:44:16 PM",12/17/2025,c7654ba83377bbd9,1,HT30901,NA,male,principal,1,0,1,1,1,0,2011,2017,2017,1,6,5,NA,1,2015,other,0,0,0,1,Unicef,2,1,1,0,0,0,0,0,NA,3 4,0,0,1,1,0,0,0,0,0,0,NA,0,1,1,0,0,0,0,0,0,NA,5,5,5,5,5,5,5,5,2,NA,97,Hojiilee dhuunfaa kanneen akka biqiltuu kunuunsuu,6,NA,1,1,1 2,1,1,0,0,0,0,0,0,0,NA,1,NA,6 8,0,0,0,0,0,1,0,1,0,NA,1,NA,6,NA,4,NA,3 6,0,0,1,0,0,1,0,0,0,0,NA,3,NA,1 5,1,0,0,0,1,0,0,NA,5 6,0,0,0,0,1,1,0,NA,6,NA,0,NA,NA,NA,NA,NA,NA,NA,NA,NA,NA,NA,NA,3,NA,NA,NA,NA,NA,NA,NA,NA,NA,2,NA,2,NA,2,NA,2,NA,2,None,4,4,4,4,4,4,4,4,NA,6,3,0,0,1,0,0,0,0,0,NA,5,NA,6,NA,8,NA,5,5,5,5,5,5,5,1,2 3,0,1,1,0,0,0,0,NA,1,NA,4,4,2 4 6,0,1,0,1,0,1,0,NA,1,1,1,1 2 3 4,1,1,1,1,Community leader,0,NA,4,4,4,4,4,3,4,1,4,2,1,1,1,4,1,4,4,1,4,1,4,4,1,1,4,3,3,3,3,3,3,3,3,1,3,3,male,4,4,1 2,1,1,0,0,0,0,NA,3,3,2,3,3,3,3,3,3,3,3,4,1,4,4,4,1,1,1,3,1,1,3,5,5,5,1,5,1,1,4 5 7,0,0,0,1,1,0,1,0,0,NA,30,NA,23799,"Hanqina meeshaalee barnootaa fakkeenyaaf Kitaabolee, Hanqina barsiisotaa
Hanqina Daree barnootaa
Hanqina Baajataa",uuid:af69b929-990b-465e-9ae7-38990c3b7212,2512142209,uuid:af69b929-990b-465e-9ae7-38990c3b7212
87118,S0403190262,OROMIA,Baalee Bahaa,sawweenaa,gaalee,Rural,"12/15/2025, 7:04:30 PM","12/15/2025, 10:23:45 AM","12/15/2025, 12:41:27 PM",12/15/2025,c7654ba83377bbd9,1,HT22001,NA,female,principal,0,1,1,1,0,1,2006,2012,2012,1,6,5,NA,1,2017,management mentoring,1,0,1,0,NA,1,1 2 3,1,1,1,0,0,0,NA,1 2 4,1,1,0,1,0,0,0,0,0,0,NA,0,1,0,0,0,0,0,0,0,NA,4,5,5,5,5,4,5,5,2,NA,1,NA,3,NA,1,1,1 3 7,1,0,1,0,0,0,1,0,0,NA,1,NA,2 4,0,1,0,1,0,0,0,0,0,NA,6,NA,2,NA,4,NA,2 6,0,1,0,0,0,1,0,0,0,0,NA,3,NA,1 5,1,0,0,0,1,0,0,NA,2 6,0,1,0,0,0,1,0,NA,6,NA,1,4 5 7,0,0,0,1,1,0,1,0,0,0,NA,4,NA,1 2 3 4,1,1,1,1,0,0,NA,3,NA,2,NA,2,NA,3,NA,2,No,4,4,3,3,4,4,4,4,NA,6,3,0,0,1,0,0,0,0,0,NA,5,NA,6,NA,2,NA,5,5,5,5,5,5,5,1,2 4,0,1,0,1,0,0,0,NA,1,NA,5,1,NA,NA,NA,NA,NA,NA,NA,NA,NA,1,3,1,1 2 3,1,1,1,0,NA,0,NA,1,2,3,3,3,4,3,3,3,1,1,1,1,4,4,3,4,4,4,3,1,4,1,1,1,1,3,1,1,1,1,1,1,1,3,1,male,3,3,1 2,1,1,0,0,0,0,NA,2,2,2,3,3,3,3,3,3,3,3,3,3,3,1,3,1,1,1,4,3,1,3,1,4,4,1,4,4,2,1 2,1,1,0,0,0,0,0,0,0,NA,30,NA,23700,"Meeshaalee Baruuf barsiisuu  Daree Dabalataa, Teessoo barataa.",uuid:a596b5d7-7ed4-4d42-b94c-737c84236942,2512111015,uuid:a596b5d7-7ed4-4d42-b94c-737c84236942
87098,S0403190432,OROMIA,Baalee Bahaa,sawweenaa,addeellee,Rural,"12/16/2025, 6:54:02 PM","12/16/2025, 11:41:24 AM","12/16/2025, 6:51:30 PM",12/16/2025,c7654ba83377bbd9,1,HT21902,NA,male,vice_principal,1,0,1,1,1,0,2009,2013,2016,2,6,7,NA,1,2017,management mentoring,1,0,1,0,NA,1,5,0,0,0,0,1,0,NA,2 4 5,0,1,0,1,1,0,0,0,0,0,NA,0,0,1,1,0,0,0,0,0,NA,5,5,5,5,4,4,4,4,2,NA,1,NA,8,NA,1,1,3 7 97,0,0,1,0,0,0,1,0,1,Gulantaa sadarkaa sadaffaatti ceesisuu,3,NA,3 4,0,0,1,1,0,0,0,0,0,NA,1,NA,6,NA,8,NA,1 6,1,0,0,0,0,1,0,0,0,0,NA,6,Kenna deeggarsa ogummaa fi waldaa bu'uuraa kan Mana barumsaa,1,1,0,0,0,0,0,0,NA,2 6,0,1,0,0,0,1,0,NA,6,NA,0,NA,NA,NA,NA,NA,NA,NA,NA,NA,NA,NA,NA,2,NA,NA,NA,NA,NA,NA,NA,NA,NA,1,NA,1,NA,2,NA,2,NA,2,None,4,3,4,4,4,3,4,5,NA,6,3 4,0,0,1,1,0,0,0,0,NA,5,NA,97,Rakkoo bishaan dhugaatii,97,Mana jireenya barsiisotaa,5,5,4,5,5,5,5,1,2 4 6,0,1,0,1,0,1,0,NA,1,NA,4,2,6,0,0,0,0,0,1,0,NA,1,1,1,1 2 3,1,1,1,0,NA,0,NA,4,4,4,4,4,4,4,4,4,1,1,1,4,4,3,4,4,4,3,3,2,4,1,1,1,3,1,1,1,1,1,1,1,1,1,2,male,3,5,1 2 3,1,1,1,0,0,0,NA,1,1,2,3,3,3,3,3,3,3,3,1,3,3,3,3,3,3,1,3,3,3,3,1,4,2,2,4,3,1,1 2 3 4 5 7,1,1,1,1,1,0,1,0,0,NA,29,NA,16000,None,uuid:6d540960-ea2a-40a6-b4fa-a54369d4f8a0,2512142209,uuid:6d540960-ea2a-40a6-b4fa-a54369d4f8a0
87098,S0403190432,OROMIA,Baalee Bahaa,sawweenaa,addeellee,Rural,"12/16/2025, 7:41:31 PM","12/16/2025, 11:21:05 AM","12/16/2025, 7:37:29 PM",12/16/2025,8e28ba7f870e07da,1,HtT21901,NA,female,principal,1,1,2,2,1,1,2007,2012,2012,3,4,5,NA,1,2016,management,1,0,0,0,NA,3,3,0,0,1,0,0,0,NA,2 5,0,1,0,0,1,0,0,0,0,0,NA,1,1,1,1,1,1,1,1,0,NA,4,5,4,4,4,5,4,5,4,NA,2,NA,6,NA,1,2,1 3 8,1,0,1,0,0,0,0,1,0,NA,3,NA,2 4,0,1,0,1,0,0,0,0,0,NA,2,NA,4,NA,5,NA,2 5,0,1,0,0,1,0,0,0,0,0,NA,5,NA,1 4,1,0,0,1,0,0,0,NA,2 5,0,1,0,0,1,0,0,NA,6,NA,1,2 3 5,0,1,1,0,1,0,0,0,0,0,NA,3,NA,NA,NA,NA,NA,NA,NA,NA,NA,1,NA,2,NA,2,NA,3,NA,2,None,4,4,4,4,4,4,4,4,NA,1,1 4,1,0,0,1,0,0,0,0,NA,5,NA,3,NA,1,NA,5,4,4,5,5,5,5,2,2,0,1,0,0,0,0,0,NA,2,NA,1,3,6,0,0,0,0,0,1,0,NA,1,4,1,2 3,0,1,1,0,NA,0,NA,4,4,3,4,4,4,4,3,3,1,1,1,4,3,1,3,4,4,4,4,4,4,1,1,4,1,1,3,1,1,1,1,1,1,2,3,male,2,4,1 3,1,0,1,0,0,0,NA,3,3,3,3,3,1,3,3,3,3,2,4,1,4,4,4,1,4,1,4,1,4,3,1,5,3,5,1,1,1,4 6,0,0,0,1,0,1,0,0,0,NA,30,NA,23790,None,uuid:42b93d95-8c4a-4d7f-b233-015e128d0648,2512142209,uuid:42b93d95-8c4a-4d7f-b233-015e128d0648
87655,S0404050192,OROMIA,Booranaa,dirree,fuloo roomsoo,Rural,"12/9/2025, 7:59:42 PM","12/9/2025, 9:31:15 AM","12/9/2025, 7:58:50 PM",12/9/2025,31d542a9aea3f2c5,1,HT15601,NA,male,principal,0,0,0,0,NA,NA,2001,2013,2015,3,4,5,NA,0,NA,NA,NA,NA,NA,NA,NA,1,1 2 3,1,1,1,0,0,0,NA,1 3 4,1,0,1,1,0,0,0,0,0,0,NA,0,1,0,0,1,0,0,0,0,NA,5,4,5,5,4,4,5,4,2,NA,1,NA,7,NA,1,1,1 2 4,1,1,0,1,0,0,0,0,0,NA,2,NA,2 5,0,1,0,0,1,0,0,0,0,NA,1,NA,3,NA,6,NA,1 3,1,0,1,0,0,0,0,0,0,0,NA,5,NA,1,1,0,0,0,0,0,0,NA,5 6,0,0,0,0,1,1,0,NA,6,NA,1,3 4 5 6,0,0,1,1,1,1,0,0,0,0,NA,4,NA,1 2 4,1,1,0,1,0,0,NA,1,NA,1,NA,1,NA,1,NA,1,NA,4,4,4,4,4,4,4,4,NA,7,1 2 3,1,1,1,0,0,0,0,0,NA,5,NA,6,NA,11,NA,5,5,5,5,4,5,5,1,3 4 5,0,0,1,1,1,0,0,NA,1,NA,3,3,2 6,0,1,0,0,0,1,0,NA,1,1,1,1 2 3,1,1,1,0,NA,1,Teacher,4,4,3,3,4,3,3,3,4,1,1,1,3,3,3,4,3,4,4,4,4,4,3,4,4,2,3,3,2,3,3,3,3,3,3,1,male,3,5,1 2 3 4,1,1,1,1,0,0,NA,1,2,3,1,1,2,2,2,1,2,1,3,4,3,3,1,4,3,3,4,3,4,1,3,4,3,3,4,3,1,5 6,0,0,0,0,1,1,0,0,0,NA,34,NA,23332,There is no enough budget for school facilities. There is some time we cover from our pocket .,uuid:a46a8f12-d770-4a13-af93-debfdcbb7f1e,2512031638,uuid:a46a8f12-d770-4a13-af93-debfdcbb7f1e
87971,S0404080132,OROMIA,Booranaa,gomolee,tulluu qobboo,Rural,"12/10/2025, 8:22:38 PM","12/10/2025, 1:18:57 PM","12/10/2025, 8:16:31 PM",12/10/2025,4794b43bebbd3e7c,1,HT16902,NA,male,vice_principal,1,0,1,1,1,0,2012,2017,2017,1,6,4,NA,1,2017,management,1,0,0,0,NA,4,4,0,0,0,1,0,0,NA,5 7,0,0,0,0,1,0,1,0,0,0,NA,0,1,1,1,0,0,0,0,0,NA,5,3,5,5,5,4,3,4,2,NA,3,NA,5,NA,1,1,1 2 8,1,1,0,0,0,0,0,1,0,NA,3,NA,4 6,0,0,0,1,0,1,0,0,0,NA,3,NA,1,NA,6,NA,7 9,0,0,0,0,0,0,1,0,1,0,NA,2,NA,1,1,0,0,0,0,0,0,NA,5 6,0,0,0,0,1,1,0,NA,4,NA,1,2 3 4 6 7 9,0,1,1,1,0,1,1,0,1,0,NA,3,NA,NA,NA,NA,NA,NA,NA,NA,NA,2,NA,1,NA,1,NA,1,NA,1,None,4,4,4,4,4,4,4,4,NA,6,3 4,0,0,1,1,0,0,0,0,NA,2,NA,5,NA,8,NA,4,4,3,4,4,4,4,1,3 4 5,0,0,1,1,1,0,0,NA,2,NA,4,3,2 3 4 6,0,1,1,1,0,1,0,NA,1,2,1,1,1,0,0,0,NA,1,Teachers,3,3,3,2,3,3,3,3,3,1,1,1,1,4,4,3,3,3,3,2,3,3,2,3,3,3,3,3,3,3,1,2,3,1,3,2,male,3,4,1 3 4,1,0,1,1,0,0,NA,2,2,1,2,1,2,2,2,1,3,3,3,1,3,3,3,2,1,1,3,3,3,1,2,4,3,2,4,2,1,3 5 6,0,0,1,0,1,1,0,0,0,NA,35,NA,17838,There is no effect teachers  house probelam,uuid:51ab35c7-e197-47bb-8f00-34633ede4380,2512031638,uuid:51ab35c7-e197-47bb-8f00-34633ede4380
87971,S0404080132,OROMIA,Booranaa,gomolee,tulluu qobboo,Rural,"12/10/2025, 8:28:20 PM","12/10/2025, 9:12:25 AM","12/10/2025, 8:18:16 PM",12/10/2025,31d542a9aea3f2c5,1,HT16901,NA,male,principal,0,0,0,1,1,0,2009,2016,2017,2,6,4,NA,1,2017,management in_service,1,1,0,0,NA,2,4,0,0,0,1,0,0,NA,1 4 5 6,1,0,0,1,1,1,0,0,0,0,NA,0,0,0,0,1,0,0,0,0,NA,5,5,4,4,4,4,4,3,1,NA,2,NA,8,NA,1,1,2 3 8,0,1,1,0,0,0,0,1,0,NA,2,NA,2 3,0,1,1,0,0,0,0,0,0,NA,1,NA,3,NA,6,NA,5 7,0,0,0,0,1,0,1,0,0,0,NA,5,NA,1,1,0,0,0,0,0,0,NA,2 5,0,1,0,0,1,0,0,NA,6,NA,1,3 4,0,0,1,1,0,0,0,0,0,0,NA,3,NA,NA,NA,NA,NA,NA,NA,NA,NA,1,NA,1,NA,1,NA,1,NA,1,NA,4,4,4,4,4,4,4,4,NA,7,4,0,0,0,1,0,0,0,0,NA,5,NA,6,NA,8,NA,4,4,4,4,4,4,4,2,4,0,0,0,1,0,0,0,NA,1,NA,4,2,6,0,0,0,0,0,1,0,NA,1,6,0,NA,NA,NA,NA,NA,NA,1,Teacher,4,4,4,2,3,3,3,3,3,1,2,2,2,2,3,4,3,3,3,3,2,3,2,2,3,3,3,3,1,3,3,2,1,1,3,2,male,2,4,1 2 3,1,1,1,0,0,0,NA,3,3,3,1,3,3,2,2,2,3,3,3,3,3,3,4,3,4,4,3,3,4,1,4,4,3,2,4,4,1,1 7,1,0,0,0,0,0,1,0,0,NA,32,NA,17000,IAM Facing many difficulties because of lack of enough teachers as principal.,uuid:16433407-0a7e-493d-85ed-c01dbb7ee78c,2512031638,uuid:16433407-0a7e-493d-85ed-c01dbb7ee78c
88397,S0404120242,OROMIA,Booranaa,taltallee,dibbee gayyaa,Rural,"12/8/2025, 6:38:39 PM","12/8/2025, 11:18:02 AM","12/8/2025, 6:34:51 PM",12/8/2025,4794b43bebbd3e7c,1,HT23102,NA,female,vice_principal,1,0,1,1,0,1,2010,2016,2017,2,3,4,NA,1,2016,management in_service mentoring,1,1,1,0,NA,4,2 3,0,1,1,0,0,0,NA,3 4 5,0,0,1,1,1,0,0,0,0,0,NA,0,1,1,1,0,0,0,0,0,NA,4,3,5,5,5,5,4,4,2,NA,4,NA,3,NA,1,1,2 3 5,0,1,1,0,1,0,0,0,0,NA,3,NA,2 4,0,1,0,1,0,0,0,0,0,NA,1,NA,3,NA,6,NA,7 9,0,0,0,0,0,0,1,0,1,0,NA,2,NA,1 4,1,0,0,1,0,0,0,NA,5 6,0,0,0,0,1,1,0,NA,4,NA,1,2 4 5 7,0,1,0,1,1,0,1,0,0,0,NA,3,NA,NA,NA,NA,NA,NA,NA,NA,NA,2,NA,1,NA,1,NA,1,NA,2,None,4,4,3,4,4,4,4,3,NA,6,2 6,0,1,0,0,0,1,0,0,NA,5,NA,11,NA,8,NA,3,3,3,4,4,4,4,4,2 3 4 6,0,1,1,1,0,1,0,NA,1,NA,5,4,3 5 6,0,0,1,0,1,1,0,NA,1,1,1,2,0,1,0,0,NA,1,Teachers,4,3,3,1,3,4,3,2,3,1,1,1,1,3,4,4,4,2,4,1,3,3,2,3,3,3,3,3,2,3,2,2,1,1,3,2,male,3,5,2 3 4,0,1,1,1,0,0,NA,3,1,1,2,2,2,2,3,3,3,3,3,1,3,3,4,3,2,2,4,3,2,1,2,3,4,2,4,2,1,1 5,1,0,0,0,1,0,0,0,0,NA,28,NA,23173,No problem,uuid:0be77ff5-1a15-4896-bba1-d4e04d116e95,2512031638,uuid:0be77ff5-1a15-4896-bba1-d4e04d116e95
88397,S0404120242,OROMIA,Booranaa,taltallee,dibbee gayyaa,Rural,"12/8/2025, 6:40:09 PM","12/8/2025, 8:30:47 AM","12/8/2025, 6:34:53 PM",12/8/2025,31d542a9aea3f2c5,1,HT23101,NA,male,principal,0,0,0,1,0,1,2009,2011,2017,3,1,5,NA,1,2017,in_service,0,1,0,0,NA,4,1 2 3,1,1,1,0,0,0,NA,1 2 5,1,1,0,0,1,0,0,0,0,0,NA,0,1,1,1,0,0,0,0,0,NA,4,5,4,4,4,4,4,3,2,NA,1,NA,7,NA,1,1,1 2 4,1,1,0,1,0,0,0,0,0,NA,3,NA,3 8,0,0,1,0,0,0,0,1,0,NA,1,NA,4,NA,5,NA,7 9,0,0,0,0,0,0,1,0,1,0,NA,5,NA,1,1,0,0,0,0,0,0,NA,2 6,0,1,0,0,0,1,0,NA,6,NA,1,3 6,0,0,1,0,0,1,0,0,0,0,NA,3,NA,NA,NA,NA,NA,NA,NA,NA,NA,1,NA,1,NA,1,NA,1,NA,1,NA,4,3,4,4,4,4,4,5,NA,7,1 3,1,0,1,0,0,0,0,0,NA,6,NA,5,NA,8,NA,5,5,4,5,4,4,3,2,4,0,0,0,1,0,0,0,NA,2,NA,4,4,1 2 6,1,1,0,0,0,1,0,NA,1,1,1,1 2,1,1,0,0,NA,1,Teacher,4,4,3,3,3,3,4,3,3,1,1,2,3,3,2,3,3,4,3,3,3,3,4,3,3,3,3,3,2,3,3,3,3,3,3,1,male,3,5,1 2 3 4,1,1,1,1,0,0,NA,3,3,3,3,3,3,3,3,3,3,3,2,2,3,3,2,3,2,3,3,3,3,3,4,3,3,2,4,3,1,1 4,1,0,0,1,0,0,0,0,0,NA,31,NA,24000,NA,uuid:c471a16c-df82-4ea8-9482-a95e88964908,2512031638,uuid:c471a16c-df82-4ea8-9482-a95e88964908
836973,S0405020392,OROMIA,Gujii,adoolaa reeddee,saakarroo,Rural,"12/23/2025, 6:41:50 PM","12/23/2025, 9:27:22 AM","12/23/2025, 6:31:52 PM",12/23/2025,4794b43bebbd3e7c,1,HT10902,NA,female,vice_principal,1,0,1,1,0,1,2007,2014,2014,4,2,4,NA,1,2014,management in_service,1,1,0,0,NA,3,2 3,0,1,1,0,0,0,NA,1 3 4 5 6,1,0,1,1,1,1,0,0,0,0,NA,0,0,1,1,1,0,1,0,0,NA,5,5,5,5,5,4,5,3,2,NA,6,NA,3,NA,1,1,6 7 8,0,0,0,0,0,1,1,1,0,NA,3,NA,4 6,0,0,0,1,0,1,0,0,0,NA,1,NA,3,NA,6,NA,7 8,0,0,0,0,0,0,1,1,0,0,NA,5,NA,1 2,1,1,0,0,0,0,0,NA,2 5 6,0,1,0,0,1,1,0,NA,4,NA,1,2 3 4 5 7,0,1,1,1,1,0,1,0,0,0,NA,4,NA,1 2,1,1,0,0,0,0,NA,3,NA,3,NA,1,NA,1,NA,1,None,3,4,3,3,3,3,4,3,NA,5,1 3,1,0,1,0,0,0,0,0,NA,6,NA,5,NA,4,NA,4,4,4,4,4,4,4,5,2 4 5,0,1,0,1,1,0,0,NA,1,NA,2,1,NA,NA,NA,NA,NA,NA,NA,NA,NA,1,2,1,1,1,0,0,0,NA,1,Vice pricipal,3,3,3,3,3,4,3,2,3,1,1,1,4,3,4,4,4,1,3,3,3,3,1,3,4,3,3,3,2,2,1,2,1,1,3,2,male,2,2,1 2 3,1,1,1,0,0,0,NA,2,2,2,2,2,2,2,3,3,3,3,3,2,3,3,3,3,3,1,4,1,2,3,2,4,4,2,4,2,1,4 8,0,0,0,1,0,0,0,1,0,NA,32,NA,12000,No comment,uuid:a890b584-f2f3-4b37-b2e3-506630284564,2512142209,uuid:a890b584-f2f3-4b37-b2e3-506630284564
836973,S0405020392,OROMIA,Gujii,adoolaa reeddee,saakarroo,Rural,"12/23/2025, 6:42:32 PM","12/23/2025, 9:05:36 AM","12/23/2025, 6:39:05 PM",12/23/2025,31d542a9aea3f2c5,1,HT10901,NA,male,principal,0,0,0,1,0,1,2008,2010,2018,3,2,5,NA,1,2017,in_service,0,1,0,0,NA,2,1 2 3,1,1,1,0,0,0,NA,2 3 5 8,0,1,1,0,1,0,0,1,0,0,NA,0,1,0,0,0,0,0,0,0,NA,5,4,5,5,4,5,5,3,2,NA,1,NA,7,NA,1,1,2 4 7,0,1,0,1,0,0,1,0,0,NA,3,NA,2 4,0,1,0,1,0,0,0,0,0,NA,3,NA,1,NA,6,NA,7,0,0,0,0,0,0,1,0,0,0,NA,5,NA,1,1,0,0,0,0,0,0,NA,5,0,0,0,0,1,0,0,NA,6,NA,1,3 4 7,0,0,1,1,0,0,1,0,0,0,NA,4,NA,1 2 3 4,1,1,1,1,0,0,NA,1,NA,3,NA,1,NA,1,NA,1,NA,4,4,4,3,4,4,4,4,NA,6,7,0,0,0,0,0,0,1,0,NA,6,NA,5,NA,97,Small area of school,5,5,4,5,5,4,4,1,4 5,0,0,0,1,1,0,0,NA,1,NA,3,1,NA,NA,NA,NA,NA,NA,NA,NA,NA,1,6,0,NA,NA,NA,NA,NA,NA,1,Teacher,3,3,3,3,3,4,4,1,2,1,1,1,2,3,2,2,4,1,4,2,4,4,3,4,4,3,3,3,2,3,1,2,2,1,3,1,male,3,5,1 2 3 4,1,1,1,1,0,0,NA,3,3,3,3,3,3,3,3,3,3,3,1,2,2,2,2,3,1,2,4,3,2,3,2,4,2,2,4,3,1,5 8,0,0,0,0,1,0,0,1,0,NA,31,NA,16619,I faced many challenges in remote schools with in scarcity of budget to run teaching and learning responsibilities.running school with unlimited facilities in school's is the challenge I faced.,uuid:698995c4-00fb-4302-afb2-691e56b999e4,2512142209,uuid:698995c4-00fb-4302-afb2-691e56b999e4
836920,S0405020412,OROMIA,Gujii,adoolaa reeddee,anfaraaraa uddoo,Rural,"12/24/2025, 8:14:17 PM","12/24/2025, 8:51:22 AM","12/24/2025, 7:57:57 PM",12/24/2025,4794b43bebbd3e7c,1,HT10801,NA,female,principal,0,1,1,1,1,0,1999,2011,2011,4,6,5,NA,1,2017,in_service,0,1,0,0,NA,3,4,0,0,0,1,0,0,NA,1 2 3 4 5 6 8,1,1,1,1,1,1,0,1,0,0,NA,0,0,0,0,0,0,0,0,0,NA,5,5,5,5,5,5,5,1,2,NA,6,NA,4,NA,1,1,1 7 8,1,0,0,0,0,0,1,1,0,NA,3,NA,4 7,0,0,0,1,0,0,1,0,0,NA,3,NA,1,NA,6,NA,7 9,0,0,0,0,0,0,1,0,1,0,NA,5,NA,1 2,1,1,0,0,0,0,0,NA,2,0,1,0,0,0,0,0,NA,4,NA,1,1 4 5 7,1,0,0,1,1,0,1,0,0,0,NA,4,NA,1 2 4,1,1,0,1,0,0,NA,3,NA,1,NA,1,NA,1,NA,1,None,3,4,3,4,3,3,3,4,NA,5,1 3,1,0,1,0,0,0,0,0,NA,2,NA,5,NA,6,NA,5,5,5,5,5,3,5,4,4 5,0,0,0,1,1,0,0,NA,2,NA,3,2,3,0,0,1,0,0,0,0,NA,1,2,1,2,0,1,0,0,NA,1,Pricipal and vice pricipal,3,3,3,2,4,4,4,2,4,1,1,1,1,4,4,4,4,1,4,3,3,4,1,3,4,3,3,3,3,3,3,3,3,2,3,1,male,2,5,1 2 3 4,1,1,1,1,0,0,NA,1,1,1,1,1,2,3,1,3,3,1,2,3,2,2,4,3,3,1,4,2,3,3,1,2,4,2,4,2,1,1 5,1,0,0,0,1,0,0,0,0,NA,40,NA,16250,No comment,uuid:fd55ea27-73d9-441e-bb5b-262841ec3d43,2512142209,uuid:fd55ea27-73d9-441e-bb5b-262841ec3d43
836920,S0405020412,OROMIA,Gujii,adoolaa reeddee,anfaraaraa uddoo,Rural,"12/24/2025, 8:26:37 PM","12/24/2025, 8:40:34 AM","12/24/2025, 8:25:25 PM",12/24/2025,31d542a9aea3f2c5,1,HT10802,NA,male,vice_principal,0,1,1,1,1,0,2005,2015,2017,3,6,5,NA,0,NA,NA,NA,NA,NA,NA,NA,4,1 2 3,1,1,1,0,0,0,NA,2 4 5 7,0,1,0,1,1,0,1,0,0,0,NA,0,1,0,0,1,0,1,0,1,NA,5,4,4,4,4,5,4,4,2,NA,1,NA,7,NA,1,1,2 4 8,0,1,0,1,0,0,0,1,0,NA,2,NA,2 4,0,1,0,1,0,0,0,0,0,NA,1,NA,4,NA,3,NA,7,0,0,0,0,0,0,1,0,0,0,NA,5,NA,1,1,0,0,0,0,0,0,NA,5,0,0,0,0,1,0,0,NA,2,NA,1,3 5 7,0,0,1,0,1,0,1,0,0,0,NA,4,NA,2 4,0,1,0,1,0,0,NA,3,NA,1,NA,3,NA,1,NA,1,NA,4,4,4,4,4,4,5,4,NA,6,1 3,1,0,1,0,0,0,0,0,NA,97,Under standard of area of the school,6,NA,5,NA,5,5,3,5,4,4,4,2,2 4,0,1,0,1,0,0,0,NA,1,NA,2,1,NA,NA,NA,NA,NA,NA,NA,NA,NA,1,6,1,1 2 3,1,1,1,0,NA,1,Teacher,4,3,3,3,3,2,4,2,3,2,1,1,3,3,2,3,4,3,3,2,4,3,1,4,3,3,3,2,2,2,1,2,1,1,3,1,male,2,5,3 4,0,0,1,1,0,0,NA,3,3,3,3,3,3,3,3,3,3,3,3,3,3,4,2,3,3,3,4,2,2,3,2,4,3,1,4,2,2,1 5,1,0,0,0,1,0,0,0,0,NA,33,NA,15339,I faced many challenges in school with scarcity of resources to run school works.,uuid:9bc8b2ce-dc07-4428-a29b-269f2731efd6,2512142209,uuid:9bc8b2ce-dc07-4428-a29b-269f2731efd6
837217,S0405040212,OROMIA,Boorana Bahaa,b/m/nageellee booranaa,makaanaa iyyasuus,Urban,"12/25/2025, 8:21:32 PM","12/25/2025, 9:07:59 AM","12/25/2025, 8:08:49 PM",12/25/2025,4794b43bebbd3e7c,1,HT12002,NA,female,vice_principal,1,0,1,1,0,1,2007,2014,2014,4,6,5,NA,1,2014,mentoring,0,0,1,0,NA,4,2 3,0,1,1,0,0,0,NA,1 2 5 8,1,1,0,0,1,0,0,1,0,0,NA,1,1,0,0,0,0,1,0,0,NA,4,3,5,5,5,5,4,5,2,NA,4,NA,3,NA,1,1,3 4 5,0,0,1,1,1,0,0,0,0,NA,3,NA,4 5,0,0,0,1,1,0,0,0,0,NA,1,NA,3,NA,6,NA,5 7,0,0,0,0,1,0,1,0,0,0,NA,5,NA,1,1,0,0,0,0,0,0,NA,2,0,1,0,0,0,0,0,NA,4,NA,1,3 4 5 7 9,0,0,1,1,1,0,1,0,1,0,NA,4,NA,1 2 4,1,1,0,1,0,0,NA,1,NA,1,NA,1,NA,1,NA,1,None,3,3,4,3,4,4,3,4,NA,6,1 2 3 4 6,1,1,1,1,0,1,0,0,NA,6,NA,5,NA,2,NA,5,5,5,5,5,4,5,5,2 4 5,0,1,0,1,1,0,0,NA,2,NA,3,3,3 4 6,0,0,1,1,0,1,0,NA,1,1,1,1,1,0,0,0,NA,1,Vice pricipal,3,3,3,3,4,4,4,2,4,1,1,1,3,4,2,4,3,1,4,3,3,4,1,4,4,3,3,3,3,3,3,3,3,1,3,2,male,3,5,2 3 4,0,1,1,1,0,0,NA,3,3,3,3,3,3,3,3,3,3,3,2,1,2,2,4,3,3,1,4,1,1,3,1,1,1,4,4,4,1,2 6,0,1,0,0,0,1,0,0,0,NA,28,NA,22000,No comment,uuid:8ee22a65-3151-474d-829a-bcdb1bc25747,2512142209,uuid:8ee22a65-3151-474d-829a-bcdb1bc25747
837217,S0405040212,OROMIA,Boorana Bahaa,b/m/nageellee booranaa,makaanaa iyyasuus,Urban,"12/25/2025, 9:23:34 PM","12/25/2025, 9:07:02 AM","12/25/2025, 9:23:03 PM",12/25/2025,31d542a9aea3f2c5,1,HT12001,NA,male,principal,0,0,0,1,0,1,2006,2010,2018,3,5,5,NA,1,2011,management in_service,1,1,0,0,NA,1,1 2 3,1,1,1,0,0,0,NA,2 3 4 5 7,0,1,1,1,1,0,1,0,0,0,NA,0,1,1,0,1,0,1,0,0,NA,5,4,4,4,5,4,5,4,7,NA,2,NA,1,NA,1,1,1 2 7,1,1,0,0,0,0,1,0,0,NA,3,NA,3 4,0,0,1,1,0,0,0,0,0,NA,1,NA,2,NA,4,NA,7 9,0,0,0,0,0,0,1,0,1,0,NA,5,NA,1,1,0,0,0,0,0,0,NA,2 5 6,0,1,0,0,1,1,0,NA,6,NA,1,2 3 4 5 6 7,0,1,1,1,1,1,1,0,0,0,NA,3,NA,NA,NA,NA,NA,NA,NA,NA,NA,3,NA,1,NA,1,NA,1,NA,1,NA,4,4,4,4,4,4,4,4,NA,3,1 3,1,0,1,0,0,0,0,0,NA,97,Small size area of school,6,NA,5,NA,4,5,4,4,4,4,3,2,2 4 6,0,1,0,1,0,1,0,NA,1,NA,3,2,3,0,0,1,0,0,0,0,NA,1,1,1,1 2 3,1,1,1,0,NA,1,Teacher,4,3,3,3,3,3,3,2,3,2,1,2,2,4,1,4,4,4,4,3,4,3,3,4,4,2,3,3,1,1,2,1,1,1,3,1,male,3,5,1 2 3,1,1,1,0,0,0,NA,3,3,3,1,1,2,2,2,3,3,3,2,2,2,1,3,3,3,4,4,3,3,3,2,2,3,4,4,4,4,1 4,1,0,0,1,0,0,0,0,0,NA,33,NA,22235,NA,uuid:adde4e31-ae91-46b7-9548-d562295daf71,2512142209,uuid:adde4e31-ae91-46b7-9548-d562295daf71
837439,S0405080352,OROMIA,Gujii,daamaa,aanolee soodduu,Rural,"12/22/2025, 6:22:06 PM","12/22/2025, 12:54:54 PM","12/22/2025, 6:17:59 PM",12/22/2025,4794b43bebbd3e7c,1,HT14402,NA,male,vice_principal,1,0,1,1,1,0,2006,2014,2014,3,4,5,NA,1,2015,mentoring,0,0,1,0,NA,4,2 3,0,1,1,0,0,0,NA,3 5 8,0,0,1,0,1,0,0,1,0,0,NA,0,1,1,0,0,0,0,0,0,NA,5,4,5,4,4,5,4,4,2,NA,5,NA,8,NA,1,1,1 4 8,1,0,0,1,0,0,0,1,0,NA,3,NA,4 6,0,0,0,1,0,1,0,0,0,NA,1,NA,5,NA,3,NA,8 9,0,0,0,0,0,0,0,1,1,0,NA,2,NA,1 2,1,1,0,0,0,0,0,NA,5 6,0,0,0,0,1,1,0,NA,4,NA,1,2 3 4 5 6 7,0,1,1,1,1,1,1,0,0,0,NA,3,NA,NA,NA,NA,NA,NA,NA,NA,NA,3,NA,1,NA,1,NA,1,NA,1,None,4,3,3,3,4,4,3,2,NA,6,6,0,0,0,0,0,1,0,0,NA,2,NA,5,NA,6,NA,5,5,4,5,5,3,5,4,2 4 5,0,1,0,1,1,0,0,NA,2,NA,4,1,NA,NA,NA,NA,NA,NA,NA,NA,NA,1,5,1,2,0,1,0,0,NA,1,Teacher,4,3,3,3,3,4,4,2,4,1,1,1,3,3,4,4,4,1,4,3,3,3,4,3,3,3,3,3,1,3,2,3,2,1,2,1,male,3,5,1 2 3 4,1,1,1,1,0,0,NA,3,1,3,1,3,3,3,3,3,3,3,3,3,2,2,3,3,3,1,4,3,2,3,1,2,2,3,3,3,1,5 7,0,0,0,0,1,0,1,0,0,NA,32,NA,15490,Lack of school econom and  lack ofschool feeding.,uuid:34df8e42-0576-41bf-9901-0cf7b620477a,2512142209,uuid:34df8e42-0576-41bf-9901-0cf7b620477a
837439,S0405080352,OROMIA,Gujii,daamaa,aanolee soodduu,Rural,"12/22/2025, 6:26:18 PM","12/22/2025, 9:24:00 AM","12/22/2025, 6:20:29 PM",12/22/2025,31d542a9aea3f2c5,1,HT14401,NA,male,principal,0,0,0,1,1,0,2000,2004,2013,5,2,5,NA,1,2017,in_service,0,1,0,0,NA,2,1 2 3,1,1,1,0,0,0,NA,2 3 4 5 7,0,1,1,1,1,0,1,0,0,0,NA,0,0,0,1,1,0,0,0,0,NA,5,4,5,5,3,4,4,3,2,NA,1,NA,7,NA,1,1,1 2 8,1,1,0,0,0,0,0,1,0,NA,2,NA,2 3,0,1,1,0,0,0,0,0,0,NA,1,NA,3,NA,8,NA,7 9,0,0,0,0,0,0,1,0,1,0,NA,5,NA,1 5,1,0,0,0,1,0,0,NA,2 6,0,1,0,0,0,1,0,NA,6,NA,1,2 3 4 5,0,1,1,1,1,0,0,0,0,0,NA,3,NA,NA,NA,NA,NA,NA,NA,NA,NA,1,NA,1,NA,1,NA,3,NA,1,NA,4,3,4,3,4,4,4,4,NA,6,1 3,1,0,1,0,0,0,0,0,NA,6,NA,5,NA,8,NA,5,5,2,5,4,4,4,2,2 3 4,0,1,1,1,0,0,0,NA,1,NA,3,2,2,0,1,0,0,0,0,0,NA,1,1,1,1 2,1,1,0,0,NA,1,Teacher,4,3,3,3,4,4,4,3,3,1,1,1,3,2,3,4,4,1,3,2,4,3,2,3,3,3,3,3,2,2,1,1,2,1,3,2,male,2,4,2 3 4,0,1,1,1,0,0,NA,3,3,3,3,3,3,2,3,3,1,3,2,2,3,3,2,3,3,3,4,3,3,2,2,3,2,1,4,3,1,5 7,0,0,0,0,1,0,1,0,0,NA,38,NA,16000,NA,uuid:7d9bfa3a-e838-4c3c-9b53-2e302a56e3ad,2512142209,uuid:7d9bfa3a-e838-4c3c-9b53-2e302a56e3ad
837559,S0405090322,OROMIA,Gujii,girjaa,guraa qorkee,Rural,"12/27/2025, 10:48:09 AM","12/26/2025, 11:47:53 AM","12/26/2025, 8:05:50 PM",12/26/2025,4794b43bebbd3e7c,1,HT30102,NA,male,vice_principal,1,0,1,1,1,0,2010,2016,2018,3,4,4,NA,1,2016,management mentoring,1,0,1,0,NA,3,2 3,0,1,1,0,0,0,NA,2 3 4 5 6 7,0,1,1,1,1,1,1,0,0,0,NA,0,1,1,1,0,0,1,0,0,NA,4,3,4,4,4,5,3,4,2,NA,7,NA,4,NA,1,1,2 7 8,0,1,0,0,0,0,1,1,0,NA,3,NA,2 8,0,1,0,0,0,0,0,1,0,NA,3,NA,6,NA,1,NA,7 8,0,0,0,0,0,0,1,1,0,0,NA,5,NA,1 2,1,1,0,0,0,0,0,NA,2 5 6,0,1,0,0,1,1,0,NA,4,NA,1,2 4 5 7 9,0,1,0,1,1,0,1,0,1,0,NA,4,NA,1 2,1,1,0,0,0,0,NA,3,NA,1,NA,1,NA,1,NA,1,None,4,3,3,3,4,4,3,3,NA,6,1 3 6,1,0,1,0,0,1,0,0,NA,6,NA,5,NA,2,NA,5,5,4,5,5,3,4,4,2 4 5,0,1,0,1,1,0,0,NA,2,NA,3,2,3 6,0,0,1,0,0,1,0,NA,1,2,1,2,0,1,0,0,NA,1,Vice pricipal,3,3,3,2,3,3,3,3,4,1,1,1,3,3,1,3,4,2,4,3,3,3,2,3,3,3,3,3,2,2,1,2,1,1,3,2,male,3,5,1 2 3 4,1,1,1,1,0,0,NA,3,3,3,3,3,2,2,3,3,3,3,3,2,3,2,4,2,1,2,4,2,2,1,2,3,3,3,4,2,1,4 5,0,0,0,1,1,0,0,0,0,NA,28,NA,13339,Access of network and electricity do not any facility,uuid:5f288185-92c2-4a79-b81c-fb39835890f9,2512142209,uuid:5f288185-92c2-4a79-b81c-fb39835890f9
837559,S0405090322,OROMIA,Gujii,girjaa,guraa qorkee,Rural,"12/27/2025, 11:13:45 AM","12/26/2025, 11:39:51 AM","12/26/2025, 8:55:49 PM",12/26/2025,31d542a9aea3f2c5,1,HT30101,NA,male,principal,0,0,0,1,1,0,2011,2016,2016,1,2,5,NA,0,NA,NA,NA,NA,NA,NA,NA,5,1 2 3,1,1,1,0,0,0,NA,3 4 5 7,0,0,1,1,1,0,1,0,0,0,NA,0,1,1,1,1,0,0,0,0,NA,4,5,5,5,5,5,5,3,1,NA,2,NA,6,NA,1,1,2 4,0,1,0,1,0,0,0,0,0,NA,2,NA,4 7,0,0,0,1,0,0,1,0,0,NA,3,NA,1,NA,4,NA,7 9,0,0,0,0,0,0,1,0,1,0,NA,5,NA,1,1,0,0,0,0,0,0,NA,2 5 97,0,1,0,0,1,0,1,Giving permission to play,6,NA,1,3 4 5 7,0,0,1,1,1,0,1,0,0,0,NA,3,NA,NA,NA,NA,NA,NA,NA,NA,NA,3,NA,1,NA,1,NA,1,NA,1,NA,4,3,4,4,3,4,4,5,NA,6,1 3 7,1,0,1,0,0,0,1,0,NA,6,NA,5,NA,97,Teachers facilities ( house ),5,5,5,4,5,4,4,2,6,0,0,0,0,0,1,0,NA,1,NA,4,2,2 3,0,1,1,0,0,0,0,NA,1,6,0,NA,NA,NA,NA,NA,NA,1,Principal and vice,4,4,3,3,4,2,4,2,4,2,1,2,4,2,4,3,4,3,4,2,4,3,4,3,3,2,3,3,1,1,1,1,1,1,2,1,male,3,4,1 2 3 4,1,1,1,1,0,0,NA,3,3,1,3,3,3,3,3,3,3,1,3,1,3,3,4,3,3,2,3,3,3,1,3,4,4,3,3,2,4,1 2,1,1,0,0,0,0,0,0,0,NA,30,NA,21605,I have faced many challenges due to limitations of school resources to run school work's effectively.,uuid:171889a5-8c6a-441e-8e5a-5fbfe3e1d4e6,2512142209,uuid:171889a5-8c6a-441e-8e5a-5fbfe3e1d4e6
93262,S0406060122,OROMIA,Harargee Bahaa,baddannoo,tortoraa qal'aa,Rural,"12/30/2025, 6:23:04 PM","12/30/2025, 9:43:21 AM","12/30/2025, 6:21:30 PM",12/30/2025,b069b6a079b16d18,1,TH24501,NA,male,principal,1,0,1,1,1,0,2017,2016,2016,1,3,5,NA,0,NA,NA,NA,NA,NA,NA,NA,2,2,0,1,0,0,0,0,NA,3,0,0,1,0,0,0,0,0,0,0,NA,0,0,0,0,1,1,1,0,0,NA,5,5,5,5,5,5,5,4,2,NA,7,NA,6,NA,1,1,1 2 3,1,1,1,0,0,0,0,0,0,NA,2,NA,4 8,0,0,0,1,0,0,0,1,0,NA,1,NA,3,NA,6,NA,1,1,0,0,0,0,0,0,0,0,0,NA,1,NA,3,0,0,1,0,0,0,0,NA,5,0,0,0,0,1,0,0,NA,6,NA,1,2 3 4,0,1,1,1,0,0,0,0,0,0,NA,4,NA,4,0,0,0,1,0,0,NA,2,NA,3,NA,2,NA,2,NA,2,Hin jiru,3,4,4,3,4,3,4,2,NA,5,2 3 6,0,1,1,0,0,1,0,0,NA,6,NA,11,NA,9,NA,5,5,5,5,5,5,5,1,5,0,0,0,0,1,0,0,NA,1,NA,4,4,6,0,0,0,0,0,1,0,NA,1,2,1,2,0,1,0,0,NA,0,NA,4,4,4,4,4,4,4,4,4,3,3,3,2,3,3,3,3,3,4,3,4,3,4,3,4,2,3,3,2,2,2,3,2,1,2,1,male,3,2,1,1,0,0,0,0,0,NA,3,3,3,3,3,3,3,3,3,3,3,3,4,4,3,4,3,3,3,3,4,3,3,4,3,3,4,3,3,1,3 5 6,0,0,1,0,1,1,0,0,0,NA,27,NA,19464,"Rakkoo komputaraa hamaa jira yeroon dijitalaa wan ta'eef akkasumaa mana fincaani bareeda, akkasumaas rakkoo geejjiba,Silaan iskeeliin mindaa hoggansaa ilaalame abdii mindaa hoggaansaa irraa qabnuu wan ta'eef,bajiniis ta'ee sadarkaa barnootaanis ta'uu kutaa misooma barsiisaa seeraan hin hojjaatu inni biran deeggarsi midhan nyaata mana barumsaaf silaan yaadame facilitii waliin.",uuid:7f8daa09-f51d-45ad-8f88-f7a2cb1b3cad,2512142209,uuid:7f8daa09-f51d-45ad-8f88-f7a2cb1b3cad
93262,S0406060122,OROMIA,Harargee Bahaa,baddannoo,tortoraa qal'aa,Rural,"12/31/2025, 11:26:33 AM","12/30/2025, 1:43:43 PM","12/31/2025, 11:13:10 AM",12/30/2025,b069b6a079b16d18,1,HT24502,NA,male,vice_principal,0,0,0,1,1,0,2011,2015,2017,2,6,4,NA,0,NA,NA,NA,NA,NA,NA,NA,999,1,1,0,0,0,0,0,NA,1,1,0,0,0,0,0,0,0,0,0,NA,0,0,1,1,1,1,1,0,0,NA,5,5,5,5,5,5,5,1,2,NA,3,NA,1,NA,2,NA,NA,NA,NA,NA,NA,NA,NA,NA,NA,NA,NA,NA,NA,3 5,0,0,1,0,1,0,0,0,0,NA,1,NA,3,NA,8,NA,7,0,0,0,0,0,0,1,0,0,0,NA,5,NA,1,1,0,0,0,0,0,0,NA,5,0,0,0,0,1,0,0,NA,6,NA,1,1 2 3 4 5 6,1,1,1,1,1,1,0,0,0,0,NA,4,NA,4,0,0,0,1,0,0,NA,2,NA,4,hin jiru,2,NA,2,NA,3,97,2,3,3,3,4,4,4,2,NA,5,2,0,1,0,0,0,0,0,0,NA,5,NA,2,NA,6,NA,3,5,5,5,5,5,5,2,4,0,0,0,1,0,0,0,NA,1,NA,4,3,2,0,1,0,0,0,0,0,NA,1,2,1,2,0,1,0,0,NA,0,NA,4,4,4,4,4,3,1,4,4,1,1,1,4,4,1,4,3,1,4,1,4,4,4,4,4,3,3,3,2,3,3,3,3,3,3,2,male,2,1,1 2,1,1,0,0,0,0,NA,3,3,3,3,2,2,3,2,3,3,3,3,1,4,4,4,4,4,3,4,4,4,3,2,2,2,5,5,3,2,2 3 5,0,1,1,0,1,0,0,0,0,NA,26,NA,16800,የለም,uuid:aba39d51-1bc4-442a-a70e-0d3a00bfa0e3,2512142209,uuid:aba39d51-1bc4-442a-a70e-0d3a00bfa0e3
93432,S0406080182,OROMIA,Harargee Bahaa,dadar,habruu gabaa,Rural,"12/12/2025, 7:06:24 PM","12/12/2025, 9:32:52 AM","12/12/2025, 6:57:53 PM",12/12/2025,be457e329562a140,1,HT14801,NA,male,principal,0,0,0,1,1,0,2007,2013,2018,4,4,5,NA,1,2015,management,1,0,0,0,NA,3,1 2 3,1,1,1,0,0,0,NA,4 5,0,0,0,1,1,0,0,0,0,0,NA,0,1,0,0,0,0,0,0,0,NA,5,5,5,5,5,5,5,5,1,NA,7,NA,6,NA,1,1,1 2 3,1,1,1,0,0,0,0,0,0,NA,3,NA,2 5,0,1,0,0,1,0,0,0,0,NA,3,NA,6,NA,5,NA,7 9,0,0,0,0,0,0,1,0,1,0,NA,2,NA,1,1,0,0,0,0,0,0,NA,5 6,0,0,0,0,1,1,0,NA,6,NA,1,2 4 5 6,0,1,0,1,1,1,0,0,0,0,NA,4,NA,2,0,1,0,0,0,0,NA,2,NA,2,NA,1,NA,1,NA,1,No,4,4,4,4,4,4,3,3,NA,5,1 2,1,1,0,0,0,0,0,0,NA,6,NA,8,NA,5,NA,5,5,5,5,5,5,5,1,2 4,0,1,0,1,0,0,0,NA,1,NA,3,2,3 6,0,0,1,0,0,1,0,NA,1,4,0,NA,NA,NA,NA,NA,NA,0,NA,4,3,3,4,4,4,4,2,4,1,1,1,4,4,3,4,4,3,4,3,4,3,3,3,3,2,3,3,2,3,3,3,1,1,3,2,male,3,4,1 2 3 4,1,1,1,1,0,0,NA,1,1,3,3,3,3,2,3,3,3,3,4,3,3,3,3,3,2,2,4,3,3,3,3,3,3,4,4,4,1,2 3,0,1,1,0,0,0,0,0,0,NA,32,NA,16400,No,uuid:75080417-d0eb-4845-826b-c63f8b6619f5,2512111015,uuid:75080417-d0eb-4845-826b-c63f8b6619f5
93432,S0406080182,OROMIA,Harargee Bahaa,dadar,habruu gabaa,Rural,"12/12/2025, 9:09:33 PM","12/12/2025, 10:36:43 AM","12/12/2025, 9:21:42 PM",12/12/2025,260fdb5d4cc800d3,1,HT14802,NA,male,vice_principal,1,0,1,1,1,0,2008,2011,2017,2,1,5,NA,0,NA,NA,NA,NA,NA,NA,NA,5,2 3,0,1,1,0,0,0,NA,1 4 5,1,0,0,1,1,0,0,0,0,0,NA,0,0,0,1,0,0,0,0,0,NA,5,5,5,5,5,5,5,4,1,NA,2,NA,6,NA,1,1,1 2 3,1,1,1,0,0,0,0,0,0,NA,3,NA,2 4,0,1,0,1,0,0,0,0,0,NA,6,NA,3,NA,1,NA,7 9,0,0,0,0,0,0,1,0,1,0,NA,2,NA,1,1,0,0,0,0,0,0,NA,2 5 6,0,1,0,0,1,1,0,NA,6,NA,1,2 3 4,0,1,1,1,0,0,0,0,0,0,NA,3,NA,NA,NA,NA,NA,NA,NA,NA,NA,2,NA,2,NA,2,NA,2,NA,2,No,4,4,4,4,4,4,4,3,NA,5,2,0,1,0,0,0,0,0,0,NA,6,NA,5,NA,11,NA,5,5,4,4,4,3,5,1,2 3 5,0,1,1,0,1,0,0,NA,1,NA,4,2,1 6,1,0,0,0,0,1,0,NA,1,4,0,NA,NA,NA,NA,NA,NA,0,NA,4,3,3,4,4,3,4,1,3,1,1,1,3,4,3,4,4,1,4,1,4,1,3,1,3,3,3,3,2,2,1,3,1,1,3,1,male,4,2,1 2 3 4,1,1,1,1,0,0,NA,3,2,2,3,3,2,2,3,3,3,3,3,3,1,2,4,3,3,1,4,3,1,3,1,3,4,4,3,3,2,5,0,0,0,0,1,0,0,0,0,NA,32,NA,14700,None,uuid:3c089777-caee-4320-9120-22b50cc8d4bc,2512111015,uuid:3c089777-caee-4320-9120-22b50cc8d4bc
93452,S0406080242,OROMIA,Harargee Bahaa,dadar,laga gabaa,Rural,"12/16/2025, 4:54:47 PM","12/16/2025, 1:03:25 PM","12/16/2025, 4:50:58 PM",12/16/2025,be457e329562a140,1,HT34901,NA,male,principal,0,0,0,1,1,0,2009,2014,2015,3,2,4,NA,0,NA,NA,NA,NA,NA,NA,NA,5,1 2 3,1,1,1,0,0,0,NA,4 5,0,0,0,1,1,0,0,0,0,0,NA,0,0,0,0,0,0,0,0,0,NA,5,5,5,5,5,5,5,5,1,NA,2,NA,6,NA,1,1,1 2 4,1,1,0,1,0,0,0,0,0,NA,3,NA,2 4,0,1,0,1,0,0,0,0,0,NA,3,NA,6,NA,5,NA,7 9,0,0,0,0,0,0,1,0,1,0,NA,2,NA,1,1,0,0,0,0,0,0,NA,6,0,0,0,0,0,1,0,NA,6,NA,1,2 3 4 5,0,1,1,1,1,0,0,0,0,0,NA,4,NA,2 4,0,1,0,1,0,0,NA,2,NA,2,NA,2,NA,1,NA,2,No,4,4,4,3,4,4,3,2,NA,5,1 2,1,1,0,0,0,0,0,0,NA,5,NA,6,NA,8,NA,5,5,5,5,5,5,5,1,4 5,0,0,0,1,1,0,0,NA,2,NA,4,3,3 6,0,0,1,0,0,1,0,NA,1,4,0,NA,NA,NA,NA,NA,NA,0,NA,4,3,3,3,4,3,4,1,4,1,1,1,2,4,4,4,4,1,4,1,4,3,1,1,3,2,2,3,1,1,1,1,2,2,2,1,male,4,5,1 2 3 4,1,1,1,1,0,0,NA,3,3,3,3,3,3,3,3,3,3,3,4,3,3,4,3,1,2,1,4,4,2,3,1,3,1,4,3,3,2,3 5,0,0,1,0,1,0,0,0,0,NA,28,NA,15157,No,uuid:92596897-454a-4be6-a323-e23097626ca0,2512142209,uuid:92596897-454a-4be6-a323-e23097626ca0
93452,S0406080242,OROMIA,Harargee Bahaa,dadar,laga gabaa,Rural,"12/17/2025, 8:09:07 AM","12/16/2025, 11:52:36 AM","12/16/2025, 4:49:13 PM",12/16/2025,260fdb5d4cc800d3,1,HT34902,NA,male,vice_principal,1,0,1,2,2,0,2011,2015,2016,2,1,2,NA,0,NA,NA,NA,NA,NA,NA,NA,5,5,0,0,0,0,1,0,NA,4 5,0,0,0,1,1,0,0,0,0,0,NA,0,0,0,1,0,0,0,0,0,NA,5,5,5,5,5,5,5,4,1,NA,2,NA,8,NA,1,1,1 2 3,1,1,1,0,0,0,0,0,0,NA,3,NA,4 5,0,0,0,1,1,0,0,0,0,NA,3,NA,6,NA,1,NA,7 9,0,0,0,0,0,0,1,0,1,0,NA,2,NA,1,1,0,0,0,0,0,0,NA,2 6,0,1,0,0,0,1,0,NA,6,NA,1,1 2 3 4,1,1,1,1,0,0,0,0,0,0,NA,4,NA,4,0,0,0,1,0,0,NA,3,NA,2,NA,2,NA,2,NA,3,No,4,4,4,4,4,4,3,3,NA,7,2 3,0,1,1,0,0,0,0,0,NA,5,NA,11,NA,8,NA,5,5,5,5,5,5,5,1,4 5,0,0,0,1,1,0,0,NA,1,NA,4,2,1 2 4,1,1,0,1,0,0,0,NA,1,2,0,NA,NA,NA,NA,NA,NA,0,NA,4,4,3,4,4,4,4,1,4,2,1,1,3,3,4,4,4,1,3,1,4,4,1,1,3,3,3,3,3,3,3,3,1,1,3,1,male,4,2,1 2 3 4,1,1,1,1,0,0,NA,3,3,3,3,3,3,3,3,3,3,3,3,1,3,3,4,1,1,1,4,3,1,3,1,3,4,4,4,4,1,4 6,0,0,0,1,0,1,0,0,0,NA,28,NA,11500,None,uuid:f74e6ac3-a2f0-479c-b83a-3e6cde8fe005,2512142209,uuid:f74e6ac3-a2f0-479c-b83a-3e6cde8fe005
93399,S0406080462,OROMIA,Harargee Bahaa,dadar,burqaa barakaa,Rural,"12/11/2025, 5:29:59 PM","12/11/2025, 1:48:34 PM","12/11/2025, 5:21:25 PM",12/11/2025,be457e329562a140,1,HT24402,NA,male,vice_principal,1,0,1,1,1,0,2010,2013,2017,1,6,2,NA,1,2016,management,1,0,0,0,NA,3,4,0,0,0,1,0,0,NA,4 5,0,0,0,1,1,0,0,0,0,0,NA,0,0,0,0,0,0,0,0,0,NA,5,5,5,5,5,4,4,4,1,NA,2,NA,6,NA,1,1,1 2 3,1,1,1,0,0,0,0,0,0,NA,3,NA,2 4,0,1,0,1,0,0,0,0,0,NA,3,NA,6,NA,5,NA,7 9,0,0,0,0,0,0,1,0,1,0,NA,1,NA,1,1,0,0,0,0,0,0,NA,5 6,0,0,0,0,1,1,0,NA,6,NA,1,2 4 5,0,1,0,1,1,0,0,0,0,0,NA,4,NA,2 4,0,1,0,1,0,0,NA,2,NA,2,NA,2,NA,1,NA,1,None,3,3,3,3,4,4,4,3,NA,5,2 4,0,1,0,1,0,0,0,0,NA,5,NA,6,NA,8,NA,4,4,3,4,4,4,3,1,4 5,0,0,0,1,1,0,0,NA,2,NA,4,3,3 6,0,0,1,0,0,1,0,NA,1,2,1,3,0,0,1,0,NA,1,None,3,3,3,3,3,2,3,3,3,1,1,1,1,3,3,3,3,2,3,3,3,3,3,3,3,2,3,3,3,3,2,3,2,1,3,2,male,3,3,1 2 3 4,1,1,1,1,0,0,NA,3,3,3,3,3,3,3,3,3,3,3,3,2,3,3,2,1,2,1,3,3,3,3,1,3,3,4,3,4,1,1 2 3,1,1,1,0,0,0,0,0,0,NA,27,NA,10500,None,uuid:e59b344d-7792-45f1-8dfa-3d32670fc4ad,2512031638,uuid:e59b344d-7792-45f1-8dfa-3d32670fc4ad
93399,S0406080462,OROMIA,Harargee Bahaa,dadar,burqaa barakaa,Rural,"12/11/2025, 7:12:00 PM","12/11/2025, 12:04:52 PM","12/11/2025, 7:34:26 PM",12/11/2025,260fdb5d4cc800d3,1,HT24401,NA,male,principal,0,0,0,1,1,0,2016,2017,2017,1,6,5,NA,0,NA,NA,NA,NA,NA,NA,NA,5,5,0,0,0,0,1,0,NA,4 5,0,0,0,1,1,0,0,0,0,0,NA,0,0,0,0,0,0,0,0,0,NA,5,5,5,5,5,5,5,4,1,NA,2,NA,6,NA,1,1,1 2 3,1,1,1,0,0,0,0,0,0,NA,3,NA,2 4,0,1,0,1,0,0,0,0,0,NA,3,NA,6,NA,5,NA,7 9,0,0,0,0,0,0,1,0,1,0,NA,1,NA,1,1,0,0,0,0,0,0,NA,6,0,0,0,0,0,1,0,NA,6,NA,1,3 4 5,0,0,1,1,1,0,0,0,0,0,NA,4,NA,2,0,1,0,0,0,0,NA,2,NA,2,NA,2,NA,2,NA,2,No,4,3,4,4,4,4,4,3,NA,5,1,1,0,0,0,0,0,0,0,NA,6,NA,5,NA,11,NA,5,5,5,5,5,5,5,1,2 4,0,1,0,1,0,0,0,NA,1,NA,4,2,1 6,1,0,0,0,0,1,0,NA,1,4,0,NA,NA,NA,NA,NA,NA,0,NA,4,3,4,4,4,3,4,1,4,1,1,1,4,4,3,3,4,1,4,1,4,3,1,1,3,3,3,3,2,3,3,3,1,1,3,1,male,4,2,1 2 3,1,1,1,0,0,0,NA,3,3,3,3,3,3,3,3,3,3,3,2,1,1,2,3,3,3,1,4,3,3,3,1,1,1,4,1,4,1,6,0,0,0,0,0,1,0,0,0,NA,24,NA,16600,No,uuid:380abce4-a638-4525-9a09-af9d244d0eaa,2512031638,uuid:380abce4-a638-4525-9a09-af9d244d0eaa
93844,S0406110112,OROMIA,Harargee Bahaa,gola odaa,diddimtuu,Rural,"1/1/2026, 4:00:44 PM","1/1/2026, 9:00:18 AM","1/1/2026, 10:00:45 AM",1/1/2026,b069b6a079b16d18,1,HT16701,NA,male,principal,0,0,0,0,NA,NA,2016,2016,2017,1,5,5,NA,0,NA,NA,NA,NA,NA,NA,NA,3,1,1,0,0,0,0,0,NA,1,1,0,0,0,0,0,0,0,0,0,NA,1,0,0,0,1,0,1,0,0,NA,5,4,5,4,3,5,4,5,2,NA,1,NA,6,NA,1,1,1 3 4,1,0,1,1,0,0,0,0,0,NA,3,NA,5 6,0,0,0,0,1,1,0,0,0,NA,1,NA,3,NA,5,NA,7,0,0,0,0,0,0,1,0,0,0,NA,1,NA,1,1,0,0,0,0,0,0,NA,5 6,0,0,0,0,1,1,0,NA,3,NA,1,2 3 4,0,1,1,1,0,0,0,0,0,0,NA,3,NA,NA,NA,NA,NA,NA,NA,NA,NA,1,NA,1,NA,1,NA,1,NA,1,NA,5,5,5,4,5,5,5,2,NA,3,5,0,0,0,0,1,0,0,0,NA,5,NA,6,NA,11,NA,5,5,5,5,5,5,5,1,4,0,0,0,1,0,0,0,NA,2,NA,4,4,6,0,0,0,0,0,1,0,NA,1,3,1,2,0,1,0,0,NA,0,NA,4,4,4,3,4,4,4,1,4,1,1,1,4,4,4,4,4,1,4,1,4,4,1,4,4,1,3,3,3,1,2,3,3,1,3,1,male,3,2,1 2 3,1,1,1,0,0,0,NA,1,1,1,1,1,1,1,1,1,1,1,4,4,4,4,4,3,3,3,3,1,1,3,5,1,5,4,3,4,1,4 5 6,0,0,0,1,1,1,0,0,0,NA,26,NA,25582,Rakkoo jaarmaa gamoo,uuid:92857db2-834b-4007-8980-092f00e21438,2512142209,uuid:92857db2-834b-4007-8980-092f00e21438
93918,S0406120482,OROMIA,Harargee Bahaa,gooroo guutuu,caffee aannanii,Rural,"12/15/2025, 11:38:17 AM","12/15/2025, 8:12:19 AM","12/15/2025, 11:24:00 AM",12/15/2025,be457e329562a140,1,HT17101,NA,female,principal,0,0,0,0,NA,NA,2004,2011,2015,2,6,5,NA,1,2016,management,1,0,0,0,NA,3,1 2 3,1,1,1,0,0,0,NA,4 5,0,0,0,1,1,0,0,0,0,0,NA,0,0,0,0,0,0,0,0,0,NA,5,4,5,5,5,5,5,5,1,NA,2,NA,7,NA,1,1,1 2 3,1,1,1,0,0,0,0,0,0,NA,3,NA,2 4,0,1,0,1,0,0,0,0,0,NA,3,NA,6,NA,5,NA,7 9,0,0,0,0,0,0,1,0,1,0,NA,1,NA,1,1,0,0,0,0,0,0,NA,6,0,0,0,0,0,1,0,NA,6,NA,1,2 3 4 6,0,1,1,1,0,1,0,0,0,0,NA,4,NA,2 4,0,1,0,1,0,0,NA,2,NA,2,NA,2,NA,1,NA,1,No,4,4,3,4,4,4,4,3,NA,5,1,1,0,0,0,0,0,0,0,NA,5,NA,6,NA,8,NA,5,5,4,3,5,4,3,1,4,0,0,0,1,0,0,0,NA,2,NA,4,3,6,0,0,0,0,0,1,0,NA,1,4,0,NA,NA,NA,NA,NA,NA,0,NA,4,3,3,3,4,3,4,1,4,1,1,1,3,4,3,3,4,1,4,1,4,3,1,1,3,3,3,3,2,3,3,3,1,1,3,1,male,4,5,1 2 3 4,1,1,1,1,0,0,NA,3,3,3,3,3,3,2,3,3,3,3,4,1,3,4,3,1,1,1,4,1,1,3,1,3,4,4,2,4,2,3 5,0,0,1,0,1,0,0,0,0,NA,35,NA,16100,No,uuid:3b2446f5-84cb-43ff-929a-6a0cb32e50ae,2512111015,uuid:3b2446f5-84cb-43ff-929a-6a0cb32e50ae
94163,S0406140072,OROMIA,Harargee Bahaa,gursum,luugoo,Rural,"12/24/2025, 8:42:54 AM","12/22/2025, 11:40:03 AM","12/23/2025, 11:36:02 AM",12/22/2025,b069b6a079b16d18,1,HT35001,NA,female,principal,0,0,0,0,NA,NA,2001,2011,2013,2,2,5,NA,0,NA,NA,NA,NA,NA,NA,NA,1,1 2 3,1,1,1,0,0,0,NA,2 3 5 7,0,1,1,0,1,0,1,0,0,0,NA,0,1,1,0,0,0,1,0,0,NA,5,5,5,5,5,5,5,4,2,NA,6,NA,1,NA,1,1,4 6 7,0,0,0,1,0,1,1,0,0,NA,3,NA,4 6,0,0,0,1,0,1,0,0,0,NA,3,NA,8,NA,2,NA,2 5,0,1,0,0,1,0,0,0,0,0,NA,1,NA,1 4,1,0,0,1,0,0,0,NA,6,0,0,0,0,0,1,0,NA,6,NA,1,3 8,0,0,1,0,0,0,0,1,0,0,NA,3,NA,NA,NA,NA,NA,NA,NA,NA,NA,1,NA,1,NA,1,NA,1,NA,1,NA,4,4,3,4,4,4,4,2,NA,5,1 2,1,1,0,0,0,0,0,0,NA,6,NA,5,NA,8,NA,4,4,4,4,4,4,4,1,3 4,0,0,1,1,0,0,0,NA,1,NA,3,2,2 5,0,1,0,0,1,0,0,NA,1,1,1,2,0,1,0,0,NA,0,NA,4,3,3,4,4,4,1,4,3,1,1,1,3,4,1,4,4,3,4,4,4,3,1,4,4,1,1,1,1,1,2,2,2,3,1,3,male,3,3,2 3,0,1,1,0,0,0,NA,3,2,3,2,2,2,1,1,1,2,1,4,1,4,4,4,4,4,1,4,1,4,3,5,4,3,4,4,4,2,2 5 8,0,1,0,0,1,0,0,1,0,NA,35,NA,25285,የማህበረሰብ አስተሳስብ ያለው ለሰቶች አስተዳደር  ያለው ነገር እና  የወረዳ  ድጋፍ  እጥረት  በኩልነት ሰው አለመምረጥ,uuid:875cb7cb-85a4-4791-97f2-6fe6e583a8ab,2512142209,uuid:875cb7cb-85a4-4791-97f2-6fe6e583a8ab
94162,S0406140492,OROMIA,Harargee Bahaa,gursum,laaftoo,Rural,"12/8/2025, 9:34:59 PM","12/8/2025, 2:07:13 PM","12/8/2025, 9:28:34 PM",12/8/2025,be457e329562a140,1,HT24901,NA,female,principal,0,0,0,1,1,0,2011,2014,2016,3,2,4,NA,1,2016,management,1,0,0,0,NA,3,1 2 3,1,1,1,0,0,0,NA,1 5,1,0,0,0,1,0,0,0,0,0,NA,0,1,1,0,1,1,0,0,0,NA,5,4,5,4,4,5,4,5,2,NA,1,NA,7,NA,1,1,1 2 6,1,1,0,0,0,1,0,0,0,NA,3,NA,2 4,0,1,0,1,0,0,0,0,0,NA,3,NA,1,NA,2,NA,3 5,0,0,1,0,1,0,0,0,0,0,NA,1,NA,1,1,0,0,0,0,0,0,NA,5,0,0,0,0,1,0,0,NA,4,NA,1,2 4 5,0,1,0,1,1,0,0,0,0,0,NA,3,NA,NA,NA,NA,NA,NA,NA,NA,NA,2,NA,2,NA,1,NA,1,NA,1,None,3,3,4,3,4,4,3,3,NA,5,2 6,0,1,0,0,0,1,0,0,NA,6,NA,5,NA,8,NA,5,5,5,5,5,4,4,3,3 4,0,0,1,1,0,0,0,NA,2,NA,3,3,4 6,0,0,0,1,0,1,0,NA,1,3,1,2,0,1,0,0,NA,0,NA,4,3,3,3,3,3,3,1,3,3,5,5,1,4,4,3,3,1,4,3,3,3,1,3,3,3,3,3,1,3,2,3,3,1,3,2,male,3,5,1 2 3 4,1,1,1,1,0,0,NA,3,3,3,3,3,3,2,2,3,3,3,4,2,4,4,3,1,1,1,3,1,1,3,1,1,1,4,1,1,4,2 4,0,1,0,1,0,0,0,0,0,NA,25,NA,16275,None,uuid:7b99ff72-8c1c-4295-865e-d8cb766000c2,2512031638,uuid:7b99ff72-8c1c-4295-865e-d8cb766000c2
94162,S0406140492,OROMIA,Harargee Bahaa,gursum,laaftoo,Rural,"12/9/2025, 7:20:02 AM","12/8/2025, 4:58:21 PM","12/8/2025, 10:20:19 PM",12/8/2025,260fdb5d4cc800d3,1,HT24902,NA,male,vice_principal,0,1,1,1,1,0,2009,2016,2016,1,6,2,NA,0,NA,NA,NA,NA,NA,NA,NA,5,4,0,0,0,1,0,0,NA,4 5,0,0,0,1,1,0,0,0,0,0,NA,1,0,1,0,0,0,0,0,0,NA,5,4,5,5,5,5,5,4,1,NA,2,NA,3,NA,1,1,1 2 3,1,1,1,0,0,0,0,0,0,NA,3,NA,2 5,0,1,0,0,1,0,0,0,0,NA,6,NA,3,NA,1,NA,7,0,0,0,0,0,0,1,0,0,0,NA,2,NA,1,1,0,0,0,0,0,0,NA,6,0,0,0,0,0,1,0,NA,6,NA,1,2 3 4,0,1,1,1,0,0,0,0,0,0,NA,3,NA,NA,NA,NA,NA,NA,NA,NA,NA,2,NA,2,NA,2,NA,2,NA,2,No,4,3,4,4,4,4,4,3,NA,1,2 3,0,1,1,0,0,0,0,0,NA,5,NA,3,NA,8,NA,5,5,4,4,4,5,5,1,4,0,0,0,1,0,0,0,NA,1,NA,4,3,1 4 5,1,0,0,1,1,0,0,NA,1,2,0,NA,NA,NA,NA,NA,NA,0,NA,4,3,3,1,4,4,4,1,4,1,1,1,1,4,1,4,4,1,4,1,4,1,3,1,4,3,3,3,3,3,3,3,1,1,3,1,male,4,2,3 4,0,0,1,1,0,0,NA,3,3,3,3,3,3,3,3,1,3,3,1,1,1,1,4,1,1,1,4,3,1,3,1,1,3,2,4,4,2,5 6,0,0,0,0,1,1,0,0,0,NA,30,NA,12900,None,uuid:7a8dc918-8f5c-488e-a87f-5c5299a57009,2512031638,uuid:7a8dc918-8f5c-488e-a87f-5c5299a57009
273338,S0406160242,OROMIA,Harargee Bahaa,jaarsoo,gaaddisa mixee,Rural,"12/6/2025, 8:12:20 PM","12/6/2025, 1:33:24 PM","12/6/2025, 8:02:40 PM",12/6/2025,be457e329562a140,1,HT18201,NA,male,principal,0,0,0,0,NA,NA,2010,2012,2015,2,2,5,NA,1,2016,in_service,0,1,0,0,NA,2,1 2 3,1,1,1,0,0,0,NA,1,1,0,0,0,0,0,0,0,0,0,NA,0,0,1,0,0,0,0,0,0,NA,5,4,5,4,4,4,4,5,2,NA,1,NA,7,NA,1,2,1 2 3,1,1,1,0,0,0,0,0,0,NA,3,NA,2 4,0,1,0,1,0,0,0,0,0,NA,3,NA,8,NA,5,NA,3,0,0,1,0,0,0,0,0,0,0,NA,1,NA,1,1,0,0,0,0,0,0,NA,5,0,0,0,0,1,0,0,NA,4,NA,1,4 5 6,0,0,0,1,1,1,0,0,0,0,NA,3,NA,NA,NA,NA,NA,NA,NA,NA,NA,2,NA,3,NA,1,NA,1,NA,1,None,3,3,3,3,3,3,4,2,NA,5,2 6,0,1,0,0,0,1,0,0,NA,5,NA,6,NA,8,NA,5,5,4,3,3,3,4,1,4,0,0,0,1,0,0,0,NA,2,NA,2,3,2,0,1,0,0,0,0,0,NA,1,4,0,NA,NA,NA,NA,NA,NA,0,NA,4,3,3,1,4,3,4,1,1,2,2,1,1,4,3,3,3,1,3,3,4,3,1,3,3,2,2,3,2,2,1,3,3,1,3,3,male,3,4,1 2 4,1,1,0,1,0,0,NA,1,1,1,1,1,3,3,3,3,3,3,3,3,1,3,3,1,1,1,4,2,2,3,1,4,3,3,4,1,1,3 5,0,0,1,0,1,0,0,0,0,NA,30,NA,16130,None,uuid:2e00e8ca-d61a-4648-8232-0d0e55ff7b28,2512031638,uuid:2e00e8ca-d61a-4648-8232-0d0e55ff7b28
273459,S0406170532,OROMIA,Harargee Bahaa,kombolcha,saqaa,Rural,"12/5/2025, 6:51:55 AM","12/4/2025, 4:08:01 PM","12/4/2025, 11:36:18 PM",12/4/2025,260fdb5d4cc800d3,1,Ht19101,NA,male,vice_principal,0,1,1,0,NA,NA,2009,2013,2013,1,6,5,NA,1,2015,in_service,0,1,0,0,NA,4,2 3,0,1,1,0,0,0,NA,4 5,0,0,0,1,1,0,0,0,0,0,NA,0,0,0,1,0,0,0,0,0,NA,5,5,5,5,5,5,5,5,1,NA,7,NA,8,NA,1,1,1 2 5,1,1,0,0,1,0,0,0,0,NA,1,NA,5 6,0,0,0,0,1,1,0,0,0,NA,6,NA,1,NA,3,NA,7 9,0,0,0,0,0,0,1,0,1,0,NA,2,NA,1,1,0,0,0,0,0,0,NA,2 5,0,1,0,0,1,0,0,NA,2,NA,1,2 4 5,0,1,0,1,1,0,0,0,0,0,NA,2,NA,NA,NA,NA,NA,NA,NA,NA,NA,2,NA,2,NA,2,NA,2,NA,2,No,4,2,4,4,4,4,4,4,NA,6,1 3,1,0,1,0,0,0,0,0,NA,5,NA,2,NA,11,NA,5,5,5,5,5,4,4,1,2 4,0,1,0,1,0,0,0,NA,1,NA,5,4,6,0,0,0,0,0,1,0,NA,1,4,1,2,0,1,0,0,NA,0,NA,4,2,2,4,4,4,4,1,4,1,1,1,1,4,1,4,4,1,4,1,4,4,1,1,3,3,3,3,1,2,2,1,1,2,1,1,male,3,4,2 3,0,1,1,0,0,0,NA,3,3,3,3,3,3,1,3,3,3,3,1,1,1,1,4,1,1,1,4,4,1,3,1,4,3,4,1,4,1,2 3 5,0,1,1,0,1,0,0,0,0,NA,28,NA,15015,None,uuid:1dae28e3-140a-449a-b1c3-e5088b7eeeda,2512031459,uuid:1dae28e3-140a-449a-b1c3-e5088b7eeeda
273459,S0406170532,OROMIA,Harargee Bahaa,kombolcha,saqaa,Rural,"12/5/2025, 6:52:41 AM","12/4/2025, 3:38:56 PM","12/4/2025, 11:57:44 PM",12/4/2025,be457e329562a140,1,HT19101,NA,female,principal,0,0,0,1,1,0,2008,2014,2014,1,2,5,NA,1,2016,management,1,0,0,0,NA,2,1 2 3,1,1,1,0,0,0,NA,1 4,1,0,0,1,0,0,0,0,0,0,NA,1,1,1,1,0,0,1,0,0,NA,4,3,5,5,4,3,3,5,2,NA,1,NA,7,NA,1,2,1 3 5,1,0,1,0,1,0,0,0,0,NA,3,NA,2 4,0,1,0,1,0,0,0,0,0,NA,1,NA,3,NA,8,NA,3 6,0,0,1,0,0,1,0,0,0,0,NA,5,NA,1,1,0,0,0,0,0,0,NA,5,0,0,0,0,1,0,0,NA,6,NA,1,1 2 3 7,1,1,1,0,0,0,1,0,0,0,NA,3,NA,NA,NA,NA,NA,NA,NA,NA,NA,2,NA,3,NA,2,NA,2,NA,2,None,4,3,3,4,3,4,4,3,NA,5,3 6,0,0,1,0,0,1,0,0,NA,2,NA,5,NA,8,NA,4,5,3,3,5,3,4,1,4 5,0,0,0,1,1,0,0,NA,2,NA,4,4,1 3 6,1,0,1,0,0,1,0,NA,1,2,1,3,0,0,1,0,NA,1,None,3,2,3,3,3,3,4,1,1,1,2,2,4,3,4,3,4,1,2,3,4,2,3,2,2,2,2,3,2,2,2,2,2,1,3,3,male,3,2,1 2 4,1,1,0,1,0,0,NA,3,3,2,3,3,2,2,3,3,3,2,4,4,3,4,3,1,1,1,4,1,1,1,1,2,4,2,4,2,1,4 5,0,0,0,1,1,0,0,0,0,NA,29,NA,12000,Hanqina baajata,uuid:c8856e65-ee1f-4cac-bf27-072e21295d87,2512031459,uuid:c8856e65-ee1f-4cac-bf27-072e21295d87
273773,S0406210132,OROMIA,Harargee Bahaa,meettaa,gammachuu duusee,Rural,"12/10/2025, 5:57:38 PM","12/10/2025, 2:21:54 PM","12/10/2025, 8:04:18 PM",12/10/2025,be457e329562a140,1,HT20102,NA,male,vice_principal,1,0,1,1,1,0,1996,2001,2017,3,2,5,NA,1,2008,management,1,0,0,0,NA,3,1 3,1,0,1,0,0,0,NA,1 4,1,0,0,1,0,0,0,0,0,0,NA,0,1,1,0,0,0,0,0,0,NA,4,4,4,4,4,4,4,5,1,NA,2,NA,7,NA,1,1,1 2 4,1,1,0,1,0,0,0,0,0,NA,3,NA,2 5,0,1,0,0,1,0,0,0,0,NA,3,NA,1,NA,5,NA,4,0,0,0,1,0,0,0,0,0,0,NA,2,NA,1,1,0,0,0,0,0,0,NA,6,0,0,0,0,0,1,0,NA,4,NA,1,2 3 4,0,1,1,1,0,0,0,0,0,0,NA,3,NA,NA,NA,NA,NA,NA,NA,NA,NA,2,NA,1,NA,1,NA,1,NA,1,None,3,3,4,3,4,4,4,3,NA,6,2 6,0,1,0,0,0,1,0,0,NA,5,NA,6,NA,8,NA,3,5,3,5,5,5,5,1,2 4 5,0,1,0,1,1,0,0,NA,2,NA,4,3,3 4 6,0,0,1,1,0,1,0,NA,1,2,1,3,0,0,1,0,NA,1,None,3,3,3,3,3,1,3,2,3,3,1,1,1,3,3,3,3,1,4,3,3,1,1,3,3,2,3,3,2,2,2,3,3,2,3,2,male,3,3,1 2 3 4,1,1,1,1,0,0,NA,3,3,2,3,3,3,3,3,3,3,3,3,1,3,3,1,1,1,1,3,3,3,3,1,4,4,4,4,3,1,2 3,0,1,1,0,0,0,0,0,0,NA,33,NA,14790,None,uuid:e8c55aab-1c16-4984-9fcc-86d27c2aaff5,2512031638,uuid:e8c55aab-1c16-4984-9fcc-86d27c2aaff5
273773,S0406210132,OROMIA,Harargee Bahaa,meettaa,gammachuu duusee,Rural,"12/10/2025, 6:11:19 PM","12/10/2025, 1:19:45 PM","12/10/2025, 6:41:50 PM",12/10/2025,260fdb5d4cc800d3,1,HT20101,NA,male,principal,0,0,0,1,1,0,1999,2006,2015,3,1,5,NA,0,NA,NA,NA,NA,NA,NA,NA,3,5,0,0,0,0,1,0,NA,4 5,0,0,0,1,1,0,0,0,0,0,NA,0,1,0,1,0,0,0,0,0,NA,5,5,5,5,5,5,5,4,6,NA,2,NA,1,NA,1,2,1 2 3,1,1,1,0,0,0,0,0,0,NA,3,NA,4 6,0,0,0,1,0,1,0,0,0,NA,6,NA,3,NA,1,NA,7 9,0,0,0,0,0,0,1,0,1,0,NA,2,NA,1,1,0,0,0,0,0,0,NA,6,0,0,0,0,0,1,0,NA,6,NA,1,2 3 4,0,1,1,1,0,0,0,0,0,0,NA,3,NA,NA,NA,NA,NA,NA,NA,NA,NA,2,NA,2,NA,2,NA,2,NA,2,No,4,3,4,4,4,4,4,3,NA,5,2,0,1,0,0,0,0,0,0,NA,11,NA,5,NA,6,NA,5,5,5,5,5,4,5,1,2 4,0,1,0,1,0,0,0,NA,1,NA,4,2,1 2 6,1,1,0,0,0,1,0,NA,1,3,0,NA,NA,NA,NA,NA,NA,0,NA,4,4,3,1,4,3,4,4,4,1,1,1,3,4,1,3,4,1,4,1,4,1,1,1,3,3,3,3,1,2,2,3,3,1,3,1,male,4,2,1 2,1,1,0,0,0,0,NA,3,3,1,1,3,2,3,2,3,3,3,3,1,3,3,4,4,3,3,4,4,3,3,1,4,4,4,4,4,2,1 7 8,1,0,0,0,0,0,1,1,0,NA,35,NA,16000,Meeshaalee hojiidhaf barbaachisu dhabu,uuid:c4fe6447-a10a-48de-8c21-db5d0de1dad7,2512031638,uuid:c4fe6447-a10a-48de-8c21-db5d0de1dad7
274011,S0406230972,OROMIA,Harargee Bahaa,qarsaa,jaalallee,Rural,"12/9/2025, 6:52:24 PM","12/9/2025, 2:15:35 PM","12/9/2025, 6:49:07 PM",12/9/2025,be457e329562a140,1,HT20901,NA,male,principal,0,0,0,1,1,0,2009,2014,2015,2,2,5,NA,1,2015,in_service,0,1,0,0,NA,3,4,0,0,0,1,0,0,NA,1 4 5,1,0,0,1,1,0,0,0,0,0,NA,0,1,0,1,1,1,0,0,0,NA,4,2,5,4,4,4,4,5,1,NA,2,NA,7,NA,1,1,1 3,1,0,1,0,0,0,0,0,0,NA,3,NA,2 5,0,1,0,0,1,0,0,0,0,NA,3,NA,1,NA,5,NA,3,0,0,1,0,0,0,0,0,0,0,NA,1,NA,1,1,0,0,0,0,0,0,NA,5 6,0,0,0,0,1,1,0,NA,4,NA,1,1 2 3 4 7,1,1,1,1,0,0,1,0,0,0,NA,4,NA,1 4,1,0,0,1,0,0,NA,3,NA,2,NA,1,NA,1,NA,1,None,3,3,4,4,4,3,3,3,NA,7,2 6,0,1,0,0,0,1,0,0,NA,6,NA,2,NA,5,NA,5,5,4,4,5,4,4,1,4 5,0,0,0,1,1,0,0,NA,2,NA,4,3,3 6,0,0,1,0,0,1,0,NA,1,2,1,1,1,0,0,0,NA,0,NA,3,3,3,1,3,3,3,3,1,1,1,1,3,3,3,3,3,1,4,1,1,3,3,3,3,3,3,3,3,2,2,3,3,2,3,2,male,3,4,1 2 3 4,1,1,1,1,0,0,NA,3,1,3,3,3,3,3,3,3,3,3,3,3,1,1,1,1,1,1,3,3,3,3,1,4,4,4,1,1,1,3 5,0,0,1,0,1,0,0,0,0,NA,30,NA,13998,None,uuid:1eaaf5ad-081e-4847-8959-fecf4ac8784d,2512031638,uuid:1eaaf5ad-081e-4847-8959-fecf4ac8784d
274011,S0406230972,OROMIA,Harargee Bahaa,qarsaa,jaalallee,Rural,"12/9/2025, 7:05:39 PM","12/9/2025, 2:54:14 PM","12/9/2025, 8:23:49 PM",12/9/2025,260fdb5d4cc800d3,1,HT20902,NA,male,vice_principal,1,0,1,1,1,0,2006,2009,2009,1,6,2,NA,1,2016,in_service,0,1,0,0,NA,4,5,0,0,0,0,1,0,NA,4 5,0,0,0,1,1,0,0,0,0,0,NA,0,0,1,1,1,1,1,0,0,NA,5,5,5,5,5,5,5,2,1,NA,2,NA,6,NA,1,1,1 2 3,1,1,1,0,0,0,0,0,0,NA,3,NA,4 5,0,0,0,1,1,0,0,0,0,NA,6,NA,3,NA,2,NA,7 9,0,0,0,0,0,0,1,0,1,0,NA,2,NA,1 3,1,0,1,0,0,0,0,NA,6,0,0,0,0,0,1,0,NA,6,NA,1,1 2 3 4 6,1,1,1,1,0,1,0,0,0,0,NA,3,NA,NA,NA,NA,NA,NA,NA,NA,NA,2,NA,2,NA,2,NA,2,NA,1,No,4,3,4,4,4,4,4,3,NA,7,4 6,0,0,0,1,0,1,0,0,NA,11,NA,6,NA,3,NA,5,5,4,4,4,4,4,1,2 4 5,0,1,0,1,1,0,0,NA,2,NA,4,2,1 4 6,1,0,0,1,0,1,0,NA,1,1,0,NA,NA,NA,NA,NA,NA,0,NA,4,3,3,1,4,3,4,1,4,1,1,1,1,4,1,4,4,1,4,3,4,1,1,1,3,3,3,3,2,3,1,3,1,1,3,1,male,2,1,1 2 3,1,1,1,0,0,0,NA,1,3,3,3,3,3,1,3,3,3,3,1,3,1,1,4,3,3,1,4,3,3,3,1,1,4,2,4,2,1,4 8,0,0,0,1,0,0,0,1,0,NA,33,NA,13195,None,uuid:78a32134-038e-4a81-b929-f85b6117774d,2512031638,uuid:78a32134-038e-4a81-b929-f85b6117774d
95490,S0407050242,OROMIA,Harargee Lixaa,burqaa dhiintuu,odaa gaaddisaa,Rural,"12/28/2025, 4:37:36 PM","12/26/2025, 3:08:02 PM","12/26/2025, 5:13:26 PM",12/26/2025,260fdb5d4cc800d3,1,HT13701,NA,male,principal,0,0,0,1,0,1,2011,2013,2017,2,6,2,NA,1,2014,management,1,0,0,0,NA,4,5,0,0,0,0,1,0,NA,4 5,0,0,0,1,1,0,0,0,0,0,NA,0,0,0,0,0,0,0,0,0,NA,5,5,5,5,5,5,5,4,1,NA,2,NA,6,NA,1,2,1 2 3,1,1,1,0,0,0,0,0,0,NA,3,NA,2 5,0,1,0,0,1,0,0,0,0,NA,6,NA,3,NA,1,NA,7 9,0,0,0,0,0,0,1,0,1,0,NA,2,NA,1,1,0,0,0,0,0,0,NA,5,0,0,0,0,1,0,0,NA,6,NA,1,1 3 4,1,0,1,1,0,0,0,0,0,0,NA,4,NA,2 4,0,1,0,1,0,0,NA,3,NA,2,NA,2,NA,2,NA,2,No,4,4,4,4,4,4,4,3,NA,6,2,0,1,0,0,0,0,0,0,NA,11,NA,5,NA,6,NA,4,4,4,4,4,4,4,1,2 3 4 5,0,1,1,1,1,0,0,NA,1,NA,4,3,1 4 6,1,0,0,1,0,1,0,NA,1,2,0,NA,NA,NA,NA,NA,NA,0,NA,3,3,3,3,3,3,4,1,4,1,1,1,1,3,4,4,4,1,4,1,4,1,2,1,3,3,3,3,3,3,3,3,1,1,3,1,male,3,2,1 2 3,1,1,1,0,0,0,NA,3,3,3,3,3,3,3,3,3,3,3,1,1,2,2,4,1,1,1,4,2,1,3,1,1,3,4,3,4,1,1 2 3 4 5 6,1,1,1,1,1,1,0,0,0,NA,29,NA,18000,None,uuid:ab21d6d5-75c1-4646-ab44-89d3dead9e35,2512142209,uuid:ab21d6d5-75c1-4646-ab44-89d3dead9e35
95486,S0407050252,OROMIA,Harargee Lixaa,burqaa dhiintuu,mataa arbaa,Rural,"12/28/2025, 4:37:38 PM","12/27/2025, 3:52:05 AM","12/27/2025, 5:10:41 PM",12/27/2025,260fdb5d4cc800d3,1,HT13601,NA,male,principal,0,0,0,0,NA,NA,2010,2016,2018,2,6,2,NA,0,NA,NA,NA,NA,NA,NA,NA,5,5,0,0,0,0,1,0,NA,4 5,0,0,0,1,1,0,0,0,0,0,NA,0,0,0,0,0,0,0,0,0,NA,5,5,5,5,5,5,5,4,1,NA,2,NA,6,NA,1,2,1 2 3,1,1,1,0,0,0,0,0,0,NA,3,NA,4 5,0,0,0,1,1,0,0,0,0,NA,6,NA,3,NA,1,NA,7 9,0,0,0,0,0,0,1,0,1,0,NA,1,NA,1,1,0,0,0,0,0,0,NA,2 5 6,0,1,0,0,1,1,0,NA,6,NA,1,2 3 4,0,1,1,1,0,0,0,0,0,0,NA,4,NA,2 4,0,1,0,1,0,0,NA,2,NA,2,NA,2,NA,2,NA,2,None,4,3,4,4,4,4,4,3,NA,5,2,0,1,0,0,0,0,0,0,NA,5,NA,6,NA,11,NA,4,4,4,4,4,4,4,1,2 3 4,0,1,1,1,0,0,0,NA,1,NA,4,2,1 2,1,1,0,0,0,0,0,NA,1,3,0,NA,NA,NA,NA,NA,NA,0,NA,3,3,3,4,4,3,4,1,4,1,1,1,1,3,4,3,4,1,4,1,1,4,2,1,3,3,3,3,3,3,1,1,1,1,3,1,male,3,2,1 2 3,1,1,1,0,0,0,NA,3,3,3,3,3,3,3,3,3,3,3,1,1,2,1,4,1,1,1,4,3,1,3,1,1,3,4,3,4,1,1 2 3 4 5 6,1,1,1,1,1,1,0,0,0,NA,26,NA,14983,None,uuid:f54f8139-75c6-479a-b034-65bebe2210d5,2512142209,uuid:f54f8139-75c6-479a-b034-65bebe2210d5
95625,S0407070442,OROMIA,Harargee Lixaa,daaroo labuu,agamtii,Rural,"12/23/2025, 6:11:17 PM","12/23/2025, 7:57:37 AM","12/23/2025, 6:00:53 PM",12/23/2025,be457e329562a140,1,HT35101,NA,male,principal,0,0,0,1,1,0,2010,2015,2015,1,6,5,NA,1,2017,management,1,0,0,0,NA,4,1 2 3,1,1,1,0,0,0,NA,4 5,0,0,0,1,1,0,0,0,0,0,NA,0,0,0,0,0,0,0,0,0,NA,5,5,5,5,5,5,5,5,1,NA,2,NA,7,NA,1,1,1 2 3,1,1,1,0,0,0,0,0,0,NA,3,NA,2 4,0,1,0,1,0,0,0,0,0,NA,3,NA,6,NA,5,NA,7 9,0,0,0,0,0,0,1,0,1,0,NA,1,NA,1,1,0,0,0,0,0,0,NA,6,0,0,0,0,0,1,0,NA,6,NA,1,2 3 4 5,0,1,1,1,1,0,0,0,0,0,NA,4,NA,2,0,1,0,0,0,0,NA,2,NA,2,NA,2,NA,2,NA,2,No,4,4,3,4,4,4,4,3,NA,5,1 2,1,1,0,0,0,0,0,0,NA,6,NA,5,NA,8,NA,5,5,5,5,5,5,5,1,2 4,0,1,0,1,0,0,0,NA,2,NA,3,2,1 6,1,0,0,0,0,1,0,NA,1,4,0,NA,NA,NA,NA,NA,NA,0,NA,4,3,4,3,4,3,4,1,4,1,1,1,4,4,3,3,3,1,1,1,4,3,1,1,3,3,3,3,2,3,3,3,1,1,3,2,male,4,4,1 2 3 4,1,1,1,1,0,0,NA,3,3,3,3,3,3,3,3,3,3,3,3,1,1,2,4,3,3,1,4,3,3,3,1,1,1,4,1,3,1,3 6,0,0,1,0,0,1,0,0,0,NA,30,NA,16715,No,uuid:ab8cba6a-a539-4873-8971-e6dd3392e6f7,2512142209,uuid:ab8cba6a-a539-4873-8971-e6dd3392e6f7
95702,S0407070642,OROMIA,Harargee Lixaa,daaroo labuu,sorooroo,Urban,"12/23/2025, 7:48:11 AM","12/22/2025, 3:09:15 PM","12/22/2025, 4:02:36 PM",12/22/2025,be457e329562a140,1,HT14502,NA,male,vice_principal,1,0,1,1,1,0,2011,2014,2017,2,5,5,NA,0,NA,NA,NA,NA,NA,NA,NA,5,1 2 3,1,1,1,0,0,0,NA,4 5,0,0,0,1,1,0,0,0,0,0,NA,0,1,0,0,0,0,0,0,0,NA,5,5,5,5,5,5,5,5,1,NA,2,NA,7,NA,1,1,1 2 4,1,1,0,1,0,0,0,0,0,NA,3,NA,2 4,0,1,0,1,0,0,0,0,0,NA,3,NA,6,NA,5,NA,7 9,0,0,0,0,0,0,1,0,1,0,NA,2,NA,1,1,0,0,0,0,0,0,NA,5 6,0,0,0,0,1,1,0,NA,6,NA,1,2 3 4,0,1,1,1,0,0,0,0,0,0,NA,4,NA,2 4,0,1,0,1,0,0,NA,2,NA,2,NA,1,NA,2,NA,1,No,3,3,3,4,3,3,4,3,NA,5,1,1,0,0,0,0,0,0,0,NA,6,NA,5,NA,8,NA,4,4,4,5,5,4,5,1,2 4,0,1,0,1,0,0,0,NA,2,NA,3,3,6,0,0,0,0,0,1,0,NA,1,4,0,NA,NA,NA,NA,NA,NA,0,NA,3,3,3,4,4,3,4,1,4,3,1,1,4,3,3,3,4,1,4,1,4,3,1,3,3,3,3,3,2,3,3,3,1,1,3,3,male,3,2,1 2 3 4,1,1,1,1,0,0,NA,1,2,2,1,1,3,2,3,3,3,3,3,3,3,3,3,3,1,1,3,1,3,3,1,3,4,3,4,3,2,3 5,0,0,1,0,1,0,0,0,0,NA,30,NA,12017,No,uuid:ec7bd25d-cb05-4e72-891e-0923ad213521,2512142209,uuid:ec7bd25d-cb05-4e72-891e-0923ad213521
95702,S0407070642,OROMIA,Harargee Lixaa,daaroo labuu,sorooroo,Urban,"12/24/2025, 6:54:00 AM","12/22/2025, 1:32:41 PM","12/22/2025, 5:40:13 PM",12/22/2025,260fdb5d4cc800d3,1,HT14501,NA,male,principal,0,0,0,1,1,0,2010,2016,2016,1,6,2,NA,1,2016,management,1,0,0,0,NA,4,5,0,0,0,0,1,0,NA,4 5,0,0,0,1,1,0,0,0,0,0,NA,0,0,0,1,0,0,0,0,0,NA,5,5,5,5,5,5,5,4,1,NA,2,NA,6,NA,1,2,2 3,0,1,1,0,0,0,0,0,0,NA,3,NA,2 6,0,1,0,0,0,1,0,0,0,NA,6,NA,3,NA,1,NA,7 9,0,0,0,0,0,0,1,0,1,0,NA,2,NA,1 3,1,0,1,0,0,0,0,NA,2 6,0,1,0,0,0,1,0,NA,6,NA,1,4 5,0,0,0,1,1,0,0,0,0,0,NA,4,NA,2 4,0,1,0,1,0,0,NA,2,NA,2,NA,2,NA,2,NA,2,No,4,4,4,4,4,4,4,3,NA,5,2,0,1,0,0,0,0,0,0,NA,5,NA,6,NA,2,NA,5,5,5,3,3,4,4,1,2 3 4,0,1,1,1,0,0,0,NA,2,NA,3,2,1 2 4,1,1,0,1,0,0,0,NA,1,2,0,NA,NA,NA,NA,NA,NA,0,NA,4,3,3,3,4,3,4,1,4,1,1,1,2,3,4,4,4,1,4,2,4,2,4,1,4,3,3,3,3,3,1,2,1,1,3,1,male,1,2,1 2,1,1,0,0,0,0,NA,3,3,3,3,3,3,3,3,3,3,3,1,1,1,1,4,1,1,1,4,2,1,3,1,1,4,5,3,4,1,1 3 5,1,0,1,0,1,0,0,0,0,NA,30,NA,15140,None,uuid:7bdca845-126c-4242-9524-dffe0c5f2fb0,2512142209,uuid:7bdca845-126c-4242-9524-dffe0c5f2fb0
96246,S0407120642,OROMIA,Harargee Lixaa,b/m/galamsoo,galamsoo lakk. 2,Urban,"12/24/2025, 7:38:19 PM","12/24/2025, 10:08:04 AM","12/24/2025, 3:30:24 PM",12/24/2025,be457e329562a140,1,HT11802,NA,female,vice_principal,1,0,1,1,1,0,2002,2011,2016,2,5,5,NA,1,2011,management,1,0,0,0,NA,4,4,0,0,0,1,0,0,NA,1 4,1,0,0,1,0,0,0,0,0,0,NA,0,0,0,0,0,0,0,0,0,NA,5,5,5,5,5,5,5,5,1,NA,2,NA,7,NA,1,1,1 2 3,1,1,1,0,0,0,0,0,0,NA,3,NA,2 4,0,1,0,1,0,0,0,0,0,NA,3,NA,6,NA,5,NA,7 9,0,0,0,0,0,0,1,0,1,0,NA,2,NA,1,1,0,0,0,0,0,0,NA,5 6,0,0,0,0,1,1,0,NA,4,NA,1,3 4 5,0,0,1,1,1,0,0,0,0,0,NA,4,NA,2 4,0,1,0,1,0,0,NA,2,NA,2,NA,2,NA,2,NA,1,No,4,3,4,4,4,4,4,3,NA,5,1 2,1,1,0,0,0,0,0,0,NA,6,NA,5,NA,8,NA,5,5,5,5,5,5,5,1,4 5,0,0,0,1,1,0,0,NA,2,NA,3,3,4 6,0,0,0,1,0,1,0,NA,1,4,0,NA,NA,NA,NA,NA,NA,0,NA,4,3,3,4,3,3,4,1,4,1,1,1,4,4,3,3,4,1,3,1,4,3,1,1,3,3,3,3,2,3,2,3,3,2,3,2,male,3,4,1 2 3 4,1,1,1,1,0,0,NA,3,3,2,2,2,3,2,2,2,2,2,4,2,3,4,4,3,1,1,3,2,2,3,1,1,1,4,1,4,1,3 6,0,0,1,0,0,1,0,0,0,NA,33,NA,15000,No,uuid:6813389c-50ba-43c1-9cbb-b3eb74579a53,2512142209,uuid:6813389c-50ba-43c1-9cbb-b3eb74579a53
96246,S0407120642,OROMIA,Harargee Lixaa,b/m/galamsoo,galamsoo lakk. 2,Urban,"12/25/2025, 9:59:54 AM","12/24/2025, 2:30:42 AM","12/25/2025, 2:46:47 AM",12/24/2025,260fdb5d4cc800d3,1,HT11801,NA,male,principal,0,0,0,2,1,1,1999,2009,2016,4,1,5,NA,1,2017,management,1,0,0,0,NA,4,2 3,0,1,1,0,0,0,NA,4 5,0,0,0,1,1,0,0,0,0,0,NA,0,0,0,0,0,0,0,0,0,NA,5,5,5,5,5,5,5,4,1,NA,2,NA,6,NA,1,2,1 3 4,1,0,1,1,0,0,0,0,0,NA,3,NA,2 5,0,1,0,0,1,0,0,0,0,NA,6,NA,3,NA,1,NA,7 9,0,0,0,0,0,0,1,0,1,0,NA,2,NA,1,1,0,0,0,0,0,0,NA,5,0,0,0,0,1,0,0,NA,6,NA,1,1 2 4,1,1,0,1,0,0,0,0,0,0,NA,4,NA,2 4,0,1,0,1,0,0,NA,2,NA,2,NA,2,NA,2,NA,2,No,4,4,4,4,4,4,4,2,NA,5,2,0,1,0,0,0,0,0,0,NA,5,NA,11,NA,8,NA,5,5,5,5,5,5,5,1,2 3 4,0,1,1,1,0,0,0,NA,1,NA,3,2,1 2,1,1,0,0,0,0,0,NA,1,2,0,NA,NA,NA,NA,NA,NA,0,NA,3,3,3,4,4,3,4,1,4,1,1,1,3,3,1,1,4,1,4,1,4,3,3,1,3,3,3,3,3,3,2,3,1,1,3,1,male,3,2,1 2 3,1,1,1,0,0,0,NA,3,3,3,3,3,3,3,3,3,3,3,3,1,3,3,4,1,1,1,4,2,1,3,1,1,3,4,4,4,1,6,0,0,0,0,0,1,0,0,0,NA,33,NA,16700,None,uuid:9006b2d4-efa3-42f0-add6-23a5a71c9262,2512142209,uuid:9006b2d4-efa3-42f0-add6-23a5a71c9262
96553,S0407160272,OROMIA,Harargee Lixaa,odaa bultuum,adaadaa,Rural,"12/18/2025, 6:04:36 PM","12/18/2025, 2:03:08 PM","12/18/2025, 6:03:07 PM",12/18/2025,be457e329562a140,1,HT20502,NA,male,vice_principal,1,0,1,1,1,0,2011,2014,2014,1,5,2,NA,1,2013,management,1,0,0,0,NA,4,4,0,0,0,1,0,0,NA,4 5,0,0,0,1,1,0,0,0,0,0,NA,0,0,0,0,0,0,0,0,0,NA,5,4,5,5,4,4,4,3,1,NA,2,NA,6,NA,1,1,1 2 3,1,1,1,0,0,0,0,0,0,NA,3,NA,2 4,0,1,0,1,0,0,0,0,0,NA,3,NA,6,NA,5,NA,7 9,0,0,0,0,0,0,1,0,1,0,NA,2,NA,1,1,0,0,0,0,0,0,NA,5 6,0,0,0,0,1,1,0,NA,6,NA,1,3 4 5,0,0,1,1,1,0,0,0,0,0,NA,4,NA,2,0,1,0,0,0,0,NA,2,NA,2,NA,1,NA,1,NA,1,No,4,4,4,3,3,3,3,3,NA,5,1 3,1,0,1,0,0,0,0,0,NA,2,NA,5,NA,6,NA,5,5,3,5,5,5,5,1,2 4,0,1,0,1,0,0,0,NA,1,NA,2,2,6,0,0,0,0,0,1,0,NA,1,4,0,NA,NA,NA,NA,NA,NA,0,NA,4,3,3,3,3,3,4,4,4,1,1,1,1,4,3,3,4,1,4,3,4,3,1,1,3,3,3,3,2,3,2,3,2,2,2,2,male,3,2,1 2 3 4,1,1,1,1,0,0,NA,3,3,3,3,3,3,3,3,3,3,3,3,1,1,2,4,1,1,1,3,1,3,3,1,1,4,3,4,3,1,3 5,0,0,1,0,1,0,0,0,0,NA,27,NA,14900,No,uuid:bac662e8-e950-48a0-b93b-7a4655d529eb,2512142209,uuid:bac662e8-e950-48a0-b93b-7a4655d529eb
96553,S0407160272,OROMIA,Harargee Lixaa,odaa bultuum,adaadaa,Rural,"12/18/2025, 7:27:27 PM","12/18/2025, 12:26:11 PM","12/18/2025, 8:53:56 PM",12/18/2025,260fdb5d4cc800d3,1,HT20501,NA,male,principal,0,0,0,1,1,0,2013,2017,2017,1,6,5,NA,0,NA,NA,NA,NA,NA,NA,NA,5,5,0,0,0,0,1,0,NA,4 5,0,0,0,1,1,0,0,0,0,0,NA,0,0,0,0,0,0,0,0,0,NA,5,5,5,5,5,5,5,4,1,NA,2,NA,6,NA,2,NA,NA,NA,NA,NA,NA,NA,NA,NA,NA,NA,NA,NA,NA,2 4,0,1,0,1,0,0,0,0,0,NA,6,NA,5,NA,1,NA,7 9,0,0,0,0,0,0,1,0,1,0,NA,2,NA,1,1,0,0,0,0,0,0,NA,2 6,0,1,0,0,0,1,0,NA,6,NA,1,1 2 3 4 5 6 7,1,1,1,1,1,1,1,0,0,0,NA,4,NA,2 3 4,0,1,1,1,0,0,NA,2,NA,2,NA,2,NA,2,NA,2,None,4,4,4,4,4,4,4,3,NA,5,5,0,0,0,0,1,0,0,0,NA,11,NA,6,NA,5,NA,5,5,5,5,5,5,5,1,2 3 4,0,1,1,1,0,0,0,NA,2,NA,3,2,1 4,1,0,0,1,0,0,0,NA,1,4,0,NA,NA,NA,NA,NA,NA,0,NA,4,4,4,4,4,3,4,1,4,1,1,1,1,3,4,4,4,1,4,1,4,1,1,1,4,1,3,3,3,3,3,3,1,1,3,1,male,4,2,1 2 3 4,1,1,1,1,0,0,NA,3,3,2,3,3,3,3,3,3,3,3,3,1,4,3,4,3,1,3,4,3,3,3,1,1,4,4,1,4,1,5,0,0,0,0,1,0,0,0,0,NA,26,NA,12500,None,uuid:6b943583-d522-49f0-9e61-f49beb448b15,2512142209,uuid:6b943583-d522-49f0-9e61-f49beb448b15
96617,S0407160432,OROMIA,Harargee Lixaa,odaa bultuum,shunqoo,Rural,"12/31/2025, 7:57:36 PM","12/29/2025, 10:23:04 AM","12/31/2025, 5:17:42 PM",12/29/2025,260fdb5d4cc800d3,1,HT30701,NA,male,principal,0,0,0,1,1,0,2005,2010,2018,2,1,2,NA,1,2010,management,1,0,0,0,NA,4,5,0,0,0,0,1,0,NA,4 5,0,0,0,1,1,0,0,0,0,0,NA,0,0,0,0,0,0,0,0,0,NA,5,5,5,5,5,5,5,4,1,NA,2,NA,5,NA,1,2,2 3 4,0,1,1,1,0,0,0,0,0,NA,3,NA,2 5,0,1,0,0,1,0,0,0,0,NA,6,NA,3,NA,1,NA,7 9,0,0,0,0,0,0,1,0,1,0,NA,2,NA,1,1,0,0,0,0,0,0,NA,2 6,0,1,0,0,0,1,0,NA,6,NA,1,2 3 4,0,1,1,1,0,0,0,0,0,0,NA,4,NA,2 4,0,1,0,1,0,0,NA,2,NA,2,NA,2,NA,2,NA,2,No,4,3,4,4,4,4,4,4,NA,5,7,0,0,0,0,0,0,1,0,NA,5,NA,6,NA,8,NA,5,5,4,4,5,5,4,1,2 3 4,0,1,1,1,0,0,0,NA,1,NA,3,2,1 2,1,1,0,0,0,0,0,NA,1,3,0,NA,NA,NA,NA,NA,NA,0,NA,3,3,3,4,4,2,4,1,4,1,1,1,1,3,4,4,4,1,4,1,4,1,2,1,3,2,3,3,3,2,1,3,1,1,3,1,male,4,2,1 2 3,1,1,1,0,0,0,NA,3,3,3,3,3,3,3,3,3,3,3,1,1,3,3,4,1,2,2,4,3,1,3,1,1,4,4,4,4,1,1 2 3,1,1,1,0,0,0,0,0,0,NA,32,NA,13000,None,uuid:6311f923-4df4-4fad-a73a-e99f98b37903,2512142209,uuid:6311f923-4df4-4fad-a73a-e99f98b37903
96573,S0407160632,OROMIA,Harargee Lixaa,odaa bultuum,ganda caffee,Rural,"12/19/2025, 8:13:52 PM","12/19/2025, 10:56:10 AM","12/19/2025, 4:30:48 PM",12/19/2025,be457e329562a140,1,HT20602,NA,male,vice_principal,1,0,1,1,1,0,2003,2010,2017,2,2,5,NA,1,2011,management,1,0,0,0,NA,3,1 2 3,1,1,1,0,0,0,NA,4 5,0,0,0,1,1,0,0,0,0,0,NA,0,0,0,0,0,0,0,0,0,NA,5,5,5,5,5,5,5,4,2,NA,1,NA,7,NA,1,1,1 2 3,1,1,1,0,0,0,0,0,0,NA,3,NA,2 4,0,1,0,1,0,0,0,0,0,NA,3,NA,6,NA,5,NA,7 9,0,0,0,0,0,0,1,0,1,0,NA,1,NA,1,1,0,0,0,0,0,0,NA,2 5 6,0,1,0,0,1,1,0,NA,6,NA,1,2 3 4 6,0,1,1,1,0,1,0,0,0,0,NA,4,NA,2,0,1,0,0,0,0,NA,1,NA,2,NA,2,NA,2,NA,2,No,4,4,4,4,4,4,3,3,NA,5,1,1,0,0,0,0,0,0,0,NA,5,NA,6,NA,8,NA,5,5,5,5,5,4,5,1,4 5,0,0,0,1,1,0,0,NA,2,NA,4,3,3 6,0,0,1,0,0,1,0,NA,1,4,0,NA,NA,NA,NA,NA,NA,0,NA,4,3,3,3,4,3,4,1,4,1,1,1,4,4,4,4,4,1,4,3,4,3,3,1,3,3,3,3,3,3,3,3,3,3,3,2,male,1,2,1 2 3 4,1,1,1,1,0,0,NA,3,3,2,3,2,1,2,3,3,3,3,3,2,3,3,3,3,1,1,4,1,1,3,1,3,3,4,4,4,2,3 5,0,0,1,0,1,0,0,0,0,NA,37,NA,15400,No,uuid:6ea4c9d4-b13f-4573-a9c2-6677177bb3d5,2512142209,uuid:6ea4c9d4-b13f-4573-a9c2-6677177bb3d5
96573,S0407160632,OROMIA,Harargee Lixaa,odaa bultuum,ganda caffee,Rural,"12/20/2025, 9:16:09 AM","12/19/2025, 11:01:49 AM","12/19/2025, 9:17:45 PM",12/19/2025,260fdb5d4cc800d3,1,HT20601,NA,male,principal,0,0,0,1,1,0,1999,2006,2018,5,1,5,NA,0,NA,NA,NA,NA,NA,NA,NA,5,5,0,0,0,0,1,0,NA,4 5,0,0,0,1,1,0,0,0,0,0,NA,0,0,0,0,0,0,0,0,0,NA,5,5,5,5,5,5,5,3,1,NA,2,NA,6,NA,1,2,1 3 4,1,0,1,1,0,0,0,0,0,NA,3,NA,2 5,0,1,0,0,1,0,0,0,0,NA,6,NA,3,NA,1,NA,7 9,0,0,0,0,0,0,1,0,1,0,NA,2,NA,1,1,0,0,0,0,0,0,NA,2,0,1,0,0,0,0,0,NA,6,NA,1,1 2 4 5,1,1,0,1,1,0,0,0,0,0,NA,4,NA,4,0,0,0,1,0,0,NA,2,NA,2,NA,2,NA,2,NA,2,No,4,4,4,4,4,4,4,3,NA,5,3,0,0,1,0,0,0,0,0,NA,11,NA,6,NA,5,NA,4,4,4,4,4,5,4,1,2 3 4 5,0,1,1,1,1,0,0,NA,1,NA,4,2,1 2 4,1,1,0,1,0,0,0,NA,1,2,0,NA,NA,NA,NA,NA,NA,0,NA,4,4,4,4,4,3,4,1,4,1,1,1,1,3,3,4,4,1,4,1,4,1,3,1,3,3,3,3,3,3,3,3,1,1,3,1,male,4,2,1 2 3 4,1,1,1,1,0,0,NA,2,1,2,1,1,3,3,2,3,3,3,3,1,1,3,4,1,1,1,4,2,1,3,1,1,2,4,2,4,1,4 5,0,0,0,1,1,0,0,0,0,NA,40,NA,16332,None,uuid:8b39b165-ce53-4841-8f97-805336d10d80,2512142209,uuid:8b39b165-ce53-4841-8f97-805336d10d80
96839,S0407170272,OROMIA,Harargee Lixaa,xulloo,burqaa raachaa,Rural,"12/17/2025, 6:56:17 PM","12/17/2025, 1:13:48 PM","12/17/2025, 6:52:33 PM",12/17/2025,be457e329562a140,1,HT23601,NA,male,principal,0,0,0,0,NA,NA,2014,2017,2017,1,2,5,NA,1,2017,management,1,0,0,0,NA,2,1 2 3,1,1,1,0,0,0,NA,4 5,0,0,0,1,1,0,0,0,0,0,NA,0,0,0,0,0,0,0,0,0,NA,5,5,5,5,5,5,5,5,1,NA,2,NA,7,NA,1,1,1 2 3,1,1,1,0,0,0,0,0,0,NA,3,NA,2 4,0,1,0,1,0,0,0,0,0,NA,3,NA,6,NA,5,NA,7 9,0,0,0,0,0,0,1,0,1,0,NA,1,NA,1,1,0,0,0,0,0,0,NA,5 6,0,0,0,0,1,1,0,NA,6,NA,1,3 4 5,0,0,1,1,1,0,0,0,0,0,NA,4,NA,4,0,0,0,1,0,0,NA,2,NA,2,NA,2,NA,2,NA,1,No,3,3,4,4,4,4,3,3,NA,5,1,1,0,0,0,0,0,0,0,NA,5,NA,8,NA,6,NA,5,5,5,5,5,5,5,1,4 5,0,0,0,1,1,0,0,NA,2,NA,3,3,6,0,0,0,0,0,1,0,NA,1,4,0,NA,NA,NA,NA,NA,NA,0,NA,4,3,4,4,4,3,4,1,4,1,1,1,4,4,3,4,4,1,4,1,4,3,1,1,3,3,3,3,2,2,2,3,2,2,3,2,male,3,2,1 2 3 4,1,1,1,1,0,0,NA,3,3,3,3,3,3,3,3,3,3,3,4,1,3,4,3,1,1,1,3,3,1,3,1,1,1,3,1,4,2,2 3 5,0,1,1,0,1,0,0,0,0,NA,24,NA,11768,No,uuid:a88878c4-9cbc-4052-b4c5-ef7e649f7e1f,2512142209,uuid:a88878c4-9cbc-4052-b4c5-ef7e649f7e1f
97089,S0408050422,OROMIA,Horroo Guduru Wallaggaa,coomman guduruu,aabboo addis,Rural,"12/8/2025, 9:07:09 PM","12/6/2025, 11:48:13 AM","12/8/2025, 8:57:36 PM",12/6/2025,5709a80a20846068,1,HT14201,NA,male,principal,1,0,1,1,1,0,2004,2004,2011,1,5,5,NA,1,2017,in_service mentoring,0,1,1,0,NA,3,3 4,0,0,1,1,0,0,NA,1,1,0,0,0,0,0,0,0,0,0,NA,0,0,0,0,0,0,0,0,0,NA,5,4,4,5,4,3,3,5,1,NA,2,NA,8,NA,1,1,1 4,1,0,0,1,0,0,0,0,0,NA,3,NA,2 5,0,1,0,0,1,0,0,0,0,NA,2,NA,4,NA,6,NA,7 9,0,0,0,0,0,0,1,0,1,0,NA,5,NA,1,1,0,0,0,0,0,0,NA,2,0,1,0,0,0,0,0,NA,6,NA,0,NA,NA,NA,NA,NA,NA,NA,NA,NA,NA,NA,NA,4,NA,1 4,1,0,0,1,0,0,NA,1,NA,1,NA,1,NA,1,NA,1,No,3,3,3,3,4,4,4,2,NA,6,4 5,0,0,0,1,1,0,0,0,NA,6,NA,2,NA,10,NA,4,4,3,4,3,4,4,1,5,0,0,0,0,1,0,0,NA,4,NA,3,2,5,0,0,0,0,1,0,0,NA,1,1,0,NA,NA,NA,NA,NA,NA,0,NA,3,3,3,4,3,3,3,3,3,1,1,1,2,3,3,3,3,3,3,3,3,3,3,2,3,1,1,1,1,1,1,1,1,3,1,2,male,3,2,1 3,1,0,1,0,0,0,NA,3,3,1,1,3,3,3,3,3,3,3,2,2,2,3,3,3,3,2,3,3,2,3,4,3,4,3,3,4,4,3 4,0,0,1,1,0,0,0,0,0,NA,42,NA,16350,No,uuid:6edea4a1-3be4-4c93-9529-0e281728b2c9,2512030638,uuid:6edea4a1-3be4-4c93-9529-0e281728b2c9
97248,S0408070042,OROMIA,Horroo Guduru Wallaggaa,horro,akkaajjii sabbat,Rural,"12/5/2025, 10:50:51 PM","12/5/2025, 9:18:52 AM","12/5/2025, 8:35:39 PM",12/5/2025,5709a80a20846068,1,HT18101,NA,male,principal,0,0,0,0,NA,NA,2005,2011,2017,2,2,5,NA,0,NA,NA,NA,NA,NA,NA,NA,999,1 3,1,0,1,0,0,0,NA,1 7,1,0,0,0,0,0,1,0,0,0,NA,0,0,0,0,0,0,0,0,0,NA,5,5,4,4,3,5,4,5,1,NA,7,NA,5,NA,1,1,1 2 4,1,1,0,1,0,0,0,0,0,NA,3,NA,2 6,0,1,0,0,0,1,0,0,0,NA,6,NA,5,NA,7,NA,7 9,0,0,0,0,0,0,1,0,1,0,NA,3,NA,1,1,0,0,0,0,0,0,NA,2 6,0,1,0,0,0,1,0,NA,6,NA,1,3 4 5,0,0,1,1,1,0,0,0,0,0,NA,3,NA,NA,NA,NA,NA,NA,NA,NA,NA,3,NA,1,NA,1,NA,1,NA,1,0,4,4,3,4,4,5,5,3,NA,6,2,0,1,0,0,0,0,0,0,NA,1,NA,5,NA,6,NA,5,4,4,5,4,3,4,1,2 3 4,0,1,1,1,0,0,0,NA,3,NA,5,1,NA,NA,NA,NA,NA,NA,NA,NA,NA,1,1,1,2,0,1,0,0,NA,0,NA,3,2,3,3,3,3,2,3,3,1,1,2,3,3,3,2,3,3,3,3,3,2,2,3,3,3,2,1,2,1,3,1,3,3,1,3,male,3,2,1,1,0,0,0,0,0,NA,3,1,2,1,3,3,3,3,3,3,3,2,2,3,3,3,4,4,2,4,4,3,2,4,4,3,2,4,4,1,1 3,1,0,1,0,0,0,0,0,0,NA,35,NA,16715,No,uuid:aeba6798-5169-45ac-bc76-c00a0264b260,2512030638,uuid:aeba6798-5169-45ac-bc76-c00a0264b260
97554,S0409010332,OROMIA,Iluu Abbaa Booraa,aallee,qilxuu diimtuu,Rural,"12/22/2025, 9:48:47 PM","12/11/2025, 9:21:53 AM","12/22/2025, 8:25:23 PM",12/11/2025,5709a80a20846068,1,HT10401,NA,male,principal,0,0,0,1,1,0,2001,2012,2017,2,2,5,NA,0,NA,NA,NA,NA,NA,NA,NA,2,2 3,0,1,1,0,0,0,NA,1,1,0,0,0,0,0,0,0,0,0,NA,0,0,0,0,0,0,0,0,0,NA,5,5,4,4,3,4,3,5,1,NA,2,NA,5,NA,1,1,1 2,1,1,0,0,0,0,0,0,0,NA,3,NA,2 5,0,1,0,0,1,0,0,0,0,NA,1,NA,3,NA,2,NA,9,0,0,0,0,0,0,0,0,1,0,NA,5,NA,1,1,0,0,0,0,0,0,NA,2 6,0,1,0,0,0,1,0,NA,6,NA,1,4,0,0,0,1,0,0,0,0,0,0,NA,3,NA,NA,NA,NA,NA,NA,NA,NA,NA,2,NA,2,NA,1,NA,1,NA,1,No,3,3,4,4,4,4,4,3,NA,6,1,1,0,0,0,0,0,0,0,NA,6,NA,10,NA,8,NA,4,4,3,4,4,4,3,1,5,0,0,0,0,1,0,0,NA,4,NA,4,2,2,0,1,0,0,0,0,0,NA,1,2,1,2,0,1,0,0,NA,1,No,3,3,2,2,3,3,3,2,3,1,1,1,3,3,3,3,2,1,3,3,3,3,1,3,1,1,1,1,1,1,2,1,1,2,3,2,female,2,2,1 4,1,0,0,1,0,0,NA,3,3,3,3,3,3,3,3,3,3,3,2,1,2,3,3,1,1,1,3,2,1,3,1,3,2,4,3,2,1,1 4,1,0,0,1,0,0,0,0,0,NA,40,NA,16243,NA,uuid:4fd52d5d-d9ec-4165-8ffb-c76a115570bc,2512030638,uuid:4fd52d5d-d9ec-4165-8ffb-c76a115570bc
97744,S0409040312,OROMIA,Iluu Abbaa Booraa,bachoo,fugoo saardoo sad.1ffaa,Rural,"12/17/2025, 7:36:00 PM","12/16/2025, 9:18:13 AM","12/17/2025, 12:23:33 PM",12/16/2025,5709a80a20846068,1,HT35301,NA,male,principal,0,0,0,1,1,0,2003,2006,2016,2,2,5,NA,0,NA,NA,NA,NA,NA,NA,NA,5,1 2 3,1,1,1,0,0,0,NA,1 5,1,0,0,0,1,0,0,0,0,0,NA,0,0,0,0,0,0,0,0,0,NA,5,5,5,4,4,4,4,5,1,NA,2,NA,5,NA,1,2,1 2,1,1,0,0,0,0,0,0,0,NA,3,NA,2 6,0,1,0,0,0,1,0,0,0,NA,1,NA,8,NA,2,NA,7 9,0,0,0,0,0,0,1,0,1,0,NA,5,NA,1,1,0,0,0,0,0,0,NA,2,0,1,0,0,0,0,0,NA,6,NA,1,1 2 4 7,1,1,0,1,0,0,1,0,0,0,NA,4,NA,1 4,1,0,0,1,0,0,NA,1,NA,1,NA,1,NA,1,NA,1,No,3,4,4,3,4,4,4,4,NA,6,1 2,1,1,0,0,0,0,0,0,NA,6,NA,8,NA,2,NA,4,4,3,4,4,3,3,1,3 4,0,0,1,1,0,0,0,NA,3,NA,4,2,2,0,1,0,0,0,0,0,NA,1,1,1,2,0,1,0,0,NA,0,NA,3,3,3,1,3,3,3,1,2,1,1,1,3,3,1,2,3,3,3,3,3,3,1,2,3,3,3,3,2,3,2,3,2,3,3,2,male,2,1,1 2,1,1,0,0,0,0,NA,3,2,2,2,3,3,3,1,3,3,3,2,2,3,3,3,1,1,1,3,1,2,3,1,4,1,4,4,4,1,4 5 6,0,0,0,1,1,1,0,0,0,NA,34,NA,16493,No,uuid:f883573d-5f34-4f2a-9622-d17218c034fc,2512142209,uuid:f883573d-5f34-4f2a-9622-d17218c034fc
97879,S0409060232,OROMIA,Iluu Abbaa Booraa,buree,daggooyyee,Urban,"12/21/2025, 2:14:55 PM","12/13/2025, 9:20:38 AM","12/20/2025, 9:35:14 PM",12/13/2025,cac9e9e73b79672b,1,HT13501,NA,male,principal,0,1,1,2,1,1,2002,2006,2017,4,1,5,NA,0,NA,NA,NA,NA,NA,NA,NA,2,1 2 3,1,1,1,0,0,0,NA,1 3 4,1,0,1,1,0,0,0,0,0,0,NA,0,0,0,0,0,0,0,0,0,NA,4,5,4,4,4,5,3,4,1,NA,2,NA,5,NA,1,1,1 2,1,1,0,0,0,0,0,0,0,NA,2,NA,2 4,0,1,0,1,0,0,0,0,0,NA,1,NA,3,NA,2,NA,9,0,0,0,0,0,0,0,0,1,0,NA,5,NA,1,1,0,0,0,0,0,0,NA,2 6,0,1,0,0,0,1,0,NA,6,NA,1,1,1,0,0,0,0,0,0,0,0,0,NA,3,NA,NA,NA,NA,NA,NA,NA,NA,NA,1,NA,1,NA,1,NA,1,NA,1,No,3,4,4,4,4,4,4,2,NA,6,1 3,1,0,1,0,0,0,0,0,NA,8,NA,2,NA,6,NA,4,4,2,4,3,4,3,1,6,0,0,0,0,0,1,0,NA,3,NA,4,1,NA,NA,NA,NA,NA,NA,NA,NA,NA,1,1,1,1,1,0,0,0,NA,0,NA,3,3,3,1,3,3,3,3,3,1,1,1,3,3,1,3,3,3,3,3,3,3,3,3,3,1,1,1,1,1,1,1,1,2,1,2,male,3,1,1 3,1,0,1,0,0,0,NA,3,3,3,3,3,3,3,3,3,3,3,3,1,2,3,3,1,1,1,3,1,1,3,1,3,1,4,2,3,1,2 3 6,0,1,1,0,0,1,0,0,0,NA,35,NA,13950,NA,uuid:b41acd25-41bb-4f8c-96b4-a13006630bf9,2512031638,uuid:b41acd25-41bb-4f8c-96b4-a13006630bf9
97879,S0409060232,OROMIA,Iluu Abbaa Booraa,buree,daggooyyee,Urban,"12/21/2025, 2:14:55 PM","12/13/2025, 10:23:40 AM","12/20/2025, 9:47:01 PM",12/13/2025,cac9e9e73b79672b,1,HT13502,NA,female,vice_principal,1,0,1,2,1,1,2009,2017,2017,1,1,5,NA,0,NA,NA,NA,NA,NA,NA,NA,2,1 2 3,1,1,1,0,0,0,NA,1,1,0,0,0,0,0,0,0,0,0,NA,0,0,0,0,0,0,0,0,0,NA,3,4,4,4,4,4,4,4,1,NA,3,NA,2,NA,1,1,1,1,0,0,0,0,0,0,0,0,NA,2,NA,2 4,0,1,0,1,0,0,0,0,0,NA,1,NA,4,NA,5,NA,1 9,1,0,0,0,0,0,0,0,1,0,NA,5,NA,1,1,0,0,0,0,0,0,NA,2,0,1,0,0,0,0,0,NA,6,NA,1,4 5,0,0,0,1,1,0,0,0,0,0,NA,4,NA,1,1,0,0,0,0,0,NA,1,NA,1,NA,1,NA,1,NA,1,No,3,3,3,4,4,4,4,3,NA,6,2,0,1,0,0,0,0,0,0,NA,2,NA,8,NA,6,NA,4,4,2,4,4,4,3,1,4 6,0,0,0,1,0,1,0,NA,3,NA,4,3,2,0,1,0,0,0,0,0,NA,1,1,1,1,1,0,0,0,NA,0,NA,3,2,3,1,3,2,3,1,1,1,2,1,2,3,3,3,3,3,3,3,3,3,3,3,3,3,3,3,2,3,3,3,3,3,3,3,male,3,2,1 2,1,1,0,0,0,0,NA,3,3,2,3,3,3,3,3,3,3,3,1,1,3,3,2,1,1,1,3,2,1,3,4,4,1,3,4,4,1,2 3 5,0,1,1,0,1,0,0,0,0,NA,29,NA,15158,NA,uuid:96a55781-86d7-46ef-8b0b-4eac63a92ad1,2512031638,uuid:96a55781-86d7-46ef-8b0b-4eac63a92ad1
98097,S0409080072,OROMIA,Iluu Abbaa Booraa,diduu,baabbuu boondisaa,Rural,"12/15/2025, 9:39:02 PM","12/15/2025, 12:56:26 PM","12/15/2025, 9:39:40 PM",12/15/2025,5709a80a20846068,1,HT35401,NA,male,principal,0,0,0,1,1,0,2007,2017,2017,1,3,5,NA,0,NA,NA,NA,NA,NA,NA,NA,2,1 2 3,1,1,1,0,0,0,NA,1 5,1,0,0,0,1,0,0,0,0,0,NA,0,0,0,0,0,0,0,0,0,NA,5,5,5,4,3,3,3,5,1,NA,2,NA,7,NA,1,1,1 5,1,0,0,0,1,0,0,0,0,NA,3,NA,2 5,0,1,0,0,1,0,0,0,0,NA,1,NA,2,NA,6,NA,7 9,0,0,0,0,0,0,1,0,1,0,NA,5,NA,1,1,0,0,0,0,0,0,NA,2 6,0,1,0,0,0,1,0,NA,6,NA,1,4 5,0,0,0,1,1,0,0,0,0,0,NA,4,NA,1 4,1,0,0,1,0,0,NA,3,NA,1,NA,1,NA,1,NA,1,No,3,3,4,3,4,3,4,3,NA,6,1,1,0,0,0,0,0,0,0,NA,2,NA,6,NA,5,NA,4,4,3,4,3,4,2,3,3 6,0,0,1,0,0,1,0,NA,1,NA,4,1,NA,NA,NA,NA,NA,NA,NA,NA,NA,1,1,1,1 3,1,0,1,0,NA,0,NA,3,3,3,1,3,3,3,2,3,1,1,1,2,3,3,3,4,1,3,2,3,2,1,3,2,3,3,3,3,3,3,3,2,3,3,3,male,2,1,1 3 4,1,0,1,1,0,0,NA,3,3,3,3,3,3,3,3,3,3,3,2,2,2,3,3,1,1,1,3,1,1,3,1,1,1,4,2,3,1,1 6 7,1,0,0,0,0,1,1,0,0,NA,36,NA,16599,NA,uuid:8240feea-51dc-46ca-ab89-57d2d269343c,2512142209,uuid:8240feea-51dc-46ca-ab89-57d2d269343c
98105,S0409080152,OROMIA,Iluu Abbaa Booraa,diduu,gordommoo,Rural,"12/19/2025, 2:45:46 PM","12/12/2025, 11:14:06 AM","12/19/2025, 2:23:36 PM",12/12/2025,cac9e9e73b79672b,1,HT15301,NA,female,principal,1,0,1,2,1,1,1999,2015,2015,1,3,5,NA,0,NA,NA,NA,NA,NA,NA,NA,4,1 2 3,1,1,1,0,0,0,NA,1,1,0,0,0,0,0,0,0,0,0,NA,0,0,0,0,0,0,0,0,0,NA,4,3,3,4,4,4,4,5,1,NA,4,NA,2,NA,1,2,1 4 6,1,0,0,1,0,1,0,0,0,NA,2,NA,2 4,0,1,0,1,0,0,0,0,0,NA,1,NA,4,NA,3,NA,2,0,1,0,0,0,0,0,0,0,0,NA,5,NA,1,1,0,0,0,0,0,0,NA,2,0,1,0,0,0,0,0,NA,4,NA,1,2 5,0,1,0,0,1,0,0,0,0,0,NA,3,NA,NA,NA,NA,NA,NA,NA,NA,NA,2,NA,2,NA,1,NA,1,NA,1,No,4,4,5,4,4,4,4,2,NA,1,1 3,1,0,1,0,0,0,0,0,NA,9,NA,5,NA,8,NA,4,5,3,4,4,4,4,1,3 5,0,0,1,0,1,0,0,NA,3,NA,4,2,2,0,1,0,0,0,0,0,NA,1,1,1,2,0,1,0,0,NA,0,NA,3,3,3,2,3,3,3,3,3,1,1,1,3,3,1,3,3,3,3,2,1,3,1,2,3,3,3,3,3,3,3,3,3,3,3,2,male,3,2,1 2 3,1,1,1,0,0,0,NA,3,3,3,3,3,3,3,3,3,3,3,2,1,2,3,2,3,3,3,4,4,4,3,4,3,1,4,4,4,1,4 7 8,0,0,0,1,0,0,1,1,0,NA,35,NA,16434,NA,uuid:95e3916b-e62a-49d6-bfaa-87baee9024c2,2512031638,uuid:95e3916b-e62a-49d6-bfaa-87baee9024c2
98472,S0409140282,OROMIA,Iluu Abbaa Booraa,yaayyoo,wixatee,Rural,"12/13/2025, 5:24:41 PM","12/10/2025, 10:02:17 AM","12/13/2025, 2:51:55 PM",12/10/2025,5709a80a20846068,1,HT23701,NA,female,principal,0,0,0,1,0,1,2009,2015,2015,1,3,5,NA,0,NA,NA,NA,NA,NA,NA,NA,2,3 4,0,0,1,1,0,0,NA,1,1,0,0,0,0,0,0,0,0,0,NA,0,0,0,0,0,0,0,0,0,NA,3,4,4,3,3,4,4,5,1,NA,2,NA,4,NA,1,1,1,1,0,0,0,0,0,0,0,0,NA,3,NA,2 5,0,1,0,0,1,0,0,0,0,NA,1,NA,2,NA,5,NA,9,0,0,0,0,0,0,0,0,1,0,NA,5,NA,1,1,0,0,0,0,0,0,NA,2,0,1,0,0,0,0,0,NA,6,NA,1,1 2,1,1,0,0,0,0,0,0,0,0,NA,1,NA,NA,NA,NA,NA,NA,NA,NA,NA,1,NA,3,NA,1,NA,1,NA,1,No,4,3,4,4,4,3,5,2,NA,6,3,0,0,1,0,0,0,0,0,NA,2,NA,5,NA,6,NA,3,3,4,3,4,3,4,1,5,0,0,0,0,1,0,0,NA,4,NA,3,1,NA,NA,NA,NA,NA,NA,NA,NA,NA,0,NA,1,2,0,1,0,0,NA,0,NA,3,3,3,3,3,3,2,3,3,1,1,1,1,3,1,3,3,1,3,1,3,3,3,3,3,1,2,1,2,1,1,1,2,3,1,2,male,3,1,1 4,1,0,0,1,0,0,NA,3,3,3,3,3,3,3,3,3,3,3,1,1,1,1,4,1,1,1,4,1,1,3,1,1,1,5,1,5,1,3 4 5,0,0,1,1,1,0,0,0,0,NA,38,NA,16500,No,uuid:32c9ee60-af28-4319-8564-699c99378006,2512030638,uuid:32c9ee60-af28-4319-8564-699c99378006
98505,S0410010162,OROMIA,B/M/Aggaaroo,b/m/aggaaroo,aggaroo lakk 2 sad.1 ffaa,Urban,"12/17/2025, 8:10:36 PM","12/17/2025, 9:01:05 AM","12/17/2025, 9:17:32 AM",12/17/2025,48ec0b9287834309,1,HT40901,NA,female,principal,0,1,1,1,1,0,1989,2003,2012,2,1,5,NA,0,NA,NA,NA,NA,NA,NA,NA,5,2 3,0,1,1,0,0,0,NA,3 5,0,0,1,0,1,0,0,0,0,0,NA,0,0,0,0,0,0,0,0,0,NA,5,5,4,5,5,5,4,4,2,NA,7,NA,1,NA,1,2,1 5 8,1,0,0,0,1,0,0,1,0,NA,3,NA,3 5,0,0,1,0,1,0,0,0,0,NA,5,NA,3,NA,7,NA,2 5,0,1,0,0,1,0,0,0,0,0,NA,1,NA,1,1,0,0,0,0,0,0,NA,5 6 97,0,0,0,0,1,1,1,They are going to libraries,2,NA,1,3 5,0,0,1,0,1,0,0,0,0,0,NA,2,NA,NA,NA,NA,NA,NA,NA,NA,NA,1,NA,3,NA,2,NA,3,NA,1,Nothing,4,3,4,4,4,4,4,3,NA,2,3 4,0,0,1,1,0,0,0,0,NA,4,NA,2,NA,6,NA,5,5,4,4,5,4,4,2,1 2,1,1,0,0,0,0,0,NA,3,NA,3,2,2 3,0,1,1,0,0,0,0,NA,1,1,0,NA,NA,NA,NA,NA,NA,0,NA,3,3,4,4,3,4,3,4,3,1,2,1,4,4,3,4,3,4,3,3,4,3,3,4,4,2,1,2,2,2,1,2,2,1,1,2,male,3,3,2 3,0,1,1,0,0,0,NA,3,2,3,3,2,3,1,1,3,2,2,2,3,4,2,3,3,4,3,4,3,3,3,1,1,3,4,1,1,1,2 3,0,1,1,0,0,0,0,0,0,NA,47,NA,17500,Nothing,uuid:06a69678-8420-4c84-b32c-0017cb7db90e,2512142209,uuid:06a69678-8420-4c84-b32c-0017cb7db90e
98505,S0410010162,OROMIA,B/M/Aggaaroo,b/m/aggaaroo,aggaroo lakk 2 sad.1 ffaa,Urban,"12/17/2025, 8:10:36 PM","12/17/2025, 1:37:57 PM","12/17/2025, 8:10:27 PM",12/17/2025,48ec0b9287834309,1,HT40902,NA,male,vice_principal,0,1,1,1,1,0,2002,2004,2017,3,1,5,NA,1,2017,management in_service,1,1,0,0,NA,3,2 3,0,1,1,0,0,0,NA,2 4,0,1,0,1,0,0,0,0,0,0,NA,1,1,1,1,1,1,1,1,0,NA,5,4,5,4,5,4,4,3,1,NA,4,NA,6,NA,2,NA,NA,NA,NA,NA,NA,NA,NA,NA,NA,NA,NA,NA,NA,4 5,0,0,0,1,1,0,0,0,0,NA,1,NA,3,NA,6,NA,1 3,1,0,1,0,0,0,0,0,0,0,NA,1,NA,1,1,0,0,0,0,0,0,NA,5 6,0,0,0,0,1,1,0,NA,2,NA,1,2 4 5,0,1,0,1,1,0,0,0,0,0,NA,4,NA,1 2,1,1,0,0,0,0,NA,2,NA,1,NA,3,NA,2,NA,2,Nothing,4,4,3,4,4,4,4,3,NA,3,2 4,0,1,0,1,0,0,0,0,NA,5,NA,4,NA,1,NA,5,5,4,4,5,5,5,1,1 3,1,0,1,0,0,0,0,NA,2,NA,3,1,NA,NA,NA,NA,NA,NA,NA,NA,NA,0,NA,0,NA,NA,NA,NA,NA,NA,0,NA,4,3,4,3,4,3,3,4,3,1,1,1,4,4,1,4,3,3,3,4,3,3,4,4,3,2,2,1,1,2,2,1,1,2,2,2,male,3,3,2 3,0,1,1,0,0,0,NA,3,2,2,3,2,3,2,3,3,2,2,3,2,3,3,2,3,4,4,3,4,4,3,4,3,4,3,4,4,1,2 3 5,0,1,1,0,1,0,0,0,0,NA,38,NA,15026,Nothing,uuid:50afc210-39fe-4c39-9fcc-c3ee659dbc0d,2512142209,uuid:50afc210-39fe-4c39-9fcc-c3ee659dbc0d
98841,S0410040272,OROMIA,Jimma,deedoo,soollaa,Rural,"12/5/2025, 6:56:13 PM","12/5/2025, 10:17:36 AM","12/5/2025, 6:21:18 PM",12/5/2025,48ec0b9287834309,1,HT15201,NA,female,principal,0,1,1,1,1,0,2006,2015,2015,1,2,4,NA,1,2017,management in_service,1,1,0,0,NA,3,2 3,0,1,1,0,0,0,NA,4 5 6,0,0,0,1,1,1,0,0,0,0,NA,0,0,0,0,0,0,0,0,0,NA,5,5,5,5,5,5,5,4,2,NA,7,NA,1,NA,1,1,2 3 4,0,1,1,1,0,0,0,0,0,NA,3,NA,2 5,0,1,0,0,1,0,0,0,0,NA,4,NA,1,NA,2,NA,4 6,0,0,0,1,0,1,0,0,0,0,NA,1,NA,2 3,0,1,1,0,0,0,0,NA,6,0,0,0,0,0,1,0,NA,3,NA,0,NA,NA,NA,NA,NA,NA,NA,NA,NA,NA,NA,NA,3,NA,NA,NA,NA,NA,NA,NA,NA,NA,2,NA,3,NA,2,NA,2,NA,3,Nothing,3,4,4,4,3,4,4,2,NA,3,2 3 4,0,1,1,1,0,0,0,0,NA,2,NA,4,NA,1,NA,5,4,5,5,4,5,4,1,1 3,1,0,1,0,0,0,0,NA,2,NA,1,1,NA,NA,NA,NA,NA,NA,NA,NA,NA,1,6,0,NA,NA,NA,NA,NA,NA,0,NA,4,3,4,3,4,3,4,3,4,3,1,1,3,4,1,4,4,3,4,3,4,3,4,4,3,3,3,2,3,3,2,2,2,1,3,2,male,2,1,2 4,0,1,0,1,0,0,NA,3,3,3,3,3,3,3,3,3,3,3,3,4,3,4,3,3,4,3,4,3,3,3,4,4,5,4,4,5,1,2 8,0,1,0,0,0,0,0,1,0,NA,29,NA,12000,Nothing,uuid:b11ab6a7-387b-442e-9b80-4ab2377175f7,2512031638,uuid:b11ab6a7-387b-442e-9b80-4ab2377175f7
98841,S0410040272,OROMIA,Jimma,deedoo,soollaa,Rural,"12/5/2025, 6:56:13 PM","12/5/2025, 10:45:08 AM","12/5/2025, 6:41:16 PM",12/5/2025,48ec0b9287834309,1,TH15202,NA,male,vice_principal,0,1,1,1,1,0,2006,2015,2015,1,6,4,NA,0,NA,NA,NA,NA,NA,NA,NA,5,4,0,0,0,1,0,0,NA,4 6 8,0,0,0,1,0,1,0,1,0,0,NA,0,0,1,1,0,1,0,0,0,NA,3,1,2,2,4,2,4,4,2,NA,1,NA,5,NA,1,1,2 3 7,0,1,1,0,0,0,1,0,0,NA,3,NA,4 6,0,0,0,1,0,1,0,0,0,NA,1,NA,5,NA,6,NA,1 2,1,1,0,0,0,0,0,0,0,0,NA,1,NA,1 5,1,0,0,0,1,0,0,NA,6,0,0,0,0,0,1,0,NA,1,NA,1,1 3 5,1,0,1,0,1,0,0,0,0,0,NA,2,NA,NA,NA,NA,NA,NA,NA,NA,NA,2,NA,2,NA,1,NA,3,NA,2,Nothing,4,5,5,4,5,4,5,2,NA,3,2 3,0,1,1,0,0,0,0,0,NA,1,NA,2,NA,6,NA,4,5,5,5,5,5,4,1,4,0,0,0,1,0,0,0,NA,3,NA,4,1,NA,NA,NA,NA,NA,NA,NA,NA,NA,0,NA,0,NA,NA,NA,NA,NA,NA,0,NA,4,3,4,3,4,2,3,4,3,4,1,1,1,4,1,3,3,1,3,1,2,3,2,3,4,2,2,3,1,2,2,2,1,1,3,1,male,3,1,2 4,0,1,0,1,0,0,NA,3,2,3,2,3,3,3,2,1,2,3,3,4,4,3,4,3,4,4,3,3,4,3,3,1,3,4,4,4,1,1 3 5,1,0,1,0,1,0,0,0,0,NA,30,NA,11197,This school needs support that related to school siting materials is not available almost,uuid:a2e9f627-3662-4b49-92e6-0c904069a5c3,2512031638,uuid:a2e9f627-3662-4b49-92e6-0c904069a5c3
98827,S0410040652,OROMIA,Jimma,deedoo,offolee daawee,Rural,"12/4/2025, 5:22:05 PM","12/4/2025, 11:51:41 AM","12/4/2025, 5:13:26 PM",12/4/2025,48ec0b9287834309,1,HT15102,NA,male,principal,2,0,2,1,1,0,2011,2012,2017,3,6,5,NA,0,NA,NA,NA,NA,NA,NA,NA,5,4,0,0,0,1,0,0,NA,2 4 5,0,1,0,1,1,0,0,0,0,0,NA,1,1,1,1,1,0,1,0,0,NA,4,4,4,5,4,4,5,4,2,NA,7,NA,1,NA,1,1,1 3 8,1,0,1,0,0,0,0,1,0,NA,2,NA,2 4,0,1,0,1,0,0,0,0,0,NA,1,NA,7,NA,4,NA,1 2,1,1,0,0,0,0,0,0,0,0,NA,1,NA,1 2,1,1,0,0,0,0,0,NA,5 6,0,0,0,0,1,1,0,NA,6,NA,1,1 2 3,1,1,1,0,0,0,0,0,0,0,NA,2,NA,NA,NA,NA,NA,NA,NA,NA,NA,2,NA,3,NA,1,NA,2,NA,3,Nothing,3,4,3,4,4,4,4,4,NA,3,2 3 4,0,1,1,1,0,0,0,0,NA,5,NA,2,NA,3,NA,5,5,5,4,5,5,4,3,1 3,1,0,1,0,0,0,0,NA,3,NA,2,2,2 3 4,0,1,1,1,0,0,0,NA,1,1,0,NA,NA,NA,NA,NA,NA,0,NA,4,3,2,3,4,4,3,4,3,2,4,2,4,3,4,4,3,4,4,3,4,4,2,4,3,3,2,2,3,2,3,2,3,3,2,1,male,3,2,2 3,0,1,1,0,0,0,NA,3,3,3,3,3,3,3,3,2,2,3,4,3,4,2,4,3,4,3,2,3,4,3,4,5,3,5,3,5,2,1 2 3,1,1,1,0,0,0,0,0,0,NA,29,NA,11160,Nothing,uuid:93596303-410d-417e-9f9c-b8636eab4a87,2512031638,uuid:93596303-410d-417e-9f9c-b8636eab4a87
99133,S0410070262,OROMIA,Jimma,gumaay,burqaa guddinaa,Urban,"12/18/2025, 9:46:23 PM","12/18/2025, 10:36:43 AM","12/18/2025, 10:49:54 AM",12/18/2025,48ec0b9287834309,1,HT17401,NA,male,principal,1,0,1,1,1,0,2007,2010,2017,4,1,2,NA,1,2016,management in_service,1,1,0,0,NA,4,2 3,0,1,1,0,0,0,NA,2 4 5,0,1,0,1,1,0,0,0,0,0,NA,1,0,1,0,1,0,0,0,0,NA,4,5,4,4,5,4,5,4,1,NA,7,NA,6,NA,1,1,1 4,1,0,0,1,0,0,0,0,0,NA,2,NA,3 4,0,0,1,1,0,0,0,0,0,NA,2,NA,5,NA,1,NA,1 4,1,0,0,1,0,0,0,0,0,0,NA,1,NA,1,1,0,0,0,0,0,0,NA,5 6,0,0,0,0,1,1,0,NA,1,NA,0,NA,NA,NA,NA,NA,NA,NA,NA,NA,NA,NA,NA,2,NA,NA,NA,NA,NA,NA,NA,NA,NA,1,NA,2,NA,3,NA,3,NA,2,Nothing,4,4,4,4,3,4,4,3,NA,6,2 4,0,1,0,1,0,0,0,0,NA,4,NA,2,NA,5,NA,5,4,5,5,4,5,5,1,1 3,1,0,1,0,0,0,0,NA,1,NA,2,1,NA,NA,NA,NA,NA,NA,NA,NA,NA,0,NA,0,NA,NA,NA,NA,NA,NA,0,NA,3,4,4,4,3,3,3,4,3,1,1,2,3,4,1,3,4,3,4,3,4,4,4,3,4,2,1,2,1,1,1,1,1,1,2,2,male,3,2,2 3,0,1,1,0,0,0,NA,3,2,3,3,3,3,2,2,2,3,3,3,4,3,4,4,3,4,3,4,4,3,3,3,1,1,4,4,4,1,1 3,1,0,1,0,0,0,0,0,0,NA,28,NA,12024,"Lack of resources, lack of students on English department",uuid:a8a662e8-2381-4594-9f9b-1c081be7afb2,2512142209,uuid:a8a662e8-2381-4594-9f9b-1c081be7afb2
99214,S0410080392,OROMIA,Jimma,limmuu kossaa,caakkawoo manjii,Rural,"12/15/2025, 6:53:27 PM","12/15/2025, 9:36:57 AM","12/15/2025, 6:41:28 PM",12/15/2025,48ec0b9287834309,1,HT19501,NA,female,principal,0,1,1,1,0,1,2006,2012,2016,3,3,5,NA,0,NA,NA,NA,NA,NA,NA,NA,2,4,0,0,0,1,0,0,NA,1 5 8,1,0,0,0,1,0,0,1,0,0,NA,0,0,0,0,0,0,0,0,0,NA,5,5,5,5,5,5,5,4,2,NA,1,NA,7,NA,1,1,3 5 7,0,0,1,0,1,0,1,0,0,NA,2,NA,4 5,0,0,0,1,1,0,0,0,0,NA,6,NA,2,NA,1,NA,5,0,0,0,0,1,0,0,0,0,0,NA,2,NA,1 5,1,0,0,0,1,0,0,NA,5 6,0,0,0,0,1,1,0,NA,2,NA,1,2 3 5,0,1,1,0,1,0,0,0,0,0,NA,3,NA,NA,NA,NA,NA,NA,NA,NA,NA,1,NA,2,NA,3,NA,1,NA,2,Nothing,4,3,4,4,4,4,4,4,NA,6,2 4,0,1,0,1,0,0,0,0,NA,8,NA,3,NA,10,NA,5,5,3,5,5,4,5,1,1,1,0,0,0,0,0,0,NA,4,NA,1,1,NA,NA,NA,NA,NA,NA,NA,NA,NA,0,NA,0,NA,NA,NA,NA,NA,NA,0,NA,3,3,4,4,3,3,4,3,4,1,1,1,1,4,1,4,4,4,4,4,4,3,4,4,4,2,2,3,2,3,2,2,2,3,3,2,male,2,2,2 3,0,1,1,0,0,0,NA,2,3,3,2,2,2,2,3,3,3,3,3,4,4,3,4,1,2,2,3,2,2,3,1,1,4,1,1,1,1,1 4 5,1,0,0,1,1,0,0,0,0,NA,26,NA,16225,Nothing,uuid:2e1e4e8e-bc3b-47b6-a465-16e1d5ffcd31,2512142209,uuid:2e1e4e8e-bc3b-47b6-a465-16e1d5ffcd31
99214,S0410080392,OROMIA,Jimma,limmuu kossaa,caakkawoo manjii,Rural,"12/15/2025, 6:53:28 PM","12/15/2025, 9:55:06 AM","12/15/2025, 6:43:34 PM",12/15/2025,48ec0b9287834309,1,HT19502,NA,female,vice_principal,0,1,1,1,0,1,2008,2016,2017,2,6,4,NA,0,NA,NA,NA,NA,NA,NA,NA,5,4,0,0,0,1,0,0,NA,6,0,0,0,0,0,1,0,0,0,0,NA,0,0,0,0,0,0,0,0,0,NA,5,5,4,4,5,4,5,4,2,NA,4,NA,6,NA,2,NA,NA,NA,NA,NA,NA,NA,NA,NA,NA,NA,NA,NA,NA,1 4,1,0,0,1,0,0,0,0,0,NA,1,NA,7,NA,4,NA,1 5,1,0,0,0,1,0,0,0,0,0,NA,1,NA,1,1,0,0,0,0,0,0,NA,5 6 97,0,0,0,0,1,1,1,Selecting clever students from class to teach them,1,NA,1,3 4,0,0,1,1,0,0,0,0,0,0,NA,1,NA,NA,NA,NA,NA,NA,NA,NA,NA,2,NA,1,NA,3,NA,2,NA,1,Nothing,4,4,3,4,4,5,5,3,NA,2,2,0,1,0,0,0,0,0,0,NA,3,NA,6,NA,4,NA,5,5,4,5,4,5,4,1,2 4,0,1,0,1,0,0,0,NA,1,NA,3,1,NA,NA,NA,NA,NA,NA,NA,NA,NA,0,NA,0,NA,NA,NA,NA,NA,NA,0,NA,3,2,3,3,3,3,3,4,3,1,1,1,4,3,4,3,4,3,2,2,3,4,1,3,4,2,3,3,1,1,3,2,2,1,3,2,male,3,3,2 3 4,0,1,1,1,0,0,NA,3,2,3,3,3,2,1,2,3,2,1,3,2,3,3,3,3,4,4,3,4,3,3,2,1,1,4,4,4,1,1 3,1,0,1,0,0,0,0,0,0,NA,27,NA,11196,In this school our  challenges are the family of this school students are not cooperative and as our staff we can't decrease the absence of students,uuid:cdf402e7-26e3-4356-8650-7cb661469d6b,2512142209,uuid:cdf402e7-26e3-4356-8650-7cb661469d6b
99279,S0410080762,OROMIA,Jimma,limmuu kossaa,wasaggar tulamaa,Rural,"12/16/2025, 5:48:13 PM","12/15/2025, 1:37:23 PM","12/16/2025, 5:16:55 PM",12/15/2025,48ec0b9287834309,1,HT19601,NA,female,principal,0,1,1,1,0,1,2014,2017,2017,1,3,5,NA,1,2017,management in_service,1,1,0,0,NA,3,4,0,0,0,1,0,0,NA,2 3 5 6,0,1,1,0,1,1,0,0,0,0,NA,1,1,0,0,1,0,0,0,0,NA,5,4,4,5,5,5,5,3,1,NA,2,NA,7,NA,1,1,2 5 8,0,1,0,0,1,0,0,1,0,NA,2,NA,1 4,1,0,0,1,0,0,0,0,0,NA,2,NA,6,NA,1,NA,1 2,1,1,0,0,0,0,0,0,0,0,NA,1,NA,1,1,0,0,0,0,0,0,NA,5 6,0,0,0,0,1,1,0,NA,4,NA,0,NA,NA,NA,NA,NA,NA,NA,NA,NA,NA,NA,NA,3,NA,NA,NA,NA,NA,NA,NA,NA,NA,1,NA,2,NA,3,NA,3,NA,2,Nothing,4,4,4,4,3,4,4,4,NA,3,2,0,1,0,0,0,0,0,0,NA,3,NA,5,NA,8,NA,5,5,4,4,4,5,5,1,1,1,0,0,0,0,0,0,NA,2,NA,3,1,NA,NA,NA,NA,NA,NA,NA,NA,NA,1,3,1,1 2 3,1,1,1,0,NA,0,NA,4,3,4,3,4,4,3,4,4,1,1,1,4,4,1,3,3,4,3,4,4,4,4,4,3,3,3,2,1,1,3,2,3,2,3,2,male,4,3,1 2 4,1,1,0,1,0,0,NA,1,2,1,2,3,3,2,3,2,1,1,2,2,2,4,4,4,3,4,3,4,4,3,2,1,1,4,3,4,1,1 3,1,0,1,0,0,0,0,0,0,NA,27,NA,16225,Nothing,uuid:70a50bb6-4828-46ef-bd1c-37ccecf1313f,2512142209,uuid:70a50bb6-4828-46ef-bd1c-37ccecf1313f
99279,S0410080762,OROMIA,Jimma,limmuu kossaa,wasaggar tulamaa,Rural,"12/16/2025, 5:48:13 PM","12/16/2025, 5:23:36 PM","12/16/2025, 5:32:17 PM",12/16/2025,48ec0b9287834309,1,HT19602,NA,male,vice_principal,0,1,1,1,1,0,2010,2015,2015,1,6,5,NA,0,NA,NA,NA,NA,NA,NA,NA,5,4,0,0,0,1,0,0,NA,3 4 6,0,0,1,1,0,1,0,0,0,0,NA,1,1,1,1,0,0,1,0,0,NA,5,4,4,3,5,4,5,4,2,NA,5,NA,7,NA,2,NA,NA,NA,NA,NA,NA,NA,NA,NA,NA,NA,NA,NA,NA,4 6,0,0,0,1,0,1,0,0,0,NA,6,NA,2,NA,7,NA,1 4,1,0,0,1,0,0,0,0,0,0,NA,1,NA,1,1,0,0,0,0,0,0,NA,2 3,0,1,1,0,0,0,0,NA,2,NA,0,NA,NA,NA,NA,NA,NA,NA,NA,NA,NA,NA,NA,2,NA,NA,NA,NA,NA,NA,NA,NA,NA,2,NA,3,NA,1,NA,2,NA,1,Nothing,4,4,2,3,4,4,5,3,NA,2,2 4,0,1,0,1,0,0,0,0,NA,2,NA,5,NA,7,NA,5,5,4,5,5,4,5,1,2 4,0,1,0,1,0,0,0,NA,1,NA,3,1,NA,NA,NA,NA,NA,NA,NA,NA,NA,0,NA,0,NA,NA,NA,NA,NA,NA,0,NA,4,3,4,3,4,4,3,4,3,1,1,1,4,3,4,3,4,3,4,4,3,3,4,3,3,1,2,3,1,2,2,3,3,3,2,2,male,3,2,2 3 4,0,1,1,1,0,0,NA,3,3,2,1,2,3,3,3,2,2,3,4,3,4,2,4,2,3,2,4,3,4,3,1,1,1,4,1,1,1,2 3 5,0,1,1,0,1,0,0,0,0,NA,30,NA,16000,Nothing,uuid:74654fa3-f91b-4169-8c8f-da914de3cbc0,2512142209,uuid:74654fa3-f91b-4169-8c8f-da914de3cbc0
100018,S0410140082,OROMIA,Jimma,oomoo naaddaa,dooraa,Rural,"12/26/2025, 3:11:22 PM","12/25/2025, 10:43:09 AM","12/25/2025, 4:03:23 PM",12/25/2025,5709a80a20846068,1,HT35501,NA,male,principal,1,1,2,3,2,1,2009,2014,2017,2,5,4,NA,0,NA,NA,NA,NA,NA,NA,NA,3,4,0,0,0,1,0,0,NA,1 4 5,1,0,0,1,1,0,0,0,0,0,NA,0,0,0,0,0,0,0,0,0,NA,5,4,5,4,4,4,3,5,1,NA,2,NA,7,NA,1,2,1 3,1,0,1,0,0,0,0,0,0,NA,3,NA,2 5,0,1,0,0,1,0,0,0,0,NA,1,NA,2,NA,3,NA,7 9,0,0,0,0,0,0,1,0,1,0,NA,5,NA,1,1,0,0,0,0,0,0,NA,2,0,1,0,0,0,0,0,NA,6,NA,1,2 4 5,0,1,0,1,1,0,0,0,0,0,NA,3,NA,NA,NA,NA,NA,NA,NA,NA,NA,1,NA,1,NA,1,NA,1,NA,1,No,4,3,3,4,4,4,4,4,NA,6,1 2,1,1,0,0,0,0,0,0,NA,6,NA,5,NA,2,NA,4,4,2,4,4,4,3,1,3 4,0,0,1,1,0,0,0,NA,1,NA,4,3,2,0,1,0,0,0,0,0,NA,0,NA,0,NA,NA,NA,NA,NA,NA,0,NA,3,2,3,1,3,3,3,3,2,1,1,1,3,2,2,3,3,2,2,3,3,3,1,2,3,2,3,3,2,3,3,3,3,3,3,3,male,3,1,1 2 3,1,1,1,0,0,0,NA,3,3,3,3,3,3,3,3,3,3,3,2,1,1,1,3,2,2,1,3,1,1,3,1,3,2,3,3,3,4,1 2,1,1,0,0,0,0,0,0,0,NA,29,NA,11188,NA,uuid:118959e5-1910-4a03-b4d0-7870fc8dec3b,2512142209,uuid:118959e5-1910-4a03-b4d0-7870fc8dec3b
100018,S0410140082,OROMIA,Jimma,oomoo naaddaa,dooraa,Rural,"12/26/2025, 3:11:23 PM","12/25/2025, 11:17:47 AM","12/25/2025, 4:02:17 PM",12/25/2025,5709a80a20846068,1,HT35502,NA,female,vice_principal,2,0,2,3,2,1,2010,2015,2015,1,4,5,NA,1,2017,management in_service,1,1,0,0,NA,4,4,0,0,0,1,0,0,NA,1 5,1,0,0,0,1,0,0,0,0,0,NA,0,0,0,0,0,0,0,0,0,NA,4,4,5,4,3,4,3,4,1,NA,2,NA,4,NA,1,2,1,1,0,0,0,0,0,0,0,0,NA,3,NA,1 5,1,0,0,0,1,0,0,0,0,NA,1,NA,2,NA,3,NA,7 9,0,0,0,0,0,0,1,0,1,0,NA,5,NA,1,1,0,0,0,0,0,0,NA,2,0,1,0,0,0,0,0,NA,6,NA,0,NA,NA,NA,NA,NA,NA,NA,NA,NA,NA,NA,NA,4,NA,2,0,1,0,0,0,0,NA,1,NA,1,NA,1,NA,1,NA,1,No,3,4,4,4,4,4,4,3,NA,3,1 2,1,1,0,0,0,0,0,0,NA,6,NA,5,NA,2,NA,4,4,3,4,4,4,3,1,3 4,0,0,1,1,0,0,0,NA,1,NA,3,2,2,0,1,0,0,0,0,0,NA,0,NA,0,NA,NA,NA,NA,NA,NA,0,NA,3,3,2,1,3,3,3,3,3,1,1,1,2,3,1,3,3,1,3,2,3,3,1,2,3,3,3,3,3,3,3,3,3,3,3,2,male,3,1,1 2 3,1,1,1,0,0,0,NA,2,3,3,3,1,3,3,3,3,3,3,3,2,2,2,3,2,2,1,2,1,1,3,3,3,2,3,4,3,4,1 2,1,1,0,0,0,0,0,0,0,NA,30,NA,15000,NA,uuid:1553c7fa-1212-47de-a9de-95c5d2fff9c8,2512142209,uuid:1553c7fa-1212-47de-a9de-95c5d2fff9c8
100060,S0410140522,OROMIA,Jimma,oomoo naaddaa,shooshee,Rural,"12/12/2025, 7:55:05 PM","12/11/2025, 1:14:19 PM","12/12/2025, 5:59:09 PM",12/11/2025,48ec0b9287834309,1,HT20801,NA,male,principal,1,0,1,1,0,1,2009,2014,2014,1,6,4,NA,1,2017,management in_service mentoring,1,1,1,0,NA,5,4,0,0,0,1,0,0,NA,2 4 5,0,1,0,1,1,0,0,0,0,0,NA,0,1,1,0,0,1,1,0,0,NA,5,5,4,4,5,4,4,4,97,Teaching the class,2,NA,7,NA,1,2,2 3 8,0,1,1,0,0,0,0,1,0,NA,3,NA,2 5,0,1,0,0,1,0,0,0,0,NA,2,NA,5,NA,4,NA,5,0,0,0,0,1,0,0,0,0,0,NA,5,NA,1 2 5,1,1,0,0,1,0,0,NA,5 6,0,0,0,0,1,1,0,NA,6,NA,0,NA,NA,NA,NA,NA,NA,NA,NA,NA,NA,NA,NA,2,NA,NA,NA,NA,NA,NA,NA,NA,NA,2,NA,3,NA,2,NA,1,NA,2,Nothing,4,2,3,4,4,4,4,4,NA,3,5,0,0,0,0,1,0,0,0,NA,97,There is no enough teachers,5,NA,8,NA,4,5,5,4,4,5,5,1,4 5,0,0,0,1,1,0,0,NA,3,NA,3,3,1 3 4,1,0,1,1,0,0,0,NA,0,NA,1,1 2,1,1,0,0,NA,0,NA,4,3,4,3,4,4,3,4,3,1,1,1,4,3,4,3,3,3,4,3,4,3,1,3,4,3,3,3,1,1,1,3,1,2,2,2,male,3,4,2 3,0,1,1,0,0,0,NA,1,1,1,1,2,1,1,1,1,1,1,3,1,2,2,4,2,3,1,1,3,3,3,1,1,3,1,1,3,1,1 2 4,1,1,0,1,0,0,0,0,0,NA,29,NA,11188,Nothing,uuid:f537a6a5-4510-4b1e-8c4a-1ee2653621da,2512031638,uuid:f537a6a5-4510-4b1e-8c4a-1ee2653621da
100060,S0410140522,OROMIA,Jimma,oomoo naaddaa,shooshee,Rural,"12/12/2025, 7:55:06 PM","12/11/2025, 1:44:32 PM","12/12/2025, 6:02:33 PM",12/11/2025,48ec0b9287834309,1,HT20802,NA,female,vice_principal,1,0,1,1,0,1,2011,2016,2016,1,6,5,NA,0,NA,NA,NA,NA,NA,NA,NA,5,4,0,0,0,1,0,0,NA,2 6,0,1,0,0,0,1,0,0,0,0,NA,1,1,1,1,1,1,1,1,0,NA,4,4,3,4,3,4,3,4,97,Teaching the class,2,NA,6,NA,1,1,1 3 4,1,0,1,1,0,0,0,0,0,NA,2,NA,1 4,1,0,0,1,0,0,0,0,0,NA,1,NA,4,NA,7,NA,1,1,0,0,0,0,0,0,0,0,0,NA,1,NA,1,1,0,0,0,0,0,0,NA,6,0,0,0,0,0,1,0,NA,2,NA,1,1 3 4,1,0,1,1,0,0,0,0,0,0,NA,3,NA,NA,NA,NA,NA,NA,NA,NA,NA,1,NA,3,NA,2,NA,3,NA,2,Nothing,4,4,3,4,4,3,4,4,NA,3,2 4,0,1,0,1,0,0,0,0,NA,97,There is no enough teachers,1,NA,4,NA,5,5,5,4,5,4,5,1,1,1,0,0,0,0,0,0,NA,2,NA,3,1,NA,NA,NA,NA,NA,NA,NA,NA,NA,1,1,0,NA,NA,NA,NA,NA,NA,0,NA,3,4,3,4,3,3,3,4,3,1,1,1,3,4,4,3,4,3,4,3,4,3,3,4,4,1,2,2,2,3,2,3,2,3,2,2,male,3,1,1 3 4,1,0,1,1,0,0,NA,1,3,2,2,3,3,3,3,3,3,3,4,3,4,3,4,3,4,3,4,2,2,3,1,1,4,4,4,4,1,1 2 3,1,1,1,0,0,0,0,0,0,NA,26,NA,13900,Nothing,uuid:64229ff4-e67f-4bbd-a276-31e212cbd2d3,2512031638,uuid:64229ff4-e67f-4bbd-a276-31e212cbd2d3
100347,S0410160212,OROMIA,Jimma,saqqaa coqorsaa,boobaa xuruuroo,Rural,"12/9/2025, 8:16:19 PM","12/8/2025, 2:22:12 PM","12/9/2025, 1:30:44 PM",12/8/2025,48ec0b9287834309,1,HT21601,NA,female,principal,0,1,1,1,0,1,2007,2017,2017,1,6,4,NA,0,NA,NA,NA,NA,NA,NA,NA,5,4,0,0,0,1,0,0,NA,9,0,0,0,0,0,0,0,0,1,0,NA,1,1,1,1,1,0,1,0,0,NA,4,5,4,5,4,5,5,4,2,NA,8,NA,5,NA,1,1,2 7 8,0,1,0,0,0,0,1,1,0,NA,1,NA,2 4,0,1,0,1,0,0,0,0,0,NA,2,NA,5,NA,7,NA,1 5,1,0,0,0,1,0,0,0,0,0,NA,1,NA,1 3,1,0,1,0,0,0,0,NA,5 6,0,0,0,0,1,1,0,NA,3,NA,1,2 5,0,1,0,0,1,0,0,0,0,0,NA,3,NA,NA,NA,NA,NA,NA,NA,NA,NA,2,NA,3,NA,1,NA,2,NA,3,Nothing,4,4,4,4,4,3,4,3,NA,3,1 3,1,0,1,0,0,0,0,0,NA,4,NA,7,NA,2,NA,5,5,4,5,5,5,5,1,4 6,0,0,0,1,0,1,0,NA,3,NA,2,1,NA,NA,NA,NA,NA,NA,NA,NA,NA,1,1,1,2 3,0,1,1,0,NA,0,NA,4,3,3,3,4,4,3,4,3,1,1,1,4,2,1,3,4,4,3,2,3,3,1,3,4,3,2,2,2,1,2,2,2,1,2,2,male,1,2,1,1,0,0,0,0,0,NA,2,2,1,3,3,2,3,3,1,1,3,3,4,3,4,4,3,4,2,3,2,3,3,1,1,1,1,1,4,1,1 3,1,0,1,0,0,0,0,0,0,NA,31,NA,12000,Nothing,uuid:c6e0f1d3-b0e7-418a-91a1-33f74f42ff4b,2512031638,uuid:c6e0f1d3-b0e7-418a-91a1-33f74f42ff4b
100347,S0410160212,OROMIA,Jimma,saqqaa coqorsaa,boobaa xuruuroo,Rural,"12/9/2025, 8:16:19 PM","12/8/2025, 2:47:47 PM","12/9/2025, 1:35:32 PM",12/8/2025,48ec0b9287834309,1,HT21602,NA,female,vice_principal,0,1,1,1,0,1,2011,2014,2014,1,6,4,NA,0,NA,NA,NA,NA,NA,NA,NA,5,4,0,0,0,1,0,0,NA,2 4,0,1,0,1,0,0,0,0,0,0,NA,1,0,0,1,1,1,1,0,0,NA,5,4,3,4,4,4,5,3,2,NA,3,NA,7,NA,1,2,2 4 6,0,1,0,1,0,1,0,0,0,NA,2,NA,3 5,0,0,1,0,1,0,0,0,0,NA,3,NA,7,NA,8,NA,7 9,0,0,0,0,0,0,1,0,1,0,NA,1,NA,1 2,1,1,0,0,0,0,0,NA,5 6,0,0,0,0,1,1,0,NA,3,NA,1,2 4 5,0,1,0,1,1,0,0,0,0,0,NA,3,NA,NA,NA,NA,NA,NA,NA,NA,NA,2,NA,3,NA,1,NA,2,NA,3,Nothing,4,4,3,4,4,4,3,3,NA,4,1 3,1,0,1,0,0,0,0,0,NA,6,NA,2,NA,5,NA,5,5,5,5,5,5,5,1,1 3,1,0,1,0,0,0,0,NA,3,NA,3,1,NA,NA,NA,NA,NA,NA,NA,NA,NA,0,NA,0,NA,NA,NA,NA,NA,NA,0,NA,3,4,3,4,3,4,3,3,4,1,1,1,4,1,4,2,3,2,1,3,4,3,1,1,4,3,3,3,1,1,2,2,2,1,3,2,male,2,1,3 4,0,0,1,1,0,0,NA,3,3,3,3,3,3,3,3,3,3,3,2,2,2,1,4,4,3,3,4,2,3,3,4,3,3,1,4,3,1,1 3,1,0,1,0,0,0,0,0,0,NA,27,NA,11500,Nothing,uuid:f2bbdbc8-3036-4e18-8b52-03a00dcdac52,2512031638,uuid:f2bbdbc8-3036-4e18-8b52-03a00dcdac52
100416,S0410160562,OROMIA,Jimma,saqqaa coqorsaa,ulmaayee,Rural,"12/11/2025, 6:12:07 AM","12/9/2025, 10:39:21 AM","12/10/2025, 8:56:32 PM",12/9/2025,48ec0b9287834309,1,HT21801,NA,male,principal,1,0,1,0,NA,NA,2014,2016,2016,2,6,2,NA,0,NA,NA,NA,NA,NA,NA,NA,5,4,0,0,0,1,0,0,NA,9,0,0,0,0,0,0,0,0,1,0,NA,0,1,1,1,1,1,1,1,0,NA,5,5,5,5,5,5,5,4,97,Teaching,2,NA,6,NA,1,1,1 2 3,1,1,1,0,0,0,0,0,0,NA,2,NA,2 6,0,1,0,0,0,1,0,0,0,NA,1,NA,3,NA,5,NA,4,0,0,0,1,0,0,0,0,0,0,NA,1,NA,1 2,1,1,0,0,0,0,0,NA,2 4,0,1,0,1,0,0,0,NA,5,NA,0,NA,NA,NA,NA,NA,NA,NA,NA,NA,NA,NA,NA,2,NA,NA,NA,NA,NA,NA,NA,NA,NA,2,NA,1,NA,3,NA,2,NA,1,Nothing,3,4,4,3,4,3,4,4,NA,2,2 3 4,0,1,1,1,0,0,0,0,NA,5,NA,2,NA,10,NA,5,4,5,4,5,5,4,5,2 4,0,1,0,1,0,0,0,NA,1,NA,2,3,1 2 3,1,1,1,0,0,0,0,NA,1,1,0,NA,NA,NA,NA,NA,NA,0,NA,3,4,3,4,3,3,4,3,4,1,1,1,4,3,4,3,4,3,4,4,2,3,3,1,3,3,3,3,1,1,2,2,1,1,2,4,male,1,6,999,0,0,0,0,0,1,NA,1,1,1,1,3,1,2,3,3,1,1,3,1,3,1,3,3,3,4,3,2,3,3,1,1,1,3,1,3,1,1 2 3,1,1,1,0,0,0,0,0,0,NA,27,NA,11085,Nothing,uuid:7478d6c7-e09b-4aa3-a0f1-26a5adad2eb5,2512031638,uuid:7478d6c7-e09b-4aa3-a0f1-26a5adad2eb5
100402,S0410160802,OROMIA,Jimma,saqqaa coqorsaa,oyaanaa,Rural,"12/8/2025, 10:30:23 PM","12/8/2025, 9:30:37 AM","12/8/2025, 10:25:44 PM",12/8/2025,48ec0b9287834309,1,HT21701,NA,male,principal,1,0,1,1,1,0,2007,2009,2017,2,6,4,NA,1,2010,management in_service mentoring,1,1,1,0,NA,4,4,0,0,0,1,0,0,NA,1 4 5 6,1,0,0,1,1,1,0,0,0,0,NA,1,1,1,1,0,1,0,1,1,NA,5,4,3,4,5,4,4,3,2,NA,6,NA,7,NA,1,1,1 2 3,1,1,1,0,0,0,0,0,0,NA,1,NA,2 4,0,1,0,1,0,0,0,0,0,NA,1,NA,2,NA,4,NA,2 3,0,1,1,0,0,0,0,0,0,0,NA,1,NA,1,1,0,0,0,0,0,0,NA,5 6,0,0,0,0,1,1,0,NA,5,NA,1,2 3,0,1,1,0,0,0,0,0,0,0,NA,1,NA,NA,NA,NA,NA,NA,NA,NA,NA,1,NA,2,NA,3,NA,2,NA,2,Nothing,4,4,4,4,4,3,4,3,NA,4,3 4,0,0,1,1,0,0,0,0,NA,2,NA,6,NA,3,NA,5,5,5,4,5,5,5,2,2 4 5,0,1,0,1,1,0,0,NA,3,NA,2,1,NA,NA,NA,NA,NA,NA,NA,NA,NA,1,1,0,NA,NA,NA,NA,NA,NA,0,NA,3,3,3,4,4,4,3,4,3,1,1,1,4,4,1,2,2,3,3,1,1,2,1,1,4,2,2,1,1,1,2,2,1,1,2,2,male,4,5,1 2 3 4,1,1,1,1,0,0,NA,3,3,3,3,2,3,2,2,3,3,3,3,4,3,2,4,3,4,3,4,4,3,2,4,1,3,2,4,3,2,1 2 3,1,1,1,0,0,0,0,0,0,NA,35,NA,12038,Nothing,uuid:987de16c-0e80-4aab-9c02-2561ab14e307,2512031638,uuid:987de16c-0e80-4aab-9c02-2561ab14e307
100402,S0410160802,OROMIA,Jimma,saqqaa coqorsaa,oyaanaa,Rural,"12/8/2025, 10:30:23 PM","12/8/2025, 9:55:48 AM","12/8/2025, 10:26:28 PM",12/8/2025,48ec0b9287834309,1,HT21702,NA,male,vice_principal,1,0,1,1,1,0,2013,2017,2017,1,6,4,NA,0,NA,NA,NA,NA,NA,NA,NA,5,4,0,0,0,1,0,0,NA,1 3,1,0,1,0,0,0,0,0,0,0,NA,1,1,1,1,1,0,0,0,0,NA,5,5,4,5,4,5,4,3,6,NA,2,NA,5,NA,1,1,2 4,0,1,0,1,0,0,0,0,0,NA,2,NA,1 7,1,0,0,0,0,0,1,0,0,NA,1,NA,3,NA,6,NA,2 3,0,1,1,0,0,0,0,0,0,0,NA,1,NA,1 2 4,1,1,0,1,0,0,0,NA,5 6,0,0,0,0,1,1,0,NA,2,NA,1,2 4,0,1,0,1,0,0,0,0,0,0,NA,2,NA,NA,NA,NA,NA,NA,NA,NA,NA,2,NA,3,NA,1,NA,2,NA,2,Nothing,4,4,3,4,4,3,4,3,NA,3,2 3,0,1,1,0,0,0,0,0,NA,2,NA,5,NA,7,NA,4,5,5,4,5,5,4,1,2 3,0,1,1,0,0,0,0,NA,3,NA,2,1,NA,NA,NA,NA,NA,NA,NA,NA,NA,1,1,0,NA,NA,NA,NA,NA,NA,0,NA,4,3,4,3,4,4,3,4,3,1,1,1,4,4,1,3,3,4,3,4,4,3,4,3,4,2,2,1,1,2,2,2,3,2,3,1,male,3,4,1 2 3 4,1,1,1,1,0,0,NA,3,3,2,3,1,1,1,3,3,3,3,4,4,3,4,3,4,4,3,4,4,4,3,4,1,4,4,4,1,1,1 2 4,1,1,0,1,0,0,0,0,0,NA,23,NA,9700,Nothing,uuid:b8be03c2-659d-4b14-8fac-432f8f51acc2,2512031638,uuid:b8be03c2-659d-4b14-8fac-432f8f51acc2
100839,S0410200192,OROMIA,Jimma,sokorruu,kaltaa,Rural,"12/11/2025, 7:52:54 PM","12/10/2025, 2:46:17 PM","12/11/2025, 6:23:11 PM",12/10/2025,48ec0b9287834309,1,HT31001,NA,male,principal,1,0,1,1,1,0,2015,2017,2017,1,1,5,NA,1,2017,management in_service mentoring,1,1,1,0,NA,4,4,0,0,0,1,0,0,NA,4 5 6,0,0,0,1,1,1,0,0,0,0,NA,1,1,1,0,1,1,1,1,0,NA,4,5,4,4,4,5,4,3,6,NA,2,NA,7,NA,1,2,1 2 4,1,1,0,1,0,0,0,0,0,NA,2,NA,4 6,0,0,0,1,0,1,0,0,0,NA,2,NA,6,NA,8,NA,1 2,1,1,0,0,0,0,0,0,0,0,NA,1,NA,2 3,0,1,1,0,0,0,0,NA,2 3,0,1,1,0,0,0,0,NA,2,NA,1,2 3,0,1,1,0,0,0,0,0,0,0,NA,2,NA,NA,NA,NA,NA,NA,NA,NA,NA,2,NA,3,NA,1,NA,2,NA,3,Nothing,4,4,3,4,4,3,4,4,NA,5,2 3 4,0,1,1,1,0,0,0,0,NA,4,NA,2,NA,6,NA,5,4,5,4,5,4,5,1,2 3 4,0,1,1,1,0,0,0,NA,3,NA,2,2,1 3,1,0,1,0,0,0,0,NA,1,2,1,1 2 3,1,1,1,0,NA,0,NA,4,4,3,4,3,3,4,3,4,1,1,1,4,4,2,4,4,4,3,1,4,3,1,2,4,3,3,3,2,2,3,3,2,3,2,2,male,3,4,2 3 4,0,1,1,1,0,0,NA,1,1,3,2,2,1,3,2,1,1,1,2,3,2,1,2,2,1,1,4,1,3,3,1,1,1,5,4,5,1,1 3,1,0,1,0,0,0,0,0,0,NA,26,NA,9999,Nothing,uuid:c6b5280b-9fb4-4802-b0ea-5afcb5f57c41,2512031638,uuid:c6b5280b-9fb4-4802-b0ea-5afcb5f57c41
100839,S0410200192,OROMIA,Jimma,sokorruu,kaltaa,Rural,"12/11/2025, 7:52:55 PM","12/11/2025, 7:02:28 PM","12/11/2025, 7:52:05 PM",12/11/2025,48ec0b9287834309,1,HT31002,NA,male,vice_principal,1,0,1,1,1,0,2015,2017,2017,1,6,5,NA,1,2017,management in_service,1,1,0,0,NA,4,4,0,0,0,1,0,0,NA,3 4 5,0,0,1,1,1,0,0,0,0,0,NA,0,0,0,0,1,0,0,0,0,NA,5,4,5,4,5,4,5,4,97,Teaching the class,2,NA,3,NA,1,1,2 3 7,0,1,1,0,0,0,1,0,0,NA,2,NA,4 5,0,0,0,1,1,0,0,0,0,NA,2,NA,7,NA,5,NA,2 4,0,1,0,1,0,0,0,0,0,0,NA,1,NA,1 2,1,1,0,0,0,0,0,NA,2 5 6,0,1,0,0,1,1,0,NA,4,NA,1,2 5,0,1,0,0,1,0,0,0,0,0,NA,2,NA,NA,NA,NA,NA,NA,NA,NA,NA,2,NA,3,NA,1,NA,2,NA,3,Nothing,4,3,2,4,3,4,4,4,NA,3,2 4 6,0,1,0,1,0,1,0,0,NA,1,NA,6,NA,5,NA,4,5,5,5,5,5,5,1,2 4,0,1,0,1,0,0,0,NA,3,NA,2,1,NA,NA,NA,NA,NA,NA,NA,NA,NA,0,NA,1,1 2 3,1,1,1,0,NA,0,NA,4,4,4,3,4,4,4,3,4,1,1,1,3,1,3,3,4,3,4,4,4,3,4,3,4,2,2,3,2,2,3,2,2,1,1,2,male,3,3,1 2 3,1,1,1,0,0,0,NA,3,3,2,3,3,2,1,2,3,3,3,3,3,4,4,3,4,3,4,3,4,3,3,2,3,1,3,2,4,1,2 4,0,1,0,1,0,0,0,0,0,NA,29,NA,10700,Nothing,uuid:0d92d3f5-3cb2-4980-9111-b9b852778b2e,2512111015,uuid:0d92d3f5-3cb2-4980-9111-b9b852778b2e
100872,S0410200722,OROMIA,Jimma,sokorruu,zamaroo,Rural,"12/25/2025, 8:35:14 AM","12/24/2025, 10:22:16 AM","12/24/2025, 5:12:10 PM",12/24/2025,5709a80a20846068,1,HT35601,NA,male,principal,0,0,0,1,1,0,2009,2015,2018,3,4,5,NA,1,2017,management in_service mentoring,1,1,1,0,NA,3,4,0,0,0,1,0,0,NA,1 5,1,0,0,0,1,0,0,0,0,0,NA,0,0,0,0,0,0,0,0,0,NA,4,4,5,5,4,5,4,5,1,NA,2,NA,5,NA,1,2,1,1,0,0,0,0,0,0,0,0,NA,3,NA,2 4,0,1,0,1,0,0,0,0,0,NA,1,NA,2,NA,5,NA,1,1,0,0,0,0,0,0,0,0,0,NA,5,NA,1,1,0,0,0,0,0,0,NA,2,0,1,0,0,0,0,0,NA,6,NA,1,3 4,0,0,1,1,0,0,0,0,0,0,NA,3,NA,NA,NA,NA,NA,NA,NA,NA,NA,1,NA,1,NA,1,NA,1,NA,1,No,4,4,4,3,4,4,4,3,NA,6,1 2,1,1,0,0,0,0,0,0,NA,6,NA,2,NA,5,NA,4,4,4,4,4,4,1,1,3 4 5,0,0,1,1,1,0,0,NA,1,NA,3,1,NA,NA,NA,NA,NA,NA,NA,NA,NA,0,NA,0,NA,NA,NA,NA,NA,NA,0,NA,3,2,2,1,3,2,3,3,1,1,1,1,1,3,1,3,3,1,4,3,3,2,1,2,3,3,3,3,3,3,3,3,3,3,3,2,male,3,2,1 3,1,0,1,0,0,0,NA,3,3,3,3,3,3,3,3,3,3,3,2,1,3,3,2,1,1,1,3,2,1,3,1,3,2,3,2,3,1,1 4 5,1,0,0,1,1,0,0,0,0,NA,36,NA,12300,NA,uuid:a65af811-c064-444f-b1e2-3d04469a134c,2512142209,uuid:a65af811-c064-444f-b1e2-3d04469a134c
101609,S0411090132,OROMIA,Qeellam Wallaggaa,laaloo qilee,biiftuu marfoo,Rural,"12/8/2025, 3:06:39 PM","12/8/2025, 8:29:33 AM","12/8/2025, 10:26:49 AM",12/8/2025,7697c74e25302763,1,HT 19201,NA,male,principal,1,0,1,1,1,0,2004,2015,2015,1,2,5,NA,1,2017,in_service,0,1,0,0,NA,4,1,1,0,0,0,0,0,NA,1 3 4 5,1,0,1,1,1,0,0,0,0,0,NA,0,0,0,0,0,0,0,0,0,NA,5,5,5,5,5,5,5,5,2,NA,5,NA,4,NA,1,2,2 3 4,0,1,1,1,0,0,0,0,0,NA,3,NA,2 4,0,1,0,1,0,0,0,0,0,NA,3,NA,6,NA,2,NA,9,0,0,0,0,0,0,0,0,1,0,NA,1,NA,1,1,0,0,0,0,0,0,NA,6,0,0,0,0,0,1,0,NA,6,NA,1,2 3 6 8,0,1,1,0,0,1,0,1,0,0,NA,3,NA,NA,NA,NA,NA,NA,NA,NA,NA,2,NA,2,NA,2,NA,2,NA,2,Hin jiru,2,2,5,5,5,5,5,3,NA,3,1,1,0,0,0,0,0,0,0,NA,5,NA,6,NA,8,NA,5,5,5,5,5,5,5,1,2,0,1,0,0,0,0,0,NA,1,NA,4,2,3 4 6,0,0,1,1,0,1,0,NA,1,4,1,1,1,0,0,0,NA,0,NA,4,4,2,2,4,4,4,1,1,1,1,1,1,4,1,4,4,1,4,1,4,4,4,3,4,3,3,3,3,3,2,3,2,3,3,1,male,4,5,1 2 3 4,1,1,1,1,0,0,NA,1,1,1,1,3,2,3,3,3,3,3,1,4,1,1,4,1,1,1,4,1,2,3,1,1,1,5,1,5,1,5 7,0,0,0,0,1,0,1,0,0,NA,27,NA,16015,Homtuu hin jiru,uuid:15801f01-5047-4175-b200-3fd9f5349e9d,2512031638,uuid:15801f01-5047-4175-b200-3fd9f5349e9d
101609,S0411090132,OROMIA,Qeellam Wallaggaa,laaloo qilee,biiftuu marfoo,Rural,"12/8/2025, 3:08:32 PM","12/8/2025, 8:30:42 AM","12/8/2025, 9:20:51 AM",12/8/2025,bbae1c343e73e9f2,1,HT19202,NA,male,vice_principal,1,0,1,2,2,0,2004,2015,2015,1,5,5,NA,0,NA,NA,NA,NA,NA,NA,NA,4,1 2 3 4,1,1,1,1,0,0,NA,1 2 3 4 5 8,1,1,1,1,1,0,0,1,0,0,NA,0,1,1,1,0,1,1,1,0,NA,5,5,5,5,5,5,5,5,1,NA,2,NA,5,NA,1,1,1 3 4,1,0,1,1,0,0,0,0,0,NA,3,NA,4 7,0,0,0,1,0,0,1,0,0,NA,1,NA,2,NA,5,NA,3 7,0,0,1,0,0,0,1,0,0,0,NA,2,NA,1,1,0,0,0,0,0,0,NA,5 6,0,0,0,0,1,1,0,NA,4,NA,1,1 2 3 4 5 6 7 8 9,1,1,1,1,1,1,1,1,1,0,NA,3,NA,NA,NA,NA,NA,NA,NA,NA,NA,2,NA,2,NA,2,NA,2,NA,2,999,3,5,5,5,5,5,5,4,NA,6,2 3 4 5,0,1,1,1,1,0,0,0,NA,6,NA,5,NA,8,NA,5,5,4,5,5,5,5,1,2 4 5 6,0,1,0,1,1,1,0,NA,1,NA,4,3,3 6,0,0,1,0,0,1,0,NA,1,2,1,1 2 3,1,1,1,0,NA,0,NA,3,4,4,3,4,3,4,4,3,1,1,1,3,4,3,4,4,2,4,2,4,4,4,4,4,1,2,2,1,2,1,1,1,1,2,1,male,4,3,1 2 3 4,1,1,1,1,0,0,NA,1,3,3,3,3,3,2,2,3,3,3,4,3,4,3,3,3,4,1,4,1,2,3,1,2,1,4,1,5,2,1 3 5 6 7,1,0,1,0,1,1,1,0,0,NA,35,NA,15490,999,uuid:df4f934d-cd9d-4c12-bfb3-43118ee76207,2512031638,uuid:df4f934d-cd9d-4c12-bfb3-43118ee76207
101800,S0411100172,OROMIA,Qeellam Wallaggaa,sayyoo,taabor,Rural,"12/5/2025, 3:13:23 PM","12/5/2025, 9:42:32 AM","12/5/2025, 1:31:43 PM",12/5/2025,7697c74e25302763,1,HT22101,NA,female,principal,1,0,1,1,1,0,1998,2011,2011,1,6,5,NA,1,2017,in_service,0,1,0,0,NA,3,5,0,0,0,0,1,0,NA,5,0,0,0,0,1,0,0,0,0,0,NA,0,1,0,1,0,0,0,0,0,NA,5,5,5,5,5,5,5,5,2,NA,5,NA,6,NA,1,2,1 6 7,1,0,0,0,0,1,1,0,0,NA,2,NA,2 3,0,1,1,0,0,0,0,0,0,NA,1,NA,3,NA,2,NA,7,0,0,0,0,0,0,1,0,0,0,NA,1,NA,1,1,0,0,0,0,0,0,NA,6,0,0,0,0,0,1,0,NA,6,NA,1,1 3 4 5 7 9,1,0,1,1,1,0,1,0,1,0,NA,3,NA,NA,NA,NA,NA,NA,NA,NA,NA,3,NA,2,NA,2,NA,2,NA,2,Kan biraan hin jiru,3,3,5,5,5,5,3,3,NA,6,1,1,0,0,0,0,0,0,0,NA,8,NA,4,NA,6,NA,5,5,3,5,5,3,3,2,2,0,1,0,0,0,0,0,NA,2,NA,2,2,6,0,0,0,0,0,1,0,NA,1,4,1,3,0,0,1,0,NA,0,NA,4,4,2,2,4,3,4,2,4,1,1,1,4,4,4,4,4,3,4,4,4,4,4,3,3,3,3,2,2,2,1,2,2,3,2,1,male,4,4,1 3 4,1,0,1,1,0,0,NA,1,3,2,3,3,3,2,2,3,3,3,4,1,4,4,4,4,4,1,4,1,1,3,1,1,1,1,1,2,2,3 4,0,0,1,1,0,0,0,0,0,NA,35,NA,16355,"Yeroon jalqaba hogganaa mana barumsaa ta'e Hawwaasa biratti dubartoonni hogganaa ta'uu akka hin dandeenye waan baratamaa ture
Ani garuu nan danda'a jechuun itti seeneen hojii koos galmaan gahuu danda'eera.",uuid:c2ec325c-047e-4e25-9d7a-d6d2718de6fb,2512031638,uuid:c2ec325c-047e-4e25-9d7a-d6d2718de6fb
101800,S0411100172,OROMIA,Qeellam Wallaggaa,sayyoo,taabor,Rural,"12/5/2025, 3:14:23 PM","12/5/2025, 9:44:12 AM","12/5/2025, 11:00:11 AM",12/5/2025,bbae1c343e73e9f2,1,HT22102,NA,male,vice_principal,0,1,1,2,1,1,2006,2017,2017,1,6,6,NA,0,NA,NA,NA,NA,NA,NA,NA,3,2,0,1,0,0,0,0,NA,1 2 3 4 5 8,1,1,1,1,1,0,0,1,0,0,NA,0,0,0,1,1,1,1,0,0,NA,5,5,5,5,5,5,5,5,2,NA,1,NA,5,NA,1,1,1 2 4,1,1,0,1,0,0,0,0,0,NA,3,NA,4 6,0,0,0,1,0,1,0,0,0,NA,3,NA,2,NA,1,NA,5 6,0,0,0,0,1,1,0,0,0,0,NA,2,NA,1 2,1,1,0,0,0,0,0,NA,5 6,0,0,0,0,1,1,0,NA,4,NA,1,1 2 3 4 5 6 7 8 9,1,1,1,1,1,1,1,1,1,0,NA,3,NA,NA,NA,NA,NA,NA,NA,NA,NA,2,NA,2,NA,2,NA,1,NA,2,999,3,5,5,4,5,5,5,2,NA,6,3 6,0,0,1,0,0,1,0,0,NA,6,NA,5,NA,2,NA,5,5,5,5,5,5,5,2,3 4,0,0,1,1,0,0,0,NA,1,NA,2,1,NA,NA,NA,NA,NA,NA,NA,NA,NA,1,1,0,NA,NA,NA,NA,NA,NA,0,NA,3,3,4,4,4,2,2,3,3,1,1,1,1,4,4,4,4,2,3,3,2,3,2,3,4,1,3,3,1,2,1,1,1,1,2,1,male,3,1,1 2 3 4,1,1,1,1,0,0,NA,1,3,3,3,1,2,1,3,1,3,3,4,4,4,4,4,4,4,1,4,1,1,3,1,1,2,5,3,3,1,5 6,0,0,0,0,1,1,0,0,0,NA,36,NA,15490,"1 Bakka Koo jireenya Koo irra manni barumsa ko faagodha
2 Qarshi transport kafalamu",uuid:0a56083a-5280-4c9c-9679-96e8d7aba963,2512031638,uuid:0a56083a-5280-4c9c-9679-96e8d7aba963
102046,S0412020372,OROMIA,B/M/Adaamaa,b/m/adaamaa,baatee tiifuu,Urban,"12/5/2025, 4:47:40 AM","12/4/2025, 10:21:20 AM","12/4/2025, 7:07:04 PM",12/4/2025,511b83623529c852,1,HT32801,NA,male,principal,1,0,1,0,NA,NA,2012,2017,2018,1,6,5,NA,1,2017,mentoring,0,0,1,0,NA,3,5,0,0,0,0,1,0,NA,4 5,0,0,0,1,1,0,0,0,0,0,NA,0,0,0,1,0,0,1,0,0,NA,5,4,5,4,4,4,3,2,1,NA,2,NA,5,NA,1,2,1 2 8,1,1,0,0,0,0,0,1,0,NA,3,NA,2 4,0,1,0,1,0,0,0,0,0,NA,6,NA,1,NA,2,NA,1,1,0,0,0,0,0,0,0,0,0,NA,1,NA,1,1,0,0,0,0,0,0,NA,2 3,0,1,1,0,0,0,0,NA,6,NA,1,4 5 6,0,0,0,1,1,1,0,0,0,0,NA,3,NA,NA,NA,NA,NA,NA,NA,NA,NA,2,NA,3,NA,2,NA,2,NA,2,No,1,4,2,5,3,4,3,4,NA,2,1 6,1,0,0,0,0,1,0,0,NA,11,NA,6,NA,5,NA,4,4,3,4,5,5,4,1,4,0,0,0,1,0,0,0,NA,1,NA,4,2,2 6,0,1,0,0,0,1,0,NA,1,3,1,1,1,0,0,0,NA,0,NA,2,3,2,2,4,1,3,2,4,2,1,1,3,3,4,3,3,2,3,2,3,2,4,4,1,2,2,3,2,1,2,2,2,2,2,3,male,3,1,1,1,0,0,0,0,0,NA,1,1,2,1,3,1,2,3,3,3,3,2,2,2,2,4,4,1,1,4,2,1,3,1,2,2,3,3,5,1,1,1,0,0,0,0,0,0,0,0,NA,30,NA,11532,No,uuid:9950c98a-1106-44b3-963f-f44656c56a04,2512031459,uuid:9950c98a-1106-44b3-963f-f44656c56a04
102110,S0412020872,OROMIA,B/M/Adaamaa,b/m/adaamaa,wanjjii lakk.2,Urban,"12/24/2025, 7:21:02 PM","12/22/2025, 11:02:37 AM","12/23/2025, 9:55:16 PM",12/22/2025,511b83623529c852,1,HT40802,NA,male,vice_principal,1,0,1,1,1,0,1996,2002,2018,3,6,5,NA,1,2010,mentoring,0,0,1,0,NA,1,4 5,0,0,0,1,1,0,NA,1 4 5,1,0,0,1,1,0,0,0,0,0,NA,0,1,0,0,0,0,1,0,0,NA,5,4,4,4,4,4,3,4,2,NA,1,NA,3,NA,1,1,2 3 5,0,1,1,0,1,0,0,0,0,NA,3,NA,2 3,0,1,1,0,0,0,0,0,0,NA,4,NA,1,NA,3,NA,7 9,0,0,0,0,0,0,1,0,1,0,NA,5,NA,1,1,0,0,0,0,0,0,NA,2 5 6,0,1,0,0,1,1,0,NA,6,NA,1,1 2 3 4 7 8 9,1,1,1,1,0,0,1,1,1,0,NA,2,NA,NA,NA,NA,NA,NA,NA,NA,NA,3,NA,2,NA,1,NA,2,NA,1,No,4,3,3,4,4,3,2,4,NA,6,1 2 4,1,1,0,1,0,0,0,0,NA,5,NA,2,NA,6,NA,5,5,5,5,5,5,5,1,4 5 6,0,0,0,1,1,1,0,NA,1,NA,4,2,2 4 5,0,1,0,1,1,0,0,NA,1,2,1,1,1,0,0,0,NA,0,NA,3,3,2,1,3,1,4,4,1,1,1,1,2,2,4,3,3,3,3,2,4,3,3,1,2,2,3,3,3,2,3,2,2,2,2,1,male,3,4,1 2 3 4,1,1,1,1,0,0,NA,3,3,3,3,3,3,3,3,2,2,3,2,2,3,3,2,1,1,1,4,1,2,3,1,2,1,5,4,3,4,1 5,1,0,0,0,1,0,0,0,0,NA,44,NA,16506,No,uuid:e27e069b-896c-43e8-9451-b2acf4ce389e,2512142209,uuid:e27e069b-896c-43e8-9451-b2acf4ce389e
102110,S0412020872,OROMIA,B/M/Adaamaa,b/m/adaamaa,wanjjii lakk.2,Urban,"12/24/2025, 7:21:02 PM","12/22/2025, 2:29:31 PM","12/23/2025, 9:54:33 PM",12/22/2025,511b83623529c852,1,HT40801,NA,female,principal,0,1,1,1,1,0,1996,2001,2015,3,1,5,NA,0,NA,NA,NA,NA,NA,NA,NA,1,1 2 3,1,1,1,0,0,0,NA,1 2 4,1,1,0,1,0,0,0,0,0,0,NA,0,0,0,0,0,0,0,0,0,NA,5,5,5,5,3,5,4,4,2,NA,1,NA,3,NA,1,1,1 2 4,1,1,0,1,0,0,0,0,0,NA,2,NA,2 3,0,1,1,0,0,0,0,0,0,NA,1,NA,3,NA,5,NA,8,0,0,0,0,0,0,0,1,0,0,NA,5,NA,1 5,1,0,0,0,1,0,0,NA,2 5 6,0,1,0,0,1,1,0,NA,6,NA,1,1,1,0,0,0,0,0,0,0,0,0,NA,2,NA,NA,NA,NA,NA,NA,NA,NA,NA,2,NA,2,NA,2,NA,2,NA,3,No,4,3,3,3,4,4,3,4,NA,3,2 4 6,0,1,0,1,0,1,0,0,NA,5,NA,6,NA,3,NA,4,5,4,5,4,4,3,1,4 5 6,0,0,0,1,1,1,0,NA,1,NA,4,4,2 4 5,0,1,0,1,1,0,0,NA,1,1,1,1,1,0,0,0,NA,0,NA,3,2,2,3,3,2,4,3,3,1,1,1,3,4,1,3,3,3,3,3,3,1,2,2,3,2,2,3,3,3,3,3,3,3,3,1,male,3,1,1 3 4,1,0,1,1,0,0,NA,3,2,3,3,3,1,3,3,3,2,3,3,2,3,2,3,2,1,1,2,1,1,3,3,3,1,3,3,5,4,2 3 4 6,0,1,1,1,0,1,0,0,0,NA,38,NA,16230,No,uuid:1065e3de-a2e6-4616-97ea-958a078d928e,2512142209,uuid:1065e3de-a2e6-4616-97ea-958a078d928e
102231,S0412030692,OROMIA,Shawaa Bahaa,adaamii tulluu,suuroo sad.1ffaa,Rural,"12/10/2025, 7:48:13 PM","12/10/2025, 10:25:41 AM","12/10/2025, 7:44:02 PM",12/10/2025,511b83623529c852,1,HT10701,NA,female,principal,0,1,1,1,1,0,2006,2012,2017,3,1,5,NA,1,2017,in_service,0,1,0,0,NA,3,1,1,0,0,0,0,0,NA,1 3 5,1,0,1,0,1,0,0,0,0,0,NA,0,0,0,1,0,0,0,0,0,NA,5,4,5,5,3,4,5,2,2,NA,1,NA,6,NA,1,1,1 2 3,1,1,1,0,0,0,0,0,0,NA,1,NA,2 6,0,1,0,0,0,1,0,0,0,NA,1,NA,2,NA,4,NA,4,0,0,0,1,0,0,0,0,0,0,NA,5,NA,1,1,0,0,0,0,0,0,NA,2 3,0,1,1,0,0,0,0,NA,2,NA,1,1 2 3 4 5 6 7 8,1,1,1,1,1,1,1,1,0,0,NA,2,NA,NA,NA,NA,NA,NA,NA,NA,NA,1,NA,2,NA,2,NA,2,NA,2,No,4,2,2,4,2,3,4,2,NA,1,2,0,1,0,0,0,0,0,0,NA,6,NA,11,NA,1,NA,4,4,4,4,3,3,2,3,3 4,0,0,1,1,0,0,0,NA,2,NA,3,3,2 4,0,1,0,1,0,0,0,NA,1,2,1,2,0,1,0,0,NA,0,NA,2,2,2,4,3,2,4,3,3,1,1,2,3,3,4,1,4,2,2,3,4,2,4,2,3,2,3,3,2,2,2,2,1,1,2,2,male,3,5,1 2,1,1,0,0,0,0,NA,2,2,2,2,2,3,2,2,2,2,2,4,1,4,4,3,2,2,3,4,2,1,1,4,3,5,2,4,2,1,1,1,0,0,0,0,0,0,0,0,NA,27,NA,16214,No,uuid:474351cd-a361-40cd-8860-c80ecdc7256a,2512031638,uuid:474351cd-a361-40cd-8860-c80ecdc7256a
102231,S0412030692,OROMIA,Shawaa Bahaa,adaamii tulluu,suuroo sad.1ffaa,Rural,"12/11/2025, 2:55:47 PM","12/10/2025, 10:27:33 AM","12/11/2025, 2:47:46 PM",12/10/2025,72ea367b009c6cb8,1,HT10702,NA,male,vice_principal,0,1,1,1,1,0,2006,2016,2016,1,5,5,NA,0,NA,NA,NA,NA,NA,NA,NA,5,5,0,0,0,0,1,0,NA,9,0,0,0,0,0,0,0,0,1,0,NA,0,1,1,0,0,0,0,0,0,NA,4,5,5,5,5,5,5,4,2,NA,6,NA,1,NA,1,2,3 7 8,0,0,1,0,0,0,1,1,0,NA,3,NA,4 5,0,0,0,1,1,0,0,0,0,NA,1,NA,4,NA,3,NA,5 7,0,0,0,0,1,0,1,0,0,0,NA,5,NA,1,1,0,0,0,0,0,0,NA,2 6,0,1,0,0,0,1,0,NA,6,NA,1,4,0,0,0,1,0,0,0,0,0,0,NA,3,NA,NA,NA,NA,NA,NA,NA,NA,NA,2,NA,2,NA,2,NA,2,NA,2,Nothing,3,3,3,4,3,3,4,4,NA,6,2,0,1,0,0,0,0,0,0,NA,5,NA,2,NA,6,NA,4,4,4,4,4,4,4,1,5,0,0,0,0,1,0,0,NA,1,NA,5,3,1,1,0,0,0,0,0,0,NA,1,1,0,NA,NA,NA,NA,NA,NA,0,NA,4,4,4,4,4,3,3,3,3,5,5,5,4,4,4,3,4,4,4,3,4,3,3,3,3,3,3,3,1,1,1,3,1,1,3,2,male,3,2,1 3 4,1,0,1,1,0,0,NA,2,2,2,3,3,3,3,3,3,3,3,3,3,3,3,3,3,1,1,4,1,1,3,1,3,5,5,5,2,1,8,0,0,0,0,0,0,0,1,0,NA,32,NA,10600,Nothing,uuid:bef795cf-0220-44ec-8f30-68d3ffec6e50,2512030638,uuid:bef795cf-0220-44ec-8f30-68d3ffec6e50
102520,S0412070482,OROMIA,Shawaa Bahaa,dugdaa,birbirsa gudda saabolee,Rural,"12/9/2025, 2:43:12 AM","12/8/2025, 2:33:43 PM","12/8/2025, 3:10:12 PM",12/8/2025,511b83623529c852,1,HT15701,NA,male,principal,0,0,0,0,NA,NA,2010,2016,2017,2,3,5,NA,1,2017,management,1,0,0,0,NA,1,1,1,0,0,0,0,0,NA,1 4,1,0,0,1,0,0,0,0,0,0,NA,0,1,0,1,0,0,1,0,0,NA,4,4,3,5,2,5,2,3,2,NA,1,NA,6,NA,1,1,1 4 5,1,0,0,1,1,0,0,0,0,NA,3,NA,5 6,0,0,0,0,1,1,0,0,0,NA,1,NA,3,NA,4,NA,3,0,0,1,0,0,0,0,0,0,0,NA,5,NA,1,1,0,0,0,0,0,0,NA,5,0,0,0,0,1,0,0,NA,6,NA,1,1 4 5,1,0,0,1,1,0,0,0,0,0,NA,4,NA,1 4,1,0,0,1,0,0,NA,2,NA,2,NA,3,NA,2,NA,1,No,3,4,4,3,3,3,4,3,NA,6,1 4,1,0,0,1,0,0,0,0,NA,5,NA,2,NA,7,NA,5,5,2,3,3,4,3,1,4 5,0,0,0,1,1,0,0,NA,3,NA,3,2,2 6,0,1,0,0,0,1,0,NA,1,1,1,1,1,0,0,0,NA,0,NA,3,2,1,2,2,2,3,2,4,1,1,1,3,3,4,2,2,1,3,2,4,2,2,2,3,2,2,3,2,3,3,2,3,1,2,2,male,3,2,1 2,1,1,0,0,0,0,NA,3,2,2,3,3,1,2,3,1,1,3,4,2,1,2,4,2,3,1,4,2,1,3,1,2,2,5,3,4,4,1 3,1,0,1,0,0,0,0,0,0,NA,30,NA,16464,No,uuid:11aecc15-aa39-4435-988d-6fcf9a9c1aca,2512031638,uuid:11aecc15-aa39-4435-988d-6fcf9a9c1aca
102592,S0412070992,OROMIA,Shawaa Bahaa,dugdaa,wayyoo sad.1ffaa,Rural,"12/6/2025, 5:40:41 AM","12/5/2025, 2:43:37 PM","12/6/2025, 5:19:25 AM",12/5/2025,72ea367b009c6cb8,1,HT15802,NA,male,vice_principal,0,0,0,1,1,0,2011,2012,2016,2,2,5,NA,0,NA,NA,NA,NA,NA,NA,NA,5,1 2 3,1,1,1,0,0,0,NA,1 2,1,1,0,0,0,0,0,0,0,0,NA,0,1,0,1,0,0,0,0,0,NA,4,3,5,5,5,5,5,5,2,NA,7,NA,1,NA,1,2,2 3 7,0,1,1,0,0,0,1,0,0,NA,3,NA,1 4,1,0,0,1,0,0,0,0,0,NA,1,NA,4,NA,6,NA,1 4,1,0,0,1,0,0,0,0,0,0,NA,5,NA,1 97,1,0,0,0,0,0,1,Subject,5 6,0,0,0,0,1,1,0,NA,6,NA,1,3 4 8,0,0,1,1,0,0,0,1,0,0,NA,3,NA,NA,NA,NA,NA,NA,NA,NA,NA,2,NA,2,NA,2,NA,2,NA,2,Nothing,4,3,5,5,5,5,5,4,NA,5,1 2,1,1,0,0,0,0,0,0,NA,6,NA,3,NA,2,NA,5,5,5,5,5,5,5,1,3 5 6,0,0,1,0,1,1,0,NA,3,NA,4,2,4,0,0,0,1,0,0,0,NA,1,1,0,NA,NA,NA,NA,NA,NA,0,NA,4,3,4,4,4,3,3,2,3,1,1,1,2,4,1,3,3,1,3,2,3,3,1,3,3,1,3,3,1,3,2,3,1,1,3,1,male,1,5,1 3 4,1,0,1,1,0,0,NA,2,2,2,2,2,2,2,2,2,2,2,3,1,3,3,2,3,1,1,4,1,1,3,1,4,4,4,4,4,1,5 6 7,0,0,0,0,1,1,1,0,0,NA,30,NA,15000,Nothing,uuid:1ec31a30-4a09-4b3a-946a-f57459391eb0,2512030638,uuid:1ec31a30-4a09-4b3a-946a-f57459391eb0
102592,S0412070992,OROMIA,Shawaa Bahaa,dugdaa,wayyoo sad.1ffaa,Rural,"12/6/2025, 7:53:54 AM","12/5/2025, 1:39:18 PM","12/6/2025, 3:35:05 AM",12/5/2025,511b83623529c852,1,HT15801,NA,female,principal,0,1,1,1,1,0,2006,2012,2016,3,3,5,NA,1,2017,in_service,0,1,0,0,NA,1,1,1,0,0,0,0,0,NA,4 5,0,0,0,1,1,0,0,0,0,0,NA,0,1,0,0,0,0,1,0,0,NA,4,5,4,5,5,5,4,4,2,NA,1,NA,4,NA,1,1,1 4 5,1,0,0,1,1,0,0,0,0,NA,3,NA,4 6,0,0,0,1,0,1,0,0,0,NA,1,NA,4,NA,7,NA,8,0,0,0,0,0,0,0,1,0,0,NA,5,NA,1,1,0,0,0,0,0,0,NA,2 3,0,1,1,0,0,0,0,NA,6,NA,1,2 3 4 5 6 7 8,0,1,1,1,1,1,1,1,0,0,NA,2,NA,NA,NA,NA,NA,NA,NA,NA,NA,2,NA,2,NA,2,NA,2,NA,2,No,3,4,4,4,4,4,4,3,NA,7,1 2 6,1,1,0,0,0,1,0,0,NA,2,NA,8,NA,9,NA,5,4,4,4,5,5,4,1,2 4,0,1,0,1,0,0,0,NA,2,NA,4,2,2 4,0,1,0,1,0,0,0,NA,1,5,1,1 2,1,1,0,0,NA,0,NA,3,3,3,4,3,2,3,3,3,5,5,5,1,4,4,3,4,1,3,3,4,4,3,2,2,2,2,3,2,2,1,3,3,1,2,1,male,2,1,2 4,0,1,0,1,0,0,NA,2,1,2,3,3,1,2,1,3,3,3,3,2,3,3,3,1,2,1,4,1,3,3,3,2,2,2,2,3,4,1,1,0,0,0,0,0,0,0,0,NA,38,NA,16000,No,uuid:366dcac2-aca9-4875-bfd4-f4e1c67f61da,2512031638,uuid:366dcac2-aca9-4875-bfd4-f4e1c67f61da
102904,S0412100322,OROMIA,Shawaa Bahaa,liiban cuqqaalaa,dolooloo jilaa,Rural,"12/9/2025, 8:15:48 PM","12/9/2025, 9:00:36 AM","12/9/2025, 8:11:30 PM",12/9/2025,511b83623529c852,1,HT19301,NA,male,principal,1,0,1,0,NA,NA,2014,2017,2018,1,6,2,NA,1,2017,management,1,0,0,0,NA,1,5,0,0,0,0,1,0,NA,1 2 3,1,1,1,0,0,0,0,0,0,0,NA,0,1,0,0,0,0,0,0,0,NA,5,4,5,4,5,5,5,4,2,NA,7,NA,1,NA,1,2,1 3 4,1,0,1,1,0,0,0,0,0,NA,2,NA,2 6,0,1,0,0,0,1,0,0,0,NA,1,NA,6,NA,3,NA,5,0,0,0,0,1,0,0,0,0,0,NA,5,NA,1,1,0,0,0,0,0,0,NA,2 3 6,0,1,1,0,0,1,0,NA,6,NA,1,1 2 3 4 5 6 7 8,1,1,1,1,1,1,1,1,0,0,NA,2,NA,NA,NA,NA,NA,NA,NA,NA,NA,2,NA,2,NA,2,NA,2,NA,2,No,4,4,3,4,4,4,3,2,NA,3,2,0,1,0,0,0,0,0,0,NA,1,NA,4,NA,5,NA,4,4,5,4,5,4,3,2,3 4,0,0,1,1,0,0,0,NA,1,NA,3,3,1 4,1,0,0,1,0,0,0,NA,1,3,1,1,1,0,0,0,NA,0,NA,3,2,2,3,4,1,4,1,4,1,1,1,3,3,4,3,4,4,3,2,4,3,1,2,4,2,1,2,3,3,3,2,2,2,2,2,male,4,4,1 2 3,1,1,1,0,0,0,NA,3,3,3,1,1,3,3,3,3,3,1,1,1,2,1,4,2,2,1,4,1,2,3,1,2,1,5,4,3,2,1,1,0,0,0,0,0,0,0,0,NA,27,NA,9701,No,uuid:5189d118-4575-4ee6-b427-62ab585035d0,2512031638,uuid:5189d118-4575-4ee6-b427-62ab585035d0
805094,S0413010402,OROMIA,Shawaa Kaabaa,abbichuuf nya'aa,abdallaa mahaagil,Rural,"12/17/2025, 8:30:05 PM","12/17/2025, 10:02:03 AM","12/17/2025, 8:22:14 PM",12/17/2025,511b83623529c852,1,HT10601,NA,male,principal,1,0,1,1,1,0,2005,2009,2013,4,1,5,NA,0,NA,NA,NA,NA,NA,NA,NA,2,3,0,0,1,0,0,0,NA,5,0,0,0,0,1,0,0,0,0,0,NA,0,0,0,0,0,0,0,0,0,NA,5,4,4,4,4,4,4,3,1,NA,2,NA,3,NA,1,1,1 2 6,1,1,0,0,0,1,0,0,0,NA,3,NA,4 6,0,0,0,1,0,1,0,0,0,NA,3,NA,6,NA,8,NA,7,0,0,0,0,0,0,1,0,0,0,NA,5,NA,1,1,0,0,0,0,0,0,NA,1 6,1,0,0,0,0,1,0,NA,6,NA,1,2 3 4 6,0,1,1,1,0,1,0,0,0,0,NA,2,NA,NA,NA,NA,NA,NA,NA,NA,NA,2,NA,2,NA,2,NA,2,NA,2,No,4,3,3,4,4,3,3,4,NA,5,2 3 4,0,1,1,1,0,0,0,0,NA,2,NA,11,NA,5,NA,4,4,3,4,4,5,4,1,4 5,0,0,0,1,1,0,0,NA,1,NA,4,2,2 6,0,1,0,0,0,1,0,NA,1,1,1,1,1,0,0,0,NA,0,NA,3,3,2,3,4,2,4,2,3,2,1,1,3,4,4,2,3,3,2,3,2,2,2,1,3,3,3,3,3,3,3,3,2,2,2,2,male,4,1,1 2 3,1,1,1,0,0,0,NA,1,3,2,3,1,2,2,1,1,2,3,3,3,2,2,3,2,3,1,4,4,3,3,1,2,2,2,3,3,4,3,0,0,1,0,0,0,0,0,0,NA,34,NA,16426,No,uuid:74e8b98f-8b85-45a1-bb0d-b61258725955,2512142209,uuid:74e8b98f-8b85-45a1-bb0d-b61258725955
805094,S0413010402,OROMIA,Shawaa Kaabaa,abbichuuf nya'aa,abdallaa mahaagil,Rural,"12/17/2025, 10:26:58 PM","12/17/2025, 10:06:06 AM","12/17/2025, 10:19:51 PM",12/17/2025,72ea367b009c6cb8,1,HT10602,NA,male,vice_principal,1,0,1,1,1,0,2007,2014,2014,1,6,5,NA,0,NA,NA,NA,NA,NA,NA,NA,5,1 2 3,1,1,1,0,0,0,NA,1 5,1,0,0,0,1,0,0,0,0,0,NA,0,0,0,1,0,0,0,0,0,NA,4,1,5,5,5,5,5,4,2,NA,6,NA,1,NA,1,2,1 6 8,1,0,0,0,0,1,0,1,0,NA,3,NA,4 5,0,0,0,1,1,0,0,0,0,NA,6,NA,1,NA,3,NA,5 9,0,0,0,0,1,0,0,0,1,0,NA,5,NA,1,1,0,0,0,0,0,0,NA,2,0,1,0,0,0,0,0,NA,2,NA,1,3 4 5,0,0,1,1,1,0,0,0,0,0,NA,3,NA,NA,NA,NA,NA,NA,NA,NA,NA,2,NA,2,NA,2,NA,2,NA,2,Nothing,1,3,4,4,4,4,5,4,NA,6,1 2,1,1,0,0,0,0,0,0,NA,6,NA,5,NA,2,NA,5,5,4,5,5,5,4,1,2,0,1,0,0,0,0,0,NA,2,NA,4,3,1 2 6,1,1,0,0,0,1,0,NA,1,2,0,NA,NA,NA,NA,NA,NA,0,NA,3,3,3,3,3,2,3,3,3,1,1,1,1,3,4,3,4,1,4,1,4,3,1,1,3,3,3,3,3,1,1,1,1,1,3,2,male,1,6,999,0,0,0,0,0,1,NA,1,1,2,1,1,2,2,3,3,3,3,1,3,1,2,3,3,3,1,4,1,3,1,4,1,3,3,4,1,1,2 3 4 5,0,1,1,1,1,0,0,0,0,NA,30,NA,23000,Nothing,uuid:685b443d-b7d0-4f8e-9181-c03360cf6f41,2512030638,uuid:685b443d-b7d0-4f8e-9181-c03360cf6f41
805332,S0413040042,OROMIA,Shawaa Kaabaa,dabra libaanoos,xaree qachaa,Rural,"12/19/2025, 9:10:29 PM","12/19/2025, 10:05:10 AM","12/19/2025, 8:54:20 PM",12/19/2025,511b83623529c852,1,HT35701,NA,female,principal,0,1,1,0,NA,NA,2008,2015,2015,1,1,5,NA,1,2016,management,1,0,0,0,NA,2,1 3,1,0,1,0,0,0,NA,1 4 5,1,0,0,1,1,0,0,0,0,0,NA,0,0,0,1,0,0,0,0,0,NA,5,5,4,5,3,5,5,5,2,NA,1,NA,7,NA,1,1,1 2 3,1,1,1,0,0,0,0,0,0,NA,3,NA,4 8,0,0,0,1,0,0,0,1,0,NA,3,NA,6,NA,1,NA,2 7,0,1,0,0,0,0,1,0,0,0,NA,5,NA,1 5,1,0,0,0,1,0,0,NA,2 6,0,1,0,0,0,1,0,NA,6,NA,1,2 4 5 7,0,1,0,1,1,0,1,0,0,0,NA,2,NA,NA,NA,NA,NA,NA,NA,NA,NA,2,NA,2,NA,2,NA,2,NA,2,No,4,3,4,4,4,4,3,2,NA,6,1 3 4,1,0,1,1,0,0,0,0,NA,5,NA,6,NA,8,NA,5,5,3,5,5,5,4,1,3 4 5 6,0,0,1,1,1,1,0,NA,1,NA,4,2,2 4 6,0,1,0,1,0,1,0,NA,1,1,1,1,1,0,0,0,NA,0,NA,4,4,2,3,3,2,3,3,2,1,1,1,1,2,3,2,3,2,2,3,3,2,2,1,2,3,2,2,3,2,2,2,3,2,2,1,male,4,1,1 2 3,1,1,1,0,0,0,NA,2,2,2,3,3,2,2,1,1,2,2,3,1,4,3,3,1,1,1,4,1,1,2,1,3,1,5,5,5,1,1,1,0,0,0,0,0,0,0,0,NA,28,NA,16618,No,uuid:f346db09-1a2c-433e-8c75-ea9fac60547b,2512142209,uuid:f346db09-1a2c-433e-8c75-ea9fac60547b
805949,S0413130232,OROMIA,Shawaa Kaabaa,waacaalee,muka xurii lakk 3,Urban,"12/18/2025, 9:24:26 PM","12/18/2025, 9:31:18 AM","12/18/2025, 9:26:36 PM",12/18/2025,72ea367b009c6cb8,1,HT23202,NA,female,vice_principal,0,0,0,2,1,1,2006,2014,2015,2,6,5,NA,0,NA,NA,NA,NA,NA,NA,NA,999,1 2 3,1,1,1,0,0,0,NA,1 5,1,0,0,0,1,0,0,0,0,0,NA,0,0,0,0,0,0,0,0,0,NA,5,4,5,5,5,5,3,5,1,NA,2,NA,4,NA,1,2,1 2 3,1,1,1,0,0,0,0,0,0,NA,3,NA,4 5,0,0,0,1,1,0,0,0,0,NA,1,NA,3,NA,6,NA,97,0,0,0,0,0,0,0,0,0,1,Nothing,2,NA,1,1,0,0,0,0,0,0,NA,5 6,0,0,0,0,1,1,0,NA,2,NA,1,4 5,0,0,0,1,1,0,0,0,0,0,NA,3,NA,NA,NA,NA,NA,NA,NA,NA,NA,2,NA,2,NA,2,NA,2,NA,2,Nothing,3,4,5,5,5,5,4,3,NA,1,1 2,1,1,0,0,0,0,0,0,NA,6,NA,5,NA,9,NA,5,5,5,5,5,5,5,1,2,0,1,0,0,0,0,0,NA,2,NA,4,3,1 6,1,0,0,0,0,1,0,NA,1,2,0,NA,NA,NA,NA,NA,NA,0,NA,3,3,3,3,3,3,3,3,3,1,1,1,1,4,1,4,3,1,4,1,4,1,1,1,4,3,3,3,3,3,3,3,1,1,3,1,male,3,5,1 3 4,1,0,1,1,0,0,NA,3,3,3,3,3,3,3,3,3,3,3,1,1,3,3,3,1,1,1,4,1,1,3,1,1,1,4,1,5,1,5,0,0,0,0,1,0,0,0,0,NA,32,NA,15000,Nothing,uuid:0bdf0eb7-dd9e-4c03-969e-99631f5bde65,2512142209,uuid:0bdf0eb7-dd9e-4c03-969e-99631f5bde65
805949,S0413130232,OROMIA,Shawaa Kaabaa,waacaalee,muka xurii lakk 3,Urban,"12/18/2025, 10:16:14 PM","12/18/2025, 9:26:36 AM","12/18/2025, 7:30:22 PM",12/18/2025,511b83623529c852,1,HT23201,NA,male,principal,1,0,1,2,1,1,1989,1990,2012,3,1,5,NA,1,2005,mentoring,0,0,1,0,NA,3,1 3,1,0,1,0,0,0,NA,1 4,1,0,0,1,0,0,0,0,0,0,NA,0,0,0,0,1,0,0,0,0,NA,4,4,5,5,5,4,5,4,1,NA,2,NA,7,NA,1,1,1 2 5,1,1,0,0,1,0,0,0,0,NA,3,NA,2 6,0,1,0,0,0,1,0,0,0,NA,3,NA,1,NA,6,NA,7,0,0,0,0,0,0,1,0,0,0,NA,5,NA,1 5,1,0,0,0,1,0,0,NA,2 3 5 6,0,1,1,0,1,1,0,NA,6,NA,1,2 3 4 5 6 7,0,1,1,1,1,1,1,0,0,0,NA,2,NA,NA,NA,NA,NA,NA,NA,NA,NA,2,NA,2,NA,2,NA,2,NA,2,No,4,3,4,3,3,3,3,4,NA,6,2 3 4,0,1,1,1,0,0,0,0,NA,6,NA,5,NA,8,NA,5,4,5,4,4,4,5,1,4 5 6,0,0,0,1,1,1,0,NA,1,NA,4,2,2 4 6,0,1,0,1,0,1,0,NA,1,1,1,1,1,0,0,0,NA,0,NA,4,3,3,1,3,2,4,3,4,1,1,1,2,4,3,4,3,2,3,3,1,3,1,1,3,3,2,3,2,2,2,2,3,2,3,1,male,3,1,1 2 3,1,1,1,0,0,0,NA,3,3,3,3,1,2,2,3,3,2,3,2,1,2,2,3,2,2,1,4,2,3,3,3,3,3,4,4,4,1,1,1,0,0,0,0,0,0,0,0,NA,49,NA,18051,No,uuid:d8335204-eaec-471c-a264-a85840efbe55,2512142209,uuid:d8335204-eaec-471c-a264-a85840efbe55
806059,S0413150852,OROMIA,Shawaa Kaabaa,b/m/caancoo,caancoo lakk.2 (1-8),Urban,"12/20/2025, 10:05:14 PM","12/20/2025, 10:11:11 AM","12/20/2025, 10:01:27 PM",12/20/2025,511b83623529c852,1,HT24701,NA,female,principal,0,1,1,1,1,0,2002,2007,2016,4,1,5,NA,0,NA,NA,NA,NA,NA,NA,NA,1,1 2 3 4,1,1,1,1,0,0,NA,4 5,0,0,0,1,1,0,0,0,0,0,NA,0,1,0,1,0,0,0,0,0,NA,4,4,3,5,3,3,4,3,2,NA,1,NA,3,NA,1,2,1 2 3,1,1,1,0,0,0,0,0,0,NA,3,NA,4 8,0,0,0,1,0,0,0,1,0,NA,1,NA,6,NA,3,NA,5,0,0,0,0,1,0,0,0,0,0,NA,5,NA,1 5,1,0,0,0,1,0,0,NA,2 5 6,0,1,0,0,1,1,0,NA,6,NA,1,2 4 5 6 7,0,1,0,1,1,1,1,0,0,0,NA,2,NA,NA,NA,NA,NA,NA,NA,NA,NA,2,NA,2,NA,2,NA,2,NA,2,No,3,3,3,2,4,4,3,4,NA,5,2 3 4,0,1,1,1,0,0,0,0,NA,11,NA,5,NA,6,NA,3,4,3,4,4,4,4,1,4 5 6,0,0,0,1,1,1,0,NA,2,NA,3,2,2 4 5,0,1,0,1,1,0,0,NA,1,1,1,1,1,0,0,0,NA,0,NA,3,2,2,1,3,3,2,3,2,2,1,1,1,3,3,3,3,3,4,1,2,2,3,1,2,3,2,3,3,3,2,2,2,2,2,3,male,3,3,1 2 3 4,1,1,1,1,0,0,NA,3,3,3,3,2,2,2,2,1,1,1,4,1,3,4,3,1,2,1,4,1,2,3,1,2,1,5,4,4,3,1,1,0,0,0,0,0,0,0,0,NA,35,NA,16335,No,uuid:10bf9bb7-9877-4cc3-987c-b5326046cd24,2512142209,uuid:10bf9bb7-9877-4cc3-987c-b5326046cd24
806059,S0413150852,OROMIA,Shawaa Kaabaa,b/m/caancoo,caancoo lakk.2 (1-8),Urban,"12/20/2025, 10:05:14 PM","12/20/2025, 11:10:03 AM","12/20/2025, 10:02:37 PM",12/20/2025,511b83623529c852,1,HT24702,NA,male,vice_principal,0,0,0,1,1,0,1997,2001,2009,3,1,5,NA,1,2007,mentoring,0,0,1,0,NA,1,1 2 3,1,1,1,0,0,0,NA,1 3 4 5,1,0,1,1,1,0,0,0,0,0,NA,0,1,0,0,0,0,0,0,0,NA,4,1,3,5,3,5,4,2,1,NA,2,NA,3,NA,1,2,1 2 3,1,1,1,0,0,0,0,0,0,NA,3,NA,2 4,0,1,0,1,0,0,0,0,0,NA,1,NA,4,NA,6,NA,7,0,0,0,0,0,0,1,0,0,0,NA,2,NA,1 5,1,0,0,0,1,0,0,NA,2 5,0,1,0,0,1,0,0,NA,2,NA,1,1 2 3,1,1,1,0,0,0,0,0,0,0,NA,2,NA,NA,NA,NA,NA,NA,NA,NA,NA,2,NA,2,NA,2,NA,2,NA,2,No,3,3,3,3,3,3,3,4,NA,3,1 3,1,0,1,0,0,0,0,0,NA,1,NA,7,NA,11,NA,4,4,3,4,4,4,4,1,4 5 6,0,0,0,1,1,1,0,NA,1,NA,3,2,2 4 5,0,1,0,1,1,0,0,NA,1,1,1,1,1,0,0,0,NA,0,NA,3,2,2,1,3,3,4,3,3,1,1,1,4,4,1,3,4,3,3,2,2,2,2,1,1,3,2,2,3,2,2,3,2,2,2,2,male,3,4,1 3,1,0,1,0,0,0,NA,3,3,2,1,1,1,3,3,3,1,3,2,1,1,3,3,4,1,1,4,3,2,1,1,1,1,4,4,4,2,1,1,0,0,0,0,0,0,0,0,NA,42,NA,16548,No,uuid:ac4711a3-8295-4afc-804b-e0aab241925c,2512142209,uuid:ac4711a3-8295-4afc-804b-e0aab241925c
791665,S0413190212,OROMIA,Shawaa Kaabaa,barrak,hulluqqoo,Rural,"12/16/2025, 6:14:13 PM","12/15/2025, 12:15:45 PM","12/16/2025, 5:53:51 PM",12/15/2025,511b83623529c852,1,HT12701,NA,male,principal,1,0,1,0,NA,NA,2006,2015,2017,2,1,5,NA,1,2017,management,1,0,0,0,NA,1,1,1,0,0,0,0,0,NA,1 2 4 5,1,1,0,1,1,0,0,0,0,0,NA,0,1,1,1,1,1,1,0,0,NA,4,3,5,5,4,4,4,4,1,NA,2,NA,3,NA,1,2,2 6 8,0,1,0,0,0,1,0,1,0,NA,3,NA,2 4,0,1,0,1,0,0,0,0,0,NA,1,NA,4,NA,6,NA,7 8,0,0,0,0,0,0,1,1,0,0,NA,1,NA,1 5,1,0,0,0,1,0,0,NA,2 6,0,1,0,0,0,1,0,NA,6,NA,1,1 2 3 4 5 6 7,1,1,1,1,1,1,1,0,0,0,NA,2,NA,NA,NA,NA,NA,NA,NA,NA,NA,2,NA,2,NA,2,NA,2,NA,2,No,3,3,3,3,3,3,2,2,NA,6,2 3 4,0,1,1,1,0,0,0,0,NA,5,NA,3,NA,8,NA,3,3,3,3,4,4,3,1,3 4,0,0,1,1,0,0,0,NA,2,NA,3,3,2 6,0,1,0,0,0,1,0,NA,1,1,1,1,1,0,0,0,NA,0,NA,3,2,2,3,3,3,3,2,3,1,1,1,1,3,3,3,3,2,3,3,3,2,1,1,2,2,2,3,2,2,3,2,1,2,2,2,male,3,1,1 2 3 4,1,1,1,1,0,0,NA,1,1,2,1,1,3,1,1,1,1,1,1,2,2,2,2,3,3,2,4,1,2,3,4,3,3,3,3,3,1,1,1,0,0,0,0,0,0,0,0,NA,29,NA,16548,No,uuid:ddf13929-3743-49ff-8960-116519b57780,2512111015,uuid:ddf13929-3743-49ff-8960-116519b57780
104141,S0414010492,OROMIA,Shawaa Kibba Lixaa,ammayyaa,ammayyaa,Urban,"12/18/2025, 8:12:42 PM","12/18/2025, 10:17:51 AM","12/18/2025, 8:06:14 PM",12/18/2025,6b74f9d4edaa4c9a,1,HT32702,NA,female,vice_principal,1,0,1,3,1,2,2008,2012,2015,2,1,5,NA,0,NA,NA,NA,NA,NA,NA,NA,5,1 2 3,1,1,1,0,0,0,NA,1 2,1,1,0,0,0,0,0,0,0,0,NA,0,0,0,0,1,0,1,0,0,NA,4,3,5,5,5,5,4,4,2,NA,7,NA,3,NA,1,1,1 2 3,1,1,1,0,0,0,0,0,0,NA,3,NA,5 8,0,0,0,0,1,0,0,1,0,NA,6,NA,1,NA,3,NA,4,0,0,0,1,0,0,0,0,0,0,NA,5,NA,1,1,0,0,0,0,0,0,NA,6,0,0,0,0,0,1,0,NA,6,NA,1,3 4,0,0,1,1,0,0,0,0,0,0,NA,3,NA,NA,NA,NA,NA,NA,NA,NA,NA,2,NA,2,NA,3,NA,2,NA,1,NA,4,3,4,4,4,3,4,4,NA,6,2 3,0,1,1,0,0,0,0,0,NA,6,NA,10,NA,4,NA,5,5,4,5,5,5,5,2,4 6,0,0,0,1,0,1,0,NA,1,NA,2,2,2,0,1,0,0,0,0,0,NA,1,6,1,1,1,0,0,0,NA,1,Teachers and Vice principal,4,4,4,4,4,4,4,1,4,1,1,1,4,3,4,4,4,1,2,1,4,1,1,3,3,3,3,3,1,2,2,2,1,2,3,2,male,2,5,1 2 4,1,1,0,1,0,0,NA,3,1,3,3,3,2,3,3,3,3,3,3,1,3,3,3,4,3,1,4,1,1,3,1,1,1,4,4,4,1,5 6,0,0,0,0,1,1,0,0,0,NA,33,NA,15490,NA,uuid:cd4306a6-f393-4850-986f-36184200a749,2512142209,uuid:cd4306a6-f393-4850-986f-36184200a749
104141,S0414010492,OROMIA,Shawaa Kibba Lixaa,ammayyaa,ammayyaa,Urban,"12/18/2025, 8:33:20 PM","12/18/2025, 12:02:57 PM","12/18/2025, 10:14:09 PM",12/18/2025,4b8dc9a715f0e7e5,1,HT32701,NA,male,principal,0,0,0,3,1,2,1989,1998,2012,5,1,5,NA,1,2017,in_service mentoring,0,1,1,0,NA,3,2 3,0,1,1,0,0,0,NA,2 3 4,0,1,1,1,0,0,0,0,0,0,NA,1,1,0,0,1,0,0,0,0,NA,5,4,4,4,4,4,3,5,2,NA,1,NA,6,NA,1,1,1 2 3,1,1,1,0,0,0,0,0,0,NA,2,NA,2 4,0,1,0,1,0,0,0,0,0,NA,1,NA,2,NA,3,NA,7,0,0,0,0,0,0,1,0,0,0,NA,5,NA,1,1,0,0,0,0,0,0,NA,2 5,0,1,0,0,1,0,0,NA,4,NA,1,2 3 4,0,1,1,1,0,0,0,0,0,0,NA,3,NA,NA,NA,NA,NA,NA,NA,NA,NA,3,NA,2,NA,1,NA,2,NA,2,None,4,4,4,4,4,3,4,3,NA,7,2 3,0,1,1,0,0,0,0,0,NA,5,NA,6,NA,11,NA,5,5,4,4,4,4,5,2,2 4,0,1,0,1,0,0,0,NA,2,NA,4,2,3 6,0,0,1,0,0,1,0,NA,1,1,0,NA,NA,NA,NA,NA,NA,1,Teachers,4,3,3,4,3,3,4,3,4,2,1,2,4,4,4,4,4,3,4,1,4,3,4,4,3,3,3,3,2,1,1,2,2,1,3,1,male,2,4,1 3,1,0,1,0,0,0,NA,1,1,2,3,1,1,2,2,3,3,3,3,3,2,2,3,3,3,2,3,2,1,3,1,4,3,3,3,3,2,1 4 6,1,0,0,1,0,1,0,0,0,NA,50,NA,17690,None,uuid:c0d18266-1ad1-4f99-9e9f-bf08d20d3a98,2512142209,uuid:c0d18266-1ad1-4f99-9e9f-bf08d20d3a98
104259,S0414020292,OROMIA,Shawaa Kibba Lixaa,bacho,abdii guddinaa,Urban,"12/17/2025, 6:45:43 PM","12/17/2025, 10:43:17 AM","12/17/2025, 6:38:58 PM",12/17/2025,6b74f9d4edaa4c9a,1,HT12301,NA,female,principal,0,0,0,2,1,1,2000,2015,2015,3,1,5,NA,0,NA,NA,NA,NA,NA,NA,NA,5,1 2 3,1,1,1,0,0,0,NA,1 2 4 5,1,1,0,1,1,0,0,0,0,0,NA,0,1,0,0,1,0,1,0,0,NA,4,5,5,4,3,5,4,5,2,NA,6,NA,7,NA,1,1,1 2 3,1,1,1,0,0,0,0,0,0,NA,3,NA,4 5,0,0,0,1,1,0,0,0,0,NA,1,NA,6,NA,3,NA,7,0,0,0,0,0,0,1,0,0,0,NA,5,NA,1,1,0,0,0,0,0,0,NA,4 6,0,0,0,1,0,1,0,NA,6,NA,1,4 7,0,0,0,1,0,0,1,0,0,0,NA,3,NA,NA,NA,NA,NA,NA,NA,NA,NA,2,NA,2,NA,2,NA,2,NA,1,NA,4,3,3,3,4,3,4,5,NA,6,2 3,0,1,1,0,0,0,0,0,NA,6,NA,5,NA,2,NA,5,5,3,5,5,5,5,2,4,0,0,0,1,0,0,0,NA,1,NA,4,2,6,0,0,0,0,0,1,0,NA,1,1,1,1,1,0,0,0,NA,1,Teachers,3,4,2,3,4,4,4,3,4,2,1,1,4,1,4,3,4,1,4,3,4,1,1,1,4,3,3,3,3,2,2,2,1,1,2,2,male,2,3,4,0,0,0,1,0,0,NA,1,1,2,3,3,1,2,3,2,2,2,4,1,4,4,3,1,1,1,4,1,1,3,1,1,1,2,3,4,4,1 4,1,0,0,1,0,0,0,0,0,NA,40,NA,16593,NA,uuid:17d83ce7-4c5c-4cce-9374-1e676e2a5106,2512142209,uuid:17d83ce7-4c5c-4cce-9374-1e676e2a5106
104259,S0414020292,OROMIA,Shawaa Kibba Lixaa,bacho,abdii guddinaa,Urban,"12/17/2025, 6:58:19 PM","12/17/2025, 12:41:27 PM","12/17/2025, 8:48:23 PM",12/17/2025,4b8dc9a715f0e7e5,1,HT12302,NA,female,vice_principal,0,1,1,2,1,1,1999,2014,2014,1,1,5,NA,0,NA,NA,NA,NA,NA,NA,NA,5,2 3,0,1,1,0,0,0,NA,2 3,0,1,1,0,0,0,0,0,0,0,NA,0,1,0,0,1,0,0,0,0,NA,5,4,5,5,4,5,1,5,1,NA,2,NA,4,NA,2,NA,NA,NA,NA,NA,NA,NA,NA,NA,NA,NA,NA,NA,NA,2 6,0,1,0,0,0,1,0,0,0,NA,3,NA,8,NA,1,NA,7 9,0,0,0,0,0,0,1,0,1,0,NA,5,NA,1,1,0,0,0,0,0,0,NA,2 6,0,1,0,0,0,1,0,NA,3,NA,1,3 4 5,0,0,1,1,1,0,0,0,0,0,NA,3,NA,NA,NA,NA,NA,NA,NA,NA,NA,2,NA,2,NA,2,NA,2,NA,2,None,4,4,4,4,4,4,4,3,NA,7,1 2,1,1,0,0,0,0,0,0,NA,5,NA,11,NA,6,NA,3,4,3,4,5,3,5,2,2 3,0,1,1,0,0,0,0,NA,1,NA,4,2,3,0,0,1,0,0,0,0,NA,1,1,1,1 2,1,1,0,0,NA,1,Teachers,3,4,3,4,3,3,3,3,4,2,1,2,3,4,4,4,4,2,3,3,3,1,3,3,3,3,3,3,2,3,2,3,2,1,3,2,female,2,3,3 4,0,0,1,1,0,0,NA,3,1,2,3,1,3,2,3,1,3,3,3,4,3,3,3,3,3,3,4,1,3,3,1,4,1,4,4,4,1,2 5 7,0,1,0,0,1,0,1,0,0,NA,36,NA,16586,None,uuid:06d114c7-5260-43d2-a047-279c8b6e2f1b,2512142209,uuid:06d114c7-5260-43d2-a047-279c8b6e2f1b
104406,S0414040052,OROMIA,Shawaa Kibba Lixaa,gooroo,diimtuu,Rural,"12/20/2025, 3:55:54 PM","12/20/2025, 8:48:48 AM","12/20/2025, 3:55:40 PM",12/20/2025,6b74f9d4edaa4c9a,1,HT17001,NA,female,principal,0,0,0,0,NA,NA,2005,2012,2015,4,2,5,NA,1,2017,in_service,0,1,0,0,NA,4,1 2 3,1,1,1,0,0,0,NA,1 2 5,1,1,0,0,1,0,0,0,0,0,NA,0,1,0,0,0,0,1,0,0,NA,5,3,5,4,5,4,3,5,2,NA,3,NA,7,NA,1,1,1 2 3,1,1,1,0,0,0,0,0,0,NA,3,NA,2 5,0,1,0,0,1,0,0,0,0,NA,1,NA,3,NA,6,NA,9,0,0,0,0,0,0,0,0,1,0,NA,5,NA,1,1,0,0,0,0,0,0,NA,5 6,0,0,0,0,1,1,0,NA,6,NA,1,3 4 5,0,0,1,1,1,0,0,0,0,0,NA,3,NA,NA,NA,NA,NA,NA,NA,NA,NA,2,NA,2,NA,2,NA,2,NA,1,NA,4,4,5,4,4,4,4,4,NA,6,2 3,0,1,1,0,0,0,0,0,NA,3,NA,6,NA,5,NA,5,5,5,5,5,5,5,2,4,0,0,0,1,0,0,0,NA,1,NA,4,3,1 6,1,0,0,0,0,1,0,NA,1,2,1,1,1,0,0,0,NA,1,Teachers,4,4,4,4,4,3,4,1,4,1,1,1,4,3,3,3,4,1,3,3,4,1,1,3,3,3,3,3,1,3,1,2,1,1,2,1,male,2,2,1 3 4,1,0,1,1,0,0,NA,1,1,1,1,1,2,2,2,1,1,1,2,1,1,3,2,1,1,2,4,1,1,3,1,1,1,3,4,1,1,1 8,1,0,0,0,0,0,0,1,0,NA,34,NA,16200,NA,uuid:ef81bd4e-b31b-48bd-8a81-23057db789b1,2512142209,uuid:ef81bd4e-b31b-48bd-8a81-23057db789b1
562620,S0414080272,OROMIA,Shawaa Kibba Lixaa,sooddoo daacii,tarree sillaasee,Urban,"12/23/2025, 7:42:17 PM","12/23/2025, 10:13:19 AM","12/23/2025, 7:39:33 PM",12/23/2025,6b74f9d4edaa4c9a,1,HT22901,NA,male,principal,0,0,0,2,1,1,2004,2010,2017,2,2,5,NA,1,2017,in_service,0,1,0,0,NA,4,1 2 3,1,1,1,0,0,0,NA,1 2 4 5 7,1,1,0,1,1,0,1,0,0,0,NA,0,1,0,0,1,0,1,0,0,NA,5,4,5,5,5,5,4,5,2,NA,7,NA,6,NA,1,1,1 2 3,1,1,1,0,0,0,0,0,0,NA,3,NA,2 5,0,1,0,0,1,0,0,0,0,NA,1,NA,3,NA,6,NA,7 9,0,0,0,0,0,0,1,0,1,0,NA,5,NA,1,1,0,0,0,0,0,0,NA,5 6,0,0,0,0,1,1,0,NA,6,NA,1,2 3 4 7,0,1,1,1,0,0,1,0,0,0,NA,4,NA,1 2,1,1,0,0,0,0,NA,2,NA,2,NA,2,NA,2,NA,1,NA,4,3,3,4,3,3,4,4,NA,6,2 3,0,1,1,0,0,0,0,0,NA,6,NA,2,NA,5,NA,5,5,5,5,5,5,5,1,4,0,0,0,1,0,0,0,NA,1,NA,2,3,2 3 5,0,1,1,0,1,0,0,NA,1,1,1,1,1,0,0,0,NA,1,Teachers,4,4,4,4,4,3,4,2,4,2,2,2,1,4,3,2,4,1,3,3,4,1,1,4,4,2,3,3,1,2,2,3,1,1,3,1,male,3,1,1 3 4,1,0,1,1,0,0,NA,3,3,3,3,3,2,3,3,3,3,3,3,1,4,4,3,1,1,1,4,1,1,3,1,1,1,3,4,3,2,1 5,1,0,0,0,1,0,0,0,0,NA,35,NA,16300,NA,uuid:bcc903ef-afcf-4de8-a219-4e13627cfa09,2512142209,uuid:bcc903ef-afcf-4de8-a219-4e13627cfa09
562620,S0414080272,OROMIA,Shawaa Kibba Lixaa,sooddoo daacii,tarree sillaasee,Urban,"12/23/2025, 7:59:12 PM","12/23/2025, 3:12:09 PM","12/23/2025, 9:42:34 PM",12/23/2025,4b8dc9a715f0e7e5,1,HT22902,NA,female,vice_principal,1,0,1,2,1,1,2004,2012,2012,1,4,5,NA,0,NA,NA,NA,NA,NA,NA,NA,5,2 3,0,1,1,0,0,0,NA,1 3 4,1,0,1,1,0,0,0,0,0,0,NA,0,0,0,0,0,1,1,0,0,NA,5,3,5,5,5,5,3,4,2,NA,7,NA,3,NA,1,1,1 2 3,1,1,1,0,0,0,0,0,0,NA,3,NA,2 5,0,1,0,0,1,0,0,0,0,NA,1,NA,3,NA,6,NA,7 9,0,0,0,0,0,0,1,0,1,0,NA,5,NA,1,1,0,0,0,0,0,0,NA,5 6,0,0,0,0,1,1,0,NA,6,NA,1,3 4 7,0,0,1,1,0,0,1,0,0,0,NA,4,NA,1 2,1,1,0,0,0,0,NA,2,NA,2,NA,2,NA,2,NA,1,NA,4,3,3,4,3,4,4,4,NA,6,3,0,0,1,0,0,0,0,0,NA,6,NA,5,NA,2,NA,5,5,3,5,5,5,5,1,4,0,0,0,1,0,0,0,NA,1,NA,3,2,2 3 6,0,1,1,0,0,1,0,NA,1,1,1,1,1,0,0,0,NA,1,Teachers,4,4,4,4,4,2,4,2,3,2,1,1,4,4,1,2,4,1,4,3,3,1,1,4,3,3,2,2,1,2,2,2,1,1,3,3,male,3,1,1 3 4,1,0,1,1,0,0,NA,3,2,2,2,2,2,3,2,3,3,3,3,1,4,4,3,4,3,1,4,1,1,3,1,3,1,3,4,3,4,4 5,0,0,0,1,1,0,0,0,0,NA,32,NA,15300,NA,uuid:b388f6b7-16a2-4d48-ba83-0755f8d54a69,2512142209,uuid:b388f6b7-16a2-4d48-ba83-0755f8d54a69
89812,S0414120152,OROMIA,Shawaa Kibba Lixaa,sabbataa hawaas,booroo fi hiroo,Rural,"12/22/2025, 8:16:10 PM","12/22/2025, 10:23:01 AM","12/22/2025, 8:10:09 PM",12/22/2025,6b74f9d4edaa4c9a,1,HT21401,NA,male,principal,0,0,0,1,1,0,2006,2009,2017,5,5,5,NA,1,2017,in_service,0,1,0,0,NA,4,1 2 3,1,1,1,0,0,0,NA,1 2 5,1,1,0,0,1,0,0,0,0,0,NA,0,1,0,0,1,0,0,0,0,NA,5,5,5,5,5,5,3,2,2,NA,6,NA,7,NA,1,1,1 2 3,1,1,1,0,0,0,0,0,0,NA,3,NA,4 5,0,0,0,1,1,0,0,0,0,NA,1,NA,3,NA,5,NA,7 9,0,0,0,0,0,0,1,0,1,0,NA,5,NA,1,1,0,0,0,0,0,0,NA,5 6,0,0,0,0,1,1,0,NA,6,NA,1,2 4 7,0,1,0,1,0,0,1,0,0,0,NA,3,NA,NA,NA,NA,NA,NA,NA,NA,NA,2,NA,2,NA,2,NA,2,NA,2,NA,4,3,3,3,3,4,4,4,NA,6,3 4,0,0,1,1,0,0,0,0,NA,6,NA,2,NA,5,NA,5,5,3,5,5,5,5,2,4,0,0,0,1,0,0,0,NA,1,NA,4,4,2 5 6,0,1,0,0,1,1,0,NA,1,1,1,1,1,0,0,0,NA,1,Teachers,4,4,4,4,4,3,4,4,3,2,1,2,1,4,4,4,4,1,4,3,4,1,4,3,4,3,3,3,1,3,2,3,2,1,3,1,male,1,1,1 4,1,0,0,1,0,0,NA,2,2,2,3,2,2,2,2,3,2,3,1,1,1,4,3,4,1,1,4,1,1,3,1,4,4,1,4,4,1,1 5,1,0,0,0,1,0,0,0,0,NA,32,NA,16500,NA,uuid:42a6984b-65d3-4985-ae9f-ad7c37cb1cef,2512142209,uuid:42a6984b-65d3-4985-ae9f-ad7c37cb1cef
89812,S0414120152,OROMIA,Shawaa Kibba Lixaa,sabbataa hawaas,booroo fi hiroo,Rural,"12/22/2025, 8:33:48 PM","12/22/2025, 12:47:43 PM","12/22/2025, 10:10:07 PM",12/22/2025,4b8dc9a715f0e7e5,1,HT21402,NA,male,vice_principal,1,0,1,1,1,0,2012,2015,2015,1,4,5,NA,0,NA,NA,NA,NA,NA,NA,NA,5,2 3,0,1,1,0,0,0,NA,3 4,0,0,1,1,0,0,0,0,0,0,NA,1,1,0,0,0,0,0,0,0,NA,5,4,5,3,5,5,1,5,2,NA,1,NA,6,NA,1,1,1 2 4,1,1,0,1,0,0,0,0,0,NA,2,NA,4 6,0,0,0,1,0,1,0,0,0,NA,3,NA,6,NA,8,NA,4 7,0,0,0,1,0,0,1,0,0,0,NA,5,NA,1,1,0,0,0,0,0,0,NA,2 5 6,0,1,0,0,1,1,0,NA,4,NA,1,3 4,0,0,1,1,0,0,0,0,0,0,NA,3,NA,NA,NA,NA,NA,NA,NA,NA,NA,2,NA,2,NA,1,NA,1,NA,2,None,3,4,3,3,4,3,4,3,NA,3,2 3,0,1,1,0,0,0,0,0,NA,5,NA,2,NA,6,NA,3,5,3,5,5,5,5,2,2 3,0,1,1,0,0,0,0,NA,2,NA,4,2,3 4,0,0,1,1,0,0,0,NA,1,1,0,NA,NA,NA,NA,NA,NA,1,Teachers,3,3,3,1,4,1,3,3,4,2,1,1,4,4,4,2,4,1,3,3,3,3,1,3,3,3,2,3,1,3,1,3,1,1,3,2,male,3,5,1 3 4,1,0,1,1,0,0,NA,3,3,3,3,3,3,3,3,3,3,3,3,1,3,1,3,1,1,2,4,1,1,3,1,1,3,2,4,1,2,4 5,0,0,0,1,1,0,0,0,0,NA,29,NA,12294,None,uuid:5502577b-d99e-4b8a-a18e-61526e2d1aa2,2512142209,uuid:5502577b-d99e-4b8a-a18e-61526e2d1aa2
105286,S0415020322,OROMIA,Shawaa Lixaa,ada'aa bargaa,siree bargaa,Rural,"12/12/2025, 6:05:30 PM","12/12/2025, 1:12:08 PM","12/12/2025, 8:01:55 PM",12/12/2025,4b8dc9a715f0e7e5,1,HT24101,NA,female,principal,0,0,0,0,NA,NA,2007,2012,2015,2,1,5,NA,1,2017,management,1,0,0,0,NA,2,2 3,0,1,1,0,0,0,NA,1 2,1,1,0,0,0,0,0,0,0,0,NA,1,1,0,0,0,0,0,0,0,NA,5,4,5,5,4,4,3,4,1,NA,2,NA,4,NA,1,2,1 2 3,1,1,1,0,0,0,0,0,0,NA,3,NA,2 8,0,1,0,0,0,0,0,1,0,NA,1,NA,3,NA,6,NA,2,0,1,0,0,0,0,0,0,0,0,NA,5,NA,1,1,0,0,0,0,0,0,NA,2 5 6,0,1,0,0,1,1,0,NA,4,NA,1,2 3 5,0,1,1,0,1,0,0,0,0,0,NA,3,NA,NA,NA,NA,NA,NA,NA,NA,NA,2,NA,1,NA,1,NA,2,NA,1,None,3,3,4,4,4,4,4,3,NA,3,1 2,1,1,0,0,0,0,0,0,NA,5,NA,8,NA,2,NA,5,5,3,5,5,5,3,2,2 4,0,1,0,1,0,0,0,NA,1,NA,4,2,2 3,0,1,1,0,0,0,0,NA,1,1,1,1,1,0,0,0,NA,1,Teachers and principle,4,3,3,4,3,3,3,3,4,2,1,2,3,4,4,4,4,3,4,3,4,3,3,3,3,3,3,3,2,3,1,3,2,1,3,1,male,2,3,1 4,1,0,0,1,0,0,NA,3,3,3,1,1,2,2,2,1,1,1,3,2,3,3,3,3,3,1,3,1,3,1,2,3,3,2,4,4,1,5 8,0,0,0,0,1,0,0,1,0,NA,32,NA,16000,None,uuid:5b5600ee-4fc1-4140-b188-4dc43ea3ec41,2512111015,uuid:5b5600ee-4fc1-4140-b188-4dc43ea3ec41
105692,S0415080472,OROMIA,Shawaa Lixaa,dandii,dandii birhaan,Rural,"12/26/2025, 6:07:41 AM","12/25/2025, 9:50:38 AM","12/25/2025, 10:31:27 AM",12/25/2025,7697c74e25302763,1,HT15001,NA,female,principal,1,0,1,1,1,0,2007,2012,2015,2,5,5,NA,1,2017,in_service,0,1,0,0,NA,2,1,1,0,0,0,0,0,NA,3 5 8,0,0,1,0,1,0,0,1,0,0,NA,0,0,0,0,0,0,0,0,0,NA,5,5,5,5,5,5,5,4,1,NA,2,NA,4,NA,1,2,1 2 4,1,1,0,1,0,0,0,0,0,NA,3,NA,4 8,0,0,0,1,0,0,0,1,0,NA,1,NA,6,NA,3,NA,9,0,0,0,0,0,0,0,0,1,0,NA,5,NA,1,1,0,0,0,0,0,0,NA,2 5,0,1,0,0,1,0,0,NA,6,NA,1,3 4,0,0,1,1,0,0,0,0,0,0,NA,3,NA,NA,NA,NA,NA,NA,NA,NA,NA,2,NA,3,NA,2,NA,2,NA,2,Hin jiru,2,4,4,4,4,4,3,4,NA,6,1,1,0,0,0,0,0,0,0,NA,5,NA,2,NA,97,"Rakkoo humna namaa fknf qulqulleessituu ,waardiyyaa fi kkkf",5,5,5,5,5,5,5,1,2,0,1,0,0,0,0,0,NA,1,NA,4,3,2 4 6,0,1,0,1,0,1,0,NA,1,1,1,2,0,1,0,0,NA,0,NA,4,3,3,4,4,4,2,2,3,1,1,1,1,4,1,4,3,3,4,1,3,4,1,3,4,1,2,3,1,2,1,1,1,1,1,1,male,4,4,1 2 3 4,1,1,1,1,0,0,NA,3,2,2,3,3,3,3,3,3,3,3,4,1,4,4,4,1,3,1,4,1,1,3,1,1,1,4,1,4,1,5 6,0,0,0,0,1,1,0,0,0,NA,29,NA,16700,Hin jiru,uuid:58d7dfc8-5ba0-4b32-b7bd-76677b8de396,2512142209,uuid:58d7dfc8-5ba0-4b32-b7bd-76677b8de396
105692,S0415080472,OROMIA,Shawaa Lixaa,dandii,dandii birhaan,Rural,"12/26/2025, 5:44:36 PM","12/25/2025, 10:02:57 AM","12/25/2025, 11:20:58 AM",12/25/2025,bbae1c343e73e9f2,1,HT15002,NA,male,vice_principal,0,1,1,2,1,1,2015,2017,2018,1,4,2,NA,1,2017,mentoring other,0,0,1,1,Dhimma shamarin irraatti,2,1 3,1,0,1,0,0,0,NA,2 3 5 6,0,1,1,0,1,1,0,0,0,0,NA,0,1,0,0,1,0,0,1,0,NA,5,5,5,5,4,5,4,5,2,NA,1,NA,3,NA,1,2,1 4 6,1,0,0,1,0,1,0,0,0,NA,3,NA,1 6,1,0,0,0,0,1,0,0,0,NA,1,NA,3,NA,2,NA,5 9,0,0,0,0,1,0,0,0,1,0,NA,1,NA,1,1,0,0,0,0,0,0,NA,3 5 6,0,0,1,0,1,1,0,NA,4,NA,1,2 3 4 6 7 8,0,1,1,1,0,1,1,1,0,0,NA,3,NA,NA,NA,NA,NA,NA,NA,NA,NA,2,NA,2,NA,1,NA,2,NA,1,NA,4,3,4,3,4,3,4,3,NA,6,2 4 6,0,1,0,1,0,1,0,0,NA,2,NA,5,NA,8,NA,4,3,4,3,4,3,4,1,3 5,0,0,1,0,1,0,0,NA,1,NA,5,2,2 3 4 5,0,1,1,1,1,0,0,NA,1,2,1,1 2 3,1,1,1,0,NA,0,NA,3,4,3,3,3,2,2,3,3,1,1,1,3,2,3,2,3,2,3,3,2,3,2,3,3,1,3,1,1,1,2,2,1,1,3,1,male,4,1,1 2 3 4,1,1,1,1,0,0,NA,1,3,3,1,1,3,3,1,1,3,3,3,3,4,3,3,3,2,3,2,3,2,3,4,3,4,3,4,3,1,5 8,0,0,0,0,1,0,0,1,0,NA,25,NA,10700,NA,uuid:f0c405d1-8d63-4b06-bd3a-41adea20bc72,2512142209,uuid:f0c405d1-8d63-4b06-bd3a-41adea20bc72
105819,S0415100272,OROMIA,Shawaa Lixaa,ejeree,kusaayee,Rural,"12/15/2025, 5:57:08 PM","12/15/2025, 11:51:34 AM","12/15/2025, 5:51:31 PM",12/15/2025,6b74f9d4edaa4c9a,1,HT16001,NA,female,principal,0,0,0,0,NA,NA,2003,2008,2012,4,2,5,NA,1,2016,mentoring,0,0,1,0,NA,3,1 2 3,1,1,1,0,0,0,NA,1 6,1,0,0,0,0,1,0,0,0,0,NA,0,0,0,0,0,1,1,0,0,NA,5,5,5,5,4,5,5,5,2,NA,1,NA,3,NA,1,1,1 2 8,1,1,0,0,0,0,0,1,0,NA,3,NA,2 5,0,1,0,0,1,0,0,0,0,NA,1,NA,3,NA,6,NA,5,0,0,0,0,1,0,0,0,0,0,NA,5,NA,1,1,0,0,0,0,0,0,NA,2 5,0,1,0,0,1,0,0,NA,6,NA,1,3 4,0,0,1,1,0,0,0,0,0,0,NA,3,NA,NA,NA,NA,NA,NA,NA,NA,NA,2,NA,2,NA,2,NA,2,NA,1,NA,5,2,3,3,4,4,5,4,NA,6,3,0,0,1,0,0,0,0,0,NA,6,NA,2,NA,3,NA,5,5,3,5,5,5,5,1,1,1,0,0,0,0,0,0,NA,1,NA,4,3,6,0,0,0,0,0,1,0,NA,1,1,1,1,1,0,0,0,NA,1,Teachers and Principal,3,4,3,4,4,4,4,1,4,1,1,1,4,4,4,2,4,3,4,1,4,2,1,3,2,2,3,3,1,2,1,2,1,1,3,1,male,2,1,1 3 4,1,0,1,1,0,0,NA,1,1,2,3,2,2,2,2,2,1,3,1,3,3,3,2,4,1,1,4,1,1,1,5,5,5,1,5,1,4,1 5,1,0,0,0,1,0,0,0,0,NA,34,NA,16074,NA,uuid:4c8571ac-e852-453f-b3c7-3f4219e32e7b,2512111015,uuid:4c8571ac-e852-453f-b3c7-3f4219e32e7b
105830,S0415100372,OROMIA,Shawaa Lixaa,ejeree,waajituu sad.1ffaa,Rural,"12/16/2025, 6:39:31 PM","12/16/2025, 10:06:53 AM","12/16/2025, 6:30:54 PM",12/16/2025,6b74f9d4edaa4c9a,1,HT16102,NA,female,vice_principal,1,0,1,1,0,1,2007,2012,2017,5,2,5,NA,1,2017,mentoring,0,0,1,0,NA,3,1 2 3,1,1,1,0,0,0,NA,1 4 5,1,0,0,1,1,0,0,0,0,0,NA,0,1,1,1,1,0,1,0,0,NA,5,5,5,5,5,5,5,5,2,NA,6,NA,3,NA,1,1,2 3 4,0,1,1,1,0,0,0,0,0,NA,3,NA,5 8,0,0,0,0,1,0,0,1,0,NA,1,NA,6,NA,4,NA,9,0,0,0,0,0,0,0,0,1,0,NA,5,NA,1,1,0,0,0,0,0,0,NA,5 6,0,0,0,0,1,1,0,NA,6,NA,1,3 4 7,0,0,1,1,0,0,1,0,0,0,NA,3,NA,NA,NA,NA,NA,NA,NA,NA,NA,2,NA,2,NA,2,NA,2,NA,1,NA,5,5,5,5,4,4,5,3,NA,3,1 2 3,1,1,1,0,0,0,0,0,NA,5,NA,2,NA,6,NA,5,5,5,5,5,5,5,1,1,1,0,0,0,0,0,0,NA,1,NA,4,2,2 6,0,1,0,0,0,1,0,NA,1,1,1,1,1,0,0,0,NA,1,Principal and Teachers,4,4,4,4,4,4,4,2,4,1,1,1,1,4,3,3,4,1,4,3,4,3,1,3,3,3,3,3,3,3,3,2,1,1,3,1,male,2,1,1 4,1,0,0,1,0,0,NA,3,3,3,2,3,2,2,3,3,3,3,4,1,4,4,4,4,1,1,4,1,1,3,1,1,1,3,5,4,1,3 4,0,0,1,1,0,0,0,0,0,NA,34,NA,15400,NA,uuid:0aa59cd6-1f63-43eb-96c6-bc1055838811,2512142209,uuid:0aa59cd6-1f63-43eb-96c6-bc1055838811
105830,S0415100372,OROMIA,Shawaa Lixaa,ejeree,waajituu sad.1ffaa,Rural,"12/16/2025, 7:05:23 PM","12/16/2025, 12:03:37 PM","12/16/2025, 8:50:14 PM",12/16/2025,4b8dc9a715f0e7e5,1,HT16101,NA,male,principal,0,0,0,1,0,1,2004,2015,2017,2,3,5,NA,0,NA,NA,NA,NA,NA,NA,NA,5,1 3,1,0,1,0,0,0,NA,2 3,0,1,1,0,0,0,0,0,0,0,NA,1,1,0,0,0,0,1,0,0,NA,5,4,4,4,5,5,3,5,2,NA,1,NA,6,NA,1,2,1 2 3,1,1,1,0,0,0,0,0,0,NA,3,NA,4 6,0,0,0,1,0,1,0,0,0,NA,1,NA,3,NA,6,NA,2,0,1,0,0,0,0,0,0,0,0,NA,5,NA,1 2,1,1,0,0,0,0,0,NA,2 6,0,1,0,0,0,1,0,NA,3,NA,1,3 4,0,0,1,1,0,0,0,0,0,0,NA,3,NA,NA,NA,NA,NA,NA,NA,NA,NA,2,NA,1,NA,1,NA,2,NA,2,None,3,3,3,4,3,3,4,3,NA,3,2 3,0,1,1,0,0,0,0,0,NA,5,NA,2,NA,8,NA,4,4,4,5,5,5,4,2,2 3,0,1,1,0,0,0,0,NA,2,NA,4,3,2 3,0,1,1,0,0,0,0,NA,1,1,0,NA,NA,NA,NA,NA,NA,1,Teachers and principle,3,4,3,4,4,3,4,3,4,2,1,1,3,4,4,3,3,3,3,3,4,3,3,3,3,3,3,3,1,2,1,2,2,1,2,2,male,3,1,1 3,1,0,1,0,0,0,NA,3,2,2,2,1,1,3,2,2,1,1,3,1,3,4,3,4,3,4,3,3,3,3,2,4,3,3,4,3,1,4 5,0,0,0,1,1,0,0,0,0,NA,38,NA,16500,None,uuid:4bdeb532-4a2a-455c-9d41-7b40f8ad27b8,2512142209,uuid:4bdeb532-4a2a-455c-9d41-7b40f8ad27b8
106327,S0415170012,OROMIA,Shawaa Lixaa,liiban jaawwii,caffee irreensaa,Rural,"12/24/2025, 7:53:41 PM","12/24/2025, 10:14:24 AM","12/24/2025, 11:14:11 AM",12/24/2025,7697c74e25302763,1,HT19401,NA,male,principal,0,0,0,0,NA,NA,2000,2012,2017,2,5,5,NA,0,NA,NA,NA,NA,NA,NA,NA,5,1,1,0,0,0,0,0,NA,3 4,0,0,1,1,0,0,0,0,0,0,NA,0,0,0,0,0,0,0,0,0,NA,5,5,5,5,5,5,5,4,1,NA,2,NA,5,NA,1,2,2 5 6,0,1,0,0,1,1,0,0,0,NA,3,NA,4 8,0,0,0,1,0,0,0,1,0,NA,6,NA,3,NA,1,NA,9,0,0,0,0,0,0,0,0,1,0,NA,1,NA,1,1,0,0,0,0,0,0,NA,2 6,0,1,0,0,0,1,0,NA,3,NA,1,3 4,0,0,1,1,0,0,0,0,0,0,NA,3,NA,NA,NA,NA,NA,NA,NA,NA,NA,3,NA,3,NA,2,NA,2,NA,3,Hin jiru,2,3,3,4,4,3,4,4,NA,6,1,1,0,0,0,0,0,0,0,NA,6,NA,5,NA,7,NA,5,5,5,5,5,5,5,1,2,0,1,0,0,0,0,0,NA,1,NA,2,2,2 3 4,0,1,1,1,0,0,0,NA,1,1,1,2,0,1,0,0,NA,0,NA,3,3,1,2,3,3,3,2,3,1,1,1,4,3,1,3,2,2,3,3,3,3,2,2,3,1,2,2,2,1,1,1,2,2,2,1,male,2,5,1 2 3 4,1,1,1,1,0,0,NA,1,2,2,1,3,3,3,3,3,3,3,2,2,2,2,4,1,2,1,4,1,4,3,1,1,1,4,1,4,1,1 4,1,0,0,1,0,0,0,0,0,NA,38,NA,14000,Hin jiru,uuid:843e3ebc-b738-473f-b495-2a5026e8626a,2512142209,uuid:843e3ebc-b738-473f-b495-2a5026e8626a
562484,S0416090132,OROMIA,Wallagaa Bahaa,jimmaa arjoo,nimoonaa sad 1ffaa,Urban,"12/11/2025, 2:46:05 PM","12/8/2025, 10:31:12 AM","12/11/2025, 1:41:30 PM",12/8/2025,3.58E+14,1,HT18302,NA,male,vice_principal,0,1,1,2,1,1,2002,2005,2015,3,4,5,NA,1,2006,in_service,0,1,0,0,NA,5,1,1,0,0,0,0,0,NA,4,0,0,0,1,0,0,0,0,0,0,NA,0,0,0,0,0,0,0,0,0,NA,5,5,5,5,5,5,5,5,2,NA,5,NA,8,NA,1,2,1 2 3,1,1,1,0,0,0,0,0,0,NA,3,NA,4 6,0,0,0,1,0,1,0,0,0,NA,1,NA,5,NA,2,NA,7 9,0,0,0,0,0,0,1,0,1,0,NA,1,NA,1,1,0,0,0,0,0,0,NA,6,0,0,0,0,0,1,0,NA,2,NA,1,2 3 4,0,1,1,1,0,0,0,0,0,0,NA,3,NA,NA,NA,NA,NA,NA,NA,NA,NA,2,NA,2,NA,2,NA,2,NA,2,Yes,4,4,4,4,4,4,4,2,NA,5,2,0,1,0,0,0,0,0,0,NA,5,NA,11,NA,3,NA,5,5,5,5,5,5,4,1,2,0,1,0,0,0,0,0,NA,1,NA,3,2,3 4,0,0,1,1,0,0,0,NA,1,4,1,1,1,0,0,0,NA,0,NA,4,3,4,1,4,1,4,1,1,1,1,1,4,4,1,4,4,1,4,1,4,4,1,4,4,3,3,3,3,3,3,3,2,2,2,2,male,3,2,1 2 3 4,1,1,1,1,0,0,NA,3,3,3,3,3,3,3,3,3,3,3,1,1,4,1,4,1,1,1,4,1,1,3,1,1,1,4,1,4,1,2 4 5,0,1,0,1,1,0,0,0,0,NA,40,NA,15066,No,uuid:0c0e3a31-2bab-49e4-bdae-517531486528,2512031638,uuid:0c0e3a31-2bab-49e4-bdae-517531486528
562484,S0416090132,OROMIA,Wallagaa Bahaa,jimmaa arjoo,nimoonaa sad 1ffaa,Urban,"12/11/2025, 2:46:18 PM","12/8/2025, 9:41:43 AM","12/11/2025, 1:49:56 PM",12/8/2025,5709a80a20846068,1,HT18301,NA,female,principal,1,0,1,1,1,0,2002,2011,2015,2,3,5,NA,1,2016,management in_service,1,1,0,0,NA,2,2 3,0,1,1,0,0,0,NA,1 4,1,0,0,1,0,0,0,0,0,0,NA,0,0,0,0,0,0,0,0,0,NA,5,4,5,4,4,4,4,5,1,NA,2,NA,4,NA,1,2,1 4 6,1,0,0,1,0,1,0,0,0,NA,3,NA,2 5,0,1,0,0,1,0,0,0,0,NA,2,NA,1,NA,6,NA,7 9,0,0,0,0,0,0,1,0,1,0,NA,5,NA,1,1,0,0,0,0,0,0,NA,2 6,0,1,0,0,0,1,0,NA,6,NA,1,3 4,0,0,1,1,0,0,0,0,0,0,NA,3,NA,NA,NA,NA,NA,NA,NA,NA,NA,3,NA,1,NA,1,NA,1,NA,1,No,4,3,3,4,4,4,4,3,NA,6,1 2,1,1,0,0,0,0,0,0,NA,5,NA,6,NA,8,NA,4,4,3,3,3,3,4,1,3 4,0,0,1,1,0,0,0,NA,4,NA,4,1,NA,NA,NA,NA,NA,NA,NA,NA,NA,1,1,1,1 2 3,1,1,1,0,NA,0,NA,3,3,2,2,3,3,3,3,3,1,1,1,3,3,1,3,4,1,3,3,3,2,2,3,3,1,1,1,1,1,1,1,2,2,1,1,male,3,2,1 3,1,0,1,0,0,0,NA,3,3,2,3,3,3,3,3,3,3,3,3,1,3,3,4,3,2,1,3,3,3,3,4,3,4,4,3,4,1,1 2 4,1,1,0,1,0,0,0,0,0,NA,39,NA,16000,NA,uuid:92426cc0-12e5-481a-bdf1-09fc43916511,2512030638,uuid:92426cc0-12e5-481a-bdf1-09fc43916511
107778,S0416170132,OROMIA,Wallagaa Bahaa,waayyuu tuqaa,baata baasaqaa,Rural,"12/23/2025, 6:58:56 PM","12/23/2025, 9:35:43 AM","12/23/2025, 11:07:42 AM",12/23/2025,7697c74e25302763,1,HT35901,NA,male,principal,0,0,0,0,NA,NA,2007,2012,2017,2,4,5,NA,0,NA,NA,NA,NA,NA,NA,NA,5,1,1,0,0,0,0,0,NA,3 4 8,0,0,1,1,0,0,0,1,0,0,NA,0,0,0,0,0,0,0,0,0,NA,5,5,5,5,5,5,5,4,1,NA,2,NA,5,NA,1,1,2 7 8,0,1,0,0,0,0,1,1,0,NA,3,NA,2 3,0,1,1,0,0,0,0,0,0,NA,3,NA,6,NA,8,NA,9,0,0,0,0,0,0,0,0,1,0,NA,5,NA,1,1,0,0,0,0,0,0,NA,6,0,0,0,0,0,1,0,NA,4,NA,1,3 4 5,0,0,1,1,1,0,0,0,0,0,NA,3,NA,NA,NA,NA,NA,NA,NA,NA,NA,3,NA,3,NA,2,NA,2,NA,2,Hin jiru,2,4,4,4,4,4,4,4,NA,5,1,1,0,0,0,0,0,0,0,NA,5,NA,8,NA,2,NA,5,5,5,5,5,5,5,1,2,0,1,0,0,0,0,0,NA,1,NA,4,3,6,0,0,0,0,0,1,0,NA,1,1,1,2,0,1,0,0,NA,0,NA,4,2,1,2,3,1,3,1,3,1,1,1,4,3,4,3,3,1,4,1,3,3,3,3,2,1,2,2,2,3,1,2,2,1,1,3,male,4,4,1 2 3 4,1,1,1,1,0,0,NA,1,1,2,3,3,3,3,3,3,3,3,1,1,3,3,4,1,2,1,4,1,2,3,1,1,1,4,1,1,1,4 6,0,0,0,1,0,1,0,0,0,NA,33,NA,16715,Hin jiru,uuid:24ddede5-12b6-4c12-a9f2-cf42871eda70,2512142209,uuid:24ddede5-12b6-4c12-a9f2-cf42871eda70
107916,S0417020122,OROMIA,Wallagaa Lixaa,b/m/gimbii,biiftuu gimbii sad 1ffaa,Urban,"12/15/2025, 6:00:56 PM","12/15/2025, 9:34:02 AM","12/15/2025, 10:26:44 AM",12/15/2025,bbae1c343e73e9f2,1,HT33002,NA,female,vice_principal,1,0,1,2,1,1,1996,2013,2013,1,1,5,NA,1,2012,in_service,0,1,0,0,NA,4,1,1,0,0,0,0,0,NA,1 2 3 4 5 6 8,1,1,1,1,1,1,0,1,0,0,NA,0,0,0,0,0,0,0,0,0,NA,5,5,5,5,5,5,5,4,1,NA,2,NA,6,NA,1,1,1 2 3,1,1,1,0,0,0,0,0,0,NA,3,NA,4 8,0,0,0,1,0,0,0,1,0,NA,1,NA,3,NA,6,NA,7 8,0,0,0,0,0,0,1,1,0,0,NA,2,NA,1,1,0,0,0,0,0,0,NA,4 5,0,0,0,1,1,0,0,NA,4,NA,1,1 2 3 4 5 6 7 8,1,1,1,1,1,1,1,1,0,0,NA,2,NA,NA,NA,NA,NA,NA,NA,NA,NA,2,NA,2,NA,2,NA,2,NA,2,999,4,3,4,3,4,3,4,3,NA,6,2 3 5,0,1,1,0,1,0,0,0,NA,5,NA,8,NA,9,NA,4,5,4,5,4,5,4,2,1 2 3 4 5,1,1,1,1,1,0,0,NA,2,NA,5,4,2 4 6,0,1,0,1,0,1,0,NA,1,4,1,1 2 3,1,1,1,0,NA,0,NA,3,4,4,4,4,3,4,4,4,1,1,1,4,3,4,4,3,4,3,4,4,4,4,4,4,2,3,3,2,1,2,2,3,3,3,1,male,4,1,1 2 3 4,1,1,1,1,0,0,NA,3,3,2,3,3,3,3,3,3,3,3,4,3,4,4,4,4,3,4,3,4,4,3,1,2,1,5,4,3,1,4 5,0,0,0,1,1,0,0,0,0,NA,28,NA,17680,Barsiisota fi bartoota gidduufi qindeesota waalittidhufenyi garii waan jiru calaatti hojii keenya Akka milka u nu godhe,uuid:d57873e9-b61f-4edc-b7b9-c6e0e6397e3e,2512111015,uuid:d57873e9-b61f-4edc-b7b9-c6e0e6397e3e
107916,S0417020122,OROMIA,Wallagaa Lixaa,b/m/gimbii,biiftuu gimbii sad 1ffaa,Urban,"12/15/2025, 6:05:49 PM","12/15/2025, 9:32:24 AM","12/15/2025, 10:37:08 AM",12/15/2025,7697c74e25302763,1,HT33001,NA,male,principal,0,1,1,1,0,1,2001,2005,2012,2,5,5,NA,1,2013,in_service,0,1,0,0,NA,2,1,1,0,0,0,0,0,NA,1 2 3,1,1,1,0,0,0,0,0,0,0,NA,0,0,0,0,0,0,0,0,0,NA,5,5,5,5,5,5,5,5,1,NA,2,NA,5,NA,1,2,1 7 8,1,0,0,0,0,0,1,1,0,NA,3,NA,2 3,0,1,1,0,0,0,0,0,0,NA,1,NA,2,NA,3,NA,9,0,0,0,0,0,0,0,0,1,0,NA,5,NA,1,1,0,0,0,0,0,0,NA,2,0,1,0,0,0,0,0,NA,5,NA,1,2 4 5,0,1,0,1,1,0,0,0,0,0,NA,3,NA,NA,NA,NA,NA,NA,NA,NA,NA,2,NA,2,NA,2,NA,2,NA,2,Hin jiru,2,4,4,4,4,4,4,3,NA,5,1,1,0,0,0,0,0,0,0,NA,5,NA,6,NA,11,NA,5,5,5,5,5,5,5,1,3,0,0,1,0,0,0,0,NA,1,NA,3,1,NA,NA,NA,NA,NA,NA,NA,NA,NA,1,2,1,2,0,1,0,0,NA,0,NA,3,2,1,1,2,3,4,1,3,1,1,1,4,4,3,2,3,1,4,1,4,4,4,3,3,2,2,3,3,3,3,3,3,3,3,1,male,4,5,1 2 3 4,1,1,1,1,0,0,NA,1,1,2,3,3,3,3,3,3,3,3,1,4,4,3,4,4,4,1,4,1,1,3,1,1,1,5,5,5,1,4 7,0,0,0,1,0,0,1,0,0,NA,37,NA,17600,Hin jiru,uuid:592182e1-5e6c-44ae-91cf-ee11d0f7044a,2512142209,uuid:592182e1-5e6c-44ae-91cf-ee11d0f7044a
435813,S0417060282,OROMIA,Wallagaa Lixaa,beegii,boonii abshaalaa,Rural,"12/18/2025, 7:47:29 PM","12/18/2025, 9:56:04 AM","12/18/2025, 10:47:18 AM",12/18/2025,7697c74e25302763,1,HT30001,NA,male,principal,0,0,0,0,NA,NA,2000,2013,2013,1,5,2,NA,0,NA,NA,NA,NA,NA,NA,NA,5,1,1,0,0,0,0,0,NA,1 2 3 5,1,1,1,0,1,0,0,0,0,0,NA,0,0,0,0,0,0,0,0,0,NA,5,5,5,5,5,5,5,5,2,NA,1,NA,5,NA,1,2,1 3 7,1,0,1,0,0,0,1,0,0,NA,3,NA,2 3,0,1,1,0,0,0,0,0,0,NA,3,NA,6,NA,1,NA,9,0,0,0,0,0,0,0,0,1,0,NA,5,NA,1,1,0,0,0,0,0,0,NA,6,0,0,0,0,0,1,0,NA,6,NA,1,1 4 5,1,0,0,1,1,0,0,0,0,0,NA,2,NA,NA,NA,NA,NA,NA,NA,NA,NA,2,NA,2,NA,2,NA,2,NA,3,Hin jiru,4,3,5,5,5,5,3,3,NA,6,1,1,0,0,0,0,0,0,0,NA,6,NA,5,NA,2,NA,5,5,5,5,5,5,5,1,3,0,0,1,0,0,0,0,NA,1,NA,4,3,6,0,0,0,0,0,1,0,NA,1,1,1,3,0,0,1,0,NA,0,NA,3,3,2,2,4,4,3,1,4,1,1,1,3,2,4,3,3,3,3,3,3,3,3,3,3,3,2,3,2,1,1,1,2,1,1,1,male,3,3,1 2 3 4,1,1,1,1,0,0,NA,1,1,2,3,1,1,1,1,1,1,1,1,2,2,3,4,2,2,1,4,1,1,3,1,1,3,1,1,1,1,1 2,1,1,0,0,0,0,0,0,0,NA,38,NA,15000,Hin jiru,uuid:d37d1bdd-8053-41cd-a4b1-eafb6a92fda5,2512142209,uuid:d37d1bdd-8053-41cd-a4b1-eafb6a92fda5
435818,S0417060532,OROMIA,Wallagaa Lixaa,beegii,dhallaadduu dhagaa bookaa,Rural,"12/19/2025, 8:58:10 PM","12/19/2025, 8:58:49 AM","12/19/2025, 11:05:01 AM",12/19/2025,7697c74e25302763,1,HT12901,NA,male,principal,0,0,0,0,NA,NA,2011,2016,2017,2,4,5,NA,0,NA,NA,NA,NA,NA,NA,NA,5,1,1,0,0,0,0,0,NA,1 4,1,0,0,1,0,0,0,0,0,0,NA,0,0,0,0,0,0,0,0,0,NA,5,5,5,5,5,5,5,1,1,NA,2,NA,5,NA,1,2,1 2 3,1,1,1,0,0,0,0,0,0,NA,3,NA,2 8,0,1,0,0,0,0,0,1,0,NA,3,NA,1,NA,6,NA,9,0,0,0,0,0,0,0,0,1,0,NA,1,NA,1,1,0,0,0,0,0,0,NA,6,0,0,0,0,0,1,0,NA,4,NA,0,NA,NA,NA,NA,NA,NA,NA,NA,NA,NA,NA,NA,3,NA,NA,NA,NA,NA,NA,NA,NA,NA,3,NA,3,NA,2,NA,2,NA,3,Hin jiru,3,3,4,4,4,4,4,3,NA,6,1,1,0,0,0,0,0,0,0,NA,8,NA,2,NA,5,NA,5,5,5,5,5,5,5,1,2,0,1,0,0,0,0,0,NA,1,NA,4,3,2 4 6,0,1,0,1,0,1,0,NA,1,1,1,2,0,1,0,0,NA,0,NA,3,2,2,4,4,4,4,2,4,1,1,1,2,3,4,2,3,2,3,1,3,3,1,2,3,1,2,2,1,1,1,1,2,1,2,3,male,3,1,1 2 3,1,1,1,0,0,0,NA,3,3,3,3,3,3,3,3,3,3,3,3,2,3,4,4,1,1,1,4,1,1,3,1,1,4,4,1,2,1,1 8,1,0,0,0,0,0,0,1,0,NA,32,NA,16500,Hin jiru,uuid:8904739e-5f31-4277-b2f4-f96dbc482c55,2512142209,uuid:8904739e-5f31-4277-b2f4-f96dbc482c55
430776,S0417100142,OROMIA,Wallagaa Lixaa,gimbii,laaloo usachee,Rural,"12/16/2025, 6:44:58 PM","12/16/2025, 9:00:16 AM","12/16/2025, 9:41:22 AM",12/16/2025,7697c74e25302763,1,HT16501,NA,male,principal,0,0,0,0,NA,NA,1998,2005,2015,5,5,5,NA,1,2017,in_service,0,1,0,0,NA,3,1,1,0,0,0,0,0,NA,1 2 5 6,1,1,0,0,1,1,0,0,0,0,NA,0,0,0,0,0,0,0,0,0,NA,5,5,5,5,5,5,5,3,1,NA,2,NA,5,NA,1,2,1 3 6,1,0,1,0,0,1,0,0,0,NA,3,NA,2 3,0,1,1,0,0,0,0,0,0,NA,3,NA,6,NA,1,NA,9,0,0,0,0,0,0,0,0,1,0,NA,1,NA,1,1,0,0,0,0,0,0,NA,6,0,0,0,0,0,1,0,NA,4,NA,1,1 3,1,0,1,0,0,0,0,0,0,0,NA,3,NA,NA,NA,NA,NA,NA,NA,NA,NA,2,NA,2,NA,2,NA,2,NA,2,Hin jiru,2,4,4,4,4,4,3,3,NA,6,1,1,0,0,0,0,0,0,0,NA,2,NA,5,NA,6,NA,5,5,5,5,5,5,5,1,2,0,1,0,0,0,0,0,NA,1,NA,4,3,2 4,0,1,0,1,0,0,0,NA,1,2,1,1,1,0,0,0,NA,0,NA,2,2,3,3,4,1,4,4,4,1,1,1,2,3,3,3,3,3,3,1,3,3,3,3,3,2,2,2,3,2,2,2,2,2,2,1,male,2,1,1 3,1,0,1,0,0,0,NA,3,3,3,3,3,3,3,3,3,3,3,3,3,3,3,4,1,1,1,4,1,1,3,1,1,1,5,1,5,1,1 3,1,0,1,0,0,0,0,0,0,NA,37,NA,15888,Hin jiru,uuid:5c29d100-e9e1-49ff-99c0-e07f5b38832a,2512142209,uuid:5c29d100-e9e1-49ff-99c0-e07f5b38832a
430841,S0417110322,OROMIA,Wallagaa Lixaa,gullisoo,waayyuu guutee,Rural,"12/11/2025, 5:03:05 PM","12/11/2025, 9:15:46 AM","12/11/2025, 9:55:02 AM",12/11/2025,7697c74e25302763,1,HT17301,NA,male,principal,0,0,0,0,NA,NA,1987,2015,2015,1,5,5,NA,0,NA,NA,NA,NA,NA,NA,NA,999,1,1,0,0,0,0,0,NA,1 2 3 4,1,1,1,1,0,0,0,0,0,0,NA,0,0,0,0,0,0,0,0,0,NA,5,5,5,5,5,5,5,4,1,NA,6,NA,5,NA,1,2,1 2 4,1,1,0,1,0,0,0,0,0,NA,3,NA,2 4,0,1,0,1,0,0,0,0,0,NA,1,NA,2,NA,6,NA,9,0,0,0,0,0,0,0,0,1,0,NA,5,NA,1,1,0,0,0,0,0,0,NA,2 6,0,1,0,0,0,1,0,NA,6,NA,1,1 3 5,1,0,1,0,1,0,0,0,0,0,NA,4,NA,1 4,1,0,0,1,0,0,NA,2,NA,3,NA,2,NA,2,NA,2,NA,2,1,3,4,4,4,3,5,NA,5,1,1,0,0,0,0,0,0,0,NA,2,NA,6,NA,5,NA,5,5,5,5,5,5,5,1,3,0,0,1,0,0,0,0,NA,3,NA,4,3,2 4,0,1,0,1,0,0,0,NA,1,2,1,2,0,1,0,0,NA,0,NA,4,3,2,3,4,4,4,2,4,1,1,1,1,4,2,4,4,1,4,1,4,4,1,3,3,1,2,2,3,2,2,2,1,2,2,2,male,3,4,1 2 3 4,1,1,1,1,0,0,NA,3,2,2,3,3,2,3,2,2,3,3,4,1,3,3,4,1,1,1,4,1,1,3,1,1,1,4,1,4,1,1 5,1,0,0,0,1,0,0,0,0,NA,47,NA,17000,Hin jiru,uuid:31e86bb8-5f79-47a9-a5e2-f8bfb94599d1,2512031638,uuid:31e86bb8-5f79-47a9-a5e2-f8bfb94599d1
430807,S0417110332,OROMIA,Wallagaa Lixaa,gullisoo,biftuu gulisoo,Urban,"12/12/2025, 6:33:16 PM","12/12/2025, 8:30:26 AM","12/12/2025, 9:14:55 AM",12/12/2025,7697c74e25302763,1,HT17201,NA,female,principal,0,0,0,0,NA,NA,2003,2010,2010,1,5,5,NA,1,2010,management,1,0,0,0,NA,4,1,1,0,0,0,0,0,NA,1 4,1,0,0,1,0,0,0,0,0,0,NA,0,1,0,0,0,0,0,0,0,NA,4,5,5,5,5,5,5,5,1,NA,2,NA,5,NA,1,2,1 3 7,1,0,1,0,0,0,1,0,0,NA,1,NA,2 4,0,1,0,1,0,0,0,0,0,NA,2,NA,3,NA,6,NA,7 9,0,0,0,0,0,0,1,0,1,0,NA,5,NA,1,1,0,0,0,0,0,0,NA,5 6,0,0,0,0,1,1,0,NA,3,NA,1,1 4,1,0,0,1,0,0,0,0,0,0,NA,2,NA,NA,NA,NA,NA,NA,NA,NA,NA,2,NA,3,NA,2,NA,2,NA,3,NA,2,4,4,4,4,4,4,4,NA,6,1,1,0,0,0,0,0,0,0,NA,5,NA,6,NA,2,NA,4,5,5,4,5,5,5,1,2,0,1,0,0,0,0,0,NA,1,NA,4,3,3 4 5,0,0,1,1,1,0,0,NA,1,1,1,2,0,1,0,0,NA,0,NA,3,2,1,3,4,4,4,2,4,1,1,1,4,4,4,3,3,2,4,1,4,4,1,2,2,3,2,3,2,3,3,3,3,2,3,1,male,3,4,1 2 3 4,1,1,1,1,0,0,NA,1,2,2,1,2,2,2,3,3,3,3,1,2,3,4,4,1,1,1,4,1,1,3,1,1,1,5,1,5,1,2 5,0,1,0,0,1,0,0,0,0,NA,37,NA,16200,Hin jiru,uuid:8f5013c4-dfe3-4d3b-9522-2a33fe87ed13,2512111015,uuid:8f5013c4-dfe3-4d3b-9522-2a33fe87ed13
431752,S0417230112,OROMIA,Wallagaa Lixaa,yuubdoo,burqaa tosiyoo,Rural,"12/10/2025, 5:15:42 PM","12/10/2025, 8:33:39 AM","12/10/2025, 9:23:43 AM",12/10/2025,7697c74e25302763,1,HT 23901,NA,male,principal,1,0,1,1,1,0,1995,2001,2003,3,6,5,NA,1,2003,mentoring,0,0,1,0,NA,4,1,1,0,0,0,0,0,NA,1 4 5,1,0,0,1,1,0,0,0,0,0,NA,0,0,0,0,0,0,0,0,0,NA,5,5,5,5,5,5,5,5,1,NA,2,NA,5,NA,1,2,1 2 4,1,1,0,1,0,0,0,0,0,NA,3,NA,2 3,0,1,1,0,0,0,0,0,0,NA,3,NA,1,NA,2,NA,9,0,0,0,0,0,0,0,0,1,0,NA,5,NA,1,1,0,0,0,0,0,0,NA,2 6,0,1,0,0,0,1,0,NA,6,NA,1,1 8,1,0,0,0,0,0,0,1,0,0,NA,3,NA,NA,NA,NA,NA,NA,NA,NA,NA,2,NA,3,NA,2,NA,2,NA,2,Hin jiru,4,4,3,4,4,4,2,3,NA,5,1,1,0,0,0,0,0,0,0,NA,5,NA,11,NA,4,NA,5,5,5,5,5,5,5,1,2 4,0,1,0,1,0,0,0,NA,1,NA,4,4,2 3 6,0,1,1,0,0,1,0,NA,1,4,1,1,1,0,0,0,NA,0,NA,4,3,2,3,4,4,4,1,3,1,1,1,3,4,2,4,3,2,4,1,4,4,1,2,3,2,3,3,1,2,2,2,2,2,2,1,male,2,4,1 2 3 4,1,1,1,1,0,0,NA,3,3,1,3,3,3,3,3,3,3,3,3,3,4,3,4,3,1,1,4,1,1,3,1,1,1,4,1,4,1,2 5,0,1,0,0,1,0,0,0,0,NA,39,NA,16000,Dura bu'aa ta'anii hojjechuuf ofitti amanummaan baayyee barbaachisaadha,uuid:4f2ccb9a-f594-4d7a-973c-d28868c1a31f,2512031638,uuid:4f2ccb9a-f594-4d7a-973c-d28868c1a31f
431752,S0417230112,OROMIA,Wallagaa Lixaa,yuubdoo,burqaa tosiyoo,Rural,"12/10/2025, 5:17:19 PM","12/10/2025, 8:35:03 AM","12/10/2025, 11:20:01 AM",12/10/2025,bbae1c343e73e9f2,1,HT23902,NA,male,vice_principal,1,0,1,2,2,0,2006,2013,2013,1,6,5,NA,0,NA,NA,NA,NA,NA,NA,NA,3,3,0,0,1,0,0,0,NA,2 3 4 5,0,1,1,1,1,0,0,0,0,0,NA,0,1,0,1,1,1,0,1,0,NA,5,5,5,5,5,5,5,2,1,NA,2,NA,4,NA,1,2,1 3 8,1,0,1,0,0,0,0,1,0,NA,3,NA,2 4,0,1,0,1,0,0,0,0,0,NA,1,NA,5,NA,3,NA,2 4,0,1,0,1,0,0,0,0,0,0,NA,5,NA,1,1,0,0,0,0,0,0,NA,5 6,0,0,0,0,1,1,0,NA,4,NA,1,1 2 3 4 5 6 7 8 9,1,1,1,1,1,1,1,1,1,0,NA,3,NA,NA,NA,NA,NA,NA,NA,NA,NA,2,NA,2,NA,1,NA,1,NA,2,999,4,5,5,5,5,5,5,4,NA,7,1 2 4 6,1,1,0,1,0,1,0,0,NA,6,NA,5,NA,8,NA,4,5,5,5,5,4,5,1,2 3 5 6,0,1,1,0,1,1,0,NA,1,NA,3,3,1 2 3 4 5 6,1,1,1,1,1,1,0,NA,1,3,0,NA,NA,NA,NA,NA,NA,0,NA,4,4,4,4,4,4,4,4,4,1,1,1,3,3,4,4,3,2,3,2,4,4,3,3,3,1,2,3,1,2,1,1,2,1,2,1,male,4,1,1 2 3 4,1,1,1,1,0,0,NA,1,3,2,3,3,2,2,3,3,1,1,3,3,3,4,4,1,1,1,4,1,2,3,1,3,2,3,2,4,2,1 5,1,0,0,0,1,0,0,0,0,NA,30,NA,12004,"1,Adeemsa barsisumaafi bulchisa wal dukka adeemsisu
2,Rakkoo maati irraa faagatani jiraachu",uuid:f6bec692-b87b-4358-b530-dde661f93963,2512031638,uuid:f6bec692-b87b-4358-b530-dde661f93963
89467,S0418010382,OROMIA,Magaala Shaggar,k/m/koyyee faccee,galaan arrabsaa,Urban,"12/4/2025, 10:05:38 PM","12/4/2025, 12:08:06 PM","12/4/2025, 9:52:58 PM",12/4/2025,4b8dc9a715f0e7e5,1,HT8801,NA,male,principal,0,0,0,0,NA,NA,2007,2013,2016,1,2,5,NA,1,2017,management,1,0,0,0,NA,2,3 4,0,0,1,1,0,0,NA,1 5,1,0,0,0,1,0,0,0,0,0,NA,0,1,0,0,0,0,0,0,0,NA,5,5,5,4,5,5,4,5,2,NA,7,NA,1,NA,1,2,1 3 97,1,0,1,0,0,0,0,0,1,To be active in school,3,NA,4 5,0,0,0,1,1,0,0,0,0,NA,1,NA,4,NA,5,NA,1,1,0,0,0,0,0,0,0,0,0,NA,5,NA,1 2,1,1,0,0,0,0,0,NA,6,0,0,0,0,0,1,0,NA,3,NA,1,1 4 5,1,0,0,1,1,0,0,0,0,0,NA,3,NA,NA,NA,NA,NA,NA,NA,NA,NA,2,NA,2,NA,2,NA,3,NA,2,None,3,4,4,4,4,4,4,4,NA,6,1 4,1,0,0,1,0,0,0,0,NA,6,NA,5,NA,8,NA,5,5,5,5,5,5,3,3,2 4,0,1,0,1,0,0,0,NA,1,NA,3,2,3 4,0,0,1,1,0,0,0,NA,1,2,1,2,0,1,0,0,NA,0,NA,4,3,3,3,4,4,3,3,3,1,1,1,3,4,4,4,3,1,4,3,4,3,1,3,3,3,3,3,2,2,2,3,2,2,3,1,male,4,2,2,0,1,0,0,0,0,NA,3,1,2,1,1,2,2,2,3,3,1,3,4,3,3,3,3,3,1,4,1,3,3,1,1,3,4,2,4,4,4 5,0,0,0,1,1,0,0,0,0,NA,30,NA,16715,Good for the question and thanks for come,uuid:77aa7a81-4d57-4f50-9913-3348d3658097,2512031459,uuid:77aa7a81-4d57-4f50-9913-3348d3658097
89702,S0418030362,OROMIA,Magaala Shaggar,k/m/kuraa jiddaa,warabbii,Urban,"12/3/2025, 5:17:50 PM","12/3/2025, 2:00:10 PM","12/3/2025, 5:16:53 PM",12/3/2025,6b74f9d4edaa4c9a,1,HT18901,NA,male,principal,0,0,0,0,NA,NA,2011,2016,2017,2,1,5,NA,0,NA,NA,NA,NA,NA,NA,NA,4,1,1,0,0,0,0,0,NA,1 5,1,0,0,0,1,0,0,0,0,0,NA,0,0,0,1,0,0,1,1,0,NA,5,5,5,5,5,5,5,4,2,NA,7,NA,6,NA,1,1,1 2 6,1,1,0,0,0,1,0,0,0,NA,3,NA,4 6,0,0,0,1,0,1,0,0,0,NA,6,NA,4,NA,1,NA,5 8,0,0,0,0,1,0,0,1,0,0,NA,5,NA,1,1,0,0,0,0,0,0,NA,5 6,0,0,0,0,1,1,0,NA,6,NA,1,3 4,0,0,1,1,0,0,0,0,0,0,NA,3,NA,NA,NA,NA,NA,NA,NA,NA,NA,2,NA,2,NA,2,NA,2,NA,1,NA,4,3,3,4,4,4,4,3,NA,5,1 3,1,0,1,0,0,0,0,0,NA,6,NA,2,NA,5,NA,5,5,4,5,5,5,4,2,2 4,0,1,0,1,0,0,0,NA,1,NA,3,2,1 6,1,0,0,0,0,1,0,NA,1,1,1,2,0,1,0,0,NA,1,Teachers,4,3,3,4,4,3,4,1,4,1,1,1,2,1,1,4,4,1,4,1,4,3,4,3,3,3,3,3,1,2,2,3,1,1,3,1,male,4,3,1 3 4,1,0,1,1,0,0,NA,3,1,3,1,3,3,3,3,3,3,3,1,1,1,1,4,1,1,1,4,1,1,3,1,1,1,4,1,4,1,1 5,1,0,0,0,1,0,0,0,0,NA,30,NA,16000,NA,uuid:efae3671-7d0c-40a4-9e42-14576a3991c5,2512030638,uuid:efae3671-7d0c-40a4-9e42-14576a3991c5
89828,S0418050202,OROMIA,Magaala Shaggar,k/m/sabbataa,haroo jilaa,Urban,"12/9/2025, 6:21:21 PM","12/9/2025, 9:21:11 AM","12/9/2025, 6:11:31 PM",12/9/2025,6b74f9d4edaa4c9a,1,HT19001,NA,female,principal,0,0,0,0,NA,NA,1997,2012,2013,4,6,5,NA,0,NA,NA,NA,NA,NA,NA,NA,3,1 2 3,1,1,1,0,0,0,NA,1 5,1,0,0,0,1,0,0,0,0,0,NA,1,1,1,1,0,1,1,0,0,NA,5,4,5,5,5,5,5,2,2,NA,7,NA,3,NA,1,1,2 7 8,0,1,0,0,0,0,1,1,0,NA,3,NA,2 5,0,1,0,0,1,0,0,0,0,NA,3,NA,1,NA,4,NA,5,0,0,0,0,1,0,0,0,0,0,NA,5,NA,1,1,0,0,0,0,0,0,NA,2 6,0,1,0,0,0,1,0,NA,6,NA,1,3 4 7,0,0,1,1,0,0,1,0,0,0,NA,3,NA,NA,NA,NA,NA,NA,NA,NA,NA,2,NA,1,NA,2,NA,2,NA,1,NA,4,3,4,4,4,4,4,4,NA,6,2 3,0,1,1,0,0,0,0,0,NA,6,NA,2,NA,5,NA,5,5,5,5,5,5,5,2,2,0,1,0,0,0,0,0,NA,2,NA,4,4,1 4 5,1,0,0,1,1,0,0,NA,1,6,1,1 3,1,0,1,0,NA,1,Principal and Teachers,4,4,4,4,4,4,4,3,4,1,1,1,4,3,4,4,4,1,4,3,4,2,1,3,3,2,3,3,1,3,1,3,1,1,3,1,male,3,3,1 2 4,1,1,0,1,0,0,NA,2,3,2,2,2,2,2,3,3,3,2,4,1,4,4,3,2,1,1,4,1,1,3,1,1,1,2,5,4,4,1 5,1,0,0,0,1,0,0,0,0,NA,40,NA,16000,NA,uuid:79a95081-e316-4283-a0cb-c60543bdb53c,2512031638,uuid:79a95081-e316-4283-a0cb-c60543bdb53c
83608,S0419192082,OROMIA,B/M/Adaamaa,b/m/adaamaa,l/k/dajanee simee,Urban,"12/3/2025, 8:29:31 PM","12/3/2025, 12:02:05 PM","12/3/2025, 7:58:35 PM",12/3/2025,511b83623529c852,1,HT11501,NA,female,principal,0,1,1,2,2,0,2001,2012,2015,3,1,5,NA,1,2017,management,1,0,0,0,NA,1,1,1,0,0,0,0,0,NA,5,0,0,0,0,1,0,0,0,0,0,NA,0,1,0,0,0,0,1,0,0,NA,5,5,5,5,5,5,4,5,2,NA,5,NA,1,NA,1,2,1 2 3,1,1,1,0,0,0,0,0,0,NA,1,NA,2 3,0,1,1,0,0,0,0,0,0,NA,3,NA,2,NA,1,NA,7,0,0,0,0,0,0,1,0,0,0,NA,5,NA,1,1,0,0,0,0,0,0,NA,2,0,1,0,0,0,0,0,NA,6,NA,1,1 2 3 4 5 6 7 8 9,1,1,1,1,1,1,1,1,1,0,NA,2,NA,NA,NA,NA,NA,NA,NA,NA,NA,2,NA,2,NA,2,NA,2,NA,2,No,3,4,3,3,4,4,4,2,NA,7,2,0,1,0,0,0,0,0,0,NA,5,NA,2,NA,11,NA,4,4,4,5,5,4,4,1,4,0,0,0,1,0,0,0,NA,2,NA,4,3,1 6,1,0,0,0,0,1,0,NA,1,1,1,1,1,0,0,0,NA,0,NA,3,2,2,1,4,4,3,3,4,2,2,1,4,4,4,4,4,1,4,1,4,3,4,3,3,3,3,3,3,2,3,3,1,1,3,1,female,3,3,1 2 3 4,1,1,1,1,0,0,NA,3,3,3,2,2,2,2,2,2,2,2,4,1,3,4,1,4,3,4,4,2,3,3,1,5,1,5,5,4,2,1,1,0,0,0,0,0,0,0,0,NA,34,NA,9500,No,uuid:c7f19897-7a05-47c4-9877-d9cb6fe4a012,2512030638,uuid:c7f19897-7a05-47c4-9877-d9cb6fe4a012
83608,S0419192082,OROMIA,B/M/Adaamaa,b/m/adaamaa,l/k/dajanee simee,Urban,"12/4/2025, 8:38:49 AM","12/3/2025, 12:02:37 PM","12/4/2025, 8:35:52 AM",12/3/2025,72ea367b009c6cb8,1,HT11502,NA,male,vice_principal,0,0,0,2,2,0,888,2012,2015,2,1,5,NA,1,2016,in_service mentoring,0,1,1,0,NA,1,1 2 3,1,1,1,0,0,0,NA,1 2,1,1,0,0,0,0,0,0,0,0,NA,0,0,0,0,0,0,0,0,0,NA,5,4,5,5,5,4,5,2,2,NA,7,NA,1,NA,1,2,2 5 7,0,1,0,0,1,0,1,0,0,NA,3,NA,4 7,0,0,0,1,0,0,1,0,0,NA,1,NA,3,NA,8,NA,5 8,0,0,0,0,1,0,0,1,0,0,NA,5,NA,1 97,1,0,0,0,0,0,1,Subject,2,0,1,0,0,0,0,0,NA,6,NA,1,1 3 4 8,1,0,1,1,0,0,0,1,0,0,NA,4,NA,2 4,0,1,0,1,0,0,NA,2,NA,2,NA,2,NA,2,NA,1,Nothing,3,4,2,4,4,3,4,2,NA,2,1 2,1,1,0,0,0,0,0,0,NA,11,NA,3,NA,10,NA,4,4,4,4,4,4,4,2,2 4,0,1,0,1,0,0,0,NA,1,NA,3,1,NA,NA,NA,NA,NA,NA,NA,NA,NA,1,1,1,2,0,1,0,0,NA,0,NA,4,4,3,4,3,3,4,1,4,1,1,1,4,3,4,4,4,4,3,4,4,1,4,3,3,3,2,3,1,1,3,3,1,1,3,1,female,3,1,2 4,0,1,0,1,0,0,NA,3,1,2,2,2,3,3,2,3,2,3,1,1,4,4,4,3,1,1,4,1,1,3,2,2,1,5,3,4,1,7 8,0,0,0,0,0,0,1,1,0,NA,33,NA,15000,Salary is not enough for livening,uuid:c075278b-7995-48f5-8bbd-180e49216e30,2512030638,uuid:c075278b-7995-48f5-8bbd-180e49216e30
935102,S0425251612,OROMIA,Magaala Shaggar,k/m/buraayyuu,aannee diimaa sad.1ffaa,Urban,"12/8/2025, 5:15:54 PM","12/8/2025, 12:02:29 PM","12/8/2025, 5:03:32 PM",12/8/2025,6b74f9d4edaa4c9a,1,HT18502,NA,female,vice_principal,0,0,0,1,0,1,2005,2012,2016,4,3,6,NA,0,NA,NA,NA,NA,NA,NA,NA,5,1 2 3,1,1,1,0,0,0,NA,1 2,1,1,0,0,0,0,0,0,0,0,NA,0,0,0,0,1,1,0,0,0,NA,5,3,5,5,5,5,5,1,2,NA,6,NA,7,NA,1,2,2 6 8,0,1,0,0,0,1,0,1,0,NA,3,NA,4 5,0,0,0,1,1,0,0,0,0,NA,3,NA,4,NA,7,NA,1,1,0,0,0,0,0,0,0,0,0,NA,2,NA,1,1,0,0,0,0,0,0,NA,2 6,0,1,0,0,0,1,0,NA,1,NA,1,3 4,0,0,1,1,0,0,0,0,0,0,NA,3,NA,NA,NA,NA,NA,NA,NA,NA,NA,2,NA,2,NA,2,NA,2,NA,1,NA,4,3,3,3,2,3,4,4,NA,6,1 2,1,1,0,0,0,0,0,0,NA,5,NA,6,NA,10,NA,4,4,5,4,5,5,5,1,1,1,0,0,0,0,0,0,NA,97,None,4,2,5 6,0,0,0,0,1,1,0,NA,1,4,0,NA,NA,NA,NA,NA,NA,1,Principal and Teachers,4,4,4,4,4,2,4,2,4,1,2,1,4,3,4,2,4,1,3,4,4,2,1,2,3,2,2,3,1,3,2,2,1,1,3,1,male,2,4,1 4,1,0,0,1,0,0,NA,1,1,2,3,3,2,2,1,2,1,2,4,1,4,4,3,1,1,1,4,1,1,3,1,1,1,4,4,4,1,5 7,0,0,0,0,1,0,1,0,0,NA,37,NA,15000,NA,uuid:b98eab39-1c33-49d3-a62f-f17b4775c747,2512031638,uuid:b98eab39-1c33-49d3-a62f-f17b4775c747
935102,S0425251612,OROMIA,Magaala Shaggar,k/m/buraayyuu,aannee diimaa sad.1ffaa,Urban,"12/8/2025, 6:03:50 PM","12/8/2025, 1:30:28 PM","12/8/2025, 8:00:01 PM",12/8/2025,4b8dc9a715f0e7e5,1,HT18501,NA,male,principal,0,0,0,1,0,1,1995,2017,2017,1,1,6,NA,0,NA,NA,NA,NA,NA,NA,NA,5,2 3,0,1,1,0,0,0,NA,1 2 5,1,1,0,0,1,0,0,0,0,0,NA,1,1,0,0,0,0,0,0,0,NA,3,2,5,3,5,2,4,5,1,NA,2,NA,7,NA,1,2,1 2 4,1,1,0,1,0,0,0,0,0,NA,3,NA,4 5,0,0,0,1,1,0,0,0,0,NA,1,NA,2,NA,5,NA,2 4,0,1,0,1,0,0,0,0,0,0,NA,1,NA,1 2,1,1,0,0,0,0,0,NA,2 5 6,0,1,0,0,1,1,0,NA,4,NA,1,2 3 5,0,1,1,0,1,0,0,0,0,0,NA,3,NA,NA,NA,NA,NA,NA,NA,NA,NA,2,NA,2,NA,1,NA,2,NA,1,None,4,5,4,3,4,4,5,3,NA,3,1 2,1,1,0,0,0,0,0,0,NA,2,NA,5,NA,8,NA,4,5,3,4,5,5,4,2,3,0,0,1,0,0,0,0,NA,1,NA,3,2,2 3,0,1,1,0,0,0,0,NA,1,1,0,NA,NA,NA,NA,NA,NA,1,Teachers and principle,4,4,4,3,3,4,4,4,4,2,2,3,1,4,2,4,3,2,4,4,4,4,2,3,4,3,3,3,3,3,3,3,3,3,3,1,male,3,5,1 3,1,0,1,0,0,0,NA,3,3,2,3,3,2,2,2,3,3,3,3,2,3,3,4,3,1,1,3,3,2,3,1,1,1,4,2,3,2,1 3 4,1,0,1,1,0,0,0,0,0,NA,45,NA,18250,To in prove teachers training,uuid:a46f468a-ecc2-42a0-adaf-0f16649360d7,2512031638,uuid:a46f468a-ecc2-42a0-adaf-0f16649360d7
322957,S0426261212,OROMIA,Magaala Shaggar,k/m/furii,jammoo lakk 2,Urban,"12/10/2025, 5:34:04 PM","12/10/2025, 9:36:31 AM","12/10/2025, 5:32:54 PM",12/10/2025,6b74f9d4edaa4c9a,1,HT18702,NA,female,vice_principal,1,0,1,3,2,1,2003,2009,2017,4,1,5,NA,1,2009,in_service,0,1,0,0,NA,4,4,0,0,0,1,0,0,NA,2 6,0,1,0,0,0,1,0,0,0,0,NA,0,1,0,0,0,0,0,0,0,NA,5,5,5,5,5,5,3,3,2,NA,6,NA,3,NA,1,1,1 2 4,1,1,0,1,0,0,0,0,0,NA,3,NA,2 5,0,1,0,0,1,0,0,0,0,NA,4,NA,1,NA,8,NA,1 7,1,0,0,0,0,0,1,0,0,0,NA,5,NA,1,1,0,0,0,0,0,0,NA,2 6,0,1,0,0,0,1,0,NA,6,NA,1,2 3 4 5,0,1,1,1,1,0,0,0,0,0,NA,3,NA,NA,NA,NA,NA,NA,NA,NA,NA,2,NA,2,NA,2,NA,2,NA,2,NA,3,4,4,4,4,4,4,4,NA,6,1 2 3,1,1,1,0,0,0,0,0,NA,5,NA,4,NA,8,NA,5,5,5,5,5,5,5,4,2 4,0,1,0,1,0,0,0,NA,1,NA,2,2,3,0,0,1,0,0,0,0,NA,1,1,1,1,1,0,0,0,NA,1,"Vice principal , principal and Teachers",4,4,4,4,4,3,4,3,4,1,1,1,3,4,1,4,4,1,4,1,4,3,1,1,4,3,3,3,2,3,2,2,1,1,3,1,male,2,5,1 2 3 4,1,1,1,1,0,0,NA,3,3,1,3,3,3,3,3,3,3,3,4,1,4,4,2,1,1,1,4,1,3,1,1,4,1,3,5,4,2,1 5,1,0,0,0,1,0,0,0,0,NA,39,NA,15000,NA,uuid:992e97aa-31ec-412c-ba0b-ccce108b87f8,2512031638,uuid:992e97aa-31ec-412c-ba0b-ccce108b87f8
322957,S0426261212,OROMIA,Magaala Shaggar,k/m/furii,jammoo lakk 2,Urban,"12/10/2025, 5:36:38 PM","12/10/2025, 11:19:26 AM","12/10/2025, 7:20:27 PM",12/10/2025,4b8dc9a715f0e7e5,1,HT18701,NA,male,principal,0,0,0,3,2,1,2000,2016,2017,2,1,5,NA,1,2016,in_service,0,1,0,0,NA,2,2 3,0,1,1,0,0,0,NA,3 4 8,0,0,1,1,0,0,0,1,0,0,NA,0,1,0,0,0,0,0,0,0,NA,4,3,4,5,5,5,3,5,1,NA,7,NA,5,NA,1,2,1 2 3,1,1,1,0,0,0,0,0,0,NA,2,NA,2 3,0,1,1,0,0,0,0,0,0,NA,3,NA,1,NA,5,NA,1,1,0,0,0,0,0,0,0,0,0,NA,2,NA,1 2,1,1,0,0,0,0,0,NA,2 6,0,1,0,0,0,1,0,NA,4,NA,1,2 3,0,1,1,0,0,0,0,0,0,0,NA,3,NA,NA,NA,NA,NA,NA,NA,NA,NA,2,NA,2,NA,1,NA,1,NA,1,None,3,3,4,4,4,4,4,2,NA,3,1 2,1,1,0,0,0,0,0,0,NA,4,NA,2,NA,5,NA,5,4,5,5,5,5,5,2,3,0,0,1,0,0,0,0,NA,1,NA,4,2,2,0,1,0,0,0,0,0,NA,1,1,0,NA,NA,NA,NA,NA,NA,1,Teachers,4,3,4,3,4,3,4,3,4,2,1,2,4,4,2,4,2,2,3,4,4,4,1,3,4,3,3,3,3,3,2,2,3,3,2,2,male,3,2,1,1,0,0,0,0,0,NA,3,3,2,3,1,2,2,2,3,1,2,3,2,4,3,2,2,3,2,3,3,3,1,4,3,3,4,4,4,1,5 6,0,0,0,0,1,1,0,0,0,NA,37,NA,16713,None,uuid:f673986c-d4f2-4039-ac30-048a3756a91b,2512031638,uuid:f673986c-d4f2-4039-ac30-048a3756a91b
85075,S0426261412,OROMIA,Magaala Shaggar,k/m/furii,abdii biyyaa sad 1ffaa,Urban,"12/5/2025, 5:26:31 PM","12/5/2025, 11:45:54 AM","12/5/2025, 6:49:49 PM",12/5/2025,4b8dc9a715f0e7e5,1,HT8602,NA,female,vice_principal,0,0,0,1,0,1,2002,2014,2016,2,1,5,NA,0,NA,NA,NA,NA,NA,NA,NA,5,1 2 3,1,1,1,0,0,0,NA,1 2 3,1,1,1,0,0,0,0,0,0,0,NA,1,1,0,0,0,0,0,0,0,NA,5,3,5,3,5,4,1,5,1,NA,2,NA,5,NA,1,2,1 3 5,1,0,1,0,1,0,0,0,0,NA,2,NA,3 4,0,0,1,1,0,0,0,0,0,NA,3,NA,6,NA,5,NA,7,0,0,0,0,0,0,1,0,0,0,NA,2,NA,1 2 6,1,1,0,0,0,1,0,NA,2 6,0,1,0,0,0,1,0,NA,4,NA,1,2 3,0,1,1,0,0,0,0,0,0,0,NA,3,NA,NA,NA,NA,NA,NA,NA,NA,NA,2,NA,2,NA,1,NA,2,NA,2,None,5,5,3,5,3,5,5,4,NA,3,1 2,1,1,0,0,0,0,0,0,NA,5,NA,6,NA,2,NA,5,5,4,4,5,4,4,3,2 4,0,1,0,1,0,0,0,NA,1,NA,4,2,2 3,0,1,1,0,0,0,0,NA,1,2,1,2,0,1,0,0,NA,1,Vice and teachers,4,4,3,3,4,4,3,3,4,3,3,1,4,4,1,3,4,2,3,4,4,4,1,3,2,2,2,1,2,3,2,3,1,1,3,1,male,3,4,1 3 4,1,0,1,1,0,0,NA,3,3,3,3,2,3,3,3,3,3,3,4,3,4,4,3,3,1,1,4,2,1,3,1,1,3,5,4,4,1,1 5 6,1,0,0,0,1,1,0,0,0,NA,37,NA,14998,Training for teachers and  for new policy to need update  and leadership to support .,uuid:f6abf31d-3423-4454-9167-fdcb5d2a416a,2512031638,uuid:f6abf31d-3423-4454-9167-fdcb5d2a416a
85075,S0426261412,OROMIA,Magaala Shaggar,k/m/furii,abdii biyyaa sad 1ffaa,Urban,"12/5/2025, 6:45:50 PM","12/5/2025, 9:45:39 AM","12/5/2025, 6:45:13 PM",12/5/2025,6b74f9d4edaa4c9a,1,HT8601,NA,female,principal,0,0,0,1,0,1,1997,2002,2012,3,1,5,NA,0,NA,NA,NA,NA,NA,NA,NA,2,2 3 4,0,1,1,1,0,0,NA,6,0,0,0,0,0,1,0,0,0,0,NA,1,1,0,0,0,1,0,0,0,NA,5,5,5,5,5,5,5,3,2,NA,7,NA,1,NA,1,1,1 2,1,1,0,0,0,0,0,0,0,NA,3,NA,2 4,0,1,0,1,0,0,0,0,0,NA,3,NA,4,NA,7,NA,1,1,0,0,0,0,0,0,0,0,0,NA,5,NA,1 5,1,0,0,0,1,0,0,NA,2,0,1,0,0,0,0,0,NA,1,NA,1,3 4,0,0,1,1,0,0,0,0,0,0,NA,4,NA,1 2,1,1,0,0,0,0,NA,2,NA,2,NA,2,NA,2,NA,2,NA,4,2,3,4,4,3,4,4,NA,6,2 3,0,1,1,0,0,0,0,0,NA,6,NA,5,NA,2,NA,5,5,5,5,5,5,5,2,2 4 6,0,1,0,1,0,1,0,NA,1,NA,3,2,2,0,1,0,0,0,0,0,NA,1,2,1,2,0,1,0,0,NA,1,Teachers,4,4,4,4,4,4,4,2,4,1,1,1,4,4,3,3,4,1,3,1,4,1,1,3,3,3,3,3,1,2,2,2,1,1,3,1,male,2,3,1 2 4,1,1,0,1,0,0,NA,3,2,2,2,2,2,2,2,3,2,2,4,1,4,4,4,4,4,1,4,1,1,3,1,2,1,4,1,4,4,1 4,1,0,0,1,0,0,0,0,0,NA,38,NA,16000,NA,uuid:346e9e0a-bf1e-48b9-a871-5c7e7f1edae2,2512031638,uuid:346e9e0a-bf1e-48b9-a871-5c7e7f1edae2
84739,S0428280412,OROMIA,Magaala Shaggar,k/m/l/xaafoo l/daadhii,woboorii sad.1ffaa,Urban,"12/11/2025, 7:10:06 PM","12/11/2025, 11:44:41 AM","12/11/2025, 7:04:48 PM",12/11/2025,6b74f9d4edaa4c9a,1,HT33501,NA,male,principal,0,0,0,2,1,1,2003,2016,2016,3,2,5,NA,0,NA,NA,NA,NA,NA,NA,NA,2,1 2 3,1,1,1,0,0,0,NA,5,0,0,0,0,1,0,0,0,0,0,NA,0,0,0,0,0,0,0,0,0,NA,5,5,4,5,5,5,5,4,2,NA,6,NA,5,NA,1,1,1 2,1,1,0,0,0,0,0,0,0,NA,3,NA,2 5,0,1,0,0,1,0,0,0,0,NA,6,NA,3,NA,4,NA,1,1,0,0,0,0,0,0,0,0,0,NA,5,NA,1,1,0,0,0,0,0,0,NA,6,0,0,0,0,0,1,0,NA,6,NA,1,3 4 7,0,0,1,1,0,0,1,0,0,0,NA,3,NA,NA,NA,NA,NA,NA,NA,NA,NA,2,NA,2,NA,2,NA,2,NA,1,NA,5,5,4,4,5,5,5,4,NA,6,1 2 3,1,1,1,0,0,0,0,0,NA,6,NA,5,NA,2,NA,5,5,5,5,5,5,5,1,97,0,0,0,0,0,0,1,None,1,NA,4,3,2 6,0,1,0,0,0,1,0,NA,1,1,1,1,1,0,0,0,NA,1,Teacher and principal,4,4,4,4,4,3,4,1,4,2,1,1,3,4,4,4,4,1,4,2,4,1,4,1,3,3,3,3,1,3,2,3,1,1,3,2,female,3,5,1 2 3 4,1,1,1,1,0,0,NA,1,3,2,1,1,2,2,1,1,1,1,1,1,3,3,3,4,1,1,4,1,1,3,1,5,4,3,5,4,1,1 8,1,0,0,0,0,0,0,1,0,NA,34,NA,19000,NA,uuid:ed91ffca-ff3e-4c7a-92bc-1992962fb4a8,2512031638,uuid:ed91ffca-ff3e-4c7a-92bc-1992962fb4a8
84739,S0428280412,OROMIA,Magaala Shaggar,k/m/l/xaafoo l/daadhii,woboorii sad.1ffaa,Urban,"12/11/2025, 7:13:15 PM","12/11/2025, 2:11:11 PM","12/11/2025, 9:00:56 PM",12/11/2025,4b8dc9a715f0e7e5,1,HT33502,NA,male,vice_principal,1,0,1,2,1,1,2008,2017,2017,2,1,5,NA,0,NA,NA,NA,NA,NA,NA,NA,5,2 3,0,1,1,0,0,0,NA,1 2,1,1,0,0,0,0,0,0,0,0,NA,0,1,1,0,0,0,0,0,0,NA,4,4,3,4,4,4,3,3,1,NA,2,NA,6,NA,1,2,1 3 6,1,0,1,0,0,1,0,0,0,NA,2,NA,2 4,0,1,0,1,0,0,0,0,0,NA,1,NA,3,NA,5,NA,1 2,1,1,0,0,0,0,0,0,0,0,NA,5,NA,1 2,1,1,0,0,0,0,0,NA,2 6,0,1,0,0,0,1,0,NA,3,NA,1,2 3 4,0,1,1,1,0,0,0,0,0,0,NA,4,NA,1 2,1,1,0,0,0,0,NA,2,NA,2,NA,1,NA,1,NA,1,None,3,3,4,4,4,4,4,3,NA,3,1 2,1,1,0,0,0,0,0,0,NA,2,NA,4,NA,5,NA,5,3,4,4,5,4,5,2,2,0,1,0,0,0,0,0,NA,1,NA,2,1,NA,NA,NA,NA,NA,NA,NA,NA,NA,1,2,0,NA,NA,NA,NA,NA,NA,1,Student and principle,3,3,4,3,4,3,3,4,3,1,2,1,2,3,3,3,3,3,3,3,4,3,3,3,2,2,2,3,2,2,2,3,1,1,3,3,female,2,1,3,0,0,1,0,0,0,NA,3,2,2,2,3,2,1,3,3,3,2,3,4,3,3,3,3,3,3,3,3,2,3,1,1,1,3,3,3,1,3 5 6,0,0,1,0,1,1,0,0,0,NA,34,NA,15290,None,uuid:9b0ee35d-afcc-4ef0-8525-fe41ffac31f5,2512031638,uuid:9b0ee35d-afcc-4ef0-8525-fe41ffac31f5
88760,S0435020452,OROMIA,Buunnoo Beeddeellee,beddellee,yabaallaa,Rural,"12/22/2025, 7:45:26 PM","12/22/2025, 10:20:46 AM","12/22/2025, 5:44:28 PM",12/22/2025,48ec0b9287834309,1,HT12801,NA,male,principal,0,1,1,1,0,1,2002,2008,2016,5,1,5,NA,1,2017,management in_service,1,1,0,0,NA,3,2 3,0,1,1,0,0,0,NA,2 4 6,0,1,0,1,0,1,0,0,0,0,NA,0,0,0,0,1,0,0,0,0,NA,5,5,5,5,5,5,5,4,1,NA,97,Report writing from woreda office,2,NA,1,1,3 5 8,0,0,1,0,1,0,0,1,0,NA,2,NA,4 5,0,0,0,1,1,0,0,0,0,NA,2,NA,1,NA,4,NA,2 6,0,1,0,0,0,1,0,0,0,0,NA,1,NA,1,1,0,0,0,0,0,0,NA,5 6,0,0,0,0,1,1,0,NA,5,NA,0,NA,NA,NA,NA,NA,NA,NA,NA,NA,NA,NA,NA,3,NA,NA,NA,NA,NA,NA,NA,NA,NA,1,NA,2,NA,1,NA,3,NA,2,Nothing,4,2,4,3,4,4,4,4,NA,3,1,1,0,0,0,0,0,0,0,NA,4,NA,5,NA,8,NA,5,5,4,5,5,5,4,1,1,1,0,0,0,0,0,0,NA,2,NA,3,1,NA,NA,NA,NA,NA,NA,NA,NA,NA,1,4,1,1 2 3,1,1,1,0,NA,0,NA,4,3,4,3,4,4,3,4,4,1,1,1,4,2,4,4,4,3,4,4,3,4,4,3,4,2,3,2,3,2,2,2,3,1,2,2,male,2,1,2,0,1,0,0,0,0,NA,3,2,3,2,2,1,2,3,1,1,1,4,3,4,3,2,4,3,4,3,4,3,3,2,1,1,3,1,1,1,1 3,1,0,1,0,0,0,0,0,0,NA,40,NA,16285,There is many assignments given for me in community work not only leading the school so far there is extra role that I am doing. Its time consuming,uuid:44c0f944-d57b-4b5e-94c9-320af56c17ff,2512142209,uuid:44c0f944-d57b-4b5e-94c9-320af56c17ff
88760,S0435020452,OROMIA,Buunnoo Beeddeellee,beddellee,yabaallaa,Rural,"12/22/2025, 7:45:27 PM","12/22/2025, 10:49:09 AM","12/22/2025, 5:54:28 PM",12/22/2025,48ec0b9287834309,1,HT12802,NA,female,vice_principal,1,0,1,1,0,1,1997,2011,2012,2,3,5,NA,1,2010,management in_service,1,1,0,0,NA,3,2 3,0,1,1,0,0,0,NA,2 3,0,1,1,0,0,0,0,0,0,0,NA,0,0,0,0,0,0,0,0,0,NA,5,3,4,4,5,5,4,3,2,NA,5,NA,6,NA,1,1,2 4,0,1,0,1,0,0,0,0,0,NA,2,NA,4 5,0,0,0,1,1,0,0,0,0,NA,3,NA,2,NA,6,NA,2 5,0,1,0,0,1,0,0,0,0,0,NA,1,NA,1,1,0,0,0,0,0,0,NA,2,0,1,0,0,0,0,0,NA,2,NA,1,2 4,0,1,0,1,0,0,0,0,0,0,NA,2,NA,NA,NA,NA,NA,NA,NA,NA,NA,1,NA,2,NA,3,NA,2,NA,2,Nothing,4,2,4,3,4,4,4,4,NA,5,1,1,0,0,0,0,0,0,0,NA,3,NA,4,NA,8,NA,5,5,5,5,4,5,3,1,1,1,0,0,0,0,0,0,NA,2,NA,3,1,NA,NA,NA,NA,NA,NA,NA,NA,NA,0,NA,0,NA,NA,NA,NA,NA,NA,0,NA,3,4,1,4,3,4,3,4,3,1,1,1,4,4,1,3,4,1,2,3,2,3,1,2,4,1,2,3,2,3,2,1,2,1,2,2,male,2,2,2,0,1,0,0,0,0,NA,3,3,2,2,2,3,1,1,2,3,3,4,3,2,2,3,2,1,3,4,3,4,3,4,1,1,4,3,4,1,1 5,1,0,0,0,1,0,0,0,0,NA,40,NA,16610,Nothing,uuid:733400f4-a125-46ec-b13a-cea3b4cdf890,2512142209,uuid:733400f4-a125-46ec-b13a-cea3b4cdf890
88843,S0435030042,OROMIA,Buunnoo Beeddeellee,boorachaa,toogoo gatamaa,Rural,"12/23/2025, 9:21:35 PM","12/23/2025, 11:16:45 AM","12/23/2025, 9:18:53 PM",12/23/2025,48ec0b9287834309,1,HT13301,NA,female,principal,0,1,1,0,NA,NA,2005,2012,2012,1,6,5,NA,1,2017,management in_service mentoring,1,1,1,0,NA,3,2 3,0,1,1,0,0,0,NA,4 6,0,0,0,1,0,1,0,0,0,0,NA,0,1,0,0,0,0,0,0,0,NA,5,4,4,5,5,4,5,4,1,NA,5,NA,6,NA,1,1,1 2 5,1,1,0,0,1,0,0,0,0,NA,2,NA,4 5,0,0,0,1,1,0,0,0,0,NA,2,NA,5,NA,4,NA,2 5,0,1,0,0,1,0,0,0,0,0,NA,1,NA,1,1,0,0,0,0,0,0,NA,5 6,0,0,0,0,1,1,0,NA,4,NA,0,NA,NA,NA,NA,NA,NA,NA,NA,NA,NA,NA,NA,2,NA,NA,NA,NA,NA,NA,NA,NA,NA,1,NA,3,NA,2,NA,2,NA,3,Nothing,4,3,4,4,3,4,4,5,NA,2,1 4,1,0,0,1,0,0,0,0,NA,6,NA,3,NA,5,NA,5,4,5,5,4,4,4,1,1,1,0,0,0,0,0,0,NA,2,NA,2,1,NA,NA,NA,NA,NA,NA,NA,NA,NA,0,NA,0,NA,NA,NA,NA,NA,NA,0,NA,4,2,1,3,3,4,3,3,3,1,2,1,3,4,3,4,3,2,3,4,2,3,2,4,3,3,2,2,1,3,2,3,2,3,2,1,male,3,3,2 3,0,1,1,0,0,0,NA,2,3,3,2,3,3,2,2,2,3,3,4,3,4,3,4,3,4,2,4,3,4,3,4,1,1,1,3,4,1,1 3,1,0,1,0,0,0,0,0,0,NA,30,NA,16500,Nothing,uuid:5d49ed58-8c43-488e-bcc6-71884ca53309,2512142209,uuid:5d49ed58-8c43-488e-bcc6-71884ca53309
88969,S0435050092,OROMIA,Buunnoo Beeddeellee,cooraa,beeroo sariitii,Rural,"12/25/2025, 6:41:26 AM","12/24/2025, 9:38:10 PM","12/24/2025, 9:58:53 PM",12/24/2025,48ec0b9287834309,1,HT14301,NA,male,principal,1,0,1,0,NA,NA,2005,2010,2012,2,1,5,NA,1,2017,management mentoring,1,0,1,0,NA,3,2 3,0,1,1,0,0,0,NA,2 4,0,1,0,1,0,0,0,0,0,0,NA,1,0,0,0,0,0,1,1,0,NA,5,4,5,5,5,5,5,3,2,NA,3,NA,6,NA,2,NA,NA,NA,NA,NA,NA,NA,NA,NA,NA,NA,NA,NA,NA,2 6,0,1,0,0,0,1,0,0,0,NA,3,NA,2,NA,1,NA,2,0,1,0,0,0,0,0,0,0,0,NA,2,NA,1,1,0,0,0,0,0,0,NA,5 6,0,0,0,0,1,1,0,NA,2,NA,1,2 3 5,0,1,1,0,1,0,0,0,0,0,NA,2,NA,NA,NA,NA,NA,NA,NA,NA,NA,2,NA,3,NA,1,NA,3,NA,2,Nothing,5,4,3,4,3,4,4,4,NA,5,2 3,0,1,1,0,0,0,0,0,NA,4,NA,2,NA,1,NA,5,4,3,4,5,4,5,1,3 4,0,0,1,1,0,0,0,NA,1,NA,2,1,NA,NA,NA,NA,NA,NA,NA,NA,NA,0,NA,0,NA,NA,NA,NA,NA,NA,0,NA,4,4,3,4,4,4,3,4,3,1,1,1,4,3,2,3,4,3,3,2,4,3,4,3,4,2,2,3,1,1,1,2,2,1,2,2,male,3,3,2 4,0,1,0,1,0,0,NA,3,3,2,3,3,2,3,3,2,3,1,4,3,1,2,3,3,4,3,3,4,3,3,2,1,1,1,2,1,1,1 3,1,0,1,0,0,0,0,0,0,NA,32,NA,16450,Nothing,uuid:48f9aed0-b347-4a28-922b-4fa15e4afd31,2512142209,uuid:48f9aed0-b347-4a28-922b-4fa15e4afd31
89314,S0435090152,OROMIA,Buunnoo Beeddeellee,gachii,digaja,Rural,"12/19/2025, 7:03:01 PM","12/19/2025, 4:33:44 PM","12/19/2025, 6:20:51 PM",12/19/2025,48ec0b9287834309,1,HT16401,NA,male,principal,1,0,1,1,1,0,2005,2010,2015,1,3,2,NA,1,2017,management in_service,1,1,0,0,NA,4,4,0,0,0,1,0,0,NA,4 6,0,0,0,1,0,1,0,0,0,0,NA,1,1,0,0,1,1,0,1,0,NA,5,3,5,4,3,5,5,3,2,NA,1,NA,6,NA,2,NA,NA,NA,NA,NA,NA,NA,NA,NA,NA,NA,NA,NA,NA,4 5,0,0,0,1,1,0,0,0,0,NA,1,NA,6,NA,8,NA,2 6,0,1,0,0,0,1,0,0,0,0,NA,1,NA,1,1,0,0,0,0,0,0,NA,5 6,0,0,0,0,1,1,0,NA,5,NA,1,3 5,0,0,1,0,1,0,0,0,0,0,NA,3,NA,NA,NA,NA,NA,NA,NA,NA,NA,2,NA,1,NA,3,NA,1,NA,1,Nothing,5,4,4,3,4,3,4,3,NA,3,1,1,0,0,0,0,0,0,0,NA,3,NA,5,NA,8,NA,4,5,3,5,5,5,5,1,3 4,0,0,1,1,0,0,0,NA,3,NA,3,1,NA,NA,NA,NA,NA,NA,NA,NA,NA,1,1,0,NA,NA,NA,NA,NA,NA,0,NA,4,3,4,4,4,3,4,3,4,1,1,1,4,4,1,3,3,2,3,4,4,3,2,4,4,1,1,1,3,3,1,2,2,1,2,2,male,3,5,2 4,0,1,0,1,0,0,NA,3,3,2,2,1,1,1,1,1,1,1,4,3,1,1,4,3,2,2,3,4,3,3,1,1,3,4,4,2,1,1 3 5,1,0,1,0,1,0,0,0,0,NA,30,NA,16500,Nothing,uuid:79d66dca-6535-4a12-815b-b6b92aa081d3,2512142209,uuid:79d66dca-6535-4a12-815b-b6b92aa081d3
91751,S0436010462,OROMIA,Gujii Lixaa,abbayaa,hafuursaa waaroo,Rural,"12/5/2025, 4:00:34 PM","12/5/2025, 11:38:33 AM","12/5/2025, 3:55:11 PM",12/5/2025,4794b43bebbd3e7c,1,HT24302,NA,female,vice_principal,1,0,1,1,0,1,2011,2015,2015,1,5,4,NA,1,2015,management in_service mentoring,1,1,1,0,NA,4,2 3,0,1,1,0,0,0,NA,2 4 5,0,1,0,1,1,0,0,0,0,0,NA,1,1,0,1,1,0,1,0,0,NA,4,4,5,5,4,5,4,5,2,NA,4,NA,6,NA,1,1,2 3 5,0,1,1,0,1,0,0,0,0,NA,3,NA,4 8,0,0,0,1,0,0,0,1,0,NA,3,NA,6,NA,5,NA,7 9,0,0,0,0,0,0,1,0,1,0,NA,1,NA,1,1,0,0,0,0,0,0,NA,5,0,0,0,0,1,0,0,NA,4,NA,1,3 4 6 9,0,0,1,1,0,1,0,0,1,0,NA,3,NA,NA,NA,NA,NA,NA,NA,NA,NA,3,NA,1,NA,1,NA,1,NA,1,None,3,3,4,4,3,3,4,4,NA,6,3 6,0,0,1,0,0,1,0,0,NA,5,NA,2,NA,6,NA,5,5,3,5,5,4,4,5,3 4 5,0,0,1,1,1,0,0,NA,3,NA,3,2,3 4 6,0,0,1,1,0,1,0,NA,1,1,1,2,0,1,0,0,NA,1,Teachers,3,3,3,2,3,4,4,2,4,1,1,1,1,4,4,4,4,2,4,1,3,3,3,3,3,3,3,3,3,3,1,2,2,1,3,2,male,3,4,1 3 4,1,0,1,1,0,0,NA,3,3,2,3,3,3,3,3,3,3,3,4,1,4,3,4,1,1,1,4,3,1,3,1,1,2,2,4,2,1,3 5,0,0,1,0,1,0,0,0,0,NA,29,NA,11500,Lack of School material,uuid:fb57e251-4799-4de7-b01c-b72b1333bf8b,2512031638,uuid:fb57e251-4799-4de7-b01c-b72b1333bf8b
91751,S0436010462,OROMIA,Gujii Lixaa,abbayaa,hafuursaa waaroo,Rural,"12/5/2025, 5:45:11 PM","12/5/2025, 8:20:38 AM","12/5/2025, 5:41:36 PM",12/5/2025,31d542a9aea3f2c5,1,HT24301,NA,male,principal,0,0,0,1,0,1,2006,2013,2017,2,1,5,NA,1,2017,in_service,0,1,0,0,NA,1,1 2 3,1,1,1,0,0,0,NA,2 3 5 6,0,1,1,0,1,1,0,0,0,0,NA,0,1,0,0,0,0,0,0,0,NA,5,4,5,4,4,4,5,3,2,NA,1,NA,8,NA,1,1,1 2 7,1,1,0,0,0,0,1,0,0,NA,3,NA,2 4,0,1,0,1,0,0,0,0,0,NA,1,NA,3,NA,8,NA,5 9,0,0,0,0,1,0,0,0,1,0,NA,5,NA,1,1,0,0,0,0,0,0,NA,2 5 6,0,1,0,0,1,1,0,NA,6,NA,1,1 2 3 4 6,1,1,1,1,0,1,0,0,0,0,NA,3,NA,NA,NA,NA,NA,NA,NA,NA,NA,1,NA,3,NA,1,NA,1,NA,1,NA,5,4,5,4,4,4,5,5,NA,7,1 3,1,0,1,0,0,0,0,0,NA,6,NA,5,NA,11,NA,5,5,4,4,4,3,4,2,4,0,0,0,1,0,0,0,NA,1,NA,4,3,2 4 6,0,1,0,1,0,1,0,NA,1,6,1,1 2 3,1,1,1,0,NA,1,Teacher,4,3,3,2,4,2,3,1,4,1,1,1,2,4,3,4,4,3,4,2,4,3,3,3,3,3,3,3,1,3,1,2,1,1,3,1,male,3,3,1 2 3 4,1,1,1,1,0,0,NA,3,3,3,3,3,3,3,3,3,3,3,4,1,2,3,4,3,2,2,4,2,2,NA,2,4,3,2,2,3,1,4 7,0,0,0,1,0,0,1,0,0,NA,33,NA,16500,As experience I have supported students by teaching my background subject.,uuid:a6f896be-be23-4cbc-a9af-fe0dd606c434,2512031459,uuid:a6f896be-be23-4cbc-a9af-fe0dd606c434
91772,S0436010492,OROMIA,Gujii Lixaa,abbayaa,shaaraa,Rural,"12/4/2025, 4:16:16 PM","12/4/2025, 1:05:10 PM","12/4/2025, 4:07:39 PM",12/4/2025,4794b43bebbd3e7c,1,HT10502,NA,female,vice_principal,1,0,1,1,0,1,2016,2017,2017,1,6,5,NA,1,2017,management in_service mentoring,1,1,1,0,NA,4,4,0,0,0,1,0,0,NA,1 2 5 6,1,1,0,0,1,1,0,0,0,0,NA,0,1,0,0,0,0,0,0,0,NA,5,3,3,3,4,5,5,3,2,NA,3,NA,5,NA,1,1,1 2 4,1,1,0,1,0,0,0,0,0,NA,3,NA,4 6,0,0,0,1,0,1,0,0,0,NA,3,NA,1,NA,7,NA,5,0,0,0,0,1,0,0,0,0,0,NA,2,NA,1 4,1,0,0,1,0,0,0,NA,5 6,0,0,0,0,1,1,0,NA,2,NA,1,2 3 4 5 6,0,1,1,1,1,1,0,0,0,0,NA,3,NA,NA,NA,NA,NA,NA,NA,NA,NA,1,NA,2,NA,1,NA,1,NA,1,None,4,4,4,4,4,4,4,4,NA,5,3,0,0,1,0,0,0,0,0,NA,5,NA,6,NA,3,NA,4,5,5,5,5,4,4,5,3 4 5 6,0,0,1,1,1,1,0,NA,1,NA,1,4,1 3 4 5 6,1,0,1,1,1,1,0,NA,1,1,1,1 2,1,1,0,0,NA,1,Teacher,4,3,4,4,4,4,4,2,4,1,1,2,3,4,1,3,4,1,4,3,3,4,3,3,3,3,3,3,3,3,2,2,1,1,3,3,male,2,5,3 4,0,0,1,1,0,0,NA,3,3,1,3,1,3,3,1,3,3,3,4,3,3,3,4,3,3,1,4,1,3,2,2,2,3,2,4,3,1,1 2 3 4 5 7 8,1,1,1,1,1,0,1,1,0,NA,26,NA,15000,No problem,uuid:70ea74b5-3a12-41ac-a625-1e555b3652c9,2512031459,uuid:70ea74b5-3a12-41ac-a625-1e555b3652c9
91772,S0436010492,OROMIA,Gujii Lixaa,abbayaa,shaaraa,Rural,"12/4/2025, 8:22:53 PM","12/4/2025, 9:10:32 AM","12/4/2025, 4:05:15 PM",12/4/2025,31d542a9aea3f2c5,1,HT10501,NA,male,principal,0,0,0,1,0,1,1999,2017,2017,1,1,4,NA,0,NA,NA,NA,NA,NA,NA,NA,5,4,0,0,0,1,0,0,NA,4 5 6,0,0,0,1,1,1,0,0,0,0,NA,0,1,0,1,1,0,0,0,0,NA,4,4,4,4,4,3,5,4,2,NA,6,NA,7,NA,1,1,2 5 7,0,1,0,0,1,0,1,0,0,NA,2,NA,2 4,0,1,0,1,0,0,0,0,0,NA,1,NA,8,NA,3,NA,5 7,0,0,0,0,1,0,1,0,0,0,NA,5,NA,1 5,1,0,0,0,1,0,0,NA,3 5,0,0,1,0,1,0,0,NA,6,NA,1,3 4 6,0,0,1,1,0,1,0,0,0,0,NA,3,NA,NA,NA,NA,NA,NA,NA,NA,NA,2,NA,2,NA,1,NA,1,NA,1,None,4,4,4,4,4,3,4,4,NA,6,1,1,0,0,0,0,0,0,0,NA,5,NA,6,NA,8,NA,4,5,4,3,4,4,4,1,3 4,0,0,1,1,0,0,0,NA,2,NA,4,4,2 3 6,0,1,1,0,0,1,0,NA,1,6,1,1 2 3,1,1,1,0,NA,1,Teachers,3,3,3,2,3,3,3,3,4,2,1,1,3,4,1,4,4,4,4,3,4,4,3,3,3,3,3,3,2,3,2,3,1,1,3,1,male,2,4,1 2 4,1,1,0,1,0,0,NA,1,1,1,1,1,2,2,3,3,3,1,2,2,1,2,2,4,4,1,3,1,3,3,1,3,1,3,3,2,1,1 4,1,0,0,1,0,0,0,0,0,NA,39,NA,15000,Schools haven't enough money to facilitate his works actively.This was the main obstacle happened.,uuid:648a359e-8c21-419d-afe3-fb2538dbbde5,2512031459,uuid:648a359e-8c21-419d-afe3-fb2538dbbde5
91854,S0436030152,OROMIA,Gujii Lixaa,birbirsa kojowaa,saakkee sugaalee,Rural,"12/12/2025, 4:48:11 PM","12/12/2025, 12:27:30 PM","12/12/2025, 4:42:20 PM",12/12/2025,4794b43bebbd3e7c,1,HT13202,NA,male,vice_principal,1,0,1,1,1,0,2007,2016,2016,4,2,4,NA,1,2016,management in_service mentoring,1,1,1,0,NA,2,4,0,0,0,1,0,0,NA,2 5 6,0,1,0,0,1,1,0,0,0,0,NA,0,1,1,1,0,0,0,0,0,NA,5,5,5,5,5,5,5,4,2,NA,4,NA,7,NA,1,1,1 6 8,1,0,0,0,0,1,0,1,0,NA,3,NA,6 8,0,0,0,0,0,1,0,1,0,NA,3,NA,7,NA,1,NA,6 8,0,0,0,0,0,1,0,1,0,0,NA,2,NA,1 2,1,1,0,0,0,0,0,NA,5 6,0,0,0,0,1,1,0,NA,4,NA,1,3 4 5 7,0,0,1,1,1,0,1,0,0,0,NA,4,NA,1 2 4,1,1,0,1,0,0,NA,3,NA,1,NA,1,NA,1,NA,1,None,4,3,4,4,4,4,3,4,NA,6,1 6,1,0,0,0,0,1,0,0,NA,5,NA,6,NA,3,NA,5,5,4,5,5,4,5,3,2 3 4,0,1,1,1,0,0,0,NA,1,NA,5,4,1 3 4 6,1,0,1,1,0,1,0,NA,1,2,1,1 2,1,1,0,0,NA,1,Pricipal and vice pricipal,4,4,4,3,3,4,4,3,4,1,1,1,3,3,4,4,3,2,4,2,4,3,2,3,3,3,3,3,3,3,3,3,2,1,3,2,male,3,5,1 3 4,1,0,1,1,0,0,NA,3,3,3,3,3,3,3,3,3,3,3,2,1,2,2,4,3,2,2,4,3,2,1,3,2,3,3,3,4,1,5 7,0,0,0,0,1,0,1,0,0,NA,30,NA,12143,No problem,uuid:a6b97eb6-fb85-47e0-987d-4534241e4108,2512031638,uuid:a6b97eb6-fb85-47e0-987d-4534241e4108
91854,S0436030152,OROMIA,Gujii Lixaa,birbirsa kojowaa,saakkee sugaalee,Rural,"12/12/2025, 4:49:21 PM","12/12/2025, 10:03:40 AM","12/12/2025, 4:40:53 PM",12/12/2025,31d542a9aea3f2c5,1,HT13201,NA,male,principal,0,0,0,1,1,0,2011,2014,2017,2,1,4,NA,1,2017,in_service mentoring,0,1,1,0,NA,1,1 2 3,1,1,1,0,0,0,NA,2 3 5 7,0,1,1,0,1,0,1,0,0,0,NA,0,0,0,0,1,0,0,0,0,NA,5,4,5,4,2,4,4,3,2,NA,1,NA,8,NA,1,1,2 4 7,0,1,0,1,0,0,1,0,0,NA,3,NA,2 3,0,1,1,0,0,0,0,0,0,NA,1,NA,8,NA,4,NA,5 9,0,0,0,0,1,0,0,0,1,0,NA,5,NA,1,1,0,0,0,0,0,0,NA,5 6,0,0,0,0,1,1,0,NA,6,NA,1,3 4 5,0,0,1,1,1,0,0,0,0,0,NA,4,NA,1 2 4,1,1,0,1,0,0,NA,1,NA,1,NA,1,NA,1,NA,3,None,5,4,4,4,4,4,4,4,NA,7,1 3,1,0,1,0,0,0,0,0,NA,6,NA,5,NA,97,"Network, Electric and clean water",5,5,2,5,4,4,4,1,2 4,0,1,0,1,0,0,0,NA,2,NA,3,2,2 6,0,1,0,0,0,1,0,NA,1,1,1,1 2,1,1,0,0,NA,1,Teacher,4,3,3,4,3,4,3,4,3,1,2,1,3,3,2,3,4,2,3,3,3,4,3,3,4,3,3,3,2,3,3,3,3,1,2,1,male,3,5,1 2 3 4,1,1,1,1,0,0,NA,3,3,1,3,3,3,2,2,3,3,3,2,2,3,3,3,3,2,3,4,3,3,3,4,3,2,4,4,3,1,5 6,0,0,0,0,1,1,0,0,0,NA,28,NA,12338,NA,uuid:e1df6b83-22f5-4a78-beec-5592f48488ab,2512111015,uuid:e1df6b83-22f5-4a78-beec-5592f48488ab
91838,S0436030212,OROMIA,Gujii Lixaa,birbirsa kojowaa,cabbichaa kojowaa,Rural,"12/13/2025, 8:41:16 PM","12/13/2025, 8:26:21 AM","12/13/2025, 8:40:48 PM",12/13/2025,31d542a9aea3f2c5,1,HT13101,NA,female,principal,0,0,0,1,1,0,2009,2012,2015,2,4,5,NA,1,2017,management in_service,1,1,0,0,NA,2,1,1,0,0,0,0,0,NA,2 3 4 5,0,1,1,1,1,0,0,0,0,0,NA,0,0,0,0,1,0,0,1,0,NA,5,4,4,4,2,4,4,4,2,NA,1,NA,5,NA,1,1,2 7 8,0,1,0,0,0,0,1,1,0,NA,3,NA,2 3,0,1,1,0,0,0,0,0,0,NA,1,NA,3,NA,7,NA,5 9,0,0,0,0,1,0,0,0,1,0,NA,5,NA,1,1,0,0,0,0,0,0,NA,2 5,0,1,0,0,1,0,0,NA,6,NA,1,3 4,0,0,1,1,0,0,0,0,0,0,NA,3,NA,NA,NA,NA,NA,NA,NA,NA,NA,1,NA,1,NA,1,NA,1,NA,1,NA,4,4,4,4,4,4,4,4,NA,7,1 3,1,0,1,0,0,0,0,0,NA,6,NA,5,NA,8,NA,5,5,2,5,5,5,5,3,3 4,0,0,1,1,0,0,0,NA,2,NA,4,2,2,0,1,0,0,0,0,0,NA,1,1,1,1 2 3,1,1,1,0,NA,1,Teacher,4,3,4,3,3,3,3,3,3,1,1,1,2,2,4,4,4,2,4,3,3,4,3,4,3,2,3,3,1,3,1,2,1,1,3,1,male,3,5,1 2 3 4,1,1,1,1,0,0,NA,3,3,3,2,3,2,2,2,2,2,3,3,1,3,4,3,3,3,3,4,1,1,1,3,4,4,2,4,2,1,1 5,1,0,0,0,1,0,0,0,0,NA,28,NA,16381,"I have experienced many challenges in my career path as principal.Some of them are rejections from staff, Unwilling to accept me as principal in the school in the firs two weeks of my principal and over loaded duties.",uuid:3d2fceb8-4aa1-4a92-8773-50065a9a8401,2512111015,uuid:3d2fceb8-4aa1-4a92-8773-50065a9a8401
91972,S0436040462,OROMIA,Gujii Lixaa,bulee horaa,dibbisaa oggoo,Urban,"12/11/2025, 7:09:33 PM","12/11/2025, 1:21:38 PM","12/11/2025, 6:58:53 PM",12/11/2025,4794b43bebbd3e7c,1,HT33302,NA,male,vice_principal,1,0,1,1,1,0,2010,2015,2016,3,6,5,NA,1,2015,management in_service,1,1,0,0,NA,4,2 3,0,1,1,0,0,0,NA,2 3 5,0,1,1,0,1,0,0,0,0,0,NA,1,1,1,1,1,0,1,0,0,NA,5,2,5,5,5,5,5,3,2,NA,1,NA,5,NA,1,1,3 6 8,0,0,1,0,0,1,0,1,0,NA,3,NA,5 6,0,0,0,0,1,1,0,0,0,NA,2,NA,3,NA,1,NA,7 9,0,0,0,0,0,0,1,0,1,0,NA,2,NA,1 2,1,1,0,0,0,0,0,NA,5 6,0,0,0,0,1,1,0,NA,4,NA,1,1 2 3 4 5 6 7 8,1,1,1,1,1,1,1,1,0,0,NA,4,NA,1 2 4,1,1,0,1,0,0,NA,2,NA,1,NA,1,NA,1,NA,1,None,3,3,3,3,4,4,4,2,NA,6,6 7,0,0,0,0,0,1,1,0,NA,5,NA,6,NA,10,NA,5,5,4,5,5,4,5,5,2 3 4 5,0,1,1,1,1,0,0,NA,1,NA,5,4,2 3 4 5 6,0,1,1,1,1,1,0,NA,1,4,1,2,0,1,0,0,NA,1,Vice pricipal,4,3,3,3,3,4,4,2,4,1,1,1,2,4,2,3,4,2,4,3,3,3,2,3,3,2,2,3,1,2,2,2,1,1,3,3,male,3,5,1 3 4,1,0,1,1,0,0,NA,1,1,2,2,1,3,3,3,3,3,3,3,3,3,3,3,3,3,3,4,2,2,3,3,4,4,3,4,2,1,5 6,0,0,0,0,1,1,0,0,0,NA,28,NA,16000,No problem,uuid:0ba80bc1-7e9a-4120-a454-92c9bdcec420,2512031638,uuid:0ba80bc1-7e9a-4120-a454-92c9bdcec420
91972,S0436040462,OROMIA,Gujii Lixaa,bulee horaa,dibbisaa oggoo,Urban,"12/11/2025, 7:15:43 PM","12/11/2025, 10:02:29 AM","12/11/2025, 6:58:47 PM",12/11/2025,31d542a9aea3f2c5,1,HT33301,NA,male,principal,0,0,0,1,1,0,2000,2009,2018,4,1,5,NA,0,NA,NA,NA,NA,NA,NA,NA,2,1 2 3,1,1,1,0,0,0,NA,2 3 5 7 8,0,1,1,0,1,0,1,1,0,0,NA,0,1,0,0,0,0,0,0,0,NA,5,5,4,4,5,4,5,4,2,NA,6,NA,1,NA,1,1,1 2 3,1,1,1,0,0,0,0,0,0,NA,3,NA,2 4,0,1,0,1,0,0,0,0,0,NA,1,NA,3,NA,4,NA,7 9,0,0,0,0,0,0,1,0,1,0,NA,5,NA,1,1,0,0,0,0,0,0,NA,2 5 6,0,1,0,0,1,1,0,NA,6,NA,1,3 4 6 7,0,0,1,1,0,1,1,0,0,0,NA,4,NA,1 2 3 4,1,1,1,1,0,0,NA,1,NA,1,NA,1,NA,3,NA,1,NA,4,4,4,4,4,4,4,4,NA,7,1 3,1,0,1,0,0,0,0,0,NA,6,NA,5,NA,8,NA,5,5,1,5,5,4,2,2,2 4 6,0,1,0,1,0,1,0,NA,2,NA,3,2,2 3 6,0,1,1,0,0,1,0,NA,1,1,1,1 2 3,1,1,1,0,NA,1,Teacher,3,3,3,2,4,3,3,3,4,1,1,1,2,3,3,4,3,3,3,3,3,3,3,3,3,3,3,3,1,3,2,1,1,3,3,2,male,2,3,2 3 4,0,1,1,1,0,0,NA,1,1,3,1,1,1,1,2,2,2,3,3,2,3,3,2,2,3,2,3,3,3,1,3,4,2,4,4,4,1,2 4 5,0,1,0,1,1,0,0,0,0,NA,43,NA,16030,NA,uuid:8fe9c8ac-ac3b-4299-9030-9af26da605bc,2512031638,uuid:8fe9c8ac-ac3b-4299-9030-9af26da605bc
92512,S0436070222,OROMIA,Gujii Lixaa,hambalaa waamannaa,coorsoo liishaa,Rural,"12/19/2025, 7:37:57 PM","12/19/2025, 9:08:26 AM","12/19/2025, 7:25:51 PM",12/19/2025,31d542a9aea3f2c5,1,HT30201,NA,female,principal,0,0,0,0,NA,NA,2005,2010,2010,1,2,5,NA,1,2009,management,1,0,0,0,NA,2,1 2 3,1,1,1,0,0,0,NA,3 4 5 7,0,0,1,1,1,0,1,0,0,0,NA,0,0,0,0,1,1,1,1,0,NA,5,5,4,4,3,4,4,3,2,NA,1,NA,6,NA,1,1,2 4 7,0,1,0,1,0,0,1,0,0,NA,3,NA,2 3,0,1,1,0,0,0,0,0,0,NA,1,NA,3,NA,8,NA,2 7,0,1,0,0,0,0,1,0,0,0,NA,5,NA,1,1,0,0,0,0,0,0,NA,2 5,0,1,0,0,1,0,0,NA,6,NA,1,2 3 4 5 9,0,1,1,1,1,0,0,0,1,0,NA,3,NA,NA,NA,NA,NA,NA,NA,NA,NA,3,NA,3,NA,3,NA,1,NA,1,NA,4,4,4,4,4,4,4,4,NA,6,2,0,1,0,0,0,0,0,0,NA,6,NA,5,NA,8,NA,5,5,4,2,5,5,5,3,2 3 4,0,1,1,1,0,0,0,NA,1,NA,4,3,2,0,1,0,0,0,0,0,NA,1,1,1,1 2 3,1,1,1,0,NA,1,Teacher,4,3,3,2,4,3,4,2,3,1,1,2,3,3,2,4,4,2,4,4,4,4,1,4,4,3,3,3,1,3,1,1,1,1,3,2,male,3,4,1 2 3 4,1,1,1,1,0,0,NA,3,3,3,3,3,3,2,2,3,3,3,4,1,4,4,2,2,3,3,4,2,3,1,2,4,4,1,4,2,2,4 7,0,0,0,1,0,0,1,0,0,NA,35,NA,16479,NA,uuid:e7f36282-ddc2-4920-ae42-a42b0570abf8,2512142209,uuid:e7f36282-ddc2-4920-ae42-a42b0570abf8
92517,S0436070392,OROMIA,Gujii Lixaa,hambalaa waamannaa,daansee horaa,Rural,"12/17/2025, 9:41:39 PM","12/17/2025, 8:21:28 AM","12/17/2025, 9:40:01 PM",12/17/2025,31d542a9aea3f2c5,1,HT24601,NA,male,principal,0,0,0,0,NA,NA,2008,2013,2017,3,6,5,NA,1,2016,in_service,0,1,0,0,NA,1,1 2 3,1,1,1,0,0,0,NA,1 2 3 5 8,1,1,1,0,1,0,0,1,0,0,NA,0,0,0,0,1,1,0,0,0,NA,5,5,5,5,2,4,4,4,2,NA,1,NA,7,NA,1,1,2 7 8,0,1,0,0,0,0,1,1,0,NA,2,NA,2 3,0,1,1,0,0,0,0,0,0,NA,1,NA,3,NA,97,Teaching,7 9,0,0,0,0,0,0,1,0,1,0,NA,5,NA,1,1,0,0,0,0,0,0,NA,2,0,1,0,0,0,0,0,NA,6,NA,1,1 2 3 5 6,1,1,1,0,1,1,0,0,0,0,NA,3,NA,NA,NA,NA,NA,NA,NA,NA,NA,2,NA,1,NA,1,NA,1,NA,1,NA,4,3,3,4,4,3,4,4,NA,6,1 3,1,0,1,0,0,0,0,0,NA,6,NA,5,NA,2,NA,5,5,2,4,4,4,4,2,3 4 5,0,0,1,1,1,0,0,NA,1,NA,3,3,1 2 4 6,1,1,0,1,0,1,0,NA,1,1,1,1 2 3,1,1,1,0,NA,1,Teacher,3,3,3,2,4,3,4,3,4,2,1,1,3,3,4,4,4,2,4,3,4,4,3,3,4,2,3,3,2,1,1,2,2,1,3,1,male,3,4,2 3 4,0,1,1,1,0,0,NA,3,3,3,3,3,3,3,3,3,3,3,3,2,2,3,3,4,3,3,4,2,3,1,2,4,3,2,4,2,1,3 5,0,0,1,0,1,0,0,0,0,NA,33,NA,16000,NA,uuid:a90bc99d-a2b9-4fa4-b5a1-2d139ec20d7c,2512142209,uuid:a90bc99d-a2b9-4fa4-b5a1-2d139ec20d7c
92524,S0436070432,OROMIA,Gujii Lixaa,hambalaa waamannaa,dhaki boor sariitii,Rural,"12/18/2025, 7:14:04 PM","12/18/2025, 8:36:06 AM","12/18/2025, 7:02:31 PM",12/18/2025,31d542a9aea3f2c5,1,HT17901,NA,female,principal,0,0,0,0,NA,NA,2007,2012,2012,1,2,5,NA,0,NA,NA,NA,NA,NA,NA,NA,3,1 2 3,1,1,1,0,0,0,NA,2 3 4 7 8,0,1,1,1,0,0,1,1,0,0,NA,0,0,0,1,1,1,1,1,0,NA,5,4,5,5,2,4,4,3,2,NA,1,NA,4,NA,1,1,1 2 7,1,1,0,0,0,0,1,0,0,NA,3,NA,2 4,0,1,0,1,0,0,0,0,0,NA,1,NA,3,NA,2,NA,5 9,0,0,0,0,1,0,0,0,1,0,NA,5,NA,1,1,0,0,0,0,0,0,NA,2 6,0,1,0,0,0,1,0,NA,6,NA,1,3 4 5 7,0,0,1,1,1,0,1,0,0,0,NA,4,NA,1 2 3 4,1,1,1,1,0,0,NA,1,NA,1,NA,1,NA,1,NA,1,NA,4,4,4,4,4,4,4,4,NA,6,1 2 3,1,1,1,0,0,0,0,0,NA,6,NA,5,NA,2,NA,5,5,3,5,5,5,5,3,2 3 4,0,1,1,1,0,0,0,NA,1,NA,4,2,2 4 6,0,1,0,1,0,1,0,NA,1,1,1,1 2,1,1,0,0,NA,1,Teacher,4,3,4,3,4,4,3,4,4,1,1,1,3,3,3,3,4,3,4,4,3,4,3,4,4,3,3,3,1,3,2,2,2,1,3,3,male,3,5,2 3 4,0,1,1,1,0,0,NA,3,3,3,3,3,2,2,3,3,3,3,3,4,4,4,2,3,3,3,4,2,2,1,3,4,3,2,2,3,1,2 5,0,1,0,0,1,0,0,0,0,NA,29,NA,16476,NA,uuid:eb611bc6-f66d-497d-a4cb-149866153595,2512142209,uuid:eb611bc6-f66d-497d-a4cb-149866153595
92494,S0436070462,OROMIA,Gujii Lixaa,hambalaa waamannaa,asgorii,Rural,"12/15/2025, 7:34:55 PM","12/15/2025, 8:43:23 AM","12/15/2025, 7:23:47 PM",12/15/2025,4794b43bebbd3e7c,1,HT25001,NA,female,principal,0,0,0,0,NA,NA,2008,2015,2015,4,2,5,NA,1,2016,management in_service,1,1,0,0,NA,4,4,0,0,0,1,0,0,NA,1 3 4 5 8,1,0,1,1,1,0,0,1,0,0,NA,1,1,0,0,0,0,0,0,0,NA,4,4,4,3,3,4,3,3,2,NA,4,NA,3,NA,1,1,1 7 8,1,0,0,0,0,0,1,1,0,NA,3,NA,1 8,1,0,0,0,0,0,0,1,0,NA,3,NA,1,NA,6,NA,4 9,0,0,0,1,0,0,0,0,1,0,NA,1,NA,1 6,1,0,0,0,0,1,0,NA,5 6,0,0,0,0,1,1,0,NA,4,NA,1,3 6 7 9,0,0,1,0,0,1,1,0,1,0,NA,4,NA,1 2 4,1,1,0,1,0,0,NA,3,NA,1,NA,1,NA,1,NA,1,None,3,3,3,3,3,3,4,4,NA,6,1 3 6,1,0,1,0,0,1,0,0,NA,6,NA,5,NA,2,NA,4,4,5,5,5,4,5,4,2 4 5,0,1,0,1,1,0,0,NA,2,NA,4,4,3 4 6,0,0,1,1,0,1,0,NA,1,3,1,1 2,1,1,0,0,NA,1,Pricipal,3,3,3,3,3,4,3,2,3,1,1,1,1,4,2,3,4,2,4,3,3,3,1,3,3,3,3,3,3,3,2,3,2,1,3,2,male,3,5,1 2 3 4,1,1,1,1,0,0,NA,3,3,3,3,3,3,3,3,3,3,3,2,1,2,2,4,2,3,1,4,2,2,1,3,3,2,3,4,2,1,1 5,1,0,0,0,1,0,0,0,0,NA,28,NA,16400,No comment,uuid:f3b13ef1-d504-4746-bbea-f29ab1ce1346,2512142209,uuid:f3b13ef1-d504-4746-bbea-f29ab1ce1346
92519,S0436070692,OROMIA,Gujii Lixaa,hambalaa waamannaa,darii dasii,Rural,"12/16/2025, 5:51:20 PM","12/16/2025, 9:05:19 AM","12/16/2025, 5:39:59 PM",12/16/2025,31d542a9aea3f2c5,1,HT17801,NA,female,principal,0,0,0,0,NA,NA,2009,2013,2013,1,2,5,NA,0,NA,NA,NA,NA,NA,NA,NA,3,1 2 3,1,1,1,0,0,0,NA,1 2 3 5,1,1,1,0,1,0,0,0,0,0,NA,0,0,0,0,1,1,1,0,0,NA,5,4,5,4,2,4,4,3,2,NA,1,NA,4,NA,1,1,2 4 7,0,1,0,1,0,0,1,0,0,NA,2,NA,4 5,0,0,0,1,1,0,0,0,0,NA,4,NA,1,NA,8,NA,7 8,0,0,0,0,0,0,1,1,0,0,NA,5,NA,1 4 5,1,0,0,1,1,0,0,NA,2 5 6,0,1,0,0,1,1,0,NA,2,NA,1,3 4 5 6,0,0,1,1,1,1,0,0,0,0,NA,3,NA,NA,NA,NA,NA,NA,NA,NA,NA,1,NA,1,NA,1,NA,1,NA,1,NA,4,4,4,4,4,4,4,5,NA,6,1 2 3,1,1,1,0,0,0,0,0,NA,5,NA,6,NA,8,NA,5,5,5,5,5,5,5,4,2 4 6,0,1,0,1,0,1,0,NA,1,NA,4,2,1 2 6,1,1,0,0,0,1,0,NA,1,1,1,1 2,1,1,0,0,NA,1,Teacher,3,4,3,2,3,4,3,3,4,1,1,1,2,3,3,3,4,2,3,2,4,4,3,3,3,3,3,3,1,2,1,2,2,1,3,2,male,3,5,1 2 3 4,1,1,1,1,0,0,NA,2,2,3,3,2,2,2,3,3,3,3,3,4,4,4,2,3,4,2,4,2,3,1,2,3,3,2,4,4,1,2 4,0,1,0,1,0,0,0,0,0,NA,31,NA,16437,"When I came to the principal at the beginning My supervisor tried to me gender based violence.
Also some community members tried to harm me while I punished one of his son in school the same way with other student.",uuid:3f9b95b4-ef61-4e91-bf1f-6c53b016379f,2512142209,uuid:3f9b95b4-ef61-4e91-bf1f-6c53b016379f
791679,S0449490132,OROMIA,B/M/Sandaafaa Bakkee,b/m/sandaafaa bakkee,muudaa,Rural,"12/12/2025, 7:14:21 PM","12/12/2025, 10:26:56 AM","12/12/2025, 7:08:18 PM",12/12/2025,511b83623529c852,1,HT12101,NA,female,principal,0,1,1,0,NA,NA,2007,2010,2010,1,6,5,NA,1,2016,mentoring,0,0,1,0,NA,3,2 4,0,1,0,1,0,0,NA,1 4,1,0,0,1,0,0,0,0,0,0,NA,0,1,0,0,0,0,1,1,0,NA,5,4,5,5,5,4,5,2,2,NA,1,NA,6,NA,1,2,2 4 7,0,1,0,1,0,0,1,0,0,NA,3,NA,2 6,0,1,0,0,0,1,0,0,0,NA,2,NA,1,NA,3,NA,3 9,0,0,1,0,0,0,0,0,1,0,NA,5,NA,1,1,0,0,0,0,0,0,NA,2 6,0,1,0,0,0,1,0,NA,6,NA,1,1 2 3 4 5 6 7 8 9,1,1,1,1,1,1,1,1,1,0,NA,2,NA,NA,NA,NA,NA,NA,NA,NA,NA,2,NA,2,NA,2,NA,2,NA,2,No,4,3,3,4,3,3,3,4,NA,7,2 6,0,1,0,0,0,1,0,0,NA,5,NA,6,NA,2,NA,4,4,4,3,4,4,4,2,3 4,0,0,1,1,0,0,0,NA,1,NA,4,3,2 6,0,1,0,0,0,1,0,NA,1,2,0,NA,NA,NA,NA,NA,NA,0,NA,2,2,2,4,3,2,4,3,4,1,3,2,1,1,4,2,4,3,3,1,4,2,3,2,3,3,2,3,2,2,2,2,2,1,2,2,male,2,1,1 2 3,1,1,1,0,0,0,NA,3,3,1,3,2,1,3,3,3,1,3,3,1,3,3,1,3,1,1,4,1,1,3,1,2,3,1,2,3,1,1 3,1,0,1,0,0,0,0,0,0,NA,33,NA,16695,No,uuid:4563f38b-8535-4bf4-87e5-0a129db5a7d7,2512031638,uuid:4563f38b-8535-4bf4-87e5-0a129db5a7d7
791543,S0449490262,OROMIA,B/M/Sandaafaa Bakkee,b/m/sandaafaa bakkee,"daabee muudaa sad,1ffaa",Urban,"12/14/2025, 3:22:28 PM","12/13/2025, 10:35:02 AM","12/14/2025, 1:59:03 PM",12/13/2025,511b83623529c852,1,HT33201,NA,female,principal,0,1,1,0,NA,NA,2000,2002,2016,2,1,5,NA,1,2007,management,1,0,0,0,NA,3,1,1,0,0,0,0,0,NA,1 5 7,1,0,0,0,1,0,1,0,0,0,NA,0,1,0,0,0,0,0,0,0,NA,5,5,4,5,5,5,4,5,1,NA,2,NA,5,NA,1,2,1 3 4,1,0,1,1,0,0,0,0,0,NA,3,NA,2 4,0,1,0,1,0,0,0,0,0,NA,4,NA,1,NA,5,NA,7 8,0,0,0,0,0,0,1,1,0,0,NA,5,NA,1 5,1,0,0,0,1,0,0,NA,2 5 6,0,1,0,0,1,1,0,NA,6,NA,1,1 2 3 4 5 6 7 8,1,1,1,1,1,1,1,1,0,0,NA,2,NA,NA,NA,NA,NA,NA,NA,NA,NA,1,NA,2,NA,2,NA,2,NA,2,No,3,4,4,3,4,4,3,3,NA,7,2 4,0,1,0,1,0,0,0,0,NA,5,NA,2,NA,6,NA,4,3,4,4,4,5,4,1,3 4,0,0,1,1,0,0,0,NA,1,NA,4,2,2 3 4,0,1,1,1,0,0,0,NA,1,1,1,1,1,0,0,0,NA,0,NA,4,4,2,4,3,2,4,1,3,1,1,1,1,4,1,2,4,1,3,2,2,2,1,2,3,3,3,3,2,2,3,3,2,2,3,2,male,4,5,1 3 4,1,0,1,1,0,0,NA,2,2,2,3,3,3,3,3,2,2,3,1,1,2,4,4,2,2,1,4,2,1,3,1,2,1,5,1,4,4,1 6,1,0,0,0,0,1,0,0,0,NA,41,NA,16844,No,uuid:6bc12499-cfca-44e8-bc78-6249e31b952e,2512111015,uuid:6bc12499-cfca-44e8-bc78-6249e31b952e
805865,S0451510492,OROMIA,B/M/Shanoo,b/m/shanoo,kaarl shanoo sad 1ffaa,Urban,"12/16/2025, 6:30:53 PM","12/16/2025, 9:21:50 AM","12/16/2025, 6:26:34 PM",12/16/2025,511b83623529c852,1,HT12201,NA,female,principal,0,1,1,2,2,0,1992,2002,2016,2,1,5,NA,1,2015,in_service,0,1,0,0,NA,1,1,1,0,0,0,0,0,NA,1 4,1,0,0,1,0,0,0,0,0,0,NA,0,0,1,1,1,0,1,0,0,NA,5,4,5,5,4,4,4,4,1,NA,2,NA,5,NA,1,2,1 3 4,1,0,1,1,0,0,0,0,0,NA,3,NA,2 4,0,1,0,1,0,0,0,0,0,NA,3,NA,2,NA,4,NA,8,0,0,0,0,0,0,0,1,0,0,NA,5,NA,1,1,0,0,0,0,0,0,NA,2 6,0,1,0,0,0,1,0,NA,6,NA,1,1 2 3 4 5 6 7 8,1,1,1,1,1,1,1,1,0,0,NA,2,NA,NA,NA,NA,NA,NA,NA,NA,NA,2,NA,2,NA,2,NA,2,NA,3,No,4,4,3,4,3,3,3,2,NA,3,2 6,0,1,0,0,0,1,0,0,NA,2,NA,11,NA,8,NA,5,4,4,4,4,4,4,2,4 5 6,0,0,0,1,1,1,0,NA,2,NA,4,2,2 4 6,0,1,0,1,0,1,0,NA,1,3,1,1,1,0,0,0,NA,0,NA,3,3,2,1,3,1,4,1,1,1,1,1,2,4,1,4,3,3,3,2,4,1,3,1,2,3,3,3,3,2,2,2,2,2,2,2,male,3,2,1 3,1,0,1,0,0,0,NA,3,3,2,3,3,3,3,2,3,3,3,3,1,3,4,4,2,1,1,4,2,1,3,1,2,1,4,1,1,4,1,1,0,0,0,0,0,0,0,0,NA,46,NA,17871,No,uuid:09cc265c-a900-493c-a20e-4fd0ad0eac49,2512111015,uuid:09cc265c-a900-493c-a20e-4fd0ad0eac49
805865,S0451510492,OROMIA,B/M/Shanoo,b/m/shanoo,kaarl shanoo sad 1ffaa,Urban,"12/16/2025, 6:30:53 PM","12/16/2025, 11:14:19 AM","12/16/2025, 6:27:25 PM",12/16/2025,511b83623529c852,1,HT12202,NA,male,vice_principal,0,1,1,2,2,0,1999,2004,2015,3,1,5,NA,0,NA,NA,NA,NA,NA,NA,NA,2,1 3,1,0,1,0,0,0,NA,6,0,0,0,0,0,1,0,0,0,0,NA,0,0,0,0,0,0,0,0,0,NA,4,4,5,4,5,5,5,3,2,NA,1,NA,3,NA,1,2,1 2 3,1,1,1,0,0,0,0,0,0,NA,3,NA,4 6,0,0,0,1,0,1,0,0,0,NA,3,NA,5,NA,6,NA,7,0,0,0,0,0,0,1,0,0,0,NA,5,NA,1 5,1,0,0,0,1,0,0,NA,2 3 5,0,1,1,0,1,0,0,NA,6,NA,1,1 2 3 4 5 6 7 8,1,1,1,1,1,1,1,1,0,0,NA,2,NA,NA,NA,NA,NA,NA,NA,NA,NA,2,NA,2,NA,2,NA,2,NA,3,No,4,4,3,3,4,4,3,2,NA,3,1 2 4,1,1,0,1,0,0,0,0,NA,1,NA,11,NA,5,NA,4,4,3,4,4,4,4,2,4 5,0,0,0,1,1,0,0,NA,2,NA,3,3,2 6,0,1,0,0,0,1,0,NA,1,5,1,1,1,0,0,0,NA,0,NA,3,2,3,1,3,3,4,2,2,3,2,2,1,4,3,2,3,2,3,3,3,4,2,1,2,2,2,3,1,2,3,2,2,2,3,3,male,3,1,1 3 4,1,0,1,1,0,0,NA,2,2,3,3,2,1,2,3,3,2,2,2,2,4,3,2,3,2,1,4,1,1,3,1,5,1,3,1,2,1,2,0,1,0,0,0,0,0,0,0,NA,38,NA,16381,No,uuid:40ab1d4d-e5b3-4611-94be-7bb33adff9c3,2512111015,uuid:40ab1d4d-e5b3-4611-94be-7bb33adff9c3
600032,S0601010072,BENISHANGUL-GUMUZ,Assosa,abrhamo,komeshiga 27,Rural,"12/6/2025, 7:30:53 PM","12/5/2025, 2:02:55 PM","12/5/2025, 7:11:39 PM",12/5/2025,8.62E+14,1,HT401,NA,male,principal,0,0,0,0,NA,NA,2004,2011,2013,2,1,5,NA,0,NA,NA,NA,NA,NA,NA,NA,3,3,0,0,1,0,0,0,NA,1 3 4 5,1,0,1,1,1,0,0,0,0,0,NA,0,0,0,0,0,0,0,0,0,NA,5,5,5,5,5,5,5,3,2,NA,3,NA,8,NA,1,1,1 2,1,1,0,0,0,0,0,0,0,NA,3,NA,3 4,0,0,1,1,0,0,0,0,0,NA,1,NA,5,NA,3,NA,6,0,0,0,0,0,1,0,0,0,0,NA,1,NA,5,0,0,0,0,1,0,0,NA,2,0,1,0,0,0,0,0,NA,2,NA,1,1 2 4 5 6 7 8 9,1,1,0,1,1,1,1,1,1,0,NA,3,NA,NA,NA,NA,NA,NA,NA,NA,NA,1,NA,3,NA,2,NA,3,NA,1,No,1,4,4,4,4,4,4,4,NA,7,1 3,1,0,1,0,0,0,0,0,NA,3,NA,8,NA,97,Financial problem,4,5,5,5,5,5,5,1,4,0,0,0,1,0,0,0,NA,1,NA,5,2,2,0,1,0,0,0,0,0,NA,0,NA,0,NA,NA,NA,NA,NA,NA,0,NA,4,4,3,4,4,3,4,4,4,1,1,1,4,4,1,4,4,1,4,1,4,4,1,4,4,3,3,3,3,3,3,1,3,1,3,1,male,3,6,2,0,1,0,0,0,0,NA,3,1,3,3,1,3,3,1,3,3,3,4,3,1,4,4,2,4,1,4,1,3,3,1,1,1,4,1,3,4,1 3 5,1,0,1,0,1,0,0,0,0,NA,36,NA,17159,NA,uuid:c636b655-4c0e-4cb5-ad02-a54d04a71c3a,2512031638,uuid:c636b655-4c0e-4cb5-ad02-a54d04a71c3a
600320,S0601010772,BENISHANGUL-GUMUZ,Assosa,oura,hoha no. 9,Rural,"12/8/2025, 7:56:37 PM","12/8/2025, 1:05:48 PM","12/8/2025, 7:08:21 PM",12/8/2025,8.62E+14,1,HT1801,NA,male,principal,0,0,0,0,NA,NA,2001,2011,2013,3,2,5,NA,0,NA,NA,NA,NA,NA,NA,NA,4,3,0,0,1,0,0,0,NA,3 7,0,0,1,0,0,0,1,0,0,0,NA,0,1,0,1,1,0,1,0,0,NA,4,4,5,4,5,5,3,3,2,NA,1,NA,4,NA,1,1,1 3 7,1,0,1,0,0,0,1,0,0,NA,3,NA,4 8,0,0,0,1,0,0,0,1,0,NA,6,NA,3,NA,5,NA,4,0,0,0,1,0,0,0,0,0,0,NA,5,NA,1 3,1,0,1,0,0,0,0,NA,5 6,0,0,0,0,1,1,0,NA,6,NA,1,1 2 4,1,1,0,1,0,0,0,0,0,0,NA,4,NA,1 2 4,1,1,0,1,0,0,NA,1,NA,1,NA,1,NA,2,NA,1,NA,3,3,3,3,3,3,4,4,NA,3,1,1,0,0,0,0,0,0,0,NA,6,NA,5,NA,8,NA,4,4,4,4,5,5,5,1,4 6,0,0,0,1,0,1,0,NA,1,NA,3,3,3 6,0,0,1,0,0,1,0,NA,1,1,1,1,1,0,0,0,NA,0,NA,4,4,3,4,3,4,4,3,3,3,2,3,4,3,4,3,4,3,3,3,3,3,3,2,3,3,2,3,2,3,1,2,1,1,2,2,male,3,2,1 2 3 4,1,1,1,1,0,0,NA,3,2,2,2,3,2,2,3,1,2,2,4,3,4,4,4,3,1,1,3,3,1,2,4,1,3,2,3,4,4,1 2 4 5 8,1,1,0,1,1,0,0,1,0,NA,33,NA,17208,no,uuid:05bd5e87-6357-4964-9704-04ce65bd030c,2512031638,uuid:05bd5e87-6357-4964-9704-04ce65bd030c
600035,S0601010842,BENISHANGUL-GUMUZ,Assosa,abrhamo,komoshiga 28,Rural,"12/9/2025, 6:17:51 PM","12/9/2025, 11:38:34 AM","12/9/2025, 2:14:18 PM",12/9/2025,8.62E+14,1,HT501,NA,female,principal,0,0,0,0,NA,NA,1997,2013,2016,2,3,5,NA,1,2017,management,1,0,0,0,NA,5,3,0,0,1,0,0,0,NA,1 3 7,1,0,1,0,0,0,1,0,0,0,NA,0,1,0,0,0,0,0,0,0,NA,5,5,5,5,5,5,5,5,2,NA,1,NA,8,NA,1,1,1 3 4,1,0,1,1,0,0,0,0,0,NA,3,NA,4 6,0,0,0,1,0,1,0,0,0,NA,3,NA,2,NA,6,NA,2 5,0,1,0,0,1,0,0,0,0,0,NA,5,NA,1 2 5,1,1,0,0,1,0,0,NA,5 6,0,0,0,0,1,1,0,NA,4,NA,1,1 2 4 5 6 7,1,1,0,1,1,1,1,0,0,0,NA,2,NA,NA,NA,NA,NA,NA,NA,NA,NA,2,NA,2,NA,1,NA,2,NA,2,no,4,4,4,4,4,4,4,4,NA,6,1 3,1,0,1,0,0,0,0,0,NA,8,NA,5,NA,2,NA,5,5,5,5,5,5,5,2,2 4,0,1,0,1,0,0,0,NA,1,NA,4,3,1 5 6,1,0,0,0,1,1,0,NA,1,1,1,1,1,0,0,0,NA,0,NA,4,4,4,4,4,4,3,4,4,1,1,1,4,4,4,3,4,4,4,1,3,3,1,4,4,3,3,3,3,1,1,3,3,1,3,2,male,2,1,3,0,0,1,0,0,0,NA,3,3,3,3,3,3,3,1,3,3,3,4,1,3,4,4,4,1,1,4,1,1,2,2,1,3,3,1,3,2,1 5,1,0,0,0,1,0,0,0,0,NA,36,NA,1851,no,uuid:cee01b27-bf98-415e-bda7-1aa0be8c521f,2512031638,uuid:cee01b27-bf98-415e-bda7-1aa0be8c521f
600046,S0601011082,BENISHANGUL-GUMUZ,Assosa,abrhamo,rubalgeda,Rural,"12/4/2025, 7:34:39 PM","12/4/2025, 9:44:09 AM","12/4/2025, 7:34:01 PM",12/4/2025,8.62E+14,1,HT2101,NA,female,principal,0,0,0,0,NA,NA,2003,2009,2009,1,2,5,NA,1,2017,in_service,0,1,0,0,NA,3,3,0,0,1,0,0,0,NA,1 2,1,1,0,0,0,0,0,0,0,0,NA,0,1,0,0,0,0,1,0,0,NA,5,4,5,5,5,5,5,5,1,NA,2,NA,3,NA,1,1,1 2 3,1,1,1,0,0,0,0,0,0,NA,3,NA,4 7,0,0,0,1,0,0,1,0,0,NA,3,NA,1,NA,5,NA,7 9,0,0,0,0,0,0,1,0,1,0,NA,5,NA,5,0,0,0,0,1,0,0,NA,5 6,0,0,0,0,1,1,0,NA,6,NA,1,2 3 4 5 6 7 8,0,1,1,1,1,1,1,1,0,0,NA,3,NA,NA,NA,NA,NA,NA,NA,NA,NA,2,NA,2,NA,2,NA,2,NA,2,no,1,3,4,4,4,4,4,3,NA,3,1,1,0,0,0,0,0,0,0,NA,97,Finincial problem,2,NA,3,NA,5,5,5,5,5,5,5,2,2,0,1,0,0,0,0,0,NA,1,NA,3,3,2 6,0,1,0,0,0,1,0,NA,1,1,1,1 2,1,1,0,0,NA,0,NA,4,4,4,4,4,4,4,3,4,1,1,1,4,4,4,3,4,3,4,4,4,4,1,4,4,3,2,3,3,3,2,3,3,2,3,2,male,4,1,1 2 3 4,1,1,1,1,0,0,NA,3,3,3,3,3,3,3,3,3,3,3,1,1,4,3,4,4,1,1,4,1,1,3,1,1,1,4,3,4,1,1 2,1,1,0,0,0,0,0,0,0,NA,36,NA,18000,No,uuid:16dcbb83-673a-4f8a-a8ca-71ebfc098b0b,2512031459,uuid:16dcbb83-673a-4f8a-a8ca-71ebfc098b0b
600387,S0601020022,BENISHANGUL-GUMUZ,Assosa,undulu,fudundu,Rural,"12/29/2025, 8:09:12 PM","12/29/2025, 12:17:28 PM","12/29/2025, 6:16:15 PM",12/29/2025,8.62E+14,1,HT36501,NA,male,principal,0,0,0,0,NA,NA,2007,2015,2017,2,1,5,NA,0,NA,NA,NA,NA,NA,NA,NA,999,3,0,0,1,0,0,0,NA,1 2 3,1,1,1,0,0,0,0,0,0,0,NA,0,1,0,0,0,0,1,0,0,NA,4,4,5,5,4,4,4,4,2,NA,6,NA,8,NA,1,1,1 3 4,1,0,1,1,0,0,0,0,0,NA,3,NA,6 8,0,0,0,0,0,1,0,1,0,NA,3,NA,1,NA,4,NA,5 8,0,0,0,0,1,0,0,1,0,0,NA,5,NA,1,1,0,0,0,0,0,0,NA,2 5 6,0,1,0,0,1,1,0,NA,6,NA,1,1 2 3 4 5 6 7,1,1,1,1,1,1,1,0,0,0,NA,4,NA,1 3,1,0,1,0,0,0,NA,3,NA,2,NA,2,NA,1,NA,2,no,3,2,3,4,3,3,4,4,NA,6,1 2,1,1,0,0,0,0,0,0,NA,1,NA,2,NA,5,NA,4,5,3,4,5,5,4,1,2,0,1,0,0,0,0,0,NA,1,NA,2,2,1 2,1,1,0,0,0,0,0,NA,0,NA,0,NA,NA,NA,NA,NA,NA,0,NA,2,4,4,4,4,4,4,2,4,2,1,1,4,3,3,3,4,2,3,3,3,4,4,2,3,2,3,3,2,2,1,2,1,1,2,2,male,3,5,1 4,1,0,0,1,0,0,NA,1,2,2,2,2,2,1,2,3,3,3,4,1,4,4,4,3,2,1,3,4,2,2,1,3,3,3,4,3,2,5 6,0,0,0,0,1,1,0,0,0,NA,33,NA,22400,no,uuid:54af2df0-8613-41b5-8b37-e3de8e750fcb,2512142209,uuid:54af2df0-8613-41b5-8b37-e3de8e750fcb
600237,S0601030102,BENISHANGUL-GUMUZ,Assosa,kurmuk,ashishire,Rural,"12/19/2025, 8:12:49 AM","12/18/2025, 11:30:40 AM","12/18/2025, 12:28:36 PM",12/18/2025,8.62E+14,1,HT1501,NA,female,principal,0,0,0,0,NA,NA,2005,2011,2012,2,1,5,NA,1,2010,management,1,0,0,0,NA,5,4,0,0,0,1,0,0,NA,3 4,0,0,1,1,0,0,0,0,0,0,NA,0,0,0,0,0,0,0,0,0,NA,5,4,4,5,4,5,5,4,2,NA,4,NA,3,NA,1,1,3 4,0,0,1,1,0,0,0,0,0,NA,3,NA,6 8,0,0,0,0,0,1,0,1,0,NA,1,NA,3,NA,5,NA,6,0,0,0,0,0,1,0,0,0,0,NA,5,NA,1,1,0,0,0,0,0,0,NA,5 6,0,0,0,0,1,1,0,NA,4,NA,1,1 2 3 4 5 6 7 8,1,1,1,1,1,1,1,1,0,0,NA,3,NA,NA,NA,NA,NA,NA,NA,NA,NA,2,NA,2,NA,2,NA,2,NA,2,no,3,2,4,4,4,4,3,4,NA,7,1 3,1,0,1,0,0,0,0,0,NA,3,NA,8,NA,6,NA,5,5,4,5,5,5,4,1,2 3 4,0,1,1,1,0,0,0,NA,1,NA,4,3,1 3,1,0,1,0,0,0,0,NA,0,NA,0,NA,NA,NA,NA,NA,NA,0,NA,4,3,4,4,4,4,4,4,4,1,1,1,3,4,4,3,3,1,4,1,4,3,1,2,4,3,3,3,3,3,3,3,2,2,3,2,male,3,1,1 3,1,0,1,0,0,0,NA,3,3,3,3,3,3,3,3,1,3,3,3,1,4,3,4,3,1,1,4,1,1,2,1,1,2,3,3,4,2,2 5,0,1,0,0,1,0,0,0,0,NA,30,NA,25300,no,uuid:564950a0-a107-49d4-a2d1-c6e0f70f3483,2512142209,uuid:564950a0-a107-49d4-a2d1-c6e0f70f3483
600242,S0601030132,BENISHANGUL-GUMUZ,Assosa,kurmuk,dul hode,Rural,"12/19/2025, 6:11:58 PM","12/19/2025, 9:18:42 AM","12/19/2025, 10:59:22 AM",12/19/2025,8.62E+14,1,HT36301,NA,male,principal,0,0,0,0,NA,NA,2002,2017,2017,1,6,5,NA,0,NA,NA,NA,NA,NA,NA,NA,5,2,0,1,0,0,0,0,NA,1 2,1,1,0,0,0,0,0,0,0,0,NA,1,1,0,1,1,1,0,0,0,NA,5,5,5,4,4,4,3,1,2,NA,7,NA,8,NA,1,1,1 5 7,1,0,0,0,1,0,1,0,0,NA,3,NA,1 6,1,0,0,0,0,1,0,0,0,NA,1,NA,8,NA,3,NA,2,0,1,0,0,0,0,0,0,0,0,NA,5,NA,1 4,1,0,0,1,0,0,0,NA,2 4 6,0,1,0,1,0,1,0,NA,3,NA,1,4 5,0,0,0,1,1,0,0,0,0,0,NA,4,NA,1 3,1,0,1,0,0,0,NA,2,NA,3,NA,2,NA,3,NA,2,No,3,4,3,3,3,5,4,3,NA,7,1 7,1,0,0,0,0,0,1,0,NA,1,NA,5,NA,2,NA,4,4,3,4,3,5,1,2,3 4,0,0,1,1,0,0,0,NA,2,NA,1,1,NA,NA,NA,NA,NA,NA,NA,NA,NA,0,NA,0,NA,NA,NA,NA,NA,NA,0,NA,3,3,3,4,3,4,4,4,4,3,1,3,2,2,4,4,4,1,3,4,4,4,4,1,4,2,1,3,2,3,1,1,1,1,1,4,male,1,3,3,0,0,1,0,0,0,NA,1,3,2,2,2,2,2,2,1,1,1,1,4,4,3,3,1,4,1,4,1,1,2,5,5,4,1,4,4,1,1 3 5,1,0,1,0,1,0,0,0,0,NA,32,NA,18945,No,uuid:cced0309-d3b5-480d-975e-cfeaf4230056,2512142209,uuid:cced0309-d3b5-480d-975e-cfeaf4230056
600117,S0601050102,BENISHANGUL-GUMUZ,Assosa,bambasi,mutsa yako,Rural,"12/11/2025, 7:22:33 PM","12/11/2025, 9:49:27 AM","12/11/2025, 10:32:36 AM",12/11/2025,8.62E+14,1,።HT2401,NA,male,principal,0,0,0,0,NA,NA,2009,2015,2016,2,1,5,NA,0,NA,NA,NA,NA,NA,NA,NA,2,5,0,0,0,0,1,0,NA,1 2 4,1,1,0,1,0,0,0,0,0,0,NA,0,0,1,1,1,0,0,0,0,NA,5,5,5,5,5,5,5,4,1,NA,4,NA,2,NA,1,1,1 4 7,1,0,0,1,0,0,1,0,0,NA,3,NA,1 4,1,0,0,1,0,0,0,0,0,NA,1,NA,2,NA,6,NA,3 7,0,0,1,0,0,0,1,0,0,0,NA,5,NA,1,1,0,0,0,0,0,0,NA,5 6,0,0,0,0,1,1,0,NA,6,NA,1,2 4 5 6,0,1,0,1,1,1,0,0,0,0,NA,3,NA,NA,NA,NA,NA,NA,NA,NA,NA,2,NA,2,NA,2,NA,2,NA,1,no,4,4,4,4,4,4,4,4,NA,1,2,0,1,0,0,0,0,0,0,NA,6,NA,5,NA,97,የመምህራን እጥረት,5,5,5,5,5,5,5,1,2,0,1,0,0,0,0,0,NA,2,NA,3,2,3 6,0,0,1,0,0,1,0,NA,0,NA,0,NA,NA,NA,NA,NA,NA,0,NA,4,4,4,4,4,4,4,3,3,1,1,1,1,4,4,4,4,1,4,1,4,4,1,4,4,3,2,3,3,3,3,3,3,3,3,1,male,3,3,1 2 3,1,1,1,0,0,0,NA,3,3,3,3,3,3,3,3,3,3,3,4,1,4,3,4,4,2,2,3,1,2,3,2,4,1,4,2,4,1,1 2 3,1,1,1,0,0,0,0,0,0,NA,31,NA,14930,no,uuid:d9dcb48b-b53d-4bcd-806e-c16df5719ffa,2512031638,uuid:d9dcb48b-b53d-4bcd-806e-c16df5719ffa
600119,S0601050152,BENISHANGUL-GUMUZ,Assosa,bambasi,selama,Rural,"12/10/2025, 7:30:06 PM","12/10/2025, 11:52:51 AM","12/10/2025, 12:41:04 PM",12/10/2025,8.62E+14,1,HT801,NA,male,principal,0,0,0,0,NA,NA,1999,2017,2018,2,1,5,NA,0,NA,NA,NA,NA,NA,NA,NA,5,1,1,0,0,0,0,0,NA,2 8,0,1,0,0,0,0,0,1,0,0,NA,0,1,1,0,1,0,1,0,0,NA,4,4,4,4,5,4,5,3,2,NA,4,NA,6,NA,1,1,1 4 7,1,0,0,1,0,0,1,0,0,NA,2,NA,3 4,0,0,1,1,0,0,0,0,0,NA,1,NA,2,NA,3,NA,3 4,0,0,1,1,0,0,0,0,0,0,NA,5,NA,1 4,1,0,0,1,0,0,0,NA,2 3 4,0,1,1,1,0,0,0,NA,3,NA,1,2 4 5 6,0,1,0,1,1,1,0,0,0,0,NA,3,NA,NA,NA,NA,NA,NA,NA,NA,NA,1,NA,3,NA,1,NA,2,NA,2,no,3,3,3,2,3,3,4,3,NA,1,1 7,1,0,0,0,0,0,1,0,NA,6,NA,2,NA,5,NA,5,5,5,4,5,4,5,1,2 3 4,0,1,1,1,0,0,0,NA,1,NA,3,2,2 5 6,0,1,0,0,1,1,0,NA,0,NA,0,NA,NA,NA,NA,NA,NA,0,NA,4,4,4,3,4,3,4,3,3,2,2,2,3,3,3,3,4,3,3,1,3,1,3,4,4,3,2,3,1,2,1,2,1,1,2,2,male,2,1,1,1,0,0,0,0,0,NA,3,2,1,1,1,1,1,1,1,1,1,3,3,3,3,4,3,3,3,4,1,1,3,3,4,4,4,4,3,1,1 2,1,1,0,0,0,0,0,0,0,NA,35,NA,17500,no,uuid:d041a9ed-c187-4a4c-bbc6-f6e449e700b4,2512031638,uuid:d041a9ed-c187-4a4c-bbc6-f6e449e700b4
600090,S0601050822,BENISHANGUL-GUMUZ,Assosa,bambasi,bisna,Urban,"12/12/2025, 7:53:29 PM","12/12/2025, 9:33:00 AM","12/12/2025, 12:22:53 PM",12/12/2025,8.62E+14,1,HT602,NA,female,vice_principal,2,0,2,2,1,1,1998,2002,2017,5,1,5,NA,0,NA,NA,NA,NA,NA,NA,NA,5,2 3,0,1,1,0,0,0,NA,1 2,1,1,0,0,0,0,0,0,0,0,NA,0,1,0,0,1,0,0,0,0,NA,5,5,5,5,5,5,5,3,2,NA,3,NA,6,NA,1,1,1 3 4,1,0,1,1,0,0,0,0,0,NA,3,NA,3 4,0,0,1,1,0,0,0,0,0,NA,1,NA,3,NA,6,NA,5,0,0,0,0,1,0,0,0,0,0,NA,5,NA,1 6,1,0,0,0,0,1,0,NA,5 6,0,0,0,0,1,1,0,NA,4,NA,1,2 4 5 6 8,0,1,0,1,1,1,0,1,0,0,NA,3,NA,NA,NA,NA,NA,NA,NA,NA,NA,1,NA,2,NA,2,NA,1,NA,2,no,3,3,3,4,4,3,4,3,NA,7,1 2,1,1,0,0,0,0,0,0,NA,6,NA,5,NA,97,ለመምህራን በቂ ሥልጠና አለመኖር,4,4,4,4,4,4,4,1,2 3 4,0,1,1,1,0,0,0,NA,97,የለም,3,2,1 3,1,0,1,0,0,0,0,NA,0,NA,0,NA,NA,NA,NA,NA,NA,0,NA,3,3,3,3,3,4,3,3,4,3,1,1,2,4,4,4,4,1,4,3,2,3,1,3,4,2,3,3,3,3,1,1,2,2,1,3,male,1,1,1,1,0,0,0,0,0,NA,3,3,3,2,2,3,3,3,3,3,2,3,1,4,4,3,3,3,3,4,1,1,3,1,3,1,2,1,4,2,4 5,0,0,0,1,1,0,0,0,0,NA,35,NA,18000,NA,uuid:82ea4f46-3c3a-4712-a6c6-a64784bc3343,2512111015,uuid:82ea4f46-3c3a-4712-a6c6-a64784bc3343
600090,S0601050822,BENISHANGUL-GUMUZ,Assosa,bambasi,bisna,Urban,"12/12/2025, 7:53:30 PM","12/12/2025, 1:44:12 PM","12/12/2025, 2:24:52 PM",12/12/2025,8.62E+14,1,HT601,NA,male,principal,0,0,0,2,1,1,2003,2007,2016,5,1,5,NA,1,2011,in_service,0,1,0,0,NA,1,2 3,0,1,1,0,0,0,NA,1,1,0,0,0,0,0,0,0,0,0,NA,0,0,0,0,0,0,0,0,0,NA,5,5,5,5,5,5,5,3,2,NA,7,NA,4,NA,1,1,1 3 4,1,0,1,1,0,0,0,0,0,NA,3,NA,6 8,0,0,0,0,0,1,0,1,0,NA,3,NA,1,NA,2,NA,4,0,0,0,1,0,0,0,0,0,0,NA,5,NA,1 5,1,0,0,0,1,0,0,NA,6,0,0,0,0,0,1,0,NA,6,NA,1,4 5 6,0,0,0,1,1,1,0,0,0,0,NA,4,NA,4,0,0,0,1,0,0,NA,2,NA,1,NA,2,NA,2,NA,2,no,4,4,3,4,4,4,3,3,NA,5,2 3,0,1,1,0,0,0,0,0,NA,6,NA,5,NA,8,NA,5,5,5,5,5,5,5,1,2 4,0,1,0,1,0,0,0,NA,2,NA,4,2,5 6,0,0,0,0,1,1,0,NA,0,NA,0,NA,NA,NA,NA,NA,NA,0,NA,3,4,4,3,3,3,4,3,4,2,1,2,1,4,1,4,3,1,4,1,2,4,1,4,4,3,3,3,2,2,1,1,1,1,2,1,male,2,1,4,0,0,0,1,0,0,NA,3,2,2,3,3,2,3,3,3,1,3,4,1,1,1,4,1,1,1,3,1,1,3,3,4,1,4,1,4,1,5 6 7,0,0,0,0,1,1,1,0,0,NA,35,NA,18000,no,uuid:5e3d39d6-9a95-400f-abb0-a4bc06e253ba,2512111015,uuid:5e3d39d6-9a95-400f-abb0-a4bc06e253ba
600199,S0601070062,BENISHANGUL-GUMUZ,Assosa,homosha,ashura,Rural,"12/15/2025, 7:41:20 PM","12/15/2025, 12:49:27 PM","12/15/2025, 5:38:46 PM",12/15/2025,8.62E+14,1,HT1301,NA,female,principal,0,0,0,0,NA,NA,2007,2010,2010,1,1,5,NA,1,2010,management,1,0,0,0,NA,3,4,0,0,0,1,0,0,NA,1 4 5,1,0,0,1,1,0,0,0,0,0,NA,1,1,1,1,1,0,0,0,0,NA,5,4,4,4,4,4,5,3,2,NA,3,NA,4,NA,1,1,1 4,1,0,0,1,0,0,0,0,0,NA,3,NA,1 6,1,0,0,0,0,1,0,0,0,NA,3,NA,1,NA,4,NA,6 7,0,0,0,0,0,1,1,0,0,0,NA,5,NA,1,1,0,0,0,0,0,0,NA,6,0,0,0,0,0,1,0,NA,6,NA,1,1 3,1,0,1,0,0,0,0,0,0,0,NA,4,NA,1,1,0,0,0,0,0,NA,1,NA,2,NA,2,NA,3,NA,2,No,3,3,3,4,3,3,4,3,NA,6,1 2,1,1,0,0,0,0,0,0,NA,6,NA,3,NA,2,NA,4,5,5,4,5,4,4,1,2,0,1,0,0,0,0,0,NA,1,NA,1,2,1,1,0,0,0,0,0,0,NA,0,NA,0,NA,NA,NA,NA,NA,NA,0,NA,4,3,3,3,3,4,4,2,4,1,1,1,3,4,1,3,3,3,4,3,4,4,1,4,4,3,3,3,3,3,1,2,1,1,1,3,male,3,1,1,1,0,0,0,0,0,NA,3,3,3,2,2,2,3,3,2,3,3,3,3,3,4,4,4,4,4,4,4,4,3,2,1,1,4,4,4,1,1 3,1,0,1,0,0,0,0,0,0,NA,29,NA,22000,No,uuid:63d9fe93-0475-4d80-af93-70e6af05d352,2512142209,uuid:63d9fe93-0475-4d80-af93-70e6af05d352
600212,S0601070132,BENISHANGUL-GUMUZ,Assosa,homosha,tsorearumela,Rural,"12/23/2025, 5:29:17 PM","12/22/2025, 10:33:13 AM","12/23/2025, 5:02:26 PM",12/22/2025,8.62E+14,1,HT36201,NA,male,principal,0,0,0,0,NA,NA,2005,2013,2015,2,2,5,NA,0,NA,NA,NA,NA,NA,NA,NA,3,3,0,0,1,0,0,0,NA,2 3,0,1,1,0,0,0,0,0,0,0,NA,0,0,0,0,0,0,0,0,0,NA,5,5,5,5,4,4,5,4,2,NA,7,NA,8,NA,1,1,1 2 4,1,1,0,1,0,0,0,0,0,NA,3,NA,1 6,1,0,0,0,0,1,0,0,0,NA,1,NA,3,NA,6,NA,5,0,0,0,0,1,0,0,0,0,0,NA,5,NA,1,1,0,0,0,0,0,0,NA,6,0,0,0,0,0,1,0,NA,6,NA,1,2 4 5,0,1,0,1,1,0,0,0,0,0,NA,2,NA,NA,NA,NA,NA,NA,NA,NA,NA,1,NA,1,NA,1,NA,1,NA,1,no,3,4,3,4,4,3,3,4,NA,6,1 2,1,1,0,0,0,0,0,0,NA,3,NA,5,NA,8,NA,4,5,5,5,5,5,5,2,2 3,0,1,1,0,0,0,0,NA,2,NA,3,2,1 2,1,1,0,0,0,0,0,NA,0,NA,0,NA,NA,NA,NA,NA,NA,0,NA,4,3,3,4,4,4,4,4,4,1,1,1,4,3,3,4,4,1,4,3,3,4,1,4,4,3,3,3,3,3,2,2,2,1,3,2,male,3,2,1 3,1,0,1,0,0,0,NA,3,3,3,3,3,3,3,3,3,3,3,3,2,4,4,3,2,3,1,4,1,2,3,1,1,3,4,4,4,1,5,0,0,0,0,1,0,0,0,0,NA,35,NA,18200,no,uuid:a0437f51-c143-424f-a10a-2d9f39ad9263,2512142209,uuid:a0437f51-c143-424f-a10a-2d9f39ad9263
600200,S0601070142,BENISHANGUL-GUMUZ,Assosa,homosha,bamadon,Rural,"12/16/2025, 5:12:05 PM","12/16/2025, 10:11:32 AM","12/16/2025, 11:14:25 AM",12/16/2025,8.62E+14,1,HT1401,NA,male,principal,0,0,0,0,NA,NA,2007,2007,2017,3,6,6,NA,0,NA,NA,NA,NA,NA,NA,NA,5,3,0,0,1,0,0,0,NA,2 4,0,1,0,1,0,0,0,0,0,0,NA,0,1,0,0,1,0,1,1,1,NA,5,5,5,4,4,5,5,3,2,NA,4,NA,3,NA,1,1,1 3 6,1,0,1,0,0,1,0,0,0,NA,3,NA,6 7,0,0,0,0,0,1,1,0,0,NA,3,NA,5,NA,6,NA,2 9,0,1,0,0,0,0,0,0,1,0,NA,5,NA,1,1,0,0,0,0,0,0,NA,2 6,0,1,0,0,0,1,0,NA,4,NA,1,2 4 6,0,1,0,1,0,1,0,0,0,0,NA,4,NA,1 3,1,0,1,0,0,0,NA,2,NA,2,NA,1,NA,2,NA,1,no,3,3,3,4,2,3,4,4,NA,6,1 2 7,1,1,0,0,0,0,1,0,NA,8,NA,3,NA,5,NA,4,5,5,5,5,5,4,2,3 4,0,0,1,1,0,0,0,NA,2,NA,5,4,1 2 3 4 5 6,1,1,1,1,1,1,0,NA,0,NA,0,NA,NA,NA,NA,NA,NA,0,NA,4,4,3,4,3,4,4,3,4,2,1,1,4,4,1,3,4,3,4,3,1,4,3,4,4,2,1,3,2,2,1,1,1,1,1,3,male,1,4,1,1,0,0,0,0,0,NA,3,2,3,3,3,3,3,2,3,3,3,4,3,3,4,4,3,3,2,3,4,3,2,3,1,3,2,4,3,1,2 4 5,0,1,0,1,1,0,0,0,0,NA,32,NA,24568,no,uuid:999e7863-5ae7-4b33-9b7c-4731616c2b2b,2512142209,uuid:999e7863-5ae7-4b33-9b7c-4731616c2b2b
600987,S0603010262,BENISHANGUL-GUMUZ,Metekel,wombera,wogdi,Rural,"12/16/2025, 3:46:57 PM","12/16/2025, 1:36:57 PM","12/16/2025, 3:39:28 PM",12/16/2025,70c2c0f162b52b0c,1,HT31301,NA,male,principal,0,0,0,0,NA,NA,2008,2010,2013,2,1,5,NA,0,NA,NA,NA,NA,NA,NA,NA,3,1 2 3,1,1,1,0,0,0,NA,2 5 7,0,1,0,0,1,0,1,0,0,0,NA,0,1,1,1,1,0,1,0,0,NA,5,4,5,4,4,5,5,4,2,NA,3,NA,6,NA,1,2,3 6 7,0,0,1,0,0,1,1,0,0,NA,3,NA,1 4,1,0,0,1,0,0,0,0,0,NA,1,NA,8,NA,5,NA,5 9,0,0,0,0,1,0,0,0,1,0,NA,5,NA,1 3 4 5,1,0,1,1,1,0,0,NA,2 3 4 6,0,1,1,1,0,1,0,NA,6,NA,1,2 4 5 6 7,0,1,0,1,1,1,1,0,0,0,NA,3,NA,NA,NA,NA,NA,NA,NA,NA,NA,2,NA,2,NA,2,NA,2,NA,2,yelam,3,4,4,3,4,4,4,5,NA,5,1 3 7,1,0,1,0,0,0,1,0,NA,5,NA,1,NA,8,NA,5,5,4,5,5,5,5,2,3 4 5,0,0,1,1,1,0,0,NA,4,NA,2,2,2 3 4 6,0,1,1,1,0,1,0,NA,1,6,0,NA,NA,NA,NA,NA,NA,0,NA,3,3,3,4,4,3,4,1,4,2,1,1,2,4,3,4,4,2,1,1,4,4,1,1,4,2,2,3,2,2,1,1,1,1,2,1,male,1,6,999,0,0,0,0,0,1,NA,1,1,1,1,3,2,3,1,3,1,1,1,3,3,1,2,4,4,1,4,1,1,3,1,2,2,3,4,4,1,1 5 7 8,1,0,0,0,1,0,1,1,0,NA,28,NA,17700,"Yelam, Amsegenalehu",uuid:852518f7-2ffc-4874-af0e-59cdc5eb1a6f,2512142209,uuid:852518f7-2ffc-4874-af0e-59cdc5eb1a6f
600964,S0603010562,BENISHANGUL-GUMUZ,Metekel,wombera,gombobidu,Rural,"12/15/2025, 7:48:57 PM","12/15/2025, 12:18:42 PM","12/15/2025, 7:37:28 PM",12/15/2025,8.62E+14,1,HT2201,NA,female,principal,0,0,0,0,NA,NA,1988,2009,2009,1,1,5,NA,1,2011,management,1,0,0,0,NA,1,3,0,0,1,0,0,0,NA,1 6,1,0,0,0,0,1,0,0,0,0,NA,0,0,0,0,1,0,1,0,0,NA,4,4,4,4,3,5,4,5,2,NA,6,NA,4,NA,1,1,1 2 5,1,1,0,0,1,0,0,0,0,NA,2,NA,1 5,1,0,0,0,1,0,0,0,0,NA,1,NA,3,NA,6,NA,2 7,0,1,0,0,0,0,1,0,0,0,NA,5,NA,1,1,0,0,0,0,0,0,NA,2 6,0,1,0,0,0,1,0,NA,6,NA,1,3 4 6 8,0,0,1,1,0,1,0,1,0,0,NA,3,NA,NA,NA,NA,NA,NA,NA,NA,NA,2,NA,2,NA,3,NA,2,NA,1,Ylem,4,3,3,4,3,4,4,4,NA,6,1,1,0,0,0,0,0,0,0,NA,5,NA,4,NA,8,NA,5,5,5,5,5,3,4,2,3 4,0,0,1,1,0,0,0,NA,3,NA,5,2,1 6,1,0,0,0,0,1,0,NA,0,NA,0,NA,NA,NA,NA,NA,NA,0,NA,4,3,4,3,4,2,4,4,3,1,2,3,3,2,3,2,4,2,3,1,4,3,2,3,3,3,2,3,3,2,1,3,3,2,3,3,male,3,4,1 3,1,0,1,0,0,0,NA,1,3,2,3,2,3,2,1,3,3,2,3,2,3,3,3,1,1,1,4,1,3,3,1,1,2,4,4,4,2,1 2 5,1,1,0,0,1,0,0,0,0,NA,35,NA,29229,Amesegenahalu,uuid:ee8a48ad-53bb-4241-9010-5450a4278c0d,2512111015,uuid:ee8a48ad-53bb-4241-9010-5450a4278c0d
600806,S0603040182,BENISHANGUL-GUMUZ,Metekel,mandura,ajehi,Rural,"12/4/2025, 11:52:50 AM","12/3/2025, 3:06:43 PM","12/4/2025, 11:52:34 AM",12/3/2025,8.62E+14,1,HT1601,NA,male,principal,0,0,0,0,NA,NA,2006,2011,2011,1,1,5,NA,0,NA,NA,NA,NA,NA,NA,NA,1,1,1,0,0,0,0,0,NA,4,0,0,0,1,0,0,0,0,0,0,NA,0,0,0,0,1,0,0,0,0,NA,4,5,5,5,1,1,5,4,7,NA,2,NA,4,NA,1,1,1 2,1,1,0,0,0,0,0,0,0,NA,2,NA,1 4,1,0,0,1,0,0,0,0,0,NA,1,NA,3,NA,5,NA,5,0,0,0,0,1,0,0,0,0,0,NA,1,NA,1 6,1,0,0,0,0,1,0,NA,2 5,0,1,0,0,1,0,0,NA,6,NA,1,1 2 4 6,1,1,0,1,0,1,0,0,0,0,NA,2,NA,NA,NA,NA,NA,NA,NA,NA,NA,3,NA,3,NA,2,NA,2,NA,1,-,4,1,4,1,4,4,4,3,NA,5,4,0,0,0,1,0,0,0,0,NA,3,NA,6,NA,7,NA,1,5,1,1,5,5,5,1,2,0,1,0,0,0,0,0,NA,2,NA,5,3,1 6,1,0,0,0,0,1,0,NA,0,NA,0,NA,NA,NA,NA,NA,NA,0,NA,4,4,1,4,4,4,3,1,3,1,1,1,4,3,4,4,4,1,4,4,4,4,1,1,4,3,3,2,3,3,1,1,3,1,3,3,male,1,1,2,0,1,0,0,0,0,NA,3,1,1,1,3,3,1,3,1,1,3,2,1,1,1,4,1,2,1,4,1,1,3,1,5,1,4,1,4,1,4 5,0,0,0,1,1,0,0,0,0,NA,30,NA,13322,-,uuid:d7081896-8a91-4942-9a15-5e56e753ac79,2512030638,uuid:d7081896-8a91-4942-9a15-5e56e753ac79
600816,S0603040252,BENISHANGUL-GUMUZ,Metekel,mandura,duhanzbeguna,Rural,"12/18/2025, 1:43:11 PM","12/18/2025, 10:27:38 AM","12/18/2025, 1:40:31 PM",12/18/2025,70c2c0f162b52b0c,1,HT1701,NA,female,principal,0,0,0,0,NA,NA,2005,2009,2010,1,1,5,NA,1,2017,in_service,0,1,0,0,NA,1,1 2 3,1,1,1,0,0,0,NA,1 4 5,1,0,0,1,1,0,0,0,0,0,NA,0,1,0,0,0,0,1,0,0,NA,5,4,4,5,5,5,4,5,2,NA,1,NA,6,NA,1,2,3 5 7,0,0,1,0,1,0,1,0,0,NA,2,NA,4 6,0,0,0,1,0,1,0,0,0,NA,1,NA,6,NA,8,NA,1 2,1,1,0,0,0,0,0,0,0,0,NA,5,NA,1 5,1,0,0,0,1,0,0,NA,2 4 6,0,1,0,1,0,1,0,NA,6,NA,1,2 4 5 6 7 8,0,1,0,1,1,1,1,1,0,0,NA,3,NA,NA,NA,NA,NA,NA,NA,NA,NA,2,NA,2,NA,2,NA,2,NA,2,Yelam,3,4,4,4,3,3,4,3,NA,7,3,0,0,1,0,0,0,0,0,NA,6,NA,5,NA,2,NA,4,4,4,4,5,5,5,1,4 5,0,0,0,1,1,0,0,NA,2,NA,5,2,2 3 5 6,0,1,1,0,1,1,0,NA,0,NA,0,NA,NA,NA,NA,NA,NA,0,NA,4,3,3,1,4,1,4,1,4,1,1,1,3,3,4,3,4,1,4,3,3,4,1,2,4,3,2,3,3,3,2,3,2,1,2,2,male,3,4,1 2 3 4,1,1,1,1,0,0,NA,3,2,2,1,3,3,1,1,3,1,3,1,3,2,4,4,4,3,1,4,1,2,2,1,4,4,4,3,4,4,1,1,0,0,0,0,0,0,0,0,NA,35,NA,18600,"Sete endemehone, yesira beto eruke mehon new Amsegenalehu",uuid:2beb8b52-e0f0-4a8f-9ce8-ceedc0898cee,2512142209,uuid:2beb8b52-e0f0-4a8f-9ce8-ceedc0898cee
600746,S0603050292,BENISHANGUL-GUMUZ,Metekel,dibati,kidoh,Rural,"12/10/2025, 7:26:52 AM","12/8/2025, 12:13:13 PM","12/9/2025, 5:01:38 PM",12/8/2025,70c2c0f162b52b0c,1,Ht1201,NA,female,principal,0,0,0,0,NA,NA,2007,2011,2014,2,1,4,NA,1,2017,management in_service mentoring,1,1,1,0,NA,4,1 2 3,1,1,1,0,0,0,NA,1 4 5,1,0,0,1,1,0,0,0,0,0,NA,1,1,1,1,1,0,1,1,0,NA,5,5,4,5,4,5,5,5,3,NA,5,NA,7,NA,1,2,4 5 6,0,0,0,1,1,1,0,0,0,NA,3,NA,6 8,0,0,0,0,0,1,0,1,0,NA,1,NA,3,NA,8,NA,1 3,1,0,1,0,0,0,0,0,0,0,NA,5,NA,1 5,1,0,0,0,1,0,0,NA,2 4 6,0,1,0,1,0,1,0,NA,2,NA,1,2 4 5 6 7 8,0,1,0,1,1,1,1,1,0,0,NA,3,NA,NA,NA,NA,NA,NA,NA,NA,NA,3,NA,2,NA,3,NA,1,NA,1,Yelam,4,1,3,3,3,3,4,4,NA,7,1,1,0,0,0,0,0,0,0,NA,4,NA,5,NA,6,NA,5,5,4,4,5,5,4,1,3,0,0,1,0,0,0,0,NA,2,NA,3,4,1 2 4 5 6,1,1,0,1,1,1,0,NA,0,NA,0,NA,NA,NA,NA,NA,NA,0,NA,4,2,2,3,4,2,4,2,4,2,1,1,4,4,4,4,4,4,4,2,3,3,2,2,4,2,2,2,2,2,1,1,2,1,2,2,male,1,6,999,0,0,0,0,0,1,NA,1,1,1,1,1,2,1,1,1,1,1,1,3,3,1,4,4,4,1,4,1,3,2,3,3,4,1,4,4,1,1 2 3 4,1,1,1,1,0,0,0,0,0,NA,30,NA,12707,Yelam,uuid:0b0de7bb-ecea-4a83-86a3-52668d856f47,2512031638,uuid:0b0de7bb-ecea-4a83-86a3-52668d856f47
601185,S0603050432,BENISHANGUL-GUMUZ,Metekel,dibati,gipo,Rural,"12/10/2025, 6:07:05 PM","12/9/2025, 3:28:41 PM","12/10/2025, 1:36:36 PM",12/9/2025,8.62E+14,1,HT31201,NA,male,principal,0,0,0,0,NA,NA,2004,2010,2012,2,1,5,NA,0,NA,NA,NA,NA,NA,NA,NA,3,3,0,0,1,0,0,0,NA,1 5,1,0,0,0,1,0,0,0,0,0,NA,0,1,0,1,1,0,0,0,0,NA,5,5,4,5,4,5,5,5,2,NA,6,NA,1,NA,1,1,1 2 4,1,1,0,1,0,0,0,0,0,NA,3,NA,4 6,0,0,0,1,0,1,0,0,0,NA,1,NA,3,NA,6,NA,3 5,0,0,1,0,1,0,0,0,0,0,NA,5,NA,1,1,0,0,0,0,0,0,NA,2,0,1,0,0,0,0,0,NA,6,NA,1,3 4 5,0,0,1,1,1,0,0,0,0,0,NA,3,NA,NA,NA,NA,NA,NA,NA,NA,NA,3,NA,2,NA,2,NA,1,NA,1,Ylem,3,4,3,4,3,4,4,4,NA,1,1 2,1,1,0,0,0,0,0,0,NA,4,NA,5,NA,8,NA,4,4,4,4,5,5,5,1,4,0,0,0,1,0,0,0,NA,1,NA,4,2,1 3 4,1,0,1,1,0,0,0,NA,0,NA,0,NA,NA,NA,NA,NA,NA,0,NA,3,4,3,3,4,1,4,1,3,2,1,1,3,2,3,3,3,3,3,3,4,3,4,2,3,3,3,3,2,2,1,2,2,1,3,3,male,2,5,1 4,1,0,0,1,0,0,NA,1,2,1,1,3,3,1,1,3,3,1,3,2,3,4,4,1,2,1,3,1,3,3,1,1,1,4,4,3,2,2 5,0,1,0,0,1,0,0,0,0,NA,33,NA,18257,Ylem Amesegnahalu,uuid:37ba3def-b443-49d2-a882-8cb2b1ecda5b,2512031638,uuid:37ba3def-b443-49d2-a882-8cb2b1ecda5b
600683,S0603060142,BENISHANGUL-GUMUZ,Metekel,dangur,borenja,Rural,"12/5/2025, 9:17:04 PM","12/5/2025, 11:43:26 AM","12/5/2025, 9:02:25 PM",12/5/2025,70c2c0f162b52b0c,1,HT1101,NA,female,principal,0,1,1,0,NA,NA,2002,2009,2011,2,1,5,NA,1,2017,in_service mentoring,0,1,1,0,NA,1,1 2 3,1,1,1,0,0,0,NA,1 2 8,1,1,0,0,0,0,0,1,0,0,NA,0,1,0,0,0,0,0,0,0,NA,5,4,5,5,4,5,4,5,2,NA,7,NA,4,NA,1,2,3 4 6,0,0,1,1,0,1,0,0,0,NA,3,NA,2 4,0,1,0,1,0,0,0,0,0,NA,1,NA,3,NA,5,NA,1 6,1,0,0,0,0,1,0,0,0,0,NA,5,NA,1 5 6,1,0,0,0,1,1,0,NA,2 3 6,0,1,1,0,0,1,0,NA,6,NA,1,1 2 4 5 6,1,1,0,1,1,1,0,0,0,0,NA,3,NA,NA,NA,NA,NA,NA,NA,NA,NA,3,NA,3,NA,2,NA,2,NA,2,Yelam,3,4,4,3,3,3,3,4,NA,3,3,0,0,1,0,0,0,0,0,NA,5,NA,7,NA,10,NA,5,4,4,5,5,5,5,1,3 4 5,0,0,1,1,1,0,0,NA,3,NA,4,3,2 3 6,0,1,1,0,0,1,0,NA,1,6,0,NA,NA,NA,NA,NA,NA,0,NA,4,4,4,2,3,3,4,2,4,1,2,1,4,2,4,3,4,1,4,3,4,4,3,1,4,3,2,3,3,2,2,2,3,1,3,2,male,3,1,1 2 3 4,1,1,1,1,0,0,NA,3,1,1,3,1,2,3,1,3,3,3,1,3,3,3,3,3,3,1,4,1,1,3,1,2,3,4,4,4,2,2 5,0,1,0,0,1,0,0,0,0,NA,34,NA,18500,Yelagnem,uuid:a7c2a632-928e-40a3-b84f-3f2b941b92e0,2512031459,uuid:a7c2a632-928e-40a3-b84f-3f2b941b92e0
600668,S0603060212,BENISHANGUL-GUMUZ,Metekel,dangur,anekasha gebreal,Rural,"12/13/2025, 1:05:27 PM","12/12/2025, 6:06:45 PM","12/13/2025, 1:03:48 PM",12/12/2025,70c2c0f162b52b0c,1,HT901,NA,male,principal,0,0,0,1,1,0,2007,2017,2017,1,1,5,NA,1,2017,management in_service mentoring,1,1,1,0,NA,4,1 2 3,1,1,1,0,0,0,NA,1 2 3 4 5,1,1,1,1,1,0,0,0,0,0,NA,0,1,0,0,1,0,1,0,0,NA,5,5,5,5,5,5,5,4,2,NA,6,NA,1,NA,1,2,2 3 6,0,1,1,0,0,1,0,0,0,NA,3,NA,4 8,0,0,0,1,0,0,0,1,0,NA,1,NA,3,NA,5,NA,5 7,0,0,0,0,1,0,1,0,0,0,NA,5,NA,1 5 6,1,0,0,0,1,1,0,NA,2 3 6,0,1,1,0,0,1,0,NA,6,NA,1,2 4 5 6 7,0,1,0,1,1,1,1,0,0,0,NA,3,NA,NA,NA,NA,NA,NA,NA,NA,NA,2,NA,2,NA,2,NA,2,NA,2,Ylem,3,4,3,4,3,3,3,4,NA,3,1 3,1,0,1,0,0,0,0,0,NA,5,NA,4,NA,8,NA,5,5,4,4,5,5,5,1,2 3 4 5,0,1,1,1,1,0,0,NA,4,NA,5,2,4 5 6,0,0,0,1,1,1,0,NA,0,NA,0,NA,NA,NA,NA,NA,NA,0,NA,3,4,3,4,4,1,4,4,4,1,1,1,1,4,1,4,4,2,3,1,3,3,1,1,1,3,2,3,3,2,2,1,1,1,2,1,male,1,1,3,0,0,1,0,0,0,NA,1,1,1,1,1,2,3,1,1,1,1,1,4,4,1,4,3,4,1,1,4,3,3,1,3,3,3,4,3,2,2 3 4 5 8,0,1,1,1,1,0,0,1,0,NA,38,NA,16715,Amesegenalhu,uuid:045f42df-2081-48c4-98db-dea76a96cd5a,2512111015,uuid:045f42df-2081-48c4-98db-dea76a96cd5a
600675,S0603060472,BENISHANGUL-GUMUZ,Metekel,dangur,bakusta,Rural,"12/8/2025, 7:59:50 PM","12/5/2025, 4:47:59 PM","12/8/2025, 7:58:42 PM",12/5/2025,8.62E+14,1,HT1001,NA,female,principal,0,0,0,0,NA,NA,2001,2009,2011,2,1,5,NA,1,2012,management in_service,1,1,0,0,NA,1,5,0,0,0,0,1,0,NA,1 2,1,1,0,0,0,0,0,0,0,0,NA,0,1,0,0,0,0,0,0,0,NA,5,4,5,5,4,5,5,4,2,NA,3,NA,4,NA,1,1,2 5 7,0,1,0,0,1,0,1,0,0,NA,3,NA,4 6,0,0,0,1,0,1,0,0,0,NA,3,NA,5,NA,6,NA,3 5,0,0,1,0,1,0,0,0,0,0,NA,5,NA,1,1,0,0,0,0,0,0,NA,2 6,0,1,0,0,0,1,0,NA,6,NA,1,1 4 8,1,0,0,1,0,0,0,1,0,0,NA,3,NA,NA,NA,NA,NA,NA,NA,NA,NA,3,NA,2,NA,2,NA,2,NA,1,Ylem,3,2,3,3,4,4,4,3,NA,1,3,0,0,1,0,0,0,0,0,NA,3,NA,8,NA,5,NA,4,4,3,3,4,4,4,1,2 4,0,1,0,1,0,0,0,NA,3,NA,5,3,1 6,1,0,0,0,0,1,0,NA,0,NA,0,NA,NA,NA,NA,NA,NA,0,NA,4,3,4,4,3,4,4,2,4,1,2,2,4,1,4,2,4,4,3,1,3,3,1,2,4,3,3,3,3,2,2,1,2,1,3,3,male,3,3,1 3,1,0,1,0,0,0,NA,2,1,2,3,2,2,1,2,3,3,2,4,1,4,4,3,1,3,1,4,1,1,3,1,1,4,1,1,1,4,1 4 5,1,0,0,1,1,0,0,0,0,NA,34,NA,27585,Ylem Amesegenehalu,uuid:e1d2dc6f-80f2-4b3d-bf30-48a3afbbc2a9,2512031638,uuid:e1d2dc6f-80f2-4b3d-bf30-48a3afbbc2a9
705928,S0701010062,CENTRAL ETHIOPIA,Kebena Sp.,kebena,wesherebe legedima,Rural,"12/10/2025, 2:01:58 PM","12/10/2025, 12:07:02 PM","12/10/2025, 2:00:14 PM",12/10/2025,3618c5f2ca206d06,1,HT5001,NA,male,principal,0,0,0,0,NA,NA,2010,2016,2018,2,1,5,NA,0,NA,NA,NA,NA,NA,NA,NA,5,4,0,0,0,1,0,0,NA,7 9,0,0,0,0,0,0,1,0,1,0,NA,1,1,1,1,0,0,1,1,0,NA,4,4,4,5,5,5,5,5,2,NA,3,NA,7,NA,1,2,2 7 97,0,1,0,0,0,0,1,0,1,Establishing a preschool for every village,3,NA,3 4,0,0,1,1,0,0,0,0,0,NA,1,NA,2,NA,7,NA,7 9,0,0,0,0,0,0,1,0,1,0,NA,1,NA,1 5,1,0,0,0,1,0,0,NA,5 6,0,0,0,0,1,1,0,NA,6,NA,1,1 3 4 5 6 7,1,0,1,1,1,1,1,0,0,0,NA,4,NA,1 3 4,1,0,1,1,0,0,NA,2,NA,2,NA,2,NA,2,NA,1,None,3,4,3,4,3,4,4,5,NA,6,1 2,1,1,0,0,0,0,0,0,NA,5,NA,8,NA,6,NA,5,5,4,5,5,4,5,2,2 3 4,0,1,1,1,0,0,0,NA,1,NA,5,3,1 3,1,0,1,0,0,0,0,NA,1,2,1,1 2 3,1,1,1,0,NA,1,Teachers,4,4,2,4,4,4,4,4,3,1,1,1,4,3,4,3,4,2,3,1,4,4,1,2,4,2,3,3,1,1,1,3,2,1,3,2,male,3,3,1 2 3 4,1,1,1,1,0,0,NA,1,2,2,2,2,2,3,2,3,3,3,4,1,3,3,4,3,4,2,4,1,3,2,4,1,4,1,4,3,1,4 5 8,0,0,0,1,1,0,0,1,0,NA,25,NA,12000,A lack of enough teachers and restricted budget,uuid:8f62d2bd-7794-4eeb-9dbc-301c84ee915f,2512031459,uuid:8f62d2bd-7794-4eeb-9dbc-301c84ee915f
705907,S0701010122,CENTRAL ETHIOPIA,Kebena Sp.,kebena,beriyo mulu andegna dereja,Rural,"12/12/2025, 6:28:11 PM","12/12/2025, 10:27:19 AM","12/12/2025, 6:11:31 PM",12/12/2025,3618c5f2ca206d06,1,HT4801,NA,female,principal,0,0,0,0,NA,NA,2008,2017,2017,1,1,5,NA,0,NA,NA,NA,NA,NA,NA,NA,4,1 2 3,1,1,1,0,0,0,NA,3 4,0,0,1,1,0,0,0,0,0,0,NA,1,0,1,0,0,0,1,0,0,NA,4,5,5,5,4,5,5,4,2,NA,4,NA,3,NA,1,2,7 8,0,0,0,0,0,0,1,1,0,NA,3,NA,3 4,0,0,1,1,0,0,0,0,0,NA,1,NA,97,Collecting ingredients or foods for the school feeding program,97,Work on setting up a preschool,1,1,0,0,0,0,0,0,0,0,0,NA,5,NA,1 97,1,0,0,0,0,0,1,Based on the minor field of study,2,0,1,0,0,0,0,0,NA,6,NA,1,1 3 4 5 6 9 97,1,0,1,1,1,1,0,0,1,1,Providing laboratory-based science education,4,NA,1 2 3 4,1,1,1,1,0,0,NA,2,NA,2,NA,2,NA,2,NA,1,None,3,4,3,3,4,4,3,5,NA,7,1 2,1,1,0,0,0,0,0,0,NA,6,NA,5,NA,97,Budget constraint,5,5,4,5,5,5,5,2,2 4,0,1,0,1,0,0,0,NA,1,NA,4,3,1 3 4 6,1,0,1,1,0,1,0,NA,1,3,1,1 2 3,1,1,1,0,NA,1,Teachers and principal,4,4,3,4,4,3,1,2,4,2,1,1,4,3,4,4,3,4,4,3,4,4,1,3,4,2,1,2,2,2,2,3,2,1,3,2,male,4,3,1 2 3,1,1,1,0,0,0,NA,3,2,2,3,3,3,3,1,3,3,3,4,1,4,4,4,3,1,1,4,3,1,2,2,1,4,4,3,4,1,4 5,0,0,0,1,1,0,0,0,0,NA,28,NA,16047,None,uuid:0e1b8225-9d49-48dd-8f89-34b7e51f60a0,2512031459,uuid:0e1b8225-9d49-48dd-8f89-34b7e51f60a0
705922,S0701010242,CENTRAL ETHIOPIA,Kebena Sp.,kebena,lenicha,Rural,"12/9/2025, 3:43:06 PM","12/9/2025, 10:27:21 AM","12/9/2025, 12:49:32 PM",12/9/2025,3618c5f2ca206d06,1,HT4901,NA,male,principal,0,0,0,0,NA,NA,2005,2009,2018,3,1,5,NA,1,2017,in_service other,0,1,0,1,School leadership,999,4,0,0,0,1,0,0,NA,1 4,1,0,0,1,0,0,0,0,0,0,NA,1,1,1,1,0,0,0,0,0,NA,5,5,5,4,4,5,5,5,2,NA,4,NA,97,None,1,2,4 6 8,0,0,0,1,0,1,0,1,0,NA,3,NA,3 6,0,0,1,0,0,1,0,0,0,NA,1,NA,6,NA,5,NA,2 9,0,1,0,0,0,0,0,0,1,0,NA,5,NA,1 5,1,0,0,0,1,0,0,NA,2 6,0,1,0,0,0,1,0,NA,5,NA,1,1 2 3 97,1,1,1,0,0,0,0,0,0,1,Continous professional development,4,NA,1 2 4,1,1,0,1,0,0,NA,2,NA,2,NA,1,NA,2,NA,1,None,4,4,3,4,4,3,4,4,NA,7,1 2,1,1,0,0,0,0,0,0,NA,97,Budget constrait,8,NA,97,Lack of commitment among teachers,5,5,5,5,5,5,4,2,2 4,0,1,0,1,0,0,0,NA,1,NA,2,2,1 6,1,0,0,0,0,1,0,NA,1,1,1,1 2 3,1,1,1,0,NA,0,NA,4,4,4,4,4,4,4,4,4,1,1,1,4,3,4,3,4,1,3,3,3,3,4,2,1,2,2,3,1,2,1,2,1,2,2,3,male,2,2,1 2 3 4,1,1,1,1,0,0,NA,3,1,3,3,2,2,1,1,3,2,1,4,1,3,3,1,1,1,4,4,1,1,3,1,1,1,3,4,2,1,4 7 97,0,0,0,1,0,0,1,0,1,School managmement,28,NA,16000,None,uuid:541bb0d9-664a-460a-bf36-a5e4625ebc33,2512031459,uuid:541bb0d9-664a-460a-bf36-a5e4625ebc33
704467,S0701020042,CENTRAL ETHIOPIA,Guraghe,abeshge,hole milliniyem,Rural,"12/4/2025, 6:08:43 PM","12/4/2025, 11:49:53 AM","12/4/2025, 5:13:16 PM",12/4/2025,3618c5f2ca206d06,1,HT2501,NA,female,principal,0,0,0,1,0,1,1997,2007,2017,3,1,5,NA,1,2017,management mentoring,1,0,1,0,NA,1,4 97,0,0,0,1,0,1,Since she was a model teacher,1 4,1,0,0,1,0,0,0,0,0,0,NA,0,0,0,0,0,0,0,0,0,NA,5,5,5,5,5,5,5,5,2,NA,1,NA,6,NA,1,1,1 3 6,1,0,1,0,0,1,0,0,0,NA,3,NA,1 6,1,0,0,0,0,1,0,0,0,NA,5,NA,6,NA,1,NA,2 4,0,1,0,1,0,0,0,0,0,0,NA,1,NA,1 97,1,0,0,0,0,0,1,Depends on their performance,2,0,1,0,0,0,0,0,NA,6,NA,1,2 4 5 9,0,1,0,1,1,0,0,0,1,0,NA,4,NA,1 2,1,1,0,0,0,0,NA,3,NA,1,NA,1,NA,1,NA,1,None,3,4,3,3,3,4,3,4,NA,6,1 2,1,1,0,0,0,0,0,0,NA,97,Budget constraint,6,NA,97,Lack of computer laboratory,5,5,5,5,5,5,5,1,97,0,0,0,0,0,0,1,Not applicable,1,NA,4,3,2 3 4 6,0,1,1,1,0,1,0,NA,1,6,1,1 2 3,1,1,1,0,NA,1,Teachers,4,4,4,4,4,4,4,3,4,1,1,1,4,3,4,4,3,1,4,1,3,4,3,3,3,1,1,3,3,3,3,3,3,2,3,1,female,1,6,97 999,0,0,0,0,1,1,Not applicable,3,2,2,2,2,2,1,3,3,3,3,4,1,4,4,2,2,1,1,4,1,1,3,1,1,1,4,3,5,1,1 5 97,1,0,0,0,1,0,0,0,1,Any important training that enhances school development,33,NA,16600,None,uuid:f9e4d47e-df88-4c6a-bf57-036e7084c9b7,2512031459,uuid:f9e4d47e-df88-4c6a-bf57-036e7084c9b7
704467,S0701020042,CENTRAL ETHIOPIA,Guraghe,abeshge,hole milliniyem,Rural,"12/4/2025, 6:30:48 PM","12/4/2025, 1:04:01 PM","12/4/2025, 5:23:51 PM",12/4/2025,283bb7b7f4ef185f,1,HT2502,NA,male,vice_principal,0,1,1,1,1,0,2007,2012,2017,3,1,5,NA,1,2017,in_service,0,1,0,0,NA,4,1 3,1,0,1,0,0,0,NA,1 2 5 6,1,1,0,0,1,1,0,0,0,0,NA,1,1,0,0,0,0,0,0,0,NA,5,5,5,5,5,5,5,5,5,NA,2,NA,6,NA,1,1,1 3 4,1,0,1,1,0,0,0,0,0,NA,3,NA,3 8,0,0,1,0,0,0,0,1,0,NA,3,NA,6,NA,4,NA,8,0,0,0,0,0,0,0,1,0,0,NA,5,NA,1 2,1,1,0,0,0,0,0,NA,2 5 6,0,1,0,0,1,1,0,NA,6,NA,1,1 2 3 4 5 6 7,1,1,1,1,1,1,1,0,0,0,NA,4,NA,4,0,0,0,1,0,0,NA,2,NA,2,NA,2,NA,1,NA,1,Yelum,2,4,3,4,3,4,4,4,NA,1,1,1,0,0,0,0,0,0,0,NA,3,NA,6,NA,8,NA,5,5,5,5,5,5,5,1,3 4 5,0,0,1,1,1,0,0,NA,1,NA,4,1,NA,NA,NA,NA,NA,NA,NA,NA,NA,1,2,1,1,1,0,0,0,NA,1,Teachers,4,4,4,4,4,4,4,4,4,1,1,1,4,4,1,3,4,2,4,2,4,1,1,3,4,2,3,3,3,1,1,2,2,1,1,3,male,2,4,1 2 3 4,1,1,1,1,0,0,NA,1,2,2,3,2,1,1,3,1,3,2,3,3,3,3,3,1,1,1,4,1,1,3,1,1,1,4,4,1,1,3 4 5 6 8,0,0,1,1,1,1,0,1,0,NA,33,NA,15500,"Yesra kefefel cheger
Wete yehone sera alemehon 
Erseberse yalew gengnunet alemnor al",uuid:9b7e9614-8f2c-4839-b12a-e8555b7fa292,2512031459,uuid:9b7e9614-8f2c-4839-b12a-e8555b7fa292
704485,S0701020262,CENTRAL ETHIOPIA,Guraghe,abeshge,tachgnaw fenta,Rural,"12/5/2025, 6:39:10 PM","12/5/2025, 7:55:52 AM","12/5/2025, 6:36:00 PM",12/5/2025,283bb7b7f4ef185f,1,HT2801,NA,male,principal,1,0,1,0,NA,NA,2006,2016,2016,3,1,5,NA,1,2017,management in_service,1,1,0,0,NA,3,3,0,0,1,0,0,0,NA,1 2 4 5,1,1,0,1,1,0,0,0,0,0,NA,0,0,0,0,0,0,0,0,0,NA,5,5,5,4,5,5,4,5,2,NA,6,NA,4,NA,1,1,1 3 6,1,0,1,0,0,1,0,0,0,NA,3,NA,3 6,0,0,1,0,0,1,0,0,0,NA,2,NA,5,NA,1,NA,8,0,0,0,0,0,0,0,1,0,0,NA,1,NA,1 3,1,0,1,0,0,0,0,NA,2 6,0,1,0,0,0,1,0,NA,6,NA,1,1 2 4 9,1,1,0,1,0,0,0,0,1,0,NA,4,NA,1 2 3 4,1,1,1,1,0,0,NA,2,NA,2,NA,1,NA,1,NA,1,Yelem,3,4,3,4,3,4,4,4,NA,1,1 2,1,1,0,0,0,0,0,0,NA,6,NA,5,NA,2,NA,5,5,5,5,5,5,5,1,1 2 5,1,1,0,0,1,0,0,NA,1,NA,1,1,NA,NA,NA,NA,NA,NA,NA,NA,NA,1,4,1,1 3,1,0,1,0,NA,1,Youth center,4,4,4,4,4,4,4,4,4,1,1,1,4,4,1,4,4,1,4,1,4,3,4,3,4,2,2,3,1,1,1,1,1,1,1,2,male,3,3,1 2 3 4,1,1,1,1,0,0,NA,3,2,2,2,2,3,2,1,3,2,2,3,1,3,1,3,4,1,1,4,2,4,3,2,1,1,4,1,3,1,1 5 6 8,1,0,0,0,1,1,0,1,0,NA,35,NA,14500,Mahbrsebu sel t/t yalew genzabe anasa selhon genzabe bifeterlete betam teru new,uuid:3f8a1458-18fd-4636-9cab-12ed40e8502e,2512031638,uuid:3f8a1458-18fd-4636-9cab-12ed40e8502e
704483,S0701020322,CENTRAL ETHIOPIA,Guraghe,abeshge,shambel kamp,Rural,"12/8/2025, 3:37:06 PM","12/8/2025, 9:00:09 AM","12/8/2025, 3:20:07 PM",12/8/2025,3618c5f2ca206d06,1,HT2701,NA,male,principal,0,0,0,0,NA,NA,1998,2002,2017,5,1,5,NA,1,2016,management in_service other,1,1,0,1,School improvement program,3,1 2 3,1,1,1,0,0,0,NA,1 3 4,1,0,1,1,0,0,0,0,0,0,NA,0,0,1,1,1,0,1,0,1,NA,5,5,5,5,5,5,5,5,2,NA,1,NA,5,NA,1,1,2 6 7,0,1,0,0,0,1,1,0,0,NA,3,NA,1 7,1,0,0,0,0,0,1,0,0,NA,1,NA,3,NA,5,NA,2 5,0,1,0,0,1,0,0,0,0,0,NA,5,NA,1 97,1,0,0,0,0,0,1,"If the number of teachers and subjects is unbalanced, the assignment is made based on the minor study.",5 6,0,0,0,0,1,1,0,NA,97,I discussed the reasons for the absenteeism with the teacher,1,3 4 8 97,0,0,1,1,0,0,0,1,0,1,Enhancing students’ reading skills,4,NA,1 2 4,1,1,0,1,0,0,NA,2,NA,1,NA,1,NA,1,NA,1,None,4,3,3,3,3,3,4,4,NA,6,1 2,1,1,0,0,0,0,0,0,NA,6,NA,97,Students’ lack of academic intension and the problem of designing exams without a table of specification,5,NA,4,4,4,4,4,5,4,3,2 3,0,1,1,0,0,0,0,NA,1,NA,4,1,NA,NA,NA,NA,NA,NA,NA,NA,NA,1,1,1,1 3,1,0,1,0,NA,1,Teachers,4,4,3,4,3,4,4,4,4,3,1,1,4,3,4,3,3,1,4,3,4,3,1,3,4,3,3,3,2,2,2,2,1,1,3,3,male,4,4,1 2 3 4,1,1,1,1,0,0,NA,3,1,2,3,1,2,1,1,1,3,3,4,3,1,1,4,1,3,1,4,1,3,3,3,1,3,4,4,4,1,1 97,1,0,0,0,0,0,0,0,1,Training on school management leadership,45,NA,16700,"A shortage of teachers specialized in the subject area, along with budget constraints.
Lack of opportunities for advanced education",uuid:3a6cb2e8-e9e5-48a0-8cf7-134286ba677b,2512031459,uuid:3a6cb2e8-e9e5-48a0-8cf7-134286ba677b
705429,S0701030022,CENTRAL ETHIOPIA,Guraghe,ezha,yekimene,Rural,"12/19/2025, 4:43:15 PM","12/16/2025, 8:40:42 AM","12/19/2025, 4:15:47 PM",12/16/2025,283bb7b7f4ef185f,1,HT3801,NA,male,principal,1,0,1,0,NA,NA,2007,2009,2017,5,1,5,NA,1,2017,management in_service mentoring,1,1,1,0,NA,3,2 3,0,1,1,0,0,0,NA,1 4 5 6 7 8 9,1,0,0,1,1,1,1,1,1,0,NA,0,0,0,1,1,1,1,1,0,NA,5,5,5,5,5,5,5,5,2,NA,7,NA,4,NA,1,2,1 2 3,1,1,1,0,0,0,0,0,0,NA,3,NA,4 6,0,0,0,1,0,1,0,0,0,NA,1,NA,6,NA,3,NA,3,0,0,1,0,0,0,0,0,0,0,NA,5,NA,1 2 3 5,1,1,1,0,1,0,0,NA,2 5 6,0,1,0,0,1,1,0,NA,6,NA,1,1 2 3 4 5 6 7 8,1,1,1,1,1,1,1,1,0,0,NA,4,NA,4,0,0,0,1,0,0,NA,3,NA,2,NA,1,NA,1,NA,1,Yelem,4,4,4,4,4,4,4,3,NA,5,1 2 3 6,1,1,1,0,0,1,0,0,NA,8,NA,2,NA,9,NA,5,5,5,5,5,5,5,1,1,1,0,0,0,0,0,0,NA,1,NA,4,3,1 2 3 4,1,1,1,1,0,0,0,NA,1,4,1,1 2 3,1,1,1,0,NA,1,Teachers,4,4,4,4,4,4,4,4,4,1,1,1,4,4,1,4,4,4,4,4,4,4,4,4,4,1,1,1,1,1,1,1,1,1,1,1,male,3,1,1 2 3 4,1,1,1,1,0,0,NA,1,1,2,1,2,2,2,3,3,3,1,4,4,4,4,4,1,1,1,4,1,4,1,1,1,1,4,4,1,2,2 5 8,0,1,0,0,1,0,0,1,0,NA,30,NA,16225,Res memeheranen beseletena benabekachew yetshale new,uuid:1422b9eb-3a97-4f2b-9042-f29ddfeb0292,2512142209,uuid:1422b9eb-3a97-4f2b-9042-f29ddfeb0292
705401,S0701030092,CENTRAL ETHIOPIA,Guraghe,ezha,aguaje terehe,Rural,"12/16/2025, 4:47:18 PM","12/15/2025, 7:43:48 AM","12/16/2025, 4:38:20 PM",12/15/2025,3618c5f2ca206d06,1,HT31701,NA,male,principal,0,0,0,1,1,0,2008,2011,2012,2,2,5,NA,1,2017,mentoring other,0,0,1,1,"Skill development training, CPD, and the management system of students",3,1 2 3,1,1,1,0,0,0,NA,1 3,1,0,1,0,0,0,0,0,0,0,NA,0,1,0,0,0,0,0,0,0,NA,5,5,5,5,5,5,5,4,2,NA,5,NA,97,None,1,1,1 6,1,0,0,0,0,1,0,0,0,NA,3,NA,3 4,0,0,1,1,0,0,0,0,0,NA,1,NA,3,NA,8,NA,2 6,0,1,0,0,0,1,0,0,0,0,NA,5,NA,1 5,1,0,0,0,1,0,0,NA,5 6,0,0,0,0,1,1,0,NA,6,NA,1,2 3 4 7,0,1,1,1,0,0,1,0,0,0,NA,4,NA,1 2 4,1,1,0,1,0,0,NA,2,NA,2,NA,1,NA,1,NA,1,None,3,3,3,3,3,3,4,4,NA,6,1 2,1,1,0,0,0,0,0,0,NA,8,NA,4,NA,6,NA,5,5,5,5,5,5,5,2,2 4,0,1,0,1,0,0,0,NA,1,NA,4,3,1 3,1,0,1,0,0,0,0,NA,1,3,1,1 2,1,1,0,0,NA,1,Teachers,4,4,4,4,4,3,4,3,4,2,1,1,3,4,1,4,3,1,4,3,4,3,1,2,4,3,3,3,2,3,2,3,3,2,3,3,male,4,3,1 3 4,1,0,1,1,0,0,NA,1,2,3,1,3,2,3,2,3,3,3,4,1,4,1,3,1,1,1,4,1,1,3,1,1,1,5,3,4,1,5,0,0,0,0,1,0,0,0,0,NA,34,NA,15000,None,uuid:21dcb1be-5744-4409-b73a-d7a5fbc5002c,2512031459,uuid:21dcb1be-5744-4409-b73a-d7a5fbc5002c
705401,S0701030092,CENTRAL ETHIOPIA,Guraghe,ezha,aguaje terehe,Rural,"12/16/2025, 4:47:20 PM","12/16/2025, 3:36:44 PM","12/16/2025, 4:38:53 PM",12/16/2025,3618c5f2ca206d06,1,HT31702,NA,male,vice_principal,1,0,1,1,1,0,2008,2015,2016,2,2,4,NA,1,2017,in_service mentoring,0,1,1,0,NA,3,1 2 3,1,1,1,0,0,0,NA,3 4,0,0,1,1,0,0,0,0,0,0,NA,0,1,1,1,0,0,0,0,0,NA,5,5,5,5,5,5,5,4,2,NA,5,NA,8,NA,1,1,1 7,1,0,0,0,0,0,1,0,0,NA,3,NA,4 8,0,0,0,1,0,0,0,1,0,NA,3,NA,1,NA,5,NA,9,0,0,0,0,0,0,0,0,1,0,NA,5,NA,1 5,1,0,0,0,1,0,0,NA,5 6,0,0,0,0,1,1,0,NA,6,NA,1,1 2 3 4 5 7,1,1,1,1,1,0,1,0,0,0,NA,4,NA,1 3,1,0,1,0,0,0,NA,2,NA,1,NA,1,NA,1,NA,1,None,3,4,4,4,4,3,4,5,NA,6,1 2,1,1,0,0,0,0,0,0,NA,8,NA,6,NA,5,NA,5,5,4,5,5,5,5,2,3 4,0,0,1,1,0,0,0,NA,1,NA,4,2,1 3,1,0,1,0,0,0,0,NA,1,1,1,1 2 3,1,1,1,0,NA,1,Principals and teachers,4,4,4,3,4,4,3,3,4,2,1,1,3,3,3,4,3,4,4,3,3,4,1,3,3,3,3,3,2,3,2,3,3,2,3,2,male,4,3,1 2 3 4,1,1,1,1,0,0,NA,3,2,2,3,2,2,3,3,1,3,3,3,1,3,3,3,1,1,1,4,1,2,3,1,1,1,4,3,4,1,2 5,0,1,0,0,1,0,0,0,0,NA,31,NA,14000,None,uuid:e4316e4a-e6eb-4c9b-b92f-0ef550c7284f,2512031459,uuid:e4316e4a-e6eb-4c9b-b92f-0ef550c7284f
706542,S0701050062,CENTRAL ETHIOPIA,Misrak Guraghe,sodo,adazer primary,Rural,"12/8/2025, 4:05:27 PM","12/8/2025, 8:11:44 AM","12/8/2025, 3:59:36 PM",12/8/2025,1f2e7526f0d594aa,1,HT6301,NA,female,principal,0,0,0,0,NA,NA,2003,2006,2017,1,1,5,NA,1,2017,management,1,0,0,0,NA,2,1 3,1,0,1,0,0,0,NA,1 2 4 5 6 7 8,1,1,0,1,1,1,1,1,0,0,NA,0,1,0,0,0,0,0,0,0,NA,5,5,5,5,5,5,5,3,2,NA,3,NA,7,NA,1,1,1 6 8,1,0,0,0,0,1,0,1,0,NA,3,NA,4 6,0,0,0,1,0,1,0,0,0,NA,2,NA,3,NA,1,NA,9,0,0,0,0,0,0,0,0,1,0,NA,1,NA,1,1,0,0,0,0,0,0,NA,2 5 6,0,1,0,0,1,1,0,NA,6,NA,1,1 2 3 4 5 6 7,1,1,1,1,1,1,1,0,0,0,NA,4,NA,1 2 3 4,1,1,1,1,0,0,NA,2,NA,2,NA,1,NA,2,NA,1,የለም,4,3,3,4,4,3,4,4,NA,1,1 2 3,1,1,1,0,0,0,0,0,NA,6,NA,5,NA,8,NA,5,5,4,5,5,5,4,1,2 3 4 6,0,1,1,1,0,1,0,NA,2,NA,3,2,1 3 4,1,0,1,1,0,0,0,NA,1,3,1,1 2 3,1,1,1,0,NA,1,unit leader,4,3,4,4,4,4,3,1,4,2,1,1,3,3,4,3,3,3,4,2,4,4,2,3,4,2,3,3,2,2,2,2,2,1,3,4,male,3,2,1 2 3,1,1,1,0,0,0,NA,3,2,2,3,3,3,2,3,3,2,3,3,3,3,4,2,3,1,1,4,1,2,3,2,2,2,3,3,2,2,1 2 5 6,1,1,0,0,1,1,0,0,0,NA,28,NA,16715,No,uuid:0bc00314-46b1-4530-8fea-245126e914dd,2512031638,uuid:0bc00314-46b1-4530-8fea-245126e914dd
706566,S0701050162,CENTRAL ETHIOPIA,Misrak Guraghe,sodo,firshi abo,Rural,"12/16/2025, 4:49:02 PM","12/15/2025, 9:49:32 AM","12/16/2025, 4:44:32 PM",12/15/2025,283bb7b7f4ef185f,1,HT39101,NA,female,principal,0,1,1,1,0,1,1997,2017,2017,5,1,5,NA,1,2017,management in_service mentoring,1,1,1,0,NA,3,3,0,0,1,0,0,0,NA,1 8,1,0,0,0,0,0,0,1,0,0,NA,0,0,0,1,1,1,1,0,0,NA,5,5,4,4,4,4,4,5,2,NA,7,NA,6,NA,1,1,2 7 8,0,1,0,0,0,0,1,1,0,NA,3,NA,6 7,0,0,0,0,0,1,1,0,0,NA,1,NA,6,NA,3,NA,2 5,0,1,0,0,1,0,0,0,0,0,NA,1,NA,1 2 3,1,1,1,0,0,0,0,NA,2,0,1,0,0,0,0,0,NA,6,NA,1,1 2 4 5,1,1,0,1,1,0,0,0,0,0,NA,4,NA,1 2 3 4,1,1,1,1,0,0,NA,2,NA,2,NA,1,NA,1,NA,1,Yelem,4,4,4,5,4,4,5,4,NA,3,1 2 3 6,1,1,1,0,0,1,0,0,NA,8,NA,11,NA,4,NA,5,5,3,5,4,4,3,1,1,1,0,0,0,0,0,0,NA,2,NA,4,1,NA,NA,NA,NA,NA,NA,NA,NA,NA,1,6,0,NA,NA,NA,NA,NA,NA,0,NA,4,3,4,4,4,4,4,4,4,1,2,1,4,2,4,2,4,2,4,1,4,4,1,4,4,2,2,1,1,1,1,1,1,1,1,3,male,3,5,1 2 3 4,1,1,1,1,0,0,NA,1,2,2,1,2,3,1,1,1,1,1,4,2,4,3,3,4,4,1,4,1,1,3,3,1,1,2,3,1,1,2 3 4 5 8,0,1,1,1,1,0,0,1,0,NA,38,NA,16715,Setoche wed amerarenet bimetu yeteshal new bertu yemil akal yelem beget yelbetena yelelebet ekul ayedegefem hulum neger ekule ayetayem gen ekul enemezenalen bisetekakel,uuid:2f15c1e9-2ef7-4985-970a-68fccc3efe76,2512142209,uuid:2f15c1e9-2ef7-4985-970a-68fccc3efe76
706586,S0701054372,CENTRAL ETHIOPIA,Misrak Guraghe,sodo,wacho hibiret,Rural,"12/12/2025, 7:12:53 PM","12/12/2025, 5:16:44 PM","12/12/2025, 7:10:00 PM",12/12/2025,1f2e7526f0d594aa,1,HT6501,NA,female,principal,0,0,0,0,NA,NA,2009,2017,2017,1,1,5,NA,1,2017,management in_service other,1,1,0,1,በዩኒቨርስቲ መምህራን በክረምት ወቅት የተሰጠ ስልጠና,4,1 2 3,1,1,1,0,0,0,NA,1 2 3 4 5 6 7 8,1,1,1,1,1,1,1,1,0,0,NA,0,1,0,0,0,1,1,1,0,NA,4,5,5,4,3,4,4,5,2,NA,4,NA,7,NA,1,1,1 4 8,1,0,0,1,0,0,0,1,0,NA,3,NA,4 6,0,0,0,1,0,1,0,0,0,NA,3,NA,2,NA,1,NA,5 9,0,0,0,0,1,0,0,0,1,0,NA,1,NA,1 4,1,0,0,1,0,0,0,NA,2,0,1,0,0,0,0,0,NA,5,NA,1,2 4 5 6 7,0,1,0,1,1,1,1,0,0,0,NA,4,NA,1 2 3 4,1,1,1,1,0,0,NA,2,NA,1,NA,1,NA,1,NA,1,የለም,3,1,3,4,3,4,4,3,NA,7,1 2 3,1,1,1,0,0,0,0,0,NA,6,NA,8,NA,2,NA,5,4,3,3,3,3,3,2,2 3 4 5,0,1,1,1,1,0,0,NA,1,NA,2,1,NA,NA,NA,NA,NA,NA,NA,NA,NA,1,1,1,1 2 3,1,1,1,0,NA,1,unit leader,4,4,3,4,4,4,1,2,4,2,1,1,3,4,4,3,3,4,4,3,4,3,1,4,4,1,1,3,2,1,1,2,1,1,2,5,male,2,2,1 2 3 4,1,1,1,1,0,0,NA,3,2,2,2,2,2,1,1,2,1,2,4,4,4,4,1,4,4,1,4,1,1,2,2,1,3,2,4,1,4,2 3 5 7,0,1,1,0,1,0,1,0,0,NA,31,NA,16715,የለም,uuid:965f1b30-fa57-4e60-9482-7dc2748dfb32,2512111015,uuid:965f1b30-fa57-4e60-9482-7dc2748dfb32
706355,S0701060032,CENTRAL ETHIOPIA,Misrak Guraghe,meskan,debube sherishera,Rural,"12/5/2025, 6:17:13 PM","12/5/2025, 11:16:51 AM","12/5/2025, 3:52:37 PM",12/5/2025,1f2e7526f0d594aa,1,HT5401,NA,female,principal,0,0,0,1,1,0,1999,2004,2017,3,1,5,NA,0,NA,NA,NA,NA,NA,NA,NA,2,2 3,0,1,1,0,0,0,NA,1 4,1,0,0,1,0,0,0,0,0,0,NA,0,0,0,0,0,0,0,0,0,NA,5,4,4,4,4,5,5,5,2,NA,3,NA,7,NA,1,1,1 7,1,0,0,0,0,0,1,0,0,NA,3,NA,4 6,0,0,0,1,0,1,0,0,0,NA,2,NA,1,NA,5,NA,7 9,0,0,0,0,0,0,1,0,1,0,NA,2,NA,1,1,0,0,0,0,0,0,NA,2 6,0,1,0,0,0,1,0,NA,6,NA,1,1 2 5 8,1,1,0,0,1,0,0,1,0,0,NA,3,NA,NA,NA,NA,NA,NA,NA,NA,NA,2,NA,1,NA,2,NA,2,NA,1,None,3,4,3,4,4,3,4,3,NA,7,1 2 3,1,1,1,0,0,0,0,0,NA,6,NA,5,NA,4,NA,4,5,4,5,5,5,5,3,2 3 4 5,0,1,1,1,1,0,0,NA,1,NA,4,1,NA,NA,NA,NA,NA,NA,NA,NA,NA,1,2,1,1 2 3,1,1,1,0,NA,1,Principal and vice principal,3,4,3,4,4,4,4,2,4,1,1,1,4,3,3,2,4,1,4,2,4,3,1,1,4,1,2,3,2,2,1,1,2,1,2,2,male,3,2,1 2 3 4,1,1,1,1,0,0,NA,3,3,2,2,2,3,2,3,3,3,3,3,1,4,4,4,4,2,3,4,1,1,3,1,1,1,4,4,4,2,1 2 3 4 5 6 7,1,1,1,1,1,1,1,0,0,NA,38,NA,16715,No,uuid:3e022d68-ba5b-440f-92ba-818cb1106dff,2512031638,uuid:3e022d68-ba5b-440f-92ba-818cb1106dff
706440,S0701060092,CENTRAL ETHIOPIA,Misrak Guraghe,misirak meskan,ealle,Rural,"12/26/2025, 6:20:44 PM","12/26/2025, 9:28:14 AM","12/26/2025, 2:02:32 PM",12/26/2025,1f2e7526f0d594aa,1,HT38901,NA,female,principal,0,0,0,1,1,0,1994,2017,2017,1,1,5,NA,1,2017,in_service,0,1,0,0,NA,4,1 3,1,0,1,0,0,0,NA,2 4 8,0,1,0,1,0,0,0,1,0,0,NA,0,0,0,0,0,0,0,0,0,NA,5,5,4,5,4,3,5,3,2,NA,4,NA,3,NA,1,1,1 7 8,1,0,0,0,0,0,1,1,0,NA,3,NA,3 8,0,0,1,0,0,0,0,1,0,NA,3,NA,1,NA,6,NA,5,0,0,0,0,1,0,0,0,0,0,NA,2,NA,1 5,1,0,0,0,1,0,0,NA,2 5 6,0,1,0,0,1,1,0,NA,6,NA,1,1 3 4,1,0,1,1,0,0,0,0,0,0,NA,4,NA,1 2 3 4,1,1,1,1,0,0,NA,2,NA,2,NA,1,NA,2,NA,2,የለም,4,4,3,4,3,3,4,4,NA,6,1 2 3,1,1,1,0,0,0,0,0,NA,4,NA,5,NA,6,NA,5,5,5,5,5,5,5,3,2 3 6,0,1,1,0,0,1,0,NA,1,NA,2,1,NA,NA,NA,NA,NA,NA,NA,NA,NA,1,2,1,1 2,1,1,0,0,NA,1,v/principal,4,4,3,3,4,4,4,2,2,1,1,1,3,4,1,2,4,1,3,3,4,4,1,1,2,3,2,3,3,2,2,3,2,1,2,2,male,3,3,1 2 3 4,1,1,1,1,0,0,NA,1,2,2,2,2,2,2,1,3,2,2,1,3,4,4,4,3,1,1,4,1,1,3,1,1,1,3,1,3,1,1 2 3 4 5 6 7,1,1,1,1,1,1,1,0,0,NA,38,NA,16715,የለም,uuid:021b889e-b591-4bda-8b7e-9cdddf9cb7c5,2512142209,uuid:021b889e-b591-4bda-8b7e-9cdddf9cb7c5
706440,S0701060092,CENTRAL ETHIOPIA,Misrak Guraghe,misirak meskan,ealle,Rural,"12/26/2025, 7:01:10 PM","12/26/2025, 10:06:07 AM","12/26/2025, 6:59:28 PM",12/26/2025,fef309259d139ee0,1,HT38902,NA,male,vice_principal,1,0,1,1,1,0,1997,2003,2017,1,1,5,NA,0,NA,NA,NA,NA,NA,NA,NA,4,3,0,0,1,0,0,0,NA,4,0,0,0,1,0,0,0,0,0,0,NA,0,0,0,0,0,0,1,0,0,NA,5,5,5,5,5,5,5,5,2,NA,6,NA,4,NA,1,1,4,0,0,0,1,0,0,0,0,0,NA,3,NA,3 6,0,0,1,0,0,1,0,0,0,NA,3,NA,1,NA,8,NA,3,0,0,1,0,0,0,0,0,0,0,NA,2,NA,1,1,0,0,0,0,0,0,NA,5,0,0,0,0,1,0,0,NA,6,NA,1,3 7,0,0,1,0,0,0,1,0,0,0,NA,3,NA,NA,NA,NA,NA,NA,NA,NA,NA,2,NA,2,NA,2,NA,2,NA,1,NA,4,3,3,4,4,3,4,4,NA,1,1 2,1,1,0,0,0,0,0,0,NA,2,NA,5,NA,8,NA,5,5,4,5,5,5,4,2,2,0,1,0,0,0,0,0,NA,1,NA,1,2,5 6,0,0,0,0,1,1,0,NA,1,2,1,2,0,1,0,0,NA,0,NA,3,3,3,3,4,3,3,3,3,2,1,1,4,4,1,3,3,1,4,1,1,3,1,3,3,2,2,2,2,2,2,2,2,2,2,3,male,2,2,1 3,1,0,1,0,0,0,NA,3,3,3,3,2,2,2,2,2,2,3,3,1,3,3,4,3,3,1,3,3,3,3,1,3,1,4,4,4,2,1 2,1,1,0,0,0,0,0,0,0,NA,40,NA,15073,NA,uuid:0726372f-bff9-4221-a7f9-1fb1a23a3041,2512142209,uuid:0726372f-bff9-4221-a7f9-1fb1a23a3041
706452,S0701060572,CENTRAL ETHIOPIA,Misrak Guraghe,misirak meskan,yimerwacho2k1,Rural,"12/24/2025, 8:11:36 PM","12/24/2025, 3:53:49 PM","12/24/2025, 6:55:35 PM",12/24/2025,1f2e7526f0d594aa,1,HT6201,NA,female,principal,0,0,0,0,NA,NA,2010,2017,2017,1,1,5,NA,1,2017,in_service mentoring,0,1,1,0,NA,4,1 3,1,0,1,0,0,0,NA,1 3 4,1,0,1,1,0,0,0,0,0,0,NA,0,1,0,0,0,0,0,0,0,NA,5,4,4,5,4,5,5,4,2,NA,7,NA,6,NA,1,1,1 8,1,0,0,0,0,0,0,1,0,NA,3,NA,3 4,0,0,1,1,0,0,0,0,0,NA,3,NA,6,NA,1,NA,2 9,0,1,0,0,0,0,0,0,1,0,NA,5,NA,1 5,1,0,0,0,1,0,0,NA,2 6,0,1,0,0,0,1,0,NA,6,NA,1,1 2 3 4 5 6 7 8,1,1,1,1,1,1,1,1,0,0,NA,4,NA,1 2 3 4,1,1,1,1,0,0,NA,2,NA,2,NA,2,NA,2,NA,1,የለም,4,3,4,4,4,4,4,4,NA,7,1 2 3,1,1,1,0,0,0,0,0,NA,6,NA,5,NA,8,NA,5,5,4,5,5,4,3,3,3 4 6,0,0,1,1,0,1,0,NA,2,NA,4,2,1 3 4 5 6,1,0,1,1,1,1,0,NA,1,2,0,NA,NA,NA,NA,NA,NA,1,the unit leader,4,4,4,4,4,4,4,2,4,1,1,1,3,4,4,3,4,2,3,2,4,3,1,3,4,3,3,3,2,3,2,2,1,1,3,2,male,2,2,1 2 3 4,1,1,1,1,0,0,NA,3,2,2,3,2,2,2,2,3,2,2,3,2,4,3,1,4,3,3,3,1,1,2,3,3,2,2,4,3,2,1 2 3 4 5 6 7 8,1,1,1,1,1,1,1,1,0,NA,32,NA,16715,No,uuid:d3e9f652-f41e-451a-a7a3-465a93d7506b,2512142209,uuid:d3e9f652-f41e-451a-a7a3-465a93d7506b
706378,S0701061122,CENTRAL ETHIOPIA,Misrak Guraghe,meskan,limuche mekicho kutir 01,Rural,"12/25/2025, 8:06:37 PM","12/25/2025, 5:24:46 PM","12/25/2025, 8:00:45 PM",12/25/2025,1f2e7526f0d594aa,1,HT31901,NA,female,principal,0,0,0,0,NA,NA,1999,2006,2017,3,1,5,NA,1,2017,in_service,0,1,0,0,NA,2,1 3,1,0,1,0,0,0,NA,1 2 4,1,1,0,1,0,0,0,0,0,0,NA,0,0,0,0,0,0,0,0,1,NA,5,4,5,5,5,5,4,4,2,NA,7,NA,3,NA,1,1,6 7 8,0,0,0,0,0,1,1,1,0,NA,3,NA,3 7,0,0,1,0,0,0,1,0,0,NA,3,NA,8,NA,6,NA,7 9,0,0,0,0,0,0,1,0,1,0,NA,5,NA,1 5 6,1,0,0,0,1,1,0,NA,2 6,0,1,0,0,0,1,0,NA,6,NA,1,1 2 3 4 5 6 7 8,1,1,1,1,1,1,1,1,0,0,NA,4,NA,1 2 3 4,1,1,1,1,0,0,NA,2,NA,2,NA,1,NA,2,NA,2,የለም,4,3,4,4,4,4,4,4,NA,6,1 2 3 4,1,1,1,1,0,0,0,0,NA,6,NA,5,NA,11,NA,5,5,4,5,5,5,5,1,2 3 4 5 6,0,1,1,1,1,1,0,NA,2,NA,4,2,2 3 5,0,1,1,0,1,0,0,NA,1,3,0,NA,NA,NA,NA,NA,NA,1,unit leader,4,4,4,4,4,4,4,2,4,1,1,1,3,3,4,3,4,3,4,2,4,3,1,4,3,3,2,3,3,3,2,3,3,1,2,2,male,3,3,1 2 3 4,1,1,1,1,0,0,NA,3,2,2,3,2,2,3,3,2,3,2,3,1,4,4,3,3,3,2,4,1,1,3,3,2,2,4,4,3,4,1 2 3 4 5 6 7 8,1,1,1,1,1,1,1,1,0,NA,45,NA,16715,የለም,uuid:b314d2c6-5c82-43e4-ac89-e48afcfc56aa,2512142209,uuid:b314d2c6-5c82-43e4-ac89-e48afcfc56aa
706361,S0701061542,CENTRAL ETHIOPIA,Misrak Guraghe,meskan,eme meskan amcha,Rural,"12/3/2025, 5:45:01 PM","12/3/2025, 9:46:52 AM","12/3/2025, 4:50:59 PM",12/3/2025,1f2e7526f0d594aa,1,HT5501,NA,female,principal,0,0,0,0,NA,NA,2002,2010,2017,1,2,5,NA,1,2010,mentoring,0,0,1,0,NA,4,1 2 3,1,1,1,0,0,0,NA,1 2 3 4 5 6 7 8,1,1,1,1,1,1,1,1,0,0,NA,0,1,0,0,0,0,0,0,1,NA,5,5,5,5,4,5,5,3,2,NA,3,NA,1,NA,1,1,7 8 97,0,0,0,0,0,0,1,1,1,የተማሪዎች ምገባ ማስጀመር,3,NA,4 6,0,0,0,1,0,1,0,0,0,NA,3,NA,2,NA,1,NA,2 3,0,1,1,0,0,0,0,0,0,0,NA,1,NA,1 5,1,0,0,0,1,0,0,NA,2 5 6,0,1,0,0,1,1,0,NA,6,NA,1,1 2 5 7 8 9,1,1,0,0,1,0,1,1,1,0,NA,3,NA,NA,NA,NA,NA,NA,NA,NA,NA,2,NA,2,NA,1,NA,2,NA,2,የለም,4,3,4,4,4,4,4,3,NA,1,1 2 3,1,1,1,0,0,0,0,0,NA,5,NA,6,NA,97,የበጀት እጥረት,5,5,5,5,5,5,5,3,2 3 4 5 97,0,1,1,1,1,0,1,ችግኝ ውሃ አንዲያጠጣ ይደረጋል,2,NA,4,2,1,1,0,0,0,0,0,0,NA,1,2,1,1 3,1,0,1,0,NA,1,the principal,4,4,4,4,4,3,4,2,3,1,1,2,4,3,4,3,4,4,3,4,4,4,1,3,4,1,1,3,1,2,3,3,1,1,2,1,male,4,5,1 3 4,1,0,1,1,0,0,NA,2,2,2,2,2,2,2,2,1,2,2,1,3,4,4,4,4,2,1,4,1,1,2,1,2,2,4,4,3,4,1 2 3 4 5 6 7,1,1,1,1,1,1,1,0,0,NA,31,NA,16715,No,uuid:2535d6d0-f745-4d40-9a2c-d926678c0016,2512030638,uuid:2535d6d0-f745-4d40-9a2c-d926678c0016
706383,S0701061552,CENTRAL ETHIOPIA,Misrak Guraghe,meskan,mesrake meskan atu,Rural,"12/4/2025, 1:38:18 PM","12/4/2025, 8:57:51 AM","12/4/2025, 1:35:01 PM",12/4/2025,1f2e7526f0d594aa,1,HT5601,NA,female,principal,0,0,0,0,NA,NA,1993,1997,2007,5,1,5,NA,1,2017,management in_service mentoring,1,1,1,0,NA,4,1 2 3 4,1,1,1,1,0,0,NA,1 2 3 4 5 8,1,1,1,1,1,0,0,1,0,0,NA,0,0,0,0,0,0,0,0,0,NA,5,4,5,5,4,4,5,4,2,NA,3,NA,6,NA,1,2,1 6 7,1,0,0,0,0,1,1,0,0,NA,3,NA,4 6,0,0,0,1,0,1,0,0,0,NA,3,NA,1,NA,6,NA,9,0,0,0,0,0,0,0,0,1,0,NA,1,NA,1 4,1,0,0,1,0,0,0,NA,2 5 6,0,1,0,0,1,1,0,NA,6,NA,1,1 2 4 5 6 7 8,1,1,0,1,1,1,1,1,0,0,NA,3,NA,NA,NA,NA,NA,NA,NA,NA,NA,2,NA,2,NA,2,NA,2,NA,2,No,4,3,3,4,4,4,4,3,NA,5,1 2 3 4,1,1,1,1,0,0,0,0,NA,3,NA,5,NA,6,NA,5,5,5,5,5,4,5,3,3 4 5 6,0,0,1,1,1,1,0,NA,1,NA,4,2,1 3 4,1,0,1,1,0,0,0,NA,1,2,1,1 2 3,1,1,1,0,NA,1,The principal and the unit leader,4,4,3,4,4,4,4,4,4,1,1,1,2,4,4,3,3,4,4,2,4,4,2,2,4,1,1,3,3,3,2,3,3,1,3,2,male,4,3,1 2 3 4,1,1,1,1,0,0,NA,2,3,2,3,2,2,3,1,2,3,2,4,2,3,4,2,2,2,1,4,1,1,3,1,1,1,4,4,3,2,5 8,0,0,0,0,1,0,0,1,0,NA,41,NA,16715,No,uuid:1b211ef9-8da6-4cc8-a11b-f2f2d5010716,2512031459,uuid:1b211ef9-8da6-4cc8-a11b-f2f2d5010716
706445,S0701061742,CENTRAL ETHIOPIA,Misrak Guraghe,misirak meskan,eallequ2,Rural,"12/19/2025, 6:41:12 PM","12/19/2025, 10:20:59 AM","12/19/2025, 6:40:39 PM",12/19/2025,1f2e7526f0d594aa,1,HT6101,NA,male,principal,0,0,0,0,NA,NA,2003,2008,2018,2,1,5,NA,1,2010,mentoring,0,0,1,0,NA,5,2 3,0,1,1,0,0,0,NA,1 2 3 4,1,1,1,1,0,0,0,0,0,0,NA,0,0,0,0,0,0,0,0,0,NA,5,4,5,4,5,5,4,2,2,NA,7,NA,6,NA,1,1,1 7,1,0,0,0,0,0,1,0,0,NA,3,NA,4 7,0,0,0,1,0,0,1,0,0,NA,6,NA,1,NA,5,NA,5,0,0,0,0,1,0,0,0,0,0,NA,5,NA,1,1,0,0,0,0,0,0,NA,2,0,1,0,0,0,0,0,NA,6,NA,1,1 4 6,1,0,0,1,0,1,0,0,0,0,NA,4,NA,1 2 3 4,1,1,1,1,0,0,NA,2,NA,2,NA,1,NA,2,NA,1,የለም,3,4,4,4,4,4,4,4,NA,5,1 3,1,0,1,0,0,0,0,0,NA,6,NA,1,NA,5,NA,4,4,4,4,5,5,3,3,3 4 5 6,0,0,1,1,1,1,0,NA,4,NA,1,2,2 4,0,1,0,1,0,0,0,NA,1,1,0,NA,NA,NA,NA,NA,NA,1,the principal,4,4,3,4,3,4,4,4,3,1,1,2,4,4,2,2,4,4,3,1,4,4,3,2,4,3,2,3,2,2,2,2,2,1,2,3,male,1,1,3 4,0,0,1,1,0,0,NA,3,2,2,2,3,1,1,3,2,2,2,1,3,3,3,3,4,4,1,2,1,1,2,4,4,3,1,4,2,4,1 2 5 6 7,1,1,0,0,1,1,1,0,0,NA,37,NA,16715,የለም,uuid:5564d06b-3aa3-42b5-be69-65562b1c220d,2512142209,uuid:5564d06b-3aa3-42b5-be69-65562b1c220d
705273,S0701110122,CENTRAL ETHIOPIA,Guraghe,enor ener,anizeche,Rural,"12/23/2025, 9:01:58 PM","12/23/2025, 8:54:12 AM","12/23/2025, 8:57:26 PM",12/23/2025,283bb7b7f4ef185f,1,HT3701,NA,female,principal,0,1,1,1,1,0,2008,2010,2015,5,2,5,NA,0,NA,NA,NA,NA,NA,NA,NA,5,2 3 4 5,0,1,1,1,1,0,NA,1 4 7 9,1,0,0,1,0,0,1,0,1,0,NA,0,1,0,0,1,1,1,0,0,NA,5,5,5,5,5,5,5,3,2,NA,5,NA,7,NA,1,1,2 6 8,0,1,0,0,0,1,0,1,0,NA,3,NA,4 6,0,0,0,1,0,1,0,0,0,NA,6,NA,3,NA,5,NA,2 8,0,1,0,0,0,0,0,1,0,0,NA,1,NA,1 2 3,1,1,1,0,0,0,0,NA,2 5 6,0,1,0,0,1,1,0,NA,6,NA,1,1 2 3 4 5 6 7 8,1,1,1,1,1,1,1,1,0,0,NA,2,NA,NA,NA,NA,NA,NA,NA,NA,NA,2,NA,2,NA,1,NA,1,NA,1,Yelem,5,5,5,5,5,5,5,4,NA,6,1 2 3 6,1,1,1,0,0,1,0,0,NA,2,NA,8,NA,4,NA,5,5,5,5,5,5,5,1,1 2 4 5,1,1,0,1,1,0,0,NA,1,NA,5,2,1 3 4 5 6,1,0,1,1,1,1,0,NA,1,4,1,1 2,1,1,0,0,NA,1,Yes they are oreganized them,4,4,4,4,4,4,4,4,4,1,1,1,4,4,4,4,4,4,4,4,4,4,4,4,4,2,2,1,1,1,1,1,1,1,1,2,male,2,1,1 2 3 4,1,1,1,1,0,0,NA,1,2,1,2,2,2,3,3,3,3,3,4,4,4,4,4,4,4,1,4,1,2,3,1,1,1,4,3,3,4,1 2 5 8,1,1,0,0,1,0,0,1,0,NA,32,NA,16000,Letmari bicha sayihon memeheranem seletena biyagegne beysenjectu beku memeheran bimedebelen teru neq seltena yanesal,uuid:0a45ee38-17e9-441b-8ddf-5164c3481a5a,2512142209,uuid:0a45ee38-17e9-441b-8ddf-5164c3481a5a
705273,S0701110122,CENTRAL ETHIOPIA,Guraghe,enor ener,anizeche,Rural,"12/23/2025, 9:34:08 PM","12/23/2025, 7:42:50 PM","12/23/2025, 9:25:21 PM",12/23/2025,3618c5f2ca206d06,1,HT3702,NA,male,vice_principal,0,0,0,1,1,0,2007,2017,2017,2,4,5,NA,1,2017,in_service mentoring,0,1,1,0,NA,2,1 2 3,1,1,1,0,0,0,NA,3 4,0,0,1,1,0,0,0,0,0,0,NA,0,0,1,1,0,0,0,0,0,NA,5,5,5,5,5,5,5,4,2,NA,97,Communication with student parents,5,NA,1,1,2 6 7,0,1,0,0,0,1,1,0,0,NA,3,NA,3 4,0,0,1,1,0,0,0,0,0,NA,1,NA,6,NA,5,NA,9,0,0,0,0,0,0,0,0,1,0,NA,5,NA,1 5,1,0,0,0,1,0,0,NA,2 5 6,0,1,0,0,1,1,0,NA,6,NA,1,1 2 3 4 5 6 7 8,1,1,1,1,1,1,1,1,0,0,NA,4,NA,2 4,0,1,0,1,0,0,NA,2,NA,2,NA,1,NA,2,NA,1,None,2,4,4,4,4,4,3,5,NA,6,1 2,1,1,0,0,0,0,0,0,NA,97,Lack of sufficient teachers,97,None,97,None,5,5,4,5,5,5,5,1,3 4,0,0,1,1,0,0,0,NA,1,NA,4,2,1 3,1,0,1,0,0,0,0,NA,1,1,1,1 2 3,1,1,1,0,NA,1,Principals and teachers,4,4,4,3,4,3,3,3,4,2,1,1,4,3,4,4,3,1,4,3,4,4,2,3,4,3,3,3,2,3,3,3,2,1,3,2,male,3,5,1 2 3 4,1,1,1,1,0,0,NA,3,2,2,2,3,2,3,3,3,3,3,3,1,3,3,2,1,1,1,4,1,2,3,1,1,1,5,3,4,1,5,0,0,0,0,1,0,0,0,0,NA,42,NA,13600,None,uuid:962deb59-e5bc-410d-8902-9f65f0aced1d,2512142209,uuid:962deb59-e5bc-410d-8902-9f65f0aced1d
705180,S0701110182,CENTRAL ETHIOPIA,Guraghe,enemor,shebira ber,Urban,"12/22/2025, 2:44:07 PM","12/22/2025, 8:15:17 AM","12/22/2025, 2:41:57 PM",12/22/2025,283bb7b7f4ef185f,1,HT3501,NA,female,principal,0,1,1,1,0,1,2008,2010,2010,2,1,5,NA,1,2016,management in_service mentoring,1,1,1,0,NA,3,2 3 5,0,1,1,0,1,0,NA,1 2 4 6 7,1,1,0,1,0,1,1,0,0,0,NA,1,0,0,0,0,0,0,0,0,NA,5,5,5,5,5,5,5,5,2,NA,5,NA,7,NA,1,1,1 6 8,1,0,0,0,0,1,0,1,0,NA,3,NA,4 6,0,0,0,1,0,1,0,0,0,NA,3,NA,1,NA,6,NA,5,0,0,0,0,1,0,0,0,0,0,NA,5,NA,1 2 3,1,1,1,0,0,0,0,NA,2 5 6,0,1,0,0,1,1,0,NA,6,NA,1,1 2 3 4 5 6,1,1,1,1,1,1,0,0,0,0,NA,4,NA,1 2 3 4,1,1,1,1,0,0,NA,2,NA,1,NA,1,NA,1,NA,1,Yelem,4,4,4,4,4,4,4,4,NA,3,1 2 3 6,1,1,1,0,0,1,0,0,NA,5,NA,2,NA,9,NA,4,4,5,5,5,5,4,1,1,1,0,0,0,0,0,0,NA,2,NA,4,4,1 2 3 4 5 6,1,1,1,1,1,1,0,NA,1,2,0,NA,NA,NA,NA,NA,NA,1,With their performace,4,4,4,4,4,4,4,4,4,1,2,1,4,4,4,4,4,4,4,1,4,4,1,4,4,1,1,1,1,1,1,1,1,1,1,1,female,2,1,1 2 3 4,1,1,1,1,0,0,NA,3,1,2,3,3,3,3,3,3,3,3,4,1,3,3,4,2,1,1,4,1,1,3,1,1,1,4,2,4,4,2 5 8,0,1,0,0,1,0,0,1,0,NA,30,NA,16700,Hulunem yeminekaka new yemidegefe teyake new,uuid:f20d6375-4de3-4028-bcf9-6b0c88884f10,2512142209,uuid:f20d6375-4de3-4028-bcf9-6b0c88884f10
705180,S0701110182,CENTRAL ETHIOPIA,Guraghe,enemor,shebira ber,Urban,"12/22/2025, 8:00:24 PM","12/22/2025, 6:01:52 PM","12/22/2025, 6:59:08 PM",12/22/2025,3618c5f2ca206d06,1,HT3502,NA,male,vice_principal,0,0,0,1,1,0,1999,2008,2008,2,2,5,NA,1,2017,in_service mentoring,0,1,1,0,NA,3,1 2 3,1,1,1,0,0,0,NA,1 7,1,0,0,0,0,0,1,0,0,0,NA,0,0,0,1,0,0,0,0,0,NA,5,5,5,5,5,5,5,4,2,NA,6,NA,4,NA,1,1,2 6,0,1,0,0,0,1,0,0,0,NA,3,NA,1 3,1,0,1,0,0,0,0,0,0,NA,1,NA,3,NA,6,NA,9,0,0,0,0,0,0,0,0,1,0,NA,5,NA,1 5,1,0,0,0,1,0,0,NA,2 6,0,1,0,0,0,1,0,NA,6,NA,1,1 2 3 4 5 7,1,1,1,1,1,0,1,0,0,0,NA,4,NA,1 4,1,0,0,1,0,0,NA,2,NA,2,NA,1,NA,3,NA,1,None,3,4,4,4,4,4,3,5,NA,6,1 2,1,1,0,0,0,0,0,0,NA,5,NA,97,Lack of sufficient teachers,8,NA,5,5,4,5,5,5,5,2,2 4,0,1,0,1,0,0,0,NA,1,NA,4,2,2 3,0,1,1,0,0,0,0,NA,1,1,1,1 2 3,1,1,1,0,NA,1,Principals and teachers,4,4,3,3,4,3,3,3,4,1,1,1,3,4,2,4,4,2,4,3,3,4,1,3,3,3,3,3,2,3,2,3,2,2,3,2,male,3,3,1 2 4,1,1,0,1,0,0,NA,3,2,2,2,3,2,3,1,3,3,3,3,1,3,3,3,1,1,1,4,1,1,3,1,1,1,1,1,4,1,5 8,0,0,0,0,1,0,0,1,0,NA,39,NA,14300,None,uuid:27e2edb6-59a6-49b8-b198-e04c3482181b,2512031459,uuid:27e2edb6-59a6-49b8-b198-e04c3482181b
705182,S0701110262,CENTRAL ETHIOPIA,Guraghe,enemor,terihogne,Urban,"12/11/2025, 1:38:57 PM","12/11/2025, 11:04:00 AM","12/11/2025, 12:33:03 PM",12/11/2025,3618c5f2ca206d06,1,HT3602,NA,male,vice_principal,1,0,1,1,1,0,2004,2007,2014,2,3,2,NA,1,2016,in_service other,0,1,0,1,How to improve the school’s level,2,4,0,0,0,1,0,0,NA,4 7,0,0,0,1,0,0,1,0,0,0,NA,0,1,0,0,0,0,0,0,0,NA,5,5,5,5,4,5,4,1,2,NA,8,NA,97,None,1,1,1 7,1,0,0,0,0,0,1,0,0,NA,3,NA,1 4,1,0,0,1,0,0,0,0,0,NA,1,NA,3,NA,6,NA,8,0,0,0,0,0,0,0,1,0,0,NA,2,NA,1,1,0,0,0,0,0,0,NA,2 6 97,0,1,0,0,0,1,1,The students stay inside the library,6,NA,1,1 3 4 5 7,1,0,1,1,1,0,1,0,0,0,NA,4,NA,1 3,1,0,1,0,0,0,NA,2,NA,1,NA,1,NA,1,NA,1,None,3,3,4,3,4,3,4,4,NA,7,1 2,1,1,0,0,0,0,0,0,NA,5,NA,2,NA,8,NA,5,5,5,4,5,5,4,1,2 4 6,0,1,0,1,0,1,0,NA,1,NA,4,2,1 3 4,1,0,1,1,0,0,0,NA,1,2,1,1 2 3,1,1,1,0,NA,1,Teachers and prinicipals,4,4,3,4,4,3,4,4,4,2,1,1,4,4,3,4,4,1,4,1,3,4,3,3,4,2,3,3,3,3,2,3,3,1,3,1,male,4,4,1 2 3 4,1,1,1,1,0,0,NA,1,1,2,1,1,2,2,1,1,1,1,4,1,2,3,1,1,1,2,4,1,1,3,1,1,1,4,1,4,1,5 7,0,0,0,0,1,0,1,0,0,NA,30,NA,14000,The existing requirements for principal selection are not satisfactory,uuid:66a42f07-deb6-4c3d-8724-036a5fa58f5f,2512031459,uuid:66a42f07-deb6-4c3d-8724-036a5fa58f5f
705182,S0701110262,CENTRAL ETHIOPIA,Guraghe,enemor,terihogne,Urban,"12/11/2025, 4:09:38 PM","12/11/2025, 11:29:00 AM","12/11/2025, 3:03:01 PM",12/11/2025,283bb7b7f4ef185f,1,HT3601,NA,male,principal,1,0,1,1,1,0,2012,2012,2015,3,1,5,NA,1,2016,management in_service mentoring,1,1,1,0,NA,3,1 2 4,1,1,0,1,0,0,NA,1 5,1,0,0,0,1,0,0,0,0,0,NA,0,0,0,0,1,1,1,1,0,NA,5,5,5,4,5,4,5,5,2,NA,5,NA,7,NA,1,1,1 7 8,1,0,0,0,0,0,1,1,0,NA,3,NA,3 8,0,0,1,0,0,0,0,1,0,NA,3,NA,2,NA,8,NA,2 5,0,1,0,0,1,0,0,0,0,0,NA,5,NA,1 3 5,1,0,1,0,1,0,0,NA,2 5 6,0,1,0,0,1,1,0,NA,6,NA,1,1 2 4 5 6,1,1,0,1,1,1,0,0,0,0,NA,4,NA,1 2 3 4,1,1,1,1,0,0,NA,3,NA,2,NA,1,NA,1,NA,1,Yelem,3,4,4,4,4,4,4,4,NA,3,1 2 3 4 6,1,1,1,1,0,1,0,0,NA,5,NA,1,NA,2,NA,5,5,5,5,5,5,5,1,1 2 3 5 6,1,1,1,0,1,1,0,NA,2,NA,5,3,3 4,0,0,1,1,0,0,0,NA,1,3,0,NA,NA,NA,NA,NA,NA,1,Best active student by selected,4,4,4,4,4,4,4,4,4,1,1,1,4,4,4,4,4,4,4,2,4,4,1,4,4,1,1,1,1,1,1,1,1,1,1,1,male,1,4,1 2 3 4,1,1,1,1,0,0,NA,1,2,2,2,3,2,1,1,2,1,3,4,4,4,4,3,2,4,1,4,2,3,3,1,3,1,4,3,4,1,1 2 4 5 8,1,1,0,1,1,0,0,1,0,NA,30,NA,12600,Yeweha chegere ale yegebat laberatory cheger aleben,uuid:b4153e8d-365c-4376-96d8-1f021586f4d4,2512031638,uuid:b4153e8d-365c-4376-96d8-1f021586f4d4
707795,S0702010022,CENTRAL ETHIOPIA,Hadiya,misha,morsito level1 primaryschool,Urban,"12/16/2025, 8:05:35 PM","12/16/2025, 12:24:11 PM","12/16/2025, 7:48:30 PM",12/16/2025,402aa563e792bb9b,1,HT6902,NA,male,vice_principal,1,0,1,2,2,0,1994,2015,2015,1,1,5,NA,1,2017,management,1,0,0,0,NA,5,1 2 3,1,1,1,0,0,0,NA,1 2 4 5 8,1,1,0,1,1,0,0,1,0,0,NA,0,1,0,0,1,1,1,0,1,NA,4,4,5,5,3,5,5,2,2,NA,8,NA,3,NA,1,1,1 5 7,1,0,0,0,1,0,1,0,0,NA,3,NA,5 6,0,0,0,0,1,1,0,0,0,NA,3,NA,6,NA,5,NA,5 7,0,0,0,0,1,0,1,0,0,0,NA,2,NA,1,1,0,0,0,0,0,0,NA,2 6 97,0,1,0,0,0,1,1,Discussion at class,6,NA,1,1 2 3 4 5 6 7 9,1,1,1,1,1,1,1,0,1,0,NA,4,NA,1 2 4,1,1,0,1,0,0,NA,2,NA,2,NA,2,NA,2,NA,2,NA,4,3,4,3,4,3,4,97,Twice per term,6,1 2 3,1,1,1,0,0,0,0,0,NA,5,NA,3,NA,4,NA,4,5,5,4,5,5,4,1,4 5,0,0,0,1,1,0,0,NA,1,NA,4,2,4 6,0,0,0,1,0,1,0,NA,1,1,1,1,1,0,0,0,NA,0,NA,4,3,4,4,4,3,1,4,3,2,2,3,4,4,1,3,4,3,3,3,3,1,1,1,3,2,2,2,1,2,1,1,1,1,2,3,male,1,1,2,0,1,0,0,0,0,NA,1,3,2,3,2,3,2,1,3,2,3,3,1,3,3,4,3,1,3,4,3,1,3,1,1,1,4,4,4,1,3 4 5 6,0,0,1,1,1,1,0,0,0,NA,45,NA,16715,"Political influence or interference,  corruption , and marking when we compute, monthly payment for whole day or over time work, it needs details investigation on workload related payments, it have to increase our motivation.",uuid:a426e1c1-93b9-4744-8a93-61d0a57e5e19,2512142209,uuid:a426e1c1-93b9-4744-8a93-61d0a57e5e19
707795,S0702010022,CENTRAL ETHIOPIA,Hadiya,misha,morsito level1 primaryschool,Urban,"12/17/2025, 4:50:35 AM","12/16/2025, 12:59:49 PM","12/16/2025, 6:21:56 PM",12/16/2025,f9d6a239f0ca8566,1,HT6901,NA,male,principal,0,0,0,2,2,0,2001,2004,2017,2,1,5,NA,1,2017,management,1,0,0,0,NA,5,2 3,0,1,1,0,0,0,NA,1 4 8,1,0,0,1,0,0,0,1,0,0,NA,0,0,1,1,1,1,1,0,0,NA,5,4,5,5,4,5,4,4,2,NA,5,NA,7,NA,1,1,1 4 6,1,0,0,1,0,1,0,0,0,NA,3,NA,3 4,0,0,1,1,0,0,0,0,0,NA,3,NA,5,NA,6,NA,1 3,1,0,1,0,0,0,0,0,0,0,NA,2,NA,1,1,0,0,0,0,0,0,NA,2,0,1,0,0,0,0,0,NA,6,NA,1,2 4 8,0,1,0,1,0,0,0,1,0,0,NA,4,NA,1 2 4,1,1,0,1,0,0,NA,1,NA,1,NA,1,NA,1,NA,1,No,4,3,3,4,3,3,4,3,NA,6,1 2,1,1,0,0,0,0,0,0,NA,5,NA,2,NA,4,NA,4,5,4,4,5,4,5,1,3 4,0,0,1,1,0,0,0,NA,1,NA,2,1,NA,NA,NA,NA,NA,NA,NA,NA,NA,1,2,1,1 2 3,1,1,1,0,NA,0,NA,3,3,3,1,3,4,3,4,4,2,1,2,4,4,1,3,4,1,3,1,4,1,1,1,1,2,2,3,1,2,1,2,2,1,2,1,male,3,4,1 3 4,1,0,1,1,0,0,NA,1,2,3,3,3,2,3,1,3,3,3,1,1,1,3,4,3,3,1,4,1,1,3,1,1,1,3,3,3,4,1 2 4 6 7,1,1,0,1,0,1,1,0,0,NA,43,NA,18000,No any other challenge,uuid:d1b1fb02-fa17-4556-b16c-6abbb2308e3e,2512142209,uuid:d1b1fb02-fa17-4556-b16c-6abbb2308e3e
707786,S0702013582,CENTRAL ETHIOPIA,Hadiya,misha,guna no2 primary school,Rural,"12/15/2025, 5:36:09 PM","12/15/2025, 12:14:45 PM","12/15/2025, 5:26:02 PM",12/15/2025,f9d6a239f0ca8566,1,HT5801,NA,male,principal,0,0,0,0,NA,NA,2002,2017,2017,1,5,5,NA,0,NA,NA,NA,NA,NA,NA,NA,5,5,0,0,0,0,1,0,NA,4 5 6 7,0,0,0,1,1,1,1,0,0,0,NA,0,0,1,1,1,1,1,1,0,NA,5,3,4,4,5,5,5,1,2,NA,8,NA,1,NA,1,1,1 7 8,1,0,0,0,0,0,1,1,0,NA,3,NA,3 4,0,0,1,1,0,0,0,0,0,NA,3,NA,1,NA,6,NA,5,0,0,0,0,1,0,0,0,0,0,NA,1,NA,1,1,0,0,0,0,0,0,NA,2 5,0,1,0,0,1,0,0,NA,6,NA,1,7 8,0,0,0,0,0,0,1,1,0,0,NA,4,NA,1 2 4,1,1,0,1,0,0,NA,3,NA,1,NA,1,NA,1,NA,1,No,4,3,3,4,4,3,4,4,NA,6,1,1,0,0,0,0,0,0,0,NA,5,NA,6,NA,8,NA,5,5,3,5,5,5,4,1,3 4,0,0,1,1,0,0,0,NA,2,NA,4,3,4 6,0,0,0,1,0,1,0,NA,1,2,1,1 2 3,1,1,1,0,NA,0,NA,4,3,4,4,4,2,4,4,4,2,1,1,4,3,4,1,4,3,4,1,1,1,1,2,2,3,3,3,1,1,1,2,1,1,2,3,male,1,1,1 2 3 4,1,1,1,1,0,0,NA,1,1,1,1,1,1,1,1,1,1,1,4,3,1,3,3,4,4,1,4,1,1,2,4,4,1,2,4,2,2,1 2 3 5 6 7,1,1,1,0,1,1,1,0,0,NA,32,NA,14368,No any other challenge,uuid:8238013b-dc47-4a6d-9124-441169d343ed,2512111015,uuid:8238013b-dc47-4a6d-9124-441169d343ed
707142,S0702020352,CENTRAL ETHIOPIA,Hadiya,gibe,omochora-andinet,Rural,"12/12/2025, 7:56:40 PM","12/12/2025, 2:44:06 PM","12/12/2025, 7:49:52 PM",12/12/2025,f9d6a239f0ca8566,1,HT4101,NA,male,principal,0,0,0,1,1,0,1996,2017,2017,1,2,5,NA,0,NA,NA,NA,NA,NA,NA,NA,5,2 3,0,1,1,0,0,0,NA,1 8,1,0,0,0,0,0,0,1,0,0,NA,0,1,1,1,1,1,1,0,0,NA,5,4,5,5,5,5,5,1,7,NA,2,NA,1,NA,1,1,1 2 7,1,1,0,0,0,0,1,0,0,NA,3,NA,2 4,0,1,0,1,0,0,0,0,0,NA,3,NA,6,NA,1,NA,2 5,0,1,0,0,1,0,0,0,0,0,NA,2,NA,1 5 6,1,0,0,0,1,1,0,NA,2 5,0,1,0,0,1,0,0,NA,1,NA,1,2 4 5 6 7,0,1,0,1,1,1,1,0,0,0,NA,4,NA,1 2 4,1,1,0,1,0,0,NA,1,NA,1,NA,1,NA,1,NA,1,No,4,3,4,4,4,4,4,4,NA,6,1 2,1,1,0,0,0,0,0,0,NA,5,NA,8,NA,3,NA,5,5,4,5,5,4,4,1,3 4,0,0,1,1,0,0,0,NA,2,NA,5,2,1 4,1,0,0,1,0,0,0,NA,1,3,1,1 2 3,1,1,1,0,NA,0,NA,4,3,3,4,4,4,4,4,4,1,1,1,4,3,3,1,4,1,4,1,4,1,1,3,3,3,3,3,3,1,1,3,1,1,3,3,male,2,1,1 2 3 4,1,1,1,1,0,0,NA,3,3,3,1,3,3,1,1,3,3,3,4,1,4,4,4,4,4,1,4,1,1,2,3,3,1,4,4,3,2,2 4 5 7,0,1,0,1,1,0,1,0,0,NA,40,NA,16715,No any other challenge,uuid:b710a3fd-c6c3-406d-aafe-fb70a1c323d6,2512111015,uuid:b710a3fd-c6c3-406d-aafe-fb70a1c323d6
707142,S0702020352,CENTRAL ETHIOPIA,Hadiya,gibe,omochora-andinet,Rural,"12/12/2025, 9:37:41 PM","12/12/2025, 2:39:48 PM","12/12/2025, 9:28:36 PM",12/12/2025,402aa563e792bb9b,1,HT4102,NA,male,vice_principal,1,0,1,1,1,0,2006,2015,2017,3,1,5,NA,1,2017,mentoring,0,0,1,0,NA,5,1 3,1,0,1,0,0,0,NA,1 2 3 4 5 6 7 8,1,1,1,1,1,1,1,1,0,0,NA,0,1,0,0,1,0,0,0,0,NA,4,5,5,5,4,5,4,3,2,NA,7,NA,1,NA,1,1,1 4 5,1,0,0,1,1,0,0,0,0,NA,3,NA,5 8,0,0,0,0,1,0,0,1,0,NA,1,NA,6,NA,3,NA,2 7,0,1,0,0,0,0,1,0,0,0,NA,5,NA,1,1,0,0,0,0,0,0,NA,2 6,0,1,0,0,0,1,0,NA,6,NA,0,NA,NA,NA,NA,NA,NA,NA,NA,NA,NA,NA,NA,4,NA,2 4,0,1,0,1,0,0,NA,2,NA,2,NA,2,NA,2,NA,3,NA,4,3,4,3,3,3,4,4,NA,6,1 2,1,1,0,0,0,0,0,0,NA,8,NA,6,NA,4,NA,5,5,4,4,5,4,4,2,3 4 6,0,0,1,1,0,1,0,NA,2,NA,1,1,NA,NA,NA,NA,NA,NA,NA,NA,NA,1,1,0,NA,NA,NA,NA,NA,NA,0,NA,4,4,4,4,3,4,1,3,3,3,1,2,4,3,3,3,4,1,4,1,2,3,2,1,4,2,1,3,1,1,1,2,1,1,2,5,male,2,2,1 2 3 4,1,1,1,1,0,0,NA,1,1,2,1,1,2,1,1,1,1,1,4,3,2,1,4,4,4,4,4,4,3,2,3,4,3,2,4,2,4,1 5,1,0,0,0,1,0,0,0,0,NA,30,NA,15465,"Training, especially pedagogy, students' interest, teachers are not model for students by wearing, education chance for us. Teachers are not efficient.",uuid:96503ad8-089d-4ef7-9bfc-a7d85c20ddbc,2512111015,uuid:96503ad8-089d-4ef7-9bfc-a7d85c20ddbc
707133,S0702021342,CENTRAL ETHIOPIA,Hadiya,gibe,janjecho,Rural,"12/11/2025, 8:21:15 PM","12/11/2025, 2:18:18 PM","12/11/2025, 8:18:38 PM",12/11/2025,f9d6a239f0ca8566,1,HT4001,NA,female,principal,0,0,0,0,NA,NA,2005,2012,2017,2,1,5,NA,1,2017,in_service,0,1,0,0,NA,3,3,0,0,1,0,0,0,NA,2 4,0,1,0,1,0,0,0,0,0,0,NA,0,0,0,0,0,0,0,0,0,NA,5,5,5,5,5,5,5,1,1,NA,97,No,97,No,1,1,1 7 8,1,0,0,0,0,0,1,1,0,NA,3,NA,4 6,0,0,0,1,0,1,0,0,0,NA,3,NA,6,NA,1,NA,2 5,0,1,0,0,1,0,0,0,0,0,NA,1,NA,1,1,0,0,0,0,0,0,NA,3 5 6,0,0,1,0,1,1,0,NA,3,NA,1,2 4,0,1,0,1,0,0,0,0,0,0,NA,4,NA,1 2 3 4,1,1,1,1,0,0,NA,1,NA,1,NA,1,NA,1,NA,1,No,3,4,3,3,4,3,4,5,NA,6,1 2,1,1,0,0,0,0,0,0,NA,5,NA,6,NA,2,NA,5,5,3,4,5,5,5,1,3 4,0,0,1,1,0,0,0,NA,2,NA,2,2,3 4,0,0,1,1,0,0,0,NA,1,1,0,NA,NA,NA,NA,NA,NA,0,NA,4,3,4,4,4,4,4,4,4,1,1,1,4,3,4,3,4,1,4,1,4,1,3,3,3,3,3,3,3,3,2,3,3,1,3,2,male,3,1,1 2 3 4,1,1,1,1,0,0,NA,1,1,3,1,1,1,1,1,3,3,1,4,1,4,4,4,4,4,1,4,1,1,2,1,1,1,3,4,3,2,1 2 3 4 5 6 7,1,1,1,1,1,1,1,0,0,NA,30,NA,16723,No,uuid:f769acd8-9177-48ec-b0b2-57708076a3c5,2512111015,uuid:f769acd8-9177-48ec-b0b2-57708076a3c5
707574,S0702030332,CENTRAL ETHIOPIA,Hadiya,lemo,kalisha 1st,Rural,"12/24/2025, 4:57:18 PM","12/24/2025, 9:25:26 AM","12/24/2025, 4:55:19 PM",12/24/2025,283bb7b7f4ef185f,1,HT7401,NA,female,principal,0,1,1,1,1,0,2003,2010,2017,5,2,5,NA,1,2012,management in_service mentoring,1,1,1,0,NA,3,3,0,0,1,0,0,0,NA,1 2 4 9,1,1,0,1,0,0,0,0,1,0,NA,0,1,0,0,0,0,0,0,0,NA,5,5,5,5,5,5,5,5,2,NA,6,NA,7,NA,1,1,1 2 6,1,1,0,0,0,1,0,0,0,NA,3,NA,4 8,0,0,0,1,0,0,0,1,0,NA,1,NA,3,NA,6,NA,3 8,0,0,1,0,0,0,0,1,0,0,NA,5,NA,1,1,0,0,0,0,0,0,NA,2 5 6,0,1,0,0,1,1,0,NA,6,NA,1,1 2 3 4 5 6 7 8,1,1,1,1,1,1,1,1,0,0,NA,4,NA,1 2 3 4,1,1,1,1,0,0,NA,2,NA,2,NA,1,NA,1,NA,1,Yelem,4,4,4,4,4,4,4,4,NA,6,7 97,0,0,0,0,0,0,1,1,Menem yetmula neget yelenem yemirda akalem alagegnenem,6,NA,5,NA,8,NA,5,5,5,5,5,5,5,1,2 3 4 5,0,1,1,1,1,0,0,NA,1,NA,5,1,NA,NA,NA,NA,NA,NA,NA,NA,NA,1,4,0,NA,NA,NA,NA,NA,NA,0,NA,4,4,4,4,4,4,4,4,4,1,1,1,4,4,4,4,4,4,4,4,4,4,4,4,4,1,1,2,1,1,1,1,1,1,1,5,male,2,4,1 2 4,1,1,0,1,0,0,NA,3,3,2,3,3,2,2,1,2,2,3,4,2,4,4,4,1,1,1,4,1,3,3,1,1,1,4,3,4,4,1 5 7,1,0,0,0,1,0,1,0,0,NA,37,NA,16500,Teru new mesretawi yehonu negeroche agezun,uuid:a4950db5-10f3-4d78-8a43-adaf3ecb13d4,2512142209,uuid:a4950db5-10f3-4d78-8a43-adaf3ecb13d4
707574,S0702030332,CENTRAL ETHIOPIA,Hadiya,lemo,kalisha 1st,Rural,"12/24/2025, 6:59:10 PM","12/24/2025, 4:52:49 PM","12/24/2025, 6:58:25 PM",12/24/2025,3618c5f2ca206d06,1,HT7402,NA,male,vice_principal,0,0,0,1,1,0,2008,2017,2017,3,1,5,NA,1,2017,in_service mentoring,0,1,1,0,NA,3,1 2 3,1,1,1,0,0,0,NA,1 3,1,0,1,0,0,0,0,0,0,0,NA,0,0,0,1,0,0,0,0,0,NA,5,5,5,5,5,5,4,5,2,NA,7,NA,6,NA,1,1,1 2 7,1,1,0,0,0,0,1,0,0,NA,3,NA,4 6,0,0,0,1,0,1,0,0,0,NA,1,NA,6,NA,5,NA,9,0,0,0,0,0,0,0,0,1,0,NA,5,NA,1 5,1,0,0,0,1,0,0,NA,6,0,0,0,0,0,1,0,NA,6,NA,1,1 3 4 5 6 7,1,0,1,1,1,1,1,0,0,0,NA,3,NA,NA,NA,NA,NA,NA,NA,NA,NA,2,NA,1,NA,1,NA,1,NA,1,None,4,4,4,4,4,4,2,5,NA,7,1 2,1,1,0,0,0,0,0,0,NA,5,NA,6,NA,8,NA,5,5,5,5,5,5,5,1,3 4,0,0,1,1,0,0,0,NA,2,NA,4,2,3,0,0,1,0,0,0,0,NA,1,1,1,1 2 3,1,1,1,0,NA,1,Teachers,4,4,3,3,4,3,3,4,4,2,1,1,3,3,3,3,4,1,3,3,4,3,1,4,4,3,3,3,2,3,1,2,2,1,3,1,male,3,3,1 2 3 4,1,1,1,1,0,0,NA,3,2,2,3,3,2,3,3,3,3,3,3,1,1,3,3,2,1,1,4,1,1,3,1,1,1,4,3,4,1,2 7,0,1,0,0,0,0,1,0,0,NA,32,NA,15490,"None, but regarding the school there are no basic facilities to perform the teaching learning process (eg. Chalk, quality class, and other infrastructure )",uuid:4da48aee-9619-4181-8b87-f9b49f252e40,2512142209,uuid:4da48aee-9619-4181-8b87-f9b49f252e40
707553,S0702030352,CENTRAL ETHIOPIA,Hadiya,lemo,alala,Rural,"12/26/2025, 7:28:04 PM","12/25/2025, 12:08:49 PM","12/26/2025, 7:19:10 PM",12/25/2025,283bb7b7f4ef185f,1,HT38601,NA,female,principal,0,1,1,0,NA,NA,2002,2015,2017,2,2,5,NA,0,NA,NA,NA,NA,NA,NA,NA,5,3,0,0,1,0,0,0,NA,1 4 6 7,1,0,0,1,0,1,1,0,0,0,NA,0,0,0,0,0,1,1,1,0,NA,5,5,5,5,5,5,5,5,2,NA,7,NA,6,NA,1,1,1 4 7,1,0,0,1,0,0,1,0,0,NA,3,NA,6 7,0,0,0,0,0,1,1,0,0,NA,8,NA,2,NA,4,NA,2 8,0,1,0,0,0,0,0,1,0,0,NA,5,NA,1 2 4,1,1,0,1,0,0,0,NA,2 5 6,0,1,0,0,1,1,0,NA,6,NA,1,1 2 4 7 8,1,1,0,1,0,0,1,1,0,0,NA,4,NA,1 2 3 4,1,1,1,1,0,0,NA,2,NA,2,NA,1,NA,1,NA,1,Yelem,4,4,4,4,4,4,4,4,NA,6,7,0,0,0,0,0,0,1,0,NA,6,NA,8,NA,5,NA,5,5,5,5,5,5,5,1,1 2 3 4 5,1,1,1,1,1,0,0,NA,2,NA,4,1,NA,NA,NA,NA,NA,NA,NA,NA,NA,1,1,0,NA,NA,NA,NA,NA,NA,0,NA,4,4,4,4,4,4,4,4,4,1,1,1,4,4,4,4,4,4,4,4,4,4,4,4,4,2,2,1,1,1,1,2,1,1,1,2,male,3,4,1 2 3 4,1,1,1,1,0,0,NA,3,2,2,2,2,1,3,1,3,2,2,4,4,4,4,4,1,1,1,4,1,3,3,1,1,1,4,1,4,4,1 5 7,1,0,0,0,1,0,1,0,0,NA,37,NA,14368,Teru new bertu,uuid:49196dcc-7861-40c7-b84a-9cd6a9f8316a,2512142209,uuid:49196dcc-7861-40c7-b84a-9cd6a9f8316a
707575,S0702030792,CENTRAL ETHIOPIA,Hadiya,lemo,kidigisa,Rural,"12/25/2025, 2:40:29 PM","12/25/2025, 8:27:27 AM","12/25/2025, 2:20:07 PM",12/25/2025,283bb7b7f4ef185f,1,HT5301,NA,female,principal,0,1,1,1,1,0,2003,2012,2017,5,2,6,NA,1,2008,management in_service mentoring,1,1,1,0,NA,3,3,0,0,1,0,0,0,NA,1 2 4 5 6 7,1,1,0,1,1,1,1,0,0,0,NA,0,0,0,0,0,0,0,0,0,NA,5,5,5,5,5,5,5,5,2,NA,6,NA,7,NA,1,1,1 3 7,1,0,1,0,0,0,1,0,0,NA,3,NA,4 6,0,0,0,1,0,1,0,0,0,NA,3,NA,6,NA,8,NA,6 8,0,0,0,0,0,1,0,1,0,0,NA,5,NA,1 2,1,1,0,0,0,0,0,NA,2 6,0,1,0,0,0,1,0,NA,6,NA,1,1 2 3 4 5 6 7 8 9,1,1,1,1,1,1,1,1,1,0,NA,4,NA,1 2 3 4,1,1,1,1,0,0,NA,2,NA,2,NA,1,NA,1,NA,1,Yelem,4,4,4,4,4,4,4,4,NA,6,1 2 6 7,1,1,0,0,0,1,1,0,NA,6,NA,5,NA,4,NA,5,5,5,5,5,5,5,1,1,1,0,0,0,0,0,0,NA,1,NA,1,1,NA,NA,NA,NA,NA,NA,NA,NA,NA,1,4,0,NA,NA,NA,NA,NA,NA,0,NA,4,4,4,4,4,4,4,4,4,1,1,1,4,4,4,4,4,4,4,4,4,4,4,4,4,2,2,1,1,1,1,2,1,1,1,2,male,2,1,1 2 3 4,1,1,1,1,0,0,NA,3,3,2,2,2,2,2,1,1,2,2,4,4,4,4,4,1,1,1,4,1,3,1,4,1,1,4,3,3,1,1 5 7,1,0,0,0,1,0,1,0,0,NA,32,NA,16650,Yersawen neger betam endiyasetaws yadergal teru new,uuid:b56f7c01-32e1-4291-8803-c636c4c44699,2512142209,uuid:b56f7c01-32e1-4291-8803-c636c4c44699
707575,S0702030792,CENTRAL ETHIOPIA,Hadiya,lemo,kidigisa,Rural,"12/25/2025, 9:33:17 PM","12/25/2025, 9:00:00 PM","12/25/2025, 9:32:20 PM",12/25/2025,3618c5f2ca206d06,1,HT5304,NA,male,vice_principal,0,1,1,1,1,0,1986,2017,2017,5,1,5,NA,1,2017,in_service mentoring,0,1,1,0,NA,3,1 2 3,1,1,1,0,0,0,NA,3 4,0,0,1,1,0,0,0,0,0,0,NA,0,0,1,0,0,0,0,0,0,NA,5,5,5,5,5,5,5,5,2,NA,5,NA,8,NA,1,1,1 3 6,1,0,1,0,0,1,0,0,0,NA,3,NA,1 4,1,0,0,1,0,0,0,0,0,NA,1,NA,3,NA,5,NA,9,0,0,0,0,0,0,0,0,1,0,NA,5,NA,1,1,0,0,0,0,0,0,NA,6,0,0,0,0,0,1,0,NA,6,NA,1,1 2 3 4 5 6 7 8,1,1,1,1,1,1,1,1,0,0,NA,3,NA,NA,NA,NA,NA,NA,NA,NA,NA,2,NA,1,NA,1,NA,1,NA,1,None,4,4,4,4,4,4,3,1,NA,7,1 2,1,1,0,0,0,0,0,0,NA,5,NA,6,NA,8,NA,4,4,4,4,4,4,4,1,2 3 4 6,0,1,1,1,0,1,0,NA,1,NA,4,2,3,0,0,1,0,0,0,0,NA,1,1,1,1 2 3,1,1,1,0,NA,1,Teachers,4,3,3,3,4,4,3,3,4,2,1,1,3,4,2,4,4,2,3,3,3,3,1,3,4,3,2,3,2,3,2,2,3,1,3,2,male,3,1,1 2 3,1,1,1,0,0,0,NA,3,2,2,3,3,2,3,3,1,3,3,3,1,3,3,2,1,2,1,4,1,2,3,1,1,1,4,3,4,1,2 7,0,1,0,0,0,0,1,0,0,NA,52,NA,15490,None,uuid:b4b01392-b188-4e9f-806b-121a3736e7bf,2512142209,uuid:b4b01392-b188-4e9f-806b-121a3736e7bf
707943,S0702040332,CENTRAL ETHIOPIA,Hadiya,shashogo,doesha gola,Rural,"12/10/2025, 6:12:09 PM","12/10/2025, 9:12:35 AM","12/10/2025, 1:02:25 PM",12/10/2025,1f2e7526f0d594aa,1,HT7602,NA,male,vice_principal,0,1,1,1,0,1,2002,2016,2017,2,3,5,NA,0,NA,NA,NA,NA,NA,NA,NA,5,3,0,0,1,0,0,0,NA,1 3 4,1,0,1,1,0,0,0,0,0,0,NA,0,1,0,0,1,0,1,0,0,NA,4,4,4,4,4,4,4,5,2,NA,7,NA,6,NA,1,1,1 8,1,0,0,0,0,0,0,1,0,NA,3,NA,2 3,0,1,1,0,0,0,0,0,0,NA,6,NA,3,NA,1,NA,2,0,1,0,0,0,0,0,0,0,0,NA,2,NA,1,1,0,0,0,0,0,0,NA,2 5 6,0,1,0,0,1,1,0,NA,6,NA,0,NA,NA,NA,NA,NA,NA,NA,NA,NA,NA,NA,NA,4,NA,1 3,1,0,1,0,0,0,NA,2,NA,2,NA,1,NA,1,NA,2,የለም,4,3,3,3,4,3,4,4,NA,1,1,1,0,0,0,0,0,0,0,NA,5,NA,6,NA,8,NA,4,4,3,3,5,3,4,2,3 4,0,0,1,1,0,0,0,NA,2,NA,3,2,1 3,1,0,1,0,0,0,0,NA,1,2,0,NA,NA,NA,NA,NA,NA,1,vice principal,4,3,3,3,4,4,4,3,4,2,2,2,3,3,3,4,4,3,3,2,3,1,3,1,2,1,2,3,1,2,2,2,1,1,2,2,male,3,2,1 2 3 4,1,1,1,1,0,0,NA,1,2,2,3,3,2,1,1,1,3,3,3,3,4,2,2,3,3,1,4,1,1,3,1,4,3,3,3,3,1,1 2 3 4 5 6 7 8,1,1,1,1,1,1,1,1,0,NA,28,NA,15490,መጀመሪያ ደረጃ ትምህርት ላይ ትኩረት እየተሰጠው አደለም,uuid:671f8cd3-9b53-46ec-bf59-dcef7dc1a98b,2512031638,uuid:671f8cd3-9b53-46ec-bf59-dcef7dc1a98b
707943,S0702040332,CENTRAL ETHIOPIA,Hadiya,shashogo,doesha gola,Rural,"12/10/2025, 6:12:10 PM","12/10/2025, 3:50:58 PM","12/10/2025, 5:32:51 PM",12/10/2025,1f2e7526f0d594aa,1,HT7601,NA,female,principal,0,0,0,1,1,0,2011,2017,2017,1,1,5,NA,0,NA,NA,NA,NA,NA,NA,NA,4,1 3,1,0,1,0,0,0,NA,1 4,1,0,0,1,0,0,0,0,0,0,NA,0,0,0,0,0,0,0,0,0,NA,5,5,4,5,5,4,5,4,2,NA,6,NA,7,NA,1,1,1 7 8,1,0,0,0,0,0,1,1,0,NA,3,NA,3 8,0,0,1,0,0,0,0,1,0,NA,1,NA,8,NA,3,NA,8 9,0,0,0,0,0,0,0,1,1,0,NA,5,NA,1,1,0,0,0,0,0,0,NA,2 5 6,0,1,0,0,1,1,0,NA,6,NA,1,1 2 4 7 9,1,1,0,1,0,0,1,0,1,0,NA,4,NA,1 2 3 4,1,1,1,1,0,0,NA,2,NA,2,NA,2,NA,2,NA,1,የለም,4,2,3,3,3,3,4,4,NA,6,1 3,1,0,1,0,0,0,0,0,NA,5,NA,6,NA,97,በየትምህርት አይነቱ የሰለጠኑ መምህራን ያለመኖር,4,4,5,4,5,5,5,2,3 4 5 6,0,0,1,1,1,1,0,NA,2,NA,1,1,NA,NA,NA,NA,NA,NA,NA,NA,NA,1,2,0,NA,NA,NA,NA,NA,NA,1,Vice principal,4,4,4,3,4,4,4,3,3,1,2,2,4,4,2,3,4,1,4,2,4,1,1,1,3,3,2,3,3,2,1,3,2,1,2,4,male,1,1,1 2 3 4,1,1,1,1,0,0,NA,3,2,2,3,3,2,2,1,1,1,1,4,1,3,4,4,3,1,1,4,1,1,2,1,1,3,1,3,3,4,1 2 3 4 5 6 7,1,1,1,1,1,1,1,0,0,NA,28,NA,16715,የለም,uuid:6e1b8bad-a2dc-4c8b-9c36-e85d720ef88a,2512031638,uuid:6e1b8bad-a2dc-4c8b-9c36-e85d720ef88a
707858,S0702050042,CENTRAL ETHIOPIA,Hadiya,misirak badewacho,badewacho ajeba,Rural,"12/17/2025, 4:50:26 PM","12/17/2025, 11:13:04 AM","12/17/2025, 4:49:12 PM",12/17/2025,13ff9fddb6200dd2,1,Ht6001,NA,male,principal,0,0,0,0,NA,NA,2001,2017,2017,1,1,5,NA,0,NA,NA,NA,NA,NA,NA,NA,5,1 2 3,1,1,1,0,0,0,NA,1 2 3 4,1,1,1,1,0,0,0,0,0,0,NA,0,0,0,0,0,0,0,0,0,NA,5,5,5,5,5,5,5,5,2,NA,8,NA,97,None,1,1,3 4 7,0,0,1,1,0,0,1,0,0,NA,3,NA,4 8,0,0,0,1,0,0,0,1,0,NA,1,NA,3,NA,6,NA,5 8,0,0,0,0,1,0,0,1,0,0,NA,1,NA,1,1,0,0,0,0,0,0,NA,2 5 6,0,1,0,0,1,1,0,NA,6,NA,1,4 5 7,0,0,0,1,1,0,1,0,0,0,NA,4,NA,1 2 3 4,1,1,1,1,0,0,NA,1,NA,2,NA,2,NA,2,NA,2,None,4,4,3,4,4,3,4,4,NA,6,7,0,0,0,0,0,0,1,0,NA,6,NA,8,NA,5,NA,5,5,5,5,5,5,5,1,3 4 5 6,0,0,1,1,1,1,0,NA,3,NA,3,1,NA,NA,NA,NA,NA,NA,NA,NA,NA,1,1,1,1,1,0,0,0,NA,1,Teacers,4,4,4,4,4,4,4,4,3,1,1,1,4,2,4,1,4,3,4,1,4,4,1,3,3,2,3,3,2,2,2,2,2,1,3,2,male,3,5,1 2 3 4,1,1,1,1,0,0,NA,3,3,3,3,3,3,3,3,3,1,3,3,1,1,2,4,2,3,1,3,1,1,3,1,1,1,2,4,3,1,1 5 7,1,0,0,0,1,0,1,0,0,NA,39,NA,16715,None,uuid:f2bf342d-9ad1-47fa-ba14-6eae0b42c0a6,2512142209,uuid:f2bf342d-9ad1-47fa-ba14-6eae0b42c0a6
707439,S0702060032,CENTRAL ETHIOPIA,Hadiya,jajura town ad.,jajura no1,Urban,"12/4/2025, 9:46:54 PM","12/4/2025, 1:34:21 PM","12/4/2025, 9:44:14 PM",12/4/2025,402aa563e792bb9b,1,HT4602,NA,female,vice_principal,1,0,1,2,1,1,2007,2012,2017,3,1,5,NA,1,2011,management,1,0,0,0,NA,3,3 97,0,0,1,0,0,1,10% efficiency,1 2 3 4 5 6 7 8,1,1,1,1,1,1,1,1,0,0,NA,1,0,0,0,1,0,1,0,1,NA,5,5,5,5,5,5,4,5,2,NA,3,NA,4,NA,1,2,1 7 8,1,0,0,0,0,0,1,1,0,NA,3,NA,4 6,0,0,0,1,0,1,0,0,0,NA,6,NA,7,NA,1,NA,97,0,0,0,0,0,0,0,0,0,1,I have enough time,5,NA,1,1,0,0,0,0,0,0,NA,6,0,0,0,0,0,1,0,NA,2,NA,1,1 2 3 4 5 6 7 8,1,1,1,1,1,1,1,1,0,0,NA,3,NA,NA,NA,NA,NA,NA,NA,NA,NA,2,NA,2,NA,1,NA,2,NA,2,NA,4,4,4,3,4,4,3,5,NA,6,1 2 3,1,1,1,0,0,0,0,0,NA,97,Shortage of teachers,6,NA,97,Lack of teacher for special need students,5,4,4,5,5,3,5,2,3 6,0,0,1,0,0,1,0,NA,2,NA,3,2,4 6,0,0,0,1,0,1,0,NA,1,1,1,1,1,0,0,0,NA,0,NA,3,4,4,4,4,4,4,4,4,1,1,2,1,4,1,3,3,1,4,1,4,1,1,4,4,3,2,3,3,2,3,3,2,3,3,2,male,3,5,1 2 3,1,1,1,0,0,0,NA,3,2,3,3,3,3,3,3,3,3,3,4,1,4,4,4,3,4,1,4,1,1,2,1,3,1,3,4,3,1,2 4 7,0,1,0,1,0,0,1,0,0,NA,36,NA,15800,Material problem for modules,uuid:ea264ef0-db14-445a-bce7-93a0ae4b1a44,2512030638,uuid:ea264ef0-db14-445a-bce7-93a0ae4b1a44
707439,S0702060032,CENTRAL ETHIOPIA,Hadiya,jajura town ad.,jajura no1,Urban,"12/4/2025, 10:12:31 PM","12/4/2025, 2:20:54 PM","12/4/2025, 9:43:43 PM",12/4/2025,f9d6a239f0ca8566,1,HT4601,NA,male,principal,0,0,0,2,1,1,2003,2017,2017,1,1,6,NA,0,NA,NA,NA,NA,NA,NA,NA,1,2 3,0,1,1,0,0,0,NA,2,0,1,0,0,0,0,0,0,0,0,NA,0,0,0,0,0,0,0,0,0,NA,5,3,5,5,5,5,4,5,2,NA,6,NA,7,NA,1,1,1 6 8,1,0,0,0,0,1,0,1,0,NA,3,NA,6 97,0,0,0,0,0,1,0,0,1,Honesty,3,NA,6,NA,1,NA,7,0,0,0,0,0,0,1,0,0,0,NA,2,NA,1 2,1,1,0,0,0,0,0,NA,5 97,0,0,0,0,1,0,1,Getting student to student together and Sometimes  I even went in and taught,6,NA,1,8 9,0,0,0,0,0,0,0,1,1,0,NA,3,NA,NA,NA,NA,NA,NA,NA,NA,NA,2,NA,2,NA,1,NA,1,NA,1,No,4,4,4,4,4,4,4,5,NA,6,2 5,0,1,0,0,1,0,0,0,NA,6,NA,5,NA,97,The school has forgotten the location map,5,5,5,5,5,5,5,2,3 4 5,0,0,1,1,1,0,0,NA,2,NA,5,2,3 4,0,0,1,1,0,0,0,NA,1,5,1,1 2 3,1,1,1,0,NA,0,NA,4,4,4,3,4,4,4,3,3,1,1,1,4,4,4,4,4,3,4,3,4,4,1,3,4,3,3,3,3,2,3,3,2,1,3,1,male,4,5,1 3 4,1,0,1,1,0,0,NA,1,2,2,3,2,2,3,3,3,1,3,4,3,4,3,4,3,3,1,4,1,1,3,1,1,3,3,1,5,1,1 2 3 4 5 6 7 8,1,1,1,1,1,1,1,1,0,NA,34,NA,16286,No any other challenge,uuid:57f694f7-d930-4a3d-a404-b698afbcf573,2512031459,uuid:57f694f7-d930-4a3d-a404-b698afbcf573
708190,S0702060462,CENTRAL ETHIOPIA,Hadiya,soro,mareka,Rural,"12/10/2025, 7:36:11 PM","12/10/2025, 12:20:30 PM","12/10/2025, 7:34:44 PM",12/10/2025,f9d6a239f0ca8566,1,HT6601,NA,male,principal,0,0,0,0,NA,NA,2003,2010,2014,2,1,5,NA,1,2017,management in_service mentoring,1,1,1,0,NA,3,2 3,0,1,1,0,0,0,NA,3 7,0,0,1,0,0,0,1,0,0,0,NA,1,1,0,0,0,0,0,0,0,NA,5,3,4,5,5,5,5,2,7,NA,4,NA,8,NA,1,1,1 6 7,1,0,0,0,0,1,1,0,0,NA,3,NA,3 97,0,0,1,0,0,0,0,0,1,Honesty,3,NA,6,NA,1,NA,3 6,0,0,1,0,0,1,0,0,0,0,NA,1,NA,1,1,0,0,0,0,0,0,NA,2 5,0,1,0,0,1,0,0,NA,6,NA,1,2 4 5,0,1,0,1,1,0,0,0,0,0,NA,4,NA,1 2 4,1,1,0,1,0,0,NA,1,NA,1,NA,1,NA,1,NA,1,No,4,3,4,3,3,3,4,3,NA,6,5,0,0,0,0,1,0,0,0,NA,1,NA,6,NA,8,NA,4,4,3,4,4,4,4,1,4,0,0,0,1,0,0,0,NA,1,NA,3,1,NA,NA,NA,NA,NA,NA,NA,NA,NA,1,3,0,NA,NA,NA,NA,NA,NA,0,NA,3,3,3,3,4,4,4,4,4,2,2,2,4,2,4,3,4,1,3,2,3,1,1,3,3,3,3,3,1,3,1,2,2,1,2,3,male,3,5,1 2 3 4,1,1,1,1,0,0,NA,1,1,2,1,3,2,1,1,3,3,1,3,3,2,2,4,3,3,1,4,1,1,2,4,1,1,3,4,3,1,1 2 3 4 5 6 7,1,1,1,1,1,1,1,0,0,NA,40,NA,16725,No any other challenge,uuid:4505e00e-4681-4733-88ed-b09465070d54,2512031638,uuid:4505e00e-4681-4733-88ed-b09465070d54
708201,S0702060952,CENTRAL ETHIOPIA,Hadiya,jajura town ad.,sundusa,Rural,"12/5/2025, 8:16:25 PM","12/5/2025, 1:28:58 PM","12/5/2025, 8:03:22 PM",12/5/2025,402aa563e792bb9b,1,HT7302,NA,male,vice_principal,0,1,1,1,1,0,2006,2017,2017,1,1,5,NA,1,2017,management,1,0,0,0,NA,4,1 3,1,0,1,0,0,0,NA,1 3 4,1,0,1,1,0,0,0,0,0,0,NA,0,1,1,0,1,1,1,0,1,NA,5,4,5,5,5,5,5,5,2,NA,5,NA,7,NA,1,1,1 2 7,1,1,0,0,0,0,1,0,0,NA,2,NA,4 8,0,0,0,1,0,0,0,1,0,NA,1,NA,6,NA,3,NA,5,0,0,0,0,1,0,0,0,0,0,NA,5,NA,1,1,0,0,0,0,0,0,NA,5 6,0,0,0,0,1,1,0,NA,6,NA,1,3 4 9,0,0,1,1,0,0,0,0,1,0,NA,2,NA,NA,NA,NA,NA,NA,NA,NA,NA,2,NA,2,NA,2,NA,1,NA,2,NA,4,4,4,4,4,3,4,5,NA,7,1 7,1,0,0,0,0,0,1,0,NA,2,NA,3,NA,11,NA,5,5,5,5,5,5,5,2,2 3,0,1,1,0,0,0,0,NA,1,NA,3,1,NA,NA,NA,NA,NA,NA,NA,NA,NA,1,1,1,1,1,0,0,0,NA,0,NA,4,4,4,4,4,3,4,4,4,1,1,1,4,4,4,3,4,4,4,4,4,4,1,1,4,1,2,3,1,1,1,3,1,1,3,3,male,3,3,1 3,1,0,1,0,0,0,NA,3,3,3,3,3,2,1,3,3,3,3,4,3,3,4,4,3,4,3,4,4,3,2,1,3,1,4,4,4,4,1 5,1,0,0,0,1,0,0,0,0,NA,30,NA,15490,Mark minimised when I compite as a head teacher and we have different communication in that situation then it solved with regional government. And I become a head at the end.,uuid:74fed9d0-c24f-476a-b21a-5aa533ed661c,2512031638,uuid:74fed9d0-c24f-476a-b21a-5aa533ed661c
708201,S0702060952,CENTRAL ETHIOPIA,Hadiya,jajura town ad.,sundusa,Rural,"12/5/2025, 8:18:11 PM","12/5/2025, 1:19:48 PM","12/5/2025, 8:15:36 PM",12/5/2025,f9d6a239f0ca8566,1,HT7301,NA,female,principal,0,0,0,1,1,0,2001,2009,2011,2,1,5,NA,1,2009,management,1,0,0,0,NA,5,2 3,0,1,1,0,0,0,NA,4 8,0,0,0,1,0,0,0,1,0,0,NA,0,1,0,0,1,0,1,0,0,NA,5,5,5,5,5,5,5,5,3,NA,4,NA,1,NA,1,1,1 6 7,1,0,0,0,0,1,1,0,0,NA,3,NA,4 97,0,0,0,1,0,0,0,0,1,Honest,3,NA,6,NA,1,NA,5,0,0,0,0,1,0,0,0,0,0,NA,2,NA,1,1,0,0,0,0,0,0,NA,5,0,0,0,0,1,0,0,NA,3,NA,1,4 7,0,0,0,1,0,0,1,0,0,0,NA,4,NA,1 4,1,0,0,1,0,0,NA,2,NA,2,NA,1,NA,2,NA,1,NA,4,4,3,4,4,4,4,4,NA,6,2,0,1,0,0,0,0,0,0,NA,6,NA,5,NA,8,NA,5,5,4,5,5,5,5,1,4,0,0,0,1,0,0,0,NA,2,NA,2,1,NA,NA,NA,NA,NA,NA,NA,NA,NA,1,2,1,1 2 3,1,1,1,0,NA,0,NA,4,4,4,4,4,4,4,4,4,1,1,1,4,4,4,3,4,4,4,1,4,3,1,3,3,3,1,3,3,2,2,2,2,1,3,2,male,4,1,1 2 3 4,1,1,1,1,0,0,NA,3,2,2,3,3,3,2,3,3,3,3,4,1,4,4,4,4,1,1,4,1,1,2,3,1,1,3,4,3,1,1 5 6,1,0,0,0,1,1,0,0,0,NA,32,NA,14500,No any other challenge,uuid:f1737685-1146-4c20-a738-70fd71fc339c,2512031638,uuid:f1737685-1146-4c20-a738-70fd71fc339c
707051,S0702070472,CENTRAL ETHIOPIA,Hadiya,duna,olawa,Rural,"12/8/2025, 8:12:53 PM","12/8/2025, 1:04:16 PM","12/8/2025, 7:55:51 PM",12/8/2025,402aa563e792bb9b,1,HT7202,NA,male,vice_principal,0,1,1,1,1,0,2004,2017,2017,1,1,5,NA,1,2017,management,1,0,0,0,NA,4,1 3,1,0,1,0,0,0,NA,1 2 4,1,1,0,1,0,0,0,0,0,0,NA,1,1,1,0,0,0,1,0,0,NA,5,5,5,5,5,5,5,4,2,NA,1,NA,5,NA,1,1,1 6 7,1,0,0,0,0,1,1,0,0,NA,3,NA,3 5,0,0,1,0,1,0,0,0,0,NA,3,NA,1,NA,6,NA,9,0,0,0,0,0,0,0,0,1,0,NA,2,NA,1,1,0,0,0,0,0,0,NA,2 3 6,0,1,1,0,0,1,0,NA,6,NA,1,4 5 6,0,0,0,1,1,1,0,0,0,0,NA,4,NA,1,1,0,0,0,0,0,NA,2,NA,2,NA,2,NA,2,NA,2,NA,4,4,4,4,4,4,4,97,Twice at semester,6,1 2,1,1,0,0,0,0,0,0,NA,2,NA,5,NA,6,NA,5,5,5,4,5,5,5,1,2 4,0,1,0,1,0,0,0,NA,97,4times per year,4,2,3,0,0,1,0,0,0,0,NA,1,3,1,1,1,0,0,0,NA,0,NA,4,4,4,1,4,4,4,4,4,1,1,1,4,4,4,4,4,4,4,3,4,4,1,3,4,2,2,3,3,2,1,1,1,1,1,1,male,4,4,1 4,1,0,0,1,0,0,NA,3,3,3,3,3,3,3,3,3,3,3,4,4,4,4,4,4,4,1,4,1,1,3,4,4,4,4,4,4,1,2 5,0,1,0,0,1,0,0,0,0,NA,28,NA,15490,"Distance from my home to school even a had got as a main principal. Family case, road challenges, no access to food in the school environment.",uuid:0b9eb9f6-cf52-459d-883c-402b00fdc0cb,2512031638,uuid:0b9eb9f6-cf52-459d-883c-402b00fdc0cb
707051,S0702070472,CENTRAL ETHIOPIA,Hadiya,duna,olawa,Rural,"12/8/2025, 8:49:25 PM","12/8/2025, 1:54:15 PM","12/8/2025, 8:45:34 PM",12/8/2025,f9d6a239f0ca8566,1,HT7201,NA,female,principal,0,1,1,1,1,0,2002,2009,2017,2,1,5,NA,1,2017,management,1,0,0,0,NA,5,3,0,0,1,0,0,0,NA,1 4 5,1,0,0,1,1,0,0,0,0,0,NA,0,1,0,0,1,0,1,1,0,NA,5,4,5,5,4,5,5,5,2,NA,3,NA,1,NA,1,1,1 6 8,1,0,0,0,0,1,0,1,0,NA,3,NA,4 6,0,0,0,1,0,1,0,0,0,NA,3,NA,1,NA,2,NA,5,0,0,0,0,1,0,0,0,0,0,NA,2,NA,1 5,1,0,0,0,1,0,0,NA,2 3,0,1,1,0,0,0,0,NA,3,NA,1,1 2 3 4,1,1,1,1,0,0,0,0,0,0,NA,4,NA,1 2 4,1,1,0,1,0,0,NA,3,NA,1,NA,1,NA,1,NA,1,No,4,3,4,4,4,4,4,5,NA,6,1 2 6,1,1,0,0,0,1,0,0,NA,3,NA,8,NA,5,NA,5,5,4,5,5,4,4,1,2 4,0,1,0,1,0,0,0,NA,2,NA,3,1,NA,NA,NA,NA,NA,NA,NA,NA,NA,1,2,1,1 2 3,1,1,1,0,NA,0,NA,4,4,4,3,4,4,4,1,4,1,1,1,4,3,3,2,4,4,3,4,4,1,3,3,3,3,3,3,3,1,1,1,1,1,3,4,male,2,1,1 3 4,1,0,1,1,0,0,NA,3,2,3,3,3,3,3,1,3,3,3,4,1,4,4,4,4,3,1,4,1,1,3,1,1,1,4,4,4,1,2 5 7,0,1,0,0,1,0,1,0,0,NA,36,NA,16500,No,uuid:94acff84-c0d1-4c37-a265-fd81863b124e,2512031638,uuid:94acff84-c0d1-4c37-a265-fd81863b124e
707052,S0702072182,CENTRAL ETHIOPIA,Hadiya,duna,otoro,Rural,"12/9/2025, 6:39:47 PM","12/9/2025, 12:28:34 PM","12/9/2025, 6:38:44 PM",12/9/2025,f9d6a239f0ca8566,1,HT3301,NA,female,principal,0,0,0,1,1,0,2008,2010,2017,3,1,5,NA,1,2017,management,1,0,0,0,NA,5,3,0,0,1,0,0,0,NA,1 4 5,1,0,0,1,1,0,0,0,0,0,NA,0,0,0,0,0,0,0,0,0,NA,5,4,5,5,5,5,4,5,4,NA,1,NA,3,NA,1,1,7 8,0,0,0,0,0,0,1,1,0,NA,3,NA,2 3,0,1,1,0,0,0,0,0,0,NA,3,NA,5,NA,8,NA,5 6,0,0,0,0,1,1,0,0,0,0,NA,2,NA,1,1,0,0,0,0,0,0,NA,2,0,1,0,0,0,0,0,NA,6,NA,1,2 4 6 7,0,1,0,1,0,1,1,0,0,0,NA,4,NA,1 2 3 4,1,1,1,1,0,0,NA,2,NA,1,NA,1,NA,1,NA,1,No,3,3,3,4,4,4,4,3,NA,6,1 2,1,1,0,0,0,0,0,0,NA,5,NA,6,NA,97,Shortage of teachers,4,5,4,5,5,4,5,1,2 4 6,0,1,0,1,0,1,0,NA,2,NA,3,1,NA,NA,NA,NA,NA,NA,NA,NA,NA,1,2,0,NA,NA,NA,NA,NA,NA,0,NA,4,4,3,2,4,4,4,3,4,2,1,1,4,3,3,4,4,2,3,3,3,1,1,2,3,3,3,3,3,3,3,3,2,2,3,1,male,3,1,2 3 4,0,1,1,1,0,0,NA,3,3,3,1,1,3,3,1,1,3,3,3,1,3,3,4,3,3,3,4,1,1,3,1,1,3,3,3,4,2,2 4 7,0,1,0,1,0,0,1,0,0,NA,30,NA,16223,No any challenge,uuid:ce510d11-84b3-477e-9f06-2501127e4dd1,2512031638,uuid:ce510d11-84b3-477e-9f06-2501127e4dd1
707052,S0702072182,CENTRAL ETHIOPIA,Hadiya,duna,otoro,Rural,"12/9/2025, 8:46:04 PM","12/9/2025, 1:45:03 PM","12/9/2025, 8:44:45 PM",12/9/2025,402aa563e792bb9b,1,HT3302,NA,male,vice_principal,0,1,1,1,1,0,2008,2017,2017,1,1,5,NA,1,2017,management,1,0,0,0,NA,5,3,0,0,1,0,0,0,NA,1 2 4 8,1,1,0,1,0,0,0,1,0,0,NA,0,1,0,0,0,0,0,0,0,NA,4,4,4,4,4,4,4,4,2,NA,97,I give tutorial class at other school which wast my time.,7,NA,1,1,1 2 8,1,1,0,0,0,0,0,1,0,NA,3,NA,1 97,1,0,0,0,0,0,0,0,1,"Metabeber, collaborative.",3,NA,5,NA,6,NA,9,0,0,0,0,0,0,0,0,1,0,NA,2,NA,3,0,0,1,0,0,0,0,NA,5 6 97,0,0,0,0,1,1,1,Be gomez temariwoch,6,NA,1,2 4 5 6 7 8,0,1,0,1,1,1,1,1,0,0,NA,4,NA,1 3 4,1,0,1,1,0,0,NA,2,NA,2,NA,2,NA,2,NA,2,NA,4,4,4,3,4,4,4,97,Twice per semester.,6,1 2,1,1,0,0,0,0,0,0,NA,5,NA,11,NA,4,NA,4,5,4,5,5,5,5,2,3 5,0,0,1,0,1,0,0,NA,2,NA,4,2,4 6,0,0,0,1,0,1,0,NA,1,2,1,1,1,0,0,0,NA,0,NA,4,4,4,4,4,3,4,4,4,1,4,1,4,4,1,4,4,1,4,4,4,4,1,3,4,2,2,2,1,1,2,2,2,1,2,1,male,3,4,1 3 4,1,0,1,1,0,0,NA,3,1,3,3,3,3,3,3,3,3,3,4,1,4,1,4,4,4,1,4,1,1,3,1,4,1,4,1,1,2,1 2 3 4 5 6 7 8,1,1,1,1,1,1,1,1,0,NA,31,NA,15490,"The school environment is not protected. Students entered the class, and there were no controlling systems.",uuid:9c021e31-b9fc-43bd-9aed-cca1a4764dd2,2512031638,uuid:9c021e31-b9fc-43bd-9aed-cca1a4764dd2
706836,S0702080062,CENTRAL ETHIOPIA,Hadiya,anlemo,wasela,Rural,"12/11/2025, 8:01:15 PM","12/11/2025, 11:01:23 AM","12/11/2025, 6:13:07 PM",12/11/2025,1f2e7526f0d594aa,1,HT3101,NA,female,principal,0,0,0,0,NA,NA,2005,2017,2017,1,1,5,NA,0,NA,NA,NA,NA,NA,NA,NA,5,1 3,1,0,1,0,0,0,NA,1 2 8,1,1,0,0,0,0,0,1,0,0,NA,1,1,0,0,1,0,1,0,0,NA,5,5,5,5,5,5,4,1,1,NA,2,NA,7,NA,1,1,1 6 8,1,0,0,0,0,1,0,1,0,NA,3,NA,3 6,0,0,1,0,0,1,0,0,0,NA,3,NA,2,NA,6,NA,7 9,0,0,0,0,0,0,1,0,1,0,NA,1,NA,1,1,0,0,0,0,0,0,NA,2 5 6,0,1,0,0,1,1,0,NA,6,NA,1,1 2 4 5 7,1,1,0,1,1,0,1,0,0,0,NA,4,NA,1 2 3 4,1,1,1,1,0,0,NA,2,NA,2,NA,2,NA,2,NA,2,የለም,4,3,3,3,4,4,4,3,NA,6,1 2 3,1,1,1,0,0,0,0,0,NA,6,NA,5,NA,2,NA,5,5,5,5,5,5,5,1,3 4 5 6,0,0,1,1,1,1,0,NA,2,NA,3,2,1 3,1,0,1,0,0,0,0,NA,1,2,1,1 2 3,1,1,1,0,NA,1,unit leader,4,3,4,4,4,4,4,3,4,1,1,1,4,1,4,4,4,4,4,1,4,1,4,4,1,2,2,3,1,2,1,1,1,1,2,3,male,3,2,1 2 3 4,1,1,1,1,0,0,NA,2,2,2,2,2,3,3,3,3,3,3,4,2,4,4,4,3,3,1,4,1,1,3,1,1,1,4,1,4,2,1 2 3 4 5 6 7 8,1,1,1,1,1,1,1,1,0,NA,28,NA,16715,የለም,uuid:f73bfdb1-63af-46d3-a13b-2ec8fc04b0e4,2512031638,uuid:f73bfdb1-63af-46d3-a13b-2ec8fc04b0e4
707684,S0702090242,CENTRAL ETHIOPIA,Hadiya,mierab badewacho,danema no 2 primary school,Urban,"12/20/2025, 6:45:41 AM","12/19/2025, 10:58:19 AM","12/20/2025, 6:44:43 AM",12/19/2025,13ff9fddb6200dd2,1,Ht5701,NA,male,principal,0,0,0,1,1,0,2003,2017,2017,1,1,5,NA,1,2017,management in_service mentoring,1,1,1,0,NA,4,3,0,0,1,0,0,0,NA,1 2 3,1,1,1,0,0,0,0,0,0,0,NA,0,0,0,0,0,0,0,0,0,NA,5,5,5,5,5,5,5,5,2,NA,4,NA,8,NA,1,1,2 4 7,0,1,0,1,0,0,1,0,0,NA,3,NA,4 6,0,0,0,1,0,1,0,0,0,NA,1,NA,3,NA,6,NA,5 7,0,0,0,0,1,0,1,0,0,0,NA,2,NA,1,1,0,0,0,0,0,0,NA,2,0,1,0,0,0,0,0,NA,6,NA,1,2 4 5 6 7,0,1,0,1,1,1,1,0,0,0,NA,4,NA,4,0,0,0,1,0,0,NA,2,NA,2,NA,2,NA,2,NA,2,None,4,4,4,4,4,4,4,4,NA,5,1 2,1,1,0,0,0,0,0,0,NA,5,NA,6,NA,3,NA,5,5,5,5,5,5,5,2,3 4,0,0,1,1,0,0,0,NA,1,NA,4,2,1 3 6,1,0,1,0,0,1,0,NA,1,1,1,1,1,0,0,0,NA,1,Vice principal and teachers,4,4,3,4,4,4,4,4,3,1,1,1,4,4,1,4,3,3,4,3,3,3,1,3,3,3,3,3,2,3,2,3,3,1,2,1,male,4,5,1 2 3 4,1,1,1,1,0,0,NA,3,3,3,3,3,3,3,1,3,3,3,3,1,3,3,4,1,1,4,4,1,1,3,1,1,1,4,4,3,1,1 5 7,1,0,0,0,1,0,1,0,0,NA,28,NA,15725,None,uuid:f558fc96-5bd4-4b75-8f52-3b931648c58e,2512142209,uuid:f558fc96-5bd4-4b75-8f52-3b931648c58e
709283,S0703010292,CENTRAL ETHIOPIA,Tembaro Sp.,tembaro,bohe,Rural,"12/23/2025, 8:46:07 PM","12/23/2025, 12:15:06 PM","12/23/2025, 8:45:06 PM",12/23/2025,13ff9fddb6200dd2,1,Ht39301,NA,female,principal,0,0,0,1,0,1,2001,2003,2015,3,1,5,NA,1,2017,management in_service mentoring,1,1,1,0,NA,3,3,0,0,1,0,0,0,NA,1 3 4 5 7,1,0,1,1,1,0,1,0,0,0,NA,0,1,0,0,0,0,0,0,0,NA,5,5,5,5,5,5,5,3,2,NA,8,NA,4,NA,1,1,3 5 7,0,0,1,0,1,0,1,0,0,NA,3,NA,3 4,0,0,1,1,0,0,0,0,0,NA,3,NA,1,NA,2,NA,7,0,0,0,0,0,0,1,0,0,0,NA,5,NA,1,1,0,0,0,0,0,0,NA,2 5 97,0,1,0,0,1,0,1,Other techers teaches his /her subject,4,NA,1,3 4 5 6 7,0,0,1,1,1,1,1,0,0,0,NA,4,NA,1 2 3 4,1,1,1,1,0,0,NA,2,NA,2,NA,1,NA,1,NA,1,None,4,3,3,4,3,3,4,5,NA,6,1 2,1,1,0,0,0,0,0,0,NA,5,NA,8,NA,6,NA,5,4,4,4,4,4,4,2,3 6,0,0,1,0,0,1,0,NA,2,NA,4,2,1 4,1,0,0,1,0,0,0,NA,1,1,1,1,1,0,0,0,NA,1,Techers,4,3,3,4,3,4,4,3,3,1,1,1,2,4,1,3,3,2,4,2,4,3,1,4,4,3,3,3,2,3,2,3,2,1,3,2,male,3,5,1 2 3 4,1,1,1,1,0,0,NA,3,3,3,3,3,3,3,3,3,3,3,3,1,2,2,3,2,2,4,2,1,1,2,1,2,3,2,4,2,1,1 2 5 6 7,1,1,0,0,1,1,1,0,0,NA,32,NA,16115,None,uuid:4e9bfc19-fec0-40e8-a7fe-718144ee1cbd,2512142209,uuid:4e9bfc19-fec0-40e8-a7fe-718144ee1cbd
709283,S0703010292,CENTRAL ETHIOPIA,Tembaro Sp.,tembaro,bohe,Rural,"12/23/2025, 8:46:09 PM","12/23/2025, 5:22:39 PM","12/23/2025, 8:45:18 PM",12/23/2025,13ff9fddb6200dd2,1,Ht39302,NA,female,vice_principal,0,1,1,1,0,1,2008,2017,2017,1,1,5,NA,0,NA,NA,NA,NA,NA,NA,NA,5,3,0,0,1,0,0,0,NA,1 3 4,1,0,1,1,0,0,0,0,0,0,NA,0,0,0,0,0,0,0,0,0,NA,5,4,4,4,5,5,5,5,2,NA,8,NA,97,None,1,1,5 6 8,0,0,0,0,1,1,0,1,0,NA,3,NA,4 5,0,0,0,1,1,0,0,0,0,NA,3,NA,5,NA,6,NA,4 8,0,0,0,1,0,0,0,1,0,0,NA,5,NA,1,1,0,0,0,0,0,0,NA,2 6 97,0,1,0,0,0,1,1,Other teachers teaches his /her subject,6,NA,1,2 3 4 7,0,1,1,1,0,0,1,0,0,0,NA,4,NA,1 2 4,1,1,0,1,0,0,NA,2,NA,2,NA,1,NA,2,NA,2,None,4,4,4,4,4,4,4,5,NA,7,1 2,1,1,0,0,0,0,0,0,NA,5,NA,6,NA,97,None,5,5,5,5,5,5,5,2,4 5 6,0,0,0,1,1,1,0,NA,2,NA,4,2,1 3,1,0,1,0,0,0,0,NA,1,1,1,1,1,0,0,0,NA,1,Teachers,4,4,3,4,4,4,4,3,3,1,1,1,3,4,1,3,4,1,4,1,3,3,3,3,3,3,3,3,3,3,3,2,1,1,3,1,male,4,5,1 2 3 4,1,1,1,1,0,0,NA,3,3,3,3,3,3,3,3,3,3,3,3,1,3,1,2,1,1,1,4,1,1,3,1,1,1,3,4,3,1,2 3 5,0,1,1,0,1,0,0,0,0,NA,27,NA,15439,None,uuid:b7f6f89f-145f-46a0-9fa7-7558b7206058,2512142209,uuid:b7f6f89f-145f-46a0-9fa7-7558b7206058
709225,S0703030442,CENTRAL ETHIOPIA,Kembata,kedida gamela,fulas milinium,Rural,"12/23/2025, 8:49:39 PM","12/23/2025, 12:10:24 PM","12/23/2025, 5:55:50 PM",12/23/2025,f9d6a239f0ca8566,1,HT5201,NA,female,principal,0,0,0,0,NA,NA,1991,2000,2017,2,1,5,NA,1,2017,management,1,0,0,0,NA,5,3,0,0,1,0,0,0,NA,1 2 5,1,1,0,0,1,0,0,0,0,0,NA,0,1,0,0,1,1,1,0,0,NA,5,5,5,5,5,5,5,5,2,NA,3,NA,1,NA,1,1,1 7 8,1,0,0,0,0,0,1,1,0,NA,3,NA,3 4,0,0,1,1,0,0,0,0,0,NA,3,NA,6,NA,5,NA,2 5,0,1,0,0,1,0,0,0,0,0,NA,1,NA,1 6,1,0,0,0,0,1,0,NA,4 5 6,0,0,0,1,1,1,0,NA,6,NA,1,2 4,0,1,0,1,0,0,0,0,0,0,NA,4,NA,1 2 3,1,1,1,0,0,0,NA,2,NA,1,NA,1,NA,1,NA,1,No,4,3,4,4,4,4,4,4,NA,6,1 5,1,0,0,0,1,0,0,0,NA,5,NA,6,NA,4,NA,5,5,4,5,5,5,5,1,3 4,0,0,1,1,0,0,0,NA,2,NA,3,2,4,0,0,0,1,0,0,0,NA,1,2,1,1 2 3,1,1,1,0,NA,0,NA,4,4,4,2,4,4,4,1,4,1,1,1,4,3,3,3,3,1,4,1,2,1,3,3,3,2,1,3,3,1,1,1,1,1,1,1,male,3,1,1 2 3 4,1,1,1,1,0,0,NA,3,3,3,3,3,3,3,1,3,3,3,4,3,4,4,4,4,4,1,4,1,1,2,1,1,3,2,4,2,1,4 5 7,0,0,0,1,1,0,1,0,0,NA,38,NA,16715,No any other challenge,uuid:a1af0884-09c7-4573-8734-b61f15445fcd,2512142209,uuid:a1af0884-09c7-4573-8734-b61f15445fcd
708529,S0703030462,CENTRAL ETHIOPIA,Kembata,adilo zuria,geshgola,Rural,"12/22/2025, 7:01:41 PM","12/22/2025, 10:14:32 AM","12/22/2025, 6:50:22 PM",12/22/2025,f9d6a239f0ca8566,1,HT2902,NA,male,vice_principal,0,1,1,1,1,0,2006,2017,2017,1,1,5,NA,1,2017,management,1,0,0,0,NA,2,3,0,0,1,0,0,0,NA,1 2 4 8,1,1,0,1,0,0,0,1,0,0,NA,1,1,0,0,1,0,0,0,0,NA,5,5,5,5,4,5,5,3,2,NA,4,NA,1,NA,1,1,1 3 7,1,0,1,0,0,0,1,0,0,NA,3,NA,3 4,0,0,1,1,0,0,0,0,0,NA,3,NA,6,NA,4,NA,2 5,0,1,0,0,1,0,0,0,0,0,NA,2,NA,1,1,0,0,0,0,0,0,NA,2 4 5 6,0,1,0,1,1,1,0,NA,6,NA,1,1 2 4,1,1,0,1,0,0,0,0,0,0,NA,4,NA,1 4,1,0,0,1,0,0,NA,2,NA,1,NA,1,NA,1,NA,1,No,4,4,3,3,4,3,4,4,NA,1,1 2,1,1,0,0,0,0,0,0,NA,6,NA,5,NA,8,NA,4,5,3,5,5,5,3,1,3 4 5,0,0,1,1,1,0,0,NA,1,NA,4,1,NA,NA,NA,NA,NA,NA,NA,NA,NA,1,6,1,1 2 3,1,1,1,0,NA,0,NA,3,4,4,4,3,3,4,1,1,1,1,1,4,4,2,2,4,3,4,1,1,3,1,3,3,3,2,3,1,3,1,3,1,1,1,3,male,4,1,1 2 3 4,1,1,1,1,0,0,NA,1,1,3,1,2,2,2,1,3,3,1,4,1,4,4,4,3,4,1,4,1,1,2,1,1,1,3,3,3,4,2 3 4 5 7,0,1,1,1,1,0,1,0,0,NA,36,NA,15490,No any other challenge,uuid:428bc031-971a-48bd-ba97-e39e6baba057,2512142209,uuid:428bc031-971a-48bd-ba97-e39e6baba057
708529,S0703030462,CENTRAL ETHIOPIA,Kembata,adilo zuria,geshgola,Rural,"12/22/2025, 11:27:06 PM","12/22/2025, 11:26:45 AM","12/22/2025, 11:25:41 PM",12/22/2025,402aa563e792bb9b,1,HT2901,NA,female,principal,0,1,1,1,1,0,2002,2017,2017,1,1,5,NA,1,2017,management,1,0,0,0,NA,4,1 3,1,0,1,0,0,0,NA,1 2 3 4 5 6 7 8,1,1,1,1,1,1,1,1,0,0,NA,1,1,0,0,0,1,1,1,0,NA,3,5,5,3,3,3,5,4,2,NA,1,NA,6,NA,1,1,1 7 97,1,0,0,0,0,0,1,0,1,Supporting female students,3,NA,4 5,0,0,0,1,1,0,0,0,0,NA,6,NA,5,NA,8,NA,3 5,0,0,1,0,1,0,0,0,0,0,NA,5,NA,1 6,1,0,0,0,0,1,0,NA,2 4,0,1,0,1,0,0,0,NA,6,NA,1,2 3 4 5 6 7,0,1,1,1,1,1,1,0,0,0,NA,4,NA,1 2,1,1,0,0,0,0,NA,2,NA,2,NA,2,NA,2,NA,2,NA,4,4,4,4,4,4,4,4,NA,6,1 2,1,1,0,0,0,0,0,0,NA,6,NA,5,NA,8,NA,3,3,3,3,4,5,3,1,5,0,0,0,0,1,0,0,NA,1,NA,3,2,1 3 4,1,0,1,1,0,0,0,NA,1,2,1,1,1,0,0,0,NA,0,NA,4,4,4,4,4,4,4,4,4,1,1,1,4,4,3,4,4,3,4,1,4,4,2,3,4,2,2,3,3,2,2,3,1,1,3,3,male,3,5,1 2 3 4,1,1,1,1,0,0,NA,3,3,3,3,3,3,3,3,3,3,3,4,2,4,4,4,3,4,3,3,1,3,3,2,1,1,4,4,3,4,1 6,1,0,0,0,0,1,0,0,0,NA,31,NA,16715,"The community consider the principles eat the school budget, they don't consider school as their resources.",uuid:01dc2970-b8bb-46a6-a75a-a6d1ade524c3,2512142209,uuid:01dc2970-b8bb-46a6-a75a-a6d1ade524c3
709223,S0703031042,CENTRAL ETHIOPIA,Kembata,kedida gamela,dega kedida,Urban,"12/18/2025, 6:06:52 PM","12/18/2025, 10:15:17 AM","12/18/2025, 6:04:47 PM",12/18/2025,f9d6a239f0ca8566,1,HT5102,NA,male,vice_principal,1,0,1,2,2,0,2000,2011,2017,3,1,5,NA,1,2017,management,1,0,0,0,NA,1,3,0,0,1,0,0,0,NA,1 4 5 8,1,0,0,1,1,0,0,1,0,0,NA,0,1,0,0,1,0,0,0,0,NA,4,1,4,4,4,5,3,4,1,NA,2,NA,5,NA,1,1,1 3 7,1,0,1,0,0,0,1,0,0,NA,3,NA,4 8,0,0,0,1,0,0,0,1,0,NA,6,NA,1,NA,8,NA,3 5,0,0,1,0,1,0,0,0,0,0,NA,2,NA,1 4,1,0,0,1,0,0,0,NA,2 5,0,1,0,0,1,0,0,NA,4,NA,1,4 5 8,0,0,0,1,1,0,0,1,0,0,NA,4,NA,1 4,1,0,0,1,0,0,NA,2,NA,1,NA,1,NA,1,NA,1,No,4,1,3,3,4,4,4,4,NA,6,1 2,1,1,0,0,0,0,0,0,NA,6,NA,5,NA,2,NA,5,5,4,4,4,5,5,2,3 4 5,0,0,1,1,1,0,0,NA,1,NA,4,1,NA,NA,NA,NA,NA,NA,NA,NA,NA,1,4,1,1 2 3,1,1,1,0,NA,0,NA,4,4,4,4,3,4,4,4,4,1,1,1,4,3,4,3,3,1,4,1,4,1,1,3,3,3,3,3,1,3,1,2,1,1,1,2,male,3,1,1 2 3 4,1,1,1,1,0,0,NA,1,2,2,1,1,1,1,1,1,1,1,4,3,3,3,4,4,3,1,4,1,1,3,1,3,3,4,1,4,4,1 7 8,1,0,0,0,0,0,1,1,0,NA,32,NA,15380,Social problem happened at that time,uuid:88fe9b12-727b-43aa-83dc-d44ee6f8a80f,2512142209,uuid:88fe9b12-727b-43aa-83dc-d44ee6f8a80f
709223,S0703031042,CENTRAL ETHIOPIA,Kembata,kedida gamela,dega kedida,Urban,"12/18/2025, 6:06:53 PM","12/18/2025, 2:02:31 PM","12/18/2025, 6:05:01 PM",12/18/2025,f9d6a239f0ca8566,1,HT5101,NA,male,principal,0,0,0,2,2,0,1999,2016,2017,2,1,5,NA,1,2017,management,1,0,0,0,NA,2,3,0,0,1,0,0,0,NA,1 2 5 8,1,1,0,0,1,0,0,1,0,0,NA,0,1,1,0,0,0,0,0,0,NA,5,5,5,5,5,5,5,5,2,NA,5,NA,7,NA,1,1,1 3 7,1,0,1,0,0,0,1,0,0,NA,3,NA,3 4,0,0,1,1,0,0,0,0,0,NA,6,NA,1,NA,5,NA,5 8,0,0,0,0,1,0,0,1,0,0,NA,2,NA,1,1,0,0,0,0,0,0,NA,5,0,0,0,0,1,0,0,NA,6,NA,1,1 2 4,1,1,0,1,0,0,0,0,0,0,NA,4,NA,2 4,0,1,0,1,0,0,NA,2,NA,1,NA,1,NA,2,NA,1,No,4,1,4,4,4,4,4,3,NA,6,1 2,1,1,0,0,0,0,0,0,NA,6,NA,5,NA,2,NA,5,5,5,5,5,5,5,1,3 4,0,0,1,1,0,0,0,NA,2,NA,4,1,NA,NA,NA,NA,NA,NA,NA,NA,NA,1,2,1,1 2 3,1,1,1,0,NA,0,NA,4,4,4,4,4,4,4,4,4,1,1,1,4,4,1,4,4,3,4,3,4,1,1,3,3,3,2,3,2,1,1,2,1,1,2,2,male,4,1,1 2 3 4,1,1,1,1,0,0,NA,3,3,3,3,3,3,3,3,3,3,3,4,1,4,4,4,1,1,1,4,1,1,3,1,3,1,4,1,3,1,1 2 3 4 5 6 7,1,1,1,1,1,1,1,0,0,NA,37,NA,16715,In our challenge is fanatical  challenge,uuid:ad21572a-3471-4427-bc2a-6e9279768745,2512142209,uuid:ad21572a-3471-4427-bc2a-6e9279768745
709163,S0703040022,CENTRAL ETHIOPIA,Kembata,kachabira,hobchaka mejmriya,Rural,"12/26/2025, 6:57:55 PM","12/26/2025, 11:57:45 AM","12/26/2025, 6:56:36 PM",12/26/2025,f9d6a239f0ca8566,1,HT4701,NA,male,principal,0,0,0,0,NA,NA,2004,2015,2016,2,1,5,NA,1,2017,management in_service,1,1,0,0,NA,5,2 3,0,1,1,0,0,0,NA,1 4,1,0,0,1,0,0,0,0,0,0,NA,0,1,1,0,1,0,1,0,0,NA,5,4,5,4,5,5,4,5,2,NA,1,NA,5,NA,1,1,1 2 6,1,1,0,0,0,1,0,0,0,NA,3,NA,4 8,0,0,0,1,0,0,0,1,0,NA,3,NA,6,NA,1,NA,2 5,0,1,0,0,1,0,0,0,0,0,NA,1,NA,1,1,0,0,0,0,0,0,NA,2 5 6,0,1,0,0,1,1,0,NA,6,NA,1,4 7,0,0,0,1,0,0,1,0,0,0,NA,4,NA,1 2 4,1,1,0,1,0,0,NA,3,NA,1,NA,1,NA,2,NA,1,No,4,3,3,4,4,4,4,4,NA,6,1 2,1,1,0,0,0,0,0,0,NA,5,NA,6,NA,3,NA,5,5,4,5,5,5,4,1,3 4,0,0,1,1,0,0,0,NA,3,NA,1,2,3,0,0,1,0,0,0,0,NA,1,1,1,1 2 3,1,1,1,0,NA,0,NA,3,4,4,4,4,4,4,3,4,2,1,1,4,4,1,4,4,4,4,1,3,1,1,3,3,2,2,1,2,1,1,1,1,1,2,1,male,4,1,1 2 3 4,1,1,1,1,0,0,NA,3,2,2,3,3,3,3,3,1,3,3,4,1,1,3,4,1,1,1,1,1,1,3,1,4,1,4,3,4,1,1 7,1,0,0,0,0,0,1,0,0,NA,36,NA,15490,No any other challenge,uuid:7bfc9c5c-5df7-4f01-84fe-1bb8c04c2734,2512142209,uuid:7bfc9c5c-5df7-4f01-84fe-1bb8c04c2734
709075,S0703050022,CENTRAL ETHIOPIA,Kembata,haderona tunto,mugunja,Rural,"12/25/2025, 8:06:06 PM","12/25/2025, 11:53:56 AM","12/25/2025, 5:47:51 PM",12/25/2025,f9d6a239f0ca8566,1,HT4201,NA,female,principal,0,0,0,2,2,0,2004,2005,2017,5,1,5,NA,1,2008,management,1,0,0,0,NA,5,3,0,0,1,0,0,0,NA,1 5,1,0,0,0,1,0,0,0,0,0,NA,1,1,1,0,1,0,0,0,0,NA,5,5,5,5,4,4,5,5,2,NA,3,NA,1,NA,1,1,1 7 8,1,0,0,0,0,0,1,1,0,NA,3,NA,3 4,0,0,1,1,0,0,0,0,0,NA,3,NA,6,NA,1,NA,3 5,0,0,1,0,1,0,0,0,0,0,NA,2,NA,1,1,0,0,0,0,0,0,NA,5 6,0,0,0,0,1,1,0,NA,6,NA,1,2 4,0,1,0,1,0,0,0,0,0,0,NA,4,NA,1 2 3 4,1,1,1,1,0,0,NA,2,NA,2,NA,1,NA,1,NA,1,No,3,4,2,3,4,3,4,4,NA,6,1 2 3,1,1,1,0,0,0,0,0,NA,2,NA,6,NA,5,NA,5,5,5,5,5,5,5,2,2 3 4,0,1,1,1,0,0,0,NA,2,NA,2,2,1 4,1,0,0,1,0,0,0,NA,1,1,1,1 2 3,1,1,1,0,NA,0,NA,4,4,4,4,4,4,4,4,3,1,1,1,4,4,1,4,4,1,3,3,4,3,1,3,3,1,2,3,3,1,1,1,1,1,1,2,male,3,1,1 2 3 4,1,1,1,1,0,0,NA,1,2,2,3,3,3,3,3,3,3,3,4,1,3,3,4,1,3,1,4,1,1,2,4,1,1,1,3,3,1,1 2 3 4 5 6 7 8,1,1,1,1,1,1,1,1,0,NA,29,NA,16723,No any other challenge,uuid:1b26aac1-e4f2-4854-b86f-b65f1909d418,2512142209,uuid:1b26aac1-e4f2-4854-b86f-b65f1909d418
709075,S0703050022,CENTRAL ETHIOPIA,Kembata,haderona tunto,mugunja,Rural,"12/25/2025, 9:54:09 PM","12/25/2025, 11:35:24 AM","12/25/2025, 9:48:16 PM",12/25/2025,402aa563e792bb9b,1,HT4202,NA,male,vice_principal,0,1,1,2,2,0,2004,2017,2017,1,1,5,NA,1,2017,management,1,0,0,0,NA,4,3,0,0,1,0,0,0,NA,1 2 4 8,1,1,0,1,0,0,0,1,0,0,NA,0,0,0,0,0,0,1,0,1,NA,5,4,5,5,5,5,5,5,1,NA,2,NA,3,NA,1,1,1 2 7,1,1,0,0,0,0,1,0,0,NA,2,NA,4 5,0,0,0,1,1,0,0,0,0,NA,3,NA,1,NA,6,NA,7 9,0,0,0,0,0,0,1,0,1,0,NA,5,NA,97,0,0,0,0,0,0,1,It depends on students' achievements or their results.,2 6,0,1,0,0,0,1,0,NA,6,NA,1,1 3 4,1,0,1,1,0,0,0,0,0,0,NA,4,NA,1 3 4,1,0,1,1,0,0,NA,2,NA,3,NA,2,NA,2,NA,3,NA,3,4,3,4,3,4,4,4,NA,1,1 2 3,1,1,1,0,0,0,0,0,NA,5,NA,6,NA,1,NA,5,5,5,5,5,5,5,1,2 4,0,1,0,1,0,0,0,NA,1,NA,4,1,NA,NA,NA,NA,NA,NA,NA,NA,NA,1,3,0,NA,NA,NA,NA,NA,NA,0,NA,4,4,4,4,4,4,4,3,4,1,1,1,4,4,2,3,4,1,4,1,1,3,1,4,4,2,1,3,1,2,1,2,1,1,2,2,male,3,4,1 2 3 4,1,1,1,1,0,0,NA,1,1,3,3,3,3,3,1,3,3,3,4,3,4,4,4,3,4,1,4,1,1,2,3,1,3,3,4,3,2,4 5,0,0,0,1,1,0,0,0,0,NA,30,NA,15960,"The exam was not inclusive it was focused on only leadership, distance from my family, resources limit with the students' size, community attitude to support the school, their are limited healthy facility due to students faced a big challenges, lack of water at school. Computer facility for preparing reports and laboratory, limited recreational environment.",uuid:bfb05bb6-7971-4a17-b953-4c58810c1621,2512142209,uuid:bfb05bb6-7971-4a17-b953-4c58810c1621
709077,S0703052202,CENTRAL ETHIOPIA,Kembata,haderona tunto,seba,Rural,"12/24/2025, 8:09:59 PM","12/24/2025, 11:48:14 AM","12/24/2025, 4:44:45 PM",12/24/2025,f9d6a239f0ca8566,1,HT4301,NA,male,principal,0,0,0,0,NA,NA,2003,2010,2017,3,1,5,NA,1,2013,in_service,0,1,0,0,NA,5,3,0,0,1,0,0,0,NA,1 3,1,0,1,0,0,0,0,0,0,0,NA,0,1,0,0,0,0,0,0,0,NA,5,4,5,5,4,5,5,2,1,NA,4,NA,3,NA,1,1,1 7,1,0,0,0,0,0,1,0,0,NA,3,NA,4 8,0,0,0,1,0,0,0,1,0,NA,6,NA,3,NA,1,NA,1,1,0,0,0,0,0,0,0,0,0,NA,2,NA,1 2 3 4,1,1,1,1,0,0,0,NA,2 5,0,1,0,0,1,0,0,NA,6,NA,1,4 8,0,0,0,1,0,0,0,1,0,0,NA,4,NA,1 3 4,1,0,1,1,0,0,NA,3,NA,2,NA,1,NA,1,NA,1,No,2,3,3,4,4,4,4,4,NA,6,1 2,1,1,0,0,0,0,0,0,NA,5,NA,6,NA,2,NA,5,5,5,4,5,5,5,1,2 3 4,0,1,1,1,0,0,0,NA,1,NA,4,2,1 3,1,0,1,0,0,0,0,NA,1,6,1,1 2 3,1,1,1,0,NA,0,NA,4,4,4,4,4,1,3,4,4,1,1,1,4,3,4,3,4,4,4,3,4,4,3,3,3,2,2,2,1,2,1,2,2,1,1,3,male,3,1,2 3 4,0,1,1,1,0,0,NA,1,1,2,1,1,2,1,1,1,1,1,4,1,1,2,4,3,3,3,4,1,1,2,1,1,1,3,3,3,2,4 7,0,0,0,1,0,0,1,0,0,NA,34,NA,16750,No any other challenge,uuid:3546eb4f-94c5-467c-a5e4-cf227ff7f8e9,2512142209,uuid:3546eb4f-94c5-467c-a5e4-cf227ff7f8e9
709080,S0703053862,CENTRAL ETHIOPIA,Kembata,haderona tunto,shano,Rural,"12/22/2025, 8:30:50 PM","12/22/2025, 11:31:58 AM","12/22/2025, 6:21:20 PM",12/22/2025,13ff9fddb6200dd2,1,HT4401,NA,male,principal,0,0,0,0,NA,NA,2003,2017,2017,1,1,5,NA,1,2017,management in_service mentoring,1,1,1,0,NA,4,3 97,0,0,1,0,0,1,School performance or learning and teaching evaluation result from 30%,1 3 4,1,0,1,1,0,0,0,0,0,0,NA,0,1,0,0,1,0,0,0,0,NA,5,5,5,5,5,5,5,5,2,NA,4,NA,97,None,1,1,1 6 7,1,0,0,0,0,1,1,0,0,NA,3,NA,4 6,0,0,0,1,0,1,0,0,0,NA,3,NA,1,NA,5,NA,9,0,0,0,0,0,0,0,0,1,0,NA,5,NA,1,1,0,0,0,0,0,0,NA,2,0,1,0,0,0,0,0,NA,6,NA,1,2 4 5 7,0,1,0,1,1,0,1,0,0,0,NA,4,NA,1 2 3 4,1,1,1,1,0,0,NA,2,NA,2,NA,1,NA,2,NA,2,None,4,4,4,4,4,4,4,5,NA,6,7,0,0,0,0,0,0,1,0,NA,6,NA,5,NA,8,NA,5,5,4,5,5,5,4,2,3 4 5,0,0,1,1,1,0,0,NA,2,NA,4,2,3 5,0,0,1,0,1,0,0,NA,1,1,0,NA,NA,NA,NA,NA,NA,1,Techers,4,3,3,4,4,4,4,4,4,1,1,1,4,4,1,3,4,1,1,1,3,3,1,3,4,3,3,3,3,3,2,3,1,1,3,2,male,3,5,1 2 3 4,1,1,1,1,0,0,NA,3,3,3,3,3,3,3,1,3,3,3,3,1,3,2,4,2,2,1,4,1,3,2,1,1,1,3,4,3,4,2 3 4 5 6 7,0,1,1,1,1,1,1,0,0,NA,32,NA,16730,None,uuid:4f3acf41-1537-44df-ac91-df9fa1ae1db7,2512142209,uuid:4f3acf41-1537-44df-ac91-df9fa1ae1db7
708919,S0703060262,CENTRAL ETHIOPIA,Kembata,doyogena,lemigewada,Rural,"12/17/2025, 6:28:01 PM","12/17/2025, 12:47:25 PM","12/17/2025, 6:25:06 PM",12/17/2025,f9d6a239f0ca8566,1,HT3201,NA,male,principal,0,0,0,0,NA,NA,2007,2011,2017,2,1,5,NA,1,2015,mentoring,0,0,1,0,NA,5,2 3,0,1,1,0,0,0,NA,1 3 4 8,1,0,1,1,0,0,0,1,0,0,NA,0,1,0,0,0,0,0,0,0,NA,5,4,5,5,4,5,5,5,2,NA,8,NA,4,NA,1,1,1 3 7,1,0,1,0,0,0,1,0,0,NA,3,NA,4 97,0,0,0,1,0,0,0,0,1,Honesty,6,NA,3,NA,1,NA,1 5,1,0,0,0,1,0,0,0,0,0,NA,1,NA,1,1,0,0,0,0,0,0,NA,2 5,0,1,0,0,1,0,0,NA,6,NA,1,4 5,0,0,0,1,1,0,0,0,0,0,NA,4,NA,2 4,0,1,0,1,0,0,NA,1,NA,1,NA,1,NA,2,NA,1,No,3,1,3,4,3,3,4,4,NA,6,97,0,0,0,0,0,0,0,1,No,5,NA,2,NA,4,NA,4,5,4,4,4,5,4,1,3 4,0,0,1,1,0,0,0,NA,3,NA,1,2,3,0,0,1,0,0,0,0,NA,1,2,1,1 2 3,1,1,1,0,NA,0,NA,3,3,3,4,4,4,4,3,3,4,1,1,4,3,3,3,3,1,3,1,1,1,3,3,3,1,1,3,1,1,1,1,1,1,1,2,male,3,1,1 2 3 4,1,1,1,1,0,0,NA,1,1,2,1,1,3,3,1,3,3,2,4,3,3,3,3,4,3,3,4,1,1,3,1,3,3,3,4,2,1,1 2 4 5,1,1,0,1,1,0,0,0,0,NA,31,NA,15400,Financial  challenge less interest of for education students and socite,uuid:a6a976f8-f3e7-4834-b54e-62146c476d28,2512142209,uuid:a6a976f8-f3e7-4834-b54e-62146c476d28
708785,S0703070132,CENTRAL ETHIOPIA,Kembata,damboya,hamancho,Rural,"12/19/2025, 8:51:24 PM","12/19/2025, 12:48:19 PM","12/19/2025, 8:50:09 PM",12/19/2025,402aa563e792bb9b,1,HT3201,NA,female,principal,0,1,1,1,1,0,1997,2002,2017,5,1,5,NA,1,2017,in_service,0,1,0,0,NA,2,1 2 3,1,1,1,0,0,0,NA,1 2 3 4 8,1,1,1,1,0,0,0,1,0,0,NA,1,1,1,1,1,1,0,0,0,NA,5,5,5,5,5,5,5,5,2,NA,3,NA,1,NA,1,1,1 2 8,1,1,0,0,0,0,0,1,0,NA,3,NA,5 8,0,0,0,0,1,0,0,1,0,NA,1,NA,3,NA,4,NA,5,0,0,0,0,1,0,0,0,0,0,NA,5,NA,1,1,0,0,0,0,0,0,NA,2 6,0,1,0,0,0,1,0,NA,6,NA,1,1 2 3 4 5 6 7 8,1,1,1,1,1,1,1,1,0,0,NA,4,NA,1 2 4,1,1,0,1,0,0,NA,2,NA,2,NA,2,NA,2,NA,2,No,4,4,4,4,4,4,4,4,NA,7,1 2 3,1,1,1,0,0,0,0,0,NA,5,NA,10,NA,8,NA,5,5,4,5,5,5,4,1,2 4 6,0,1,0,1,0,1,0,NA,1,NA,3,2,3 4 6,0,0,1,1,0,1,0,NA,1,1,1,1,1,0,0,0,NA,0,NA,4,3,3,4,4,3,3,3,3,1,1,1,3,3,3,3,4,1,4,1,4,3,3,3,4,2,3,3,3,2,1,2,2,1,2,3,male,3,5,1 2 3 4,1,1,1,1,0,0,NA,3,3,3,3,2,3,3,1,3,3,3,4,3,4,4,4,3,3,1,4,1,1,2,1,1,3,1,3,3,1,1 5,1,0,0,0,1,0,0,0,0,NA,32,NA,16375,NA,uuid:6391c66c-47c1-46ad-91e5-d430410cfad0,2512142209,uuid:6391c66c-47c1-46ad-91e5-d430410cfad0
708785,S0703070132,CENTRAL ETHIOPIA,Kembata,damboya,hamancho,Rural,"12/20/2025, 7:20:49 AM","12/19/2025, 1:06:15 PM","12/19/2025, 5:51:43 PM",12/19/2025,f9d6a239f0ca8566,1,Ht3202,NA,male,vice_principal,0,1,1,1,1,0,2006,2017,2017,1,6,5,NA,0,NA,NA,NA,NA,NA,NA,NA,999,4,0,0,0,1,0,0,NA,9,0,0,0,0,0,0,0,0,1,0,NA,1,1,0,0,0,0,0,0,0,NA,5,5,4,4,5,5,5,5,1,NA,2,NA,8,NA,1,1,1 7,1,0,0,0,0,0,1,0,0,NA,3,NA,4 97,0,0,0,1,0,0,0,0,1,Honesty,3,NA,6,NA,1,NA,2 9,0,1,0,0,0,0,0,0,1,0,NA,2,NA,1,1,0,0,0,0,0,0,NA,2 6,0,1,0,0,0,1,0,NA,6,NA,1,97,0,0,0,0,0,0,0,0,0,1,I Don't know,4,NA,1 2 4,1,1,0,1,0,0,NA,2,NA,2,NA,1,NA,1,NA,1,No,4,4,4,4,4,4,4,4,NA,6,1 2,1,1,0,0,0,0,0,0,NA,5,NA,6,NA,8,NA,5,5,4,5,5,5,5,1,3 4 5,0,0,1,1,1,0,0,NA,1,NA,4,2,2 4,0,1,0,1,0,0,0,NA,1,2,1,1 2 3,1,1,1,0,NA,0,NA,4,3,4,4,4,4,4,3,4,1,1,1,4,2,4,4,4,3,4,1,4,1,1,3,3,2,2,3,3,2,3,2,1,1,1,3,female,3,5,1 2 3 4,1,1,1,1,0,0,NA,3,3,3,3,3,3,3,3,3,3,3,4,1,4,4,4,1,1,1,1,1,1,3,1,1,1,4,1,4,2,1 3 4 5 6 7,1,0,1,1,1,1,1,0,0,NA,35,NA,12391,No any other challenge,uuid:3aa3f165-3203-44a0-839d-7cc3cba46e9f,2512142209,uuid:3aa3f165-3203-44a0-839d-7cc3cba46e9f
708968,s0703080022,CENTRAL ETHIOPIA,Kembata,durame town ad.,durame no.1,Urban,"12/18/2025, 5:46:18 PM","12/18/2025, 10:13:33 AM","12/18/2025, 5:32:05 PM",12/18/2025,15aee2f9fc7423e8,1,HT3402,NA,male,vice_principal,0,1,1,2,2,0,2002,2016,2017,2,1,5,NA,0,NA,NA,NA,NA,NA,NA,NA,5,2 3,0,1,1,0,0,0,NA,4,0,0,0,1,0,0,0,0,0,0,NA,0,1,0,0,0,1,0,0,0,NA,5,5,5,5,5,5,5,5,2,NA,6,NA,7,NA,1,1,1 7 8,1,0,0,0,0,0,1,1,0,NA,3,NA,4 6,0,0,0,1,0,1,0,0,0,NA,1,NA,3,NA,7,NA,3,0,0,1,0,0,0,0,0,0,0,NA,2,NA,1,1,0,0,0,0,0,0,NA,5,0,0,0,0,1,0,0,NA,6,NA,1,1 2 3 4 7,1,1,1,1,0,0,1,0,0,0,NA,3,NA,NA,NA,NA,NA,NA,NA,NA,NA,1,NA,2,NA,1,NA,1,NA,1,No,4,3,4,3,4,4,4,5,NA,3,2,0,1,0,0,0,0,0,0,NA,5,NA,3,NA,6,NA,5,5,5,5,5,3,5,1,2,0,1,0,0,0,0,0,NA,1,NA,3,2,6 97,0,0,0,0,0,1,1,For additional support interms of economical aid  gives from NGO on behlaf/beside of school,1,1,1,1,1,0,0,0,NA,0,NA,4,3,3,4,4,4,4,1,3,3,1,1,4,4,1,4,4,3,4,1,4,4,4,4,4,2,2,3,1,1,2,3,1,1,3,1,male,3,4,1 3,1,0,1,0,0,0,NA,3,2,3,3,2,2,3,2,3,3,3,4,1,4,4,4,1,1,1,4,1,1,3,1,4,3,3,4,3,1,5,0,0,0,0,1,0,0,0,0,NA,40,NA,15485,No,uuid:d186079a-60f3-4e24-99ce-ffc301decca5,2512142209,uuid:d186079a-60f3-4e24-99ce-ffc301decca5
708968,s0703080022,CENTRAL ETHIOPIA,Kembata,durame town ad.,durame no.1,Urban,"12/18/2025, 7:58:41 PM","12/18/2025, 9:28:01 AM","12/18/2025, 6:10:27 PM",12/18/2025,13ff9fddb6200dd2,1,Ht3401,NA,female,principal,0,0,0,2,2,0,2008,2010,2017,2,1,5,NA,1,2017,management in_service mentoring,1,1,1,0,NA,3,3,0,0,1,0,0,0,NA,6,0,0,0,0,0,1,0,0,0,0,NA,0,0,0,0,0,0,0,0,0,NA,5,5,5,5,5,5,5,5,4,NA,2,NA,8,NA,1,1,2 6 8,0,1,0,0,0,1,0,1,0,NA,2,NA,3 4,0,0,1,1,0,0,0,0,0,NA,3,NA,4,NA,6,NA,2 5,0,1,0,0,1,0,0,0,0,0,NA,2,NA,1,1,0,0,0,0,0,0,NA,2 6 97,0,1,0,0,0,1,1,Other techers teaches his or her own subjet,4,NA,1,3 4 7,0,0,1,1,0,0,1,0,0,0,NA,4,NA,1 2 4,1,1,0,1,0,0,NA,2,NA,2,NA,2,NA,2,NA,1,None,4,3,3,4,4,3,4,5,NA,3,1 2,1,1,0,0,0,0,0,0,NA,2,NA,5,NA,6,NA,5,5,4,5,5,5,5,2,3 4 5 6,0,0,1,1,1,1,0,NA,2,NA,3,2,3 6,0,0,1,0,0,1,0,NA,0,NA,0,NA,NA,NA,NA,NA,NA,1,Teachers,4,3,3,4,4,4,4,2,3,1,1,1,3,4,1,3,4,3,4,1,4,3,2,3,3,3,3,3,3,3,3,3,3,1,3,2,male,4,3,1 2 3 4,1,1,1,1,0,0,NA,3,3,2,2,2,2,2,3,3,3,3,2,1,3,4,4,1,1,1,4,1,1,3,1,1,1,4,3,3,2,5,0,0,0,0,1,0,0,0,0,NA,33,NA,16710,None,uuid:6a23fe16-acde-437a-81e9-70287b35ac35,2512142209,uuid:6a23fe16-acde-437a-81e9-70287b35ac35
703668,S0705020232,SOUTH ETHIOPIA,Gedeo,yirgachefe woreda,chelba,Rural,"12/4/2025, 9:42:27 PM","12/4/2025, 10:09:53 AM","12/4/2025, 8:42:58 PM",12/4/2025,70e4adbae02adb29,1,HT28202,NA,male,vice_principal,0,1,1,1,1,0,2008,2017,2017,1,4,5,NA,0,NA,NA,NA,NA,NA,NA,NA,5,4,0,0,0,1,0,0,NA,3 5,0,0,1,0,1,0,0,0,0,0,NA,0,1,0,0,1,0,1,0,0,NA,5,5,5,5,5,5,5,2,2,NA,5,NA,6,NA,1,1,2 7,0,1,0,0,0,0,1,0,0,NA,3,NA,4 6,0,0,0,1,0,1,0,0,0,NA,1,NA,6,NA,5,NA,8,0,0,0,0,0,0,0,1,0,0,NA,5,NA,1,1,0,0,0,0,0,0,NA,5 6,0,0,0,0,1,1,0,NA,6,NA,1,1 3 4,1,0,1,1,0,0,0,0,0,0,NA,3,NA,NA,NA,NA,NA,NA,NA,NA,NA,3,NA,3,NA,2,NA,2,NA,3,No,4,4,3,4,3,3,4,3,NA,5,1,1,0,0,0,0,0,0,0,NA,5,NA,4,NA,8,NA,5,4,4,5,5,4,5,1,4,0,0,0,1,0,0,0,NA,2,NA,2,1,NA,NA,NA,NA,NA,NA,NA,NA,NA,0,NA,0,NA,NA,NA,NA,NA,NA,0,NA,3,3,3,4,3,3,4,3,4,2,1,1,4,3,4,3,4,3,3,3,3,3,4,3,3,2,2,3,2,2,1,2,1,1,2,2,male,3,1,3 4,0,0,1,1,0,0,NA,3,2,2,1,1,3,3,3,3,3,3,3,3,3,3,3,4,4,1,4,4,4,3,1,4,3,3,4,3,1,2 4,0,1,0,1,0,0,0,0,0,NA,33,NA,12308,No,uuid:07031c74-2b55-4fad-a8ef-6f81b74531f4,2512031459,uuid:07031c74-2b55-4fad-a8ef-6f81b74531f4
703668,S0705020232,SOUTH ETHIOPIA,Gedeo,yirgachefe woreda,chelba,Rural,"12/4/2025, 9:42:28 PM","12/4/2025, 9:23:26 AM","12/4/2025, 9:38:07 PM",12/4/2025,70e4adbae02adb29,1,HT28201,NA,female,principal,0,0,0,1,1,0,2001,2013,2013,2,1,5,NA,1,2014,management in_service mentoring,1,1,1,0,NA,4,1,1,0,0,0,0,0,NA,1 3,1,0,1,0,0,0,0,0,0,0,NA,0,1,0,1,0,0,1,0,0,NA,5,4,5,5,4,4,4,4,2,NA,7,NA,4,NA,1,1,1 3 7,1,0,1,0,0,0,1,0,0,NA,3,NA,2 4,0,1,0,1,0,0,0,0,0,NA,1,NA,3,NA,5,NA,8,0,0,0,0,0,0,0,1,0,0,NA,5,NA,1 2,1,1,0,0,0,0,0,NA,6,0,0,0,0,0,1,0,NA,6,NA,1,1 3,1,0,1,0,0,0,0,0,0,0,NA,3,NA,NA,NA,NA,NA,NA,NA,NA,NA,3,NA,2,NA,2,NA,2,NA,3,No,4,3,3,4,4,4,4,4,NA,1,2,0,1,0,0,0,0,0,0,NA,5,NA,8,NA,3,NA,5,5,3,5,5,4,4,1,4,0,0,0,1,0,0,0,NA,3,NA,2,1,NA,NA,NA,NA,NA,NA,NA,NA,NA,1,2,1,1 3,1,0,1,0,NA,0,NA,4,4,4,4,4,4,4,4,3,1,1,1,4,4,2,4,4,3,3,3,3,3,1,3,4,2,2,3,2,2,2,3,2,2,3,2,male,4,3,4,0,0,0,1,0,0,NA,1,2,3,3,1,3,3,3,3,1,3,4,1,4,4,3,4,3,1,3,2,2,3,3,2,2,3,3,4,1,5 7,0,0,0,0,1,0,1,0,0,NA,36,NA,13148,No,uuid:1b4d1ff5-0d4d-4f04-8e44-5be86c2b9c80,2512031459,uuid:1b4d1ff5-0d4d-4f04-8e44-5be86c2b9c80
703677,S0705024452,SOUTH ETHIOPIA,Gedeo,yirgachefe woreda,gerse,Rural,"12/8/2025, 10:28:36 PM","12/8/2025, 9:24:29 AM","12/8/2025, 9:27:00 PM",12/8/2025,70e4adbae02adb29,1,H28301,NA,male,principal,0,0,0,1,1,0,2000,2011,2014,2,1,5,NA,1,2017,in_service,0,1,0,0,NA,4,1,1,0,0,0,0,0,NA,1 2 3,1,1,1,0,0,0,0,0,0,0,NA,1,1,1,1,0,1,1,0,0,NA,5,5,5,4,5,5,4,4,2,NA,4,NA,7,NA,1,1,2 4 7,0,1,0,1,0,0,1,0,0,NA,2,NA,2 4,0,1,0,1,0,0,0,0,0,NA,2,NA,4,NA,1,NA,5,0,0,0,0,1,0,0,0,0,0,NA,2,NA,1,1,0,0,0,0,0,0,NA,3 5,0,0,1,0,1,0,0,NA,6,NA,1,3 4,0,0,1,1,0,0,0,0,0,0,NA,4,NA,1,1,0,0,0,0,0,NA,3,NA,1,NA,2,NA,2,NA,1,No,4,4,3,4,4,3,4,4,NA,1,6,0,0,0,0,0,1,0,0,NA,6,NA,4,NA,8,NA,5,5,2,4,5,5,4,1,2 4,0,1,0,1,0,0,0,NA,3,NA,3,2,2 4,0,1,0,1,0,0,0,NA,1,1,1,1,1,0,0,0,NA,0,NA,4,3,4,4,4,4,4,4,4,2,2,2,4,3,4,4,4,4,4,4,4,4,3,4,3,1,1,1,1,1,1,1,1,1,1,2,male,4,3,2,0,1,0,0,0,0,NA,3,1,1,3,3,3,3,2,1,1,3,4,3,4,4,3,4,4,1,3,4,4,2,3,3,3,4,4,4,1,1 2 3 4 5 6 7 8,1,1,1,1,1,1,1,1,0,NA,40,NA,15000,No,uuid:80674be5-30e2-476d-a0bd-7073a15fe320,2512031638,uuid:80674be5-30e2-476d-a0bd-7073a15fe320
703677,S0705024452,SOUTH ETHIOPIA,Gedeo,yirgachefe woreda,gerse,Rural,"12/10/2025, 9:17:49 PM","12/9/2025, 11:54:43 AM","12/9/2025, 10:22:44 PM",12/9/2025,70e4adbae02adb29,1,HT28302,NA,male,vice_principal,0,0,0,1,1,0,2002,2010,2010,1,1,5,NA,0,NA,NA,NA,NA,NA,NA,NA,5,4,0,0,0,1,0,0,NA,1 2,1,1,0,0,0,0,0,0,0,0,NA,0,1,0,0,0,0,0,0,0,NA,5,5,5,5,5,5,5,5,2,NA,1,NA,7,NA,1,1,2 3 6,0,1,1,0,0,1,0,0,0,NA,2,NA,4 6,0,0,0,1,0,1,0,0,0,NA,1,NA,6,NA,4,NA,8,0,0,0,0,0,0,0,1,0,0,NA,2,NA,1,1,0,0,0,0,0,0,NA,2,0,1,0,0,0,0,0,NA,5,NA,1,1 3 4,1,0,1,1,0,0,0,0,0,0,NA,4,NA,1,1,0,0,0,0,0,NA,2,NA,1,NA,2,NA,2,NA,2,No,4,4,4,4,4,4,4,4,NA,5,1 2,1,1,0,0,0,0,0,0,NA,3,NA,8,NA,1,NA,5,5,5,5,5,5,5,1,2 4,0,1,0,1,0,0,0,NA,3,NA,3,2,1,1,0,0,0,0,0,0,NA,1,1,1,2,0,1,0,0,NA,0,NA,4,4,4,4,4,4,4,4,4,1,1,1,4,4,4,4,4,4,4,1,3,4,4,3,4,3,3,3,1,3,1,3,3,3,1,1,male,4,4,1 4,1,0,0,1,0,0,NA,3,3,3,3,3,3,3,3,3,3,3,4,1,4,4,4,4,3,1,4,3,4,2,2,1,1,3,4,4,4,5 7,0,0,0,0,1,0,1,0,0,NA,34,NA,15000,No,uuid:5eaa5690-44c9-43f5-85ae-55a3e72becb1,2512031638,uuid:5eaa5690-44c9-43f5-85ae-55a3e72becb1
703416,S070503008,SOUTH ETHIOPIA,Gedeo,kochere,ononicho,Rural,"12/10/2025, 9:17:50 PM","12/10/2025, 11:32:30 AM","12/10/2025, 8:50:10 PM",12/10/2025,70e4adbae02adb29,1,HT27501,NA,male,principal,0,0,0,1,1,0,2008,2013,2015,2,1,5,NA,0,NA,NA,NA,NA,NA,NA,NA,5,1,1,0,0,0,0,0,NA,1 2 3,1,1,1,0,0,0,0,0,0,0,NA,0,1,1,1,0,1,0,0,0,NA,5,4,5,5,4,5,4,2,2,NA,1,NA,7,NA,1,1,2 7 8,0,1,0,0,0,0,1,1,0,NA,3,NA,1 4,1,0,0,1,0,0,0,0,0,NA,1,NA,3,NA,8,NA,5 6,0,0,0,0,1,1,0,0,0,0,NA,2,NA,1,1,0,0,0,0,0,0,NA,3 5,0,0,1,0,1,0,0,NA,4,NA,1,3 4 5,0,0,1,1,1,0,0,0,0,0,NA,4,NA,4,0,0,0,1,0,0,NA,3,NA,2,NA,3,NA,2,NA,2,No,4,3,3,3,3,4,4,5,NA,5,2,0,1,0,0,0,0,0,0,NA,6,NA,8,NA,2,NA,5,5,2,4,5,5,5,1,2 4 5,0,1,0,1,1,0,0,NA,3,NA,3,2,1,1,0,0,0,0,0,0,NA,1,1,1,2 3,0,1,1,0,NA,0,NA,4,2,4,4,4,4,3,3,4,1,1,1,3,4,3,4,4,3,4,1,4,4,3,3,4,1,2,3,1,1,2,1,1,1,3,2,male,3,4,4,0,0,0,1,0,0,NA,1,3,2,1,1,3,3,3,1,1,3,4,2,3,4,4,3,3,1,3,3,3,2,2,4,2,4,4,4,1,5 6,0,0,0,0,1,1,0,0,0,NA,32,NA,16000,No,uuid:aefebc15-816a-4ea1-a74a-425a15694c9a,2512031638,uuid:aefebc15-816a-4ea1-a74a-425a15694c9a
703416,S070503008,SOUTH ETHIOPIA,Gedeo,kochere,ononicho,Rural,"12/10/2025, 9:17:50 PM","12/10/2025, 2:50:27 PM","12/10/2025, 9:03:51 PM",12/10/2025,70e4adbae02adb29,1,HT27502,NA,male,vice_principal,1,0,1,1,1,0,2006,2015,2017,2,1,5,NA,0,NA,NA,NA,NA,NA,NA,NA,5,1,1,0,0,0,0,0,NA,1 2,1,1,0,0,0,0,0,0,0,0,NA,0,1,1,1,1,1,1,0,0,NA,5,5,5,5,5,5,4,5,2,NA,5,NA,4,NA,1,1,2 4 7,0,1,0,1,0,0,1,0,0,NA,3,NA,1 4,1,0,0,1,0,0,0,0,0,NA,1,NA,5,NA,7,NA,6 8,0,0,0,0,0,1,0,1,0,0,NA,2,NA,1,1,0,0,0,0,0,0,NA,3,0,0,1,0,0,0,0,NA,4,NA,1,3 4 5,0,0,1,1,1,0,0,0,0,0,NA,4,NA,1 2,1,1,0,0,0,0,NA,2,NA,3,NA,1,NA,1,NA,1,No,4,3,4,4,4,4,4,5,NA,1,1 4,1,0,0,1,0,0,0,0,NA,5,NA,6,NA,8,NA,5,5,5,5,5,5,2,1,2 4,0,1,0,1,0,0,0,NA,3,NA,2,1,NA,NA,NA,NA,NA,NA,NA,NA,NA,1,3,1,3,0,0,1,0,NA,0,NA,4,1,4,4,4,4,4,3,4,1,1,1,3,4,3,4,3,2,3,1,4,4,2,3,4,2,3,3,1,1,1,1,1,1,2,2,male,3,4,4,0,0,0,1,0,0,NA,3,3,3,3,3,3,3,3,3,3,3,4,3,4,4,3,3,4,1,4,4,1,3,3,2,2,4,4,4,1,1 2 3 4 5 6 7,1,1,1,1,1,1,1,0,0,NA,33,NA,15000,No,uuid:43c1ac05-b23e-4f01-b5f9-3829e3bd16de,2512031638,uuid:43c1ac05-b23e-4f01-b5f9-3829e3bd16de
703407,S0705030282,SOUTH ETHIOPIA,Gedeo,kochere,derartu,Rural,"12/13/2025, 7:36:28 PM","12/12/2025, 10:42:21 AM","12/13/2025, 6:30:52 PM",12/12/2025,70e4adbae02adb29,1,HT27401,NA,male,principal,0,0,0,0,NA,NA,2000,2007,2016,3,1,5,NA,0,NA,NA,NA,NA,NA,NA,NA,4,1 2 3,1,1,1,0,0,0,NA,1 2 3,1,1,1,0,0,0,0,0,0,0,NA,0,1,1,1,1,0,1,0,0,NA,5,4,5,5,5,5,5,5,2,NA,1,NA,4,NA,1,1,2 6 7,0,1,0,0,0,1,1,0,0,NA,3,NA,1 4,1,0,0,1,0,0,0,0,0,NA,1,NA,3,NA,5,NA,5,0,0,0,0,1,0,0,0,0,0,NA,1,NA,1,1,0,0,0,0,0,0,NA,2 3,0,1,1,0,0,0,0,NA,4,NA,1,2 3 4,0,1,1,1,0,0,0,0,0,0,NA,4,NA,1,1,0,0,0,0,0,NA,3,NA,3,NA,3,NA,2,NA,2,No,3,3,3,3,3,3,3,4,NA,1,3,0,0,1,0,0,0,0,0,NA,6,NA,5,NA,2,NA,5,5,5,5,5,5,5,1,4,0,0,0,1,0,0,0,NA,3,NA,3,2,1,1,0,0,0,0,0,0,NA,1,2,1,3,0,0,1,0,NA,0,NA,4,4,3,4,4,3,3,4,4,1,1,1,3,4,2,4,4,4,3,3,3,3,3,3,3,3,3,3,1,1,1,1,1,1,1,2,male,3,4,2 4,0,1,0,1,0,0,NA,3,3,3,1,3,3,3,3,3,3,3,4,1,3,3,3,3,3,4,4,4,4,3,2,2,2,3,4,4,1,5,0,0,0,0,1,0,0,0,0,NA,35,NA,14000,No,uuid:60e23ce4-497a-4ea3-aaca-38882b4bbabc,2512111015,uuid:60e23ce4-497a-4ea3-aaca-38882b4bbabc
703076,S0705040342,SOUTH ETHIOPIA,Gedeo,bule,sefere selame primariy,Urban,"12/19/2025, 6:04:12 AM","12/18/2025, 10:51:31 AM","12/18/2025, 11:50:29 PM",12/18/2025,70e4adbae02adb29,1,HT26101,NA,male,principal,0,0,0,1,1,0,2002,2008,2017,4,1,5,NA,1,2017,management,1,0,0,0,NA,3,1 2 3,1,1,1,0,0,0,NA,1 2 3 4,1,1,1,1,0,0,0,0,0,0,NA,0,0,1,1,1,1,1,0,0,NA,5,5,5,5,5,5,5,4,2,NA,1,NA,4,NA,1,1,1 2 7,1,1,0,0,0,0,1,0,0,NA,3,NA,1 3,1,0,1,0,0,0,0,0,0,NA,1,NA,4,NA,6,NA,3,0,0,1,0,0,0,0,0,0,0,NA,1,NA,1,1,0,0,0,0,0,0,NA,2 3,0,1,1,0,0,0,0,NA,4,NA,1,1 3 5,1,0,1,0,1,0,0,0,0,0,NA,4,NA,1,1,0,0,0,0,0,NA,2,NA,2,NA,1,NA,2,NA,1,No,4,3,3,4,4,4,3,5,NA,1,1,1,0,0,0,0,0,0,0,NA,6,NA,8,NA,5,NA,5,5,4,5,5,5,5,1,4,0,0,0,1,0,0,0,NA,3,NA,2,1,NA,NA,NA,NA,NA,NA,NA,NA,NA,0,NA,0,NA,NA,NA,NA,NA,NA,0,NA,3,3,4,4,3,4,4,3,3,3,1,1,3,4,2,4,4,2,3,3,3,4,1,3,4,1,2,3,1,1,1,2,1,3,2,2,male,3,4,1 3,1,0,1,0,0,0,NA,3,3,3,3,3,3,3,3,3,3,3,3,2,4,4,3,4,3,1,3,4,3,3,3,3,3,4,4,4,1,1 5 7,1,0,0,0,1,0,1,0,0,NA,38,NA,11458,No,uuid:fa8e2026-363c-428a-b068-81b072a64225,2512142209,uuid:fa8e2026-363c-428a-b068-81b072a64225
703076,S0705040342,SOUTH ETHIOPIA,Gedeo,bule,sefere selame primariy,Urban,"12/19/2025, 6:04:13 AM","12/18/2025, 11:38:27 AM","12/19/2025, 12:06:10 AM",12/18/2025,70e4adbae02adb29,1,HT26102,NA,male,vice_principal,1,0,1,1,1,0,2007,2016,2016,3,1,5,NA,0,NA,NA,NA,NA,NA,NA,NA,5,1 2 3,1,1,1,0,0,0,NA,1 2 3,1,1,1,0,0,0,0,0,0,0,NA,0,0,0,0,0,1,0,0,0,NA,5,5,5,5,5,5,4,4,1,NA,5,NA,2,NA,1,1,1 3 7,1,0,1,0,0,0,1,0,0,NA,2,NA,1 8,1,0,0,0,0,0,0,1,0,NA,1,NA,4,NA,6,NA,5,0,0,0,0,1,0,0,0,0,0,NA,2,NA,1,1,0,0,0,0,0,0,NA,2 3,0,1,1,0,0,0,0,NA,6,NA,1,3 4,0,0,1,1,0,0,0,0,0,0,NA,2,NA,NA,NA,NA,NA,NA,NA,NA,NA,3,NA,2,NA,1,NA,1,NA,1,No,3,3,3,4,4,4,4,4,NA,5,2,0,1,0,0,0,0,0,0,NA,6,NA,8,NA,4,NA,5,5,3,5,5,5,4,1,1,1,0,0,0,0,0,0,NA,3,NA,3,1,NA,NA,NA,NA,NA,NA,NA,NA,NA,0,NA,0,NA,NA,NA,NA,NA,NA,0,NA,4,3,3,3,3,4,4,3,3,1,1,1,3,4,2,3,3,1,4,3,4,3,4,3,4,2,3,3,1,1,1,2,2,2,2,3,male,2,3,1 3,1,0,1,0,0,0,NA,1,2,3,1,1,2,2,1,1,1,1,4,3,3,4,4,4,4,1,4,4,4,3,2,2,4,3,3,3,1,2 4 5,0,1,0,1,1,0,0,0,0,NA,32,NA,15000,No,uuid:5f885a9b-37cb-4acb-acca-4c5f6ab3474b,2512142209,uuid:5f885a9b-37cb-4acb-acca-4c5f6ab3474b
703317,S0705060532,SOUTH ETHIOPIA,Gedeo,gedeb,tebisa,Rural,"12/17/2025, 10:34:02 PM","12/17/2025, 9:33:15 AM","12/17/2025, 8:42:46 PM",12/17/2025,70e4adbae02adb29,1,HT26904,NA,male,principal,0,0,0,0,NA,NA,2003,2014,2016,3,1,5,NA,1,2017,mentoring,0,0,1,0,NA,3,1 2 3,1,1,1,0,0,0,NA,1 2 4,1,1,0,1,0,0,0,0,0,0,NA,0,1,1,1,1,1,1,0,0,NA,5,5,5,5,4,5,4,3,1,NA,2,NA,5,NA,1,1,2 3 8,0,1,1,0,0,0,0,1,0,NA,3,NA,1 4,1,0,0,1,0,0,0,0,0,NA,1,NA,3,NA,4,NA,6,0,0,0,0,0,1,0,0,0,0,NA,5,NA,1,1,0,0,0,0,0,0,NA,2 3,0,1,1,0,0,0,0,NA,6,NA,1,3 4,0,0,1,1,0,0,0,0,0,0,NA,4,NA,1 2,1,1,0,0,0,0,NA,2,NA,2,NA,2,NA,2,NA,3,No,4,4,4,4,3,3,4,4,NA,1,4,0,0,0,1,0,0,0,0,NA,5,NA,8,NA,6,NA,5,5,5,5,5,4,4,1,2 4,0,1,0,1,0,0,0,NA,3,NA,2,2,1,1,0,0,0,0,0,0,NA,0,NA,0,NA,NA,NA,NA,NA,NA,0,NA,4,4,4,4,4,4,3,3,3,1,1,1,3,4,3,4,2,3,2,3,2,3,2,3,3,3,3,3,1,1,1,1,1,2,1,4,male,3,5,1 2,1,1,0,0,0,0,NA,3,3,3,3,3,3,3,3,3,3,3,3,4,4,3,4,4,4,1,3,4,3,2,4,4,4,4,4,4,1,1 4 5,1,0,0,1,1,0,0,0,0,NA,43,NA,15000,No,uuid:fed762eb-6387-43df-ad06-c0242e566b63,2512142209,uuid:fed762eb-6387-43df-ad06-c0242e566b63
703195,S0705070212,SOUTH ETHIOPIA,Gedeo,dilla town ad.,dilla primary scool,Urban,"12/24/2025, 8:28:00 AM","12/23/2025, 9:44:16 AM","12/24/2025, 8:25:13 AM",12/23/2025,70e4adbae02adb29,1,HT26701,NA,female,principal,0,0,0,1,1,0,1989,2011,2016,2,1,5,NA,1,2017,mentoring,0,0,1,0,NA,1,1 2 3,1,1,1,0,0,0,NA,1 2 3,1,1,1,0,0,0,0,0,0,0,NA,1,1,0,0,1,0,1,0,0,NA,5,5,5,5,5,5,5,5,2,NA,5,NA,4,NA,1,1,1 2 3,1,1,1,0,0,0,0,0,0,NA,2,NA,4 8,0,0,0,1,0,0,0,1,0,NA,1,NA,4,NA,7,NA,9,0,0,0,0,0,0,0,0,1,0,NA,2,NA,1,1,0,0,0,0,0,0,NA,2 3,0,1,1,0,0,0,0,NA,4,NA,1,1 2 3 4,1,1,1,1,0,0,0,0,0,0,NA,4,NA,4,0,0,0,1,0,0,NA,2,NA,3,NA,2,NA,2,NA,2,No,4,3,4,4,4,4,4,5,NA,1,2,0,1,0,0,0,0,0,0,NA,6,NA,5,NA,8,NA,5,5,5,5,4,5,5,1,4,0,0,0,1,0,0,0,NA,3,NA,2,1,NA,NA,NA,NA,NA,NA,NA,NA,NA,0,NA,0,NA,NA,NA,NA,NA,NA,0,NA,3,3,4,3,3,4,4,4,4,1,1,1,3,3,1,4,3,3,3,3,3,3,3,3,3,3,3,3,2,2,1,1,1,2,2,2,male,3,5,1 2 3,1,1,1,0,0,0,NA,3,3,3,3,3,3,3,3,3,3,3,4,4,4,4,4,4,3,1,4,4,1,3,3,3,3,3,4,4,1,4 5 7,0,0,0,1,1,0,1,0,0,NA,47,NA,16000,No,uuid:3de0aaba-0602-46c3-b4f2-878bc31a7fa3,2512142209,uuid:3de0aaba-0602-46c3-b4f2-878bc31a7fa3
703195,S0705070212,SOUTH ETHIOPIA,Gedeo,dilla town ad.,dilla primary scool,Urban,"12/24/2025, 8:28:01 AM","12/23/2025, 1:49:35 PM","12/24/2025, 8:26:02 AM",12/23/2025,70e4adbae02adb29,1,HT26702,NA,male,vice_principal,0,0,0,1,1,0,2002,2014,2018,2,1,5,NA,1,2017,management,1,0,0,0,NA,4,1 2 3,1,1,1,0,0,0,NA,1 2 3,1,1,1,0,0,0,0,0,0,0,NA,0,1,0,0,1,0,1,0,0,NA,5,5,5,5,5,5,5,3,2,NA,4,NA,6,NA,1,1,1 2 3,1,1,1,0,0,0,0,0,0,NA,3,NA,3 4,0,0,1,1,0,0,0,0,0,NA,1,NA,3,NA,2,NA,3,0,0,1,0,0,0,0,0,0,0,NA,2,NA,1,1,0,0,0,0,0,0,NA,3,0,0,1,0,0,0,0,NA,6,NA,1,1 2 3,1,1,1,0,0,0,0,0,0,0,NA,4,NA,4,0,0,0,1,0,0,NA,3,NA,2,NA,1,NA,1,NA,2,No,4,3,4,3,4,3,3,5,NA,1,2,0,1,0,0,0,0,0,0,NA,6,NA,8,NA,5,NA,5,4,2,4,3,4,4,1,3 4,0,0,1,1,0,0,0,NA,3,NA,2,1,NA,NA,NA,NA,NA,NA,NA,NA,NA,0,NA,0,NA,NA,NA,NA,NA,NA,0,NA,4,4,3,3,3,4,4,4,4,1,1,1,4,4,1,4,4,3,4,3,2,4,1,2,4,3,3,3,3,1,1,2,1,2,3,2,male,3,4,1 2 4,1,1,0,1,0,0,NA,3,1,1,3,3,3,3,1,2,3,3,4,1,4,4,3,3,2,1,3,3,3,3,2,2,3,3,1,2,1,4 5,0,0,0,1,1,0,0,0,0,NA,35,NA,14500,NA,uuid:ad32073d-8a7c-47d8-a7cb-a8df2631de30,2512142209,uuid:ad32073d-8a7c-47d8-a7cb-a8df2631de30
711072,S0706010022,SOUTH ETHIOPIA,Wolayta,boloso sorie,dola,Rural,"12/12/2025, 8:49:06 PM","12/12/2025, 9:05:15 AM","12/12/2025, 8:47:55 PM",12/12/2025,f4f7c86f9b157d85,1,HT26001,NA,female,principal,0,0,0,1,1,0,1996,2001,2008,3,1,5,NA,1,2017,in_service mentoring,0,1,1,0,NA,1,1 2 3,1,1,1,0,0,0,NA,97,0,0,0,0,0,0,0,0,0,1,Update Lemadreg,1,1,0,1,1,0,1,1,0,NA,5,5,5,5,5,5,5,3,1,NA,3,NA,97,None,1,1,1 97,1,0,0,0,0,0,0,0,1,More works on student behaviour,3,NA,4 6,0,0,0,1,0,1,0,0,0,NA,3,NA,1,NA,8,NA,1,1,0,0,0,0,0,0,0,0,0,NA,5,NA,1,1,0,0,0,0,0,0,NA,5,0,0,0,0,1,0,0,NA,6,NA,1,4 8,0,0,0,1,0,0,0,1,0,0,NA,4,NA,1 2 4,1,1,0,1,0,0,NA,4,Third Quarterly,4,Both,1,NA,1,NA,1,None,2,3,3,3,3,3,4,97,Yearly 4 times,6,1 2,1,1,0,0,0,0,0,0,NA,97,Lack of budget,97,Yetemari +family yememare tekuret mekenes,97,None,5,5,3,5,5,5,3,1,5,0,0,0,0,1,0,0,NA,1,NA,3,1,NA,NA,NA,NA,NA,NA,NA,NA,NA,1,6,0,NA,NA,NA,NA,NA,NA,0,NA,4,3,4,4,4,3,4,4,4,2,2,2,4,3,4,4,4,1,4,1,1,3,1,2,4,2,2,2,2,2,2,2,2,2,2,2,male,2,1,3,0,0,1,0,0,0,NA,1,2,2,1,1,2,3,1,1,1,2,4,4,3,4,4,4,4,3,4,1,2,2,4,3,3,3,4,2,1,1 3 5 6 7,1,0,1,0,1,1,1,0,0,NA,38,NA,17504,None,uuid:fd1d6670-2c2a-461e-9917-be4b5500a97b,2512031638,uuid:fd1d6670-2c2a-461e-9917-be4b5500a97b
711072,S0706010022,SOUTH ETHIOPIA,Wolayta,boloso sorie,dola,Rural,"12/13/2025, 5:23:58 PM","12/12/2025, 9:06:25 AM","12/13/2025, 5:21:52 PM",12/12/2025,85f0c2e0bb3e15c4,1,HT26002,NA,male,vice_principal,0,1,1,1,1,0,2001,2006,2017,3,1,5,NA,1,2016,mentoring,0,0,1,0,NA,4,1 2 3,1,1,1,0,0,0,NA,1 2 8,1,1,0,0,0,0,0,1,0,0,NA,0,1,0,0,0,0,0,0,0,NA,5,3,5,5,5,5,5,3,2,NA,1,NA,7,NA,1,1,1 6 8,1,0,0,0,0,1,0,1,0,NA,3,NA,4 6,0,0,0,1,0,1,0,0,0,NA,1,NA,3,NA,7,NA,2 8,0,1,0,0,0,0,0,1,0,0,NA,2,NA,1,1,0,0,0,0,0,0,NA,2 5,0,1,0,0,1,0,0,NA,6,NA,1,3 4,0,0,1,1,0,0,0,0,0,0,NA,97,Asimelash komite ale gudayun leenesu akeribalehu,NA,NA,NA,NA,NA,NA,NA,NA,2,NA,1,NA,1,NA,2,NA,1,None,4,4,4,3,4,4,4,2,NA,7,2,0,1,0,0,0,0,0,0,NA,5,NA,9,NA,4,NA,5,5,5,5,5,5,5,1,3 4 5,0,0,1,1,1,0,0,NA,1,NA,2,2,3,0,0,1,0,0,0,0,NA,1,1,1,2 3,0,1,1,0,NA,0,NA,4,4,4,4,4,3,3,3,4,2,1,1,4,2,4,4,4,4,4,1,4,4,1,3,4,3,3,3,1,1,3,3,1,2,3,1,male,4,5,1 3 4,1,0,1,1,0,0,NA,1,1,2,1,3,2,1,1,1,1,1,4,4,1,3,4,1,3,4,4,1,1,1,1,4,2,4,5,5,2,5,0,0,0,0,1,0,0,0,0,NA,40,NA,15221,None,uuid:f13d83d4-36fe-4f89-933a-c363a8786ce2,2512111015,uuid:f13d83d4-36fe-4f89-933a-c363a8786ce2
711857,S0706040282,SOUTH ETHIOPIA,Wolayta,humbo,kodo kanko,Rural,"12/5/2025, 4:52:09 PM","12/5/2025, 11:19:17 AM","12/5/2025, 4:51:37 PM",12/5/2025,f4f7c86f9b157d85,1,HT28601,NA,male,principal,0,0,0,0,NA,NA,1989,2008,2008,1,1,5,NA,1,2017,other,0,0,0,1,Leadership,2,1 2 3,1,1,1,0,0,0,NA,3 4,0,0,1,1,0,0,0,0,0,0,NA,1,1,0,1,1,1,1,1,0,NA,5,5,5,4,3,5,5,3,2,NA,7,NA,3,NA,1,1,1 2 6,1,1,0,0,0,1,0,0,0,NA,3,NA,1 4,1,0,0,1,0,0,0,0,0,NA,6,NA,1,NA,3,NA,2 4,0,1,0,1,0,0,0,0,0,0,NA,1,NA,1,1,0,0,0,0,0,0,NA,2,0,1,0,0,0,0,0,NA,6,NA,1,4,0,0,0,1,0,0,0,0,0,0,NA,4,NA,1 2 3 4,1,1,1,1,0,0,NA,3,NA,2,NA,2,NA,1,NA,1,None,4,3,3,4,3,4,4,5,NA,2,2,0,1,0,0,0,0,0,0,NA,5,NA,6,NA,2,NA,5,5,4,4,5,5,5,2,3 4,0,0,1,1,0,0,0,NA,1,NA,4,3,1 6,1,0,0,0,0,1,0,NA,1,6,0,NA,NA,NA,NA,NA,NA,0,NA,4,3,3,1,4,3,4,3,4,1,2,1,3,4,4,3,4,4,4,2,1,3,4,3,3,3,3,3,2,2,1,2,2,1,3,2,male,3,6,97,0,0,0,0,1,0,"There's no supervisor,lerasu wekelena tesetotal",3,3,3,1,3,3,3,1,3,3,3,4,3,3,4,4,3,2,1,4,1,1,3,1,1,1,2,3,2,1,1 2 3 4 5 6,1,1,1,1,1,1,0,0,0,NA,41,NA,16422,None,uuid:ae24cd88-b5c4-4562-b112-20af0d30dd88,2512031638,uuid:ae24cd88-b5c4-4562-b112-20af0d30dd88
711847,S0706043662,SOUTH ETHIOPIA,Wolayta,humbo,ampo koysha,Rural,"12/4/2025, 8:09:42 PM","12/4/2025, 11:27:04 AM","12/4/2025, 12:41:25 PM",12/4/2025,f4f7c86f9b157d85,1,HT27101,NA,female,principal,0,1,1,1,1,0,2004,2010,2014,2,1,5,NA,1,2017,in_service,0,1,0,0,NA,2,1 2 3,1,1,1,0,0,0,NA,1 4 8,1,0,0,1,0,0,0,1,0,0,NA,0,0,0,1,0,0,1,0,0,NA,5,4,5,5,4,5,5,3,1,NA,2,NA,3,NA,1,1,2 3 7,0,1,1,0,0,0,1,0,0,NA,3,NA,4 6,0,0,0,1,0,1,0,0,0,NA,1,NA,2,NA,97,None,1 6,1,0,0,0,0,1,0,0,0,0,NA,1,NA,1,1,0,0,0,0,0,0,NA,97,0,0,0,0,0,0,1,Library asgebachewalew,2,NA,1,1 3 4,1,0,1,1,0,0,0,0,0,0,NA,4,NA,1,1,0,0,0,0,0,NA,2,NA,2,NA,1,NA,1,NA,1,None,4,4,3,3,4,3,4,5,NA,1,2 97,0,1,0,0,0,0,0,1,No Budget,5,NA,4,NA,97,Baweru alemekefel Teacher Salary,5,4,3,4,4,4,5,2,4 5 6,0,0,0,1,1,1,0,NA,2,NA,3,2,6,0,0,0,0,0,1,0,NA,1,1,1,1,1,0,0,0,NA,1,None,4,4,4,4,4,3,4,4,3,3,1,1,2,4,4,3,4,1,4,3,1,3,1,3,4,3,3,3,3,2,1,2,2,1,3,3,male,2,1,2 4,0,1,0,1,0,0,NA,1,2,3,1,3,1,3,1,3,3,3,4,1,1,4,1,1,1,1,4,1,1,3,1,1,1,3,1,4,1,1 2 4,1,1,0,1,0,0,0,0,0,NA,35,NA,16270,"Lack of Learning material like handbook,Teacher updates lack of Training,Yetemarieoch yememare felagot manes,ya serategnaw zewewer alemenore",uuid:169df57e-5cae-485b-b8c0-ec634d1a68a7,2512030638,uuid:169df57e-5cae-485b-b8c0-ec634d1a68a7
712174,S0706071342,SOUTH ETHIOPIA,Wolayta,ofa,dawe,Rural,"12/16/2025, 9:08:56 PM","12/16/2025, 11:25:49 AM","12/16/2025, 9:07:35 PM",12/16/2025,13ff9fddb6200dd2,1,Ht39901,NA,male,principal,0,0,0,0,NA,NA,2003,2012,2012,1,1,5,NA,1,2017,in_service,0,1,0,0,NA,1,1 2 3,1,1,1,0,0,0,NA,1 2 3,1,1,1,0,0,0,0,0,0,0,NA,0,1,0,0,0,0,0,0,0,NA,5,5,5,5,4,5,5,5,2,NA,4,NA,97,None,1,1,2 3 7,0,1,1,0,0,0,1,0,0,NA,2,NA,4 6,0,0,0,1,0,1,0,0,0,NA,3,NA,6,NA,1,NA,4 8,0,0,0,1,0,0,0,1,0,0,NA,1,NA,1,1,0,0,0,0,0,0,NA,2 5,0,1,0,0,1,0,0,NA,6,NA,1,4 5 7,0,0,0,1,1,0,1,0,0,0,NA,4,NA,1 2 3 4,1,1,1,1,0,0,NA,2,NA,2,NA,2,NA,2,NA,2,None,4,3,3,4,4,4,4,4,NA,6,5,0,0,0,0,1,0,0,0,NA,6,NA,3,NA,5,NA,5,5,4,5,5,5,4,2,4 6,0,0,0,1,0,1,0,NA,3,NA,4,2,1 3 6,1,0,1,0,0,1,0,NA,1,1,0,NA,NA,NA,NA,NA,NA,1,Teachers,4,3,2,4,4,4,4,3,3,1,1,1,4,2,3,3,3,1,4,1,3,3,1,3,3,3,3,3,3,2,1,3,2,1,3,2,male,3,5,1 2 3 4,1,1,1,1,0,0,NA,3,3,3,3,3,3,3,3,3,3,3,1,1,1,1,1,3,3,1,4,1,1,3,1,1,1,3,3,3,2,1 2 3 4 5 6 7,1,1,1,1,1,1,1,0,0,NA,41,NA,16380,None,uuid:efd212bc-aa26-4e88-be28-c32d8421a814,2512142209,uuid:efd212bc-aa26-4e88-be28-c32d8421a814
710955,S0706081262,SOUTH ETHIOPIA,Wolayta,boloso bombe,dulia matala,Rural,"12/12/2025, 6:06:22 AM","12/11/2025, 11:13:15 AM","12/12/2025, 6:06:03 AM",12/11/2025,85f0c2e0bb3e15c4,1,HT25902,NA,male,vice_principal,1,0,1,1,1,0,2003,2011,2015,3,1,5,NA,1,2015,mentoring,0,0,1,0,NA,4,1 2 3,1,1,1,0,0,0,NA,1 2 5,1,1,0,0,1,0,0,0,0,0,NA,0,1,0,1,1,0,0,0,0,NA,4,4,4,4,5,5,5,1,2,NA,6,NA,7,NA,1,1,1 2 6,1,1,0,0,0,1,0,0,0,NA,3,NA,4 8,0,0,0,1,0,0,0,1,0,NA,1,NA,8,NA,3,NA,6,0,0,0,0,0,1,0,0,0,0,NA,2,NA,1 4,1,0,0,1,0,0,0,NA,5,0,0,0,0,1,0,0,NA,6,NA,1,4 7,0,0,0,1,0,0,1,0,0,0,NA,4,NA,2 4,0,1,0,1,0,0,NA,2,NA,2,NA,1,NA,2,NA,1,None,4,2,3,4,4,3,4,5,NA,5,2,0,1,0,0,0,0,0,0,NA,5,NA,8,NA,2,NA,5,5,5,5,5,5,5,2,4,0,0,0,1,0,0,0,NA,2,NA,2,4,3 4,0,0,1,1,0,0,0,NA,1,1,1,3,0,0,1,0,NA,0,NA,4,4,4,4,4,3,4,4,4,1,1,1,4,3,4,4,4,3,4,3,3,4,1,3,3,1,2,3,1,2,2,2,1,1,1,2,male,4,5,1 3 4,1,0,1,1,0,0,NA,3,1,1,3,3,2,2,3,3,3,1,4,3,4,4,4,3,3,3,4,1,1,3,1,1,3,4,4,4,2,1 2 5,1,1,0,0,1,0,0,0,0,NA,35,NA,15365,None,uuid:4c3f2362-1744-440a-ab29-3ea8b95cfee7,2512031638,uuid:4c3f2362-1744-440a-ab29-3ea8b95cfee7
710955,S0706081262,SOUTH ETHIOPIA,Wolayta,boloso bombe,dulia matala,Rural,"12/12/2025, 6:28:26 AM","12/11/2025, 12:01:20 PM","12/11/2025, 12:59:43 PM",12/11/2025,f4f7c86f9b157d85,1,HT25901,NA,male,principal,0,0,0,1,1,0,2000,2008,2013,2,1,5,NA,1,2017,in_service mentoring,0,1,1,0,NA,1,1 2 3,1,1,1,0,0,0,NA,2 4 5 97,0,1,0,1,1,0,0,0,0,1,Rasen Lemasadeg,0,1,1,1,1,1,1,0,0,NA,5,4,5,5,5,5,5,4,2,NA,1,NA,3,NA,1,1,6 7 8,0,0,0,0,0,1,1,1,0,NA,3,NA,4 6,0,0,0,1,0,1,0,0,0,NA,1,NA,2,NA,8,NA,7 8,0,0,0,0,0,0,1,1,0,0,NA,1,NA,1,1,0,0,0,0,0,0,NA,2 4 5,0,1,0,1,1,0,0,NA,6,NA,1,1 8,1,0,0,0,0,0,0,1,0,0,NA,4,NA,1 2 4,1,1,0,1,0,0,NA,2,NA,2,NA,1,NA,1,NA,1,None,4,3,4,4,4,4,4,5,NA,2,3 4 97,0,0,1,1,0,0,0,1,Lack of personal hygiene,6,NA,97,Lack of Budget,97,Not good school Environment,5,5,5,5,5,5,5,1,2 4 5,0,1,0,1,1,0,0,NA,1,NA,5,2,3 5,0,0,1,0,1,0,0,NA,1,6,0,NA,NA,NA,NA,NA,NA,0,NA,4,4,4,4,4,4,4,4,4,1,1,1,4,3,4,4,4,3,4,1,4,4,4,4,4,2,2,3,1,1,2,2,1,1,3,3,male,3,2,2 3,0,1,1,0,0,0,NA,3,2,2,3,3,2,2,3,3,3,3,4,4,4,4,4,4,4,4,4,1,1,3,1,1,1,5,1,4,1,1 3 4 5 6 7,1,0,1,1,1,1,1,0,0,NA,35,NA,25285,"There's lack of class,Teachers and Principal benefit like Update training,Service",uuid:05cf5f8e-2fe5-4cb0-83d1-f5159c8acc27,2512031638,uuid:05cf5f8e-2fe5-4cb0-83d1-f5159c8acc27
712029,S0706101712,SOUTH ETHIOPIA,Wolayta,kindo didaye,gima,Rural,"12/9/2025, 9:29:22 PM","12/9/2025, 12:20:56 PM","12/9/2025, 8:25:22 PM",12/9/2025,f4f7c86f9b157d85,1,HT27301,NA,male,principal,0,0,0,1,1,0,2007,2010,2016,1,1,5,NA,0,NA,NA,NA,NA,NA,NA,NA,5,1 2 3,1,1,1,0,0,0,NA,1 2 4,1,1,0,1,0,0,0,0,0,0,NA,1,1,0,1,0,1,1,1,0,NA,5,3,5,5,5,5,4,3,1,NA,2,NA,7,NA,1,1,2 6 7,0,1,0,0,0,1,1,0,0,NA,1,NA,1 4,1,0,0,1,0,0,0,0,0,NA,6,NA,1,NA,3,NA,5 8,0,0,0,0,1,0,0,1,0,0,NA,5,NA,1 6,1,0,0,0,0,1,0,NA,2 5,0,1,0,0,1,0,0,NA,6,NA,1,2 7 8 9,0,1,0,0,0,0,1,1,1,0,NA,4,NA,1 2 4,1,1,0,1,0,0,NA,2,NA,4,Every 2 month,2,NA,1,NA,3,None,4,4,3,4,3,3,4,4,NA,2,2 97,0,1,0,0,0,0,0,1,Lack of personal hygiene material,97,Lack of Budget,97,Yatemert bet bota tebet,97,Yememare tesatefo Mekenes,5,5,5,5,5,4,3,1,3 5,0,0,1,0,1,0,0,NA,1,NA,4,2,1 3 6,1,0,1,0,0,1,0,NA,1,6,0,NA,NA,NA,NA,NA,NA,0,NA,4,3,4,4,4,4,4,4,4,1,1,1,4,3,4,3,4,4,4,1,4,2,1,1,4,1,2,3,1,3,1,2,1,1,2,3,male,4,3,2 3 4,0,1,1,1,0,0,NA,1,2,2,1,1,1,2,1,2,1,3,4,3,3,4,4,1,3,4,4,4,3,3,1,1,3,4,1,1,1,1 4 5 97,1,0,0,1,1,0,0,0,1,Update Principal Astedaderawi Tegbarat lay,36,NA,16715,"Yatemeret betu bota tebet(Ersha meret gebi lemasgegnet,There's no Electric power,Temert betu Ater Alemenore..",uuid:409f6a7f-9c98-44d8-9268-e7716194c427,2512031638,uuid:409f6a7f-9c98-44d8-9268-e7716194c427
712029,S0706101712,SOUTH ETHIOPIA,Wolayta,kindo didaye,gima,Rural,"12/10/2025, 7:24:23 AM","12/9/2025, 1:05:17 PM","12/10/2025, 7:19:02 AM",12/9/2025,85f0c2e0bb3e15c4,1,HT27302,NA,male,vice_principal,1,0,1,1,1,0,2002,2014,2016,2,4,5,NA,1,2015,management in_service,1,1,0,0,NA,5,1 2 3,1,1,1,0,0,0,NA,1 2,1,1,0,0,0,0,0,0,0,0,NA,0,1,0,0,0,0,0,0,0,NA,5,5,5,5,5,4,4,5,1,NA,2,NA,7,NA,1,1,1 2 6,1,1,0,0,0,1,0,0,0,NA,3,NA,4 6,0,0,0,1,0,1,0,0,0,NA,1,NA,5,NA,4,NA,7 8,0,0,0,0,0,0,1,1,0,0,NA,2,NA,1,1,0,0,0,0,0,0,NA,5 6,0,0,0,0,1,1,0,NA,6,NA,1,1 3 7,1,0,1,0,0,0,1,0,0,0,NA,3,NA,NA,NA,NA,NA,NA,NA,NA,NA,3,NA,2,NA,1,NA,2,NA,1,None,4,4,3,4,3,3,4,4,NA,3,3,0,0,1,0,0,0,0,0,NA,8,NA,5,NA,2,NA,5,5,5,5,5,5,5,1,3 4,0,0,1,1,0,0,0,NA,2,NA,2,2,3,0,0,1,0,0,0,0,NA,1,2,1,3,0,0,1,0,NA,0,NA,4,4,3,4,4,4,4,3,4,2,1,1,4,4,3,3,4,3,4,3,4,4,1,4,4,2,3,3,3,2,2,2,1,1,3,2,male,4,5,1 3 4,1,0,1,1,0,0,NA,3,3,2,3,1,2,2,1,1,3,1,4,4,4,4,4,2,1,3,4,1,1,3,1,4,3,4,1,4,1,2 5,0,1,0,0,1,0,0,0,0,NA,50,NA,15773,Shortage of students books,uuid:50d81a22-9d28-479b-aaca-44ad5f8136b6,2512031638,uuid:50d81a22-9d28-479b-aaca-44ad5f8136b6
711704,S0706121002,SOUTH ETHIOPIA,Wolayta,duguna fango,fango damot kola,Urban,"12/10/2025, 8:11:02 PM","12/10/2025, 2:20:41 PM","12/10/2025, 8:10:29 PM",12/10/2025,f4f7c86f9b157d85,1,HT26802,NA,male,vice_principal,0,0,0,1,1,0,2007,2017,2017,1,2,5,NA,0,NA,NA,NA,NA,NA,NA,NA,5,5,0,0,0,0,1,0,NA,4 97,0,0,0,1,0,0,0,0,0,1,Ka memhrent kefyale bota mesrat selemefelig,1,1,0,1,1,1,1,0,0,NA,5,5,5,5,5,5,5,3,1,NA,2,NA,5,NA,1,1,7 8 97,0,0,0,0,0,0,1,1,1,"Latemariwoch mechu huneta mefter,ye metet weha  ka leloch derjot gar bemehone lemaserat mefeleg",3,NA,4 6,0,0,0,1,0,1,0,0,0,NA,2,NA,5,NA,8,NA,5 8,0,0,0,0,1,0,0,1,0,0,NA,1,NA,1,1,0,0,0,0,0,0,NA,5,0,0,0,0,1,0,0,NA,6,NA,1,4 8 9,0,0,0,1,0,0,0,1,1,0,NA,4,NA,1 2 4,1,1,0,1,0,0,NA,2,NA,3,NA,2,NA,1,NA,1,None,4,4,4,4,4,4,3,4,NA,6,97,0,0,0,0,0,0,0,1,"There's no material.like pad,water,class",6,NA,5,NA,3,NA,5,5,5,5,5,4,5,1,4,0,0,0,1,0,0,0,NA,3,NA,3,3,6,0,0,0,0,0,1,0,NA,1,6,0,NA,NA,NA,NA,NA,NA,0,NA,4,4,4,4,4,4,4,4,4,1,1,1,4,4,1,4,4,1,4,1,4,1,1,2,4,1,2,3,3,3,3,3,1,1,2,1,male,4,2,2 3,0,1,1,0,0,0,NA,1,2,3,1,1,2,1,1,3,1,3,4,3,3,3,3,4,4,4,4,1,1,2,4,3,3,2,4,1,4,1 2 7,1,1,0,0,0,0,1,0,0,NA,32,NA,23500,"Lack of Budget(There is no Supporting Organization&government),Lack of Teachers,There's no Teacher Toilet,There's no Clean Water(pipe water),Lack of Building class(bad class Environment),There's no Fence.",uuid:55c36e3e-5706-4959-aa19-3f06092865cf,2512031638,uuid:55c36e3e-5706-4959-aa19-3f06092865cf
711704,S0706121002,SOUTH ETHIOPIA,Wolayta,duguna fango,fango damot kola,Urban,"12/11/2025, 7:07:50 AM","12/10/2025, 2:36:07 PM","12/11/2025, 7:07:33 AM",12/10/2025,85f0c2e0bb3e15c4,1,HT26801,NA,female,principal,0,1,1,1,1,0,2004,2011,2015,3,1,5,NA,0,NA,NA,NA,NA,NA,NA,NA,5,1 3,1,0,1,0,0,0,NA,1 2,1,1,0,0,0,0,0,0,0,0,NA,1,1,0,0,1,1,1,0,0,NA,4,4,5,5,5,5,5,1,5,NA,2,NA,6,NA,1,1,1 2 6,1,1,0,0,0,1,0,0,0,NA,3,NA,1 4,1,0,0,1,0,0,0,0,0,NA,5,NA,1,NA,3,NA,2,0,1,0,0,0,0,0,0,0,0,NA,2,NA,1 2,1,1,0,0,0,0,0,NA,2,0,1,0,0,0,0,0,NA,6,NA,1,4,0,0,0,1,0,0,0,0,0,0,NA,3,NA,NA,NA,NA,NA,NA,NA,NA,NA,1,NA,2,NA,1,NA,2,NA,1,None,4,3,3,4,4,4,4,5,NA,3,7,0,0,0,0,0,0,1,0,NA,5,NA,97,ትምህርት ቤት ሳብ አይደለም,97,የአየር ሁኔታ,5,5,4,5,5,5,5,1,2 3 4 6,0,1,1,1,0,1,0,NA,2,NA,3,1,NA,NA,NA,NA,NA,NA,NA,NA,NA,1,1,1,3,0,0,1,0,NA,0,NA,4,3,4,3,4,1,4,3,4,1,1,1,4,3,4,3,4,4,4,3,4,4,1,4,4,2,2,2,2,2,1,2,1,1,2,2,male,3,3,3 4,0,0,1,1,0,0,NA,3,1,1,1,3,2,3,3,3,3,1,4,3,4,4,4,3,3,3,4,1,1,2,4,4,3,3,4,4,1,4,0,0,0,1,0,0,0,0,0,NA,34,NA,16551,None,uuid:fc0e7524-7327-44bf-8a24-ab592aa55d0f,2512031638,uuid:fc0e7524-7327-44bf-8a24-ab592aa55d0f
711940,S0706160192,SOUTH ETHIOPIA,Wolayta,kawo koysha,ome bolola,Rural,"12/8/2025, 7:35:37 PM","12/8/2025, 3:48:54 PM","12/8/2025, 5:00:36 PM",12/8/2025,f4f7c86f9b157d85,1,HT27201,NA,male,principal,0,0,0,1,1,0,2009,2015,2015,1,1,5,NA,1,2016,mentoring,0,0,1,0,NA,4,1 2 3,1,1,1,0,0,0,NA,2 8,0,1,0,0,0,0,0,1,0,0,NA,1,1,0,0,0,1,1,0,0,NA,5,4,5,4,5,5,5,3,2,NA,5,NA,7,NA,1,1,1 6 7,1,0,0,0,0,1,1,0,0,NA,3,NA,4 6,0,0,0,1,0,1,0,0,0,NA,3,NA,5,NA,1,NA,8,0,0,0,0,0,0,0,1,0,0,NA,5,NA,1 2 5,1,1,0,0,1,0,0,NA,5 97,0,0,0,0,1,0,1,Library endigebu yederegal,6,NA,1,2 3 97,0,1,1,0,0,0,0,0,0,1,Tutorial Endisetu,4,NA,1 2 3,1,1,1,0,0,0,NA,3,NA,3,NA,3,NA,1,NA,1,None,4,3,3,4,3,4,4,4,NA,2,1 97,1,0,0,0,0,0,0,1,Gebeat etret ale,97,Lack of Budget& Electric power,3,NA,5,NA,5,5,5,5,5,5,5,1,4 5,0,0,0,1,1,0,0,NA,1,NA,5,2,5 6,0,0,0,0,1,1,0,NA,1,4,0,NA,NA,NA,NA,NA,NA,0,NA,4,4,4,4,4,4,4,4,4,2,1,1,4,4,4,4,4,3,3,1,1,4,1,3,4,2,1,3,1,2,1,2,1,1,3,2,male,3,3,2,0,1,0,0,0,0,NA,1,2,3,2,3,2,2,3,3,3,3,4,1,3,3,4,3,1,1,4,1,1,2,1,1,3,3,3,3,4,2 5 7 97,0,1,0,0,1,0,1,0,1,Ba Computer yetageze Ka Technology gar beteyayaze maklel bichal Training biseten...,31,NA,16547,"There is no Computer Access &Electrical Power,Lack of General Training like Digital,If there is no supporting organization",uuid:caefc3f7-8398-4864-b94a-01a2ace315c4,2512031638,uuid:caefc3f7-8398-4864-b94a-01a2ace315c4
711940,S0706160192,SOUTH ETHIOPIA,Wolayta,kawo koysha,ome bolola,Rural,"12/9/2025, 10:00:25 AM","12/8/2025, 4:53:07 PM","12/9/2025, 9:57:37 AM",12/8/2025,85f0c2e0bb3e15c4,1,HT27202,NA,male,vice_principal,1,0,1,1,1,0,2011,2014,2014,1,3,5,NA,0,NA,NA,NA,NA,NA,NA,NA,5,1,1,0,0,0,0,0,NA,1 2,1,1,0,0,0,0,0,0,0,0,NA,0,1,0,0,1,1,0,0,0,NA,5,4,5,4,4,5,4,5,2,NA,5,NA,97,Church,1,1,1 6 7,1,0,0,0,0,1,1,0,0,NA,3,NA,3 4,0,0,1,1,0,0,0,0,0,NA,1,NA,3,NA,2,NA,4,0,0,0,1,0,0,0,0,0,0,NA,2,NA,1 4,1,0,0,1,0,0,0,NA,5 6,0,0,0,0,1,1,0,NA,6,NA,1,3 4 5 9,0,0,1,1,1,0,0,0,1,0,NA,4,NA,1 2,1,1,0,0,0,0,NA,2,NA,3,NA,1,NA,2,NA,1,None,4,3,3,4,4,4,4,3,NA,5,2,0,1,0,0,0,0,0,0,NA,5,NA,11,NA,8,NA,5,5,4,5,5,3,5,1,3 6,0,0,1,0,0,1,0,NA,2,NA,1,3,3 4,0,0,1,1,0,0,0,NA,1,4,0,NA,NA,NA,NA,NA,NA,0,NA,4,3,4,4,4,4,4,4,4,1,1,1,4,3,4,4,4,1,4,3,4,4,4,3,4,2,3,3,1,3,1,2,1,1,3,2,male,4,3,2 3 4,0,1,1,1,0,0,NA,3,3,2,1,1,3,3,1,3,3,1,4,4,2,3,4,3,4,2,4,4,3,2,3,3,4,1,3,3,1,5 8,0,0,0,0,1,0,0,1,0,NA,28,NA,15559,Electric &road,uuid:eafc663d-f952-41f9-82b4-84c924bb15ee,2512031638,uuid:eafc663d-f952-41f9-82b4-84c924bb15ee
1309032,S0709020042,SWEPR,Kefa,gesha,tiraro selam,Urban,"12/8/2025, 8:34:32 PM","12/8/2025, 3:31:08 PM","12/8/2025, 8:24:04 PM",12/8/2025,7b083c6dbffcaebb,1,HT29401,NA,male,principal,1,0,1,0,NA,NA,2004,2012,2017,4,1,5,NA,0,NA,NA,NA,NA,NA,NA,NA,4,1 2 3,1,1,1,0,0,0,NA,3 8,0,0,1,0,0,0,0,1,0,0,NA,1,1,1,1,1,1,1,0,0,NA,5,5,5,4,5,5,5,5,2,NA,8,NA,4,NA,1,1,7 8,0,0,0,0,0,0,1,1,0,NA,3,NA,2 5,0,1,0,0,1,0,0,0,0,NA,1,NA,3,NA,8,NA,5 9,0,0,0,0,1,0,0,0,1,0,NA,1,NA,1,1,0,0,0,0,0,0,NA,2,0,1,0,0,0,0,0,NA,6,NA,1,3 4,0,0,1,1,0,0,0,0,0,0,NA,4,NA,1 3,1,0,1,0,0,0,NA,2,NA,2,NA,2,NA,2,NA,2,None,4,4,4,4,4,4,4,4,NA,5,2 3,0,1,1,0,0,0,0,0,NA,6,NA,5,NA,2,NA,4,4,4,4,4,4,4,2,2 6,0,1,0,0,0,1,0,NA,2,NA,4,2,4 6,0,0,0,1,0,1,0,NA,1,2,1,1,1,0,0,0,NA,0,NA,4,4,4,4,4,4,4,3,4,1,1,1,4,4,4,4,4,3,4,1,4,4,1,1,4,2,2,3,3,2,2,3,1,1,2,1,male,4,5,1 3 4,1,0,1,1,0,0,NA,1,1,3,3,2,3,3,3,3,3,3,4,3,4,4,4,3,3,1,4,1,1,3,1,1,3,4,4,4,2,5 7,0,0,0,0,1,0,1,0,0,NA,33,NA,16200,No,uuid:1540094c-dc11-4bd0-89a9-f21b0f540770,2512031638,uuid:1540094c-dc11-4bd0-89a9-f21b0f540770
1309027,S0709021692,SWEPR,Kefa,gesha,shakicha,Rural,"12/9/2025, 8:02:58 PM","12/9/2025, 12:38:27 PM","12/9/2025, 8:01:12 PM",12/9/2025,7b083c6dbffcaebb,1,HT29301,NA,male,principal,0,0,0,0,NA,NA,2007,2017,2017,1,1,5,NA,0,NA,NA,NA,NA,NA,NA,NA,5,1 2 3,1,1,1,0,0,0,NA,4,0,0,0,1,0,0,0,0,0,0,NA,0,1,0,0,0,0,0,1,0,NA,5,5,5,5,5,5,4,3,2,NA,7,NA,6,NA,1,1,1 7 8,1,0,0,0,0,0,1,1,0,NA,3,NA,5 7,0,0,0,0,1,0,1,0,0,NA,3,NA,1,NA,6,NA,2 9,0,1,0,0,0,0,0,0,1,0,NA,1,NA,1,1,0,0,0,0,0,0,NA,5,0,0,0,0,1,0,0,NA,6,NA,1,4 9,0,0,0,1,0,0,0,0,1,0,NA,3,NA,NA,NA,NA,NA,NA,NA,NA,NA,2,NA,2,NA,2,NA,2,NA,2,None,4,3,4,4,4,4,4,4,NA,6,2 3,0,1,1,0,0,0,0,0,NA,6,NA,5,NA,2,NA,5,5,5,5,5,4,5,3,3 4,0,0,1,1,0,0,0,NA,1,NA,4,4,3 6,0,0,1,0,0,1,0,NA,1,1,0,NA,NA,NA,NA,NA,NA,0,NA,4,4,3,4,4,4,4,4,4,1,1,3,4,4,1,4,4,1,4,1,4,4,1,1,4,3,3,3,3,3,3,2,1,1,3,2,male,3,4,1 3 4,1,0,1,1,0,0,NA,3,1,2,1,1,2,1,1,2,3,1,4,1,1,3,4,1,1,1,4,1,1,3,1,1,1,3,3,3,2,1 5 8,1,0,0,0,1,0,0,1,0,NA,35,NA,16715,"Lack of Community awareness about education 
Lack of school inputs",uuid:4461ab0f-0fe9-4120-8f72-b7a7fe2fab93,2512031638,uuid:4461ab0f-0fe9-4120-8f72-b7a7fe2fab93
1309336,S0709043712,SWEPR,Kefa,gimbo,kuta,Rural,"12/15/2025, 8:11:50 PM","12/15/2025, 10:22:08 AM","12/15/2025, 7:57:57 PM",12/15/2025,7b083c6dbffcaebb,1,HT29501,NA,male,principal,0,0,0,0,NA,NA,2000,2005,2012,3,1,5,NA,0,NA,NA,NA,NA,NA,NA,NA,5,1 2 3,1,1,1,0,0,0,NA,2,0,1,0,0,0,0,0,0,0,0,NA,1,1,1,1,0,0,1,0,0,NA,5,4,4,4,4,4,5,3,2,NA,1,NA,5,NA,1,1,1 2 97,1,1,0,0,0,0,0,0,1,"Improve students discipline, improve relationship between school and community",3,NA,4 5,0,0,0,1,1,0,0,0,0,NA,3,NA,1,NA,7,NA,2 9,0,1,0,0,0,0,0,0,1,0,NA,5,NA,1,1,0,0,0,0,0,0,NA,6,0,0,0,0,0,1,0,NA,6,NA,1,3 4,0,0,1,1,0,0,0,0,0,0,NA,3,NA,NA,NA,NA,NA,NA,NA,NA,NA,2,NA,2,NA,2,NA,2,NA,1,No,4,3,3,3,4,3,4,4,NA,5,1 3,1,0,1,0,0,0,0,0,NA,8,NA,6,NA,2,NA,5,4,4,4,4,4,4,3,3 6,0,0,1,0,0,1,0,NA,1,NA,4,2,6,0,0,0,0,0,1,0,NA,1,2,0,NA,NA,NA,NA,NA,NA,0,NA,3,3,3,3,3,4,4,4,4,1,1,1,3,3,3,3,3,1,3,3,4,3,1,1,4,3,3,3,2,2,2,2,1,1,2,3,male,2,4,1 2 4,1,1,0,1,0,0,NA,3,3,3,3,3,3,3,3,3,3,3,4,1,1,3,4,3,3,3,4,1,1,2,3,1,1,3,3,3,2,1 7,1,0,0,0,0,0,1,0,0,NA,41,NA,16200,No,uuid:742e007e-ac45-41a6-9378-bbe47e6076d0,2512142209,uuid:742e007e-ac45-41a6-9378-bbe47e6076d0
1308426,S0709053612,SWEPR,Kefa,adyo,kaya,Rural,"12/17/2025, 8:00:48 AM","12/16/2025, 1:29:44 PM","12/17/2025, 8:00:40 AM",12/16/2025,7b083c6dbffcaebb,1,HT28701,NA,male,principal,0,0,0,0,NA,NA,2008,2014,2014,1,1,3,NA,0,NA,NA,NA,NA,NA,NA,NA,3,4,0,0,0,1,0,0,NA,4 8,0,0,0,1,0,0,0,1,0,0,NA,0,0,1,0,1,1,1,0,0,NA,5,5,5,5,5,5,5,5,8,NA,4,NA,2,NA,1,1,3 4 7,0,0,1,1,0,0,1,0,0,NA,3,NA,3 4,0,0,1,1,0,0,0,0,0,NA,1,NA,3,NA,2,NA,8 9,0,0,0,0,0,0,0,1,1,0,NA,1,NA,1,1,0,0,0,0,0,0,NA,6,0,0,0,0,0,1,0,NA,6,NA,1,3 4,0,0,1,1,0,0,0,0,0,0,NA,1,NA,NA,NA,NA,NA,NA,NA,NA,NA,2,NA,2,NA,1,NA,1,NA,1,No,4,4,4,4,4,4,4,4,NA,6,2 3,0,1,1,0,0,0,0,0,NA,6,NA,8,NA,5,NA,5,5,5,5,5,5,5,3,6,0,0,0,0,0,1,0,NA,1,NA,2,1,NA,NA,NA,NA,NA,NA,NA,NA,NA,1,1,0,NA,NA,NA,NA,NA,NA,0,NA,4,3,4,4,4,4,4,3,4,1,1,1,1,4,4,4,4,1,4,3,4,1,4,1,4,3,3,3,2,3,2,2,1,1,3,2,male,3,5,1 2,1,1,0,0,0,0,NA,2,1,1,1,1,2,1,3,3,3,3,4,3,3,3,4,1,1,3,4,3,3,2,1,1,4,4,4,3,2,3 5,0,0,1,0,1,0,0,0,0,NA,28,NA,11059,"Lack of road access, Shortage of classrooms",uuid:ab71f0f4-2915-433a-be4d-89e908a67aa0,2512142209,uuid:ab71f0f4-2915-433a-be4d-89e908a67aa0
1309585,S0709062042,SWEPR,Kefa,tello,hala no 2,Rural,"12/12/2025, 8:45:47 PM","12/12/2025, 10:44:43 AM","12/12/2025, 8:33:07 PM",12/12/2025,7b083c6dbffcaebb,1,HT29801,NA,female,principal,0,0,0,0,NA,NA,2004,2014,2014,1,1,5,NA,0,NA,NA,NA,NA,NA,NA,NA,1,1 2 3,1,1,1,0,0,0,NA,3,0,0,1,0,0,0,0,0,0,0,NA,0,1,0,0,0,0,1,0,0,NA,5,4,4,5,5,5,5,3,2,NA,4,NA,3,NA,1,1,7 8,0,0,0,0,0,0,1,1,0,NA,3,NA,4 5,0,0,0,1,1,0,0,0,0,NA,3,NA,4,NA,2,NA,6,0,0,0,0,0,1,0,0,0,0,NA,5,NA,1,1,0,0,0,0,0,0,NA,6,0,0,0,0,0,1,0,NA,6,NA,1,1 4,1,0,0,1,0,0,0,0,0,0,NA,2,NA,NA,NA,NA,NA,NA,NA,NA,NA,3,NA,2,NA,2,NA,3,NA,1,No,4,4,3,4,3,4,4,4,NA,6,3,0,0,1,0,0,0,0,0,NA,8,NA,4,NA,97,Lack of kebele administration support,4,5,5,4,5,4,5,3,4 6,0,0,0,1,0,1,0,NA,1,NA,3,2,6,0,0,0,0,0,1,0,NA,1,1,0,NA,NA,NA,NA,NA,NA,0,NA,3,3,4,4,3,4,4,3,4,1,1,1,3,1,4,3,4,3,4,3,3,4,3,1,4,3,2,3,1,1,1,2,1,1,3,2,male,3,4,1 2 3,1,1,1,0,0,0,NA,3,3,3,3,3,3,3,1,1,3,3,4,3,3,4,4,3,3,1,4,1,1,3,1,1,1,3,1,4,1,3 6,0,0,1,0,0,1,0,0,0,NA,34,NA,13007,Lack of infrastructure,uuid:f22d3bf7-2f27-4b46-9d35-6ece1704b363,2512111015,uuid:f22d3bf7-2f27-4b46-9d35-6ece1704b363
1308978,S0709080972,SWEPR,Kefa,decha,ufa,Rural,"12/11/2025, 8:32:42 PM","12/11/2025, 11:21:13 AM","12/11/2025, 8:29:14 PM",12/11/2025,7b083c6dbffcaebb,1,HT29101,NA,male,principal,0,0,0,0,NA,NA,2000,2014,2016,2,1,4,NA,0,NA,NA,NA,NA,NA,NA,NA,5,1 3,1,0,1,0,0,0,NA,4,0,0,0,1,0,0,0,0,0,0,NA,0,1,1,1,1,1,1,0,0,NA,4,5,5,4,4,5,4,3,2,NA,4,NA,7,NA,1,1,6 7,0,0,0,0,0,1,1,0,0,NA,2,NA,5 7,0,0,0,0,1,0,1,0,0,NA,3,NA,1,NA,2,NA,5 8,0,0,0,0,1,0,0,1,0,0,NA,5,NA,1 4,1,0,0,1,0,0,0,NA,6,0,0,0,0,0,1,0,NA,1,NA,1,1 2 3 4,1,1,1,1,0,0,0,0,0,0,NA,3,NA,NA,NA,NA,NA,NA,NA,NA,NA,2,NA,2,NA,1,NA,1,NA,1,No,4,4,3,4,4,3,4,3,NA,5,1 97,1,0,0,0,0,0,0,1,Support hygeine materials,4,NA,8,NA,6,NA,5,5,4,5,5,4,5,3,4 6,0,0,0,1,0,1,0,NA,1,NA,1,2,6,0,0,0,0,0,1,0,NA,1,1,0,NA,NA,NA,NA,NA,NA,0,NA,4,3,3,4,4,4,4,4,4,1,1,1,4,4,4,4,4,4,4,3,4,3,1,3,4,3,2,3,1,1,1,2,1,2,2,3,male,2,4,4,0,0,0,1,0,0,NA,2,2,1,3,3,3,3,3,3,3,3,4,3,3,3,4,1,1,1,4,1,1,3,1,1,1,4,1,4,1,1 5,1,0,0,0,1,0,0,0,0,NA,39,NA,23173,Poor Community participation in teaching learning process,uuid:99eeb5d7-d290-46fc-a0ff-c056c7cff030,2512031638,uuid:99eeb5d7-d290-46fc-a0ff-c056c7cff030
1308782,S0709090012,SWEPR,Kefa,chena,wota,Rural,"12/5/2025, 8:07:42 PM","12/5/2025, 8:34:19 AM","12/5/2025, 2:07:13 PM",12/5/2025,9103e136556fc552,1,HT29002,NA,male,vice_principal,1,0,1,1,1,0,2005,2016,2016,1,6,4,NA,0,NA,NA,NA,NA,NA,NA,NA,3,4,0,0,0,1,0,0,NA,1 4,1,0,0,1,0,0,0,0,0,0,NA,0,1,1,1,1,1,1,0,0,NA,5,4,4,3,5,5,5,3,2,NA,4,NA,3,NA,1,1,4 5 8,0,0,0,1,1,0,0,1,0,NA,3,NA,3 4,0,0,1,1,0,0,0,0,0,NA,1,NA,5,NA,6,NA,9,0,0,0,0,0,0,0,0,1,0,NA,2,NA,1,1,0,0,0,0,0,0,NA,2 6,0,1,0,0,0,1,0,NA,6,NA,1,3 6 7,0,0,1,0,0,1,1,0,0,0,NA,4,NA,1 2 3,1,1,1,0,0,0,NA,2,NA,1,NA,1,NA,1,NA,1,NA,4,3,3,4,4,4,4,4,NA,6,2 4,0,1,0,1,0,0,0,0,NA,8,NA,5,NA,3,NA,5,4,4,4,4,4,4,3,2 4,0,1,0,1,0,0,0,NA,2,NA,2,1,NA,NA,NA,NA,NA,NA,NA,NA,NA,1,2,1,1,1,0,0,0,NA,1,Teacher,3,3,3,3,3,4,4,3,4,1,1,1,4,4,1,3,4,3,4,3,1,3,1,3,4,2,2,3,1,1,1,2,1,2,2,3,male,3,4,1 2 3 4,1,1,1,1,0,0,NA,3,1,1,3,3,3,3,1,3,3,3,3,3,3,3,4,3,3,1,4,3,1,3,1,3,1,3,3,4,2,1 5,1,0,0,0,1,0,0,0,0,NA,42,NA,12908,I need training because I didn't get training well,uuid:ec5b062a-dfca-4e75-88b2-97e021e7f5e3,2512030638,uuid:ec5b062a-dfca-4e75-88b2-97e021e7f5e3
1308782,S0709090012,SWEPR,Kefa,chena,wota,Rural,"12/5/2025, 8:22:52 PM","12/5/2025, 1:56:39 PM","12/5/2025, 8:08:02 PM",12/5/2025,7b083c6dbffcaebb,1,HT29001,NA,male,principal,0,0,0,1,1,0,2004,2014,2017,2,1,5,NA,1,2017,mentoring,0,0,1,0,NA,4,1 2,1,1,0,0,0,0,NA,3,0,0,1,0,0,0,0,0,0,0,NA,0,1,1,1,1,1,0,0,0,NA,5,5,5,5,4,5,5,4,2,NA,1,NA,8,NA,1,1,1 3 4,1,0,1,1,0,0,0,0,0,NA,3,NA,1 5,1,0,0,0,1,0,0,0,0,NA,1,NA,6,NA,3,NA,5 8,0,0,0,0,1,0,0,1,0,0,NA,2,NA,1,1,0,0,0,0,0,0,NA,2 6,0,1,0,0,0,1,0,NA,6,NA,1,1 4 7,1,0,0,1,0,0,1,0,0,0,NA,4,NA,3 4,0,0,1,1,0,0,NA,2,NA,2,NA,2,NA,2,NA,2,None,4,3,3,4,4,3,3,3,NA,3,2 3,0,1,1,0,0,0,0,0,NA,3,NA,8,NA,6,NA,4,4,4,4,5,4,5,3,2 4 6,0,1,0,1,0,1,0,NA,3,NA,1,1,NA,NA,NA,NA,NA,NA,NA,NA,NA,1,1,0,NA,NA,NA,NA,NA,NA,0,NA,3,3,3,3,4,4,4,3,3,1,1,3,4,4,4,3,4,2,3,3,3,3,1,3,3,2,2,3,3,2,2,2,3,2,3,2,male,3,5,2 3 4,0,1,1,1,0,0,NA,1,1,1,1,3,2,1,1,1,1,1,3,3,1,1,3,3,1,3,4,1,1,2,1,1,1,3,3,1,2,1 4,1,0,0,1,0,0,0,0,0,NA,32,NA,25285,"Lack of school infrastructure 
Lack of Community support 
Lack of students interest for learning",uuid:0647bed5-4ac2-45fd-841e-64d3ae131b50,2512031638,uuid:0647bed5-4ac2-45fd-841e-64d3ae131b50
1308753,S0709090022,SWEPR,Kefa,chena,bala shasha,Rural,"12/6/2025, 9:05:15 PM","12/6/2025, 9:16:15 AM","12/6/2025, 3:05:21 PM",12/6/2025,9103e136556fc552,1,HT28902,NA,male,vice_principal,1,0,1,1,1,0,2011,2016,2016,2,5,3,NA,0,NA,NA,NA,NA,NA,NA,NA,5,4,0,0,0,1,0,0,NA,2 4 6 7,0,1,0,1,0,1,1,0,0,0,NA,1,1,1,1,0,0,0,0,0,NA,5,4,5,4,5,5,5,1,2,NA,7,NA,4,NA,1,1,4 7 8,0,0,0,1,0,0,1,1,0,NA,3,NA,1 6,1,0,0,0,0,1,0,0,0,NA,1,NA,3,NA,2,NA,9 97,0,0,0,0,0,0,0,0,1,1,Do Action research,2,NA,1,1,0,0,0,0,0,0,NA,6,0,0,0,0,0,1,0,NA,3,NA,1,1 2 4 5 6 7,1,1,0,1,1,1,1,0,0,0,NA,4,NA,1 2 4,1,1,0,1,0,0,NA,1,NA,1,NA,1,NA,1,NA,1,NA,3,4,3,3,4,4,4,3,NA,1,1 2 3,1,1,1,0,0,0,0,0,NA,6,NA,5,NA,3,NA,5,5,4,5,5,5,4,2,2 4 6,0,1,0,1,0,1,0,NA,2,NA,4,2,6,0,0,0,0,0,1,0,NA,1,2,1,1,1,0,0,0,NA,1,Vice principal,3,2,3,4,4,3,1,3,4,1,1,1,4,1,4,3,4,3,4,3,4,4,4,4,4,1,2,3,1,1,1,1,1,1,1,3,male,3,5,1 2 3 4,1,1,1,1,0,0,NA,1,1,3,3,3,3,3,3,3,3,3,4,1,3,4,4,3,3,1,4,1,1,3,1,1,4,3,3,3,2,5 6 7 8,0,0,0,0,1,1,1,1,0,NA,28,NA,10350,Poor infrastructure and not good salary,uuid:0945fb08-5b68-47b8-9237-17c53361cbb4,2512030638,uuid:0945fb08-5b68-47b8-9237-17c53361cbb4
1308753,S0709090022,SWEPR,Kefa,chena,bala shasha,Rural,"12/6/2025, 9:28:36 PM","12/6/2025, 2:37:58 PM","12/6/2025, 9:27:43 PM",12/6/2025,7b083c6dbffcaebb,1,HT28901,NA,male,principal,0,0,0,1,1,0,2010,2015,2016,2,1,4,NA,0,NA,NA,NA,NA,NA,NA,NA,2,4,0,0,0,1,0,0,NA,4,0,0,0,1,0,0,0,0,0,0,NA,1,1,1,1,1,1,1,1,0,NA,5,2,5,5,2,5,2,2,2,NA,6,NA,7,NA,1,1,6 7 8,0,0,0,0,0,1,1,1,0,NA,2,NA,4 7,0,0,0,1,0,0,1,0,0,NA,2,NA,1,NA,8,NA,5 7,0,0,0,0,1,0,1,0,0,0,NA,5,NA,1,1,0,0,0,0,0,0,NA,4 6 97,0,0,0,1,0,1,1,Students go to library,6,NA,1,1 4,1,0,0,1,0,0,0,0,0,0,NA,2,NA,NA,NA,NA,NA,NA,NA,NA,NA,2,NA,2,NA,1,NA,2,NA,2,None,4,3,4,4,4,4,4,5,NA,3,1 2 3,1,1,1,0,0,0,0,0,NA,2,NA,4,NA,8,NA,5,5,4,5,5,5,4,3,3 6,0,0,1,0,0,1,0,NA,1,NA,2,2,6,0,0,0,0,0,1,0,NA,1,2,1,1 2,1,1,0,0,NA,0,NA,4,3,4,3,4,4,4,4,4,1,1,1,4,4,4,4,4,1,4,1,3,3,4,3,4,3,3,3,1,1,2,2,1,1,3,2,male,3,5,3 999,0,0,1,0,0,1,NA,3,3,3,3,3,3,3,3,3,3,3,1,1,1,1,3,1,4,1,4,1,1,2,1,1,1,3,3,3,2,1 2 3 4 5 6 7 8,1,1,1,1,1,1,1,1,0,NA,29,NA,16348,"Lack of capacity building training 
Lack of Community participation at learning process",uuid:3de3444e-e253-42d4-9492-9f05df08c379,2512031638,uuid:3de3444e-e253-42d4-9492-9f05df08c379
1308671,S0709110282,SWEPR,Kefa,bonga town ad.,sheta qeja,Urban,"12/4/2025, 5:21:29 PM","12/4/2025, 1:21:02 PM","12/4/2025, 4:46:03 PM",12/4/2025,7b083c6dbffcaebb,1,HT28801,NA,female,principal,0,0,0,0,NA,NA,1989,2009,2009,1,1,6,NA,1,2011,in_service,0,1,0,0,NA,4,1,1,0,0,0,0,0,NA,3,0,0,1,0,0,0,0,0,0,0,NA,0,1,0,1,0,0,1,0,1,NA,5,4,5,5,5,5,5,5,2,NA,3,NA,1,NA,1,1,1 2 8,1,1,0,0,0,0,0,1,0,NA,3,NA,3 8,0,0,1,0,0,0,0,1,0,NA,1,NA,3,NA,6,NA,2 8,0,1,0,0,0,0,0,1,0,0,NA,5,NA,1,1,0,0,0,0,0,0,NA,2 6,0,1,0,0,0,1,0,NA,6,NA,1,1 2 9,1,1,0,0,0,0,0,0,1,0,NA,4,NA,1 4,1,0,0,1,0,0,NA,2,NA,2,NA,2,NA,2,NA,2,None,4,1,3,4,3,3,4,4,NA,5,2 3,0,1,1,0,0,0,0,0,NA,5,NA,8,NA,2,NA,5,5,4,5,5,5,4,3,3 4 6,0,0,1,1,0,1,0,NA,1,NA,5,1,NA,NA,NA,NA,NA,NA,NA,NA,NA,1,2,0,NA,NA,NA,NA,NA,NA,0,NA,4,3,3,3,4,4,3,4,4,1,1,1,2,4,4,4,4,2,4,3,4,4,1,3,4,3,2,3,2,2,2,2,2,1,3,3,male,2,5,4,0,0,0,1,0,0,NA,3,1,3,3,3,3,3,1,3,3,3,4,3,3,4,2,4,1,1,4,1,1,3,1,1,1,3,3,3,2,1 2 5 6 8,1,1,0,0,1,1,0,1,0,NA,51,NA,19402,"Lack of Community awareness about women leadership (they think women's are not abel to lead )
Due to lack of human man power at some departments there is work load",uuid:2bb0a9ec-9eb3-4f1e-9710-4b90a289e217,2512030638,uuid:2bb0a9ec-9eb3-4f1e-9710-4b90a289e217
702820,S0710030122,SOUTH ETHIOPIA,Gamo,kucha,halango,Rural,"12/12/2025, 8:10:09 PM","12/12/2025, 12:59:45 PM","12/12/2025, 7:50:58 PM",12/12/2025,13ff9fddb6200dd2,1,Ht27601,NA,male,principal,0,0,0,0,NA,NA,2002,2006,2014,4,1,5,NA,1,2017,in_service mentoring,0,1,1,0,NA,4,1 2 3,1,1,1,0,0,0,NA,2 4,0,1,0,1,0,0,0,0,0,0,NA,0,0,0,0,0,0,0,0,0,NA,5,5,5,5,5,5,5,5,4,NA,2,NA,8,NA,1,1,2 3 5,0,1,1,0,1,0,0,0,0,NA,3,NA,7 8,0,0,0,0,0,0,1,1,0,NA,3,NA,5,NA,6,NA,2 7,0,1,0,0,0,0,1,0,0,0,NA,1,NA,1,1,0,0,0,0,0,0,NA,2 97,0,1,0,0,0,0,1,Library,6,NA,1,1 2 3 4 5 6 7,1,1,1,1,1,1,1,0,0,0,NA,4,NA,1 2 3 4,1,1,1,1,0,0,NA,2,NA,2,NA,2,NA,2,NA,2,None,4,4,4,4,4,4,4,5,NA,6,1 2,1,1,0,0,0,0,0,0,NA,5,NA,8,NA,3,NA,5,5,4,5,5,4,4,2,3 4 5 6,0,0,1,1,1,1,0,NA,2,NA,4,2,1,1,0,0,0,0,0,0,NA,1,4,1,1,1,0,0,0,NA,1,Teachers,4,3,3,4,4,4,4,3,3,1,1,1,3,4,2,4,3,2,4,1,4,3,1,2,4,3,3,3,2,3,3,3,2,1,3,1,male,3,5,1 2 3 4,1,1,1,1,0,0,NA,3,3,3,3,3,3,3,1,3,3,3,1,1,1,2,3,1,1,1,4,1,2,3,1,1,1,2,4,3,1,1 3 5,1,0,1,0,1,0,0,0,0,NA,38,NA,16400,None,uuid:5d867aee-c37e-4fe0-b967-e5a5471b019f,2512111015,uuid:5d867aee-c37e-4fe0-b967-e5a5471b019f
702839,S0710030932,SOUTH ETHIOPIA,Gamo,kucha,tachi chano,Rural,"12/15/2025, 8:34:07 PM","12/15/2025, 6:13:44 PM","12/15/2025, 8:33:21 PM",12/15/2025,13ff9fddb6200dd2,1,Ht27701,NA,male,principal,0,0,0,0,NA,NA,2008,2009,2018,5,1,5,NA,1,2016,in_service mentoring,0,1,1,0,NA,1,4,0,0,0,1,0,0,NA,2 3 4,0,1,1,1,0,0,0,0,0,0,NA,0,1,0,0,1,0,0,0,0,NA,5,4,5,4,4,5,4,4,4,NA,2,NA,97,None,1,1,4 5 7,0,0,0,1,1,0,1,0,0,NA,3,NA,4 6,0,0,0,1,0,1,0,0,0,NA,1,NA,3,NA,5,NA,4 8,0,0,0,1,0,0,0,1,0,0,NA,1,NA,1,1,0,0,0,0,0,0,NA,2 6,0,1,0,0,0,1,0,NA,6,NA,1,1 2 3 4 5 6 7,1,1,1,1,1,1,1,0,0,0,NA,4,NA,1 2 3 4,1,1,1,1,0,0,NA,2,NA,1,NA,1,NA,2,NA,1,None,4,3,3,3,4,4,4,4,NA,6,1 2,1,1,0,0,0,0,0,0,NA,6,NA,8,NA,2,NA,4,4,4,4,4,5,4,2,2 3 4 5 6,0,1,1,1,1,1,0,NA,2,NA,3,2,1,1,0,0,0,0,0,0,NA,1,1,1,1,1,0,0,0,NA,1,Teachers,4,3,3,4,4,4,4,3,4,1,1,1,4,2,4,3,3,1,4,2,4,3,2,3,4,3,3,3,2,3,1,1,2,1,2,3,male,3,5,1 2 3 4,1,1,1,1,0,0,NA,1,2,3,1,1,3,1,1,1,1,1,3,1,2,2,4,4,4,1,4,1,1,2,1,2,2,3,4,4,1,1,1,0,0,0,0,0,0,0,0,NA,32,NA,16400,None,uuid:dee23cba-8ecb-4019-b68a-875dc5c8397a,2512142209,uuid:dee23cba-8ecb-4019-b68a-875dc5c8397a
703001,S0710051202,SOUTH ETHIOPIA,Gamo,mierab abaya,korga geramo,Rural,"12/4/2025, 8:29:08 PM","12/4/2025, 10:57:28 AM","12/4/2025, 8:26:11 PM",12/4/2025,13ff9fddb6200dd2,1,Ht27901,NA,male,principal,0,0,0,0,NA,NA,2004,2006,2011,2,1,5,NA,1,2009,in_service,0,1,0,0,NA,5,3 5,0,0,1,0,1,0,NA,1 2 3 4,1,1,1,1,0,0,0,0,0,0,NA,0,0,0,0,0,0,0,0,0,NA,5,5,4,4,5,5,5,5,4,NA,8,NA,7,NA,1,2,1 3 4,1,0,1,1,0,0,0,0,0,NA,3,NA,1 4,1,0,0,1,0,0,0,0,0,NA,3,NA,7,NA,5,NA,2 6,0,1,0,0,0,1,0,0,0,0,NA,1,NA,1,1,0,0,0,0,0,0,NA,2 5 6,0,1,0,0,1,1,0,NA,6,NA,1,1 2 3 4 5 6 7,1,1,1,1,1,1,1,0,0,0,NA,4,NA,1 2 3 4,1,1,1,1,0,0,NA,2,NA,2,NA,1,NA,2,NA,1,None,4,4,3,3,3,4,4,4,NA,6,1,1,0,0,0,0,0,0,0,NA,5,NA,8,NA,3,NA,4,4,4,4,3,4,4,2,4 6,0,0,0,1,0,1,0,NA,2,NA,3,2,1 4 6,1,0,0,1,0,1,0,NA,1,1,1,1,1,0,0,0,NA,1,Teachers,4,2,3,4,3,4,4,4,3,1,1,1,3,3,3,3,4,4,4,3,4,3,1,4,4,2,2,3,2,1,1,2,2,1,2,2,male,3,1,1 3,1,0,1,0,0,0,NA,3,2,3,3,2,2,3,3,3,3,2,2,3,3,2,4,3,3,2,4,1,2,3,2,1,2,2,4,2,1,3 5 6,0,0,1,0,1,1,0,0,0,NA,35,NA,16651,None,uuid:3491c8c8-7618-4372-a4f9-f116e110d72a,2512031459,uuid:3491c8c8-7618-4372-a4f9-f116e110d72a
702993,S0710052022,SOUTH ETHIOPIA,Gamo,mierab abaya,faragosa,Rural,"12/8/2025, 8:05:05 PM","12/8/2025, 11:52:24 AM","12/8/2025, 8:03:51 PM",12/8/2025,13ff9fddb6200dd2,1,Ht27801,NA,male,principal,0,0,0,1,1,0,1998,2006,2011,3,1,5,NA,1,2017,in_service,0,1,0,0,NA,4,1 2 3,1,1,1,0,0,0,NA,1 3 97,1,0,1,0,0,0,0,0,0,1,Peer advice,0,1,1,1,0,1,1,0,0,NA,5,5,5,5,5,5,5,5,2,NA,4,NA,8,NA,1,1,3 4 5,0,0,1,1,1,0,0,0,0,NA,3,NA,3 8,0,0,1,0,0,0,0,1,0,NA,1,NA,6,NA,3,NA,5 8,0,0,0,0,1,0,0,1,0,0,NA,5,NA,1,1,0,0,0,0,0,0,NA,2 6,0,1,0,0,0,1,0,NA,6,NA,1,1 2 3 4 5 6 7 8,1,1,1,1,1,1,1,1,0,0,NA,3,NA,NA,NA,NA,NA,NA,NA,NA,NA,2,NA,2,NA,2,NA,2,NA,2,None,4,4,4,4,4,4,4,3,NA,6,1 3,1,0,1,0,0,0,0,0,NA,2,NA,8,NA,5,NA,5,5,5,5,5,5,5,2,2 3 4 5 6,0,1,1,1,1,1,0,NA,2,NA,4,1,NA,NA,NA,NA,NA,NA,NA,NA,NA,1,2,1,1,1,0,0,0,NA,1,Techers,4,3,4,4,4,4,4,3,3,1,1,1,3,4,3,4,4,3,4,3,3,3,1,3,4,3,3,3,3,3,1,2,1,2,2,2,male,1,1,1 2 3 4,1,1,1,1,0,0,NA,1,2,2,3,3,3,3,3,3,3,1,3,1,3,3,4,3,1,1,4,1,1,2,2,1,4,4,3,2,2,1 2 3 4 5 6 7,1,1,1,1,1,1,1,0,0,NA,44,NA,16260,None,uuid:3f437620-b32a-4da4-9d8f-a1fd21f6450a,2512031638,uuid:3f437620-b32a-4da4-9d8f-a1fd21f6450a
702993,S0710052022,SOUTH ETHIOPIA,Gamo,mierab abaya,faragosa,Rural,"12/8/2025, 8:16:50 PM","12/8/2025, 10:49:54 AM","12/8/2025, 8:00:51 PM",12/8/2025,15aee2f9fc7423e8,1,HT27802,NA,male,vice_principal,1,0,1,1,1,0,2004,2015,2015,1,1,5,NA,0,NA,NA,NA,NA,NA,NA,NA,4,4,0,0,0,1,0,0,NA,1 4,1,0,0,1,0,0,0,0,0,0,NA,0,1,1,1,1,1,1,0,0,NA,5,5,5,5,5,5,5,5,6,NA,2,NA,5,NA,1,1,1 2 6,1,1,0,0,0,1,0,0,0,NA,3,NA,4 7,0,0,0,1,0,0,1,0,0,NA,1,NA,3,NA,6,NA,9,0,0,0,0,0,0,0,0,1,0,NA,2,NA,1 4,1,0,0,1,0,0,0,NA,2 6,0,1,0,0,0,1,0,NA,6,NA,1,1 2 4,1,1,0,1,0,0,0,0,0,0,NA,3,NA,NA,NA,NA,NA,NA,NA,NA,NA,2,NA,2,NA,2,NA,2,NA,2,No,4,4,4,4,4,4,4,3,NA,5,1 2,1,1,0,0,0,0,0,0,NA,8,NA,5,NA,6,NA,5,5,4,5,5,5,5,1,2,0,1,0,0,0,0,0,NA,3,NA,4,2,2 4 6,0,1,0,1,0,1,0,NA,1,1,1,1,1,0,0,0,NA,1,Teacher's,4,3,4,4,4,4,4,3,4,1,1,1,3,4,4,3,4,1,4,3,4,4,1,2,4,3,3,3,3,3,2,2,1,1,3,2,male,4,1,1 3 4,1,0,1,1,0,0,NA,3,3,3,3,3,3,3,3,3,3,3,4,1,4,4,4,2,1,1,4,1,1,3,1,1,1,4,4,4,2,3 4 5 6,0,0,1,1,1,1,0,0,0,NA,46,NA,15216,Shortage of material and lablatory,uuid:880878d5-c35d-4d99-9ab3-c2d94186bb83,2512031638,uuid:880878d5-c35d-4d99-9ab3-c2d94186bb83
701940,S0710070202,SOUTH ETHIOPIA,Gamo,chencha zuria,zute,Rural,"12/11/2025, 10:46:59 PM","12/11/2025, 1:03:26 PM","12/11/2025, 9:20:29 PM",12/11/2025,13ff9fddb6200dd2,1,Ht26501,NA,male,principal,0,0,0,0,NA,NA,2003,2012,2016,4,1,5,NA,1,2016,in_service,0,1,0,0,NA,3,1 2 3,1,1,1,0,0,0,NA,1 2 4,1,1,0,1,0,0,0,0,0,0,NA,0,0,0,0,0,0,0,0,0,NA,5,5,5,5,5,5,5,5,97,Faith  activity,2,NA,8,NA,1,1,1 3 7,1,0,1,0,0,0,1,0,0,NA,3,NA,4 8,0,0,0,1,0,0,0,1,0,NA,3,NA,6,NA,1,NA,5 8,0,0,0,0,1,0,0,1,0,0,NA,1,NA,1,1,0,0,0,0,0,0,NA,5 6 97,0,0,0,0,1,1,1,Another teachers teaches his own subject,6,NA,1,2 3 4 5 6 7,0,1,1,1,1,1,1,0,0,0,NA,4,NA,1 2 3 4,1,1,1,1,0,0,NA,2,NA,2,NA,2,NA,2,NA,2,None,4,4,4,4,4,4,4,3,NA,1,1 2,1,1,0,0,0,0,0,0,NA,6,NA,8,NA,3,NA,4,5,4,5,5,5,4,2,4 5 6,0,0,0,1,1,1,0,NA,2,NA,3,2,1 3 4,1,0,1,1,0,0,0,NA,1,1,1,1,1,0,0,0,NA,1,Teachers and principal,4,3,2,4,3,4,4,3,3,1,1,1,3,4,3,4,4,1,4,1,4,3,1,3,3,3,3,3,2,3,2,3,1,2,3,2,male,3,5,1 2 3 4,1,1,1,1,0,0,NA,3,1,3,1,3,2,2,1,1,1,3,3,1,3,3,4,3,1,1,3,1,1,3,2,3,3,2,4,3,2,1 2 3 4 6 7,1,1,1,1,0,1,1,0,0,NA,38,NA,15650,None,uuid:c24f0bf2-c218-4db0-98f0-61d4f68c13a8,2512031638,uuid:c24f0bf2-c218-4db0-98f0-61d4f68c13a8
701916,S0710070292,SOUTH ETHIOPIA,Gamo,chencha zuria,doko tsida,Rural,"12/5/2025, 7:38:43 PM","12/5/2025, 11:17:15 AM","12/5/2025, 7:37:22 PM",12/5/2025,13ff9fddb6200dd2,1,HT26401,NA,female,principal,0,0,0,0,NA,NA,1994,2001,2003,2,1,4,NA,1,2017,in_service,0,1,0,0,NA,1,1 2 3,1,1,1,0,0,0,NA,1 2 3 4,1,1,1,1,0,0,0,0,0,0,NA,0,1,0,0,0,0,0,0,0,NA,5,3,4,5,5,4,5,3,3,NA,4,NA,2,NA,2,NA,NA,NA,NA,NA,NA,NA,NA,NA,NA,NA,NA,NA,NA,4 5,0,0,0,1,1,0,0,0,0,NA,8,NA,3,NA,1,NA,5 7,0,0,0,0,1,0,1,0,0,0,NA,5,NA,1,1,0,0,0,0,0,0,NA,6 97,0,0,0,0,0,1,1,Other techer  teache his course,6,NA,1,4 5 6 7,0,0,0,1,1,1,1,0,0,0,NA,3,NA,NA,NA,NA,NA,NA,NA,NA,NA,2,NA,1,NA,1,NA,2,NA,1,None,4,4,3,3,3,3,4,4,NA,6,1 2,1,1,0,0,0,0,0,0,NA,3,NA,8,NA,5,NA,5,3,2,4,5,4,4,3,2 3 4 5 6,0,1,1,1,1,1,0,NA,1,NA,4,2,3,0,0,1,0,0,0,0,NA,1,1,1,1 2 3,1,1,1,0,NA,1,Teachers,4,2,3,4,3,4,4,3,3,1,1,1,3,4,3,3,4,2,4,2,3,3,1,3,4,1,1,1,1,2,3,2,2,2,2,3,male,3,5,1 2 3,1,1,1,0,0,0,NA,2,2,2,3,3,2,1,1,3,1,2,1,1,1,3,1,1,1,1,4,1,1,3,1,1,1,1,3,1,4,1 2 4 5 7,1,1,0,1,1,0,1,0,0,NA,45,NA,15983,None,uuid:52b341b8-73c8-4068-b1ac-53b2a701784f,2512031459,uuid:52b341b8-73c8-4068-b1ac-53b2a701784f
702089,S0710090022,SOUTH ETHIOPIA,Gamo,daramalo,shiela mulu,Rural,"12/13/2025, 6:09:43 PM","12/13/2025, 12:29:22 PM","12/13/2025, 6:08:50 PM",12/13/2025,13ff9fddb6200dd2,1,Ht28401,NA,male,principal,0,0,0,0,NA,NA,2007,2015,2016,2,1,5,NA,1,2017,in_service,0,1,0,0,NA,3,2 3,0,1,1,0,0,0,NA,1 2 4,1,1,0,1,0,0,0,0,0,0,NA,0,0,0,0,0,0,0,0,0,NA,5,5,5,5,4,5,5,5,4,NA,97,None,97,No,1,1,2 3 7,0,1,1,0,0,0,1,0,0,NA,3,NA,4 6,0,0,0,1,0,1,0,0,0,NA,1,NA,3,NA,6,NA,5 7,0,0,0,0,1,0,1,0,0,0,NA,5,NA,1,1,0,0,0,0,0,0,NA,2 6,0,1,0,0,0,1,0,NA,6,NA,1,3 4 5 6 7,0,0,1,1,1,1,1,0,0,0,NA,4,NA,1 2 4,1,1,0,1,0,0,NA,2,NA,2,NA,2,NA,2,NA,1,None,4,4,3,4,4,4,4,3,NA,6,7,0,0,0,0,0,0,1,0,NA,5,NA,3,NA,6,NA,5,5,4,5,5,4,5,1,4 5 6,0,0,0,1,1,1,0,NA,2,NA,3,2,1,1,0,0,0,0,0,0,NA,1,1,1,1,1,0,0,0,NA,1,Teachers,4,3,2,4,4,4,3,3,4,1,1,1,3,3,4,3,4,2,4,3,4,4,1,3,4,3,3,3,2,3,1,3,2,1,3,2,female,3,1,1 2 3 4,1,1,1,1,0,0,NA,3,3,2,3,3,2,1,1,3,3,3,2,2,3,2,4,4,4,2,4,1,1,3,1,1,1,3,4,2,2,1 2 3 4 5 6 7,1,1,1,1,1,1,1,0,0,NA,29,NA,16526,None,uuid:85396fe8-ddaa-4176-9cac-c501bff56b4c,2512111015,uuid:85396fe8-ddaa-4176-9cac-c501bff56b4c
704230,S0710112082,SOUTH ETHIOPIA,Gofa,beto town admin,bala primary & junior,Urban,"12/19/2025, 9:00:27 PM","12/19/2025, 12:50:07 PM","12/19/2025, 1:45:32 PM",12/19/2025,85f0c2e0bb3e15c4,1,HT25802,NA,male,vice_principal,0,1,1,1,1,0,2006,2010,2016,3,1,4,NA,0,NA,NA,NA,NA,NA,NA,NA,5,1 3,1,0,1,0,0,0,NA,6 7 8,0,0,0,0,0,1,1,1,0,0,NA,0,1,1,1,1,0,0,0,0,NA,4,4,4,4,5,4,4,1,1,NA,3,NA,2,NA,1,1,1 2 6,1,1,0,0,0,1,0,0,0,NA,2,NA,3 4,0,0,1,1,0,0,0,0,0,NA,3,NA,6,NA,1,NA,5 9,0,0,0,0,1,0,0,0,1,0,NA,2,NA,1 4,1,0,0,1,0,0,0,NA,2 5,0,1,0,0,1,0,0,NA,6,NA,1,3 4 6 7,0,0,1,1,0,1,1,0,0,0,NA,4,NA,4,0,0,0,1,0,0,NA,2,NA,1,NA,1,NA,2,NA,1,None,3,3,3,3,3,3,4,5,NA,3,3 7,0,0,1,0,0,0,1,0,NA,2,NA,5,NA,4,NA,4,4,4,4,4,4,4,2,3 4,0,0,1,1,0,0,0,NA,2,NA,3,1,NA,NA,NA,NA,NA,NA,NA,NA,NA,1,1,1,1 3,1,0,1,0,NA,0,NA,3,3,3,2,3,3,1,3,3,4,4,3,4,4,2,3,4,3,3,3,1,3,1,3,3,2,2,2,1,1,1,2,1,1,2,3,male,3,5,1 3 4,1,0,1,1,0,0,NA,1,1,2,3,3,3,3,3,3,3,2,3,3,3,3,4,2,1,1,4,1,3,3,1,1,3,2,4,2,1,1 2 3 5 6 7,1,1,1,0,1,1,1,0,0,NA,35,NA,12625,Lack of training,uuid:883e964f-b10b-4db7-b355-4d1bbc6f6f6f,2512142209,uuid:883e964f-b10b-4db7-b355-4d1bbc6f6f6f
704230,S0710112082,SOUTH ETHIOPIA,Gofa,beto town admin,bala primary & junior,Urban,"12/20/2025, 9:12:32 AM","12/19/2025, 12:18:51 PM","12/20/2025, 9:07:33 AM",12/19/2025,f4f7c86f9b157d85,1,HT25801,NA,female,principal,0,0,0,1,1,0,2008,2011,2011,1,1,5,NA,1,2010,in_service,0,1,0,0,NA,3,1 3,1,0,1,0,0,0,NA,1 2,1,1,0,0,0,0,0,0,0,0,NA,0,1,0,0,0,1,1,0,0,NA,5,5,5,5,4,5,5,3,2,NA,6,NA,97,None,1,1,1 2 8,1,1,0,0,0,0,0,1,0,NA,3,NA,4 6,0,0,0,1,0,1,0,0,0,NA,8,NA,1,NA,2,NA,7 9,0,0,0,0,0,0,1,0,1,0,NA,1,NA,1 4,1,0,0,1,0,0,0,NA,5,0,0,0,0,1,0,0,NA,6,NA,1,3 4 8 9,0,0,1,1,0,0,0,1,1,0,NA,4,NA,1 2 3 4,1,1,1,1,0,0,NA,3,NA,2,NA,1,NA,1,NA,1,None,4,3,3,3,3,3,4,97,Ba semester 3 gize,6,1 2 97,1,1,0,0,0,0,0,1,Lack of personal hygiene,3,NA,8,NA,97,"Salary baweketu alemekefel(wezef yaltekeflu menore),learning resources.special case yalachew student there's no resource.",5,5,4,4,5,4,5,1,4,0,0,0,1,0,0,0,NA,1,NA,5,4,4 5 6,0,0,0,1,1,1,0,NA,1,6,1,1 3,1,0,1,0,NA,0,NA,4,4,4,4,4,4,4,4,4,2,2,2,4,4,1,4,4,4,4,1,4,4,1,1,4,2,2,2,3,2,2,2,1,1,3,1,male,3,4,3 4,0,0,1,1,0,0,NA,3,1,2,3,2,3,3,3,3,3,3,4,1,4,4,4,1,1,1,4,4,1,2,1,2,4,2,4,1,1,97,0,0,0,0,0,0,0,0,1,Masters opportunity,31,NA,17160,"Lack of Budget(no school grant &block grant,supporting Organization),There's no Teacher and Students Guide book,Lack of learning resources,Lack of Students textbook,Lack of motivation of womens leadership,There's no chance of Teachers and Principal professional updates,Teacher payment ba seatu alemekefel,There's no ICT Material like Computer.",uuid:07e46ec5-0d5e-4858-a84d-fee613a0363e,2512142209,uuid:07e46ec5-0d5e-4858-a84d-fee613a0363e
702335,S0710120672,SOUTH ETHIOPIA,Gamo,garda marta,kola layisha,Rural,"12/10/2025, 7:44:28 PM","12/10/2025, 9:34:17 AM","12/10/2025, 7:38:34 PM",12/10/2025,13ff9fddb6200dd2,1,Ht28501,NA,male,principal,0,0,0,0,NA,NA,2007,2014,2014,1,1,4,NA,1,2015,in_service mentoring,0,1,1,0,NA,1,4,0,0,0,1,0,0,NA,1 4 7,1,0,0,1,0,0,1,0,0,0,NA,0,1,1,1,0,0,0,0,0,NA,5,4,5,5,4,5,5,4,4,NA,2,NA,8,NA,1,1,1 3 4,1,0,1,1,0,0,0,0,0,NA,3,NA,4 6,0,0,0,1,0,1,0,0,0,NA,1,NA,3,NA,5,NA,2 7,0,1,0,0,0,0,1,0,0,0,NA,5,NA,1,1,0,0,0,0,0,0,NA,2 6,0,1,0,0,0,1,0,NA,6,NA,1,2 3 4 5 6 7,0,1,1,1,1,1,1,0,0,0,NA,4,NA,1 2 3 4,1,1,1,1,0,0,NA,2,NA,2,NA,2,NA,2,NA,2,None,4,4,4,4,3,4,4,3,NA,5,1,1,0,0,0,0,0,0,0,NA,5,NA,6,NA,3,NA,5,5,4,5,5,4,5,2,3 4 5 6,0,0,1,1,1,1,0,NA,2,NA,4,2,1 3,1,0,1,0,0,0,0,NA,1,1,1,1,1,0,0,0,NA,1,Teachers,4,3,3,4,4,4,4,3,3,1,1,1,3,3,1,4,3,1,4,2,2,3,1,4,4,3,3,3,2,3,2,2,2,1,3,2,male,3,5,1 2 3 4,1,1,1,1,0,0,NA,3,3,3,3,3,3,3,3,3,3,3,2,1,1,3,4,3,3,1,4,1,1,2,2,1,4,3,3,2,1,1 2 5 6 7 8,1,1,0,0,1,1,1,1,0,NA,32,NA,12250,None,uuid:65422911-946d-4ba5-9e03-d501a6dd6932,2512031638,uuid:65422911-946d-4ba5-9e03-d501a6dd6932
702414,S0710130502,SOUTH ETHIOPIA,Gamo,gerese,shalie,Rural,"12/9/2025, 8:24:04 PM","12/9/2025, 11:48:19 AM","12/9/2025, 8:13:58 PM",12/9/2025,13ff9fddb6200dd2,1,Ht27001,NA,male,principal,0,0,0,0,NA,NA,2003,2010,2012,2,1,5,NA,1,2014,in_service mentoring,0,1,1,0,NA,3,1 2 3,1,1,1,0,0,0,NA,1 3 6,1,0,1,0,0,1,0,0,0,0,NA,0,0,0,0,0,1,1,0,0,NA,5,5,5,5,5,5,5,2,2,NA,3,NA,97,None,1,1,1 3 5,1,0,1,0,1,0,0,0,0,NA,3,NA,4 6,0,0,0,1,0,1,0,0,0,NA,1,NA,3,NA,6,NA,7 9,0,0,0,0,0,0,1,0,1,0,NA,1,NA,1,1,0,0,0,0,0,0,NA,6 97,0,0,0,0,0,1,1,Another teachers teaches  his/her own subject,6,NA,1,3 4 5 6 7,0,0,1,1,1,1,1,0,0,0,NA,3,NA,NA,NA,NA,NA,NA,NA,NA,NA,1,NA,2,NA,2,NA,2,NA,2,None,4,3,3,3,4,4,4,4,NA,6,1 2,1,1,0,0,0,0,0,0,NA,3,NA,5,NA,6,NA,5,5,4,4,5,4,4,3,3 4 5 6,0,0,1,1,1,1,0,NA,2,NA,4,2,3,0,0,1,0,0,0,0,NA,1,2,1,1,1,0,0,0,NA,1,Teachers,4,2,3,4,4,4,4,3,3,1,1,1,3,4,2,4,4,2,4,3,3,4,1,4,4,3,3,3,3,2,1,1,1,1,2,2,male,3,5,1 2 3 4,1,1,1,1,0,0,NA,3,3,3,1,1,3,3,3,3,1,3,3,3,2,2,4,3,3,1,4,1,3,2,2,3,4,1,4,2,2,1 2 3 4 5 6 7,1,1,1,1,1,1,1,0,0,NA,30,NA,16560,None,uuid:bc08372e-669c-444d-bf95-2acfae2c0077,2512031638,uuid:bc08372e-669c-444d-bf95-2acfae2c0077
703715,S0710140322,SOUTH ETHIOPIA,Gofa,bulki town ad.,buleki milinium,Urban,"12/18/2025, 6:15:51 PM","12/18/2025, 9:38:06 AM","12/18/2025, 6:45:52 PM",12/18/2025,85f0c2e0bb3e15c4,1,HT26202,NA,male,vice_principal,0,1,1,1,1,0,2006,2011,2016,3,4,4,NA,0,NA,NA,NA,NA,NA,NA,NA,2,1 2 3,1,1,1,0,0,0,NA,1 2 3 4 5,1,1,1,1,1,0,0,0,0,0,NA,0,1,1,1,1,1,1,0,0,NA,4,5,5,5,4,5,5,3,2,NA,1,NA,5,NA,1,1,1 6 8,1,0,0,0,0,1,0,1,0,NA,3,NA,2 4,0,1,0,1,0,0,0,0,0,NA,1,NA,3,NA,4,NA,1 8,1,0,0,0,0,0,0,1,0,0,NA,2,NA,1 4,1,0,0,1,0,0,0,NA,2,0,1,0,0,0,0,0,NA,6,NA,1,3 4 7,0,0,1,1,0,0,1,0,0,0,NA,4,NA,1 2 4,1,1,0,1,0,0,NA,2,NA,1,NA,1,NA,2,NA,1,None,3,3,3,4,4,4,4,5,NA,1,2,0,1,0,0,0,0,0,0,NA,5,NA,3,NA,2,NA,5,5,5,5,5,4,5,1,3 4 6,0,0,1,1,0,1,0,NA,1,NA,4,3,3 6,0,0,1,0,0,1,0,NA,1,1,1,3,0,0,1,0,NA,0,NA,4,4,4,4,4,3,4,4,4,2,2,1,4,4,1,4,4,1,4,3,4,4,1,3,3,2,2,3,1,1,3,2,1,1,2,3,male,3,5,1 3 4,1,0,1,1,0,0,NA,1,3,2,3,1,3,1,2,1,3,3,4,1,3,3,4,1,1,1,4,1,1,3,1,2,3,2,4,1,2,1 2 3 4 5 6,1,1,1,1,1,1,0,0,0,NA,35,NA,12334,Lack of school garants,uuid:c5ba5390-00d1-474f-9417-e7a0dc202ee1,2512142209,uuid:c5ba5390-00d1-474f-9417-e7a0dc202ee1
703715,S0710140322,SOUTH ETHIOPIA,Gofa,bulki town ad.,buleki milinium,Urban,"12/18/2025, 7:12:28 PM","12/18/2025, 10:05:56 AM","12/18/2025, 11:09:00 AM",12/18/2025,f4f7c86f9b157d85,1,HT26201,NA,female,principal,0,0,0,1,1,0,2000,2008,2014,2,1,5,NA,1,2017,in_service mentoring,0,1,1,0,NA,4,4,0,0,0,1,0,0,NA,97,0,0,0,0,0,0,0,0,0,1,To get job growth,0,1,0,0,1,0,1,0,0,NA,5,5,5,4,5,5,5,3,2,NA,4,NA,3,NA,1,1,7 8,0,0,0,0,0,0,1,1,0,NA,3,NA,4 6,0,0,0,1,0,1,0,0,0,NA,1,NA,2,NA,8,NA,5,0,0,0,0,1,0,0,0,0,0,NA,2,NA,1,1,0,0,0,0,0,0,NA,5,0,0,0,0,1,0,0,NA,6,NA,1,1 2 4 8,1,1,0,1,0,0,0,1,0,0,NA,4,NA,1 2 3 4,1,1,1,1,0,0,NA,2,NA,2,NA,2,NA,1,NA,1,None,3,3,4,4,4,3,4,5,NA,2,1 2 97,1,1,0,0,0,0,0,1,Lack of personal hygiene,5,NA,97,Lack of Budget,97,Lack of professional Teachers,5,5,5,5,5,4,5,1,2 4 5,0,1,0,1,1,0,0,NA,1,NA,4,2,1 2 6,1,1,0,0,0,1,0,NA,1,6,1,1,1,0,0,0,NA,0,NA,4,4,4,1,4,4,4,4,4,2,1,1,4,4,4,4,4,1,4,1,4,3,1,2,4,3,3,3,3,3,2,2,1,1,3,2,male,3,2,2 3 4,0,1,1,1,0,0,NA,1,2,2,2,2,3,2,3,3,3,2,4,1,4,4,4,3,1,1,4,1,3,2,1,1,3,4,1,1,1,1,1,0,0,0,0,0,0,0,0,NA,35,NA,16600,"Lack of Budget(no School grant,block grant&supporting organization),There's no Library(No student Textbook) and Laboratory room,Lack of Student Classroom,There's no Principal and Teacher benefits.",uuid:fea271da-164d-4d99-839d-c3688dd05a5f,2512142209,uuid:fea271da-164d-4d99-839d-c3688dd05a5f
703717,S0710141002,SOUTH ETHIOPIA,Gofa,bulki town ad.,buliki tsire,Urban,"12/17/2025, 4:58:49 PM","12/17/2025, 12:01:19 PM","12/17/2025, 1:35:03 PM",12/17/2025,f4f7c86f9b157d85,1,HT26301,NA,male,principal,0,0,0,0,NA,NA,2001,2006,2018,2,1,5,NA,1,2017,mentoring,0,0,1,0,NA,4,1 2 3,1,1,1,0,0,0,NA,1 4,1,0,0,1,0,0,0,0,0,0,NA,1,1,0,0,1,0,0,1,0,NA,5,3,5,5,5,5,5,3,2,NA,6,NA,1,NA,1,1,1 7 8,1,0,0,0,0,0,1,1,0,NA,3,NA,1 7,1,0,0,0,0,0,1,0,0,NA,2,NA,5,NA,8,NA,2 8,0,1,0,0,0,0,0,1,0,0,NA,1,NA,1,1,0,0,0,0,0,0,NA,5,0,0,0,0,1,0,0,NA,6,NA,1,4 8 9,0,0,0,1,0,0,0,1,1,0,NA,4,NA,2 4,0,1,0,1,0,0,NA,2,NA,2,NA,1,NA,1,NA,1,None,4,3,3,3,3,3,4,4,NA,6,1 2 97,1,1,0,0,0,0,0,1,Lack of personal hygiene,97,"Lack of Budget,Lack of School Input",97,"Poor Student engagement,No pipe water,Uncomfortable road,Lack of Teachers",6,NA,4,5,5,5,5,4,5,2,2 4 5,0,1,0,1,1,0,0,NA,2,NA,3,2,6,0,0,0,0,0,1,0,NA,1,6,1,1 3,1,0,1,0,NA,0,NA,4,4,4,4,4,4,4,4,4,2,1,2,4,3,1,3,4,3,4,3,4,3,3,2,4,2,2,3,1,2,1,1,1,1,2,3,male,2,4,2 4,0,1,0,1,0,0,NA,3,2,2,3,3,3,3,2,3,3,3,4,1,3,4,4,3,4,1,4,1,4,3,1,3,4,4,4,4,1,1 2 3 4 5 6 7 8,1,1,1,1,1,1,1,1,0,NA,41,NA,16631,"Uncomfortable Road,There's no pipe Water,There's no learning Material like Student Textbook,Lack of Teachers,Lack of Infrastructure like class,Fence,There's no Electric power(Solar),There's no ICT Material &class",uuid:37381024-2181-48b9-9f4f-f8811e3a0650,2512142209,uuid:37381024-2181-48b9-9f4f-f8811e3a0650
704140,s0710150432,SOUTH ETHIOPIA,Gofa,oyda,oyeda marekala,Rural,"12/16/2025, 4:34:11 PM","12/16/2025, 12:10:44 PM","12/16/2025, 4:33:35 PM",12/16/2025,f4f7c86f9b157d85,1,HT28101,NA,male,principal,0,0,0,0,NA,NA,2007,2016,2016,1,1,4,NA,0,NA,NA,NA,NA,NA,NA,NA,5,4,0,0,0,1,0,0,NA,1,1,0,0,0,0,0,0,0,0,0,NA,0,1,1,1,1,1,1,0,0,NA,5,5,5,5,5,5,5,5,1,NA,2,NA,97,None,1,1,6 7 8,0,0,0,0,0,1,1,1,0,NA,3,NA,3 4,0,0,1,1,0,0,0,0,0,NA,1,NA,3,NA,6,NA,2 5,0,1,0,0,1,0,0,0,0,0,NA,1,NA,1,1,0,0,0,0,0,0,NA,5,0,0,0,0,1,0,0,NA,6,NA,1,3 4 7 8 9,0,0,1,1,0,0,1,1,1,0,NA,4,NA,1 2 3 4 97,1,1,1,1,1,0,Regional office,2,NA,1,NA,1,NA,1,NA,1,None,3,3,3,4,3,3,4,5,NA,2,1 2 97,1,1,0,0,0,0,0,1,No personal hygiene,97,Lack of Budget,5,NA,97,Teacher's Salary baweketu alemekefel and wezef demoz alemekfel ya 3 wer,5,5,5,5,5,5,5,1,2 4 5 6,0,1,0,1,1,1,0,NA,1,NA,4,2,3 4 6,0,0,1,1,0,1,0,NA,1,6,1,1 3,1,0,1,0,NA,0,NA,4,4,4,4,4,4,4,4,4,1,1,1,4,4,4,4,4,3,4,3,3,3,1,2,3,2,2,2,2,2,2,2,2,1,2,3,male,3,2,3,0,0,1,0,0,0,NA,3,3,3,1,3,1,3,3,1,3,3,4,1,4,4,4,3,3,4,4,4,4,3,1,1,1,4,1,4,1,1 2 5,1,1,0,0,1,0,0,0,0,NA,34,NA,11314,"There's no Students textbook the all class,Lack of Teachers,There's no Supporting Organization,There's no ICT Material and class like Computer ,There's no Electrical Power(Solar)There's no Teacher and Students Guide book,Lack of learning resources,Teachers Salary ba weketu Alemekfel were balefe ba ken 20 nw migebalachew",uuid:17a25eb5-c402-443d-9a08-bb5d70db26b4,2512142209,uuid:17a25eb5-c402-443d-9a08-bb5d70db26b4
704117,S0710151002,SOUTH ETHIOPIA,Gofa,oyda,baneda mulu,Urban,"12/15/2025, 2:37:18 PM","12/15/2025, 9:15:55 AM","12/15/2025, 11:44:04 AM",12/15/2025,f4f7c86f9b157d85,1,HT28001,NA,female,principal,0,0,0,2,2,0,2002,2010,2010,1,1,5,NA,1,2010,in_service,0,1,0,0,NA,4,4,0,0,0,1,0,0,NA,1,1,0,0,0,0,0,0,0,0,0,NA,0,1,1,1,1,1,0,0,0,NA,4,5,5,5,5,5,5,3,2,NA,6,NA,5,NA,1,1,6 7,0,0,0,0,0,1,1,0,0,NA,3,NA,4 6,0,0,0,1,0,1,0,0,0,NA,5,NA,6,NA,97,None,2 8,0,1,0,0,0,0,0,1,0,0,NA,2,NA,1,1,0,0,0,0,0,0,NA,2 6,0,1,0,0,0,1,0,NA,6,NA,1,1 4 6,1,0,0,1,0,1,0,0,0,0,NA,4,NA,1 2 3 4,1,1,1,1,0,0,NA,3,NA,2,NA,1,NA,1,NA,1,None,3,3,3,4,3,3,4,5,NA,5,1 2 97,1,1,0,0,0,0,0,1,Lack of personal hygiene,8,NA,5,NA,97,Student behaviour,3,4,4,3,5,3,4,1,4 5,0,0,0,1,1,0,0,NA,1,NA,3,2,3 6,0,0,1,0,0,1,0,NA,1,6,0,NA,NA,NA,NA,NA,NA,0,NA,3,3,4,4,3,4,4,4,4,1,1,1,4,4,4,4,4,2,4,1,4,3,1,2,4,3,2,2,2,2,1,2,1,1,2,1,male,2,2,3,0,0,1,0,0,0,NA,3,3,2,3,1,2,3,1,3,1,3,4,2,4,4,4,1,2,2,4,1,4,3,1,1,2,3,4,3,1,2 5 7,0,1,0,0,1,0,1,0,0,NA,33,NA,17600,"Lack of a comfortable learning environment,Lack learning material like handbook,lack of learning resources,Lack of student parents participation,Lack of School Budget,No Teacher benefits,demoz ya 4wer wezef alemesetet,No Teacher professional update like training",uuid:beed2d04-0d88-4199-8ebe-ab3771ebcb32,2512142209,uuid:beed2d04-0d88-4199-8ebe-ab3771ebcb32
704117,S0710151002,SOUTH ETHIOPIA,Gofa,oyda,baneda mulu,Urban,"12/15/2025, 3:39:12 PM","12/15/2025, 9:14:40 AM","12/15/2025, 11:19:42 AM",12/15/2025,85f0c2e0bb3e15c4,1,HT28002,NA,male,vice_principal,0,1,1,2,2,0,1998,2001,2016,5,1,4,NA,1,2017,in_service,0,1,0,0,NA,4,4,0,0,0,1,0,0,NA,6 7,0,0,0,0,0,1,1,0,0,0,NA,1,1,1,1,1,1,1,0,0,NA,5,3,4,4,4,5,4,1,2,NA,5,NA,6,NA,1,1,1 6,1,0,0,0,0,1,0,0,0,NA,3,NA,4 6,0,0,0,1,0,1,0,0,0,NA,6,NA,3,NA,8,NA,1,1,0,0,0,0,0,0,0,0,0,NA,2,NA,1 2 4,1,1,0,1,0,0,0,NA,2 6,0,1,0,0,0,1,0,NA,6,NA,1,2 4 7 9,0,1,0,1,0,0,1,0,1,0,NA,2,NA,NA,NA,NA,NA,NA,NA,NA,NA,2,NA,2,NA,1,NA,2,NA,1,None,3,3,3,3,3,3,4,4,NA,1,7,0,0,0,0,0,0,1,0,NA,5,NA,2,NA,8,NA,5,4,4,4,5,4,4,2,3 4,0,0,1,1,0,0,0,NA,1,NA,3,1,NA,NA,NA,NA,NA,NA,NA,NA,NA,1,2,1,1,1,0,0,0,NA,1,Academic principal,3,3,3,4,3,4,4,1,4,4,2,2,4,3,4,1,4,1,3,4,4,1,3,3,4,3,2,2,1,3,1,1,2,1,1,3,male,1,5,2 4,0,1,0,1,0,0,NA,1,2,2,3,2,2,2,1,3,3,3,1,3,4,4,3,3,1,1,4,1,1,2,1,3,4,2,4,1,2,3 5,0,0,1,0,1,0,0,0,0,NA,46,NA,14010,Limited trained teachers for Local language,uuid:8dab1aed-0559-4df9-9f8f-889ebb02c671,2512142209,uuid:8dab1aed-0559-4df9-9f8f-889ebb02c671
701484,S0710180972,SOUTH ETHIOPIA,Gamo,arbaminch town ad.,shara muja t/bete,Urban,"12/22/2025, 9:34:31 PM","12/22/2025, 9:19:45 AM","12/22/2025, 9:21:04 PM",12/22/2025,fea9d6f155143cc5,1,HT41602,NA,male,vice_principal,0,1,1,2,1,1,2003,2011,2017,2,6,5,NA,1,2015,in_service,0,1,0,0,NA,5,2 3,0,1,1,0,0,0,NA,1 4,1,0,0,1,0,0,0,0,0,0,NA,0,1,1,1,1,1,1,0,0,NA,5,4,5,4,5,5,5,1,1,NA,7,NA,2,NA,1,1,2 7 8,0,1,0,0,0,0,1,1,0,NA,3,NA,3 4,0,0,1,1,0,0,0,0,0,NA,1,NA,3,NA,6,NA,3 6,0,0,1,0,0,1,0,0,0,0,NA,2,NA,1,1,0,0,0,0,0,0,NA,2,0,1,0,0,0,0,0,NA,6,NA,1,1 3 4,1,0,1,1,0,0,0,0,0,0,NA,3,NA,NA,NA,NA,NA,NA,NA,NA,NA,2,NA,2,NA,1,NA,1,NA,1,no,1,3,3,3,4,4,4,5,NA,1,2,0,1,0,0,0,0,0,0,NA,2,NA,5,NA,6,NA,5,4,5,5,5,5,5,1,2,0,1,0,0,0,0,0,NA,2,NA,2,2,3 4,0,0,1,1,0,0,0,NA,1,1,0,NA,NA,NA,NA,NA,NA,0,NA,4,3,4,3,2,4,4,1,4,1,1,3,4,1,4,4,4,1,2,3,4,1,4,3,4,3,3,3,1,1,1,1,1,1,3,1,male,4,5,1 2 3 4,1,1,1,1,0,0,NA,3,2,2,2,2,3,3,3,3,3,3,1,1,4,4,4,4,2,1,4,1,1,3,1,1,1,4,4,4,2,5 8,0,0,0,0,1,0,0,1,0,NA,36,NA,16000,No,uuid:249c12e8-f65b-47bb-84fd-848a3385b351,2512142209,uuid:249c12e8-f65b-47bb-84fd-848a3385b351
701484,S0710180972,SOUTH ETHIOPIA,Gamo,arbaminch town ad.,shara muja t/bete,Urban,"12/22/2025, 9:34:32 PM","12/22/2025, 11:07:12 AM","12/22/2025, 9:26:39 PM",12/22/2025,fea9d6f155143cc5,1,HT41601,NA,female,principal,0,0,0,2,1,1,1993,1994,2011,5,1,5,NA,1,2016,in_service,0,1,0,0,NA,1,1 2 3,1,1,1,0,0,0,NA,1 4,1,0,0,1,0,0,0,0,0,0,NA,0,1,0,0,0,0,1,0,0,NA,5,5,5,5,5,5,5,5,7,NA,2,NA,3,NA,1,1,3 6 7,0,0,1,0,0,1,1,0,0,NA,3,NA,4 7,0,0,0,1,0,0,1,0,0,NA,1,NA,3,NA,6,NA,7,0,0,0,0,0,0,1,0,0,0,NA,2,NA,1,1,0,0,0,0,0,0,NA,2 6,0,1,0,0,0,1,0,NA,6,NA,1,2 3 4 5 7 8,0,1,1,1,1,0,1,1,0,0,NA,3,NA,NA,NA,NA,NA,NA,NA,NA,NA,2,NA,2,NA,2,NA,1,NA,1,No,4,3,3,4,4,4,4,4,NA,1,2,0,1,0,0,0,0,0,0,NA,5,NA,6,NA,2,NA,5,5,5,5,5,5,5,1,2 4 5,0,1,0,1,1,0,0,NA,1,NA,4,2,3 4,0,0,1,1,0,0,0,NA,1,1,0,NA,NA,NA,NA,NA,NA,0,NA,4,4,4,4,4,4,4,1,1,1,1,1,4,4,1,4,4,3,4,1,4,4,1,4,4,3,3,3,1,1,1,1,1,1,3,1,male,4,5,1 2 3 4,1,1,1,1,0,0,NA,2,2,2,2,2,3,3,2,1,3,3,4,1,4,4,4,1,1,1,4,1,1,3,1,1,1,4,4,4,1,1 3 4 5 7,1,0,1,1,1,0,1,0,0,NA,41,NA,16800,No,uuid:74032bda-f14e-40ce-a2c9-1bee15ce02c8,2512142209,uuid:74032bda-f14e-40ce-a2c9-1bee15ce02c8
1305053,S0717020522,SWEPR,Dawro,mareka,maydi kanki,Rural,"12/18/2025, 9:30:19 PM","12/18/2025, 12:24:41 PM","12/18/2025, 9:29:01 PM",12/18/2025,7b083c6dbffcaebb,1,HT29701,NA,male,principal,0,0,0,0,NA,NA,1997,2001,2013,4,1,5,NA,0,NA,NA,NA,NA,NA,NA,NA,5,1 3,1,0,1,0,0,0,NA,3,0,0,1,0,0,0,0,0,0,0,NA,0,1,0,0,1,1,1,0,0,NA,5,5,5,4,5,5,5,5,2,NA,6,NA,5,NA,1,1,1 5 97,1,0,0,0,1,0,0,0,1,Improve students discipline,3,NA,2 5,0,1,0,0,1,0,0,0,0,NA,1,NA,3,NA,6,NA,1 2,1,1,0,0,0,0,0,0,0,0,NA,5,NA,1,1,0,0,0,0,0,0,NA,6,0,0,0,0,0,1,0,NA,6,NA,1,1 4,1,0,0,1,0,0,0,0,0,0,NA,4,NA,1 4,1,0,0,1,0,0,NA,2,NA,2,NA,1,NA,1,NA,3,No,4,3,3,4,3,3,4,5,NA,6,1 3,1,0,1,0,0,0,0,0,NA,6,NA,5,NA,8,NA,5,5,4,5,5,5,5,1,3 4 6,0,0,1,1,0,1,0,NA,3,NA,1,1,NA,NA,NA,NA,NA,NA,NA,NA,NA,1,1,0,NA,NA,NA,NA,NA,NA,0,NA,3,2,3,3,3,3,4,3,3,1,1,1,4,3,3,3,3,3,3,3,3,3,3,4,4,3,3,3,3,2,2,2,2,1,1,3,male,2,3,2,0,1,0,0,0,0,NA,3,3,3,3,3,3,3,3,3,3,3,3,3,3,3,3,3,3,3,4,3,3,2,3,1,1,4,4,4,1,1 7,1,0,0,0,0,0,1,0,0,NA,43,NA,17040,Lack of Community participation,uuid:be379dfd-9998-4a4e-872b-980c8b81d4d4,2512142209,uuid:be379dfd-9998-4a4e-872b-980c8b81d4d4
1304646,S0717030032,SWEPR,Dawro,disa,disa mulu,Rural,"12/19/2025, 10:10:12 PM","12/19/2025, 12:14:54 PM","12/19/2025, 10:03:27 PM",12/19/2025,7b083c6dbffcaebb,1,HT29201,NA,male,principal,0,0,0,1,1,0,1991,1991,2017,4,1,5,NA,1,2017,in_service,0,1,0,0,NA,2,1 2 3,1,1,1,0,0,0,NA,2 8,0,1,0,0,0,0,0,1,0,0,NA,1,1,1,1,1,1,1,0,0,NA,5,5,5,4,4,4,5,3,2,NA,6,NA,7,NA,1,1,1 4 5,1,0,0,1,1,0,0,0,0,NA,3,NA,3 5,0,0,1,0,1,0,0,0,0,NA,1,NA,3,NA,5,NA,7 9,0,0,0,0,0,0,1,0,1,0,NA,5,NA,1,1,0,0,0,0,0,0,NA,2 6 97,0,1,0,0,0,1,1,Stay Library,6,NA,1,1 4 8,1,0,0,1,0,0,0,1,0,0,NA,3,NA,NA,NA,NA,NA,NA,NA,NA,NA,2,NA,2,NA,1,NA,2,NA,1,No,3,3,3,3,4,3,3,5,NA,3,1 2,1,1,0,0,0,0,0,0,NA,5,NA,6,NA,2,NA,4,4,4,4,5,4,5,3,3 4 6,0,0,1,1,0,1,0,NA,2,NA,3,2,1,1,0,0,0,0,0,0,NA,1,1,0,NA,NA,NA,NA,NA,NA,0,NA,3,3,3,4,3,3,4,3,4,2,1,2,4,3,3,3,4,3,4,3,4,4,1,3,4,2,2,3,2,2,2,2,3,1,2,2,male,3,5,1 2 3,1,1,1,0,0,0,NA,2,1,3,2,2,2,2,3,3,1,2,4,3,4,4,4,3,3,3,4,1,1,2,3,3,3,3,4,3,2,1 5,1,0,0,0,1,0,0,0,0,NA,49,NA,17019,NA,uuid:54cc4255-61fc-44eb-a579-b100f0469cc7,2512142209,uuid:54cc4255-61fc-44eb-a579-b100f0469cc7
1304646,S0717030032,SWEPR,Dawro,disa,disa mulu,Rural,"12/20/2025, 9:51:17 AM","12/19/2025, 7:02:48 AM","12/20/2025, 3:53:09 AM",12/19/2025,9103e136556fc552,1,HT29202,NA,male,vice_principal,1,0,1,1,1,0,2000,2014,2018,4,1,5,NA,1,2016,in_service,0,1,0,0,NA,999,1 2 3,1,1,1,0,0,0,NA,1 2 4,1,1,0,1,0,0,0,0,0,0,NA,0,1,1,1,1,1,1,1,0,NA,5,4,5,5,5,5,5,4,2,NA,3,NA,4,NA,1,1,1 3 6,1,0,1,0,0,1,0,0,0,NA,2,NA,3 4,0,0,1,1,0,0,0,0,0,NA,1,NA,3,NA,7,NA,8 9,0,0,0,0,0,0,0,1,1,0,NA,2,NA,1,1,0,0,0,0,0,0,NA,6,0,0,0,0,0,1,0,NA,6,NA,1,1 3 4 5 8,1,0,1,1,1,0,0,1,0,0,NA,97,I will discuss with students and parents,NA,NA,NA,NA,NA,NA,NA,NA,2,NA,2,NA,1,NA,1,NA,1,NA,4,3,4,4,4,4,4,4,NA,6,1 2 4,1,1,0,1,0,0,0,0,NA,6,NA,5,NA,11,NA,5,5,4,5,5,5,5,2,3 4 6,0,0,1,1,0,1,0,NA,2,NA,4,2,3 6,0,0,1,0,0,1,0,NA,1,2,1,1,1,0,0,0,NA,1,Teachers,4,4,4,4,4,4,4,4,4,1,1,1,4,4,1,4,4,4,4,4,3,4,1,3,4,2,2,3,1,1,1,1,1,1,2,2,male,3,5,1 2 3 4,1,1,1,1,0,0,NA,3,3,2,3,3,3,3,3,3,3,3,4,1,4,4,4,1,1,1,4,1,1,3,1,1,1,4,1,4,2,1 2 5 7,1,1,0,0,1,0,1,0,0,NA,38,NA,14512,"Poor infrastructure , lack of school materials",uuid:e19f4942-687f-4386-899d-5287cd2c6efd,2512142209,uuid:e19f4942-687f-4386-899d-5287cd2c6efd
1305382,S0717042652,SWEPR,Dawro,zabagezo,yela,Rural,"12/23/2025, 8:36:55 AM","12/22/2025, 12:34:47 PM","12/23/2025, 8:35:34 AM",12/22/2025,7b083c6dbffcaebb,1,HT29901,NA,male,principal,0,0,0,0,NA,NA,1996,2003,2011,3,1,5,NA,0,NA,NA,NA,NA,NA,NA,NA,3,1 2 3,1,1,1,0,0,0,NA,3 4 8,0,0,1,1,0,0,0,1,0,0,NA,0,1,1,1,1,1,1,1,0,NA,5,4,5,5,5,5,5,2,2,NA,1,NA,5,NA,1,1,1 2 5,1,1,0,0,1,0,0,0,0,NA,3,NA,1 8,1,0,0,0,0,0,0,1,0,NA,1,NA,3,NA,2,NA,1 5,1,0,0,0,1,0,0,0,0,0,NA,5,NA,1,1,0,0,0,0,0,0,NA,2 6,0,1,0,0,0,1,0,NA,6,NA,1,4 5,0,0,0,1,1,0,0,0,0,0,NA,3,NA,NA,NA,NA,NA,NA,NA,NA,NA,2,NA,2,NA,2,NA,2,NA,2,No,4,4,3,4,3,4,4,5,NA,6,3,0,0,1,0,0,0,0,0,NA,6,NA,2,NA,5,NA,5,5,5,5,5,5,5,3,3 6,0,0,1,0,0,1,0,NA,1,NA,4,3,1 6,1,0,0,0,0,1,0,NA,1,1,0,NA,NA,NA,NA,NA,NA,0,NA,3,3,3,4,4,4,4,3,4,1,1,1,4,1,4,3,4,1,4,3,4,3,1,1,4,3,3,3,3,3,2,2,1,1,3,4,male,3,5,1 2,1,1,0,0,0,0,NA,1,3,1,1,3,3,3,3,3,3,3,4,1,3,4,4,3,4,1,4,1,1,3,1,1,2,3,4,3,1,4 6,0,0,0,1,0,1,0,0,0,NA,48,NA,17047,NA,uuid:0ac87e71-cdf2-4815-9a6e-9e617aa7df4d,2512142209,uuid:0ac87e71-cdf2-4815-9a6e-9e617aa7df4d
709828,S0720050132,CENTRAL ETHIOPIA,Silte,dalocha town ad.,dalocha tlikasa,Rural,"12/9/2025, 7:57:16 PM","12/8/2025, 9:18:28 AM","12/9/2025, 5:13:45 PM",12/8/2025,fef309259d139ee0,1,HT6301,NA,female,principal,1,1,2,2,1,1,2005,2007,2017,1,1,5,NA,1,2017,management,1,0,0,0,NA,3,3,0,0,1,0,0,0,NA,1,1,0,0,0,0,0,0,0,0,0,NA,0,0,0,1,1,0,1,0,0,NA,5,5,5,5,5,5,5,5,4,NA,3,NA,2,NA,1,1,1,1,0,0,0,0,0,0,0,0,NA,2,NA,4 6,0,0,0,1,0,1,0,0,0,NA,2,NA,5,NA,3,NA,1,1,0,0,0,0,0,0,0,0,0,NA,2,NA,1,1,0,0,0,0,0,0,NA,2,0,1,0,0,0,0,0,NA,6,NA,1,1,1,0,0,0,0,0,0,0,0,0,NA,3,NA,NA,NA,NA,NA,NA,NA,NA,NA,3,NA,2,NA,1,NA,2,NA,2,No,5,5,5,5,5,5,5,4,NA,7,2,0,1,0,0,0,0,0,0,NA,2,NA,5,NA,3,NA,5,5,5,5,5,5,5,1,1,1,0,0,0,0,0,0,NA,2,NA,3,3,5,0,0,0,0,1,0,0,NA,1,1,1,1,1,0,0,0,NA,1,1,4,4,4,4,3,4,4,4,4,2,2,3,2,4,2,3,3,3,3,3,3,3,3,3,3,2,2,2,2,2,2,2,2,2,2,2,male,4,2,3,0,0,1,0,0,0,NA,1,1,2,2,2,2,2,1,1,1,1,4,1,3,4,1,1,1,1,3,1,1,3,1,1,3,1,3,4,1,2 3,0,1,1,0,0,0,0,0,0,NA,28,NA,15507,No,uuid:fb2bb466-9a9a-44f8-a6bf-0956f6c07ac1,2512031638,uuid:fb2bb466-9a9a-44f8-a6bf-0956f6c07ac1
709828,S0720050132,CENTRAL ETHIOPIA,Silte,dalocha town ad.,dalocha tlikasa,Rural,"12/9/2025, 7:57:16 PM","12/9/2025, 3:51:57 PM","12/9/2025, 5:10:38 PM",12/9/2025,fef309259d139ee0,1,HT6802,NA,male,vice_principal,1,0,1,1,1,0,2008,2017,2017,2,2,5,NA,1,2017,management,1,0,0,0,NA,2,1,1,0,0,0,0,0,NA,1 2,1,1,0,0,0,0,0,0,0,0,NA,0,1,0,0,1,0,1,0,0,NA,4,4,5,5,5,5,5,5,2,NA,6,NA,5,NA,1,2,1 2 3,1,1,1,0,0,0,0,0,0,NA,2,NA,1 2,1,1,0,0,0,0,0,0,0,NA,1,NA,2,NA,3,NA,3 4,0,0,1,1,0,0,0,0,0,0,NA,2,NA,1,1,0,0,0,0,0,0,NA,5,0,0,0,0,1,0,0,NA,2,NA,1,1 2 3,1,1,1,0,0,0,0,0,0,0,NA,2,NA,NA,NA,NA,NA,NA,NA,NA,NA,2,NA,2,NA,2,NA,2,NA,1,No,5,5,5,5,4,4,4,3,NA,3,1 2,1,1,0,0,0,0,0,0,NA,4,NA,2,NA,5,NA,5,5,5,4,4,5,5,1,2,0,1,0,0,0,0,0,NA,2,NA,2,2,1 4,1,0,0,1,0,0,0,NA,1,1,1,1,1,0,0,0,NA,1,1,4,4,4,4,4,3,3,3,3,1,1,2,3,1,1,4,3,3,4,1,3,3,1,2,4,2,2,1,2,2,2,2,2,2,2,1,male,3,1,1 2,1,1,0,0,0,0,NA,3,2,2,1,3,2,2,1,1,2,1,3,3,3,3,3,3,3,1,4,3,3,3,1,3,3,4,3,4,1,1 2,1,1,0,0,0,0,0,0,0,NA,31,NA,15000,No,uuid:ce3b3e23-68b9-40d1-ac3a-e75bd68fdc30,2512031638,uuid:ce3b3e23-68b9-40d1-ac3a-e75bd68fdc30
710385,S0720060022,CENTRAL ETHIOPIA,Silte,sankura,menzo,Rural,"12/16/2025, 7:59:00 PM","12/16/2025, 12:14:27 PM","12/16/2025, 6:47:47 PM",12/16/2025,fef309259d139ee0,1,HT7502,NA,male,vice_principal,1,0,1,1,1,0,2005,2007,2017,2,2,5,NA,1,2017,management,1,0,0,0,NA,4,3,0,0,1,0,0,0,NA,2 5,0,1,0,0,1,0,0,0,0,0,NA,0,0,0,0,0,0,0,0,0,NA,5,5,5,5,5,5,5,4,2,NA,6,NA,7,NA,1,1,1 2,1,1,0,0,0,0,0,0,0,NA,1,NA,3 6,0,0,1,0,0,1,0,0,0,NA,3,NA,1,NA,2,NA,1 2,1,1,0,0,0,0,0,0,0,0,NA,2,NA,4,0,0,0,1,0,0,0,NA,5 6,0,0,0,0,1,1,0,NA,1,NA,1,1 2 4,1,1,0,1,0,0,0,0,0,0,NA,1,NA,NA,NA,NA,NA,NA,NA,NA,NA,1,NA,2,NA,2,NA,2,NA,3,NA,4,4,4,4,4,4,4,3,NA,2,2 3,0,1,1,0,0,0,0,0,NA,3,NA,2,NA,4,NA,4,4,4,4,4,4,4,1,1,1,0,0,0,0,0,0,NA,4,NA,1,1,NA,NA,NA,NA,NA,NA,NA,NA,NA,1,2,0,NA,NA,NA,NA,NA,NA,0,NA,4,3,3,3,3,3,3,3,3,1,1,1,3,1,4,3,3,3,3,3,3,3,3,3,3,2,2,2,2,2,2,2,2,2,2,3,male,2,1,2 4,0,1,0,1,0,0,NA,2,1,1,1,2,1,2,2,2,2,1,3,3,3,3,3,3,3,3,3,3,3,3,4,4,4,4,4,4,1,1 2,1,1,0,0,0,0,0,0,0,NA,37,NA,14923,NA,uuid:c11c74c7-69bc-4a31-af3c-345660aff78e,2512142209,uuid:c11c74c7-69bc-4a31-af3c-345660aff78e
710385,S0720060022,CENTRAL ETHIOPIA,Silte,sankura,menzo,Rural,"12/16/2025, 7:59:00 PM","12/16/2025, 11:38:55 AM","12/16/2025, 6:48:09 PM",12/16/2025,fef309259d139ee0,1,HT7501,NA,female,principal,0,1,1,1,0,1,2009,2011,2017,3,2,5,NA,1,2017,management,1,0,0,0,NA,3,3,0,0,1,0,0,0,NA,4,0,0,0,1,0,0,0,0,0,0,NA,0,0,0,0,0,0,0,0,0,NA,5,5,5,5,5,5,5,3,2,NA,5,NA,3,NA,1,1,1 2,1,1,0,0,0,0,0,0,0,NA,3,NA,3 4,0,0,1,1,0,0,0,0,0,NA,3,NA,2,NA,1,NA,2,0,1,0,0,0,0,0,0,0,0,NA,2,NA,1,1,0,0,0,0,0,0,NA,5 6,0,0,0,0,1,1,0,NA,2,NA,1,1 2,1,1,0,0,0,0,0,0,0,0,NA,2,NA,NA,NA,NA,NA,NA,NA,NA,NA,1,NA,2,NA,2,NA,1,NA,2,NA,3,3,3,3,4,4,4,3,NA,6,1 2,1,1,0,0,0,0,0,0,NA,5,NA,6,NA,7,NA,4,4,4,4,4,4,4,2,2 4,0,1,0,1,0,0,0,NA,1,NA,1,2,1 2,1,1,0,0,0,0,0,NA,0,NA,1,2,0,1,0,0,NA,0,NA,4,4,4,3,4,3,3,3,3,2,2,2,4,4,1,1,4,4,3,4,4,4,4,4,4,2,2,2,2,2,2,2,2,2,2,1,male,2,1,1 3,1,0,1,0,0,0,NA,2,3,2,1,1,1,2,3,3,3,2,3,3,3,3,3,3,3,3,3,3,3,3,4,4,4,4,4,4,1,1 2,1,1,0,0,0,0,0,0,0,NA,32,NA,16258,NA,uuid:d3ec8365-91a6-431f-87db-3bd7c48b893a,2512142209,uuid:d3ec8365-91a6-431f-87db-3bd7c48b893a
709549,S0720063002,CENTRAL ETHIOPIA,Silte,alemgebeya town ad.,adasha,Urban,"12/19/2025, 10:55:35 PM","12/19/2025, 10:33:36 AM","12/19/2025, 10:27:43 PM",12/19/2025,fef309259d139ee0,1,HT3002,NA,male,vice_principal,1,0,1,1,1,0,2002,2011,2012,4,6,5,NA,1,2017,management,1,0,0,0,NA,2,3,0,0,1,0,0,0,NA,1 2,1,1,0,0,0,0,0,0,0,0,NA,0,0,0,0,0,0,1,0,0,NA,5,5,5,5,5,4,4,4,2,NA,7,NA,8,NA,1,1,2 6,0,1,0,0,0,1,0,0,0,NA,3,NA,4 6,0,0,0,1,0,1,0,0,0,NA,3,NA,6,NA,1,NA,5,0,0,0,0,1,0,0,0,0,0,NA,2,NA,1,1,0,0,0,0,0,0,NA,2,0,1,0,0,0,0,0,NA,6,NA,1,4,0,0,0,1,0,0,0,0,0,0,NA,3,NA,NA,NA,NA,NA,NA,NA,NA,NA,2,NA,2,NA,2,NA,2,NA,1,NA,3,3,3,4,4,3,4,3,NA,1,1 2,1,1,0,0,0,0,0,0,NA,2,NA,5,NA,8,NA,5,5,4,5,5,5,5,1,1 2,1,1,0,0,0,0,0,NA,1,NA,4,4,1,1,0,0,0,0,0,0,NA,1,1,0,NA,NA,NA,NA,NA,NA,0,NA,4,4,4,4,4,4,4,1,3,1,1,1,4,4,1,4,4,3,4,3,3,4,1,3,1,2,2,2,2,2,2,2,1,1,3,2,male,2,1,1 2,1,1,0,0,0,0,NA,1,1,1,3,3,2,2,2,3,3,3,4,3,3,4,3,3,3,1,4,1,3,3,1,1,3,4,3,3,2,4,0,0,0,1,0,0,0,0,0,NA,38,NA,15400,NA,uuid:03623a57-6647-42a4-90fc-94e22a06c089,2512142209,uuid:03623a57-6647-42a4-90fc-94e22a06c089
709549,S0720063002,CENTRAL ETHIOPIA,Silte,alemgebeya town ad.,adasha,Urban,"12/19/2025, 10:55:36 PM","12/19/2025, 9:44:40 AM","12/19/2025, 10:28:23 PM",12/19/2025,fef309259d139ee0,1,HT3001,NA,male,principal,1,0,1,2,2,0,2000,2004,2017,3,1,5,NA,1,2017,management,1,0,0,0,NA,3,3,0,0,1,0,0,0,NA,2 4,0,1,0,1,0,0,0,0,0,0,NA,0,0,0,0,0,0,1,0,0,NA,5,5,5,5,5,5,4,5,6,NA,2,NA,7,NA,1,1,2 3,0,1,1,0,0,0,0,0,0,NA,3,NA,3 4,0,0,1,1,0,0,0,0,0,NA,3,NA,5,NA,6,NA,2,0,1,0,0,0,0,0,0,0,0,NA,2,NA,4,0,0,0,1,0,0,0,NA,2 5 6,0,1,0,0,1,1,0,NA,6,NA,1,4 7,0,0,0,1,0,0,1,0,0,0,NA,3,NA,NA,NA,NA,NA,NA,NA,NA,NA,2,NA,2,NA,2,NA,2,NA,2,NA,3,3,3,3,4,3,4,2,NA,6,1 2,1,1,0,0,0,0,0,0,NA,5,NA,4,NA,2,NA,4,5,4,4,5,4,5,2,4,0,0,0,1,0,0,0,NA,1,NA,4,2,1 6,1,0,0,0,0,1,0,NA,1,2,1,1,1,0,0,0,NA,0,NA,4,4,4,4,4,3,4,4,4,1,1,1,4,4,1,3,4,3,4,1,4,3,1,1,4,2,2,3,1,2,2,2,2,2,2,2,male,2,1,1,1,0,0,0,0,0,NA,1,1,1,1,1,2,2,1,2,2,1,3,3,4,4,4,4,4,1,4,3,3,3,1,1,4,4,3,3,4,5 7,0,0,0,0,1,0,1,0,0,NA,33,NA,16000,NA,uuid:5f813907-07ae-4a72-b9ad-995f91069d59,2512142209,uuid:5f813907-07ae-4a72-b9ad-995f91069d59
710216,S0720070282,CENTRAL ETHIOPIA,Silte,misirak azernet berbere,kember shomo,Urban,"12/23/2025, 8:46:24 PM","12/23/2025, 12:32:32 PM","12/23/2025, 8:29:51 PM",12/23/2025,fef309259d139ee0,1,TH5902,NA,female,principal,0,1,1,1,0,1,1997,1999,2017,4,1,5,NA,1,2009,management,1,0,0,0,NA,999,3,0,0,1,0,0,0,NA,2,0,1,0,0,0,0,0,0,0,0,NA,0,0,0,0,0,0,0,0,0,NA,5,5,5,5,5,5,5,5,2,NA,7,NA,6,NA,1,1,4 5 6,0,0,0,1,1,1,0,0,0,NA,3,NA,2 4,0,1,0,1,0,0,0,0,0,NA,3,NA,6,NA,2,NA,5,0,0,0,0,1,0,0,0,0,0,NA,2,NA,1,1,0,0,0,0,0,0,NA,2,0,1,0,0,0,0,0,NA,6,NA,1,3,0,0,1,0,0,0,0,0,0,0,NA,2,NA,NA,NA,NA,NA,NA,NA,NA,NA,2,NA,2,NA,3,NA,3,NA,3,NA,4,4,3,4,3,3,4,3,NA,2,1 2,1,1,0,0,0,0,0,0,NA,5,NA,6,NA,9,NA,5,5,4,4,4,4,4,3,2,0,1,0,0,0,0,0,NA,2,NA,1,2,4,0,0,0,1,0,0,0,NA,1,2,1,1,1,0,0,0,NA,0,NA,3,3,3,3,3,3,3,3,3,2,1,1,3,4,1,3,3,3,3,3,3,3,3,3,3,2,2,2,2,2,2,2,2,2,2,3,male,4,1,4,0,0,0,1,0,0,NA,3,3,3,3,3,3,3,3,3,3,3,3,3,3,3,3,3,3,3,3,3,3,3,4,4,4,4,4,4,1,1 2 3 5,1,1,1,0,1,0,0,0,0,NA,38,NA,16130,NA,uuid:2a9b21e5-bf20-4651-8398-517adb4260ea,2512142209,uuid:2a9b21e5-bf20-4651-8398-517adb4260ea
710216,S0720070282,CENTRAL ETHIOPIA,Silte,misirak azernet berbere,kember shomo,Urban,"12/23/2025, 8:46:25 PM","12/23/2025, 10:52:27 AM","12/23/2025, 8:30:59 PM",12/23/2025,fef309259d139ee0,1,TH5901,NA,female,vice_principal,0,1,1,1,0,1,2008,2011,2011,1,1,5,NA,0,NA,NA,NA,NA,NA,NA,NA,999,5,0,0,0,0,1,0,NA,4,0,0,0,1,0,0,0,0,0,0,NA,0,0,0,0,0,0,0,0,0,NA,5,5,5,4,4,4,4,5,2,NA,6,NA,3,NA,1,1,1 3 6,1,0,1,0,0,1,0,0,0,NA,3,NA,3 4,0,0,1,1,0,0,0,0,0,NA,3,NA,6,NA,1,NA,2,0,1,0,0,0,0,0,0,0,0,NA,2,NA,1,1,0,0,0,0,0,0,NA,6,0,0,0,0,0,1,0,NA,6,NA,1,1 2 3,1,1,1,0,0,0,0,0,0,0,NA,3,NA,NA,NA,NA,NA,NA,NA,NA,NA,2,NA,2,NA,3,NA,2,NA,2,NA,4,4,3,3,4,4,4,3,NA,3,1 2,1,1,0,0,0,0,0,0,NA,2,NA,4,NA,5,NA,4,4,4,4,4,5,4,3,3 4,0,0,1,1,0,0,0,NA,4,NA,4,3,1,1,0,0,0,0,0,0,NA,1,2,1,2,0,1,0,0,NA,0,NA,3,3,3,3,3,3,3,3,3,2,1,1,4,3,3,3,3,1,3,3,4,3,3,3,3,1,1,1,1,1,1,1,1,1,1,1,male,2,3,1 2 3 4,1,1,1,1,0,0,NA,3,2,2,3,3,2,3,3,1,1,1,3,3,3,3,4,3,3,3,3,3,3,3,1,4,4,4,4,4,2,1 2 4 5,1,1,0,1,1,0,0,0,0,NA,31,NA,14500,NA,uuid:cb2e2367-d29a-42d3-87e2-41642fc5aa99,2512142209,uuid:cb2e2367-d29a-42d3-87e2-41642fc5aa99
709901,S0720080132,CENTRAL ETHIOPIA,Silte,hulbareg,ambercho gimba,Rural,"12/15/2025, 8:28:31 PM","12/15/2025, 2:51:34 PM","12/15/2025, 8:17:49 PM",12/15/2025,fef309259d139ee0,1,HT4501,NA,male,principal,1,0,1,1,1,0,1991,2001,2001,4,2,7,NA,1,2003,management,1,0,0,0,NA,1,4,0,0,0,1,0,0,NA,5,0,0,0,0,1,0,0,0,0,0,NA,1,0,1,0,0,1,0,0,1,NA,4,4,4,4,4,4,4,5,2,NA,5,NA,7,NA,1,2,1 2,1,1,0,0,0,0,0,0,0,NA,2,NA,1 8,1,0,0,0,0,0,0,1,0,NA,1,NA,3,NA,4,NA,1,1,0,0,0,0,0,0,0,0,0,NA,1,NA,1 2,1,1,0,0,0,0,0,NA,2,0,1,0,0,0,0,0,NA,1,NA,1,1 2 3,1,1,1,0,0,0,0,0,0,0,NA,1,NA,NA,NA,NA,NA,NA,NA,NA,NA,1,NA,2,NA,2,NA,2,NA,3,NA,4,4,4,4,4,4,4,3,NA,3,1 2,1,1,0,0,0,0,0,0,NA,6,NA,5,NA,7,NA,5,5,4,4,5,5,4,1,4,0,0,0,1,0,0,0,NA,2,NA,5,4,1,1,0,0,0,0,0,0,NA,1,2,1,1,1,0,0,0,NA,0,NA,4,3,3,3,3,3,4,4,4,2,1,1,4,4,1,1,4,1,3,1,4,4,1,3,3,3,3,1,1,1,1,1,1,1,2,1,male,2,1,3,0,0,1,0,0,0,NA,1,2,2,2,2,2,2,1,2,2,2,4,4,4,4,4,4,4,1,1,4,1,2,1,1,4,4,4,4,1,1 2,1,1,0,0,0,0,0,0,0,NA,35,NA,10350,NA,uuid:0079973d-b5db-4948-9b5c-72c265781c45,2512111015,uuid:0079973d-b5db-4948-9b5c-72c265781c45
800022,S0801010152,GAMBELLA,Anywa,abobo,lumtak,Rural,"12/10/2025, 8:38:15 AM","12/9/2025, 11:16:15 AM","12/10/2025, 3:27:24 AM",12/9/2025,7920b42f5d4d12d1,1,HT101,NA,male,principal,0,0,0,0,NA,NA,2009,2015,2015,1,3,4,NA,1,2016,other,0,0,0,1,Annual plan,4,4,0,0,0,1,0,0,NA,1 4,1,0,0,1,0,0,0,0,0,0,NA,0,1,1,1,1,1,1,1,0,NA,4,3,4,4,4,4,3,4,4,NA,1,NA,6,NA,1,1,2 4,0,1,0,1,0,0,0,0,0,NA,2,NA,3 5,0,0,1,0,1,0,0,0,0,NA,8,NA,4,NA,2,NA,8,0,0,0,0,0,0,0,1,0,0,NA,5,NA,1,1,0,0,0,0,0,0,NA,3 6,0,0,1,0,0,1,0,NA,6,NA,1,1 7,1,0,0,0,0,0,1,0,0,0,NA,3,NA,NA,NA,NA,NA,NA,NA,NA,NA,2,NA,2,NA,2,NA,1,NA,1,No,4,3,3,3,3,3,4,3,NA,6,1,1,0,0,0,0,0,0,0,NA,5,NA,6,NA,1,NA,4,4,4,3,4,3,3,3,2 3 4,0,1,1,1,0,0,0,NA,1,NA,1,2,4 6,0,0,0,1,0,1,0,NA,1,1,1,1,1,0,0,0,NA,0,NA,3,3,3,3,3,3,4,2,4,1,1,1,3,3,2,3,3,3,3,3,3,3,3,3,3,1,2,2,1,2,1,2,1,1,2,3,female,3,3,3,0,0,1,0,0,0,NA,3,3,3,3,3,3,3,3,3,3,3,2,2,2,3,3,2,2,1,2,2,1,3,1,3,3,3,3,3,1,1 3,1,0,1,0,0,0,0,0,0,NA,27,NA,8900,No,uuid:cf8a54f7-e3b4-4378-bfe7-d1332f70b598,2512031638,uuid:cf8a54f7-e3b4-4378-bfe7-d1332f70b598
800028,S0801010172,GAMBELLA,Anywa,abobo,tiegny cycle 1,Rural,"12/8/2025, 9:28:15 PM","12/8/2025, 11:14:02 AM","12/8/2025, 8:31:04 PM",12/8/2025,7920b42f5d4d12d1,1,HT8101,NA,male,principal,0,0,0,0,NA,NA,2011,2015,2015,1,5,3,NA,0,NA,NA,NA,NA,NA,NA,NA,5,4 5,0,0,0,1,1,0,NA,1 4,1,0,0,1,0,0,0,0,0,0,NA,0,1,1,1,1,1,1,0,0,NA,4,4,4,5,3,4,5,4,4,NA,2,NA,8,NA,1,1,3 4 8,0,0,1,1,0,0,0,1,0,NA,3,NA,4 6,0,0,0,1,0,1,0,0,0,NA,3,NA,2,NA,5,NA,4,0,0,0,1,0,0,0,0,0,0,NA,5,NA,1,1,0,0,0,0,0,0,NA,6,0,0,0,0,0,1,0,NA,6,NA,1,2 4 7,0,1,0,1,0,0,1,0,0,0,NA,4,NA,1,1,0,0,0,0,0,NA,2,NA,2,NA,1,NA,2,NA,1,No,3,3,4,5,4,4,5,3,NA,7,1,1,0,0,0,0,0,0,0,NA,5,NA,2,NA,8,NA,4,4,4,4,4,4,4,2,3 4,0,0,1,1,0,0,0,NA,2,NA,3,4,4 6,0,0,0,1,0,1,0,NA,1,6,1,3,0,0,1,0,NA,0,NA,3,4,4,3,3,3,4,3,4,1,1,1,3,4,1,3,3,3,3,2,3,2,2,3,3,2,2,2,1,1,1,2,1,1,1,2,male,2,4,1,1,0,0,0,0,0,NA,3,3,3,1,3,3,2,3,3,3,3,2,3,3,2,4,3,3,1,4,2,1,3,1,3,2,4,4,4,4,1 4 5,1,0,0,1,1,0,0,0,0,NA,25,NA,14500,"Memhr ke memher alemesmamat ena worda astedader gudayochn tolo alemasfetsem 
Demoz tolo alemegbat 
Lake of material 
Lake of transportation",uuid:67a7d75f-489d-4a9d-bf17-a497bd005b05,2512031638,uuid:67a7d75f-489d-4a9d-bf17-a497bd005b05
800082,S0801030042,GAMBELLA,Anywa,gambella zuria,koben,Rural,"12/19/2025, 4:25:43 PM","12/17/2025, 12:26:12 PM","12/19/2025, 7:59:53 AM",12/17/2025,7920b42f5d4d12d1,1,HT37601,NA,male,principal,0,0,0,0,NA,NA,2005,2011,2011,1,6,5,NA,0,NA,NA,NA,NA,NA,NA,NA,5,4,0,0,0,1,0,0,NA,5,0,0,0,0,1,0,0,0,0,0,NA,1,1,1,1,1,1,1,0,1,NA,5,5,5,5,5,5,5,4,1,NA,2,NA,4,NA,1,1,2 3 4,0,1,1,1,0,0,0,0,0,NA,3,NA,1 8,1,0,0,0,0,0,0,1,0,NA,1,NA,8,NA,3,NA,1 5,1,0,0,0,1,0,0,0,0,0,NA,1,NA,97,0,0,0,0,0,0,1,Based on Subject,4 5,0,0,0,1,1,0,0,NA,6,NA,1,4 7,0,0,0,1,0,0,1,0,0,0,NA,4,NA,1 4,1,0,0,1,0,0,NA,3,NA,4,Principal,2,NA,1,NA,1,No,3,4,3,4,3,3,4,4,NA,6,2,0,1,0,0,0,0,0,0,NA,5,NA,6,NA,8,NA,5,5,5,5,5,5,4,1,97,0,0,0,0,0,0,1,Management of community,2,NA,4,3,1 4 6,1,0,0,1,0,1,0,NA,1,3,0,NA,NA,NA,NA,NA,NA,0,NA,4,3,4,4,3,3,4,3,4,1,1,1,4,4,4,4,4,3,3,1,3,3,1,3,3,1,1,3,1,2,1,1,1,1,3,1,male,3,1,3,0,0,1,0,0,0,NA,1,3,2,1,1,2,2,1,1,1,1,4,3,3,3,4,3,3,1,4,1,1,3,1,3,4,2,4,3,1,5 6,0,0,0,0,1,1,0,0,0,NA,37,NA,25500,"በትሽ መምህራን ፕሮግራም ማውጣት
በሚቀር መምህራን ላይ ክላስ መግባት 
መኖሪያ ቤት ችግር 
የውሀ ችግር መኖር",uuid:62ae7df3-4e2f-4786-b37d-244d484fd2e1,2512142209,uuid:62ae7df3-4e2f-4786-b37d-244d484fd2e1
800088,S0801030062,GAMBELLA,Anywa,gambella zuria,siri mejang,Rural,"12/17/2025, 4:50:12 AM","12/16/2025, 3:28:16 PM","12/17/2025, 4:20:51 AM",12/16/2025,7920b42f5d4d12d1,1,HT8501,NA,female,principal,0,0,0,0,NA,NA,2004,2016,2016,1,4,5,NA,0,NA,NA,NA,NA,NA,NA,NA,5,1 3,1,0,1,0,0,0,NA,1,1,0,0,0,0,0,0,0,0,0,NA,1,1,1,1,1,1,1,0,0,NA,5,5,4,4,5,5,4,3,2,NA,4,NA,3,NA,1,1,3 4,0,0,1,1,0,0,0,0,0,NA,2,NA,4 7,0,0,0,1,0,0,1,0,0,NA,6,NA,1,NA,4,NA,5,0,0,0,0,1,0,0,0,0,0,NA,5,NA,1,1,0,0,0,0,0,0,NA,5 6,0,0,0,0,1,1,0,NA,6,NA,1,4 6 7,0,0,0,1,0,1,1,0,0,0,NA,3,NA,NA,NA,NA,NA,NA,NA,NA,NA,3,NA,1,NA,2,NA,2,NA,1,No,3,4,4,4,3,4,4,3,NA,5,5,0,0,0,0,1,0,0,0,NA,8,NA,3,NA,5,NA,4,4,4,4,4,4,4,1,3 4,0,0,1,1,0,0,0,NA,1,NA,4,2,1 4,1,0,0,1,0,0,0,NA,1,3,1,3,0,0,1,0,NA,0,NA,3,3,3,3,3,3,4,3,4,1,1,1,3,3,3,3,3,3,3,3,3,3,3,3,3,1,1,3,1,1,1,2,1,2,2,3,male,4,1,3 4,0,0,1,1,0,0,NA,3,3,2,3,3,3,2,3,3,3,3,3,2,3,3,4,2,2,3,4,2,2,2,3,3,4,3,4,3,1,5,0,0,0,0,1,0,0,0,0,NA,41,NA,26800,"Lake of material 
Lake of acsses of internet 
Lake Infrastructure 
Decrease community participation",uuid:74d3c726-89f0-44b3-a2bc-f227507fbe66,2512142209,uuid:74d3c726-89f0-44b3-a2bc-f227507fbe66
800080,S0801030072,GAMBELLA,Anywa,gambella zuria,jewie,Rural,"12/5/2025, 11:02:05 PM","12/5/2025, 9:50:40 AM","12/5/2025, 10:35:23 PM",12/5/2025,7920b42f5d4d12d1,1,HT9901,NA,female,principal,0,0,0,0,NA,NA,2007,2011,2014,2,4,5,NA,1,2007,management,1,0,0,0,NA,4,4,0,0,0,1,0,0,NA,2,0,1,0,0,0,0,0,0,0,0,NA,0,1,1,1,1,0,1,0,0,NA,5,4,5,5,3,5,5,3,2,NA,7,NA,4,NA,1,1,1 4 7,1,0,0,1,0,0,1,0,0,NA,3,NA,4 6,0,0,0,1,0,1,0,0,0,NA,2,NA,8,NA,5,NA,3,0,0,1,0,0,0,0,0,0,0,NA,5,NA,1,1,0,0,0,0,0,0,NA,6,0,0,0,0,0,1,0,NA,6,NA,1,3 4 5,0,0,1,1,1,0,0,0,0,0,NA,3,NA,NA,NA,NA,NA,NA,NA,NA,NA,3,NA,1,NA,2,NA,1,NA,1,No,3,4,4,4,4,4,4,3,NA,5,1,1,0,0,0,0,0,0,0,NA,5,NA,2,NA,3,NA,4,4,4,4,4,5,5,1,6,0,0,0,0,0,1,0,NA,1,NA,4,2,1 4 6,1,0,0,1,0,1,0,NA,1,3,1,3,0,0,1,0,NA,0,NA,3,3,3,3,3,3,4,4,3,4,1,1,3,3,3,2,4,4,4,4,3,3,1,3,3,2,2,2,1,2,1,2,1,2,1,3,male,2,1,1 4,1,0,0,1,0,0,NA,3,3,2,1,1,2,2,2,2,1,1,3,2,2,1,2,3,3,2,2,3,3,3,1,2,2,4,3,3,1,4 5,0,0,0,1,1,0,0,0,0,NA,34,NA,20245,"Lack of fiance 
Lack of material ( computer, text books,etc..
Lack of libereriy 
Problem of administration wored level is big problem",uuid:97be7022-49ea-46b1-b7f5-e05ea7c7c06d,2512031638,uuid:97be7022-49ea-46b1-b7f5-e05ea7c7c06d
800089,S0801030122,GAMBELLA,Anywa,gambella zuria,upagna,Rural,"12/16/2025, 7:49:42 PM","12/16/2025, 10:34:58 AM","12/16/2025, 6:34:26 PM",12/16/2025,8.66E+14,1,HT31401,NA,male,principal,0,0,0,0,NA,NA,2004,2006,2015,2,4,5,NA,1,2007,in_service,0,1,0,0,NA,4,4,0,0,0,1,0,0,NA,1 2,1,1,0,0,0,0,0,0,0,0,NA,0,0,0,0,0,0,0,0,0,NA,5,3,4,5,5,5,4,5,2,NA,7,NA,1,NA,1,1,1 2,1,1,0,0,0,0,0,0,0,NA,2,NA,1 4,1,0,0,1,0,0,0,0,0,NA,1,NA,6,NA,8,NA,3 5,0,0,1,0,1,0,0,0,0,0,NA,1,NA,1 5,1,0,0,0,1,0,0,NA,6,0,0,0,0,0,1,0,NA,6,NA,1,1 5,1,0,0,0,1,0,0,0,0,0,NA,4,NA,1 2,1,1,0,0,0,0,NA,3,NA,2,NA,1,NA,1,NA,1,No,4,4,4,4,4,4,3,3,NA,2,1,1,0,0,0,0,0,0,0,NA,6,NA,5,NA,11,NA,5,5,5,5,5,5,5,1,4,0,0,0,1,0,0,0,NA,4,NA,2,2,4 5,0,0,0,1,1,0,0,NA,1,6,0,NA,NA,NA,NA,NA,NA,1,Principal,3,3,3,2,3,4,4,4,4,1,1,1,1,4,1,4,3,1,4,1,3,3,1,3,4,3,3,3,3,3,3,3,3,3,3,1,male,4,1,1 3,1,0,1,0,0,0,NA,3,3,1,3,3,2,2,3,3,3,3,2,2,3,3,4,3,3,1,4,2,4,3,2,1,5,4,4,3,1,2,0,1,0,0,0,0,0,0,0,NA,32,NA,22000,Firstly they thought that am from another party supporter and they rejected me after i tell them that i am prosperity party then they a pointed me,uuid:14be7981-003b-4ea6-b64c-36e21ef0e0cf,2512142209,uuid:14be7981-003b-4ea6-b64c-36e21ef0e0cf
800081,S0801030202,GAMBELLA,Anywa,gambella zuria,karami,Rural,"12/5/2025, 12:23:27 AM","12/4/2025, 8:16:30 AM","12/5/2025, 12:26:10 AM",12/4/2025,7920b42f5d4d12d1,1,HT8401,NA,female,principal,0,0,0,0,NA,NA,2007,2010,2018,2,2,5,NA,1,2009,other,0,0,0,1,Leadership,4,4,0,0,0,1,0,0,NA,1,1,0,0,0,0,0,0,0,0,0,NA,0,1,1,1,1,1,1,0,0,NA,4,4,4,5,5,4,5,5,1,NA,4,NA,3,NA,1,1,1 3 4,1,0,1,1,0,0,0,0,0,NA,3,NA,3 4,0,0,1,1,0,0,0,0,0,NA,2,NA,5,NA,8,NA,8,0,0,0,0,0,0,0,1,0,0,NA,5,NA,1,1,0,0,0,0,0,0,NA,6,0,0,0,0,0,1,0,NA,2,NA,1,4 5 6,0,0,0,1,1,1,0,0,0,0,NA,3,NA,NA,NA,NA,NA,NA,NA,NA,NA,2,NA,3,NA,2,NA,1,NA,3,999,3,3,3,3,4,4,5,3,NA,6,1 7,1,0,0,0,0,0,1,0,NA,6,NA,97,"Lake of water 
Lake of transportation 
Lake of material 
Lake of house",11,NA,4,4,4,4,4,4,4,1,2,0,1,0,0,0,0,0,NA,1,NA,1,2,1 6,1,0,0,0,0,1,0,NA,1,4,0,NA,NA,NA,NA,NA,NA,0,NA,3,3,3,3,4,3,4,2,3,1,1,1,3,2,3,3,4,4,3,3,3,2,1,3,3,2,2,3,3,1,2,2,1,1,2,3,male,3,1,3,0,0,1,0,0,0,NA,2,3,3,3,3,3,3,1,3,3,3,1,1,1,3,4,1,1,1,4,1,1,3,1,4,3,4,4,4,1,5 6,0,0,0,0,1,1,0,0,0,NA,30,NA,20142,No,uuid:fa82fa82-077f-4dd2-b9a1-e1d5d216f6e5,2512031459,uuid:fa82fa82-077f-4dd2-b9a1-e1d5d216f6e5
800119,S0801040112,GAMBELLA,Anywa,gog,gog jing jor,Rural,"12/12/2025, 10:34:57 PM","12/12/2025, 10:48:37 AM","12/12/2025, 9:43:16 PM",12/12/2025,7920b42f5d4d12d1,1,HT31501,NA,male,principal,0,0,0,0,NA,NA,2007,2016,2016,1,6,5,NA,0,NA,NA,NA,NA,NA,NA,NA,5,3 4,0,0,1,1,0,0,NA,1 4,1,0,0,1,0,0,0,0,0,0,NA,0,1,0,1,1,1,1,0,0,NA,5,4,4,4,5,4,4,4,4,NA,2,NA,97,Manage of student,1,1,1 3,1,0,1,0,0,0,0,0,0,NA,3,NA,1 4,1,0,0,1,0,0,0,0,0,NA,5,NA,3,NA,6,NA,3,0,0,1,0,0,0,0,0,0,0,NA,1,NA,1,1,0,0,0,0,0,0,NA,5 6,0,0,0,0,1,1,0,NA,4,NA,1,4 5 6,0,0,0,1,1,1,0,0,0,0,NA,2,NA,NA,NA,NA,NA,NA,NA,NA,NA,2,NA,2,NA,2,NA,2,NA,1,No,3,4,3,3,4,4,4,3,NA,6,5,0,0,0,0,1,0,0,0,NA,3,NA,2,NA,6,NA,4,4,4,4,4,4,4,2,2,0,1,0,0,0,0,0,NA,1,NA,2,3,1 4 6,1,0,0,1,0,1,0,NA,1,6,1,3,0,0,1,0,NA,1,No,3,3,3,3,3,3,4,2,3,1,1,1,3,3,3,3,4,2,4,2,3,3,1,3,3,1,2,3,1,2,1,1,1,1,2,2,male,3,2,3 4,0,0,1,1,0,0,NA,3,3,3,3,3,3,3,3,3,3,3,3,2,3,3,4,2,1,1,3,2,2,3,1,1,2,4,4,3,1,2 5,0,1,0,0,1,0,0,0,0,NA,28,NA,20825,"Student management 
And student droup out
Discipline student
Lake of awareness community by education system",uuid:e39d7abe-60b2-4aca-a662-c23827a24af2,2512111015,uuid:e39d7abe-60b2-4aca-a662-c23827a24af2
800109,S0801040122,GAMBELLA,Anywa,gog,abuha,Rural,"12/12/2025, 6:18:13 AM","12/11/2025, 12:47:32 PM","12/12/2025, 6:22:08 AM",12/11/2025,7920b42f5d4d12d1,1,HT901,NA,male,principal,0,0,0,0,NA,NA,2011,2014,2016,2,4,7,NA,0,NA,NA,NA,NA,NA,NA,NA,5,3,0,0,1,0,0,0,NA,1 4,1,0,0,1,0,0,0,0,0,0,NA,0,1,1,1,1,1,1,0,0,NA,4,4,5,5,3,4,5,5,2,NA,4,NA,6,NA,1,1,4 5 8,0,0,0,1,1,0,0,1,0,NA,3,NA,3 4,0,0,1,1,0,0,0,0,0,NA,8,NA,5,NA,2,NA,1,1,0,0,0,0,0,0,0,0,0,NA,6,Woreda education office,1 97,1,0,0,0,0,0,1,Basd on Subject,5 6,0,0,0,0,1,1,0,NA,6,NA,1,2 4 6,0,1,0,1,0,1,0,0,0,0,NA,3,NA,NA,NA,NA,NA,NA,NA,NA,NA,2,NA,2,NA,1,NA,1,NA,1,No,5,3,4,3,3,3,3,3,NA,6,5,0,0,0,0,1,0,0,0,NA,2,NA,5,NA,8,NA,5,5,4,4,4,4,5,1,4,0,0,0,1,0,0,0,NA,2,NA,2,2,1 4 6,1,0,0,1,0,1,0,NA,1,1,1,2,0,1,0,0,NA,1,No,3,4,3,2,3,2,4,2,3,1,1,1,3,2,2,3,3,2,3,2,3,1,2,3,3,1,1,2,1,2,1,1,1,1,1,3,male,3,1,2,0,1,0,0,0,0,NA,3,3,3,3,3,3,3,3,3,3,3,3,3,2,3,3,2,2,1,4,2,2,3,1,2,2,2,3,2,1,1 7,1,0,0,0,0,0,1,0,0,NA,28,NA,23000,"Lake of material 
Lake of teacher 
Lake of house",uuid:3d7e43c1-e014-4075-952c-7dc598c83472,2512031638,uuid:3d7e43c1-e014-4075-952c-7dc598c83472
800307,S0803010182,GAMBELLA,Majang,godere,tiliku matti`,Rural,"12/15/2025, 7:52:47 PM","12/15/2025, 11:32:31 AM","12/15/2025, 12:24:37 PM",12/15/2025,fa247a43ab390c7d,1,HT8801,NA,male,principal,0,0,0,0,NA,NA,1998,2009,2012,2,1,5,NA,1,2010,management mentoring,1,0,1,0,NA,3,1 2 3,1,1,1,0,0,0,NA,1 2 4 5,1,1,0,1,1,0,0,0,0,0,NA,0,0,0,0,0,0,0,0,0,NA,5,5,3,5,5,5,5,1,2,NA,6,NA,1,NA,1,1,2 4,0,1,0,1,0,0,0,0,0,NA,3,NA,4 5,0,0,0,1,1,0,0,0,0,NA,5,NA,2,NA,3,NA,1 3,1,0,1,0,0,0,0,0,0,0,NA,5,NA,1,1,0,0,0,0,0,0,NA,2 4 6,0,1,0,1,0,1,0,NA,4,NA,1,1 3 5 6,1,0,1,0,1,1,0,0,0,0,NA,3,NA,NA,NA,NA,NA,NA,NA,NA,NA,3,NA,3,NA,3,NA,3,NA,3,No,3,4,5,5,5,5,5,3,NA,6,1 2 6,1,1,0,0,0,1,0,0,NA,5,NA,2,NA,9,NA,5,5,5,4,5,5,5,2,2 4,0,1,0,1,0,0,0,NA,1,NA,4,2,3 4 5,0,0,1,1,1,0,0,NA,1,2,1,1 2 3,1,1,1,0,NA,0,NA,4,4,4,4,4,4,4,4,4,1,1,1,1,4,4,4,4,1,3,4,4,4,1,1,4,3,3,3,3,1,3,3,1,3,3,1,male,1,2,1 2 4,1,1,0,1,0,0,NA,3,2,2,1,1,1,1,1,2,1,3,4,1,4,3,4,1,4,1,4,1,1,3,1,1,1,4,4,4,2,1 2 3 6,1,1,1,0,0,1,0,0,0,NA,40,NA,16700,Nothing,uuid:b1184204-de05-436a-ab63-5981fedc6f5c,2512111015,uuid:b1184204-de05-436a-ab63-5981fedc6f5c
800296,S0803010192,GAMBELLA,Majang,godere,goshini,Rural,"12/5/2025, 8:02:52 PM","12/5/2025, 9:29:45 AM","12/5/2025, 5:52:47 PM",12/5/2025,fa247a43ab390c7d,1,HT8601,NA,female,principal,1,0,1,1,1,0,1999,2009,2009,1,1,5,NA,1,2017,management,1,0,0,0,NA,4,1 2 3,1,1,1,0,0,0,NA,1 2 4,1,1,0,1,0,0,0,0,0,0,NA,0,1,0,1,1,0,0,0,0,NA,5,4,4,3,4,4,4,5,1,NA,4,NA,2,NA,1,1,1 4 6,1,0,0,1,0,1,0,0,0,NA,3,NA,3 7,0,0,1,0,0,0,1,0,0,NA,1,NA,6,NA,4,NA,5,0,0,0,0,1,0,0,0,0,0,NA,5,NA,2 5,0,1,0,0,1,0,0,NA,2 4 6,0,1,0,1,0,1,0,NA,4,NA,1,4 9,0,0,0,1,0,0,0,0,1,0,NA,3,NA,NA,NA,NA,NA,NA,NA,NA,NA,3,NA,2,NA,2,NA,2,NA,1,Nothing,4,3,5,3,4,4,1,5,NA,7,1 3,1,0,1,0,0,0,0,0,NA,3,NA,4,NA,5,NA,3,5,5,5,5,3,5,1,2 4,0,1,0,1,0,0,0,NA,1,NA,4,1,NA,NA,NA,NA,NA,NA,NA,NA,NA,1,1,1,3,0,0,1,0,NA,1,Nothing,4,4,4,4,4,4,4,4,4,3,1,1,4,4,4,4,4,1,4,1,4,4,1,4,4,3,3,3,3,3,1,1,2,1,3,1,male,3,5,1 2 4,1,1,0,1,0,0,NA,3,3,2,3,3,2,1,3,1,3,3,4,4,4,4,4,1,1,1,4,1,1,3,5,5,5,1,1,1,2,2 4 8,0,1,0,1,0,0,0,1,0,NA,38,NA,16100,No,uuid:18771dfc-1f8a-4ceb-93c5-f8f1c8934f1e,2512030638,uuid:18771dfc-1f8a-4ceb-93c5-f8f1c8934f1e
800306,S0803010212,GAMBELLA,Majang,godere,simuye chemi,Rural,"12/9/2025, 7:34:14 PM","12/9/2025, 9:35:52 AM","12/9/2025, 10:32:07 AM",12/9/2025,fa247a43ab390c7d,1,HT8701,NA,male,principal,0,0,0,1,0,1,1996,2008,2010,2,1,5,NA,1,2015,management mentoring,1,0,1,0,NA,4,1 2 3,1,1,1,0,0,0,NA,1 2,1,1,0,0,0,0,0,0,0,0,NA,1,1,1,1,0,0,1,0,0,NA,5,4,5,5,5,5,4,5,2,NA,1,NA,7,NA,1,1,1 3 7,1,0,1,0,0,0,1,0,0,NA,3,NA,1 4,1,0,0,1,0,0,0,0,0,NA,1,NA,7,NA,2,NA,2 5,0,1,0,0,1,0,0,0,0,0,NA,5,NA,1 4 5,1,0,0,1,1,0,0,NA,2 6,0,1,0,0,0,1,0,NA,6,NA,1,1 3 4 6,1,0,1,1,0,1,0,0,0,0,NA,3,NA,NA,NA,NA,NA,NA,NA,NA,NA,3,NA,2,NA,2,NA,2,NA,2,No,3,4,3,5,5,5,5,4,NA,6,1 2,1,1,0,0,0,0,0,0,NA,5,NA,8,NA,7,NA,5,5,5,4,5,4,5,3,2 4 5,0,1,0,1,1,0,0,NA,2,NA,4,2,2 3 6,0,1,1,0,0,1,0,NA,1,1,1,3,0,0,1,0,NA,0,NA,4,4,3,3,4,4,3,3,4,1,1,1,3,3,4,4,4,3,4,3,3,4,1,3,3,3,2,3,1,2,2,2,1,1,2,3,male,3,3,2 4,0,1,0,1,0,0,NA,3,2,2,1,1,2,3,1,1,3,3,4,1,3,4,4,4,4,4,3,4,3,1,1,3,3,4,2,3,2,1 2 5 6,1,1,0,0,1,1,0,0,0,NA,42,NA,17134,Nothing,uuid:988c6da5-cdba-44f3-a4c8-90619425eac4,2512031638,uuid:988c6da5-cdba-44f3-a4c8-90619425eac4
800312,S0803010282,GAMBELLA,Majang,godere,yekibeko,Rural,"12/8/2025, 6:03:29 PM","12/8/2025, 8:59:50 AM","12/8/2025, 6:03:07 PM",12/8/2025,8f3862932650ecd7,1,HT8901,NA,male,principal,0,0,0,0,NA,NA,2004,2010,2014,3,1,5,NA,0,NA,NA,NA,NA,NA,NA,NA,5,1 2 3,1,1,1,0,0,0,NA,2,0,1,0,0,0,0,0,0,0,0,NA,0,1,1,0,0,1,1,0,0,NA,5,4,5,5,4,5,4,3,2,NA,1,NA,5,NA,1,1,1 3 4,1,0,1,1,0,0,0,0,0,NA,3,NA,3 4,0,0,1,1,0,0,0,0,0,NA,3,NA,6,NA,1,NA,2 7,0,1,0,0,0,0,1,0,0,0,NA,1,NA,1,1,0,0,0,0,0,0,NA,6,0,0,0,0,0,1,0,NA,3,NA,1,2 4 5 6 7,0,1,0,1,1,1,1,0,0,0,NA,3,NA,NA,NA,NA,NA,NA,NA,NA,NA,1,NA,2,NA,1,NA,2,NA,1,NA,4,3,3,4,4,4,4,4,NA,3,5,0,0,0,0,1,0,0,0,NA,5,NA,8,NA,2,NA,4,5,5,5,5,5,5,2,3 4 6,0,0,1,1,0,1,0,NA,1,NA,3,2,1,1,0,0,0,0,0,0,NA,1,4,0,NA,NA,NA,NA,NA,NA,1,Principal,4,3,3,4,4,3,3,4,4,1,1,1,4,4,4,3,4,1,4,1,4,1,4,2,4,2,2,3,2,2,2,2,1,1,2,2,male,1,1,3,0,0,1,0,0,0,NA,3,1,2,3,3,2,2,1,1,1,1,1,1,3,3,4,1,1,1,4,1,1,3,1,1,1,2,4,4,1,1 2 3 4 5 6 7 8,1,1,1,1,1,1,1,1,0,NA,32,NA,16715,None,uuid:db26561b-4da3-4af4-834f-d43545866baa,2512031638,uuid:db26561b-4da3-4af4-834f-d43545866baa
800324,S0803020032,GAMBELLA,Majang,mengeshi,dushi no.1,Rural,"12/11/2025, 4:09:17 PM","12/10/2025, 12:30:52 PM","12/10/2025, 10:18:24 PM",12/10/2025,8f3862932650ecd7,1,HT9601,NA,male,principal,0,0,0,0,NA,NA,1999,2002,2017,5,2,5,NA,1,2016,in_service,0,1,0,0,NA,5,4,0,0,0,1,0,0,NA,9,0,0,0,0,0,0,0,0,1,0,NA,0,1,0,0,1,0,0,0,0,NA,4,4,2,2,5,4,5,1,2,NA,5,NA,4,NA,1,1,1 3 8,1,0,1,0,0,0,0,1,0,NA,3,NA,4 7,0,0,0,1,0,0,1,0,0,NA,1,NA,3,NA,8,NA,7,0,0,0,0,0,0,1,0,0,0,NA,5,NA,1,1,0,0,0,0,0,0,NA,2 97,0,1,0,0,0,0,1,Tutor class,6,NA,1,1 2 3 4 5 6 7,1,1,1,1,1,1,1,0,0,0,NA,97,I will send parent and teacher associations will go to Parent house and try to find out the reasons why?,NA,NA,NA,NA,NA,NA,NA,NA,2,NA,1,NA,2,NA,2,NA,2,None,3,3,4,4,3,3,4,4,NA,2,2,0,1,0,0,0,0,0,0,NA,5,NA,2,NA,97,Security / lack of guard,5,4,4,4,4,4,5,3,6,0,0,0,0,0,1,0,NA,1,NA,4,4,97,0,0,0,0,0,0,1,Regarding school furniture expenses,1,4,0,NA,NA,NA,NA,NA,NA,0,NA,4,4,4,4,4,4,3,1,4,1,1,1,4,3,3,3,4,4,3,1,4,1,3,3,4,2,2,3,1,1,2,1,1,1,2,1,female,1,3,97,0,0,0,0,1,0,No support they came and create more problems,3,3,3,3,1,1,3,1,1,1,1,1,1,1,3,4,4,3,3,3,1,1,3,1,1,4,3,4,1,4,8,0,0,0,0,0,0,0,1,0,NA,42,NA,16200,NONE,uuid:c3d03e13-751d-4097-869f-d86a6774d906,2512031638,uuid:c3d03e13-751d-4097-869f-d86a6774d906
800339,S0803020072,GAMBELLA,Majang,mengeshi,shone,Rural,"12/19/2025, 8:35:18 PM","12/19/2025, 8:43:20 AM","12/19/2025, 6:39:23 PM",12/19/2025,8f3862932650ecd7,1,HT37801,NA,male,principal,0,0,0,0,NA,NA,2001,2013,2015,2,6,5,NA,1,2017,in_service,0,1,0,0,NA,4,4,0,0,0,1,0,0,NA,1 97,1,0,0,0,0,0,0,0,0,1,For additional income benefits,0,1,0,0,0,0,0,0,0,NA,5,5,5,5,5,5,4,5,2,NA,5,NA,4,NA,1,1,3 6 7,0,0,1,0,0,1,1,0,0,NA,3,NA,4 5,0,0,0,1,1,0,0,0,0,NA,1,NA,3,NA,6,NA,97,0,0,0,0,0,0,0,0,0,1,Not present,1,NA,1,1,0,0,0,0,0,0,NA,5 6,0,0,0,0,1,1,0,NA,6,NA,0,NA,NA,NA,NA,NA,NA,NA,NA,NA,NA,NA,NA,2,NA,NA,NA,NA,NA,NA,NA,NA,NA,1,NA,2,NA,2,NA,2,NA,2,None,3,3,4,4,4,4,4,5,NA,6,2 3 4 97,0,1,1,1,0,0,0,1,Gender club handles this matter,4,NA,5,NA,2,NA,4,4,5,4,4,4,5,2,4,0,0,0,1,0,0,0,NA,1,NA,2,3,4 6,0,0,0,1,0,1,0,NA,1,4,0,NA,NA,NA,NA,NA,NA,0,NA,4,3,4,4,4,4,3,2,4,1,1,1,3,4,3,4,4,1,4,1,4,3,1,1,4,3,3,3,3,2,2,2,1,1,3,5,male,4,5,1 2 3 4,1,1,1,1,0,0,NA,3,3,3,3,3,3,3,3,3,3,3,1,1,1,2,4,1,1,1,1,1,1,3,1,1,2,4,1,4,1,3 5 6,0,0,1,0,1,1,0,0,0,NA,34,NA,16715,"Teachers number shortage, textbook shortage,desk, blackboard shortage",uuid:9750f1cc-6dca-48b9-9fdf-ab7591e0326b,2512142209,uuid:9750f1cc-6dca-48b9-9fdf-ab7591e0326b
800323,S0803020082,GAMBELLA,Majang,mengeshi,dopia,Rural,"12/17/2025, 6:39:43 PM","12/17/2025, 8:46:49 AM","12/17/2025, 7:08:27 PM",12/17/2025,8f3862932650ecd7,1,HT9501,NA,male,principal,0,0,0,0,NA,NA,2015,2016,2016,1,6,5,NA,0,NA,NA,NA,NA,NA,NA,NA,5,4,0,0,0,1,0,0,NA,9,0,0,0,0,0,0,0,0,1,0,NA,0,1,0,0,0,0,0,0,0,NA,5,5,5,5,5,5,5,1,2,NA,1,NA,3,NA,1,2,2 3,0,1,1,0,0,0,0,0,0,NA,3,NA,3 4,0,0,1,1,0,0,0,0,0,NA,3,NA,1,NA,6,NA,97,0,0,0,0,0,0,0,0,0,1,None,1,NA,1,1,0,0,0,0,0,0,NA,5 6 97,0,0,0,0,1,1,1,Tutor class given,2,NA,1,1 3 4 5 6 8,1,0,1,1,1,1,0,1,0,0,NA,2,NA,NA,NA,NA,NA,NA,NA,NA,NA,3,NA,2,NA,2,NA,2,NA,2,NA,2,4,4,4,3,4,4,4,NA,6,5,0,0,0,0,1,0,0,0,NA,5,NA,8,NA,3,NA,5,5,4,5,5,5,5,2,4,0,0,0,1,0,0,0,NA,97,No PTA,4,2,2,0,1,0,0,0,0,0,NA,1,1,0,NA,NA,NA,NA,NA,NA,0,NA,4,3,3,3,4,3,3,2,4,1,1,1,3,3,4,4,4,1,3,1,4,2,3,2,3,3,3,3,2,3,2,1,1,1,2,1,male,2,4,1 2 3 4,1,1,1,1,0,0,NA,3,3,3,3,3,2,3,3,3,3,3,1,1,1,3,4,1,2,1,1,1,1,3,1,1,3,4,3,3,4,1 2 3 4 5 6 7 8,1,1,1,1,1,1,1,1,0,NA,27,NA,10001,"Female pads , office equipment for teachers , teachers  guest house",uuid:79b6a34b-0423-4b83-9ea3-95f32276c009,2512142209,uuid:79b6a34b-0423-4b83-9ea3-95f32276c009
800337,S0803020112,GAMBELLA,Majang,mengeshi,selame,Rural,"12/14/2025, 6:54:14 PM","12/14/2025, 12:03:21 PM","12/14/2025, 1:55:17 PM",12/14/2025,fa247a43ab390c7d,1,HT9801,NA,male,principal,0,0,0,0,NA,NA,2001,2017,2018,2,4,5,NA,0,NA,NA,NA,NA,NA,NA,NA,5,1 2 3,1,1,1,0,0,0,NA,1 4 5,1,0,0,1,1,0,0,0,0,0,NA,0,0,0,0,0,0,0,0,0,NA,4,5,5,5,5,4,5,1,2,NA,6,NA,1,NA,1,1,2 6 7,0,1,0,0,0,1,1,0,0,NA,3,NA,4 5,0,0,0,1,1,0,0,0,0,NA,1,NA,4,NA,2,NA,1 2,1,1,0,0,0,0,0,0,0,0,NA,5,NA,1 2 3,1,1,1,0,0,0,0,NA,1 3 4,1,0,1,1,0,0,0,NA,2,NA,1,1 3 5 6,1,0,1,0,1,1,0,0,0,0,NA,3,NA,NA,NA,NA,NA,NA,NA,NA,NA,3,NA,3,NA,3,NA,3,NA,3,No,4,1,4,4,4,4,4,3,NA,6,1 2 3 6,1,1,1,0,0,1,0,0,NA,1,NA,4,NA,6,NA,5,5,5,5,5,4,5,2,2 3,0,1,1,0,0,0,0,NA,4,NA,4,2,2 3 4,0,1,1,1,0,0,0,NA,1,1,1,1 2 3,1,1,1,0,NA,0,NA,4,4,4,4,4,4,4,4,4,1,1,1,1,3,3,3,4,1,4,1,3,4,1,3,3,3,3,3,2,2,3,3,3,1,3,1,male,2,3,1 2 3,1,1,1,0,0,0,NA,3,3,2,3,3,2,3,3,3,3,3,4,1,3,4,4,1,1,3,4,1,1,3,1,1,3,4,3,4,1,1 4 5 6,1,0,0,1,1,1,0,0,0,NA,37,NA,14080,Nothing,uuid:dc45776d-e8d0-48d5-b46b-cebd5a6315a0,2512111015,uuid:dc45776d-e8d0-48d5-b46b-cebd5a6315a0
800333,S0803020162,GAMBELLA,Majang,mengeshi,kokare,Rural,"12/19/2025, 8:20:31 PM","12/19/2025, 5:05:31 PM","12/19/2025, 5:59:24 PM",12/19/2025,fa247a43ab390c7d,1,HT9701,NA,male,principal,0,0,0,0,NA,NA,2016,2017,2017,1,4,3,NA,0,NA,NA,NA,NA,NA,NA,NA,5,4,0,0,0,1,0,0,NA,9,0,0,0,0,0,0,0,0,1,0,NA,1,1,1,0,0,0,0,0,0,NA,3,3,2,4,3,4,1,1,2,NA,1,NA,7,NA,1,1,2 3 6,0,1,1,0,0,1,0,0,0,NA,3,NA,3 4,0,0,1,1,0,0,0,0,0,NA,1,NA,2,NA,5,NA,2 5,0,1,0,0,1,0,0,0,0,0,NA,1,NA,1 3,1,0,1,0,0,0,0,NA,2 4 6,0,1,0,1,0,1,0,NA,1,NA,1,1 4 5 7,1,0,0,1,1,0,1,0,0,0,NA,3,NA,NA,NA,NA,NA,NA,NA,NA,NA,2,NA,2,NA,1,NA,1,NA,1,Nothing,3,4,4,4,4,4,4,3,NA,6,7,0,0,0,0,0,0,1,0,NA,3,NA,6,NA,5,NA,5,5,3,5,5,5,3,1,3 4,0,0,1,1,0,0,0,NA,4,NA,2,1,NA,NA,NA,NA,NA,NA,NA,NA,NA,1,6,1,1 2,1,1,0,0,NA,0,NA,4,1,3,4,4,4,4,3,3,1,1,1,3,3,3,2,4,1,4,1,4,3,1,3,3,3,3,3,2,3,1,3,2,1,3,4,male,2,4,1 2,1,1,0,0,0,0,NA,3,1,2,1,3,2,3,3,3,3,3,4,1,4,3,4,1,1,3,4,4,3,2,1,1,3,1,4,4,1,1 2 5,1,1,0,0,1,0,0,0,0,NA,35,NA,9200,Nothing,uuid:230cc2e6-6b28-4eb2-b5e4-bdbf2aff1086,2512142209,uuid:230cc2e6-6b28-4eb2-b5e4-bdbf2aff1086
800322,S0803020252,GAMBELLA,Majang,mengeshi,dagshi,Rural,"12/12/2025, 1:14:36 PM","12/12/2025, 9:37:33 AM","12/12/2025, 2:09:01 PM",12/12/2025,8f3862932650ecd7,1,HT9401,NA,female,principal,0,0,0,0,NA,NA,1997,2009,2018,2,3,5,NA,1,2008,management,1,0,0,0,NA,5,4,0,0,0,1,0,0,NA,1 2,1,1,0,0,0,0,0,0,0,0,NA,0,1,0,0,0,0,0,0,0,NA,5,5,5,5,5,5,5,4,2,NA,1,NA,4,NA,1,1,2 3 8,0,1,1,0,0,0,0,1,0,NA,3,NA,3 4,0,0,1,1,0,0,0,0,0,NA,3,NA,5,NA,2,NA,1,1,0,0,0,0,0,0,0,0,0,NA,5,NA,1,1,0,0,0,0,0,0,NA,97,0,0,0,0,0,0,1,"Better student teach others , tutor class",6,NA,1,1 2 3 4 5 6 7,1,1,1,1,1,1,1,0,0,0,NA,3,NA,NA,NA,NA,NA,NA,NA,NA,NA,2,NA,2,NA,2,NA,2,NA,2,None,4,3,3,4,3,4,4,4,NA,6,1,1,0,0,0,0,0,0,0,NA,2,NA,5,NA,6,NA,5,5,5,5,5,4,5,2,2 4,0,1,0,1,0,0,0,NA,1,NA,4,4,1,1,0,0,0,0,0,0,NA,1,4,0,NA,NA,NA,NA,NA,NA,1,Principal,4,4,4,3,4,2,3,3,4,1,1,1,3,4,3,4,4,3,4,1,4,3,1,1,4,3,2,3,2,2,3,3,1,1,3,1,male,4,5,1 2 3 4,1,1,1,1,0,0,NA,1,2,2,3,3,1,1,3,1,1,3,3,1,1,3,4,2,2,2,2,1,1,3,1,1,4,4,4,3,1,2 3 5 7,0,1,1,0,1,0,1,0,0,NA,38,NA,16000,"Text book, teachers shortage, only 5 teachers for 1-6 grades",uuid:86787773-dfae-474a-a026-d49c4961e39d,2512111015,uuid:86787773-dfae-474a-a026-d49c4961e39d
900285,S0901050062,HARARI,Harari,sofi,dekker,Rural,"12/8/2025, 7:21:57 PM","12/8/2025, 8:29:19 AM","12/8/2025, 9:45:39 AM",12/8/2025,3.58E+14,1,HT10301,NA,female,principal,0,0,0,2,1,1,2002,2010,2015,2,2,5,NA,1,2017,other,0,0,0,1,Leadership,3,5 97,0,0,0,0,1,1,Experience and appointed by cluster supervisor,4 6 8,0,0,0,1,0,1,0,1,0,0,NA,0,1,0,0,1,0,1,0,0,NA,5,4,4,5,5,4,5,1,2,NA,7,NA,1,NA,1,1,1 3 6,1,0,1,0,0,1,0,0,0,NA,3,NA,3 6,0,0,1,0,0,1,0,0,0,NA,1,NA,6,NA,3,NA,3 5,0,0,1,0,1,0,0,0,0,0,NA,5,NA,1 4,1,0,0,1,0,0,0,NA,6 97,0,0,0,0,0,1,1,Students will study together in the class,6,NA,1,1 3 4 5 6 7,1,0,1,1,1,1,1,0,0,0,NA,97,Students data will be organized and analysed,NA,NA,NA,NA,NA,NA,NA,NA,2,NA,2,NA,2,NA,2,NA,2,Students association will also responsible to evaluate,4,3,3,4,3,3,4,4,NA,3,2 4,0,1,0,1,0,0,0,0,NA,2,NA,3,NA,6,NA,4,5,4,5,5,5,5,1,2 3,0,1,1,0,0,0,0,NA,2,NA,3,2,3 97,0,0,1,0,0,0,1,Students having financial pronlem,1,2,1,1 2 3,1,1,1,0,NA,1,Principal and vice principal,4,4,4,4,3,4,4,3,4,1,1,1,3,3,4,3,4,3,4,3,3,3,1,4,4,2,2,3,2,2,3,2,2,2,2,3,male,2,3,1 4,1,0,0,1,0,0,NA,3,2,2,2,2,3,2,3,3,3,2,3,1,4,4,4,1,3,1,4,1,1,3,1,1,3,2,4,4,1,1 5 7,1,0,0,0,1,0,1,0,0,NA,38,NA,16000,No,uuid:1d3c1339-80fb-482c-b5c8-b72b2f312b7b,2512031638,uuid:1d3c1339-80fb-482c-b5c8-b72b2f312b7b
900285,S0901050062,HARARI,Harari,sofi,dekker,Rural,"12/8/2025, 7:21:58 PM","12/8/2025, 9:49:41 AM","12/8/2025, 10:38:11 AM",12/8/2025,3.58E+14,1,HT10302,NA,female,vice_principal,0,1,1,2,1,1,2000,2011,2011,1,2,5,NA,1,2016,other,0,0,0,1,Leadership,1,4 97,0,0,0,1,0,1,Appointed by the woreda considering performance,2 6,0,1,0,0,0,1,0,0,0,0,NA,0,0,0,0,0,0,1,0,0,NA,5,5,5,5,5,5,5,5,2,NA,3,NA,7,NA,1,1,1 4 6,1,0,0,1,0,1,0,0,0,NA,3,NA,3 6,0,0,1,0,0,1,0,0,0,NA,3,NA,1,NA,6,NA,1 6,1,0,0,0,0,1,0,0,0,0,NA,5,NA,1 4,1,0,0,1,0,0,0,NA,2 6,0,1,0,0,0,1,0,NA,97,We report to the woreda,1,1 2 3 4 5 6 7 8,1,1,1,1,1,1,1,1,0,0,NA,3,NA,NA,NA,NA,NA,NA,NA,NA,NA,2,NA,2,NA,2,NA,2,NA,2,-,3,4,4,4,4,4,3,5,NA,6,1 2 4,1,1,0,1,0,0,0,0,NA,3,NA,2,NA,11,NA,4,5,4,5,4,4,4,2,2 4 6,0,1,0,1,0,1,0,NA,2,NA,4,2,1 3 97,1,0,1,0,0,0,1,"Financial problem I.e lack of  book ,bags",1,2,1,1 2 3,1,1,1,0,NA,1,Principal,4,4,4,4,4,4,4,1,4,1,1,1,3,4,1,3,4,1,4,3,4,4,1,4,4,3,3,3,2,2,3,3,3,2,3,3,male,2,5,1 2 4,1,1,0,1,0,0,NA,3,3,3,3,3,2,3,3,3,3,3,4,1,4,4,4,3,1,1,4,1,1,3,1,1,4,4,1,4,4,3 5 7,0,0,1,0,1,0,1,0,0,NA,39,NA,15000,"Facility problem ,we needed modern library and ict class",uuid:1902cf2b-7fda-4d9b-8f2a-4516d69b3f07,2512031638,uuid:1902cf2b-7fda-4d9b-8f2a-4516d69b3f07
900280,S0901050072,HARARI,Harari,sofi,aw umer,Rural,"12/9/2025, 7:32:49 PM","12/9/2025, 3:02:37 PM","12/9/2025, 3:51:57 PM",12/9/2025,3.58E+14,1,HT10202,NA,male,vice_principal,1,0,1,1,1,0,2005,2015,2018,3,1,5,NA,1,2016,other,0,0,0,1,Management,999,4 97,0,0,0,1,0,1,Considering my performance,1 2 6,1,1,0,0,0,1,0,0,0,0,NA,0,1,0,0,0,0,0,0,0,NA,5,5,5,5,5,5,5,3,2,NA,6,NA,97,Feed back collection,1,1,1 3 6,1,0,1,0,0,1,0,0,0,NA,3,NA,4 6,0,0,0,1,0,1,0,0,0,NA,1,NA,3,NA,6,NA,8,0,0,0,0,0,0,0,1,0,0,NA,2,NA,1,1,0,0,0,0,0,0,NA,2 97,0,1,0,0,0,0,1,The other teacher will cover  two periods,6,NA,1,2 3 4 5 6 7,0,1,1,1,1,1,1,0,0,0,NA,3,NA,NA,NA,NA,NA,NA,NA,NA,NA,2,NA,2,NA,2,NA,2,NA,1,-,4,3,3,4,4,4,4,2,NA,6,1 2 4,1,1,0,1,0,0,0,0,NA,2,NA,4,NA,5,NA,3,4,3,5,5,5,5,4,2 4 6,0,1,0,1,0,1,0,NA,2,NA,3,3,1 2 3,1,1,1,0,0,0,0,NA,1,4,1,1 2 3,1,1,1,0,NA,1,Teacher,4,4,4,4,4,4,4,1,4,1,1,1,3,4,1,3,3,1,4,3,4,4,1,4,4,3,2,3,3,3,2,2,1,1,3,3,male,3,5,1 4,1,0,0,1,0,0,NA,3,3,3,3,3,3,3,3,2,3,3,3,1,3,4,4,3,3,1,4,1,2,3,1,3,3,3,1,4,4,5 6,0,0,0,0,1,1,0,0,0,NA,30,NA,15000,-,uuid:3d4fd1ad-cacd-4249-b5d3-048ab779c598,2512031638,uuid:3d4fd1ad-cacd-4249-b5d3-048ab779c598
900280,S0901050072,HARARI,Harari,sofi,aw umer,Rural,"12/9/2025, 7:32:50 PM","12/9/2025, 11:30:17 AM","12/9/2025, 3:54:24 PM",12/9/2025,3.58E+14,1,HT10201,NA,male,principal,0,0,0,1,1,0,2006,2016,2018,2,2,5,NA,0,NA,NA,NA,NA,NA,NA,NA,4,1 3,1,0,1,0,0,0,NA,1 2,1,1,0,0,0,0,0,0,0,0,NA,0,1,0,0,0,0,0,0,0,NA,4,5,5,5,5,5,3,5,2,NA,1,NA,6,NA,1,1,1 2 3,1,1,1,0,0,0,0,0,0,NA,3,NA,4 8,0,0,0,1,0,0,0,1,0,NA,1,NA,6,NA,5,NA,9,0,0,0,0,0,0,0,0,1,0,NA,1,NA,1,1,0,0,0,0,0,0,NA,5,0,0,0,0,1,0,0,NA,5,NA,1,1 2 3 4,1,1,1,1,0,0,0,0,0,0,NA,3,NA,NA,NA,NA,NA,NA,NA,NA,NA,2,NA,2,NA,1,NA,1,NA,1,NA,2,4,3,4,3,4,2,2,NA,6,4,0,0,0,1,0,0,0,0,NA,5,NA,4,NA,6,NA,3,5,3,5,5,5,4,2,4,0,0,0,1,0,0,0,NA,1,NA,4,2,1 3 6,1,0,1,0,0,1,0,NA,1,1,0,NA,NA,NA,NA,NA,NA,1,Vice principal,4,4,4,4,4,3,3,3,3,2,3,2,2,4,1,3,3,2,4,3,4,3,1,4,3,3,3,3,3,3,3,3,2,3,3,2,male,2,5,1 2 4,1,1,0,1,0,0,NA,3,2,3,3,3,3,2,3,2,2,3,3,3,4,1,4,2,1,1,4,1,1,3,1,3,3,4,1,3,1,5,0,0,0,0,1,0,0,0,0,NA,38,NA,15000,-,uuid:b25035b5-a70d-416c-9976-06d22b6dd855,2512031638,uuid:b25035b5-a70d-416c-9976-06d22b6dd855
900026,S0901070092,HARARI,Harari,aboker,kelad amba no.2,Urban,"12/10/2025, 7:37:51 PM","12/10/2025, 8:59:06 AM","12/10/2025, 10:03:19 AM",12/10/2025,3.58E+14,1,HT32601,NA,female,principal,0,0,0,1,1,0,1993,2010,2013,3,1,5,NA,1,2017,in_service mentoring,0,1,1,0,NA,4,97,0,0,0,0,0,1,Work performance,1 2 4 8,1,1,0,1,0,0,0,1,0,0,NA,0,1,0,0,1,0,1,0,0,NA,4,5,4,4,3,4,3,3,2,NA,7,NA,6,NA,1,1,1 6 97,1,0,0,0,0,1,0,0,1,CPD,3,NA,3 6,0,0,1,0,0,1,0,0,0,NA,3,NA,6,NA,1,NA,6 97,0,0,0,0,0,1,0,0,0,1,Class Observation,5,NA,1,1,0,0,0,0,0,0,NA,2 6,0,1,0,0,0,1,0,NA,6,NA,1,1 2 3 4 5 6 7,1,1,1,1,1,1,1,0,0,0,NA,97,Repot to parents and analyse the problem in the school community including department head,NA,NA,NA,NA,NA,NA,NA,NA,2,NA,2,NA,2,NA,1,NA,2,-,4,4,3,3,3,3,4,4,NA,5,1 4,1,0,0,1,0,0,0,0,NA,6,NA,2,NA,4,NA,4,4,4,5,5,5,5,1,2 4,0,1,0,1,0,0,0,NA,2,NA,1,2,3 4,0,0,1,1,0,0,0,NA,1,3,1,1 2 3,1,1,1,0,NA,1,Teachers,4,3,3,3,3,4,4,4,4,2,1,1,4,3,3,3,3,3,3,1,3,3,1,4,4,3,2,3,2,2,1,2,3,2,2,3,male,1,3,97,0,0,0,0,1,0,provide information from the woreda to the school and request school data only,2,2,2,2,2,2,2,3,2,2,3,1,1,4,4,4,1,1,1,4,1,1,3,1,1,1,4,3,4,4,5,0,0,0,0,1,0,0,0,0,NA,45,NA,16800,Previously I have been rejected by woreda administrator even if I have been selected as principal by educational bureau due to my personal political view and identity as I belong to other nationality .,uuid:86089030-b13b-4e1e-8291-31c98f994dc7,2512031638,uuid:86089030-b13b-4e1e-8291-31c98f994dc7
900026,S0901070092,HARARI,Harari,aboker,kelad amba no.2,Urban,"12/10/2025, 7:37:52 PM","12/10/2025, 10:21:29 AM","12/10/2025, 11:15:05 AM",12/10/2025,3.58E+14,1,HT32602,NA,female,vice_principal,0,1,1,1,1,0,2000,2017,2017,1,2,5,NA,1,2017,in_service mentoring,0,1,1,0,NA,4,1 97,1,0,0,0,0,1,Evaluation by educational bureau on performance based,1 2 8,1,1,0,0,0,0,0,1,0,0,NA,0,0,0,0,0,0,0,0,0,NA,5,5,5,5,5,5,5,5,2,NA,97,Managing school data,7,NA,1,1,1 3 6,1,0,1,0,0,1,0,0,0,NA,3,NA,4 6,0,0,0,1,0,1,0,0,0,NA,1,NA,3,NA,6,NA,7 9,0,0,0,0,0,0,1,0,1,0,NA,5,NA,1 4,1,0,0,1,0,0,0,NA,2 6,0,1,0,0,0,1,0,NA,6,NA,1,1 2 3 4 5 7 8,1,1,1,1,1,0,1,1,0,0,NA,97,We have committee from teachers,NA,NA,NA,NA,NA,NA,NA,NA,2,NA,2,NA,2,NA,2,NA,2,-,4,4,4,4,4,4,3,4,NA,5,1 4,1,0,0,1,0,0,0,0,NA,6,NA,8,NA,11,NA,5,5,5,5,5,5,5,1,2 4 5 6,0,1,0,1,1,1,0,NA,2,NA,4,2,3 97,0,0,1,0,0,0,1,Financial support,1,2,1,1 2 3,1,1,1,0,NA,1,Teachers,4,4,4,4,3,4,4,1,4,1,1,1,1,4,1,3,4,1,4,1,4,4,4,4,4,3,3,3,3,3,2,2,2,2,3,1,male,2,4,1,1,0,0,0,0,0,NA,2,2,2,2,2,2,3,2,3,3,2,1,1,4,4,4,1,1,1,4,1,1,3,1,1,1,4,3,4,4,1 5 7,1,0,0,0,1,0,1,0,0,NA,37,NA,14000,-,uuid:a765ba43-8eaa-441f-a79d-54b32f56ba05,2512031638,uuid:a765ba43-8eaa-441f-a79d-54b32f56ba05
900040,S0901080062,HARARI,Harari,amir nur,sena,Urban,"12/5/2025, 8:36:11 PM","12/5/2025, 9:23:16 AM","12/5/2025, 10:45:00 AM",12/5/2025,3.58E+14,1,HT10101,NA,female,principal,0,0,0,1,1,0,2003,2016,2016,1,2,5,NA,1,2017,other,0,0,0,1,Yetmheret bet mashasheya ekede,1,1 5,1,0,0,0,1,0,NA,1 2 8,1,1,0,0,0,0,0,1,0,0,NA,0,0,0,0,0,0,0,0,1,NA,5,5,5,5,4,5,5,1,2,NA,6,NA,7,NA,1,1,1 2 6,1,1,0,0,0,1,0,0,0,NA,3,NA,1 6,1,0,0,0,0,1,0,0,0,NA,3,NA,1,NA,6,NA,5 8,0,0,0,0,1,0,0,1,0,0,NA,5,NA,1,1,0,0,0,0,0,0,NA,6 97,0,0,0,0,0,1,1,Students spend there time in liberary,6,NA,1,1 2 3 4 6 7,1,1,1,1,0,1,1,0,0,0,NA,3,NA,NA,NA,NA,NA,NA,NA,NA,NA,2,NA,2,NA,2,NA,2,NA,2,#NAME?,4,3,3,3,3,3,3,3,NA,3,1 2 3,1,1,1,0,0,0,0,0,NA,2,NA,5,NA,8,NA,2,5,4,3,3,5,5,1,3 4 6,0,0,1,1,0,1,0,NA,2,NA,5,2,1 3 4 6,1,0,1,1,0,1,0,NA,1,3,1,1 2 3,1,1,1,0,NA,1,Vice principal,4,4,4,4,2,4,4,1,4,1,1,1,2,4,4,3,3,1,4,3,4,4,1,3,4,3,3,3,2,3,1,2,3,2,3,3,female,2,3,1 3 4,1,0,1,1,0,0,NA,3,2,2,2,2,2,2,2,3,3,3,4,1,4,4,4,3,3,3,3,3,4,3,1,4,3,1,4,4,1,2 3 5 7,0,1,1,0,1,0,1,0,0,NA,31,NA,16638,Incresse Numbers of class rooms and needqualified teachers,uuid:d349f10d-cc0a-4fbc-a395-c787b2193b35,2512031638,uuid:d349f10d-cc0a-4fbc-a395-c787b2193b35
1101780,S1002090012,ADDIS ABABA,Akaki-Kaliti,Woreda 9,kilinto no 1,Urban,"12/16/2025, 4:55:26 PM","12/16/2025, 8:44:42 AM","12/16/2025, 9:38:07 AM",12/16/2025,3.58E+14,1,HT301,NA,male,principal,1,0,1,3,2,1,2002,2016,2016,1,1,6,NA,1,2017,management,1,0,0,0,NA,1,1 2 3,1,1,1,0,0,0,NA,1 2 8,1,1,0,0,0,0,0,1,0,0,NA,0,0,1,1,0,0,0,0,0,NA,5,5,5,5,5,5,5,5,2,NA,97,meeting from woreda,7,NA,1,1,1 3 6,1,0,1,0,0,1,0,0,0,NA,3,NA,3 8,0,0,1,0,0,0,0,1,0,NA,1,NA,3,NA,6,NA,9 97,0,0,0,0,0,0,0,0,1,1,Lack of time to do researcher in education,5,NA,1,1,0,0,0,0,0,0,NA,2 6,0,1,0,0,0,1,0,NA,6,NA,1,1 2 4 5 6 7 8,1,1,0,1,1,1,1,1,0,0,NA,97,Manage students data to know the problem and inform parents,NA,NA,NA,NA,NA,NA,NA,NA,2,NA,2,NA,2,NA,2,NA,2,-,4,3,4,4,4,4,4,4,NA,6,1 2 4,1,1,0,1,0,0,0,0,NA,6,NA,11,NA,5,NA,5,5,5,5,5,4,5,1,4 5 6,0,0,0,1,1,1,0,NA,2,NA,3,3,3,0,0,1,0,0,0,0,NA,1,3,1,1 2 3,1,1,1,0,NA,1,Teachers,4,4,4,4,4,4,4,1,4,1,1,1,4,4,3,4,4,1,4,2,4,4,1,4,4,3,3,3,1,2,3,3,3,3,3,1,male,4,5,1 3 4,1,0,1,1,0,0,NA,3,1,2,2,2,2,3,3,3,3,3,3,1,4,3,4,1,1,1,4,1,1,3,1,1,1,4,1,4,4,5 8,0,0,0,0,1,0,0,1,0,NA,36,NA,16000,-,uuid:011e9eee-12fd-4aa6-8095-1fd3458ca00e,2512142209,uuid:011e9eee-12fd-4aa6-8095-1fd3458ca00e
1101780,S1002090012,ADDIS ABABA,Akaki-Kaliti,Woreda 9,kilinto no 1,Urban,"12/16/2025, 4:55:27 PM","12/16/2025, 9:44:10 AM","12/16/2025, 10:34:29 AM",12/16/2025,3.58E+14,1,HT302,NA,male,vice_principal,1,0,1,3,2,1,2003,2013,2017,3,2,5,NA,0,NA,NA,NA,NA,NA,NA,NA,2,1 2 3,1,1,1,0,0,0,NA,1 2 8,1,1,0,0,0,0,0,1,0,0,NA,0,0,1,1,1,1,1,0,0,NA,5,5,5,5,5,5,5,2,2,NA,6,NA,97,Woreda meeting,1,1,1 3 6,1,0,1,0,0,1,0,0,0,NA,3,NA,2 6,0,1,0,0,0,1,0,0,0,NA,3,NA,6,NA,5,NA,8 9,0,0,0,0,0,0,0,1,1,0,NA,5,NA,1,1,0,0,0,0,0,0,NA,2 6 97,0,1,0,0,0,1,1,Replace the others teacher and cover the period,6,NA,1,1 4 5 6,1,0,0,1,1,1,0,0,0,0,NA,97,Identify the problem as we have students profile and disscuse with parents,NA,NA,NA,NA,NA,NA,NA,NA,2,NA,2,NA,2,NA,2,NA,2,-,3,3,4,4,4,3,4,4,NA,6,1 2 4,1,1,0,1,0,0,0,0,NA,5,NA,7,NA,6,NA,5,5,5,5,5,5,5,2,3 4 6,0,0,1,1,0,1,0,NA,2,NA,4,3,3 97,0,0,1,0,0,0,1,Students who needs special support,1,3,1,1 2 3,1,1,1,0,NA,1,Vic principals,4,4,4,4,4,4,4,1,4,1,1,1,3,4,1,4,4,1,4,4,4,4,1,4,4,2,2,3,1,3,3,3,2,3,3,5,male,4,5,1 3 4,1,0,1,1,0,0,NA,1,2,2,2,2,2,2,2,3,2,2,3,1,4,4,4,3,1,1,4,1,1,2,3,3,1,3,3,2,1,5 7,0,0,0,0,1,0,1,0,0,NA,40,NA,15000,-,uuid:0c012aae-8bd5-4b25-bcb4-f8349fa5e9b3,2512142209,uuid:0c012aae-8bd5-4b25-bcb4-f8349fa5e9b3
1101426,S1007130252,ADDIS ABABA,Addis Ketema,Woreda 12,BISRAT,Urban,"12/15/2025, 3:30:42 PM","12/12/2025, 8:41:46 AM","12/15/2025, 3:24:25 PM",12/12/2025,3.58E+14,1,HT201,NA,male,principal,1,0,1,3,3,0,2000,2003,2016,2,1,6,NA,1,2017,management mentoring,1,0,1,0,NA,1,1 2,1,1,0,0,0,0,NA,1 2 8,1,1,0,0,0,0,0,1,0,0,NA,0,1,0,0,1,0,0,0,0,NA,5,5,5,5,5,5,4,1,2,NA,7,NA,97,Meeting request from woreda,1,2,1 2 6,1,1,0,0,0,1,0,0,0,NA,3,NA,3 6,0,0,1,0,0,1,0,0,0,NA,3,NA,1,NA,6,NA,8 9,0,0,0,0,0,0,0,1,1,0,NA,5,NA,1,1,0,0,0,0,0,0,NA,2 6,0,1,0,0,0,1,0,NA,6,NA,1,1 2 3 4 5 6 7 8,1,1,1,1,1,1,1,1,0,0,NA,97,Inform parents and anlayse data / the problem if it's from the school problem,NA,NA,NA,NA,NA,NA,NA,NA,2,NA,2,NA,2,NA,2,NA,1,-,4,3,4,4,4,3,4,3,NA,5,1 3,1,0,1,0,0,0,0,0,NA,5,NA,4,NA,9,NA,5,5,5,5,5,5,5,3,2 4 6,0,1,0,1,0,1,0,NA,1,NA,4,1,NA,NA,NA,NA,NA,NA,NA,NA,NA,1,1,1,1 2 3,1,1,1,0,NA,1,Teachers,3,4,4,4,4,4,4,2,4,2,1,2,4,4,1,3,4,3,4,3,4,4,4,4,4,2,2,3,1,1,2,1,1,1,1,1,male,2,5,1 3 4,1,0,1,1,0,0,NA,1,2,2,2,2,2,2,1,3,3,3,1,1,4,4,4,2,3,3,4,1,2,3,4,4,1,4,4,3,4,1 7,1,0,0,0,0,0,1,0,0,NA,37,NA,16515,-,uuid:9c8e3c06-0d9c-47aa-bfee-7e799f9c6dbf,2512111015,uuid:9c8e3c06-0d9c-47aa-bfee-7e799f9c6dbf
1101426,S1007130252,ADDIS ABABA,Addis Ketema,Woreda 12,BISRAT,Urban,"12/15/2025, 3:30:43 PM","12/15/2025, 9:01:39 AM","12/15/2025, 3:26:34 PM",12/15/2025,3.58E+14,1,HT202,NA,male,vice_principal,1,0,1,4,4,0,2005,2016,2016,1,2,5,NA,1,2016,in_service,0,1,0,0,NA,4,1 2 3,1,1,1,0,0,0,NA,1 2 8,1,1,0,0,0,0,0,1,0,0,NA,0,1,0,0,0,0,0,0,0,NA,5,5,5,5,5,5,5,5,2,NA,7,NA,97,Weekly meeting,1,1,1 2 6,1,1,0,0,0,1,0,0,0,NA,3,NA,1 3,1,0,1,0,0,0,0,0,0,NA,3,NA,1,NA,6,NA,8 9,0,0,0,0,0,0,0,1,1,0,NA,2,NA,1,1,0,0,0,0,0,0,NA,2 6,0,1,0,0,0,1,0,NA,6,NA,1,1 2 3 4 5 6 7 8,1,1,1,1,1,1,1,1,0,0,NA,97,"Analys the case and internal discussion,then inform parents",NA,NA,NA,NA,NA,NA,NA,NA,2,NA,2,NA,2,NA,2,NA,2,-,3,3,4,3,4,3,4,3,NA,7,1 2 4,1,1,0,1,0,0,0,0,NA,6,NA,1,NA,9,NA,3,3,3,5,5,4,5,1,4 6,0,0,0,1,0,1,0,NA,2,NA,2,1,NA,NA,NA,NA,NA,NA,NA,NA,NA,1,3,1,1 2 3,1,1,1,0,NA,1,Vic principals,3,3,3,4,3,4,4,1,4,2,1,1,1,4,4,3,3,1,4,3,4,3,1,4,4,3,2,3,3,3,3,3,1,3,3,3,female,4,5,1 2 3 4,1,1,1,1,0,0,NA,2,2,2,2,2,2,2,2,3,3,3,2,1,4,4,4,1,1,1,4,1,1,3,1,1,1,4,3,4,4,5 8,0,0,0,0,1,0,0,1,0,NA,37,NA,16000,-,uuid:b920056b-0340-4840-8e91-3f6f1eba120a,2512111015,uuid:b920056b-0340-4840-8e91-3f6f1eba120a
1103302,S1008010052,ADDIS ABABA,Lideta,Woreda 1,Lideta Selam,Urban,"12/18/2025, 6:43:16 PM","12/18/2025, 7:42:57 AM","12/18/2025, 8:39:08 AM",12/18/2025,3.58E+14,1,HT101,NA,female,principal,0,1,1,1,1,0,2007,2011,2011,1,1,6,NA,1,2017,management in_service,1,1,0,0,NA,1,1 3 4 5,1,0,1,1,1,0,NA,1 2 8,1,1,0,0,0,0,0,1,0,0,NA,0,1,0,0,1,1,1,0,0,NA,5,5,5,5,5,5,5,3,2,NA,97,Participating weekly metting from woreda and spent time for political,7,NA,1,1,1 2 6,1,1,0,0,0,1,0,0,0,NA,3,NA,4 8,0,0,0,1,0,0,0,1,0,NA,3,NA,6,NA,1,NA,5 8,0,0,0,0,1,0,0,1,0,0,NA,5,NA,1,1,0,0,0,0,0,0,NA,6 97,0,0,0,0,0,1,1,Spent studying in library,6,NA,1,1 2 3 4 5 6 7 8 9,1,1,1,1,1,1,1,1,1,0,NA,4,NA,1 2 3 4,1,1,1,1,0,0,NA,2,NA,2,NA,2,NA,2,NA,2,-,4,4,3,4,4,4,4,3,NA,3,2 4 97,0,1,0,1,0,0,0,1,Handled by Nurses,11,NA,6,NA,8,NA,3,5,5,5,5,5,5,1,2 3 4 6,0,1,1,1,0,1,0,NA,2,NA,4,2,3 6,0,0,1,0,0,1,0,NA,1,2,1,1 2 3,1,1,1,0,NA,1,Teachers  and principal,3,3,3,4,3,4,4,3,4,2,1,2,3,4,1,4,3,3,3,2,4,4,3,4,4,1,2,3,3,2,2,2,1,2,3,5,male,2,5,1 2 3 4,1,1,1,1,0,0,NA,2,2,2,3,3,2,2,3,3,3,3,2,1,4,4,4,1,1,1,1,1,1,3,1,1,1,4,1,4,4,3 5,0,0,1,0,1,0,0,0,0,NA,30,NA,20000,To know better teaching  method and adopt technologies for learning and teaching practice,uuid:7ae2ab8e-95f2-4279-ad8f-dc1b4fc2c937,2512142209,uuid:7ae2ab8e-95f2-4279-ad8f-dc1b4fc2c937
1103302,S1008010052,ADDIS ABABA,Lideta,Woreda 1,Lideta Selam,Urban,"12/19/2025, 4:13:41 PM","12/18/2025, 8:39:14 AM","12/18/2025, 9:29:47 AM",12/18/2025,3.58E+14,1,HT102,NA,male,vice_principal,0,1,1,1,1,0,1999,2002,2017,3,1,5,NA,1,2016,management in_service,1,1,0,0,NA,4,1 2 3,1,1,1,0,0,0,NA,1 2 8,1,1,0,0,0,0,0,1,0,0,NA,0,1,1,0,0,0,1,0,0,NA,5,5,4,5,5,5,5,5,2,NA,97,Meeting request from woreda and from sub city,7,NA,1,1,1 2 6,1,1,0,0,0,1,0,0,0,NA,3,NA,1 4,1,0,0,1,0,0,0,0,0,NA,3,NA,6,NA,5,NA,1 7,1,0,0,0,0,0,1,0,0,0,NA,5,NA,1,1,0,0,0,0,0,0,NA,6 97,0,0,0,0,0,1,1,Spent time in library,6,NA,1,1 2 3 4 5 6 7 8,1,1,1,1,1,1,1,1,0,0,NA,4,NA,1 3 4,1,0,1,1,0,0,NA,2,NA,2,NA,2,NA,2,NA,2,-,5,3,4,4,3,3,4,4,NA,3,1 2 4 97,1,1,0,1,0,0,0,1,We do have nurses in school,6,NA,11,NA,97,Pollution (smell) happens due to nearby garbage plant,5,5,5,5,5,5,5,1,2 4 5 6,0,1,0,1,1,1,0,NA,2,NA,4,2,3 4 6,0,0,1,1,0,1,0,NA,1,2,1,1 2,1,1,0,0,NA,1,Teachers,4,4,4,4,4,4,4,1,4,1,1,1,1,4,1,4,3,3,3,3,4,2,1,4,4,3,2,3,2,2,2,2,2,3,3,1,male,3,5,1 2 3 4,1,1,1,1,0,0,NA,3,1,1,3,2,2,2,2,3,3,3,2,1,1,2,4,1,1,1,4,1,1,3,1,1,1,4,4,4,4,5 6,0,0,0,0,1,1,0,0,0,NA,39,NA,19000,_,uuid:11ebc34c-87b7-46d7-8177-d29f87ee9e0c,2512142209,uuid:11ebc34c-87b7-46d7-8177-d29f87ee9e0c
1000236,S1111070022,DIRE DAWA,Dire Dawa,kebele 07,haji mahammed abdullahi oksade,Urban,"12/4/2025, 7:17:01 PM","12/4/2025, 10:44:45 AM","12/4/2025, 11:50:17 AM",12/4/2025,3.58E+14,1,HT8001,NA,female,principal,0,0,0,2,1,1,1999,2001,2012,4,4,5,NA,1,2013,in_service mentoring,0,1,1,0,NA,4,2 5,0,1,0,0,1,0,NA,1 2 4 6 97,1,1,0,1,0,1,0,0,0,1,6 month testing period,0,1,0,0,0,0,0,0,0,NA,5,5,5,5,5,5,5,2,2,NA,6,NA,7,NA,1,1,1 4 6,1,0,0,1,0,1,0,0,0,NA,3,NA,4 97,0,0,0,1,0,0,0,0,1,Collaboration within teachers,3,NA,1,NA,2,NA,97,0,0,0,0,0,0,0,0,0,1,Request  forbeing  party member,5,NA,1,1,0,0,0,0,0,0,NA,97,0,0,0,0,0,0,1,Lyebreriy and ICT,6,NA,1,1 2 3 5 8,1,1,1,0,1,0,0,1,0,0,NA,3,NA,NA,NA,NA,NA,NA,NA,NA,NA,2,NA,2,NA,2,NA,2,NA,1,_,4,2,2,3,4,4,4,4,NA,6,2 3,0,1,1,0,0,0,0,0,NA,2,NA,10,NA,3,NA,4,5,4,5,5,3,5,1,4 6,0,0,0,1,0,1,0,NA,2,NA,4,2,3,0,0,1,0,0,0,0,NA,1,3,1,1 3,1,0,1,0,NA,1,Teachers,4,4,4,4,4,4,4,1,4,1,1,1,3,4,3,4,4,1,4,1,3,3,1,3,4,3,3,3,2,3,1,3,2,3,3,1,male,2,5,1 2 4,1,1,0,1,0,0,NA,3,2,2,2,3,3,2,1,2,3,3,4,1,4,4,4,1,1,1,4,4,1,3,1,1,1,4,3,4,1,1 3 5 6 7,1,0,1,0,1,1,1,0,0,NA,37,NA,17700,_,uuid:f67ba73f-2623-4f91-8593-3ac0afb71b9b,2512031638,uuid:f67ba73f-2623-4f91-8593-3ac0afb71b9b
1000236,S1111070022,DIRE DAWA,Dire Dawa,kebele 07,haji mahammed abdullahi oksade,Urban,"12/4/2025, 7:17:02 PM","12/4/2025, 4:08:31 PM","12/4/2025, 5:13:33 PM",12/4/2025,3.58E+14,1,HT8002,NA,female,vice_principal,1,0,1,1,0,1,1998,2010,2010,1,5,5,NA,1,2016,in_service mentoring,0,1,1,0,NA,1,1,1,0,0,0,0,0,NA,97,0,0,0,0,0,0,0,0,0,1,Need to leave the previous school,0,0,0,0,0,0,0,0,0,NA,5,4,5,5,4,5,3,4,2,NA,3,NA,1,NA,1,1,1 4 7,1,0,0,1,0,0,1,0,0,NA,3,NA,4 7,0,0,0,1,0,0,1,0,0,NA,1,NA,3,NA,4,NA,1 3,1,0,1,0,0,0,0,0,0,0,NA,2,NA,1,1,0,0,0,0,0,0,NA,4 97,0,0,0,1,0,0,1,Lybereri,6,NA,1,3 4 5 6 7 8,0,0,1,1,1,1,1,1,0,0,NA,3,NA,NA,NA,NA,NA,NA,NA,NA,NA,2,NA,2,NA,2,NA,2,NA,1,_,4,2,3,4,2,2,3,5,NA,6,2 4,0,1,0,1,0,0,0,0,NA,8,NA,11,NA,6,NA,5,5,3,5,5,5,5,1,2 3 97,0,1,1,0,0,0,1,_,1,NA,3,1,NA,NA,NA,NA,NA,NA,NA,NA,NA,1,2,1,1 2 3,1,1,1,0,NA,1,Teacher union leader,4,4,3,4,4,4,4,1,4,1,1,1,4,3,3,1,3,1,4,3,4,3,1,3,4,3,3,3,2,3,1,3,2,2,3,4,male,2,5,1 2 3 4,1,1,1,1,0,0,NA,3,2,2,3,3,3,3,1,3,3,1,2,1,4,1,4,1,1,1,4,1,1,3,4,1,1,3,1,4,1,4 5,0,0,0,1,1,0,0,0,0,NA,35,NA,21880,_,uuid:89571cc1-8ed3-43f1-8297-32ebb7fc94b6,2512031638,uuid:89571cc1-8ed3-43f1-8297-32ebb7fc94b6
1000025,S1111100032,DIRE DAWA,Dire Dawa,asaliso cluster,gorroo-dhertu,Rural,"12/14/2025, 7:50:04 AM","12/13/2025, 9:26:56 AM","12/13/2025, 4:38:31 PM",12/13/2025,b069b6a079b16d18,1,HT7701,NA,female,principal,0,0,0,0,NA,NA,2004,2009,2009,1,2,6,NA,1,2008,management,1,0,0,0,NA,3,2 3,0,1,1,0,0,0,NA,1 4,1,0,0,1,0,0,0,0,0,0,NA,0,0,0,0,0,0,0,0,0,NA,5,5,5,5,5,5,5,5,2,NA,3,NA,4,NA,1,1,1 3 6,1,0,1,0,0,1,0,0,0,NA,3,NA,3 4,0,0,1,1,0,0,0,0,0,NA,2,NA,4,NA,8,NA,2,0,1,0,0,0,0,0,0,0,0,NA,1,NA,2,0,1,0,0,0,0,0,NA,5 6,0,0,0,0,1,1,0,NA,2,NA,1,3 5 8,0,0,1,0,1,0,0,1,0,0,NA,3,NA,NA,NA,NA,NA,NA,NA,NA,NA,2,NA,1,NA,1,NA,1,NA,1,NA,5,4,4,4,4,4,4,3,NA,6,1 2,1,1,0,0,0,0,0,0,NA,5,NA,8,NA,3,NA,5,5,5,5,5,5,5,1,4 5,0,0,0,1,1,0,0,NA,2,NA,4,2,1 5,1,0,0,0,1,0,0,NA,1,2,1,2 3,0,1,1,0,NA,0,NA,4,4,4,4,4,4,1,3,3,1,1,1,1,4,1,4,4,1,4,1,4,4,1,4,4,3,3,3,3,3,2,3,2,2,3,2,male,3,1,1 2 3,1,1,1,0,0,0,NA,3,2,2,2,2,2,3,3,3,3,2,4,1,4,4,4,1,1,1,4,1,1,3,1,1,1,5,3,5,2,2 5,0,1,0,0,1,0,0,0,0,NA,25,NA,19000,የመገልገያ እጥረቶች እና  የበጀት እጥረት,uuid:2456742d-826b-4893-a2f0-039d1e29b5d1,2512111015,uuid:2456742d-826b-4893-a2f0-039d1e29b5d1
1000419,S1111100062,DIRE DAWA,Dire Dawa,asaliso cluster,adiga felema,Rural,"12/21/2025, 3:06:51 PM","12/18/2025, 11:03:23 AM","12/21/2025, 3:02:55 PM",12/18/2025,b069b6a079b16d18,1,HT7801,NA,male,principal,0,0,0,0,NA,NA,2005,2011,2014,2,2,5,NA,1,2008,management,1,0,0,0,NA,1,2 3,0,1,1,0,0,0,NA,1 5,1,0,0,0,1,0,0,0,0,0,NA,0,1,1,1,0,0,0,0,0,NA,5,3,5,5,4,5,5,3,2,NA,1,NA,6,NA,1,1,2 3 4,0,1,1,1,0,0,0,0,0,NA,3,NA,3 4,0,0,1,1,0,0,0,0,0,NA,3,NA,5,NA,2,NA,8,0,0,0,0,0,0,0,1,0,0,NA,1,NA,2 97,0,1,0,0,0,0,1,የትምህርት አይነት,3 5 6,0,0,1,0,1,1,0,NA,6,NA,1,3 4,0,0,1,1,0,0,0,0,0,0,NA,3,NA,NA,NA,NA,NA,NA,NA,NA,NA,2,NA,1,NA,1,NA,1,NA,1,NA,4,3,3,3,3,3,4,3,NA,5,1 2,1,1,0,0,0,0,0,0,NA,8,NA,1,NA,9,NA,4,4,4,4,4,4,4,1,2 4,0,1,0,1,0,0,0,NA,2,NA,3,2,4 5,0,0,0,1,1,0,0,NA,1,2,1,1 2,1,1,0,0,NA,0,NA,3,3,3,4,3,4,1,1,4,1,1,1,4,2,4,1,4,1,4,4,4,1,1,1,4,1,1,1,2,3,3,3,1,3,3,3,male,2,3,2 4,0,1,0,1,0,0,NA,3,2,2,1,2,2,1,2,2,1,2,4,3,4,4,4,4,4,1,4,4,1,3,1,4,4,1,4,1,2,4 5 7,0,0,0,1,1,0,1,0,0,NA,35,NA,22240,የለም,uuid:d623d06e-b9e8-42d5-a8fb-82a36b5ee6eb,2512142209,uuid:d623d06e-b9e8-42d5-a8fb-82a36b5ee6eb
1000068,S1111120132,DIRE DAWA,Dire Dawa,biyo awale cluster,awale,Rural,"12/17/2025, 6:19:13 AM","12/15/2025, 1:10:22 PM","12/16/2025, 2:59:41 PM",12/15/2025,b069b6a079b16d18,1,TH7901,NA,female,principal,0,0,0,0,NA,NA,1991,2015,2015,1,2,5,NA,0,NA,NA,NA,NA,NA,NA,NA,1,2 3,0,1,1,0,0,0,NA,1 7,1,0,0,0,0,0,1,0,0,0,NA,0,0,0,0,0,1,1,0,0,NA,5,5,5,5,5,5,5,5,2,NA,3,NA,1,NA,1,1,1 2 6,1,1,0,0,0,1,0,0,0,NA,3,NA,3 4,0,0,1,1,0,0,0,0,0,NA,3,NA,5,NA,8,NA,5,0,0,0,0,1,0,0,0,0,0,NA,5,NA,1 3,1,0,1,0,0,0,0,NA,5 6,0,0,0,0,1,1,0,NA,6,NA,1,3 4 8,0,0,1,1,0,0,0,1,0,0,NA,3,NA,NA,NA,NA,NA,NA,NA,NA,NA,1,NA,1,NA,1,NA,1,NA,1,NA,5,3,3,4,4,4,4,3,NA,6,2 3 4,0,1,1,1,0,0,0,0,NA,5,NA,2,NA,8,NA,5,5,5,5,5,5,5,1,3,0,0,1,0,0,0,0,NA,1,NA,2,3,1 5 97,1,0,0,0,1,0,1,በግብርና ስራ ለማስተማር,1,2,1,1 2,1,1,0,0,NA,1,መሞህር,4,4,4,4,4,4,1,4,3,1,1,1,4,4,1,4,3,2,3,2,4,4,1,4,4,3,2,3,3,3,3,2,3,1,2,1,male,1,4,1 3,1,0,1,0,0,0,NA,3,2,2,2,2,2,2,2,2,3,2,1,1,4,4,4,3,3,2,2,1,1,3,1,1,1,5,3,5,2,2 3 5,0,1,1,0,1,0,0,0,0,NA,42,NA,22810,የክላስተር  የተማላ ግባቶችን አለማግኝ,uuid:d51dc2e7-59cc-4f86-bca8-2aa73c9a3fb4,2512142209,uuid:d51dc2e7-59cc-4f86-bca8-2aa73c9a3fb4
1200423,S1204053802,SIDAMA,South Sidama,aleta wondo,woto,Rural,"12/15/2025, 4:38:57 PM","12/12/2025, 4:06:43 PM","12/15/2025, 4:26:40 PM",12/12/2025,3bbad6a83cf9544a,1,HT25101,NA,female,principal,0,0,0,2,2,0,1999,2002,2012,2,1,5,NA,1,2017,in_service,0,1,0,0,NA,2,5,0,0,0,0,1,0,NA,3 4,0,0,1,1,0,0,0,0,0,0,NA,0,0,0,0,0,0,0,0,0,NA,5,5,5,5,5,5,5,5,2,NA,1,NA,4,NA,1,1,1 3 6,1,0,1,0,0,1,0,0,0,NA,3,NA,2 6,0,1,0,0,0,1,0,0,0,NA,1,NA,5,NA,6,NA,4 8,0,0,0,1,0,0,0,1,0,0,NA,5,NA,1,1,0,0,0,0,0,0,NA,4 5 6,0,0,0,1,1,1,0,NA,6,NA,1,1 2 4 5 6 7 8,1,1,0,1,1,1,1,1,0,0,NA,2,NA,NA,NA,NA,NA,NA,NA,NA,NA,2,NA,2,NA,2,NA,2,NA,2,No,4,3,3,4,4,3,4,4,NA,7,1 2,1,1,0,0,0,0,0,0,NA,97,School is not good for the Samer as a result of the area is watery student can not access school,2,NA,4,NA,5,5,5,4,5,5,5,3,2 3 4,0,1,1,1,0,0,0,NA,1,NA,3,2,1 3 4,1,0,1,1,0,0,0,NA,0,NA,0,NA,NA,NA,NA,NA,NA,1,School principal,3,3,3,4,4,4,4,3,4,1,1,1,3,3,4,3,4,3,4,1,3,4,2,3,3,2,2,3,2,2,2,2,2,1,1,3,male,2,4,1 3,1,0,1,0,0,0,NA,3,3,2,2,3,3,3,2,1,2,3,4,2,3,3,2,3,3,1,4,1,1,2,2,1,2,2,2,3,2,1 2 5 7,1,1,0,0,1,0,1,0,0,NA,32,NA,16209,"We have resources constraint no computer no transportation access there is no incentive no variation even from my fellow teacher despite the work load is high  so in this regard if there NGO and government assist us, if they can provide me laptope phone motor cycle it would be more helpful",uuid:c6abd903-618e-44e3-a61c-c331178fd955,2512111015,uuid:c6abd903-618e-44e3-a61c-c331178fd955
1200423,S1204053802,SIDAMA,South Sidama,aleta wondo,woto,Rural,"12/15/2025, 4:40:01 PM","12/12/2025, 11:18:35 AM","12/15/2025, 4:26:17 PM",12/12/2025,3bbad6a83cf9544a,1,TH25102,NA,male,vice_principal,0,1,1,2,2,0,1997,2001,2013,5,1,5,NA,1,2008,in_service,0,1,0,0,NA,1,1 3,1,0,1,0,0,0,NA,2 4,0,1,0,1,0,0,0,0,0,0,NA,0,0,0,0,0,0,0,0,0,NA,5,5,5,5,5,5,5,4,2,NA,1,NA,5,NA,1,1,1 6 7,1,0,0,0,0,1,1,0,0,NA,3,NA,2 4,0,1,0,1,0,0,0,0,0,NA,6,NA,1,NA,2,NA,5 9,0,0,0,0,1,0,0,0,1,0,NA,5,NA,1,1,0,0,0,0,0,0,NA,2 5 6,0,1,0,0,1,1,0,NA,6,NA,1,1 2 3 4 5 6 7 8 9,1,1,1,1,1,1,1,1,1,0,NA,4,NA,1 3 4,1,0,1,1,0,0,NA,3,NA,2,NA,2,NA,2,NA,2,No,4,2,3,3,3,3,4,4,NA,6,1 2 3,1,1,1,0,0,0,0,0,NA,5,NA,4,NA,2,NA,4,5,5,4,5,4,5,3,3 4 6,0,0,1,1,0,1,0,NA,1,NA,3,4,1 3 4,1,0,1,1,0,0,0,NA,1,1,1,1 2 3,1,1,1,0,NA,1,Vice principal,4,4,3,4,3,4,4,4,4,2,1,1,4,4,4,4,4,1,4,1,4,4,3,4,2,3,3,3,1,2,1,2,1,1,2,1,male,3,4,1 2 3 4,1,1,1,1,0,0,NA,3,2,1,3,1,1,3,1,3,3,3,3,3,3,3,4,3,3,1,4,1,1,2,3,1,1,3,4,2,2,2 5 6,0,1,0,0,1,1,0,0,0,NA,43,NA,15000,There is no transport access to afford daily we can't.  if there is transportation access it would be great. It is so challenging that the principal salary is also not fair,uuid:f278f6e8-894b-4186-8e55-b5fa5ef120d5,2512111015,uuid:f278f6e8-894b-4186-8e55-b5fa5ef120d5
1200975,S1204102872,SIDAMA,North Sidama,boricha,chafa boicha,Rural,"12/5/2025, 5:50:12 PM","12/4/2025, 9:24:30 AM","12/5/2025, 5:39:10 PM",12/4/2025,3bbad6a83cf9544a,1,HT25301,NA,female,principal,1,0,1,1,0,1,1997,2011,2011,1,2,5,NA,0,NA,NA,NA,NA,NA,NA,NA,1,4,0,0,0,1,0,0,NA,2 4 5,0,1,0,1,1,0,0,0,0,0,NA,0,1,0,0,0,0,1,0,0,NA,5,4,4,4,4,5,5,4,1,NA,2,NA,4,NA,1,1,1 3 5,1,0,1,0,1,0,0,0,0,NA,3,NA,1 4,1,0,0,1,0,0,0,0,0,NA,1,NA,3,NA,7,NA,3,0,0,1,0,0,0,0,0,0,0,NA,2,NA,1,1,0,0,0,0,0,0,NA,5,0,0,0,0,1,0,0,NA,3,NA,1,2 4 5 6,0,1,0,1,1,1,0,0,0,0,NA,3,NA,NA,NA,NA,NA,NA,NA,NA,NA,1,NA,2,NA,3,NA,2,NA,2,NA,4,4,4,4,3,3,4,2,NA,3,5,0,0,0,0,1,0,0,0,NA,6,NA,8,NA,5,NA,5,5,5,5,5,4,5,1,4,0,0,0,1,0,0,0,NA,1,NA,4,1,NA,NA,NA,NA,NA,NA,NA,NA,NA,0,NA,0,NA,NA,NA,NA,NA,NA,0,NA,4,3,3,4,4,4,4,3,3,1,1,1,3,3,4,3,4,3,3,1,4,3,3,3,3,2,2,3,2,1,1,1,1,1,1,4,male,2,2,2 3 4,0,1,1,1,0,0,NA,3,1,3,2,3,2,2,3,1,3,3,3,3,3,3,3,3,3,1,4,1,1,3,1,1,4,4,4,4,2,2 3 4,0,1,1,1,0,0,0,0,0,NA,38,NA,16600,Logstic shortage is challenge and I spent from my pocket,uuid:5a4e735d-881a-4762-9be3-385be82e17d7,2512030638,uuid:5a4e735d-881a-4762-9be3-385be82e17d7
1200975,S1204102872,SIDAMA,North Sidama,boricha,chafa boicha,Rural,"12/5/2025, 5:50:13 PM","12/4/2025, 10:43:12 AM","12/5/2025, 5:41:49 PM",12/4/2025,3bbad6a83cf9544a,1,HT25302,NA,male,vice_principal,1,0,1,1,1,0,2002,2012,2016,2,1,5,NA,0,NA,NA,NA,NA,NA,NA,NA,5,3,0,0,1,0,0,0,NA,4 5,0,0,0,1,1,0,0,0,0,0,NA,0,0,0,1,1,0,1,0,0,NA,5,4,5,5,5,5,5,2,1,NA,3,NA,2,NA,1,1,1 4 7,1,0,0,1,0,0,1,0,0,NA,3,NA,1 4,1,0,0,1,0,0,0,0,0,NA,3,NA,6,NA,2,NA,1 2,1,1,0,0,0,0,0,0,0,0,NA,2,NA,1,1,0,0,0,0,0,0,NA,2 5 6,0,1,0,0,1,1,0,NA,3,NA,1,1 2 3 4 5 6 7 8,1,1,1,1,1,1,1,1,0,0,NA,3,NA,NA,NA,NA,NA,NA,NA,NA,NA,2,NA,1,NA,1,NA,1,NA,1,Exam will be evaluated committee,4,4,4,4,3,3,4,2,NA,1,1 5,1,0,0,0,1,0,0,0,NA,3,NA,6,NA,1,NA,5,5,5,5,5,4,5,2,3 4,0,0,1,1,0,0,0,NA,1,NA,4,1,NA,NA,NA,NA,NA,NA,NA,NA,NA,1,4,0,NA,NA,NA,NA,NA,NA,1,Vice principal,4,3,4,4,4,4,4,4,4,1,1,1,3,2,4,3,4,2,2,3,4,3,1,1,4,2,3,3,2,2,1,2,2,1,1,3,male,2,1,3,0,0,1,0,0,0,NA,1,1,2,2,3,3,3,2,1,1,2,4,3,4,4,4,4,4,3,4,1,3,3,1,1,3,4,4,1,2,1 2 5,1,1,0,0,1,0,0,0,0,NA,35,NA,15490,This school is in danger the environment is attached by flood and it need budget we don't have teachers office they're Noli terry and many otherlogstics and facility it is not standards.,uuid:981740d8-3d9c-4792-b7dd-690d17e85ddd,2512030638,uuid:981740d8-3d9c-4792-b7dd-690d17e85ddd
1202455,S1204121002,SIDAMA,North Sidama,malga,kacha gumuricho,Urban,"12/9/2025, 5:30:16 PM","12/8/2025, 7:55:27 AM","12/9/2025, 5:14:02 PM",12/8/2025,3bbad6a83cf9544a,1,HT25701,NA,male,principal,1,0,1,1,1,0,2006,2013,2015,2,1,5,NA,1,2017,in_service,0,1,0,0,NA,4,5,0,0,0,0,1,0,NA,4 6 8,0,0,0,1,0,1,0,1,0,0,NA,0,1,0,1,0,0,0,0,0,NA,5,5,5,5,4,5,5,5,2,NA,6,NA,1,NA,1,2,1 2 6,1,1,0,0,0,1,0,0,0,NA,3,NA,4 6,0,0,0,1,0,1,0,0,0,NA,1,NA,3,NA,6,NA,5,0,0,0,0,1,0,0,0,0,0,NA,5,NA,1,1,0,0,0,0,0,0,NA,5,0,0,0,0,1,0,0,NA,3,NA,1,2 3 5 6 8,0,1,1,0,1,1,0,1,0,0,NA,3,NA,NA,NA,NA,NA,NA,NA,NA,NA,2,NA,2,NA,4,Me and the vice principal will monitor students and teachers randomly and regularly,2,NA,2,No,3,3,3,4,4,4,4,4,NA,7,2,0,1,0,0,0,0,0,0,NA,5,NA,8,NA,2,NA,4,3,3,5,5,4,4,2,3 4,0,0,1,1,0,0,0,NA,1,NA,5,2,2 4,0,1,0,1,0,0,0,NA,1,1,0,NA,NA,NA,NA,NA,NA,1,By given incentive to teachers to equip students,4,4,3,3,4,4,3,3,4,1,1,1,4,4,3,3,4,2,3,2,4,4,1,1,4,2,2,3,2,3,2,3,2,2,3,2,male,4,5,2 3 4,0,1,1,1,0,0,NA,3,3,3,2,3,2,3,1,1,3,1,3,3,4,3,3,3,3,1,4,1,2,3,1,1,2,4,3,4,4,5,0,0,0,0,1,0,0,0,0,NA,28,NA,16715,"Yes, related to work and completing the work there are financial challenges. Even there is no money even for stationary, School grant from Germany NGO is stopped this is around Three years no this is a challenge what I have encountered",uuid:7b439a4c-1f3a-4cd9-bb5f-fc55594fb563,2512030638,uuid:7b439a4c-1f3a-4cd9-bb5f-fc55594fb563
1202455,S1204121002,SIDAMA,North Sidama,malga,kacha gumuricho,Urban,"12/9/2025, 5:30:19 PM","12/8/2025, 10:53:44 AM","12/9/2025, 5:14:17 PM",12/8/2025,3bbad6a83cf9544a,1,HT25702,NA,male,vice_principal,0,0,0,1,1,0,2010,2014,2014,1,1,5,NA,0,NA,NA,NA,NA,NA,NA,NA,3,1,1,0,0,0,0,0,NA,1 3 4,1,0,1,1,0,0,0,0,0,0,NA,0,0,0,1,0,0,0,0,0,NA,5,5,5,5,5,5,5,5,2,NA,1,NA,5,NA,1,2,1 2 3,1,1,1,0,0,0,0,0,0,NA,3,NA,1 4,1,0,0,1,0,0,0,0,0,NA,1,NA,6,NA,3,NA,3 9,0,0,1,0,0,0,0,0,1,0,NA,5,NA,1,1,0,0,0,0,0,0,NA,2 5,0,1,0,0,1,0,0,NA,3,NA,1,3 4 5 6 7,0,0,1,1,1,1,1,0,0,0,NA,3,NA,NA,NA,NA,NA,NA,NA,NA,NA,2,NA,2,NA,2,NA,2,NA,2,No,4,4,4,4,4,4,4,3,NA,7,2,0,1,0,0,0,0,0,0,NA,5,NA,6,NA,2,NA,5,5,5,5,5,5,5,1,2 3 4,0,1,1,1,0,0,0,NA,1,NA,2,2,1 3 4,1,0,1,1,0,0,0,NA,1,4,1,1 3,1,0,1,0,NA,1,Principal,4,4,3,4,4,4,4,4,4,1,1,1,3,4,1,4,4,3,4,1,4,4,1,2,4,1,3,1,1,1,1,1,1,1,1,1,male,4,2,1 2 3 4,1,1,1,1,0,0,NA,3,3,3,3,3,3,3,3,3,3,3,4,1,4,4,4,4,1,1,4,1,1,3,1,2,1,4,1,4,1,2 3 4,0,1,1,1,0,0,0,0,0,NA,28,NA,15089,"Thank you, to motivate the teachers to be well equipped they need to take training we don't have basic Infrastracturs like computer,water , electric,stationaries are the the challenge we encountered so we need support",uuid:213c07d2-b885-4250-b01c-2fe32202c286,2512030638,uuid:213c07d2-b885-4250-b01c-2fe32202c286
1202973,S1204130122,SIDAMA,Centeral Sidama,wonsho,lalamo,Rural,"12/24/2025, 7:19:05 PM","12/23/2025, 11:44:02 AM","12/24/2025, 7:01:56 PM",12/23/2025,3bbad6a83cf9544a,1,HT32202,NA,male,vice_principal,1,0,1,1,1,0,2000,2008,2008,1,1,5,NA,0,NA,NA,NA,NA,NA,NA,NA,4,3 5,0,0,1,0,1,0,NA,2 3 4 6 7 8,0,1,1,1,0,1,1,1,0,0,NA,0,0,0,0,0,0,1,0,0,NA,5,3,5,4,5,5,5,3,2,NA,4,NA,5,NA,1,1,1 3 4,1,0,1,1,0,0,0,0,0,NA,3,NA,1 4,1,0,0,1,0,0,0,0,0,NA,5,NA,1,NA,6,NA,1 2,1,1,0,0,0,0,0,0,0,0,NA,2,NA,1,1,0,0,0,0,0,0,NA,2 5,0,1,0,0,1,0,0,NA,6,NA,1,1 2 4 5 6 7 8,1,1,0,1,1,1,1,1,0,0,NA,3,NA,NA,NA,NA,NA,NA,NA,NA,NA,1,NA,2,NA,2,NA,2,NA,1,No,4,3,3,3,4,4,4,4,NA,5,1 2,1,1,0,0,0,0,0,0,NA,6,NA,5,NA,8,NA,5,5,5,4,5,4,5,2,3 4,0,0,1,1,0,0,0,NA,1,NA,4,2,1 97,1,0,0,0,0,0,1,For top student to give appriciation,1,4,0,NA,NA,NA,NA,NA,NA,1,Principals,4,3,4,4,4,4,3,4,3,1,1,1,4,4,3,3,4,2,4,3,4,4,1,4,4,1,1,1,2,2,1,2,2,1,1,3,male,4,5,3 4,0,0,1,1,0,0,NA,1,3,3,3,3,2,3,3,1,3,3,4,1,4,4,4,4,3,1,4,1,1,3,1,2,2,3,2,4,2,2 3 5 6 7,0,1,1,0,1,1,1,0,0,NA,33,NA,15490,We have no sufficient budget to run effective teaching learning activities no logistics  like books,uuid:c9397d57-5574-405a-b464-e8094059da4a,2512142209,uuid:c9397d57-5574-405a-b464-e8094059da4a
1202973,S1204130122,SIDAMA,Centeral Sidama,wonsho,lalamo,Rural,"12/24/2025, 7:19:06 PM","12/24/2025, 2:16:29 PM","12/24/2025, 7:02:46 PM",12/24/2025,3bbad6a83cf9544a,1,HT32201,NA,male,principal,0,0,0,1,1,0,1986,1991,2000,2,1,5,NA,1,2017,management in_service mentoring,1,1,1,0,NA,1,1 2 3,1,1,1,0,0,0,NA,1 4,1,0,0,1,0,0,0,0,0,0,NA,0,1,1,1,0,0,0,0,0,NA,5,4,4,5,5,5,5,4,2,NA,1,NA,5,NA,1,1,1 3 4,1,0,1,1,0,0,0,0,0,NA,3,NA,1 4,1,0,0,1,0,0,0,0,0,NA,1,NA,6,NA,5,NA,2 3,0,1,1,0,0,0,0,0,0,0,NA,2,NA,1,1,0,0,0,0,0,0,NA,2 5 6 97,0,1,0,0,1,1,1,Send to Library,4,NA,1,1 2 3 4 5 6 7 8,1,1,1,1,1,1,1,1,0,0,NA,4,NA,1 2 3 4,1,1,1,1,0,0,NA,3,NA,2,NA,2,NA,2,NA,2,No,4,3,3,3,3,3,4,97,Monthly,6,1 2,1,1,0,0,0,0,0,0,NA,6,NA,5,NA,2,NA,5,5,5,5,5,3,5,3,3 4 5 6,0,0,1,1,1,1,0,NA,1,NA,4,2,2 3 4,0,1,1,1,0,0,0,NA,0,NA,0,NA,NA,NA,NA,NA,NA,0,NA,4,4,4,4,3,4,4,4,4,2,1,1,3,4,3,3,4,1,4,1,4,4,1,1,3,2,3,3,1,1,1,1,1,1,1,3,male,3,4,1 2 3 4,1,1,1,1,0,0,NA,1,1,3,1,1,3,1,1,3,1,1,3,3,3,3,4,3,3,1,4,1,2,2,3,1,1,2,3,3,1,1 2 3 4 5 7 8,1,1,1,1,1,0,1,1,0,NA,45,NA,17501,"We have Infrastracturs problem classes are under standard there is no logistics and training for principals as well as teachers there is no textbook supply at all no dedicated budget transportation proble also their there is no carrier structure for principals so in this regard we need assistance from government as well as from NGOs additionaly there is no dormitory for teacher  no lab room for demonstration, there is no supporting staffs like finance area cleaners and gards as well who is formally not paid",uuid:1fe781f3-1dff-4179-8be7-8b509fe4044e,2512142209,uuid:1fe781f3-1dff-4179-8be7-8b509fe4044e
1201128,S1204160382,SIDAMA,South Sidama,bursa,tariche hiro,Rural,"12/23/2025, 9:41:36 PM","12/22/2025, 4:15:15 PM","12/23/2025, 9:33:19 PM",12/22/2025,3bbad6a83cf9544a,1,HT25402,NA,male,vice_principal,0,1,1,1,1,0,2000,2007,2007,1,1,5,NA,1,2017,in_service,0,1,0,0,NA,1,3,0,0,1,0,0,0,NA,1 2 4,1,1,0,1,0,0,0,0,0,0,NA,0,0,0,0,0,0,0,0,0,NA,5,5,5,5,5,5,5,5,2,NA,1,NA,6,NA,1,1,1 3 6,1,0,1,0,0,1,0,0,0,NA,3,NA,4 6,0,0,0,1,0,1,0,0,0,NA,6,NA,3,NA,1,NA,5 7,0,0,0,0,1,0,1,0,0,0,NA,2,NA,1,1,0,0,0,0,0,0,NA,2 4,0,1,0,1,0,0,0,NA,6,NA,1,1 2 3 4,1,1,1,1,0,0,0,0,0,0,NA,4,NA,1 2,1,1,0,0,0,0,NA,2,NA,2,NA,2,NA,2,NA,2,No,4,4,4,4,4,4,4,5,NA,6,7,0,0,0,0,0,0,1,0,NA,5,NA,8,NA,6,NA,5,5,5,5,5,3,5,1,3 4,0,0,1,1,0,0,0,NA,2,NA,5,1,NA,NA,NA,NA,NA,NA,NA,NA,NA,1,2,0,NA,NA,NA,NA,NA,NA,1,Vice principal,4,4,4,4,3,4,4,3,4,1,1,1,3,4,1,1,1,1,4,1,4,4,1,4,4,3,2,3,2,1,3,3,2,1,2,3,male,3,5,2 3 4,0,1,1,1,0,0,NA,3,3,3,3,3,3,1,3,1,3,3,1,3,3,3,4,1,1,1,4,2,2,3,2,1,1,5,1,3,1,1 4 5,1,0,0,1,1,0,0,0,0,NA,40,NA,15490,We have challenge there is no technology to keep data there is low support in educational sector we need help we have clue in some book in place where teachers are no trained on like IT there is no materials at all there is no educational support and carrier structure and student and parents refuse school because there is apportunity to have a job so we don't want to attend. This increase drop ou rate we have a challenge in many Infrastracturs and there is no training apportunity for teacher we have a lot challenge  particularly vice principal despite high work barden,uuid:a7cd1377-3692-40bc-965e-b6c99d7ca405,2512142209,uuid:a7cd1377-3692-40bc-965e-b6c99d7ca405
1201128,S1204160382,SIDAMA,South Sidama,bursa,tariche hiro,Rural,"12/24/2025, 7:21:56 PM","12/24/2025, 12:25:02 PM","12/24/2025, 7:20:44 PM",12/24/2025,3bbad6a83cf9544a,1,HT25401,NA,female,principal,0,1,1,1,1,0,2000,2012,2012,2,1,5,NA,0,NA,NA,NA,NA,NA,NA,NA,1,1 3 5,1,0,1,0,1,0,NA,3 4 6,0,0,1,1,0,1,0,0,0,0,NA,0,1,0,0,0,0,1,0,0,NA,5,5,5,5,5,5,5,5,1,NA,2,NA,5,NA,1,1,1 4 5,1,0,0,1,1,0,0,0,0,NA,3,NA,4 6,0,0,0,1,0,1,0,0,0,NA,3,NA,6,NA,5,NA,2 8,0,1,0,0,0,0,0,1,0,0,NA,5,NA,1,1,0,0,0,0,0,0,NA,2 6,0,1,0,0,0,1,0,NA,4,NA,1,1 2 3 4 5 6 8,1,1,1,1,1,1,0,1,0,0,NA,4,NA,1 2 3 4,1,1,1,1,0,0,NA,2,NA,2,NA,2,NA,1,NA,1,No,3,3,3,3,3,3,3,5,NA,6,7 97,0,0,0,0,0,0,1,1,We don't have modes support and class to change it,6,NA,5,NA,8,NA,5,5,5,5,5,4,5,1,3 4 6,0,0,1,1,0,1,0,NA,1,NA,5,2,1 3 4,1,0,1,1,0,0,0,NA,0,NA,0,NA,NA,NA,NA,NA,NA,0,NA,4,3,3,4,4,4,4,4,4,1,1,1,1,4,3,3,4,1,4,3,4,4,1,4,4,3,3,3,3,3,2,2,1,1,1,3,male,4,5,2 3 4,0,1,1,1,0,0,NA,3,3,3,3,3,3,3,3,3,3,3,4,4,3,3,2,1,1,1,4,1,1,3,1,1,1,4,2,4,1,1 2 3 4 5 6 7,1,1,1,1,1,1,1,0,0,NA,32,NA,16715,No thank you,uuid:2f89b8e9-5bf2-4e98-b261-9a0605d0629e,2512142209,uuid:2f89b8e9-5bf2-4e98-b261-9a0605d0629e
1200945,S1204180302,SIDAMA,East Sidama,bona,olonso dagucho,Rural,"12/17/2025, 6:45:06 PM","12/16/2025, 11:55:25 AM","12/17/2025, 5:48:45 PM",12/16/2025,3bbad6a83cf9544a,1,HT25201,NA,female,principal,0,0,0,0,NA,NA,1995,2011,2015,2,1,5,NA,1,2012,in_service,0,1,0,0,NA,1,1 3,1,0,1,0,0,0,NA,2 4,0,1,0,1,0,0,0,0,0,0,NA,0,0,0,0,0,0,1,1,0,NA,5,5,5,5,5,4,5,3,1,NA,2,NA,3,NA,1,1,3 4 6,0,0,1,1,0,1,0,0,0,NA,3,NA,4 6,0,0,0,1,0,1,0,0,0,NA,1,NA,3,NA,6,NA,8 9,0,0,0,0,0,0,0,1,1,0,NA,5,NA,1,1,0,0,0,0,0,0,NA,2 5,0,1,0,0,1,0,0,NA,3,NA,1,2 4 6,0,1,0,1,0,1,0,0,0,0,NA,4,NA,1 2 3 4,1,1,1,1,0,0,NA,2,NA,2,NA,2,NA,2,NA,2,No,4,4,2,4,4,1,4,4,NA,3,1 3,1,0,1,0,0,0,0,0,NA,5,NA,8,NA,2,NA,5,5,5,5,5,4,5,1,2 3 4 5 6,0,1,1,1,1,1,0,NA,1,NA,5,2,4 5,0,0,0,1,1,0,0,NA,1,6,0,NA,NA,NA,NA,NA,NA,1,Principal,4,4,4,4,4,4,4,4,4,1,1,1,4,4,1,4,4,1,4,3,4,4,1,4,4,1,3,1,1,2,1,1,1,1,1,4,male,3,3,1 2 3 4,1,1,1,1,0,0,NA,3,1,3,1,1,3,3,1,1,1,3,4,1,4,4,4,4,1,1,4,1,1,3,1,1,1,4,4,4,2,1 2 3 4 5 6 7,1,1,1,1,1,1,1,0,0,NA,42,NA,16200,"All communities are not supportive and woreda official also not supportive no school grants here to support the stationary also in addition there is abuse of collected money from the community for school purposes and when we report this they didn't give attention from woreda official ,we have a lot of challenges.",uuid:103f04cc-22f0-482b-a3f7-ab771299593a,2512111015,uuid:103f04cc-22f0-482b-a3f7-ab771299593a
1200121,S1222010152,SIDAMA,Hawassa City Ad.,hawassa city ad.,ethiopiatikdem,Urban,"12/11/2025, 8:51:15 PM","12/10/2025, 3:00:39 PM","12/11/2025, 7:05:46 PM",12/10/2025,3bbad6a83cf9544a,1,HT25602,NA,female,vice_principal,1,0,1,3,1,2,2001,2003,2017,4,1,5,NA,1,2015,mentoring,0,0,1,0,NA,2,3,0,0,1,0,0,0,NA,1 4,1,0,0,1,0,0,0,0,0,0,NA,0,0,0,0,0,0,0,0,0,NA,5,5,5,5,5,5,5,3,2,NA,4,NA,3,NA,1,1,1 3 5,1,0,1,0,1,0,0,0,0,NA,3,NA,3 4,0,0,1,1,0,0,0,0,0,NA,6,NA,3,NA,1,NA,9,0,0,0,0,0,0,0,0,1,0,NA,5,NA,1,1,0,0,0,0,0,0,NA,2 6 97,0,1,0,0,0,1,1,Student counseling service in group study will be facilitation will be given,6,NA,1,2 4 5,0,1,0,1,1,0,0,0,0,0,NA,4,NA,1 2,1,1,0,0,0,0,NA,2,NA,2,NA,2,NA,2,NA,2,No,3,4,4,4,4,4,4,2,NA,7,2,0,1,0,0,0,0,0,0,NA,5,NA,8,NA,11,NA,5,5,4,5,5,5,5,1,3 4,0,0,1,1,0,0,0,NA,97,Every days,3,1,NA,NA,NA,NA,NA,NA,NA,NA,NA,1,6,1,1 3,1,0,1,0,NA,1,By academic committee,4,4,4,4,4,3,3,4,4,1,1,1,4,4,3,4,3,2,4,1,4,4,3,3,4,2,3,3,3,3,2,3,2,2,2,2,male,3,4,1 3 4,1,0,1,1,0,0,NA,3,2,2,3,2,2,2,3,3,3,3,4,1,3,4,2,1,3,1,4,1,1,3,1,2,1,4,4,4,1,1 3 4 5,1,0,1,1,1,0,0,0,0,NA,35,NA,16300,There is no development process and training apportunity there is no way to support women and there is unfair process of promoting there in no apportunity to continue the masters degree apportunity and experience share different schools in different region  and support s from different ngos,uuid:9599701f-bfbc-4bb1-b284-b5b1e4c34793,2512030638,uuid:9599701f-bfbc-4bb1-b284-b5b1e4c34793
1200121,S1222010152,SIDAMA,Hawassa City Ad.,hawassa city ad.,ethiopiatikdem,Urban,"12/11/2025, 8:51:15 PM","12/11/2025, 1:37:44 PM","12/11/2025, 6:59:05 PM",12/11/2025,3bbad6a83cf9544a,1,HT25601,NA,male,principal,0,0,0,3,1,2,2004,2008,2015,4,1,6,NA,1,2017,in_service,0,1,0,0,NA,1,1 3,1,0,1,0,0,0,NA,5,0,0,0,0,1,0,0,0,0,0,NA,0,0,0,0,0,0,0,0,0,NA,5,5,5,5,5,5,5,5,2,NA,3,NA,1,NA,1,1,1 3 4,1,0,1,1,0,0,0,0,0,NA,3,NA,1 4,1,0,0,1,0,0,0,0,0,NA,6,NA,5,NA,1,NA,3 9,0,0,1,0,0,0,0,0,1,0,NA,5,NA,1,1,0,0,0,0,0,0,NA,5,0,0,0,0,1,0,0,NA,6,NA,1,1 2,1,1,0,0,0,0,0,0,0,0,NA,3,NA,NA,NA,NA,NA,NA,NA,NA,NA,2,NA,1,NA,2,NA,2,NA,2,No,3,3,4,4,3,4,4,5,NA,6,2,0,1,0,0,0,0,0,0,NA,6,NA,11,NA,4,NA,5,5,5,5,5,4,5,2,2 6,0,1,0,0,0,1,0,NA,1,NA,4,2,6,0,0,0,0,0,1,0,NA,1,2,0,NA,NA,NA,NA,NA,NA,1,School accadamy,4,4,3,4,4,4,4,4,3,2,1,1,1,4,1,3,3,1,4,3,4,4,3,3,3,3,3,3,3,2,2,2,3,3,3,2,male,3,1,1 4,1,0,0,1,0,0,NA,1,2,2,1,1,2,3,1,3,1,3,4,3,2,2,2,4,3,2,4,2,1,3,1,2,4,2,3,3,4,5,0,0,0,0,1,0,0,0,0,NA,34,NA,18000,As a principal this school is senior school but tot improved in Infrastracturs so if there is standard Infrastracturs as a a country as in transformation this is a challenge we need to improved quality teacher shortage is also a challenge and not motivated to work rather they see as a bridge because of the inflation is not considered by government to teacher so in general we need support from government as well as from NGO's,uuid:18d16473-8693-442a-8842-88d5f646be00,2512030638,uuid:18d16473-8693-442a-8842-88d5f646be00
