code,emis_code,region,zone,woreda,school_name,rural,SubmissionDate,starttime,endtime,surveyday,deviceid,SEC0.2,repaced,SEC1.1,SEC1.2,SEC1.3,SEC1.3a,SEC1.4,SEC1.5,SEC1.6,SEC1.7,SEC1.8,SEC1.9,SEC1.10,SEC1.11,SEC1.12.1,SEC1.12.1_1,SEC1.12.1_2,SEC1.12.1_3,SEC1.12.1_4,SEC1.12.1_5,SEC1.12.1_7,SEC1.12.1_8,SEC1.12.1_9,SEC1.12.1_10,SEC1.12.1_97,SEC1.12.1_oth,SEC1.12.2,SEC1.12.2_1,SEC1.12.2_2,SEC1.12.2_3,SEC1.12.2_4,SEC1.12.2_5,SEC1.12.2_7,SEC1.12.2_8,SEC1.12.2_9,SEC1.12.2_10,SEC1.12.2_97,SEC1.12.2_oth,SEC1.12.3,SEC1.12.3_1,SEC1.12.3_2,SEC1.12.3_3,SEC1.12.3_4,SEC1.12.3_5,SEC1.12.3_7,SEC1.12.3_8,SEC1.12.3_9,SEC1.12.3_10,SEC1.12.3_97,SEC1.12.3_oth,SEC1.13,SEC1.14.1,SEC1.14.2,SEC1.15,SEC1.16.1,SEC1.16.2,SEC1.16.3,F5,F6,F7,F8,SEC2.total,SEC2.girls_total,SEC2.boys_total,SEC2.girls_math,SEC2.boys_math,SEC2.girls_eng,SEC2.boys_eng,SEC2.girls_lang,SEC2.boys_lang,gps_point-Latitude,gps_point-Longitude,gps_point-Altitude,gps_point-Accuracy,instanceID,formdef_version,KEY
1304846,New,SWEPR,Dawro,gussa city admin,okoto shasha,Urban,"12/20/2025, 7:23:03 PM","12/20/2025, 1:15:32 PM","12/20/2025, 7:11:00 PM",12/20/2025,7b083c6dbffcaebb,0,NA,0,0,1,0,0,0,1,1,0,4,0,0,2,0,1,0,0,0,0,0,0,0,0,NA,2,0,1,0,0,0,0,0,0,0,0,NA,2,0,1,0,0,0,0,0,0,0,0,NA,6,2:15:16,6:30:26,0,1,12:45:37,11:00:43,178,92,13,5,64.735,62.93,66.54,66.28,70.85,64.2,65.63,66.33,70.09,6.9967815,37.2575588,2200.6,4.9,uuid:7fe7bac5-4a67-43f4-992b-6abc7a659d08,2512142209,uuid:7fe7bac5-4a67-43f4-992b-6abc7a659d08
82362,S0401060022,OROMIA,Arsii Lixaa,dodolaa,tulluu seerofta,Rural,"12/10/2025, 6:46:29 PM","12/10/2025, 1:12:10 PM","12/10/2025, 5:48:09 PM",12/10/2025,78b63b5b10d7e676,0,NA,0,0,1,1,0,0,1,1,0,10,0,0,2,0,1,0,0,0,0,0,0,0,0,NA,2,0,1,0,0,0,0,0,0,0,0,NA,7,0,0,0,0,0,1,0,0,0,0,NA,14,2:00:15,6:15:16,0,1,6:30:40,11:15:41,870,378,10,6,94,92,96,71,76,62,64,80,85,6.85491,39.0339583,2785.7,5,uuid:6201f1c6-f975-4c5c-ac87-8bcff9e960a9,2512030705,uuid:6201f1c6-f975-4c5c-ac87-8bcff9e960a9
82870,S0401110142,OROMIA,Arsii Lixaa,nansaboo,amshiiqqaa qurxummii,Rural,"12/9/2025, 5:34:50 PM","12/9/2025, 11:44:48 AM","12/9/2025, 5:32:25 PM",12/9/2025,be940800bcbddadd,0,NA,0,0,1,1,0,0,1,0,1,8,0,0,2,0,1,0,0,0,0,0,0,0,0,NA,2,0,1,0,0,0,0,0,0,0,0,NA,2,0,1,0,0,0,0,0,0,0,0,NA,13,2:10:25,6:30:43,0,0,NA,NA,468,265,9,9,72.5,71,74,70,74,62,60,71,73,6.6552447,39.0785942,2654.4,1.1,uuid:78bf37e6-e6f5-4d24-8ee6-01707e5c984f,2512030705,uuid:78bf37e6-e6f5-4d24-8ee6-01707e5c984f
82926,S0401110232,OROMIA,Arsii Lixaa,nansaboo,tulluu leencaa,Rural,"12/8/2025, 6:38:46 PM","12/5/2025, 11:12:50 AM","12/8/2025, 12:11:09 PM",12/5/2025,6cd4eced41301dbb,0,NA,1,1,1,1,0,0,1,1,1,10,1,0,1 2,1,1,0,0,0,0,0,0,0,0,NA,1 2,1,1,0,0,0,0,0,0,0,0,NA,2,0,1,0,0,0,0,0,0,0,0,NA,17,2:00:40,6:15:02,0,1,6:30:07,11:05:25,621,278,19,17,74,72,76,68,71,62,67,69,73,6.7132053,39.0309414,2762.6,4.9,uuid:709cee65-b5e8-4d35-ae4b-667c72bd3bd2,2512030705,uuid:709cee65-b5e8-4d35-ae4b-667c72bd3bd2
83047,S0401130412,OROMIA,Arsii Lixaa,shaallaa,albulaa leencaa,Rural,"12/27/2025, 7:57:12 PM","12/27/2025, 11:11:03 AM","12/27/2025, 7:52:36 PM",12/27/2025,c7654ba83377bbd9,0,NA,0,0,0,NA,0,0,0,1,0,4,0,1,7,0,0,0,0,0,1,0,0,0,0,NA,7,0,0,0,0,0,1,0,0,0,0,NA,7,0,0,0,0,0,1,0,0,0,0,NA,6,2:00:38,6:15:43,0,1,6:30:58,10:45:05,756,358,8,5,61,54,68,55,55,55,55,55,55,7.3441017,38.307245,1809.4,4.6,uuid:11828637-ba1b-4962-a53d-f7343de485a5,2512142209,uuid:11828637-ba1b-4962-a53d-f7343de485a5
83143,S0401140352,OROMIA,Arsii Lixaa,shaashamannee,burraa,Rural,"12/5/2025, 2:05:20 PM","12/5/2025, 9:41:28 AM","12/5/2025, 1:19:16 PM",12/5/2025,6cd4eced41301dbb,0,NA,1,1,1,1,0,0,1,0,0,6,1,0,2 7,0,1,0,0,0,1,0,0,0,0,NA,1 2,1,1,0,0,0,0,0,0,0,0,NA,2,0,1,0,0,0,0,0,0,0,0,NA,9,2:00:49,6:15:03,1,1,6:30:19,10:45:30,1146,619,15,8,63,62,64,53,56,61,68,64,68,7.2597514,38.4882712,1662.6,4.9,uuid:1f6c99f2-9715-4480-8cf5-d1a46e87e14c,2512030705,uuid:1f6c99f2-9715-4480-8cf5-d1a46e87e14c
83169,S0401140602,OROMIA,Arsii Lixaa,shaashamannee,huursaa,Rural,"12/3/2025, 7:52:28 PM","12/3/2025, 10:50:04 AM","12/3/2025, 7:52:07 PM",12/3/2025,6cd4eced41301dbb,0,NA,1,0,1,1,1,0,1,1,0,15,0,0,1 2 7,1,1,0,0,0,1,0,0,0,0,NA,1,1,0,0,0,0,0,0,0,0,0,NA,2,0,1,0,0,0,0,0,0,0,0,NA,18,2:30:49,6:30:04,0,1,7:00:11,11:00:39,1319,606,24,10,58.5,56,61,49,54,52,49,62,66,7.0778606,38.7751831,2615.2,4.3,uuid:c0383434-e4cf-4eae-b2dd-e755abcb1b5c,2512030705,uuid:c0383434-e4cf-4eae-b2dd-e755abcb1b5c
83154,S0401140672,OROMIA,Arsii Lixaa,shaashamannee,diiree qarsoo,Rural,"12/4/2025, 4:30:22 PM","12/4/2025, 10:57:26 AM","12/4/2025, 2:12:00 PM",12/4/2025,6cd4eced41301dbb,0,NA,1,0,1,1,0,0,1,0,0,5,1,0,1 2,1,1,0,0,0,0,0,0,0,0,NA,1,1,0,0,0,0,0,0,0,0,0,NA,2,0,1,0,0,0,0,0,0,0,0,NA,10,2:00:44,6:15:01,0,1,6:30:43,10:45:54,972,474,10,7,46,43,49,36,30,34,36,41,51,7.1314649,38.793457,2681.4,4.7,uuid:f627b70f-8364-4b08-93b3-ab515c0b790a,2512030705,uuid:f627b70f-8364-4b08-93b3-ab515c0b790a
80068,S0402010092,OROMIA,Arsii,amiinyaa,malxoo halloo,Rural,"12/22/2025, 6:25:11 PM","12/22/2025, 10:31:33 PM","12/22/2025, 1:41:09 PM",12/22/2025,873699e5faed7492,0,NA,0,0,0,NA,0,0,1,0,0,8,0,0,2,0,1,0,0,0,0,0,0,0,0,NA,2,0,1,0,0,0,0,0,0,0,0,NA,2,0,1,0,0,0,0,0,0,0,0,NA,10,2:00:51,6:15:53,0,0,NA,NA,157,116,5,4,40,36,44,42,45,39,43,50,55,7.8820159,40.085229,1332.7,4.9,uuid:07affb41-d6c4-4560-a7ff-f412f349b917,2512142209,uuid:07affb41-d6c4-4560-a7ff-f412f349b917
80079,S0402010152,OROMIA,Arsii,amiinyaa,walee geetara,Rural,"12/20/2025, 8:02:04 AM","12/19/2025, 8:05:26 AM","12/20/2025, 7:43:43 AM",12/19/2025,873699e5faed7492,0,NA,0,0,1,0,0,0,1,0,1,5,0,0,2,0,1,0,0,0,0,0,0,0,0,NA,2,0,1,0,0,0,0,0,0,0,0,NA,2,0,1,0,0,0,0,0,0,0,0,NA,11,2:00:30,6:15:39,0,0,NA,NA,320,153,12,8,60,56,64,47,68,60,68,52,65,7.7888782,40.0163384,2519.8,4.9,uuid:5b552999-95af-404f-834b-e272d6b59fa2,2512142209,uuid:5b552999-95af-404f-834b-e272d6b59fa2
80184,S0402030132,OROMIA,Arsii,balee gasgaar,askaaltuu gasalaa,Rural,"12/19/2025, 8:19:19 AM","12/18/2025, 1:52:56 PM","12/18/2025, 6:30:09 PM",12/18/2025,6cd4eced41301dbb,0,NA,0,0,1,1,0,0,1,0,1,7,0,0,2,0,1,0,0,0,0,0,0,0,0,NA,2,0,1,0,0,0,0,0,0,0,0,NA,2,0,1,0,0,0,0,0,0,0,0,NA,11,2:00:57,6:15:07,0,1,6:30:19,10:45:26,500,260,18,11,76,69,83,64,79,62,72,70,86,7.7279255,40.0553879,2458.6,4.3,uuid:1d5fe0d8-924a-448a-b966-ef295fde85ad,2512142209,uuid:1d5fe0d8-924a-448a-b966-ef295fde85ad
80154,S0402040102,OROMIA,Arsii,b/m/boqojjii,boqojjii gaalamaa sad1ffaa,Urban,"12/11/2025, 7:39:05 PM","12/11/2025, 12:27:19 PM","12/11/2025, 6:00:34 PM",12/11/2025,873699e5faed7492,0,NA,1,1,1,1,0,0,1,0,1,12,1,1,1 2,1,1,0,0,0,0,0,0,0,0,NA,97,0,0,0,0,0,0,0,0,0,1,Hojjataa kophatti qaba,97,0,0,0,0,0,0,0,0,0,1,Hojjataa kophatti qaba,18,14:00:36,18:15:00,0,1,18:30:44,22:45:54,1393,674,34,14,83,82,84,65,70,66,68,75,80,7.5201183,39.2507767,2807.8,4.3,uuid:c2cd4cb8-e0fe-4226-bef9-7f85f3627055,2512030705,uuid:c2cd4cb8-e0fe-4226-bef9-7f85f3627055
80279,S0402050232,OROMIA,Arsii,collee,jaawwii saddiiqqoo,Rural,"12/27/2025, 5:26:41 PM","12/27/2025, 11:42:47 AM","12/27/2025, 3:45:52 PM",12/27/2025,511b83623529c852,0,NA,0,0,1,1,0,0,1,1,1,5,0,0,7,0,0,0,0,0,1,0,0,0,0,NA,7,0,0,0,0,0,1,0,0,0,0,NA,2,0,1,0,0,0,0,0,0,0,0,NA,8,8:00:50,12:15:03,1,1,12:30:17,4:45:25,463,230,11,9,89.3,91,87.6,94,94,98,96,97.5,99,8.1027183,40.0137917,2591.9,4.5,uuid:8ae5e5c7-326c-4ece-a69b-0a71218bb543,2512142209,uuid:8ae5e5c7-326c-4ece-a69b-0a71218bb543
80265,S0402050472,OROMIA,Arsii,collee,collee sad1ffaa,Urban,"12/27/2025, 7:10:36 AM","12/26/2025, 12:25:42 PM","12/26/2025, 5:43:39 PM",12/26/2025,511b83623529c852,0,NA,1,1,1,1,0,0,1,1,1,24,1,0,7,0,0,0,0,0,1,0,0,0,0,NA,7,0,0,0,0,0,1,0,0,0,0,NA,7,0,0,0,0,0,1,0,0,0,0,NA,27,8:00:17,12:15:32,1,1,12:00:44,4:45:55,1881,911,75,32,999,999,999,999,999,999,999,999,999,8.14377,39.9040067,2706.6,4.7,uuid:b15bd8bc-8e93-46b4-a5b7-352d912e784b,2512142209,uuid:b15bd8bc-8e93-46b4-a5b7-352d912e784b
80420,S0402060472,OROMIA,Arsii,digaluu fi xiijjoo,xiloo,Rural,"12/12/2025, 6:00:04 PM","12/12/2025, 10:13:46 AM","12/12/2025, 5:09:29 PM",12/12/2025,6cd4eced41301dbb,0,NA,0,0,1,1,0,0,1,0,1,5,0,0,2 4,0,1,0,1,0,0,0,0,0,0,NA,2,0,1,0,0,0,0,0,0,0,0,NA,2,0,1,0,0,0,0,0,0,0,0,NA,8,2:00:10,6:15:18,0,1,6:30:34,10:45:40,552,251,9,9,68,66,70,63,67,62,67,62,74,7.7304267,39.21805,2528.4,4.2,uuid:789796a8-bfbd-4acc-94fd-f9d2b50aeb57,2512030705,uuid:789796a8-bfbd-4acc-94fd-f9d2b50aeb57
80888,S0402130312,OROMIA,Arsii,jajuu,guutichaa,Rural,"12/27/2025, 6:03:17 PM","12/27/2025, 10:54:07 AM","12/27/2025, 1:57:10 PM",12/27/2025,6cd4eced41301dbb,1,Bashiiraa kombolchaa,0,0,1,1,0,0,1,0,1,7,0,0,1 2,1,1,0,0,0,0,0,0,0,0,NA,1 2,1,1,0,0,0,0,0,0,0,0,NA,2,0,1,0,0,0,0,0,0,0,0,NA,12,2:00:16,6:15:17,0,1,6:30:22,10:45:28,411,203,14,7,57,53,61,43,49,48,52,63,68,8.4173283,39.7273083,1901.3,4.1,uuid:8230d502-9343-467c-accb-b997610f167a,2512142209,uuid:8230d502-9343-467c-accb-b997610f167a
81109,S0402150502,OROMIA,Arsii,loodee heexosaa,maraaroo qalaxaa,Rural,"12/24/2025, 8:56:24 PM","12/20/2025, 8:08:41 PM","12/24/2025, 12:20:05 PM",12/20/2025,6cd4eced41301dbb,1,Deeruu danfilee,0,0,0,NA,0,0,1,0,1,8,0,0,2,0,1,0,0,0,0,0,0,0,0,NA,2,0,1,0,0,0,0,0,0,0,0,NA,2,0,1,0,0,0,0,0,0,0,0,NA,13,2:00:45,6:15:58,0,1,6:30:14,10:45:22,398,206,7,3,37.5,35,40,31,33,42,43,39,45,8.0309267,39.360635,2789.8,3.7,uuid:64eb729f-a7fb-476e-b047-88c23fb64158,2512142209,uuid:64eb729f-a7fb-476e-b047-88c23fb64158
81316,S0402180032,OROMIA,Arsii,roobee,gaadoo jeenaa,Rural,"12/16/2025, 6:49:43 PM","12/16/2025, 11:10:08 AM","12/16/2025, 4:47:27 AM",12/16/2025,873699e5faed7492,0,NA,0,0,1,1,0,0,1,0,1,10,0,0,1 2,1,1,0,0,0,0,0,0,0,0,NA,2,0,1,0,0,0,0,0,0,0,0,NA,2,0,1,0,0,0,0,0,0,0,0,NA,10,2:00:48,6:15:57,0,1,6:30:07,10:45:13,666,386,12,10,65.5,62,69,60,71,49,58,62,70,7.6335448,39.8183683,2630.7,4.7,uuid:4a862e91-8773-4e76-8969-b1d9b291704c,2512111025,uuid:4a862e91-8773-4e76-8969-b1d9b291704c
81340,S0402180612,OROMIA,Arsii,roobee,saddiqaa sad 1ffaa,Urban,"12/17/2025, 6:44:15 PM","12/17/2025, 3:38:56 AM","12/17/2025, 5:43:10 PM",12/17/2025,873699e5faed7492,0,NA,1,0,1,1,0,0,1,0,1,12,1,0,1 2,1,1,0,0,0,0,0,0,0,0,NA,1 2,1,1,0,0,0,0,0,0,0,0,NA,2,0,1,0,0,0,0,0,0,0,0,NA,18,2:00:49,6:15:03,0,1,6:30:17,10:45:50,1739,829,32,15,62.5,57,68,54,61,52,58,72,81,7.6323319,39.8153251,2630.7,5,uuid:817401e5-4786-49b9-bb7b-77257264e6cd,2512111025,uuid:817401e5-4786-49b9-bb7b-77257264e6cd
81551,S0402220232,OROMIA,Arsii,siree,tulluu,Rural,"12/23/2025, 5:55:58 PM","12/23/2025, 10:44:35 AM","12/23/2025, 5:52:42 PM",12/23/2025,78b63b5b10d7e676,0,NA,0,0,1,1,0,0,1,0,1,7,1,0,2,0,1,0,0,0,0,0,0,0,0,NA,2,0,1,0,0,0,0,0,0,0,0,NA,2,0,1,0,0,0,0,0,0,0,0,NA,11,2:00:09,6:15:45,1,1,6:30:53,10:45:51,894,434,18,13,61,61,61,50,53,47,46,64,63,8.193743,39.492409,2476.5,4.6,uuid:86ef96d3-a750-4471-8c34-6aed880ee2cb,2512142209,uuid:86ef96d3-a750-4471-8c34-6aed880ee2cb
81741,S0402230482,OROMIA,Arsii,suudee,ashmiiraa humbii,Rural,"12/26/2025, 5:36:10 PM","12/26/2025, 11:08:34 AM","12/26/2025, 2:05:14 PM",12/26/2025,6cd4eced41301dbb,1,Abbayyii qorqee,0,0,1,0,0,0,1,0,1,6,0,0,1 2,1,1,0,0,0,0,0,0,0,0,NA,1 2,1,1,0,0,0,0,0,0,0,0,NA,1 2,1,1,0,0,0,0,0,0,0,0,NA,11,2:00:43,6:15:54,0,1,6:30:04,10:45:05,878,433,11,7,61,53,69,43,48,51,57,62,65,8.035965,39.754155,2518.4,3.6,uuid:220e6c7c-46d3-472a-a365-2196469f74df,2512142209,uuid:220e6c7c-46d3-472a-a365-2196469f74df
81771,S0402230612,OROMIA,Arsii,suudee,maammoo,Rural,"12/25/2025, 6:46:45 PM","12/25/2025, 8:18:37 AM","12/25/2025, 8:48:14 AM",12/25/2025,873699e5faed7492,0,NA,0,0,1,1,0,0,1,0,1,6,0,0,2,0,1,0,0,0,0,0,0,0,0,NA,1 2,1,1,0,0,0,0,0,0,0,0,NA,2,0,1,0,0,0,0,0,0,0,0,NA,10,2:00:29,6:15:47,0,1,6:30:58,10:45:10,375,212,12,3,60.5,56,65,40,52,40,50,68,62,8.00164,39.7062725,2499.7,5,uuid:b995cbd1-699a-471b-a207-76a9d5fbf338,2512142209,uuid:b995cbd1-699a-471b-a207-76a9d5fbf338
81970,S0402250162,OROMIA,Arsii,xiyyoo,abbichuu,Rural,"12/15/2025, 6:41:04 PM","12/15/2025, 9:12:10 AM","12/15/2025, 10:06:18 AM",12/15/2025,6cd4eced41301dbb,0,NA,1,0,0,NA,0,0,1,1,0,4,1,0,1 2,1,1,0,0,0,0,0,0,0,0,NA,2,0,1,0,0,0,0,0,0,0,0,NA,2,0,1,0,0,0,0,0,0,0,0,NA,8,2:00:32,6:15:42,0,1,6:30:05,10:45:14,513,256,12,5,58,61,55,44,46,43,42,53,51,7.8170693,39.075051,2358.7,4,uuid:87c89ec8-120e-4c63-81af-55a60dfaba7e,2512111025,uuid:87c89ec8-120e-4c63-81af-55a60dfaba7e
80530,S0402270022,OROMIA,Arsii,b/m/dheeraa,dheeraa lakk.1,Urban,"12/25/2025, 8:18:02 PM","12/25/2025, 9:32:55 AM","12/25/2025, 8:17:03 PM",12/25/2025,511b83623529c852,1,Aboomsaa Lakk.1,1,1,1,1,1,1,1,1,1,23,1,1,7,0,0,0,0,0,1,0,0,0,0,NA,7,0,0,0,0,0,1,0,0,0,0,NA,7,0,0,0,0,0,1,0,0,0,0,NA,33,8:00:24,12:15:36,1,1,12:30:52,4:45:01,2556,1308,47,23,999,999,999,999,999,999,999,999,999,8.3237133,39.320015,1672.1,3.9,uuid:32e1466c-ca33-4ded-8f06-7acb630f45e6,2512142209,uuid:32e1466c-ca33-4ded-8f06-7acb630f45e6
85693,S0403040222,OROMIA,Baalee,barbaree,dheeraa,Rural,"12/23/2025, 7:41:21 PM","12/23/2025, 6:56:30 AM","12/23/2025, 7:21:39 PM",12/23/2025,c7654ba83377bbd9,0,NA,0,0,1,0,0,0,1,0,0,8,1,0,7,0,0,0,0,0,1,0,0,0,0,NA,7,0,0,0,0,0,1,0,0,0,0,NA,7,0,0,0,0,0,1,0,0,0,0,NA,10,2:00:42,6:15:51,0,0,NA,NA,323,174,8,7,61.5,60,63,60,63,55,60,70,75,6.6450634,40.0856383,1293.7,3.7,uuid:32e0ea14-452d-439d-919b-d3232f2e159d,2512142209,uuid:32e0ea14-452d-439d-919b-d3232f2e159d
85723,S0403040362,OROMIA,Baalee,barbaree,sirrimaa,Rural,"12/22/2025, 7:26:41 PM","12/22/2025, 10:58:59 AM","12/22/2025, 12:58:45 PM",12/22/2025,8e28ba7f870e07da,0,NA,0,0,1,0,0,0,1,1,0,12,0,0,4 5 7 8,0,0,0,1,1,1,1,0,0,0,NA,97,0,0,0,0,0,0,0,0,0,1,Yelem,7,0,0,0,0,0,1,0,0,0,0,NA,12,2:00:31,6:15:38,1,0,NA,NA,640,341,11,7,89.25,84,94.5,75.7,73.5,62.82,72,85,97,6.7216088,40.2066059,1147.2,13.9,uuid:49f77568-12e9-4d36-b183-702600c779bc,2512142209,uuid:49f77568-12e9-4d36-b183-702600c779bc
86616,S0403060012,OROMIA,Baalee Bahaa,daawwee qaachan,raaree,Rural,"12/18/2025, 8:28:31 PM","12/18/2025, 10:52:58 AM","12/18/2025, 8:27:59 PM",12/18/2025,8e28ba7f870e07da,0,NA,0,0,1,1,0,0,1,1,0,8,1,0,97,0,0,0,0,0,0,0,0,0,1,Mahiberseb tesatfo,97,0,0,0,0,0,0,0,0,0,1,None,97,0,0,0,0,0,0,0,0,0,1,None,8,2:00:42,6:15:50,0,0,NA,NA,300,127,11,7,55,50,60,45,50,50,50,60,65,6.7237426,40.9507413,1157.7,70.9,uuid:e98ae0d4-9a1e-4787-b4ec-1f209e82ad0e,2512142209,uuid:e98ae0d4-9a1e-4787-b4ec-1f209e82ad0e
86614,S0403060242,OROMIA,Baalee Bahaa,daawwee qaachan,mi'oo sadarkaa 1ffaa,Urban,"12/19/2025, 9:00:46 PM","12/19/2025, 11:33:01 AM","12/19/2025, 8:22:37 PM",12/19/2025,c7654ba83377bbd9,0,NA,1,0,0,NA,0,0,1,0,0,13,1,0,7,0,0,0,0,0,1,0,0,0,0,NA,7,0,0,0,0,0,1,0,0,0,0,NA,7,0,0,0,0,0,1,0,0,0,0,NA,17,2:00:13,6:15:21,1,0,NA,NA,972,551,16,9,66,67,65,60,65,50,55,60,65,6.644088,40.9791278,1124.6,172.1,uuid:9fe1e2bb-8bca-4a06-8a4d-fc2f0c3b763a,2512142209,uuid:9fe1e2bb-8bca-4a06-8a4d-fc2f0c3b763a
85792,S0403070082,OROMIA,Baalee,dalloo mannaa,boowwicha,Rural,"12/6/2025, 7:11:13 PM","12/6/2025, 2:40:02 PM","12/6/2025, 7:03:42 PM",12/6/2025,8e28ba7f870e07da,0,NA,0,0,1,1,0,0,1,1,1,8,1,0,7,0,0,0,0,0,1,0,0,0,0,NA,7,0,0,0,0,0,1,0,0,0,0,NA,7,0,0,0,0,0,1,0,0,0,0,NA,9,2:00:46,6:15:54,1,0,NA,NA,335,181,5,2,77,75,79,75,82,71,74,79,82,6.2639744,39.8294959,1151.5,4.7,uuid:e0020de5-c0a2-43cd-bd1c-ab840c483aa3,2512030705,uuid:e0020de5-c0a2-43cd-bd1c-ab840c483aa3
85879,S0403080052,OROMIA,Baalee,diinshoo,hoommaa,Rural,"12/24/2025, 9:34:06 PM","12/24/2025, 1:47:34 PM","12/24/2025, 9:26:02 PM",12/24/2025,c7654ba83377bbd9,0,NA,1,1,1,1,0,0,1,0,1,12,0,1,7,0,0,0,0,0,1,0,0,0,0,NA,7,0,0,0,0,0,1,0,0,0,0,NA,7,0,0,0,0,0,1,0,0,0,0,NA,23,2:00:51,6:15:57,1,1,6:35:28,10:45:39,1407,722,38,19,66,67,65,65,60,60,60,75,75,7.1341087,39.8925147,2650.3,4.6,uuid:9f1aa924-f38b-4ac5-bff1-94c009ab176a,2512142209,uuid:9f1aa924-f38b-4ac5-bff1-94c009ab176a
85880,S0403080152,OROMIA,Baalee,diinshoo,hora soobbaa,Rural,"12/24/2025, 9:34:13 PM","12/5/2025, 1:31:48 PM","12/24/2025, 9:25:48 PM",12/5/2025,c7654ba83377bbd9,0,NA,1,1,1,1,1,0,1,1,1,19,1,1,7,0,0,0,0,0,1,0,0,0,0,NA,7,0,0,0,0,0,1,0,0,0,0,NA,7,0,0,0,0,0,1,0,0,0,0,NA,25,2:00:01,6:00:02,1,1,6:15:03,10:45:03,1100,554,20,14,74,72,76,62,62,64,72,54,62,7.133658,39.9003427,2616.6,4.2,uuid:9ea73655-1572-4a5f-a20d-3cf6c38b5ef4,2512030705,uuid:9ea73655-1572-4a5f-a20d-3cf6c38b5ef4
85941,S0403090062,OROMIA,Baalee,gaasaraa,diddiksaa,Rural,"12/11/2025, 7:30:47 PM","12/11/2025, 4:43:36 PM","12/11/2025, 7:23:31 PM",12/11/2025,c7654ba83377bbd9,0,NA,0,0,0,NA,0,0,1,0,0,4,0,1,7,0,0,0,0,0,1,0,0,0,0,NA,7,0,0,0,0,0,1,0,0,0,0,NA,7,0,0,0,0,0,1,0,0,0,0,NA,9,2:00:33,6:15:41,0,1,6:20:22,11:00:22,326,168,11,7,63.5,62,65,67,66,65,67,70,75,7.3608463,40.2707296,2426.4,4.7,uuid:4b5900e5-ed35-467d-90d1-550e1100c02b,2512030705,uuid:4b5900e5-ed35-467d-90d1-550e1100c02b
85929,S0403090212,OROMIA,Baalee,gaasaraa,awucheechee awalijaanaa,Rural,"12/25/2025, 10:16:44 PM","12/25/2025, 11:58:29 AM","12/25/2025, 9:06:39 PM",12/25/2025,c7654ba83377bbd9,1,Boonjaa school,0,0,1,1,0,0,0,1,0,8,1,0,7,0,0,0,0,0,1,0,0,0,0,NA,7,0,0,0,0,0,1,0,0,0,0,NA,7,0,0,0,0,0,1,0,0,0,0,NA,10,2:00:22,6:15:30,1,1,6:30:31,10:45:40,871,451,13,10,65.1,63.2,67,68,65,70,72,80,85,7.3983725,40.3062148,2394.8,5,uuid:ef95b377-cee3-4ad3-9053-b2bc443cce7b,2512142209,uuid:ef95b377-cee3-4ad3-9053-b2bc443cce7b
85930,S0403090582,OROMIA,Baalee,gaasaraa,awucheechee qorii,Rural,"12/12/2025, 8:06:46 PM","12/12/2025, 10:34:41 AM","12/12/2025, 10:51:13 AM",12/12/2025,8e28ba7f870e07da,0,NA,0,0,0,NA,0,0,1,0,0,8,0,0,2,0,1,0,0,0,0,0,0,0,0,NA,97,0,0,0,0,0,0,0,0,0,1,Shit bet yelem,7,0,0,0,0,0,1,0,0,0,0,NA,8,2:00:12,6:15:24,1,0,NA,NA,70,41,3,3,66,65,67,65,75,40,50,75,65,7.4259333,40.3012133,2370.6,5,uuid:d845f88a-d3c6-41ea-b073-20ee4c19d1ad,2512111025,uuid:d845f88a-d3c6-41ea-b073-20ee4c19d1ad
86844,S0403110392,OROMIA,Baalee Bahaa,gololcha,taagal,Rural,"12/13/2025, 7:00:14 PM","12/13/2025, 12:08:44 PM","12/13/2025, 6:59:29 PM",12/13/2025,c7654ba83377bbd9,0,NA,1,1,1,1,1,0,1,1,1,13,1,1,7,0,0,0,0,0,1,0,0,0,0,NA,7,0,0,0,0,0,1,0,0,0,0,NA,7,0,0,0,0,0,1,0,0,0,0,NA,24,2:00:12,12:15:20,1,1,6:30:33,10:45:40,1158,611,28,12,62.5,60,65,40,56,53,57,69,70,7.3606301,40.5087394,0,2500,uuid:fd503b70-64be-41d2-abd4-cd27767954de,2512111025,uuid:fd503b70-64be-41d2-abd4-cd27767954de
86153,S0403140052,OROMIA,Baalee,gurra dhaamolee,harawaa madinaa,Urban,"12/20/2025, 7:26:45 PM","12/20/2025, 11:41:24 AM","12/20/2025, 4:15:24 PM",12/20/2025,c7654ba83377bbd9,0,NA,0,0,0,NA,0,0,1,1,1,11,1,0,7,0,0,0,0,0,1,0,0,0,0,NA,7,0,0,0,0,0,1,0,0,0,0,NA,7,0,0,0,0,0,1,0,0,0,0,NA,16,2:30:25,6:45:33,1,1,7:30:48,11:45:51,1235,636,39,14,55,55,55,55,55,55,55,55,55,6.6411697,40.4368302,0,200,uuid:a580f096-479f-4791-832a-f9e18d402e21,2512142209,uuid:a580f096-479f-4791-832a-f9e18d402e21
86278,S0403150092,OROMIA,Baalee,harannaa bulluq,odaa guutuu,Rural,"12/10/2025, 8:04:45 PM","12/10/2025, 10:11:53 AM","12/10/2025, 8:02:48 PM",12/10/2025,c7654ba83377bbd9,0,NA,1,1,1,0,0,0,1,1,0,8,0,0,7,0,0,0,0,0,1,0,0,0,0,NA,7,0,0,0,0,0,1,0,0,0,0,NA,7,0,0,0,0,0,1,0,0,0,0,NA,10,2:00:17,6:15:25,0,0,NA,NA,729,428,7,5,65.5,65,66,60,60,65,66,65,70,6.230075,39.5886767,1376.9,4.5,uuid:f622fbad-113e-4110-a92d-ee2a7dc16964,2512030705,uuid:f622fbad-113e-4110-a92d-ee2a7dc16964
86381,S0403170542,OROMIA,Boorana Bahaa,maddaa walaabuu,caafee odaa,Rural,"12/8/2025, 7:11:59 PM","12/8/2025, 11:33:32 AM","12/8/2025, 7:10:12 PM",12/8/2025,c7654ba83377bbd9,0,NA,0,0,1,0,0,0,1,1,0,10,0,0,7,0,0,0,0,0,1,0,0,0,0,NA,7,0,0,0,0,0,1,0,0,0,0,NA,7,0,0,0,0,0,1,0,0,0,0,NA,11,2:00:25,6:15:26,1,0,NA,NA,376,203,8,7,74,69,79,71,76,74,75,77,76,5.7746767,39.539385,1283.3,4.4,uuid:1542efb8-5ba8-4538-8336-6b414056d007,2512030705,uuid:1542efb8-5ba8-4538-8336-6b414056d007
86371,S0403171112,OROMIA,Boorana Bahaa,walaabuu lixaa,bacoo,Rural,"12/9/2025, 7:56:09 PM","12/9/2025, 1:00:15 PM","12/9/2025, 3:38:47 PM",12/9/2025,c7654ba83377bbd9,0,NA,0,0,1,1,0,0,1,0,0,8,0,0,7,0,0,0,0,0,1,0,0,0,0,NA,7,0,0,0,0,0,1,0,0,0,0,NA,7,0,0,0,0,0,1,0,0,0,0,NA,9,2:00:39,6:15:39,0,0,NA,NA,592,307,7,6,72.5,70,75,60,62,60,65,65,75,5.9689243,39.4599879,1652.4,1.9,uuid:5071b8f8-e9b3-409f-877f-fc426651a52a,2512030705,uuid:5071b8f8-e9b3-409f-877f-fc426651a52a
86988,S0403180302,OROMIA,Baalee Bahaa,raayituu,ardaa kaloo,Rural,"12/17/2025, 7:45:49 PM","12/17/2025, 12:01:04 PM","12/17/2025, 7:44:28 PM",12/17/2025,c7654ba83377bbd9,1,Diddiimtuu,0,0,0,NA,0,0,1,0,1,9,1,0,7,0,0,0,0,0,1,0,0,0,0,NA,7,0,0,0,0,0,1,0,0,0,0,NA,7,0,0,0,0,0,1,0,0,0,0,NA,10,2:00:19,6:15:19,0,0,NA,NA,238,117,11,4,91,90,92,95,94,91,90,95,95,6.8349917,41.1405183,1094.1,4.2,uuid:67f3bb54-2869-4f46-a102-b7aa80c43d19,2512142209,uuid:67f3bb54-2869-4f46-a102-b7aa80c43d19
87118,S0403190262,OROMIA,Baalee Bahaa,sawweenaa,gaalee,Rural,"12/15/2025, 7:04:32 PM","12/15/2025, 11:30:08 AM","12/15/2025, 12:41:08 PM",12/15/2025,c7654ba83377bbd9,0,NA,0,1,0,NA,0,0,1,1,0,8,1,0,7,0,0,0,0,0,1,0,0,0,0,NA,7,0,0,0,0,0,1,0,0,0,0,NA,7,0,0,0,0,0,1,0,0,0,0,NA,12,2:00:38,6:15:45,0,0,NA,NA,507,291,8,5,86.5,86,87,85,87,84,85,89,90,7.4479578,40.9752501,0,2800,uuid:82b06780-6898-4b69-9505-9b379f23346b,2512111025,uuid:82b06780-6898-4b69-9505-9b379f23346b
87098,S0403190432,OROMIA,Baalee Bahaa,sawweenaa,addeellee,Rural,"12/16/2025, 7:41:30 PM","12/16/2025, 12:30:39 PM","12/16/2025, 7:37:03 PM",12/16/2025,8e28ba7f870e07da,0,NA,1,0,1,1,1,1,1,1,0,14,1,1,4 7,0,0,0,1,0,1,0,0,0,0,NA,7,0,0,0,0,0,1,0,0,0,0,NA,7,0,0,0,0,0,1,0,0,0,0,NA,14,1:45:57,12:15:04,1,0,NA,NA,617,336,20,11,96,94,98,89,94,76,80,90,90,7.3126683,40.8927767,1716.7,4.8,uuid:e6d04c66-9bb1-434c-b490-bea746f47a2e,2512142209,uuid:e6d04c66-9bb1-434c-b490-bea746f47a2e
87655,S0404050192,OROMIA,Booranaa,dirree,fuloo roomsoo,Rural,"12/12/2025, 4:49:08 PM","12/9/2025, 10:36:05 AM","12/12/2025, 4:44:56 PM",12/9/2025,31d542a9aea3f2c5,0,NA,0,0,1,1,0,0,1,1,0,10,1,0,7,0,0,0,0,0,1,0,0,0,0,NA,2,0,1,0,0,0,0,0,0,0,0,NA,2,0,1,0,0,0,0,0,0,0,0,NA,3,8:30:17,13:20:29,1,0,NA,NA,415,263,13,10,74,71.5,76.5,75.8,67.6,67,69.7,77,82,4.0593995,38.2250763,1645.5,4.3,uuid:167ae121-27f1-49b7-b7ea-9f9ae224d2ec,2512030705,uuid:167ae121-27f1-49b7-b7ea-9f9ae224d2ec
87971,S0404080132,OROMIA,Booranaa,gomolee,tulluu qobboo,Rural,"12/10/2025, 8:28:19 PM","12/10/2025, 1:06:38 PM","12/10/2025, 8:24:05 PM",12/10/2025,31d542a9aea3f2c5,0,NA,0,0,1,0,0,0,1,1,0,5,1,0,2,0,1,0,0,0,0,0,0,0,0,NA,2,0,1,0,0,0,0,0,0,0,0,NA,2,0,1,0,0,0,0,0,0,0,0,NA,1,8:00:06,12:30:13,0,1,12:45:40,16:45:52,247,137,7,7,999,999,999,999,999,999,999,999,999,5.1707453,38.3962127,1415.9,3.2,uuid:979a4b14-0c99-4d23-a376-7e681b6fc7ad,2512030705,uuid:979a4b14-0c99-4d23-a376-7e681b6fc7ad
88397,S0404120242,OROMIA,Booranaa,taltallee,dibbee gayyaa,Rural,"12/12/2025, 4:49:01 PM","12/8/2025, 9:53:05 AM","12/12/2025, 4:45:46 PM",12/8/2025,31d542a9aea3f2c5,0,NA,0,1,1,1,0,0,1,1,0,8,1,0,7,0,0,0,0,0,1,0,0,0,0,NA,2,0,1,0,0,0,0,0,0,0,0,NA,2,0,1,0,0,0,0,0,0,0,0,NA,3,8:30:31,13:00:45,0,0,NA,NA,605,400,12,9,68.05,66.8,69.3,55.92,64.5,50.35,55.91,68.74,73.63,4.8550374,37.2540506,1339.2,4.3,uuid:db26f858-98cd-4bae-abbe-6b9b4945b294,2512030705,uuid:db26f858-98cd-4bae-abbe-6b9b4945b294
836973,S0405020392,OROMIA,Gujii,adoolaa reeddee,saakarroo,Rural,"12/31/2025, 8:25:44 AM","12/23/2025, 9:22:24 AM","12/30/2025, 3:02:00 PM",12/23/2025,31d542a9aea3f2c5,0,NA,1,1,1,0,0,0,1,0,1,7,1,0,2 7,0,1,0,0,0,1,0,0,0,0,NA,2,0,1,0,0,0,0,0,0,0,0,NA,2 3 4,0,1,1,1,0,0,0,0,0,0,NA,2,8:00:10,12:15:24,0,1,12:30:57,16:45:08,1222,713,17,11,55.4,53.3,57.5,64,57,51,57,63.9,71.5,5.9952799,38.887718,2168.1,3.8,uuid:ca112882-68fe-472f-a153-0496962a2b48,2512142209,uuid:ca112882-68fe-472f-a153-0496962a2b48
836920,S0405020412,OROMIA,Gujii,adoolaa reeddee,anfaraaraa uddoo,Rural,"12/24/2025, 8:14:12 PM","12/24/2025, 11:44:55 AM","12/24/2025, 8:11:26 PM",12/24/2025,4794b43bebbd3e7c,0,NA,1,0,1,1,0,0,1,0,0,8,0,1,2 4,0,1,0,1,0,0,0,0,0,0,NA,2,0,1,0,0,0,0,0,0,0,0,NA,2,0,1,0,0,0,0,0,0,0,0,NA,4,8:00:13,12:15:22,0,1,12:30:49,16:45:58,960,491,23,13,66.7,66.7,66.7,58.9,62.8,47.7,50.6,53.6,74.3,5.92942,38.9263833,1708.2,4.7,uuid:4e3525a4-6cd2-4ec3-9341-0cbe7ce49b00,2512142209,uuid:4e3525a4-6cd2-4ec3-9341-0cbe7ce49b00
837217,S0405040212,OROMIA,Boorana Bahaa,b/m/nageellee booranaa,makaanaa iyyasuus,Urban,"12/31/2025, 8:25:55 AM","12/25/2025, 10:02:39 AM","12/30/2025, 6:35:02 PM",12/25/2025,31d542a9aea3f2c5,0,NA,1,1,1,1,0,0,1,1,0,15,1,1,97,0,0,0,0,0,0,0,0,0,1,Cleaner,97,0,0,0,0,0,0,0,0,0,1,Cleaner,97,0,0,0,0,0,0,0,0,0,1,Cleaner,4,8:00:47,12:15:52,1,1,12:30:27,16:45:40,1865,858,38,17,74.3,71.2,77.4,68,71,69,70,71,73,5.3304548,39.5797539,1497.6,4.1,uuid:97ad99a0-f067-4be5-b9f8-b1510d2b0b6e,2512142209,uuid:97ad99a0-f067-4be5-b9f8-b1510d2b0b6e
837439,S0405080352,OROMIA,Gujii,daamaa,aanolee soodduu,Rural,"12/23/2025, 7:09:45 PM","12/22/2025, 11:55:09 AM","12/23/2025, 7:09:01 PM",12/22/2025,31d542a9aea3f2c5,0,NA,0,0,1,1,0,0,1,1,1,9,1,0,2 7,0,1,0,0,0,1,0,0,0,0,NA,2 7,0,1,0,0,0,1,0,0,0,0,NA,2,0,1,0,0,0,0,0,0,0,0,NA,3,8:30:34,12:45:42,0,0,NA,NA,600,355,14,10,71.375,64,78.75,65,73,69,76,67,79,6.2577686,38.5746412,2603.9,4.3,uuid:513b6f6e-2851-48bd-9342-053e14c96f25,2512142209,uuid:513b6f6e-2851-48bd-9342-053e14c96f25
837559,S0405090322,OROMIA,Gujii,girjaa,guraa qorkee,Rural,"12/31/2025, 8:25:57 AM","12/26/2025, 2:15:20 PM","12/30/2025, 6:38:01 PM",12/26/2025,31d542a9aea3f2c5,1,Bunnaqa quuttoo,0,0,1,1,0,0,1,0,0,5,0,0,4 7,0,0,0,1,0,1,0,0,0,0,NA,2 7,0,1,0,0,0,1,0,0,0,0,NA,2,0,1,0,0,0,0,0,0,0,0,NA,1,8:00:00,12:15:06,0,1,12:30:19,16:45:32,640,383,12,8,68.5,66.4,70.6,62,67.5,67.65,69.5,72,74.5,6.1595777,39.2848488,1475.3,4.3,uuid:fc449e78-0b88-4caf-9b5a-301199177180,2512142209,uuid:fc449e78-0b88-4caf-9b5a-301199177180
93262,S0406060122,OROMIA,Harargee Bahaa,baddannoo,tortoraa qal'aa,Rural,"12/30/2025, 6:23:04 PM","12/30/2025, 6:31:01 AM","12/30/2025, 1:47:46 PM",12/30/2025,b069b6a079b16d18,0,NA,0,0,1,0,0,0,1,1,0,11,0,0,2,0,1,0,0,0,0,0,0,0,0,NA,2,0,1,0,0,0,0,0,0,0,0,NA,2,0,1,0,0,0,0,0,0,0,0,NA,11,2:00:31,6:15:32,0,0,NA,NA,1069,608,17,14,82.5,81,84,69,76,67,78,89,85,9.0146,41.602645,1992.3,4.9,uuid:fac0ac4f-f345-4b3d-95d9-bff9b8f91aca,2512142209,uuid:fac0ac4f-f345-4b3d-95d9-bff9b8f91aca
93432,S0406080182,OROMIA,Harargee Bahaa,dadar,habruu gabaa,Rural,"12/12/2025, 9:09:32 PM","12/12/2025, 12:56:59 PM","12/12/2025, 1:00:46 PM",12/12/2025,260fdb5d4cc800d3,0,NA,1,0,1,1,0,0,1,1,0,9,0,0,4 5,0,0,0,1,1,0,0,0,0,0,NA,4 5,0,0,0,1,1,0,0,0,0,0,NA,7,0,0,0,0,0,1,0,0,0,0,NA,10,2:00:34,6:15:45,1,0,NA,NA,779,453,14,8,62,73,85,69,75,71,82,71,82,9.3706992,41.5023977,2013,4.8,uuid:53d6c471-4fc2-4781-b440-9d4a6a93bfff,2512111025,uuid:53d6c471-4fc2-4781-b440-9d4a6a93bfff
93452,S0406080242,OROMIA,Harargee Bahaa,dadar,laga gabaa,Rural,"12/17/2025, 8:09:06 AM","12/16/2025, 1:06:28 PM","12/16/2025, 1:15:37 PM",12/16/2025,260fdb5d4cc800d3,0,NA,1,1,1,1,1,1,1,1,1,18,1,0,4 5,0,0,0,1,1,0,0,0,0,0,NA,4 5,0,0,0,1,1,0,0,0,0,0,NA,7,0,0,0,0,0,1,0,0,0,0,NA,20,2:00:14,18:15:14,1,0,NA,NA,1283,777,18,3,72.5,70,75,72,80,75,78,78,82,9.3130629,41.5153666,1873.8,4.7,uuid:266965f1-af20-4741-a0fa-06694a6354c9,2512142209,uuid:266965f1-af20-4741-a0fa-06694a6354c9
93399,S0406080462,OROMIA,Harargee Bahaa,dadar,burqaa barakaa,Rural,"12/11/2025, 7:12:00 PM","12/11/2025, 12:51:16 PM","12/11/2025, 1:00:02 PM",12/11/2025,260fdb5d4cc800d3,0,NA,0,0,1,1,0,0,1,1,0,12,0,0,4 5,0,0,0,1,1,0,0,0,0,0,NA,4 5,0,0,0,1,1,0,0,0,0,0,NA,7,0,0,0,0,0,1,0,0,0,0,NA,16,2:00:01,6:15:09,1,0,NA,NA,1097,585,9,8,93.5,92,95,89,90,60,85,90,93,9.2870948,41.3009087,1852.7,4.9,uuid:87bc4e24-67ce-43f7-99b2-f0340698953c,2512030705,uuid:87bc4e24-67ce-43f7-99b2-f0340698953c
93844,S0406110112,OROMIA,Harargee Bahaa,gola odaa,diddimtuu,Rural,"1/1/2026, 4:00:44 PM","1/1/2026, 8:42:10 AM","1/1/2026, 9:10:51 AM",1/1/2026,b069b6a079b16d18,0,NA,0,0,0,NA,0,0,0,1,0,6,0,0,2,0,1,0,0,0,0,0,0,0,0,NA,2,0,1,0,0,0,0,0,0,0,0,NA,2,0,1,0,0,0,0,0,0,0,0,NA,6,8:00:24,6:15:46,0,0,NA,NA,318,184,7,7,77.75,75,80.5,74.5,81.5,56,70,95,96,8.4320304,41.4212737,1465.3,9.1,uuid:8da626dc-3304-4b61-ab20-6d16ebb5e21b,2512142209,uuid:8da626dc-3304-4b61-ab20-6d16ebb5e21b
93918,S0406120482,OROMIA,Harargee Bahaa,gooroo guutuu,caffee aannanii,Rural,"12/15/2025, 11:38:03 AM","12/15/2025, 11:57:10 AM","12/15/2025, 11:25:23 AM",12/15/2025,260fdb5d4cc800d3,0,NA,0,0,1,1,0,0,1,1,0,6,0,0,7 9 10,0,0,0,0,0,1,0,1,1,0,NA,4 7,0,0,0,1,0,1,0,0,0,0,NA,7 9 10,0,0,0,0,0,1,0,1,1,0,NA,8,2:00:56,6:15:13,0,0,NA,NA,309,130,11,3,62.5,65,60,55,50,60,67,70,75,9.3742328,41.350205,2222.6,2.3,uuid:a8d934ee-a8e8-4490-b097-a27369f8e438,2512142209,uuid:a8d934ee-a8e8-4490-b097-a27369f8e438
94163,S0406140072,OROMIA,Harargee Bahaa,gursum,luugoo,Rural,"12/24/2025, 8:42:53 AM","12/22/2025, 9:29:57 AM","12/24/2025, 8:09:57 AM",12/22/2025,b069b6a079b16d18,0,NA,0,0,1,0,0,0,1,1,0,8,0,0,2,0,1,0,0,0,0,0,0,0,0,NA,2,0,1,0,0,0,0,0,0,0,0,NA,2,0,1,0,0,0,0,0,0,0,0,NA,10,2:00:36,6:15:36,0,0,NA,NA,631,359,15,10,60.8,58.2,63.4,57.2,68.1,60.1,77,81,65.2,9.38179,42.0240169,2037.7,10,uuid:1285a1a8-7f14-4c9f-8008-6381f0d26e3f,2512142209,uuid:1285a1a8-7f14-4c9f-8008-6381f0d26e3f
94162,S0406140492,OROMIA,Harargee Bahaa,gursum,laaftoo,Rural,"12/9/2025, 7:18:48 AM","12/8/2025, 5:53:27 PM","12/8/2025, 6:20:08 PM",12/8/2025,260fdb5d4cc800d3,0,NA,0,0,1,1,0,0,1,1,0,13,0,0,4 5,0,0,0,1,1,0,0,0,0,0,NA,5,0,0,0,0,1,0,0,0,0,0,NA,7,0,0,0,0,0,1,0,0,0,0,NA,14,2:30:36,6:45:01,1,0,NA,NA,609,327,12,8,65.5,64,67,60,65,62,65,70,77,9.3664406,42.3605532,1970.7,3.9,uuid:67414e34-2173-43a8-9ac7-204d183a2857,2512030705,uuid:67414e34-2173-43a8-9ac7-204d183a2857
273338,S0406160242,OROMIA,Harargee Bahaa,jaarsoo,gaaddisa mixee,Rural,"12/6/2025, 11:23:56 PM","12/6/2025, 12:38:11 PM","12/6/2025, 12:49:07 PM",12/6/2025,260fdb5d4cc800d3,0,NA,0,0,1,1,0,0,1,1,1,10,0,0,3 5,0,0,1,0,1,0,0,0,0,0,NA,3 4 5,0,0,1,1,1,0,0,0,0,0,NA,4 7,0,0,0,1,0,1,0,0,0,0,NA,13,2:30:59,6:45:14,1,0,NA,NA,390,197,13,7,65.5,56,75,52,52,51,54,62,68,9.5463102,42.2906384,1939.6,4.7,uuid:889ecffe-5fb5-4ee5-9735-bffa664362b6,2512030705,uuid:889ecffe-5fb5-4ee5-9735-bffa664362b6
273459,S0406170532,OROMIA,Harargee Bahaa,kombolcha,saqaa,Rural,"12/5/2025, 6:51:54 AM","12/4/2025, 5:03:26 PM","12/4/2025, 10:58:11 PM",12/4/2025,260fdb5d4cc800d3,0,NA,0,0,1,0,0,0,1,0,0,12,0,0,3 4 5,0,0,1,1,1,0,0,0,0,0,NA,4 5,0,0,0,1,1,0,0,0,0,0,NA,4 5,0,0,0,1,1,0,0,0,0,0,NA,13,22:53:08,22:55:08,1,0,NA,NA,627,402,10,6,70,65,75,68,75,50,60,80,85,9.3874734,42.1844515,1921.1,4.8,uuid:811ccda8-3eb1-4bb0-86f8-47ead774380f,2512030705,uuid:811ccda8-3eb1-4bb0-86f8-47ead774380f
273773,S0406210132,OROMIA,Harargee Bahaa,meettaa,gammachuu duusee,Rural,"12/10/2025, 6:11:18 PM","12/10/2025, 2:15:14 PM","12/10/2025, 2:22:39 PM",12/10/2025,260fdb5d4cc800d3,0,NA,1,0,1,1,0,0,1,1,0,11,0,0,4 5,0,0,0,1,1,0,0,0,0,0,NA,4 5,0,0,0,1,1,0,0,0,0,0,NA,7,0,0,0,0,0,1,0,0,0,0,NA,17,2:00:56,6:15:04,1,0,NA,NA,742,412,17,13,77.5,75,80,76,77,65,70,77,79,9.4320804,41.6442703,2278,4.1,uuid:820e519d-281d-4d46-a06d-88dfaa1945fc,2512030705,uuid:820e519d-281d-4d46-a06d-88dfaa1945fc
274011,S0406230972,OROMIA,Harargee Bahaa,qarsaa,jaalallee,Rural,"12/9/2025, 7:05:39 PM","12/9/2025, 3:42:10 PM","12/9/2025, 4:41:03 PM",12/9/2025,260fdb5d4cc800d3,0,NA,0,0,1,1,0,0,1,1,1,12,0,0,4 5,0,0,0,1,1,0,0,0,0,0,NA,4 5,0,0,0,1,1,0,0,0,0,0,NA,7,0,0,0,0,0,1,0,0,0,0,NA,13,2:00:20,6:15:31,1,0,NA,NA,1021,658,12,12,76.5,75,78,65,75,60,65,71,80,9.3148103,41.7549168,2505.6,3.7,uuid:d51beeea-b101-49ec-a420-9eef407ae72f,2512030705,uuid:d51beeea-b101-49ec-a420-9eef407ae72f
95490,S0407050242,OROMIA,Harargee Lixaa,burqaa dhiintuu,odaa gaaddisaa,Rural,"12/28/2025, 4:37:33 PM","12/26/2025, 2:50:36 PM","12/26/2025, 5:10:07 PM",12/26/2025,260fdb5d4cc800d3,0,NA,0,0,1,0,0,0,1,1,1,8,0,0,4 5,0,0,0,1,1,0,0,0,0,0,NA,4 5,0,0,0,1,1,0,0,0,0,0,NA,4 5,0,0,0,1,1,0,0,0,0,0,NA,9,2:00:45,18:15:52,1,0,NA,NA,618,355,13,7,82.5,80,85,75,85,74,78,85,90,8.2794517,41.075965,1543.1,2.3,uuid:2c49f7d6-d521-42e8-9dc8-423923d639a1,2512142209,uuid:2c49f7d6-d521-42e8-9dc8-423923d639a1
95486,S0407050252,OROMIA,Harargee Lixaa,burqaa dhiintuu,mataa arbaa,Rural,"12/28/2025, 4:37:34 PM","12/27/2025, 3:42:40 AM","12/27/2025, 5:10:03 PM",12/27/2025,260fdb5d4cc800d3,0,NA,0,0,1,1,0,0,1,1,0,8,0,0,4 5,0,0,0,1,1,0,0,0,0,0,NA,4 5,0,0,0,1,1,0,0,0,0,0,NA,7,0,0,0,0,0,1,0,0,0,0,NA,10,2:00:57,18:15:05,1,0,NA,NA,372,200,8,6,80,75,85,50,60,45,50,70,85,8.5418034,40.8695188,1638.2,4.8,uuid:2a045f64-08b0-410c-a916-77d492b5bfd8,2512142209,uuid:2a045f64-08b0-410c-a916-77d492b5bfd8
95625,S0407070442,OROMIA,Harargee Lixaa,daaroo labuu,agamtii,Rural,"12/24/2025, 6:55:25 AM","12/23/2025, 11:27:08 AM","12/24/2025, 12:54:29 AM",12/23/2025,260fdb5d4cc800d3,1,Garbii iyyaa school,0,0,0,NA,0,0,1,1,0,11,0,0,4 5,0,0,0,1,1,0,0,0,0,0,NA,4 5,0,0,0,1,1,0,0,0,0,0,NA,4 5,0,0,0,1,1,0,0,0,0,0,NA,13,2:00:44,18:15:44,1,0,NA,NA,641,387,15,10,75,70,80,60,70,70,80,70,82,8.4377137,40.4432146,1544.8,3.6,uuid:0fceb5bd-11b8-4664-8554-f7c736cdf3ec,2512142209,uuid:0fceb5bd-11b8-4664-8554-f7c736cdf3ec
95702,S0407070642,OROMIA,Harargee Lixaa,daaroo labuu,sorooroo,Urban,"12/24/2025, 6:55:24 AM","12/22/2025, 2:24:22 PM","12/22/2025, 2:33:56 PM",12/22/2025,260fdb5d4cc800d3,0,NA,0,0,0,NA,0,0,1,1,0,10,0,0,4 5,0,0,0,1,1,0,0,0,0,0,NA,4 5,0,0,0,1,1,0,0,0,0,0,NA,7,0,0,0,0,0,1,0,0,0,0,NA,15,2:00:54,18:15:01,1,0,NA,NA,1030,604,13,9,72.5,70,75,65,70,60,70,80,85,8.5712739,40.3579281,1769.5,5,uuid:4f7872a8-ed68-404b-889c-220cfa8313c9,2512142209,uuid:4f7872a8-ed68-404b-889c-220cfa8313c9
96246,S0407120642,OROMIA,Harargee Lixaa,b/m/galamsoo,galamsoo lakk. 2,Urban,"12/25/2025, 9:59:54 AM","12/24/2025, 3:19:12 AM","12/24/2025, 3:34:35 AM",12/24/2025,260fdb5d4cc800d3,0,NA,1,1,1,0,1,0,1,1,1,20,0,0,4 5,0,0,0,1,1,0,0,0,0,0,NA,4 5,0,0,0,1,1,0,0,0,0,0,NA,7,0,0,0,0,0,1,0,0,0,0,NA,29,2:00:59,18:15:08,1,1,18:30:24,22:45:33,2194,1170,51,33,74,78,70,90,85,68,65,90,70,8.8191444,40.5175886,1910.5,5,uuid:5c33703c-7c3c-4cc9-9f26-4c6bf565ce6c,2512142209,uuid:5c33703c-7c3c-4cc9-9f26-4c6bf565ce6c
96553,S0407160272,OROMIA,Harargee Lixaa,odaa bultuum,adaadaa,Rural,"12/18/2025, 7:27:25 PM","12/18/2025, 1:16:12 PM","12/18/2025, 1:26:24 PM",12/18/2025,260fdb5d4cc800d3,0,NA,0,0,1,1,0,0,1,1,0,10,0,0,4 5,0,0,0,1,1,0,0,0,0,0,NA,4 5,0,0,0,1,1,0,0,0,0,0,NA,7,0,0,0,0,0,1,0,0,0,0,NA,12,2:00:48,18:15:56,1,0,NA,NA,904,625,11,8,68,61,75,55,65,60,75,80,85,8.7530308,40.8251112,1720.5,5,uuid:232f4953-58d5-4639-ba75-d1255693ca7a,2512142209,uuid:232f4953-58d5-4639-ba75-d1255693ca7a
96617,S0407160432,OROMIA,Harargee Lixaa,odaa bultuum,shunqoo,Rural,"12/31/2025, 7:57:36 PM","12/29/2025, 12:34:16 AM","12/31/2025, 5:22:37 PM",12/29/2025,260fdb5d4cc800d3,1,Habaal qaasim,0,0,1,0,0,0,1,1,0,8,0,0,4 5,0,0,0,1,1,0,0,0,0,0,NA,4 5,0,0,0,1,1,0,0,0,0,0,NA,4 5 7,0,0,0,1,1,1,0,0,0,0,NA,10,14:30:46,6:45:56,1,0,NA,NA,1175,823,9,9,85,90,80,75,70,65,72,78,85,8.5766913,41.1467528,1567.1,4.7,uuid:9438a491-def7-45d9-95bf-47a0f08e9954,2512142209,uuid:9438a491-def7-45d9-95bf-47a0f08e9954
96573,S0407160632,OROMIA,Harargee Lixaa,odaa bultuum,ganda caffee,Rural,"12/20/2025, 9:16:06 AM","12/19/2025, 12:12:30 PM","12/19/2025, 12:27:19 PM",12/19/2025,260fdb5d4cc800d3,0,NA,1,1,0,NA,0,0,1,1,1,22,0,0,4 5,0,0,0,1,1,0,0,0,0,0,NA,4 5,0,0,0,1,1,0,0,0,0,0,NA,7,0,0,0,0,0,1,0,0,0,0,NA,26,2:00:52,18:15:59,1,1,18:30:14,22:45:22,2948,1552,58,27,81,79,83,76,80,69,72,79,84,8.8981417,40.7728263,1761.3,4.9,uuid:7906a9a4-0371-428e-b7dc-133ab9c1c008,2512142209,uuid:7906a9a4-0371-428e-b7dc-133ab9c1c008
96839,S0407170272,OROMIA,Harargee Lixaa,xulloo,burqaa raachaa,Rural,"12/17/2025, 7:04:38 PM","12/17/2025, 1:16:57 PM","12/17/2025, 7:39:23 PM",12/17/2025,260fdb5d4cc800d3,0,NA,0,0,1,1,0,0,1,1,0,8,0,0,4 5,0,0,0,1,1,0,0,0,0,0,NA,4 5,0,0,0,1,1,0,0,0,0,0,NA,7,0,0,0,0,0,1,0,0,0,0,NA,11,2:00:50,18:15:51,1,0,NA,NA,926,520,15,11,86.5,86,87,78,82,82,91,88,89,9.2058621,41.1741972,1810.2,3.9,uuid:d49c1a23-f425-4546-995d-2bf3604e151d,2512142209,uuid:d49c1a23-f425-4546-995d-2bf3604e151d
97089,S0408050422,OROMIA,Horroo Guduru Wallaggaa,coomman guduruu,aabboo addis,Rural,"12/8/2025, 9:07:08 PM","12/6/2025, 11:39:39 AM","12/8/2025, 8:05:57 PM",12/6/2025,5709a80a20846068,0,NA,0,0,1,1,0,0,1,1,0,22,0,0,3 4,0,0,1,1,0,0,0,0,0,0,NA,2,0,1,0,0,0,0,0,0,0,0,NA,2,0,1,0,0,0,0,0,0,0,0,NA,22,2:00:05,6:35:28,1,1,6:40:15,11:30:16,1042,546,23,13,71.39,68,74.79,59,59,56,57,67,77,9.4029182,37.3125823,2339,4.6,uuid:6e733ace-c43e-4c97-a432-fbce4db90abc,2512030705,uuid:6e733ace-c43e-4c97-a432-fbce4db90abc
97248,S0408070042,OROMIA,Horroo Guduru Wallaggaa,horro,akkaajjii sabbat,Rural,"12/6/2025, 8:12:53 PM","12/5/2025, 10:17:49 AM","12/6/2025, 8:11:40 PM",12/5/2025,5709a80a20846068,0,NA,0,0,1,0,0,0,1,0,0,9,0,0,1,1,0,0,0,0,0,0,0,0,0,NA,1,1,0,0,0,0,0,0,0,0,0,NA,2,0,1,0,0,0,0,0,0,0,0,NA,12,2:30:14,10:23:19,1,0,NA,NA,310,152,28,17,78.5,77,80,70,76,74,79,87,89,9.6078481,37.1191696,2470,4.6,uuid:a74d885c-9703-4379-b8ea-0124113096e9,2512030705,uuid:a74d885c-9703-4379-b8ea-0124113096e9
97554,S0409010332,OROMIA,Iluu Abbaa Booraa,aallee,qilxuu diimtuu,Rural,"12/22/2025, 9:48:46 PM","12/11/2025, 9:54:45 AM","12/22/2025, 8:24:08 PM",12/11/2025,5709a80a20846068,0,NA,0,1,1,1,0,0,1,0,0,8,0,0,2,0,1,0,0,0,0,0,0,0,0,NA,2,0,1,0,0,0,0,0,0,0,0,NA,2,0,1,0,0,0,0,0,0,0,0,NA,17,3:00:22,7:15:37,1,0,NA,NA,326,179,18,7,62,57,67,60,62,56,60,69,70,8.1839047,35.5661794,1718,4.9,uuid:be82cc6e-2251-4d88-b760-b86500d5d5cb,2512030705,uuid:be82cc6e-2251-4d88-b760-b86500d5d5cb
97744,S0409040312,OROMIA,Iluu Abbaa Booraa,bachoo,fugoo saardoo sad.1ffaa,Rural,"12/17/2025, 7:35:59 PM","12/16/2025, 9:56:19 AM","12/17/2025, 7:35:07 PM",12/16/2025,5709a80a20846068,0,NA,1,0,1,1,0,0,1,1,1,11,1,0,2,0,1,0,0,0,0,0,0,0,0,NA,2,0,1,0,0,0,0,0,0,0,0,NA,2,0,1,0,0,0,0,0,0,0,0,NA,15,2:40:48,7:00:58,1,0,NA,NA,695,342,15,8,54.5,59,50,59,60,55,53,60,58,8.1705459,35.6359948,1756,4.6,uuid:85c08f7b-46c9-442d-beee-291498dff810,2512142209,uuid:85c08f7b-46c9-442d-beee-291498dff810
97879,S0409060232,OROMIA,Iluu Abbaa Booraa,buree,daggooyyee,Urban,"12/21/2025, 2:14:56 PM","12/13/2025, 10:45:44 AM","12/20/2025, 9:30:41 PM",12/13/2025,5709a80a20846068,0,NA,1,0,1,1,0,0,1,1,1,12,1,1,2,0,1,0,0,0,0,0,0,0,0,NA,2,0,1,0,0,0,0,0,0,0,0,NA,2,0,1,0,0,0,0,0,0,0,0,NA,28,2:30:54,6:45:54,1,0,NA,NA,808,413,32,16,67,65,69,53,55,51,52,69,70,8.2913133,35.1008248,1701,4.8,uuid:a173efbf-9135-4a7a-90b5-1d6f7b62acc5,2512030705,uuid:a173efbf-9135-4a7a-90b5-1d6f7b62acc5
98097,S0409080072,OROMIA,Iluu Abbaa Booraa,diduu,baabbuu boondisaa,Rural,"12/15/2025, 9:38:58 PM","12/15/2025, 1:10:01 PM","12/15/2025, 9:38:29 PM",12/15/2025,5709a80a20846068,0,NA,0,0,1,1,0,0,1,1,1,14,0,0,2,0,1,0,0,0,0,0,0,0,0,NA,2,0,1,0,0,0,0,0,0,0,0,NA,2,0,1,0,0,0,0,0,0,0,0,NA,16,3:00:34,7:20:35,1,0,NA,NA,266,140,11,7,58,57,59,59,58,62,60,60,61,7.8415355,35.5704064,1754,4.8,uuid:80ae5ff7-7ff6-493a-96ef-24b905c99c25,2512142209,uuid:80ae5ff7-7ff6-493a-96ef-24b905c99c25
98105,S0409080152,OROMIA,Iluu Abbaa Booraa,diduu,gordommoo,Rural,"12/19/2025, 2:45:46 PM","12/12/2025, 11:56:09 AM","12/19/2025, 2:46:36 PM",12/12/2025,5709a80a20846068,0,NA,1,0,1,1,0,0,1,1,1,18,1,0,2,0,1,0,0,0,0,0,0,0,0,NA,2,0,1,0,0,0,0,0,0,0,0,NA,2,0,1,0,0,0,0,0,0,0,0,NA,26,2:30:48,6:45:12,1,0,NA,NA,904,460,34,18,57,56,58,51,50,58,59,68,70,7.9674444,35.5364171,1771,4.6,uuid:cdfc16b1-e446-41c4-9941-445482b7a5cc,2512030705,uuid:cdfc16b1-e446-41c4-9941-445482b7a5cc
98472,S0409140282,OROMIA,Iluu Abbaa Booraa,yaayyoo,wixatee,Rural,"12/13/2025, 5:24:40 PM","12/10/2025, 10:30:30 AM","12/13/2025, 2:46:04 PM",12/10/2025,5709a80a20846068,0,NA,1,1,1,1,0,0,1,1,0,11,1,0,2,0,1,0,0,0,0,0,0,0,0,NA,2,0,1,0,0,0,0,0,0,0,0,NA,2,0,1,0,0,0,0,0,0,0,0,NA,19,8:10:32,7:30:41,1,0,NA,NA,773,394,22,7,70,77,63,55,54,53,54,62,59,8.373219,35.9175842,1602,4.6,uuid:b32f8b4f-f004-49a4-ac4b-faa0b802969e,2512030705,uuid:b32f8b4f-f004-49a4-ac4b-faa0b802969e
98505,S0410010162,OROMIA,B/M/Aggaaroo,b/m/aggaaroo,aggaroo lakk 2 sad.1 ffaa,Urban,"12/17/2025, 8:10:36 PM","12/17/2025, 8:54:28 AM","12/17/2025, 9:01:01 AM",12/17/2025,48ec0b9287834309,1,Botor xolay,1,1,1,1,0,0,1,1,1,20,1,1,97,0,0,0,0,0,0,0,0,0,1,There is hired individuals,97,0,0,0,0,0,0,0,0,0,1,There is hired individual,97,0,0,0,0,0,0,0,0,0,1,There is hired individual,24,2:00:52,6:15:58,1,1,6:30:13,16:45:24,2030,1006,49,13,73,72,74,78,80,61,58,78,80,7.860977,36.5875033,1669.3,4.9,uuid:580c2777-e741-496a-808a-5741795fcde1,2512142209,uuid:580c2777-e741-496a-808a-5741795fcde1
98841,S0410040272,OROMIA,Jimma,deedoo,soollaa,Rural,"12/5/2025, 7:20:04 PM","12/5/2025, 10:09:41 AM","12/5/2025, 7:19:55 PM",12/5/2025,48ec0b9287834309,0,NA,0,1,1,1,0,0,1,1,0,8,0,0,2,0,1,0,0,0,0,0,0,0,0,NA,2,0,1,0,0,0,0,0,0,0,0,NA,2,0,1,0,0,0,0,0,0,0,0,NA,17,8:15:26,0:30:25,0,1,0:45:23,5:00:22,713,360,6,2,65,63,67,68,70,60,61,72,73,7.4057617,36.8180083,2481.3,4.3,uuid:40e5f380-ace2-4440-9579-d2d167960611,2512030705,uuid:40e5f380-ace2-4440-9579-d2d167960611
98827,S0410040652,OROMIA,Jimma,deedoo,offolee daawee,Rural,"12/4/2025, 7:00:13 PM","12/4/2025, 10:18:03 AM","12/4/2025, 7:00:08 PM",12/4/2025,48ec0b9287834309,0,NA,0,0,1,1,0,0,1,1,1,5,0,1,2,0,1,0,0,0,0,0,0,0,0,NA,2,0,1,0,0,0,0,0,0,0,0,NA,2,0,1,0,0,0,0,0,0,0,0,NA,11,8:30:46,12:45:18,1,1,12:50:50,17:05:14,731,364,15,5,999,999,999,999,999,999,999,999,999,7.5536902,36.8759328,1896.1,4.3,uuid:f4790f2c-f781-46fe-81ca-b9a5b192a238,2512030705,uuid:f4790f2c-f781-46fe-81ca-b9a5b192a238
99133,S0410070262,OROMIA,Jimma,gumaay,burqaa guddinaa,Urban,"12/18/2025, 9:46:23 PM","12/18/2025, 10:27:59 AM","12/18/2025, 10:36:37 AM",12/18/2025,48ec0b9287834309,0,NA,0,1,1,0,0,0,1,0,1,8,0,0,2,0,1,0,0,0,0,0,0,0,0,NA,2,0,1,0,0,0,0,0,0,0,0,NA,2,0,1,0,0,0,0,0,0,0,0,NA,10,8:30:14,6:45:21,0,0,NA,NA,368,176,22,13,72,70,74,68,70,69,75,80,82,7.9921336,36.4864475,1838.8,4.7,uuid:9a75807e-e932-4bbf-b148-6b5878cf2def,2512142209,uuid:9a75807e-e932-4bbf-b148-6b5878cf2def
99214,S0410080392,OROMIA,Jimma,limmuu kossaa,caakkawoo manjii,Rural,"12/15/2025, 6:53:27 PM","12/15/2025, 9:27:22 AM","12/15/2025, 6:38:56 PM",12/15/2025,48ec0b9287834309,0,NA,0,0,1,1,0,0,1,1,0,9,0,0,2,0,1,0,0,0,0,0,0,0,0,NA,2,0,1,0,0,0,0,0,0,0,0,NA,2,0,1,0,0,0,0,0,0,0,0,NA,9,2:00:30,0:15:36,0,0,NA,NA,399,196,14,4,75,65,85,65,70,69,70,80,82,8.0549317,36.9705977,1722.8,4.3,uuid:e52e8a97-9315-4fe4-b212-0121e1578f9b,2512142209,uuid:e52e8a97-9315-4fe4-b212-0121e1578f9b
99279,S0410080762,OROMIA,Jimma,limmuu kossaa,wasaggar tulamaa,Rural,"12/16/2025, 5:48:12 PM","12/15/2025, 1:27:27 PM","12/16/2025, 5:12:48 PM",12/15/2025,48ec0b9287834309,0,NA,1,0,1,1,1,0,1,1,1,8,1,0,2,0,1,0,0,0,0,0,0,0,0,NA,2,0,1,0,0,0,0,0,0,0,0,NA,2,0,1,0,0,0,0,0,0,0,0,NA,10,8:20:37,0:35:47,1,1,18:45:58,17:00:04,365,189,15,6,80,80,80,70,85,70,69,90,85,8.0366279,36.9684344,1723.8,4.9,uuid:4b418061-e0e6-4ba3-aa92-63ebc8a46fe2,2512142209,uuid:4b418061-e0e6-4ba3-aa92-63ebc8a46fe2
100018,S0410140082,OROMIA,Jimma,oomoo naaddaa,dooraa,Rural,"12/26/2025, 3:11:22 PM","12/25/2025, 11:16:05 AM","12/26/2025, 3:09:28 PM",12/25/2025,3.58E+14,0,NA,0,0,1,1,0,0,1,1,1,9,1,0,3 4,0,0,1,1,0,0,0,0,0,0,NA,3,0,0,1,0,0,0,0,0,0,0,NA,3,0,0,1,0,0,0,0,0,0,0,NA,18,2:15:14,7:00:29,0,1,11:19:57,11:19:59,948,441,13,6,68.5,68,69,56,60,53,55,76,78,7.6366876,37.0405428,1723,8.4,uuid:b93801a1-18df-4b34-a059-2a0fe9fa7445,2512142209,uuid:b93801a1-18df-4b34-a059-2a0fe9fa7445
100060,S0410140522,OROMIA,Jimma,oomoo naaddaa,shooshee,Rural,"12/12/2025, 7:55:04 PM","12/11/2025, 12:56:36 PM","12/12/2025, 5:56:45 PM",12/11/2025,48ec0b9287834309,0,NA,0,0,1,1,0,0,1,0,0,8,0,0,2,0,1,0,0,0,0,0,0,0,0,NA,2,0,1,0,0,0,0,0,0,0,0,NA,2,0,1,0,0,0,0,0,0,0,0,NA,19,8:15:22,6:30:21,1,1,1:00:19,5:15:18,933,479,12,5,77,76,78,65,60,75,78,80,75,7.5949567,37.0956267,1847.6,4,uuid:7e3df825-30b4-4f29-9fde-2734e14236e5,2512030705,uuid:7e3df825-30b4-4f29-9fde-2734e14236e5
100347,S0410160212,OROMIA,Jimma,saqqaa coqorsaa,boobaa xuruuroo,Rural,"12/9/2025, 8:16:18 PM","12/8/2025, 2:11:41 PM","12/9/2025, 1:56:06 PM",12/8/2025,48ec0b9287834309,0,NA,0,0,1,1,0,0,1,1,1,6,0,0,2,0,1,0,0,0,0,0,0,0,0,NA,2,0,1,0,0,0,0,0,0,0,0,NA,2,0,1,0,0,0,0,0,0,0,0,NA,12,8:30:28,0:30:30,1,1,0:45:45,5:00:47,774,442,7,5,67.5,65,70,80,75,65,70,82,80,7.5309833,36.7570895,2083.8,4.8,uuid:aa6b666b-f51b-47c7-81e2-4ed7c2822322,2512030705,uuid:aa6b666b-f51b-47c7-81e2-4ed7c2822322
100416,S0410160562,OROMIA,Jimma,saqqaa coqorsaa,ulmaayee,Rural,"12/11/2025, 6:12:07 AM","12/9/2025, 10:32:01 AM","12/10/2025, 8:55:07 PM",12/9/2025,48ec0b9287834309,0,NA,0,0,1,1,0,0,1,1,1,6,0,0,2,0,1,0,0,0,0,0,0,0,0,NA,2,0,1,0,0,0,0,0,0,0,0,NA,2,0,1,0,0,0,0,0,0,0,0,NA,10,20:15:14,6:30:15,0,1,0:45:17,5:00:17,330,150,6,4,77.5,75,80,72,75,68,70,75,80,7.698535,36.6688267,2304.6,3.9,uuid:92de7078-8051-4829-91c5-283b37b1fa88,2512030705,uuid:92de7078-8051-4829-91c5-283b37b1fa88
100402,S0410160802,OROMIA,Jimma,saqqaa coqorsaa,oyaanaa,Rural,"12/8/2025, 10:30:22 PM","12/8/2025, 9:23:47 AM","12/8/2025, 10:22:08 PM",12/8/2025,48ec0b9287834309,0,NA,0,0,1,1,0,0,1,1,0,5,0,0,2,0,1,0,0,0,0,0,0,0,0,NA,2,0,1,0,0,0,0,0,0,0,0,NA,2,0,1,0,0,0,0,0,0,0,0,NA,12,8:30:29,6:45:30,1,1,1:00:38,5:15:39,918,433,13,11,82.5,78,87,70,80,78,69,80,72,7.5862217,36.614005,2010.2,4.8,uuid:d85f881c-8be6-4ad8-9673-9579d18e4ad9,2512030705,uuid:d85f881c-8be6-4ad8-9673-9579d18e4ad9
100839,S0410200192,OROMIA,Jimma,sokorruu,kaltaa,Rural,"12/11/2025, 7:52:53 PM","12/10/2025, 1:59:56 PM","12/11/2025, 7:52:48 PM",12/10/2025,48ec0b9287834309,1,Jima town ye wuket chora,1,0,1,1,0,0,1,1,1,8,1,0,2,0,1,0,0,0,0,0,0,0,0,NA,2,0,1,0,0,0,0,0,0,0,0,NA,2,0,1,0,0,0,0,0,0,0,0,NA,12,8:00:52,0:15:53,1,1,0:30:58,4:45:59,565,300,13,9,80,75,85,69,75,70,80,85,80,7.9428375,37.4406553,1984.2,4.8,uuid:2155794a-1509-4410-b6e0-ed8ea14f4745,2512030705,uuid:2155794a-1509-4410-b6e0-ed8ea14f4745
100872,S0410200722,OROMIA,Jimma,sokorruu,zamaroo,Rural,"12/25/2025, 8:35:02 AM","12/24/2025, 10:59:16 AM","12/24/2025, 6:07:46 PM",12/24/2025,5709a80a20846068,0,NA,0,0,1,1,0,0,1,1,1,12,0,0,2,0,1,0,0,0,0,0,0,0,0,NA,2,0,1,0,0,0,0,0,0,0,0,NA,2,0,1,0,0,0,0,0,0,0,0,NA,14,2:01:35,6:30:54,1,1,6:40:15,10:45:26,350,160,8,5,93,92,94,87,89,86,88,97,98,8.0120751,37.5037313,2111,4.9,uuid:1d54f9f6-b670-4b14-af28-15b326667c0e,2512142209,uuid:1d54f9f6-b670-4b14-af28-15b326667c0e
101609,S0411090132,OROMIA,Qeellam Wallaggaa,laaloo qilee,biiftuu marfoo,Rural,"12/8/2025, 3:08:30 PM","12/8/2025, 10:46:21 AM","12/8/2025, 10:57:20 AM",12/8/2025,bbae1c343e73e9f2,0,NA,1,0,1,1,0,1,0,0,1,12,0,0,4,0,0,0,1,0,0,0,0,0,0,NA,2,0,1,0,0,0,0,0,0,0,0,NA,7,0,0,0,0,0,1,0,0,0,0,NA,18,2:30:34,19:00:54,1,1,21:00:26,23:00:36,577,316,26,16,95,94,96,88,94,89,90,93,95,8.9035146,35.3015645,1488.8,4.3,uuid:7887ad49-55a1-4091-93f2-c6850ce0d70c,2512030705,uuid:7887ad49-55a1-4091-93f2-c6850ce0d70c
101800,S0411100172,OROMIA,Qeellam Wallaggaa,sayyoo,taabor,Rural,"12/5/2025, 3:14:22 PM","12/5/2025, 1:23:25 PM","12/5/2025, 1:35:16 PM",12/5/2025,bbae1c343e73e9f2,0,NA,1,0,1,1,0,0,1,1,0,14,1,0,8,0,0,0,0,0,0,1,0,0,0,NA,9 10,0,0,0,0,0,0,0,1,1,0,NA,2,0,1,0,0,0,0,0,0,0,0,NA,23,3:00:16,19:20:27,1,0,NA,NA,509,278,19,6,999,999,999,999,999,999,999,999,999,8.5670989,34.7541341,2005.9,4.3,uuid:cd066235-d9bc-4e61-a794-6b5b0e8bae1b,2512030705,uuid:cd066235-d9bc-4e61-a794-6b5b0e8bae1b
102046,S0412020372,OROMIA,B/M/Adaamaa,b/m/adaamaa,baatee tiifuu,Urban,"12/5/2025, 4:47:39 AM","12/4/2025, 11:29:10 AM","12/4/2025, 7:06:22 PM",12/4/2025,511b83623529c852,0,NA,1,0,1,1,0,0,1,0,0,4,0,0,7,0,0,0,0,0,1,0,0,0,0,NA,2,0,1,0,0,0,0,0,0,0,0,NA,7,0,0,0,0,0,1,0,0,0,0,NA,7,8:15:01,12:15:28,0,1,12:30:32,4:45:33,303,133,12,5,60,58,62,42,48,40,42,70,75,8.4582301,39.17905,1588.9,3.4,uuid:3a38c66e-5f85-47a7-aa8a-58687a66a477,2512030705,uuid:3a38c66e-5f85-47a7-aa8a-58687a66a477
102110,S0412020872,OROMIA,B/M/Adaamaa,b/m/adaamaa,wanjjii lakk.2,Urban,"12/25/2025, 6:37:25 PM","12/22/2025, 11:51:45 AM","12/25/2025, 6:35:52 PM",12/22/2025,511b83623529c852,1,Hoosee,1,1,1,1,1,1,1,0,1,10,1,1,7,0,0,0,0,0,1,0,0,0,0,NA,7,0,0,0,0,0,1,0,0,0,0,NA,7,0,0,0,0,0,1,0,0,0,0,NA,16,8:00:34,12:15:46,1,1,12:30:00,4:45:12,507,200,30,12,90.75,87,94.5,78,89,55,51,92,98,8.4507298,39.2284501,1537.6,4.6,uuid:89d73b6e-d326-4b05-a67b-5946ce7719a7,2512142209,uuid:89d73b6e-d326-4b05-a67b-5946ce7719a7
102231,S0412030692,OROMIA,Shawaa Bahaa,adaamii tulluu,suuroo sad.1ffaa,Rural,"12/12/2025, 7:14:15 PM","12/10/2025, 11:19:30 AM","12/12/2025, 7:13:19 PM",12/10/2025,511b83623529c852,0,NA,0,0,1,0,0,0,0,0,0,4,1,0,7,0,0,0,0,0,1,0,0,0,0,NA,7,0,0,0,0,0,1,0,0,0,0,NA,2,0,1,0,0,0,0,0,0,0,0,NA,6,8:00:18,12:15:20,1,1,12:30:23,4:45:27,934,520,11,7,80,70,90,60,80,50,70,70,80,7.9329307,38.7146116,1639.6,4.9,uuid:bdb76d76-2ebd-4564-b83a-09b8f503b454,2512030705,uuid:bdb76d76-2ebd-4564-b83a-09b8f503b454
102520,S0412070482,OROMIA,Shawaa Bahaa,dugdaa,birbirsa gudda saabolee,Rural,"12/9/2025, 2:43:11 AM","12/8/2025, 11:25:22 AM","12/8/2025, 9:00:40 PM",12/8/2025,511b83623529c852,0,NA,0,0,1,0,0,0,1,0,0,5,0,0,7,0,0,0,0,0,1,0,0,0,0,NA,7,0,0,0,0,0,1,0,0,0,0,NA,2,0,1,0,0,0,0,0,0,0,0,NA,9,8:00:18,12:15:48,1,1,12:30:33,4:45:57,176,86,8,5,93,94,92,58,76,55,61,81,87,8.2729433,38.7314583,1714.8,5,uuid:50c532ea-a638-461b-be24-ab4176a2ef30,2512030705,uuid:50c532ea-a638-461b-be24-ab4176a2ef30
102592,S0412070992,OROMIA,Shawaa Bahaa,dugdaa,wayyoo sad.1ffaa,Rural,"12/6/2025, 7:53:52 AM","12/5/2025, 2:42:40 PM","12/6/2025, 3:59:21 AM",12/5/2025,511b83623529c852,0,NA,1,0,1,1,0,0,1,0,0,10,1,0,2,0,1,0,0,0,0,0,0,0,0,NA,2,0,1,0,0,0,0,0,0,0,0,NA,2 7,0,1,0,0,0,1,0,0,0,0,NA,14,8:00:08,12:15:12,1,1,12:30:20,10:46:22,855,426,11,6,71,70,72,65,68,50,52,80,85,8.0676593,38.7431195,1631.3,4.5,uuid:81374476-bd52-4b38-b818-ec5e12fd3348,2512030705,uuid:81374476-bd52-4b38-b818-ec5e12fd3348
102904,S0412100322,OROMIA,Shawaa Bahaa,liiban cuqqaalaa,dolooloo jilaa,Rural,"12/9/2025, 8:15:48 PM","12/9/2025, 10:08:42 AM","12/9/2025, 8:10:23 PM",12/9/2025,511b83623529c852,0,NA,1,1,1,1,1,0,1,0,1,6,1,0,7,0,0,0,0,0,1,0,0,0,0,NA,7,0,0,0,0,0,1,0,0,0,0,NA,2,0,1,0,0,0,0,0,0,0,0,NA,15,8:00:09,12:15:31,1,1,12:30:46,4:45:36,365,189,22,9,79.5,79,80,74,80,56,71,81,88,8.5765282,38.9025905,1739.4,4.8,uuid:b06f9bde-9d4f-4e24-948c-50b60743bd13,2512030705,uuid:b06f9bde-9d4f-4e24-948c-50b60743bd13
805094,S0413010402,OROMIA,Shawaa Kaabaa,abbichuuf nya'aa,abdallaa mahaagil,Rural,"12/17/2025, 8:30:05 PM","12/17/2025, 10:54:57 AM","12/17/2025, 8:27:53 PM",12/17/2025,511b83623529c852,0,NA,0,0,1,1,0,0,0,0,1,5,1,0,7,0,0,0,0,0,1,0,0,0,0,NA,7,0,0,0,0,0,1,0,0,0,0,NA,2,0,1,0,0,0,0,0,0,0,0,NA,10,8:00:47,12:15:05,1,1,12:30:48,4:45:08,445,231,10,5,999,999,999,999,999,999,999,999,999,9.5509418,39.2281244,2726,4.6,uuid:864571f3-a37f-481e-97a9-11df584cf927,2512142209,uuid:864571f3-a37f-481e-97a9-11df584cf927
805332,S0413040042,OROMIA,Shawaa Kaabaa,dabra libaanoos,xaree qachaa,Rural,"12/19/2025, 9:10:27 PM","12/19/2025, 10:56:20 AM","12/19/2025, 8:53:44 PM",12/19/2025,511b83623529c852,1,Mataa Arbaa,0,0,1,1,0,0,1,0,0,5,0,0,7,0,0,0,0,0,1,0,0,0,0,NA,7,0,0,0,0,0,1,0,0,0,0,NA,2,0,1,0,0,0,0,0,0,0,0,NA,9,8:00:16,12:15:37,1,1,12:30:58,4:45:18,213,126,17,10,93.8,93.1,94.5,93,91,92,90,96,94,9.647515,38.775935,2661.4,4.3,uuid:b72fb6bf-b4a7-445d-90f5-77d47d3a1d7f,2512142209,uuid:b72fb6bf-b4a7-445d-90f5-77d47d3a1d7f
805949,S0413130232,OROMIA,Shawaa Kaabaa,waacaalee,muka xurii lakk 3,Urban,"12/18/2025, 10:16:14 PM","12/18/2025, 10:35:59 AM","12/18/2025, 7:29:26 PM",12/18/2025,511b83623529c852,0,NA,1,1,1,1,0,0,1,1,1,11,1,0,7,0,0,0,0,0,1,0,0,0,0,NA,7,0,0,0,0,0,1,0,0,0,0,NA,2,0,1,0,0,0,0,0,0,0,0,NA,17,8:00:48,12:15:05,1,1,12:30:24,4:45:05,1103,477,31,15,80.9,79.8,82.01,999,999,999,999,999,999,9.5420954,38.8714804,2633.5,4.9,uuid:a55e3ca7-24a5-4dba-8c12-5f9cc36ef6c0,2512142209,uuid:a55e3ca7-24a5-4dba-8c12-5f9cc36ef6c0
806059,S0413150852,OROMIA,Shawaa Kaabaa,b/m/caancoo,caancoo lakk.2 (1-8),Urban,"12/20/2025, 10:05:13 PM","12/20/2025, 10:58:58 AM","12/20/2025, 10:00:31 PM",12/20/2025,511b83623529c852,0,NA,1,1,1,1,1,0,1,1,1,13,1,0,7,0,0,0,0,0,1,0,0,0,0,NA,7,0,0,0,0,0,1,0,0,0,0,NA,2,0,1,0,0,0,0,0,0,0,0,NA,20,8:00:35,12:15:49,1,1,12:30:09,4:45:27,1164,596,35,9,999,999,999,999,999,999,999,999,999,9.3007367,38.7476683,2577.5,3.9,uuid:267e4787-f140-47e0-8140-d29de4ba4d07,2512142209,uuid:267e4787-f140-47e0-8140-d29de4ba4d07
791665,S0413190212,OROMIA,Shawaa Kaabaa,barrak,hulluqqoo,Rural,"12/16/2025, 6:14:13 PM","12/15/2025, 12:59:33 PM","12/16/2025, 5:52:48 PM",12/15/2025,511b83623529c852,0,NA,0,1,1,1,0,0,1,1,1,4,1,1,7,0,0,0,0,0,1,0,0,0,0,NA,7,0,0,0,0,0,1,0,0,0,0,NA,2,0,1,0,0,0,0,0,0,0,0,NA,8,8:00:32,12:15:51,1,1,12:30:07,4:45:18,302,176,13,8,92.3,90.1,94.5,82,80,66,60,80,85,9.2344138,38.8617382,2889.4,4.9,uuid:9aa3c1f7-0c2b-4606-b83d-941082f2aadc,2512111025,uuid:9aa3c1f7-0c2b-4606-b83d-941082f2aadc
104141,S0414010492,OROMIA,Shawaa Kibba Lixaa,ammayyaa,ammayyaa,Urban,"12/18/2025, 8:33:19 PM","12/18/2025, 1:02:25 PM","12/18/2025, 10:25:44 PM",12/18/2025,4b8dc9a715f0e7e5,1,Abay  korke,1,1,1,1,1,0,1,1,1,24,1,0,7,0,0,0,0,0,1,0,0,0,0,NA,2,0,1,0,0,0,0,0,0,0,0,NA,7,0,0,0,0,0,1,0,0,0,0,NA,48,10:00:54,14:15:55,1,1,14:30:57,12:45:58,3781,1852,85,34,87,88,86,999,999,999,999,999,999,8.5913133,37.7497917,1991.7,3.5,uuid:33291961-86c8-4a7b-ae15-d2173ca42d3e,2512142209,uuid:33291961-86c8-4a7b-ae15-d2173ca42d3e
104259,S0414020292,OROMIA,Shawaa Kibba Lixaa,bacho,abdii guddinaa,Urban,"12/17/2025, 6:45:43 PM","12/17/2025, 11:46:52 AM","12/17/2025, 6:44:01 PM",12/17/2025,6b74f9d4edaa4c9a,0,NA,1,1,1,0,0,0,1,1,1,13,0,0,2,0,1,0,0,0,0,0,0,0,0,NA,2,0,1,0,0,0,0,0,0,0,0,NA,2,0,1,0,0,0,0,0,0,0,0,NA,26,2:00:11,6:15:14,1,1,6:30:26,10:45:37,2005,813,56,22,999,999,999,999,999,999,999,999,999,8.6648073,38.2152232,2170,4.7,uuid:621d16dc-f90e-414e-b93e-e56248295fad,2512142209,uuid:621d16dc-f90e-414e-b93e-e56248295fad
104406,S0414040052,OROMIA,Shawaa Kibba Lixaa,gooroo,diimtuu,Rural,"12/19/2025, 9:50:00 PM","12/19/2025, 12:19:47 PM","12/19/2025, 9:46:14 PM",12/19/2025,6b74f9d4edaa4c9a,0,NA,1,1,1,1,0,0,1,0,0,7,0,0,2,0,1,0,0,0,0,0,0,0,0,NA,2,0,1,0,0,0,0,0,0,0,0,NA,2,0,1,0,0,0,0,0,0,0,0,NA,11,2:00:30,6:15:38,1,1,6:30:56,10:45:04,579,276,19,11,92.5,95,90,999,999,999,999,999,999,8.429788,37.9543708,1904.5,4.6,uuid:08abc7a7-dc39-48bc-8a3d-bc3d8eae5047,2512142209,uuid:08abc7a7-dc39-48bc-8a3d-bc3d8eae5047
562620,S0414080272,OROMIA,Shawaa Kibba Lixaa,sooddoo daacii,tarree sillaasee,Urban,"12/23/2025, 7:42:17 PM","12/23/2025, 11:22:00 AM","12/23/2025, 7:39:51 PM",12/23/2025,6b74f9d4edaa4c9a,0,NA,1,1,1,1,0,0,1,1,0,15,0,0,2,0,1,0,0,0,0,0,0,0,0,NA,2,0,1,0,0,0,0,0,0,0,0,NA,2,0,1,0,0,0,0,0,0,0,0,NA,30,2:00:39,6:15:47,1,1,6:30:59,10:45:05,1650,700,51,19,96,97,95,999,999,999,999,999,999,8.5334849,38.6285418,2188.9,4.9,uuid:ba7c6f1c-0bed-4d4b-8196-9c490bb69731,2512142209,uuid:ba7c6f1c-0bed-4d4b-8196-9c490bb69731
89812,S0414120152,OROMIA,Shawaa Kibba Lixaa,sabbataa hawaas,booroo fi hiroo,Rural,"12/22/2025, 8:16:10 PM","12/22/2025, 11:22:53 AM","12/22/2025, 8:13:51 PM",12/22/2025,6b74f9d4edaa4c9a,0,NA,0,1,1,0,0,0,1,1,0,7,0,0,2 4 5,0,1,0,1,1,0,0,0,0,0,NA,2 4 5,0,1,0,1,1,0,0,0,0,0,NA,2,0,1,0,0,0,0,0,0,0,0,NA,14,2:00:29,6:15:26,1,1,6:30:39,10:45:48,992,529,16,7,999,999,999,999,999,999,999,999,999,8.8053733,38.5370082,2094.1,4.8,uuid:b2ee4818-4b09-452f-b4cb-3075dd9d7507,2512142209,uuid:b2ee4818-4b09-452f-b4cb-3075dd9d7507
105286,S0415020322,OROMIA,Shawaa Lixaa,ada'aa bargaa,siree bargaa,Rural,"12/12/2025, 6:05:19 PM","12/12/2025, 2:21:43 PM","12/12/2025, 8:01:36 PM",12/12/2025,4b8dc9a715f0e7e5,0,NA,1,0,1,1,0,0,1,1,1,6,1,0,7,0,0,0,0,0,1,0,0,0,0,NA,4 9 10,0,0,0,1,0,0,0,1,1,0,NA,7,0,0,0,0,0,1,0,0,0,0,NA,8,10:00:27,14:15:27,1,1,14:30:10,6:45:12,401,232,14,9,91.5,86,97,999,999,999,999,999,999,9.2979513,38.4097365,2871.9,4.6,uuid:3713739f-36d4-4731-983e-02cebe9749d9,2512111025,uuid:3713739f-36d4-4731-983e-02cebe9749d9
105692,S0415080472,OROMIA,Shawaa Lixaa,dandii,dandii birhaan,Rural,"12/26/2025, 5:44:36 PM","12/25/2025, 10:37:33 AM","12/25/2025, 6:31:29 PM",12/25/2025,bbae1c343e73e9f2,0,NA,1,1,1,1,0,0,1,1,1,16,1,1,97,0,0,0,0,0,0,0,0,0,1,Qulqulleesitu qabna,97,0,0,0,0,0,0,0,0,0,1,Qulqulleesitu qabna,2,0,1,0,0,0,0,0,0,0,0,NA,21,2:00:48,18:15:47,1,1,18:30:45,22:45:44,1017,566,13,9,87.45,89,85.9,86,81,87,85,85.5,95,8.8329114,38.0102587,3126.5,3.2,uuid:9a01b57b-b6fa-4d00-9d53-0f322b1b351d,2512142209,uuid:9a01b57b-b6fa-4d00-9d53-0f322b1b351d
105819,S0415100272,OROMIA,Shawaa Lixaa,ejeree,kusaayee,Rural,"12/15/2025, 5:57:07 PM","12/15/2025, 12:47:14 PM","12/15/2025, 5:50:05 PM",12/15/2025,6b74f9d4edaa4c9a,0,NA,0,0,1,0,0,0,1,1,0,4,0,0,2,0,1,0,0,0,0,0,0,0,0,NA,2,0,1,0,0,0,0,0,0,0,0,NA,2,0,1,0,0,0,0,0,0,0,0,NA,9,2:00:43,6:15:44,1,1,6:10:00,10:45:10,275,138,10,5,81.5,82,81,999,999,999,999,999,999,9.0157317,38.4258767,2156.3,4.3,uuid:022ef96d-4f92-4a0c-8297-7d685cdb6703,2512111025,uuid:022ef96d-4f92-4a0c-8297-7d685cdb6703
105830,S0415100372,OROMIA,Shawaa Lixaa,ejeree,waajituu sad.1ffaa,Rural,"12/16/2025, 7:05:23 PM","12/16/2025, 1:03:52 PM","12/16/2025, 9:00:08 PM",12/16/2025,4b8dc9a715f0e7e5,0,NA,1,1,1,0,0,0,1,1,1,12,1,1,4 5 9 10,0,0,0,1,1,0,0,1,1,0,NA,3 4 5,0,0,1,1,1,0,0,0,0,0,NA,9 10,0,0,0,0,0,0,0,1,1,0,NA,12,10:00:09,14:13:13,1,1,14:30:27,12:45:40,555,285,12,7,89,87,91,999,999,999,999,999,999,9.0029782,38.4430172,2222.7,4.5,uuid:ad2f0bf8-c7aa-46fe-991f-79d790f82433,2512142209,uuid:ad2f0bf8-c7aa-46fe-991f-79d790f82433
106327,S0415170012,OROMIA,Shawaa Lixaa,liiban jaawwii,caffee irreensaa,Rural,"12/24/2025, 8:05:45 PM","12/24/2025, 11:12:02 AM","12/24/2025, 11:40:13 AM",12/24/2025,bbae1c343e73e9f2,0,NA,0,1,1,1,0,0,1,1,1,6,0,0,2,0,1,0,0,0,0,0,0,0,0,NA,97,0,0,0,0,0,0,0,0,0,1,Hin qulqulahu mucaa fi biyyee irraa waan hoojetamef,2,0,1,0,0,0,0,0,0,0,0,NA,8,2:00:49,18:15:50,0,1,18:30:51,22:45:52,569,302,8,3,77,76,78,78,79,84,80,78,93,8.9518097,37.5829274,2508.7,4.9,uuid:6aa32066-fee4-4e2a-8fa8-8b097e54710d,2512142209,uuid:6aa32066-fee4-4e2a-8fa8-8b097e54710d
562484,S0416090132,OROMIA,Wallagaa Bahaa,jimmaa arjoo,nimoonaa sad 1ffaa,Urban,"12/11/2025, 2:46:02 PM","12/6/2025, 12:41:43 PM","12/11/2025, 2:43:56 PM",12/6/2025,3.58E+14,0,NA,1,0,1,1,0,0,1,1,1,20,0,1,2 4,0,1,0,1,0,0,0,0,0,0,NA,2,0,1,0,0,0,0,0,0,0,0,NA,2,0,1,0,0,0,0,0,0,0,0,NA,25,2:40:33,8:15:46,1,0,NA,NA,968,486,38,18,61.5,60,63,59,60,63,68,70,72,8.7528812,36.5064264,2479,4.8,uuid:b4eed0f0-45cc-4976-b616-870bc01a4a7b,2512030705,uuid:b4eed0f0-45cc-4976-b616-870bc01a4a7b
107778,S0416170132,OROMIA,Wallagaa Bahaa,waayyuu tuqaa,baata baasaqaa,Rural,"12/23/2025, 7:00:34 PM","12/23/2025, 9:43:11 AM","12/23/2025, 11:22:34 AM",12/23/2025,bbae1c343e73e9f2,0,NA,1,0,1,1,0,0,1,0,1,14,0,0,2 7 8,0,1,0,0,0,1,1,0,0,0,NA,2 4 5 7,0,1,0,1,1,1,0,0,0,0,NA,2,0,1,0,0,0,0,0,0,0,0,NA,25,2:40:55,19:40:12,0,0,NA,NA,850,450,10,7,82.25,72,92.5,88,90,75,90,89,90,8.9790687,36.6021996,1849.4,4.9,uuid:6169e33e-149f-4475-b331-f7701b7e8ad2,2512142209,uuid:6169e33e-149f-4475-b331-f7701b7e8ad2
107916,S0417020122,OROMIA,Wallagaa Lixaa,b/m/gimbii,biiftuu gimbii sad 1ffaa,Urban,"12/15/2025, 6:00:56 PM","12/15/2025, 12:25:22 PM","12/15/2025, 12:57:58 PM",12/15/2025,bbae1c343e73e9f2,1,Baataa dureessoo 1_8,1,1,1,1,0,0,1,1,1,18,1,1,97,0,0,0,0,0,0,0,0,0,1,Guumi kunusa nannoo,8 9 10,0,0,0,0,0,0,1,1,1,0,NA,2,0,1,0,0,0,0,0,0,0,0,NA,26,2:30:39,18:45:49,1,0,NA,NA,945,451,18,13,999,999,999,999,999,999,999,999,999,9.1654882,35.8454296,1939.6,4.8,uuid:71a68263-1fed-4252-86c4-cc2522ccdd65,2512111025,uuid:71a68263-1fed-4252-86c4-cc2522ccdd65
435813,S0417060282,OROMIA,Wallagaa Lixaa,beegii,boonii abshaalaa,Rural,"12/18/2025, 8:00:41 PM","12/18/2025, 12:00:35 PM","12/18/2025, 12:13:23 PM",12/18/2025,bbae1c343e73e9f2,0,NA,0,0,0,NA,0,0,1,0,0,10,0,0,7,0,0,0,0,0,1,0,0,0,0,NA,97,0,0,0,0,0,0,0,0,0,1,Hin jiru,7,0,0,0,0,0,1,0,0,0,0,NA,11,2:30:14,19:25:27,0,0,NA,NA,532,251,9,4,89.8,92,87.6,85,68,83,74,62,53,9.4832193,34.5820493,1497.4,4.3,uuid:deee9f6b-4835-4f93-82c3-eeafaeb22ad8,2512142209,uuid:deee9f6b-4835-4f93-82c3-eeafaeb22ad8
435818,S0417060532,OROMIA,Wallagaa Lixaa,beegii,dhallaadduu dhagaa bookaa,Rural,"12/19/2025, 8:59:44 PM","12/19/2025, 11:00:42 AM","12/19/2025, 11:07:00 AM",12/19/2025,bbae1c343e73e9f2,0,NA,0,0,0,NA,0,0,1,1,0,11,0,0,2,0,1,0,0,0,0,0,0,0,0,NA,2,0,1,0,0,0,0,0,0,0,0,NA,2,0,1,0,0,0,0,0,0,0,0,NA,16,2:30:59,19:30:11,0,0,NA,NA,871,422,12,9,85.39,86.78,84,84,86,84,86,87,84,9.4103929,34.4829363,1642.6,4.5,uuid:df5bd70f-2063-4f12-b6cc-21760026bb2d,2512142209,uuid:df5bd70f-2063-4f12-b6cc-21760026bb2d
430776,S0417100142,OROMIA,Wallagaa Lixaa,gimbii,laaloo usachee,Rural,"12/17/2025, 4:27:58 AM","12/16/2025, 11:00:28 AM","12/16/2025, 11:46:42 AM",12/16/2025,bbae1c343e73e9f2,0,NA,0,0,1,1,0,0,1,1,1,8,0,0,7,0,0,0,0,0,1,0,0,0,0,NA,7,0,0,0,0,0,1,0,0,0,0,NA,2,0,1,0,0,0,0,0,0,0,0,NA,19,2:30:21,19:35:22,1,0,NA,NA,234,129,17,11,83,85.54,80.46,89,93,76,89,86,97,9.2336678,35.8154407,1783.2,4.8,uuid:f3935961-aade-42de-be3b-0db539c3e3d0,2512142209,uuid:f3935961-aade-42de-be3b-0db539c3e3d0
430841,S0417110322,OROMIA,Wallagaa Lixaa,gullisoo,waayyuu guutee,Rural,"12/11/2025, 5:04:21 PM","12/11/2025, 11:30:11 AM","12/11/2025, 11:45:13 AM",12/11/2025,bbae1c343e73e9f2,0,NA,0,0,1,0,0,0,1,1,1,8,0,0,2 4 5,0,1,0,1,1,0,0,0,0,0,NA,2 4,0,1,0,1,0,0,0,0,0,0,NA,2,0,1,0,0,0,0,0,0,0,0,NA,11,2:40:44,19:00:02,0,0,NA,NA,144,67,20,12,90,86,94,70,98,80,93,95,88,9.179752,35.4363543,1685.9,4.3,uuid:90cd40a2-adfb-4b42-baba-b38d282a4a58,2512030705,uuid:90cd40a2-adfb-4b42-baba-b38d282a4a58
430807,S0417110332,OROMIA,Wallagaa Lixaa,gullisoo,biftuu gulisoo,Urban,"12/13/2025, 4:54:25 AM","12/12/2025, 10:37:21 AM","12/12/2025, 10:44:32 AM",12/12/2025,bbae1c343e73e9f2,0,NA,0,0,1,1,0,0,1,0,0,8,0,0,5 97,0,0,0,0,1,0,0,0,0,1,Koore maati baarata,9 10,0,0,0,0,0,0,0,1,1,0,NA,2,0,1,0,0,0,0,0,0,0,0,NA,10,2:20:44,19:20:56,0,0,NA,NA,257,127,21,11,91.5,93,90,92,100,95.5,81,95,98,9.1816818,35.4764031,1576.1,3.6,uuid:0adb8b6c-db48-442a-897f-ae322a70cf7d,2512111025,uuid:0adb8b6c-db48-442a-897f-ae322a70cf7d
431752,S0417230112,OROMIA,Wallagaa Lixaa,yuubdoo,burqaa tosiyoo,Rural,"12/10/2025, 5:17:18 PM","12/10/2025, 10:09:42 AM","12/10/2025, 11:20:27 AM",12/10/2025,bbae1c343e73e9f2,0,NA,0,0,1,1,0,0,1,0,1,10,0,0,2 7,0,1,0,0,0,1,0,0,0,0,NA,1 97,1,0,0,0,0,0,0,0,0,1,Guumi kunusa nannoo,2,0,1,0,0,0,0,0,0,0,0,NA,14,2:50:39,19:20:39,1,0,NA,NA,337,168,20,12,97.5,96,99,92,99,86,98,93,92,9.0049716,35.3878641,1717.4,4.3,uuid:38a863b5-9b11-473e-8bf5-453952102894,2512030705,uuid:38a863b5-9b11-473e-8bf5-453952102894
89467,S0418010382,OROMIA,Magaala Shaggar,k/m/koyyee faccee,galaan arrabsaa,Urban,"12/4/2025, 10:05:38 PM","12/4/2025, 1:49:02 PM","12/5/2025, 12:04:22 AM",12/4/2025,4b8dc9a715f0e7e5,0,NA,1,0,1,0,0,0,1,1,0,5,1,0,97,0,0,0,0,0,0,0,0,0,1,Servant,97,0,0,0,0,0,0,0,0,0,1,Servant,97,0,0,0,0,0,0,0,0,0,1,Servant,3,10:02:46,14:13:48,1,1,14:30:05,12:45:07,489,249,18,11,81,82,80,999,999,999,999,999,999,8.9427233,38.9025167,2270.7,4.4,uuid:ed880383-c714-48ee-9216-73dfec5f289a,2512030705,uuid:ed880383-c714-48ee-9216-73dfec5f289a
89702,S0418030362,OROMIA,Magaala Shaggar,k/m/kuraa jiddaa,warabbii,Urban,"12/3/2025, 5:17:50 PM","12/3/2025, 3:08:11 PM","12/3/2025, 3:26:44 PM",12/3/2025,6b74f9d4edaa4c9a,0,NA,0,0,1,0,0,0,1,0,0,4,0,0,7,0,0,0,0,0,1,0,0,0,0,NA,7,0,0,0,0,0,1,0,0,0,0,NA,7,0,0,0,0,0,1,0,0,0,0,NA,8,15:13:45,15:13:46,0,1,15:14:59,15:14:58,263,127,10,5,999,999,999,999,999,999,999,999,999,9.1548712,38.8980455,2706.2,4.8,uuid:4a44167b-8a34-4051-8d38-b3b3964a43f9,2512030705,uuid:4a44167b-8a34-4051-8d38-b3b3964a43f9
89828,S0418050202,OROMIA,Magaala Shaggar,k/m/sabbataa,haroo jilaa,Urban,"12/9/2025, 6:21:21 PM","12/9/2025, 10:35:22 AM","12/9/2025, 6:16:35 PM",12/9/2025,6b74f9d4edaa4c9a,0,NA,1,1,1,1,0,1,1,0,0,8,0,0,2,0,1,0,0,0,0,0,0,0,0,NA,2,0,1,0,0,0,0,0,0,0,0,NA,2,0,1,0,0,0,0,0,0,0,0,NA,10,2:00:41,6:15:57,1,1,6:30:36,10:45:47,325,179,11,3,999,999,999,999,999,999,999,999,999,8.8720586,38.5439967,2075.7,4.9,uuid:82539263-5e2e-4f97-b172-980eeebc671d,2512030705,uuid:82539263-5e2e-4f97-b172-980eeebc671d
83608,S0419192082,OROMIA,B/M/Adaamaa,b/m/adaamaa,l/k/dajanee simee,Urban,"12/4/2025, 8:38:48 AM","12/3/2025, 2:16:21 PM","12/4/2025, 8:32:19 AM",12/3/2025,72ea367b009c6cb8,0,NA,1,1,1,1,1,1,1,1,1,53,1,1,1,1,0,0,0,0,0,0,0,0,0,NA,97,0,0,0,0,0,0,0,0,0,1,Qulqulleessituu qacaruun,97,0,0,0,0,0,0,0,0,0,1,Quliqulesitu Qacarune,53,2:00:40,6:30:00,1,1,6:30:25,23:45:26,3033,1432,77,33,75.5,75,76,55,66,48,49,87,82,8.5349367,39.2517633,1617.6,2.5,uuid:14ff1288-8b9e-4e80-92ee-15796f758efd,2512030705,uuid:14ff1288-8b9e-4e80-92ee-15796f758efd
935102,S0425251612,OROMIA,Magaala Shaggar,k/m/buraayyuu,aannee diimaa sad.1ffaa,Urban,"12/8/2025, 6:03:49 PM","12/8/2025, 3:06:20 PM","12/8/2025, 7:59:49 PM",12/8/2025,4b8dc9a715f0e7e5,0,NA,1,1,1,1,1,1,1,1,1,17,1,1,97,0,0,0,0,0,0,0,0,0,1,Servant,97,0,0,0,0,0,0,0,0,0,1,Servant,97,0,0,0,0,0,0,0,0,0,1,Servant,0,10:00:42,14:20:48,1,1,14:30:08,6:45:22,1647,772,28,12,67,56.8,77.2,999,999,999,999,999,999,9.0876635,38.6471102,2712.5,4.8,uuid:dd5abb92-9e99-4052-9a47-28b8a48889e6,2512030705,uuid:dd5abb92-9e99-4052-9a47-28b8a48889e6
322957,S0426261212,OROMIA,Magaala Shaggar,k/m/furii,jammoo lakk 2,Urban,"12/10/2025, 5:36:36 PM","12/10/2025, 12:23:46 PM","12/10/2025, 7:34:16 PM",12/10/2025,4b8dc9a715f0e7e5,0,NA,1,0,1,1,1,1,1,1,1,63,1,1,2 4,0,1,0,1,0,0,0,0,0,0,NA,97,0,0,0,0,0,0,0,0,0,1,Servant,7,0,0,0,0,0,1,0,0,0,0,NA,69,10:20:02,11:00:15,1,0,NA,NA,5153,2513,129,67,73,65,81,999,999,999,999,999,999,8.9574047,38.6904061,2276,5,uuid:bf951971-b828-47ca-b7e1-4313cd4af956,2512030705,uuid:bf951971-b828-47ca-b7e1-4313cd4af956
85075,S0426261412,OROMIA,Magaala Shaggar,k/m/furii,abdii biyyaa sad 1ffaa,Urban,"12/5/2025, 6:45:49 PM","12/5/2025, 11:07:49 AM","12/5/2025, 6:44:21 PM",12/5/2025,6b74f9d4edaa4c9a,0,NA,1,1,1,1,0,1,1,0,0,13,1,0,7,0,0,0,0,0,1,0,0,0,0,NA,97,0,0,0,0,0,0,0,0,0,1,Servant,97,0,0,0,0,0,0,0,0,0,1,Servant,21,2:00:23,6:15:23,1,1,6:30:42,10:45:41,873,383,34,16,95,97,93,999,999,999,999,999,999,8.965076,38.6648208,2347.5,4.3,uuid:3eba5415-434a-4901-98d9-82d25cc47287,2512030705,uuid:3eba5415-434a-4901-98d9-82d25cc47287
84739,S0428280412,OROMIA,Magaala Shaggar,k/m/l/xaafoo l/daadhii,woboorii sad.1ffaa,Urban,"12/11/2025, 7:10:05 PM","12/11/2025, 12:53:44 PM","12/11/2025, 6:58:51 PM",12/11/2025,6b74f9d4edaa4c9a,1,Irreessaa Koonoo,1,1,1,1,1,1,1,1,1,14,1,0,2,0,1,0,0,0,0,0,0,0,0,NA,97,0,0,0,0,0,0,0,0,0,1,Servant,97,0,0,0,0,0,0,0,0,0,1,Servant,16,2:00:26,6:30:34,1,1,6:30:06,10:45:16,1010,467,27,10,96.5,97,96,999,999,999,999,999,999,9.0957682,38.9244101,2475.5,5,uuid:ff5a4a54-6b4f-4156-a13f-eeacb7149067,2512030705,uuid:ff5a4a54-6b4f-4156-a13f-eeacb7149067
88760,S0435020452,OROMIA,Buunnoo Beeddeellee,beddellee,yabaallaa,Rural,"12/22/2025, 7:45:26 PM","12/22/2025, 10:05:58 AM","12/22/2025, 5:35:43 PM",12/22/2025,48ec0b9287834309,0,NA,1,1,1,1,0,0,1,1,1,10,1,1,2,0,1,0,0,0,0,0,0,0,0,NA,2,0,1,0,0,0,0,0,0,0,0,NA,2,0,1,0,0,0,0,0,0,0,0,NA,12,8:30:51,14:05:44,1,0,NA,NA,490,258,21,10,77.5,75,80,70,75,74,78,80,85,8.4008049,36.3898061,1933.3,4.9,uuid:1bfd97ee-adaa-4f4c-81b1-c46760ea61ac,2512142209,uuid:1bfd97ee-adaa-4f4c-81b1-c46760ea61ac
88843,S0435030042,OROMIA,Buunnoo Beeddeellee,boorachaa,toogoo gatamaa,Rural,"12/23/2025, 9:21:35 PM","12/23/2025, 11:03:04 AM","12/23/2025, 11:16:35 AM",12/23/2025,48ec0b9287834309,0,NA,0,0,1,1,0,0,0,1,1,9,1,1,2,0,1,0,0,0,0,0,0,0,0,NA,2,0,1,0,0,0,0,0,0,0,0,NA,2,0,1,0,0,0,0,0,0,0,0,NA,11,8:30:43,13:30:52,1,0,NA,NA,609,293,10,7,80,75,85,60,70,70,73,80,82,8.2898705,36.5374189,2243.4,4.1,uuid:8f9d68f3-819b-481c-9997-b435a74925ac,2512142209,uuid:8f9d68f3-819b-481c-9997-b435a74925ac
88969,S0435050092,OROMIA,Buunnoo Beeddeellee,cooraa,beeroo sariitii,Rural,"12/25/2025, 7:10:37 AM","12/23/2025, 2:39:59 PM","12/25/2025, 1:08:54 AM",12/23/2025,d1b0115f04ccefd2,0,NA,0,0,1,1,0,0,1,0,0,10,0,0,4 5 7 9 10,0,0,0,1,1,1,0,1,1,0,NA,4 5 7 9 10,0,0,0,1,1,1,0,1,1,0,NA,7 9 10,0,0,0,0,0,1,0,1,1,0,NA,16,2:30:33,19:15:18,1,0,NA,NA,475,232,12,9,75.5,76,75,65,70,58,60,75,78,8.5185333,36.1127517,2047.9,4.9,uuid:f57cd6c7-3e56-4f75-9fc2-91d869edd2ec,2512142209,uuid:f57cd6c7-3e56-4f75-9fc2-91d869edd2ec
89314,S0435090152,OROMIA,Buunnoo Beeddeellee,gachii,digaja,Rural,"12/19/2025, 7:03:01 PM","12/19/2025, 10:11:54 AM","12/19/2025, 6:48:56 PM",12/19/2025,48ec0b9287834309,0,NA,0,0,0,NA,0,0,1,1,0,6,1,0,2 4,0,1,0,1,0,0,0,0,0,0,NA,2,0,1,0,0,0,0,0,0,0,0,NA,2,0,1,0,0,0,0,0,0,0,0,NA,8,8:45:36,1:20:58,1,0,NA,NA,460,244,8,4,70,65,75,72,75,65,68,80,86,8.2346183,36.48296,2308.7,2.9,uuid:91d6b441-f6b5-42f8-96b1-18394b287121,2512142209,uuid:91d6b441-f6b5-42f8-96b1-18394b287121
91751,S0436010462,OROMIA,Gujii Lixaa,abbayaa,hafuursaa waaroo,Rural,"12/12/2025, 4:48:56 PM","12/5/2025, 9:24:15 AM","12/12/2025, 4:47:06 PM",12/5/2025,31d542a9aea3f2c5,0,NA,1,0,1,1,0,0,1,0,0,12,1,1,7,0,0,0,0,0,1,0,0,0,0,NA,7,0,0,0,0,0,1,0,0,0,0,NA,2,0,1,0,0,0,0,0,0,0,0,NA,12,8:00:05,12:15:16,1,0,NA,NA,702,369,14,11,999,999,999,999,999,999,999,999,999,6.1584364,38.1592555,1867.2,4.8,uuid:64aca725-6096-41dd-ba1e-e2ed81206aa0,2512030705,uuid:64aca725-6096-41dd-ba1e-e2ed81206aa0
91772,S0436010492,OROMIA,Gujii Lixaa,abbayaa,shaaraa,Rural,"12/12/2025, 4:48:53 PM","12/4/2025, 1:13:30 PM","12/12/2025, 4:46:27 PM",12/4/2025,31d542a9aea3f2c5,0,NA,1,0,1,1,0,1,1,1,0,9,1,0,2,0,1,0,0,0,0,0,0,0,0,NA,97,0,0,0,0,0,0,0,0,0,1,Club,2,0,1,0,0,0,0,0,0,0,0,NA,5,8:16:29,12:15:37,0,0,NA,NA,542,314,10,8,999,999,999,999,999,999,999,999,999,6.1805393,38.1574754,1921.5,3.2,uuid:18177b80-9e95-4783-8949-e4895350cd68,2512030705,uuid:18177b80-9e95-4783-8949-e4895350cd68
91854,S0436030152,OROMIA,Gujii Lixaa,birbirsa kojowaa,saakkee sugaalee,Rural,"12/12/2025, 4:49:13 PM","12/12/2025, 11:01:12 AM","12/12/2025, 4:42:07 PM",12/12/2025,31d542a9aea3f2c5,0,NA,0,0,1,1,0,0,1,1,1,10,1,0,2,0,1,0,0,0,0,0,0,0,0,NA,2,0,1,0,0,0,0,0,0,0,0,NA,2,0,1,0,0,0,0,0,0,0,0,NA,3,8:00:15,12:15:51,0,0,NA,NA,1047,622,11,7,999,999,999,999,999,999,999,999,999,5.7600183,38.5733484,2045.4,4.3,uuid:a24f6067-4ebe-4038-9982-aee830044deb,2512111025,uuid:a24f6067-4ebe-4038-9982-aee830044deb
91838,S0436030212,OROMIA,Gujii Lixaa,birbirsa kojowaa,cabbichaa kojowaa,Rural,"12/13/2025, 8:41:15 PM","12/13/2025, 10:51:17 AM","12/13/2025, 8:36:17 PM",12/13/2025,31d542a9aea3f2c5,0,NA,0,0,1,0,0,0,1,1,0,9,0,0,2,0,1,0,0,0,0,0,0,0,0,NA,2 3 7 8,0,1,1,0,0,1,1,0,0,0,NA,2,0,1,0,0,0,0,0,0,0,0,NA,3,8:00:08,12:15:19,0,0,NA,NA,555,342,11,9,60.89,60.35,61.43,57.64,64.42,52.94,59.81,58.82,57.33,5.6761514,38.6224972,1654.1,4.8,uuid:c7d6e1bf-27f8-4a9a-b140-ff103f6d1c2a,2512111025,uuid:c7d6e1bf-27f8-4a9a-b140-ff103f6d1c2a
91972,S0436040462,OROMIA,Gujii Lixaa,bulee horaa,dibbisaa oggoo,Urban,"12/12/2025, 4:52:13 PM","12/11/2025, 12:59:06 PM","12/12/2025, 4:51:50 PM",12/11/2025,31d542a9aea3f2c5,1,Bareedaa,0,0,1,0,0,1,1,1,0,11,1,0,2,0,1,0,0,0,0,0,0,0,0,NA,2,0,1,0,0,0,0,0,0,0,0,NA,2,0,1,0,0,0,0,0,0,0,0,NA,3,8:15:27,12:30:36,0,0,NA,NA,596,330,19,14,61.86,58.82,64.9,57,61,62.6,67.4,73.5,78.9,5.643668,38.2893366,1932.9,3.2,uuid:39c8ed87-3bbb-4b44-9911-479947eabec4,2512030705,uuid:39c8ed87-3bbb-4b44-9911-479947eabec4
92512,S0436070222,OROMIA,Gujii Lixaa,hambalaa waamannaa,coorsoo liishaa,Rural,"12/19/2025, 9:45:49 PM","12/19/2025, 10:12:52 AM","12/19/2025, 9:45:17 PM",12/19/2025,31d542a9aea3f2c5,1,Boobellaa,0,0,1,0,0,0,1,0,0,7,0,0,7,0,0,0,0,0,1,0,0,0,0,NA,2,0,1,0,0,0,0,0,0,0,0,NA,2,0,1,0,0,0,0,0,0,0,0,NA,2,8:15:58,12:15:02,0,0,NA,NA,486,314,7,7,67.4,67,67.8,55,56,57,59,67,69,6.0626322,38.3344177,2710.8,4.3,uuid:e8afe518-f142-47d4-9b57-ec0048128518,2512142209,uuid:e8afe518-f142-47d4-9b57-ec0048128518
92517,S0436070392,OROMIA,Gujii Lixaa,hambalaa waamannaa,daansee horaa,Rural,"12/17/2025, 9:41:37 PM","12/17/2025, 9:23:12 AM","12/17/2025, 9:41:20 PM",12/17/2025,31d542a9aea3f2c5,0,NA,0,0,1,1,0,0,1,1,0,8,1,0,7,0,0,0,0,0,1,0,0,0,0,NA,2 8,0,1,0,0,0,0,1,0,0,0,NA,2,0,1,0,0,0,0,0,0,0,0,NA,3,8:15:41,12:30:48,0,0,NA,NA,592,353,7,6,48.95,46.5,51.4,52.2,57.4,53.7,60.7,55,64,6.0542491,38.4359441,2182.1,4.8,uuid:3ede8ca8-9f80-4afd-8afa-181de02ce8fe,2512142209,uuid:3ede8ca8-9f80-4afd-8afa-181de02ce8fe
92524,S0436070432,OROMIA,Gujii Lixaa,hambalaa waamannaa,dhaki boor sariitii,Rural,"12/19/2025, 7:37:56 PM","12/18/2025, 9:50:18 AM","12/19/2025, 7:32:33 PM",12/18/2025,31d542a9aea3f2c5,0,NA,0,0,1,1,0,0,1,0,0,8,0,0,2,0,1,0,0,0,0,0,0,0,0,NA,2,0,1,0,0,0,0,0,0,0,0,NA,2,0,1,0,0,0,0,0,0,0,0,NA,3,8:00:15,12:15:29,0,0,NA,NA,503,316,6,5,77.5,72.3,82.7,66,68.3,60,64.3,70,71.5,5.9647242,38.5313331,2190.3,3.2,uuid:922f2eff-4e80-4ad6-b231-57641146842f,2512142209,uuid:922f2eff-4e80-4ad6-b231-57641146842f
92494,S0436070462,OROMIA,Gujii Lixaa,hambalaa waamannaa,asgorii,Rural,"12/22/2025, 6:22:05 PM","12/15/2025, 10:11:48 AM","12/22/2025, 6:14:27 PM",12/15/2025,4794b43bebbd3e7c,0,NA,0,0,1,1,0,0,1,0,0,11,0,0,2 7,0,1,0,0,0,1,0,0,0,0,NA,1 2 7,1,1,0,0,0,1,0,0,0,0,NA,2 7,0,1,0,0,0,1,0,0,0,0,NA,2,8:00:53,12:15:54,0,0,NA,NA,669,378,10,7,67.375,64.65,70.1,54.5,59.4,63.5,65.8,63.5,65.8,5.9704767,38.4363533,2344.8,4,uuid:0611eecb-90d5-4795-9a13-3eee10e15e84,2512142209,uuid:0611eecb-90d5-4795-9a13-3eee10e15e84
92519,S0436070692,OROMIA,Gujii Lixaa,hambalaa waamannaa,darii dasii,Rural,"12/16/2025, 5:51:14 PM","12/16/2025, 12:08:39 PM","12/16/2025, 5:33:33 PM",12/16/2025,31d542a9aea3f2c5,0,NA,0,0,1,1,0,0,1,1,1,11,0,0,2 7 8,0,1,0,0,0,1,1,0,0,0,NA,1,1,0,0,0,0,0,0,0,0,0,NA,2 7,0,1,0,0,0,1,0,0,0,0,NA,5,8:00:34,12:15:38,1,0,NA,NA,641,417,9,8,57.6,54.95,60.25,52.125,54.75,51.75,54.5,61,71.5,5.9110548,38.5696398,2084,4.7,uuid:0a18c453-d97b-44ef-976c-80346b6972e8,2512142209,uuid:0a18c453-d97b-44ef-976c-80346b6972e8
791679,S0449490132,OROMIA,B/M/Sandaafaa Bakkee,b/m/sandaafaa bakkee,muudaa,Rural,"12/12/2025, 7:14:21 PM","12/12/2025, 11:43:34 AM","12/12/2025, 7:13:09 PM",12/12/2025,511b83623529c852,0,NA,1,1,1,1,0,0,1,1,1,5,1,0,7,0,0,0,0,0,1,0,0,0,0,NA,7,0,0,0,0,0,1,0,0,0,0,NA,2,0,1,0,0,0,0,0,0,0,0,NA,9,8:00:25,12:15:51,1,1,12:30:11,4:45:35,258,129,13,7,94.5,93,96,56,65,51,58,75,83,9.1125617,39.0250183,2505.7,4.8,uuid:d3176d46-1a33-4903-a8b0-9dd992b1d8c2,2512030705,uuid:d3176d46-1a33-4903-a8b0-9dd992b1d8c2
791543,S0449490262,OROMIA,B/M/Sandaafaa Bakkee,b/m/sandaafaa bakkee,"daabee muudaa sad,1ffaa",Urban,"12/14/2025, 3:22:28 PM","12/13/2025, 11:33:16 AM","12/14/2025, 2:03:58 PM",12/13/2025,511b83623529c852,0,NA,1,1,1,1,0,1,1,1,1,5,1,1,7,0,0,0,0,0,1,0,0,0,0,NA,7,0,0,0,0,0,1,0,0,0,0,NA,2,0,1,0,0,0,0,0,0,0,0,NA,10,8:00:49,12:15:13,1,1,12:30:35,4:45:52,405,191,14,4,92.55,89.6,95.5,82.4,91.7,66,79,85,96,9.1363517,39.025205,2508.6,3.5,uuid:19c5fefe-2e26-49ae-b518-5dbc9480ad1e,2512111025,uuid:19c5fefe-2e26-49ae-b518-5dbc9480ad1e
805865,S0451510492,OROMIA,B/M/Shanoo,b/m/shanoo,kaarl shanoo sad 1ffaa,Urban,"12/16/2025, 6:30:52 PM","12/16/2025, 10:36:22 AM","12/16/2025, 6:25:12 PM",12/16/2025,511b83623529c852,0,NA,1,1,1,1,0,0,1,1,1,16,1,0,7,0,0,0,0,0,1,0,0,0,0,NA,7,0,0,0,0,0,1,0,0,0,0,NA,2,0,1,0,0,0,0,0,0,0,0,NA,23,8:00:35,12:15:43,1,1,12:30:22,4:45:40,1212,542,42,16,95.45,94.1,96.8,84.2,92,68.7,74,89,97,9.3384217,39.2943383,2852.4,4.9,uuid:9934ef49-fb42-4f14-9b17-a25b728f043a,2512111025,uuid:9934ef49-fb42-4f14-9b17-a25b728f043a
600032,S0601010072,BENISHANGUL-GUMUZ,Assosa,abrhamo,komeshiga 27,Rural,"12/6/2025, 7:30:52 PM","12/5/2025, 12:43:00 PM","12/5/2025, 6:28:07 PM",12/5/2025,8.62E+14,0,NA,0,0,1,0,0,0,1,1,0,6,0,0,7,0,0,0,0,0,1,0,0,0,0,NA,2,0,1,0,0,0,0,0,0,0,0,NA,7,0,0,0,0,0,1,0,0,0,0,NA,6,2:30:44,6:45:43,0,0,NA,NA,75,38,6,3,52.5,52,53,50,56,51,55,54,60,10.0220347,34.7131622,1487.6,15.3,uuid:45258873-ef61-4e6f-843a-841bd15d341f,2512030705,uuid:45258873-ef61-4e6f-843a-841bd15d341f
600320,S0601010772,BENISHANGUL-GUMUZ,Assosa,oura,hoha no. 9,Rural,"12/8/2025, 11:07:59 PM","12/5/2025, 2:55:18 PM","12/8/2025, 11:07:44 PM",12/5/2025,8.62E+14,0,NA,0,0,1,1,0,0,1,1,0,8,1,0,2 7,0,1,0,0,0,1,0,0,0,0,NA,2,0,1,0,0,0,0,0,0,0,0,NA,2 7,0,1,0,0,0,1,0,0,0,0,NA,8,8:30:14,6:45:33,0,0,NA,NA,220,107,12,8,60.5,58,63,62,63,58,61,68,65,10.1807954,34.558332,1521.2,10,uuid:be6a5f88-9e5c-4c23-bfb8-62aaad4f3fad,2512030705,uuid:be6a5f88-9e5c-4c23-bfb8-62aaad4f3fad
600035,S0601010842,BENISHANGUL-GUMUZ,Assosa,abrhamo,komoshiga 28,Rural,"12/9/2025, 6:17:50 PM","12/8/2025, 2:10:46 PM","12/9/2025, 6:17:22 PM",12/8/2025,8.62E+14,0,NA,0,0,1,0,0,0,1,1,0,7,1,0,97,0,0,0,0,0,0,0,0,0,1,የተማሪዎች ወላጅ,1,1,0,0,0,0,0,0,0,0,0,NA,7,0,0,0,0,0,1,0,0,0,0,NA,7,2:30:22,6:45:31,0,0,NA,NA,139,74,10,4,59,56,62,63,64,58,65,63,72,9.9731767,34.6322715,1358.2,10.2,uuid:b686aa24-14ca-4e86-a9f5-83b478a75db8,2512030705,uuid:b686aa24-14ca-4e86-a9f5-83b478a75db8
600046,S0601011082,BENISHANGUL-GUMUZ,Assosa,abrhamo,rubalgeda,Rural,"12/4/2025, 7:34:38 PM","12/4/2025, 9:34:42 AM","12/4/2025, 7:33:04 PM",12/4/2025,8.62E+14,0,NA,0,0,1,0,0,0,1,1,1,7,1,0,7,0,0,0,0,0,1,0,0,0,0,NA,1,1,0,0,0,0,0,0,0,0,0,NA,2,0,1,0,0,0,0,0,0,0,0,NA,7,8:30:08,6:45:21,0,0,NA,NA,194,107,7,4,54.5,54,55,55,60,61,53,54,57,9.9778947,34.56104,1487.9,9.8,uuid:7354b019-49ce-4d44-ab0b-4284873c792a,2512030705,uuid:7354b019-49ce-4d44-ab0b-4284873c792a
600387,S0601020022,BENISHANGUL-GUMUZ,Assosa,undulu,fudundu,Rural,"12/29/2025, 8:09:11 PM","12/29/2025, 12:11:12 PM","12/29/2025, 8:09:00 PM",12/29/2025,8.62E+14,0,NA,0,0,1,1,0,0,1,0,1,12,1,0,2,0,1,0,0,0,0,0,0,0,0,NA,2,0,1,0,0,0,0,0,0,0,0,NA,2,0,1,0,0,0,0,0,0,0,0,NA,12,2:30:04,6:45:19,0,0,NA,NA,548,296,12,7,51.5,51,52,51.5,53,52,51,52,54,10.140676,34.8861725,1066,9.6,uuid:6499f79e-ad31-427a-98b0-dfa115ac4edf,2512142209,uuid:6499f79e-ad31-427a-98b0-dfa115ac4edf
600237,S0601030102,BENISHANGUL-GUMUZ,Assosa,kurmuk,ashishire,Rural,"12/19/2025, 8:12:47 AM","12/18/2025, 11:30:14 AM","12/19/2025, 8:12:17 AM",12/18/2025,8.62E+14,0,NA,0,0,1,1,0,0,1,1,1,6,1,0,2,0,1,0,0,0,0,0,0,0,0,NA,1,1,0,0,0,0,0,0,0,0,0,NA,7,0,0,0,0,0,1,0,0,0,0,NA,6,2:00:11,6:15:14,0,0,NA,NA,324,165,9,4,52,51,53,54,56,51,52,51,56,10.5093632,34.3846852,767.3,8.4,uuid:27bce2e3-96dc-4eba-ad0c-c075ffacaa80,2512142209,uuid:27bce2e3-96dc-4eba-ad0c-c075ffacaa80
600242,S0601030132,BENISHANGUL-GUMUZ,Assosa,kurmuk,dul hode,Rural,"12/19/2025, 6:11:52 PM","12/19/2025, 8:53:41 AM","12/19/2025, 5:42:10 PM",12/19/2025,8.62E+14,0,NA,0,0,1,1,0,0,1,1,0,10,1,0,1 2,1,1,0,0,0,0,0,0,0,0,NA,1 2,1,1,0,0,0,0,0,0,0,0,NA,2 7,0,1,0,0,0,1,0,0,0,0,NA,10,2:00:01,6:15:08,0,0,NA,NA,821,430,12,9,53,52,54,51,52,53,51,54,56,10.5050264,34.385479,751.6,8.6,uuid:856ebca8-70d9-475a-90d7-910bb4317454,2512142209,uuid:856ebca8-70d9-475a-90d7-910bb4317454
600117,S0601050102,BENISHANGUL-GUMUZ,Assosa,bambasi,mutsa yako,Rural,"12/11/2025, 7:24:08 PM","12/11/2025, 9:35:14 AM","12/11/2025, 7:24:02 PM",12/11/2025,8.62E+14,0,NA,0,0,1,1,0,0,1,0,1,7,1,0,97,0,0,0,0,0,0,0,0,0,1,የተማሪ ወላጆች,2,0,1,0,0,0,0,0,0,0,0,NA,7,0,0,0,0,0,1,0,0,0,0,NA,7,2:30:01,6:45:27,0,0,NA,NA,608,306,15,14,54.5,53,56,52,54,53,51,55,57,9.7111867,34.7683527,1412.9,10.6,uuid:337c7c63-dd0f-4b72-b061-bae81c0b809f,2512030705,uuid:337c7c63-dd0f-4b72-b061-bae81c0b809f
600119,S0601050152,BENISHANGUL-GUMUZ,Assosa,bambasi,selama,Rural,"12/11/2025, 3:06:41 PM","12/10/2025, 11:47:49 AM","12/11/2025, 3:06:20 PM",12/10/2025,8.62E+14,0,NA,0,0,1,1,0,0,1,1,1,9,1,0,97,0,0,0,0,0,0,0,0,0,1,ማህበረሠብ,1,1,0,0,0,0,0,0,0,0,0,NA,7,0,0,0,0,0,1,0,0,0,0,NA,9,2:30:50,6:45:56,0,0,NA,NA,521,306,12,8,55.5,53,58,52,49,47,50,52,54,9.8639356,34.807321,1459.8,9.6,uuid:428acd33-f73e-4aee-89b4-20b3a11008ab,2512030705,uuid:428acd33-f73e-4aee-89b4-20b3a11008ab
600090,S0601050822,BENISHANGUL-GUMUZ,Assosa,bambasi,bisna,Urban,"12/12/2025, 7:53:28 PM","12/12/2025, 10:42:34 AM","12/12/2025, 5:45:15 PM",12/12/2025,8.62E+14,0,NA,0,0,1,1,0,0,1,0,1,11,1,0,2,0,1,0,0,0,0,0,0,0,0,NA,97,0,0,0,0,0,0,0,0,0,1,የጽዳት ኮመቴ,7,0,0,0,0,0,1,0,0,0,0,NA,11,2:30:52,6:45:03,0,1,7:00:24,11:15:37,916,461,12,5,54.5,53,56,58,57,62,64,61,62,9.765929,34.7314403,1462.9,8.4,uuid:e23bd40b-c57e-4d58-98cb-acf197426102,2512111025,uuid:e23bd40b-c57e-4d58-98cb-acf197426102
600199,S0601070062,BENISHANGUL-GUMUZ,Assosa,homosha,ashura,Rural,"12/15/2025, 7:41:14 PM","12/15/2025, 11:54:44 AM","12/15/2025, 6:28:49 PM",12/15/2025,8.62E+14,0,NA,1,0,1,1,0,0,1,1,1,8,1,0,1 2,1,1,0,0,0,0,0,0,0,0,NA,1 7,1,0,0,0,0,1,0,0,0,0,NA,1,1,0,0,0,0,0,0,0,0,0,NA,8,2:30:06,6:40:08,0,0,NA,NA,186,98,9,3,50.5,50,51,50,51,52,54,53,51,10.3319932,34.6222818,1364.8,8.8,uuid:b03af8f4-ef74-42fd-bdf7-b2942cedf7b2,2512111025,uuid:b03af8f4-ef74-42fd-bdf7-b2942cedf7b2
600199,S0601070062,BENISHANGUL-GUMUZ,Assosa,homosha,ashura,Rural,"12/16/2025, 5:12:04 PM","12/16/2025, 10:12:20 AM","12/16/2025, 5:11:59 PM",12/16/2025,8.62E+14,0,NA,0,0,1,1,0,0,1,1,1,10,1,1,97,0,0,0,0,0,0,0,0,0,1,የተማሪዎች ወላጆች,2,0,1,0,0,0,0,0,0,0,0,NA,7,0,0,0,0,0,1,0,0,0,0,NA,10,2:30:15,12:45:32,0,0,NA,NA,530,260,15,10,53.5,54,53,52,55,51,52,56,57,10.4514875,34.5220523,1450,10.5,uuid:ba5ac696-6f97-4a3d-b627-72747424c941,2512142209,uuid:ba5ac696-6f97-4a3d-b627-72747424c941
600212,S0601070132,BENISHANGUL-GUMUZ,Assosa,homosha,tsorearumela,Rural,"12/23/2025, 5:29:16 PM","12/22/2025, 10:33:32 AM","12/23/2025, 5:02:03 PM",12/22/2025,8.62E+14,0,NA,0,0,1,1,0,0,1,1,1,12,1,0,1,1,0,0,0,0,0,0,0,0,0,NA,1,1,0,0,0,0,0,0,0,0,0,NA,2,0,1,0,0,0,0,0,0,0,0,NA,12,2:30:15,6:45:26,1,0,NA,NA,575,265,23,10,53.5,53,54,52,53,52.5,51.6,54,56.4,10.2265703,34.6164572,1572.5,9.2,uuid:a060652d-325e-4000-ac41-73cb2fe8262b,2512142209,uuid:a060652d-325e-4000-ac41-73cb2fe8262b
600987,S0603010262,BENISHANGUL-GUMUZ,Metekel,wombera,wogdi,Rural,"12/16/2025, 3:46:55 PM","12/15/2025, 2:22:39 PM","12/16/2025, 9:09:33 AM",12/15/2025,70c2c0f162b52b0c,1,Aberhena,0,1,1,1,0,0,1,1,1,14,1,0,2,0,1,0,0,0,0,0,0,0,0,NA,2,0,1,0,0,0,0,0,0,0,0,NA,7,0,0,0,0,0,1,0,0,0,0,NA,21,2:50:41,8:10:44,0,1,7:20:06,8:40:08,492,247,19,5,84,82,86,74,78,62,67,55,57,10.4994752,35.7986105,2375.6,5,uuid:9a8f8950-22cf-4625-95b3-48ee4da852b9,2512142209,uuid:9a8f8950-22cf-4625-95b3-48ee4da852b9
600964,S0603010562,BENISHANGUL-GUMUZ,Metekel,wombera,gombobidu,Rural,"12/15/2025, 8:13:42 PM","12/15/2025, 6:59:42 AM","12/15/2025, 7:43:26 PM",12/15/2025,70c2c0f162b52b0c,0,NA,0,1,1,1,0,0,1,1,0,7,0,0,7,0,0,0,0,0,1,0,0,0,0,NA,2,0,1,0,0,0,0,0,0,0,0,NA,7,0,0,0,0,0,1,0,0,0,0,NA,9,3:00:20,8:30:38,0,0,NA,NA,112,55,7,5,56.5,45,68,64,84,54,61,59,75,10.5624632,35.7597213,2528.7,4.7,uuid:ef38094d-aef4-4157-93e8-e406fbb5f7af,2512142209,uuid:ef38094d-aef4-4157-93e8-e406fbb5f7af
600806,S0603040182,BENISHANGUL-GUMUZ,Metekel,mandura,ajehi,Rural,"12/3/2025, 7:47:50 PM","12/3/2025, 4:28:03 PM","12/3/2025, 7:05:22 PM",12/3/2025,70c2c0f162b52b0c,0,NA,0,0,0,NA,0,0,0,0,0,7,0,0,2 4 5 7,0,1,0,1,1,1,0,0,0,0,NA,97,0,0,0,0,0,0,0,0,0,1,Shente bete yelam,2 4 5 7,0,1,0,1,1,1,0,0,0,0,NA,7,2:30:12,6:45:30,0,0,NA,NA,192,89,103,2,64.5,62,67,65,70,60,68,69,63,11.1207933,36.52288,1567.3,4.5,uuid:f9cb146d-4b7b-4357-b61d-45a24499fa9b,2512030705,uuid:f9cb146d-4b7b-4357-b61d-45a24499fa9b
600816,S0603040252,BENISHANGUL-GUMUZ,Metekel,mandura,duhanzbeguna,Rural,"12/17/2025, 5:55:50 PM","12/17/2025, 7:08:37 AM","12/17/2025, 4:02:14 PM",12/17/2025,70c2c0f162b52b0c,0,NA,0,0,0,NA,0,0,0,0,0,8,1,0,1 2 10,1,1,0,0,0,0,0,0,1,0,NA,1 2,1,1,0,0,0,0,0,0,0,0,NA,2 7,0,1,0,0,0,1,0,0,0,0,NA,11,2:30:45,6:45:46,0,0,NA,NA,465,408,15,11,57.5,55,60,50,55,52,62,60,65,11.0542417,36.3291683,1153.5,4.9,uuid:def382c0-f852-4720-9398-d560701f0cd2,2512142209,uuid:def382c0-f852-4720-9398-d560701f0cd2
600746,S0603050292,BENISHANGUL-GUMUZ,Metekel,dibati,kidoh,Rural,"12/10/2025, 7:26:52 AM","12/8/2025, 12:01:29 PM","12/9/2025, 1:46:16 PM",12/8/2025,70c2c0f162b52b0c,0,NA,0,0,0,NA,0,0,1,1,0,6,1,0,2 7,0,1,0,0,0,1,0,0,0,0,NA,2 7,0,1,0,0,0,1,0,0,0,0,NA,2,0,1,0,0,0,0,0,0,0,0,NA,7,5:30:51,12:30:03,0,0,NA,NA,330,259,71,6,73.5,72,75,61,61,62,63,66,64,10.7198011,36.1858898,1306.1,4.5,uuid:d2d227a4-5ca8-4437-9132-6ef598b98334,2512030705,uuid:d2d227a4-5ca8-4437-9132-6ef598b98334
601185,S0603050432,BENISHANGUL-GUMUZ,Metekel,dibati,gipo,Rural,"12/10/2025, 5:48:34 PM","12/10/2025, 8:29:53 AM","12/10/2025, 5:11:51 PM",12/10/2025,70c2c0f162b52b0c,1,Korikambo,0,0,1,1,0,0,1,0,0,9,1,0,1 2 7,1,1,0,0,0,1,0,0,0,0,NA,1 3,1,0,1,0,0,0,0,0,0,0,NA,1 2 7,1,1,0,0,0,1,0,0,0,0,NA,12,2:30:29,6:55:30,0,0,NA,NA,379,207,16,12,65.5,64,67,62,65,56,61,60,65,10.4808117,36.1367783,1651.1,4.9,uuid:9efd6c59-44ae-47a9-9c0d-6042fb7c2640,2512030705,uuid:9efd6c59-44ae-47a9-9c0d-6042fb7c2640
600683,S0603060142,BENISHANGUL-GUMUZ,Metekel,dangur,borenja,Rural,"12/5/2025, 9:17:02 PM","12/5/2025, 10:11:51 AM","12/5/2025, 9:07:03 PM",12/5/2025,70c2c0f162b52b0c,0,NA,0,0,1,1,0,0,1,1,0,8,0,0,2 7,0,1,0,0,0,1,0,0,0,0,NA,97,0,0,0,0,0,0,0,0,0,1,Akababe enkekabe buden temareyoch,2 7,0,1,0,0,0,1,0,0,0,0,NA,10,2:30:12,6:45:14,0,0,NA,NA,223,99,14,5,60,60,60,62,72,68,72,60,65,11.371039,36.225556,1752.5,4.8,uuid:9d036a78-8b32-4066-a1c3-1780ba206000,2512030705,uuid:9d036a78-8b32-4066-a1c3-1780ba206000
600668,S0603060212,BENISHANGUL-GUMUZ,Metekel,dangur,anekasha gebreal,Rural,"12/13/2025, 1:05:27 PM","12/12/2025, 2:10:32 PM","12/13/2025, 10:32:21 AM",12/12/2025,70c2c0f162b52b0c,0,NA,0,0,1,1,0,0,1,1,0,12,1,0,1 4 7,1,0,0,1,0,1,0,0,0,0,NA,1 2,1,1,0,0,0,0,0,0,0,0,NA,7,0,0,0,0,0,1,0,0,0,0,NA,21,2:00:52,6:15:54,1,0,NA,NA,533,297,16,6,61.5,60,63,55,62,61,64,58,60,11.566695,36.4885481,1223.7,5,uuid:1eaa76bd-0c87-4a38-b114-fa9f08c3ec94,2512111025,uuid:1eaa76bd-0c87-4a38-b114-fa9f08c3ec94
600675,S0603060472,BENISHANGUL-GUMUZ,Metekel,dangur,bakusta,Rural,"12/8/2025, 6:50:22 PM","12/5/2025, 5:45:26 PM","12/8/2025, 6:09:42 PM",12/5/2025,70c2c0f162b52b0c,0,NA,0,0,1,1,0,0,1,1,1,6,0,0,2,0,1,0,0,0,0,0,0,0,0,NA,2,0,1,0,0,0,0,0,0,0,0,NA,7,0,0,0,0,0,1,0,0,0,0,NA,8,2:30:36,6:45:37,0,0,NA,NA,190,111,11,4,59,60,58,60,57,58,55,70,72,11.2931324,36.2442845,1184.7,4.7,uuid:e4fe7cc0-c389-4938-a459-9aa1bcab73d7,2512030705,uuid:e4fe7cc0-c389-4938-a459-9aa1bcab73d7
705928,S0701010062,CENTRAL ETHIOPIA,Kebena Sp.,kebena,wesherebe legedima,Rural,"12/10/2025, 2:01:59 PM","12/10/2025, 12:56:19 PM","12/10/2025, 1:50:53 PM",12/10/2025,3618c5f2ca206d06,0,NA,0,0,1,1,0,0,1,1,1,9,0,0,2 4,0,1,0,1,0,0,0,0,0,0,NA,1,1,0,0,0,0,0,0,0,0,0,NA,7,0,0,0,0,0,1,0,0,0,0,NA,9,8:15:52,12:30:52,0,0,NA,NA,316,174,11,7,62,62,62,51,51,55,52,68,63,8.355587,37.9886172,1931,3.1,uuid:c755ab59-0440-49ae-8e81-b77b6523a07a,2512030705,uuid:c755ab59-0440-49ae-8e81-b77b6523a07a
705907,S0701010122,CENTRAL ETHIOPIA,Kebena Sp.,kebena,beriyo mulu andegna dereja,Rural,"12/12/2025, 6:28:10 PM","12/12/2025, 11:17:08 AM","12/12/2025, 5:41:53 PM",12/12/2025,3618c5f2ca206d06,0,NA,0,0,1,1,0,0,1,1,1,9,0,0,1 4 7,1,0,0,1,0,1,0,0,0,0,NA,1,1,0,0,0,0,0,0,0,0,0,NA,7,0,0,0,0,0,1,0,0,0,0,NA,9,8:15:32,12:30:33,0,0,NA,NA,430,212,12,10,59.5,64,55,58,50,55,43,65,60,8.3394769,37.852232,1926.2,1.3,uuid:309944c9-7805-4d75-a4be-345cd1803b29,2512030705,uuid:309944c9-7805-4d75-a4be-345cd1803b29
705922,S0701010242,CENTRAL ETHIOPIA,Kebena Sp.,kebena,lenicha,Rural,"12/9/2025, 7:32:40 PM","12/9/2025, 11:24:02 AM","12/9/2025, 7:31:43 PM",12/9/2025,3618c5f2ca206d06,0,NA,1,0,1,0,0,0,1,1,0,9,0,0,7,0,0,0,0,0,1,0,0,0,0,NA,1,1,0,0,0,0,0,0,0,0,0,NA,7,0,0,0,0,0,1,0,0,0,0,NA,9,8:15:24,12:30:30,0,0,NA,NA,508,275,13,9,61,63,59,59,55,61,61,63,63,8.3183739,37.8289028,1867.5,1.7,uuid:a6010ff7-b197-4107-a73d-a77a8704baee,2512030705,uuid:a6010ff7-b197-4107-a73d-a77a8704baee
704467,S0701020042,CENTRAL ETHIOPIA,Guraghe,abeshge,hole milliniyem,Rural,"12/4/2025, 6:08:43 PM","12/4/2025, 1:10:32 PM","12/4/2025, 1:24:51 PM",12/4/2025,3618c5f2ca206d06,0,NA,1,1,1,1,0,0,1,1,1,14,0,0,4 5 7 8,0,0,0,1,1,1,1,0,0,0,NA,1,1,0,0,0,0,0,0,0,0,0,NA,2,0,1,0,0,0,0,0,0,0,0,NA,9,8:15:32,12:30:42,0,0,NA,NA,512,294,18,11,55.8,56.7,54.9,56.2,55.4,53.5,53.1,57.2,56.8,8.2783777,37.6658421,1722.9,5,uuid:f973093d-dc24-4f1a-a0a4-177fa47abf7d,2512030705,uuid:f973093d-dc24-4f1a-a0a4-177fa47abf7d
704485,S0701020262,CENTRAL ETHIOPIA,Guraghe,abeshge,tachgnaw fenta,Rural,"12/7/2025, 9:41:11 AM","12/5/2025, 11:35:24 AM","12/7/2025, 9:41:03 AM",12/5/2025,3618c5f2ca206d06,0,NA,0,0,0,NA,0,0,1,1,0,9,1,0,2 7 8,0,1,0,0,0,1,1,0,0,0,NA,97,0,0,0,0,0,0,0,0,0,1,It is cleaned by students who arrive late.,7,0,0,0,0,0,1,0,0,0,0,NA,9,8:15:42,12:30:44,0,0,NA,NA,360,184,13,8,58,59,57,57,56,59,55,58,56,8.2742618,37.7101699,1752,1.6,uuid:ce0d1997-9574-451d-b65e-0cc502fa5bfc,2512030705,uuid:ce0d1997-9574-451d-b65e-0cc502fa5bfc
704483,S0701020322,CENTRAL ETHIOPIA,Guraghe,abeshge,shambel kamp,Rural,"12/8/2025, 4:55:38 PM","12/8/2025, 10:13:52 AM","12/8/2025, 4:55:28 PM",12/8/2025,3618c5f2ca206d06,0,NA,1,0,1,1,1,0,1,1,1,9,0,0,2 7,0,1,0,0,0,1,0,0,0,0,NA,1,1,0,0,0,0,0,0,0,0,0,NA,7,0,0,0,0,0,1,0,0,0,0,NA,9,8:00:19,12:30:20,0,0,NA,NA,487,259,13,9,58,58,58,55,59,55,53,60,59,8.3079684,37.6332795,1629.3,1.7,uuid:aa29224c-9b73-4060-aec7-8ba70b75177f,2512030705,uuid:aa29224c-9b73-4060-aec7-8ba70b75177f
705429,S0701030022,CENTRAL ETHIOPIA,Guraghe,ezha,yekimene,Rural,"12/19/2025, 4:43:14 PM","12/16/2025, 10:09:14 AM","12/19/2025, 4:15:34 PM",12/16/2025,283bb7b7f4ef185f,0,NA,1,1,1,1,1,0,1,1,1,11,1,0,1 2 4 7,1,1,0,1,0,1,0,0,0,0,NA,1 2 7,1,1,0,0,0,1,0,0,0,0,NA,1 2 7,1,1,0,0,0,1,0,0,0,0,NA,14,14:30:24,18:40:26,1,0,NA,NA,332,178,20,9,66.2,66.82,65.58,65.64,64.44,66.83,65.48,67.98,66.83,8.1510538,37.9800569,2200,2.5,uuid:d5da572a-6a37-4201-bb93-792be5a4fcd5,2512142209,uuid:d5da572a-6a37-4201-bb93-792be5a4fcd5
705401,S0701030092,CENTRAL ETHIOPIA,Guraghe,ezha,aguaje terehe,Rural,"12/16/2025, 4:47:17 PM","12/15/2025, 11:00:43 AM","12/16/2025, 4:46:34 PM",12/15/2025,3618c5f2ca206d06,0,NA,1,0,1,1,1,0,1,1,1,13,0,1,3 4 7,0,0,1,1,0,1,0,0,0,0,NA,7,0,0,0,0,0,1,0,0,0,0,NA,7,0,0,0,0,0,1,0,0,0,0,NA,13,8:30:41,12:45:59,0,0,NA,NA,503,249,21,10,55,56,54,53,49,54,51,60,57,8.1910039,37.9191414,2012.5,2.7,uuid:a94aaac1-d06f-408c-8ad9-20592a9dc35f,2512030705,uuid:a94aaac1-d06f-408c-8ad9-20592a9dc35f
706542,S0701050062,CENTRAL ETHIOPIA,Misrak Guraghe,sodo,adazer primary,Rural,"12/8/2025, 4:05:26 PM","12/8/2025, 9:49:26 AM","12/8/2025, 3:56:01 PM",12/8/2025,1f2e7526f0d594aa,0,NA,0,0,1,1,1,0,1,1,1,12,0,0,1 3 7,1,0,1,0,0,1,0,0,0,0,NA,1 2 3,1,1,1,0,0,0,0,0,0,0,NA,3 7,0,0,1,0,0,1,0,0,0,0,NA,12,8:15:36,0:30:58,0,0,NA,NA,352,179,24,8,55,52,58,48,50,43,49,49,54,8.3002061,38.5760282,2029.4,4.9,uuid:7dfa008f-7664-41eb-b67b-1151f5a658ce,2512030705,uuid:7dfa008f-7664-41eb-b67b-1151f5a658ce
706566,S0701050162,CENTRAL ETHIOPIA,Misrak Guraghe,sodo,firshi abo,Rural,"12/16/2025, 4:49:03 PM","12/15/2025, 12:53:00 PM","12/16/2025, 4:43:54 PM",12/15/2025,283bb7b7f4ef185f,1,Kebiret,0,0,1,1,0,0,1,1,1,9,1,0,1 2 4 5 7 8,1,1,0,1,1,1,1,0,0,0,NA,1 2 4 5 7 8,1,1,0,1,1,1,1,0,0,0,NA,1 2 4 7,1,1,0,1,0,1,0,0,0,0,NA,9,14:15:33,18:30:41,0,0,NA,NA,245,112,25,12,62.708,62.458,62.958,62.625,60,57.75,60.5,67,68.375,8.3252537,38.5242809,1993.7,1.9,uuid:a715ae27-8526-423f-a7c0-793129be5096,2512142209,uuid:a715ae27-8526-423f-a7c0-793129be5096
706586,S0701054372,CENTRAL ETHIOPIA,Misrak Guraghe,sodo,wacho hibiret,Rural,"12/18/2025, 6:52:19 PM","12/12/2025, 10:04:43 AM","12/18/2025, 6:52:08 PM",12/12/2025,1f2e7526f0d594aa,0,NA,1,0,1,0,0,0,0,0,0,8,0,0,1 2,1,1,0,0,0,0,0,0,0,0,NA,2,0,1,0,0,0,0,0,0,0,0,NA,7,0,0,0,0,0,1,0,0,0,0,NA,8,8:15:55,12:40:15,0,0,NA,NA,414,203,14,5,64,67,61,62,68,65,70,57,61,8.32509,38.6175083,2238.8,3.5,uuid:8a3213ff-5cbc-4897-969a-8116d7f6c4f9,2512111025,uuid:8a3213ff-5cbc-4897-969a-8116d7f6c4f9
706355,S0701060032,CENTRAL ETHIOPIA,Misrak Guraghe,meskan,debube sherishera,Rural,"12/5/2025, 6:17:13 PM","12/5/2025, 10:10:24 AM","12/5/2025, 6:16:46 PM",12/5/2025,1f2e7526f0d594aa,0,NA,1,1,0,NA,0,0,1,0,0,14,0,0,2 3,0,1,1,0,0,0,0,0,0,0,NA,3,0,0,1,0,0,0,0,0,0,0,NA,2 7,0,1,0,0,0,1,0,0,0,0,NA,14,8:30:38,14:45:49,0,0,NA,NA,735,383,20,7,70.5,74,67,62,69,53,51,84,77,8.1242368,38.4145811,1970.8,4.2,uuid:036a7483-7492-440b-af9e-4985d35b116f,2512030705,uuid:036a7483-7492-440b-af9e-4985d35b116f
706440,S0701060092,CENTRAL ETHIOPIA,Misrak Guraghe,misirak meskan,ealle,Rural,"12/26/2025, 6:20:44 PM","12/26/2025, 9:06:17 AM","12/26/2025, 2:01:11 PM",12/26/2025,1f2e7526f0d594aa,1,Doba,0,0,0,NA,1,0,1,1,1,13,0,0,97,0,0,0,0,0,0,0,0,0,1,የፅዳት ሰራተኛ,1 2,1,1,0,0,0,0,0,0,0,0,NA,97,0,0,0,0,0,0,0,0,0,1,ሰራተኛ,13,8:15:01,12:45:24,0,0,NA,NA,651,322,18,7,80.5,78,83,72,78,69,73,71,68,8.1326515,38.4494036,1884,4.8,uuid:50b3eb8c-dfd4-4772-9be3-1ec03608f448,2512142209,uuid:50b3eb8c-dfd4-4772-9be3-1ec03608f448
706452,S0701060572,CENTRAL ETHIOPIA,Misrak Guraghe,misirak meskan,yimerwacho2k1,Rural,"12/24/2025, 8:11:36 PM","12/24/2025, 8:33:01 AM","12/24/2025, 8:11:19 PM",12/24/2025,1f2e7526f0d594aa,0,NA,0,1,1,1,0,0,1,0,0,8,0,0,1 2,1,1,0,0,0,0,0,0,0,0,NA,1 2 3,1,1,1,0,0,0,0,0,0,0,NA,7,0,0,0,0,0,1,0,0,0,0,NA,8,8:30:43,12:45:55,0,0,NA,NA,489,268,9,7,70,67,73,65,71,58,62,999,999,8.1262067,38.475405,2117.7,7.3,uuid:43ad67a1-abde-4eca-9d0c-08c3e34ffe71,2512142209,uuid:43ad67a1-abde-4eca-9d0c-08c3e34ffe71
706378,S0701061122,CENTRAL ETHIOPIA,Misrak Guraghe,meskan,limuche mekicho kutir 01,Rural,"12/25/2025, 8:06:37 PM","12/24/2025, 10:46:20 AM","12/25/2025, 1:51:44 PM",12/24/2025,1f2e7526f0d594aa,0,NA,0,0,0,NA,0,0,0,0,0,6,0,0,1 2,1,1,0,0,0,0,0,0,0,0,NA,2,0,1,0,0,0,0,0,0,0,0,NA,7,0,0,0,0,0,1,0,0,0,0,NA,6,8:15:04,14:00:33,0,0,NA,NA,313,153,6,3,67.5,65,70,62,67,58,64,54,62,8.1390898,38.3600504,2075,4.8,uuid:ef93b8fd-a709-4a16-9af7-9fed4bf714e8,2512142209,uuid:ef93b8fd-a709-4a16-9af7-9fed4bf714e8
706361,S0701061542,CENTRAL ETHIOPIA,Misrak Guraghe,meskan,eme meskan amcha,Rural,"12/3/2025, 6:19:35 PM","12/3/2025, 2:03:17 PM","12/3/2025, 6:16:41 PM",12/3/2025,fef309259d139ee0,0,NA,0,0,1,1,0,0,1,1,1,9,0,0,1 2,1,1,0,0,0,0,0,0,0,0,NA,2 9 10,0,1,0,0,0,0,0,1,1,0,NA,2 9 10,0,1,0,0,0,0,0,1,1,0,NA,9,8:30:34,12:30:46,0,0,NA,NA,444,232,9,7,70.5,76,65,61,58,60,56,73,60,8.1030231,38.3364958,0,1400,uuid:2fccd03e-c443-4293-a91a-8d734410f66b,2512030705,uuid:2fccd03e-c443-4293-a91a-8d734410f66b
706383,S0701061552,CENTRAL ETHIOPIA,Misrak Guraghe,meskan,mesrake meskan atu,Rural,"12/4/2025, 1:38:16 PM","12/4/2025, 11:52:59 AM","12/4/2025, 1:34:32 PM",12/4/2025,1f2e7526f0d594aa,0,NA,0,0,1,1,0,0,1,1,1,6,0,0,1 2 3 7,1,1,1,0,0,1,0,0,0,0,NA,3,0,0,1,0,0,0,0,0,0,0,NA,7,0,0,0,0,0,1,0,0,0,0,NA,8,8:15:14,12:30:15,0,0,NA,NA,186,85,10,5,55.5,56,55,58,52,50,54,63,60,8.0947238,38.369657,2070.3,4.8,uuid:c0bea1b0-c2ba-4f22-9dc5-642da077199e,2512030705,uuid:c0bea1b0-c2ba-4f22-9dc5-642da077199e
706445,S0701061742,CENTRAL ETHIOPIA,Misrak Guraghe,misirak meskan,eallequ2,Rural,"12/19/2025, 6:41:11 PM","12/19/2025, 9:17:51 AM","12/19/2025, 6:37:08 PM",12/19/2025,1f2e7526f0d594aa,0,NA,0,0,0,NA,0,0,0,0,0,8,0,0,1 2,1,1,0,0,0,0,0,0,0,0,NA,97,0,0,0,0,0,0,0,0,0,1,ሽንት ቤት የለንም,7,0,0,0,0,0,1,0,0,0,0,NA,9,8:30:17,12:30:29,0,0,NA,NA,199,104,7,3,63.5,62,65,65,64,58,61,55,51,8.120542,38.4363643,1901.4,7.7,uuid:9fe942bd-8eeb-4c90-bbfc-ade487781dc4,2512142209,uuid:9fe942bd-8eeb-4c90-bbfc-ade487781dc4
705273,S0701110122,CENTRAL ETHIOPIA,Guraghe,enor ener,anizeche,Rural,"12/23/2025, 9:01:57 PM","12/23/2025, 10:17:13 AM","12/23/2025, 8:57:18 PM",12/23/2025,283bb7b7f4ef185f,0,NA,1,0,1,1,1,0,1,1,1,13,1,0,1 2 4 7,1,1,0,1,0,1,0,0,0,0,NA,1 2 4 7,1,1,0,1,0,1,0,0,0,0,NA,1 2 7,1,1,0,0,0,1,0,0,0,0,NA,13,14:15:58,15:00:25,0,0,NA,NA,543,281,10,5,60.2,60.3,60.05,61.175,61,54.38,54,65.45,65.15,7.9188992,37.8009275,2122.1,2.2,uuid:26c472c8-f207-4c7d-b2c0-8b6098c7150d,2512142209,uuid:26c472c8-f207-4c7d-b2c0-8b6098c7150d
705180,S0701110182,CENTRAL ETHIOPIA,Guraghe,enemor,shebira ber,Urban,"12/22/2025, 2:44:06 PM","12/22/2025, 9:45:32 AM","12/22/2025, 2:41:23 PM",12/22/2025,283bb7b7f4ef185f,0,NA,1,0,1,1,1,0,1,1,1,16,1,0,1 2 4 7,1,1,0,1,0,1,0,0,0,0,NA,1 2 4 7,1,1,0,1,0,1,0,0,0,0,NA,1 2 4 7,1,1,0,1,0,1,0,0,0,0,NA,21,14:15:38,14:55:03,1,0,NA,NA,823,418,26,17,65.02,65.36,64.68,61.1,61.9,61,59,71,67,8.0426698,37.7798278,1978.8,1.3,uuid:98df3614-afa2-4289-b52a-ebe257b42b4d,2512142209,uuid:98df3614-afa2-4289-b52a-ebe257b42b4d
705182,S0701110262,CENTRAL ETHIOPIA,Guraghe,enemor,terihogne,Urban,"12/11/2025, 1:38:56 PM","12/11/2025, 12:05:55 PM","12/11/2025, 12:25:22 PM",12/11/2025,3618c5f2ca206d06,0,NA,1,1,1,1,1,0,1,1,1,19,1,0,2 4 5 7,0,1,0,1,1,1,0,0,0,0,NA,1 97,1,0,0,0,0,0,0,0,0,1,Students with poor behavior,7,0,0,0,0,0,1,0,0,0,0,NA,19,8:14:16,12:30:17,0,0,NA,NA,578,300,29,12,61,60,62,59,57,58,59,61,64,8.103046,37.8045363,1967.4,4.6,uuid:f26de808-263e-40ee-a8b3-9343771be8e5,2512030705,uuid:f26de808-263e-40ee-a8b3-9343771be8e5
707795,S0702010022,CENTRAL ETHIOPIA,Hadiya,misha,morsito level1 primaryschool,Urban,"12/20/2025, 6:50:49 PM","12/16/2025, 2:01:17 PM","12/20/2025, 6:50:36 PM",12/16/2025,f9d6a239f0ca8566,0,NA,1,0,1,1,0,1,1,1,1,19,0,0,2,0,1,0,0,0,0,0,0,0,0,NA,97,0,0,0,0,0,0,0,0,0,1,Day labure,2,0,1,0,0,0,0,0,0,0,0,NA,25,2:00:56,6:30:26,1,1,6:45:47,11:00:53,893,464,68,33,60.1,59.1,61.1,60,60,57,61,66,65,7.693255,37.8068,2646.2,4.8,uuid:7de161f9-509f-4c5f-bcad-7734fcbe53c9,2512142209,uuid:7de161f9-509f-4c5f-bcad-7734fcbe53c9
707786,S0702013582,CENTRAL ETHIOPIA,Hadiya,misha,guna no2 primary school,Rural,"12/15/2025, 5:36:08 PM","12/15/2025, 1:16:14 PM","12/15/2025, 5:24:46 PM",12/15/2025,f9d6a239f0ca8566,0,NA,0,0,1,0,0,0,1,1,1,9,0,0,2,0,1,0,0,0,0,0,0,0,0,NA,2 97,0,1,0,0,0,0,0,0,0,1,Volunteers  ye akababi,2,0,1,0,0,0,0,0,0,0,0,NA,14,2:30:51,6:45:00,1,0,NA,NA,546,219,20,13,60,59,61,59,59,54,52,70,76,7.683165,37.7801517,2409.1,4.9,uuid:6f340188-db39-48ac-b027-a897f7152c96,2512111025,uuid:6f340188-db39-48ac-b027-a897f7152c96
707142,S0702020352,CENTRAL ETHIOPIA,Hadiya,gibe,omochora-andinet,Rural,"12/12/2025, 7:56:40 PM","12/12/2025, 1:28:02 PM","12/12/2025, 7:48:11 PM",12/12/2025,f9d6a239f0ca8566,0,NA,1,0,1,1,0,0,1,1,0,9,0,0,2,0,1,0,0,0,0,0,0,0,0,NA,1 2,1,1,0,0,0,0,0,0,0,0,NA,2,0,1,0,0,0,0,0,0,0,0,NA,12,2:15:14,6:30:15,1,0,NA,NA,705,352,18,10,84.5,79,90,65,81,46,52,65,67,7.7868067,37.7264117,1995.7,4.4,uuid:dba1440b-b660-4e7b-9c0f-1bac4a4ba206,2512111025,uuid:dba1440b-b660-4e7b-9c0f-1bac4a4ba206
707133,S0702021342,CENTRAL ETHIOPIA,Hadiya,gibe,janjecho,Rural,"12/11/2025, 8:21:14 PM","12/11/2025, 3:11:47 PM","12/11/2025, 8:18:19 PM",12/11/2025,f9d6a239f0ca8566,0,NA,0,0,1,1,0,0,1,1,1,9,0,0,1 2,1,1,0,0,0,0,0,0,0,0,NA,1 2,1,1,0,0,0,0,0,0,0,0,NA,2,0,1,0,0,0,0,0,0,0,0,NA,13,2:20:01,6:45:20,1,0,NA,NA,539,296,25,9,57.5,61,54,58,61,55,53,57,52,7.7112017,37.6926183,1939.5,4.2,uuid:3ed64b97-7946-4c25-b5e2-24a7038aea68,2512111025,uuid:3ed64b97-7946-4c25-b5e2-24a7038aea68
707574,S0702030332,CENTRAL ETHIOPIA,Hadiya,lemo,kalisha 1st,Rural,"12/24/2025, 4:57:17 PM","12/24/2025, 11:12:20 AM","12/24/2025, 4:55:03 PM",12/24/2025,283bb7b7f4ef185f,0,NA,1,1,1,1,0,0,0,0,1,9,0,0,2 4 7,0,1,0,1,0,1,0,0,0,0,NA,2 7 8,0,1,0,0,0,1,1,0,0,0,NA,2 4 7,0,1,0,1,0,1,0,0,0,0,NA,9,14:30:23,15:10:36,0,0,NA,NA,604,269,57,25,65.15,64.8,65.5,59,64,71,59,63,71,7.5724147,37.8851076,2294.9,2.6,uuid:c4cf4fc9-aa59-48a6-a256-6c1d6bd9c744,2512142209,uuid:c4cf4fc9-aa59-48a6-a256-6c1d6bd9c744
707553,S0702030352,CENTRAL ETHIOPIA,Hadiya,lemo,alala,Rural,"12/26/2025, 7:28:04 PM","12/25/2025, 11:31:25 AM","12/26/2025, 6:53:28 PM",12/25/2025,283bb7b7f4ef185f,0,NA,0,0,1,1,0,0,0,1,1,9,1,0,2 7,0,1,0,0,0,1,0,0,0,0,NA,2 7,0,1,0,0,0,1,0,0,0,0,NA,2 7,0,1,0,0,0,1,0,0,0,0,NA,9,14:30:05,15:10:25,0,0,NA,NA,272,123,24,10,62.14,61.88,62.4,62,64,57,61,68,72,7.5328261,37.8127712,2180.2,2.2,uuid:eb119eb9-12f6-4c42-a5d0-f77fe9eca55c,2512142209,uuid:eb119eb9-12f6-4c42-a5d0-f77fe9eca55c
707575,S0702030792,CENTRAL ETHIOPIA,Hadiya,lemo,kidigisa,Rural,"12/25/2025, 2:40:28 PM","12/25/2025, 8:38:14 AM","12/25/2025, 2:19:09 PM",12/25/2025,283bb7b7f4ef185f,0,NA,1,0,1,1,0,0,1,1,1,7,0,0,8 97,0,0,0,0,0,0,1,0,0,1,Tsedate serategna ale yehezeb keter,8 97,0,0,0,0,0,0,1,0,0,1,Tsedat seratgna ale,2 8 97,0,1,0,0,0,0,1,0,0,1,Tsedate serategna ale,7,14:15:51,15:05:15,0,1,18:45:46,18:45:04,568,262,67,23,67.9,67.3,68.5,59.5,62.4,60.2,61.9,82.1,86.6,7.5984729,37.8632483,2316.3,1.8,uuid:15823732-ca56-4cb5-9570-5da2b9d47e54,2512142209,uuid:15823732-ca56-4cb5-9570-5da2b9d47e54
707943,S0702040332,CENTRAL ETHIOPIA,Hadiya,shashogo,doesha gola,Rural,"12/10/2025, 6:12:09 PM","12/10/2025, 10:42:32 AM","12/10/2025, 5:38:44 PM",12/10/2025,1f2e7526f0d594aa,0,NA,0,0,1,0,0,0,0,0,0,9,0,0,1 2 3 4,1,1,1,1,0,0,0,0,0,0,NA,1 2,1,1,0,0,0,0,0,0,0,0,NA,7,0,0,0,0,0,1,0,0,0,0,NA,9,8:30:18,13:25:37,0,0,NA,NA,670,350,14,11,72.5,71,74,65,67,66,68,77,80,7.5814533,38.071695,1896.9,4.5,uuid:7077169d-7857-4f97-a124-1a4534d9ee01,2512030705,uuid:7077169d-7857-4f97-a124-1a4534d9ee01
707858,S0702050042,CENTRAL ETHIOPIA,Hadiya,misirak badewacho,badewacho ajeba,Rural,"12/17/2025, 4:50:26 PM","12/17/2025, 11:49:02 AM","12/17/2025, 4:49:07 PM",12/17/2025,13ff9fddb6200dd2,0,NA,0,0,0,NA,0,0,0,0,0,10,0,0,2,0,1,0,0,0,0,0,0,0,0,NA,97,0,0,0,0,0,0,0,0,0,1,None,2,0,1,0,0,0,0,0,0,0,0,NA,10,2:30:15,6:45:25,0,0,NA,NA,520,332,22,18,59.22,60.96,57.48,52.25,51.27,51.09,60.84,62.3,59.13,7.1783433,37.9017027,1958.8,9.5,uuid:a893b5cb-e524-4b67-a5f8-257e8c26dd6e,2512142209,uuid:a893b5cb-e524-4b67-a5f8-257e8c26dd6e
707439,S0702060032,CENTRAL ETHIOPIA,Hadiya,jajura town ad.,jajura no1,Urban,"12/4/2025, 9:58:44 PM","12/4/2025, 11:52:51 AM","12/4/2025, 9:20:56 PM",12/4/2025,f9d6a239f0ca8566,0,NA,1,0,1,0,1,0,1,0,1,17,0,0,2 9 10,0,1,0,0,0,0,0,1,1,0,NA,1,1,0,0,0,0,0,0,0,0,0,NA,2 9 10,0,1,0,0,0,0,0,1,1,0,NA,23,2:15:56,6:30:57,1,1,6:45:01,11:00:05,2038,998,57,27,69,66,72,67,70,70,73,76,80,7.4640975,37.6948946,2114.5,3.4,uuid:292175cc-631f-44ad-891f-c1137427b257,2512030705,uuid:292175cc-631f-44ad-891f-c1137427b257
708190,S0702060462,CENTRAL ETHIOPIA,Hadiya,soro,mareka,Rural,"12/10/2025, 7:36:10 PM","12/10/2025, 1:25:05 PM","12/10/2025, 7:34:11 PM",12/10/2025,f9d6a239f0ca8566,0,NA,0,0,1,0,0,0,1,1,0,9,0,0,2,0,1,0,0,0,0,0,0,0,0,NA,97,0,0,0,0,0,0,0,0,0,1,Ba kifiya Lela sewu,2,0,1,0,0,0,0,0,0,0,0,NA,12,2:15:20,6:30:26,0,0,NA,NA,497,300,17,12,48,48,48,56,60,53,52,62,65,7.38098,37.6223383,2761,3.9,uuid:cb4a2909-f4c6-4267-81ad-45e60b69314e,2512030705,uuid:cb4a2909-f4c6-4267-81ad-45e60b69314e
708201,S0702060952,CENTRAL ETHIOPIA,Hadiya,jajura town ad.,sundusa,Rural,"12/5/2025, 8:18:11 PM","12/5/2025, 2:35:01 PM","12/5/2025, 8:17:45 PM",12/5/2025,f9d6a239f0ca8566,0,NA,1,0,1,0,0,0,1,1,1,16,0,0,1 7,1,0,0,0,0,1,0,0,0,0,NA,1 7,1,0,0,0,0,1,0,0,0,0,NA,1 7,1,0,0,0,0,1,0,0,0,0,NA,29,2:15:29,8:00:46,1,0,NA,NA,800,400,26,14,81.5,81,82,80,82,84,88,89,89,7.4770017,37.64308,2030,4.9,uuid:4704a3f9-509a-408b-9f04-d00dc814f230,2512030705,uuid:4704a3f9-509a-408b-9f04-d00dc814f230
707051,S0702070472,CENTRAL ETHIOPIA,Hadiya,duna,olawa,Rural,"12/9/2025, 7:44:34 AM","12/8/2025, 2:53:43 PM","12/9/2025, 7:44:15 AM",12/8/2025,f9d6a239f0ca8566,0,NA,1,0,0,NA,0,0,1,1,1,13,0,0,2,0,1,0,0,0,0,0,0,0,0,NA,2,0,1,0,0,0,0,0,0,0,0,NA,2,0,1,0,0,0,0,0,0,0,0,NA,27,2:30:11,7:10:27,1,0,NA,NA,632,305,27,18,86,84,88,64,64,59,53,67,68,7.3161369,37.75164,2275.9,4.8,uuid:3a7b0021-c5c6-4a44-8da7-5871327596cb,2512030705,uuid:3a7b0021-c5c6-4a44-8da7-5871327596cb
707052,S0702072182,CENTRAL ETHIOPIA,Hadiya,duna,otoro,Rural,"12/9/2025, 6:39:47 PM","12/8/2025, 3:27:40 PM","12/9/2025, 6:38:35 PM",12/8/2025,f9d6a239f0ca8566,0,NA,1,0,1,1,0,0,1,1,0,11,0,0,1 2,1,1,0,0,0,0,0,0,0,0,NA,1,1,0,0,0,0,0,0,0,0,0,NA,2,0,1,0,0,0,0,0,0,0,0,NA,27,2:30:08,7:00:28,1,0,NA,NA,706,343,30,22,70.5,70,71,65,68,65,68,69,72,7.33436,37.6314117,2599.3,4.7,uuid:988e002f-0eac-4e84-bb8d-3f9f36812c2a,2512030705,uuid:988e002f-0eac-4e84-bb8d-3f9f36812c2a
706836,S0702080062,CENTRAL ETHIOPIA,Hadiya,anlemo,wasela,Rural,"12/11/2025, 8:01:15 PM","12/11/2025, 9:11:48 AM","12/11/2025, 8:00:58 PM",12/11/2025,1f2e7526f0d594aa,0,NA,0,0,1,1,0,0,1,1,1,9,0,0,1 2,1,1,0,0,0,0,0,0,0,0,NA,1,1,0,0,0,0,0,0,0,0,0,NA,7,0,0,0,0,0,1,0,0,0,0,NA,11,8:00:26,12:30:31,0,0,NA,NA,334,189,15,8,57.5,56,59,54,56,52,54,65,67,7.6168114,37.9797689,2378.9,4.8,uuid:ba311709-54eb-4d9c-b2d6-739cf4440e73,2512030705,uuid:ba311709-54eb-4d9c-b2d6-739cf4440e73
707684,S0702090242,CENTRAL ETHIOPIA,Hadiya,mierab badewacho,danema no 2 primary school,Urban,"12/20/2025, 6:20:26 PM","12/19/2025, 11:33:54 AM","12/20/2025, 6:20:17 PM",12/19/2025,13ff9fddb6200dd2,0,NA,1,1,1,1,1,0,1,1,0,16,0,0,2,0,1,0,0,0,0,0,0,0,0,NA,2,0,1,0,0,0,0,0,0,0,0,NA,2,0,1,0,0,0,0,0,0,0,0,NA,16,2:20:05,6:45:13,0,0,NA,NA,1205,603,60,33,71.115,67.73,74.5,61.63,69.7,71.06,72.81,65.96,69.7,7.1621712,37.8483385,1942.2,9.9,uuid:26e1c9cf-d5a6-4628-af86-9a762dce6b16,2512142209,uuid:26e1c9cf-d5a6-4628-af86-9a762dce6b16
709283,S0703010292,CENTRAL ETHIOPIA,Tembaro Sp.,tembaro,bohe,Rural,"12/23/2025, 8:46:06 PM","12/23/2025, 1:08:56 PM","12/23/2025, 8:44:45 PM",12/23/2025,13ff9fddb6200dd2,1,Hunja dolamo,0,0,1,1,0,0,1,1,0,9,1,0,2,0,1,0,0,0,0,0,0,0,0,NA,2,0,1,0,0,0,0,0,0,0,0,NA,2,0,1,0,0,0,0,0,0,0,0,NA,9,14:00:37,18:15:43,0,0,NA,NA,961,450,22,11,63.265,64.25,62.28,64.9,69.96,58.52,62.6,61.18,65.5,7.2631892,37.5397551,2080,8.7,uuid:8767ad35-fa79-49ca-a856-8807698ff8aa,2512142209,uuid:8767ad35-fa79-49ca-a856-8807698ff8aa
709225,S0703030442,CENTRAL ETHIOPIA,Kembata,kedida gamela,fulas milinium,Rural,"12/23/2025, 8:49:34 PM","12/23/2025, 1:15:25 PM","12/23/2025, 5:52:00 PM",12/23/2025,f9d6a239f0ca8566,0,NA,0,0,1,0,0,0,1,0,0,8,0,0,2 4,0,1,0,1,0,0,0,0,0,0,NA,2 7,0,1,0,0,0,1,0,0,0,0,NA,2 7,0,1,0,0,0,1,0,0,0,0,NA,11,2:00:56,6:15:02,0,0,NA,NA,226,125,18,9,56.68,58.16,55.2,54.971,53.63,64.35,61.61,55.86,53.05,7.2544767,37.8839667,2139.6,5,uuid:33475ba2-f99e-42bb-b095-61cb7b946191,2512142209,uuid:33475ba2-f99e-42bb-b095-61cb7b946191
708529,S0703030462,CENTRAL ETHIOPIA,Kembata,adilo zuria,geshgola,Rural,"12/25/2025, 9:53:35 PM","12/22/2025, 12:57:54 PM","12/25/2025, 9:51:57 PM",12/22/2025,402aa563e792bb9b,0,NA,1,0,1,1,0,0,1,1,1,7,0,0,97,0,0,0,0,0,0,0,0,0,1,Daily labourer,1,1,0,0,0,0,0,0,0,0,0,NA,2,0,1,0,0,0,0,0,0,0,0,NA,15,2:10:57,6:35:13,0,1,6:45:49,11:00:50,930,470,23,16,74.25,73.5,75,62.5,63,71,69.5,83,80.25,7.2136118,37.9622343,1994.1,5,uuid:0f9455db-6a96-4a22-ac5b-2181d0684a10,2512142209,uuid:0f9455db-6a96-4a22-ac5b-2181d0684a10
709223,S0703031042,CENTRAL ETHIOPIA,Kembata,kedida gamela,dega kedida,Urban,"12/18/2025, 6:06:52 PM","12/18/2025, 3:04:00 PM","12/18/2025, 6:05:50 PM",12/18/2025,f9d6a239f0ca8566,0,NA,1,0,1,1,0,0,1,1,0,8,0,0,2 4 5,0,1,0,1,1,0,0,0,0,0,NA,2 4,0,1,0,1,0,0,0,0,0,0,NA,2,0,1,0,0,0,0,0,0,0,0,NA,18,2:00:02,6:15:12,0,1,6:30:28,10:45:45,1115,539,31,14,65.5,63,68,59,70,56,56,60,67,7.2991433,37.923855,2099.8,4.2,uuid:113177c0-ea37-44de-8af6-8f8849842ce0,2512142209,uuid:113177c0-ea37-44de-8af6-8f8849842ce0
709163,S0703040022,CENTRAL ETHIOPIA,Kembata,kachabira,hobchaka mejmriya,Rural,"12/28/2025, 6:10:44 PM","12/26/2025, 12:56:51 PM","12/28/2025, 6:10:39 PM",12/26/2025,f9d6a239f0ca8566,0,NA,1,0,1,1,1,0,1,0,1,9,0,0,97,0,0,0,0,0,0,0,0,0,1,Day labor,97,0,0,0,0,0,0,0,0,0,1,Day labor,97,0,0,0,0,0,0,0,0,0,1,Day labor,15,2:30:04,7:10:13,0,0,NA,NA,808,404,20,7,52.615,52.14,53.09,61.17,60.72,61.92,61.75,75.56,77.48,7.2816367,37.7473817,2406.3,4.7,uuid:4837af21-0525-4e8c-8db6-263a8af94b9d,2512142209,uuid:4837af21-0525-4e8c-8db6-263a8af94b9d
709075,S0703050022,CENTRAL ETHIOPIA,Kembata,haderona tunto,mugunja,Rural,"12/25/2025, 8:06:06 PM","12/25/2025, 12:53:29 PM","12/25/2025, 5:47:41 PM",12/25/2025,f9d6a239f0ca8566,0,NA,1,0,1,1,0,0,1,1,0,15,0,0,2 4,0,1,0,1,0,0,0,0,0,0,NA,2 4,0,1,0,1,0,0,0,0,0,0,NA,7,0,0,0,0,0,1,0,0,0,0,NA,22,2:15:14,6:45:26,0,0,NA,NA,1116,586,31,7,62.03,61.84,62.21,55.73,57.7,56.88,59.15,61.18,60.78,7.1894383,37.70018,1722.5,4.6,uuid:fec0b45e-8b73-43a2-9e77-a424575330e6,2512142209,uuid:fec0b45e-8b73-43a2-9e77-a424575330e6
709077,S0703052202,CENTRAL ETHIOPIA,Kembata,haderona tunto,seba,Rural,"12/24/2025, 8:09:44 PM","12/24/2025, 12:33:50 PM","12/24/2025, 4:44:09 PM",12/24/2025,f9d6a239f0ca8566,0,NA,0,0,1,1,0,0,1,1,1,8,1,0,1,1,0,0,0,0,0,0,0,0,0,NA,97,0,0,0,0,0,0,0,0,0,1,Sefinet,2 7,0,1,0,0,0,1,0,0,0,0,NA,15,2:15:55,6:45:03,0,0,NA,NA,507,248,12,8,61.025,61.73,60.32,62.47,64.28,62.47,61.5,56.3,60.5,7.2516587,37.698629,1921.5,4.5,uuid:61866b0d-a338-4e48-9aab-ab7c6cdcb77d,2512142209,uuid:61866b0d-a338-4e48-9aab-ab7c6cdcb77d
709080,S0703053862,CENTRAL ETHIOPIA,Kembata,haderona tunto,shano,Rural,"12/22/2025, 8:30:49 PM","12/22/2025, 12:19:32 PM","12/22/2025, 6:16:39 PM",12/22/2025,13ff9fddb6200dd2,0,NA,0,0,1,1,0,0,1,0,1,8,0,0,2,0,1,0,0,0,0,0,0,0,0,NA,2,0,1,0,0,0,0,0,0,0,0,NA,2,0,1,0,0,0,0,0,0,0,0,NA,8,14:30:21,18:45:29,0,0,NA,NA,559,307,16,9,61.5,60.5,62.5,65,71,63.5,75,64.5,67,7.2160112,37.6572625,1660.9,9,uuid:5867bc8d-4287-420b-8e30-931fb48d65e8,2512142209,uuid:5867bc8d-4287-420b-8e30-931fb48d65e8
708919,S0703060262,CENTRAL ETHIOPIA,Kembata,doyogena,lemigewada,Rural,"12/17/2025, 8:01:49 PM","12/17/2025, 1:36:33 PM","12/17/2025, 7:56:16 PM",12/17/2025,402aa563e792bb9b,0,NA,0,0,1,0,0,0,1,1,1,8,0,0,2,0,1,0,0,0,0,0,0,0,0,NA,2,0,1,0,0,0,0,0,0,0,0,NA,2,0,1,0,0,0,0,0,0,0,0,NA,13,2:30:52,6:30:00,0,0,NA,NA,794,405,17,10,59.14,59.41,58.86,59.42,56.86,62.14,58.3,65.43,64.98,7.2902013,37.7810574,2655.1,4.8,uuid:be779bed-64fc-48c6-8fb0-5675b40a53a4,2512142209,uuid:be779bed-64fc-48c6-8fb0-5675b40a53a4
708785,S0703070132,CENTRAL ETHIOPIA,Kembata,damboya,hamancho,Rural,"12/19/2025, 8:51:22 PM","12/19/2025, 2:14:44 PM","12/19/2025, 8:50:17 PM",12/19/2025,402aa563e792bb9b,0,NA,1,0,1,1,1,0,1,1,1,10,1,0,2,0,1,0,0,0,0,0,0,0,0,NA,97,0,0,0,0,0,0,0,0,0,1,Day labour,2,0,1,0,0,0,0,0,0,0,0,NA,20,2:30:53,6:45:07,0,0,NA,NA,521,272,23,10,82.5,83,82,75.5,76,80,79,81,80,7.3441896,37.9238857,2141.4,5,uuid:6f441e97-ce62-4cd7-91f5-315deac400db,2512142209,uuid:6f441e97-ce62-4cd7-91f5-315deac400db
708968,s0703080022,CENTRAL ETHIOPIA,Kembata,durame town ad.,durame no.1,Urban,"12/18/2025, 7:58:41 PM","12/18/2025, 10:15:21 AM","12/18/2025, 6:07:01 PM",12/18/2025,13ff9fddb6200dd2,0,NA,1,0,1,1,0,0,1,1,0,12,1,0,2,0,1,0,0,0,0,0,0,0,0,NA,2,0,1,0,0,0,0,0,0,0,0,NA,2,0,1,0,0,0,0,0,0,0,0,NA,12,2:15:10,6:30:19,0,1,6:45:33,11:00:39,1524,668,67,7,71.93,71.34,72.52,50.64,52.3,63.4,62.5,76.31,74.5,7.2484247,37.9099091,2151.8,12.7,uuid:f456698d-f6fa-4839-b32b-250802b7ca99,2512142209,uuid:f456698d-f6fa-4839-b32b-250802b7ca99
703668,S0705020232,SOUTH ETHIOPIA,Gedeo,yirgachefe woreda,chelba,Rural,"12/4/2025, 10:18:26 PM","12/4/2025, 12:37:42 PM","12/4/2025, 9:55:56 PM",12/4/2025,70e4adbae02adb29,0,NA,0,0,1,1,0,0,1,1,0,12,0,0,4 5,0,0,0,1,1,0,0,0,0,0,NA,97,0,0,0,0,0,0,0,0,0,1,Laborer,97,0,0,0,0,0,0,0,0,0,1,Laborer,12,1:45:53,6:15:00,0,1,6:20:16,10:45:18,779,445,38,22,75.5,79,72,51,55,58,61,75,87,6.2480322,38.2103486,1883.3,1.4,uuid:15f95a58-e45f-4f13-ab20-013b8a11c18a,2512030705,uuid:15f95a58-e45f-4f13-ab20-013b8a11c18a
703677,S0705024452,SOUTH ETHIOPIA,Gedeo,yirgachefe woreda,gerse,Rural,"12/8/2025, 10:28:35 PM","12/8/2025, 10:03:49 AM","12/8/2025, 10:27:17 PM",12/8/2025,70e4adbae02adb29,0,NA,1,0,1,0,0,0,1,1,1,12,1,0,2,0,1,0,0,0,0,0,0,0,0,NA,2,0,1,0,0,0,0,0,0,0,0,NA,97,0,0,0,0,0,0,0,0,0,1,Laborer,16,1:45:18,6:15:20,0,1,6:30:24,10:45:24,702,424,27,24,56.5,51,62,50,52,53,60,55,70,6.1437131,38.2630268,2100.1,3.6,uuid:3261ac21-b431-4502-b37a-70e3d48e0d3b,2512030705,uuid:3261ac21-b431-4502-b37a-70e3d48e0d3b
703416,S070503008,SOUTH ETHIOPIA,Gedeo,kochere,ononicho,Rural,"12/10/2025, 9:17:48 PM","12/10/2025, 12:07:31 PM","12/10/2025, 9:13:29 PM",12/10/2025,70e4adbae02adb29,0,NA,1,0,0,NA,0,0,1,1,0,8,0,0,97,0,0,0,0,0,0,0,0,0,1,Laborer,97,0,0,0,0,0,0,0,0,0,1,Laborer,97,0,0,0,0,0,0,0,0,0,1,Laborer,8,1:45:06,6:15:13,1,1,6:30:19,10:45:24,858,471,56,46,54.5,50,59,55,63,60,62,65,70,6.081338,38.1610025,1969.6,2,uuid:38120988-1b84-448a-96a7-995ad15496da,2512030705,uuid:38120988-1b84-448a-96a7-995ad15496da
703407,S0705030282,SOUTH ETHIOPIA,Gedeo,kochere,derartu,Rural,"12/13/2025, 7:36:27 PM","12/12/2025, 11:18:46 AM","12/13/2025, 6:35:42 PM",12/12/2025,70e4adbae02adb29,0,NA,0,0,0,NA,0,0,1,0,0,6,0,0,2,0,1,0,0,0,0,0,0,0,0,NA,97,0,0,0,0,0,0,0,0,0,1,Laborer,2,0,1,0,0,0,0,0,0,0,0,NA,0,1:45:01,6:15:01,0,0,NA,NA,353,188,25,19,61,55,67,52,60,55,57,53,62,6.0348977,38.1617156,1872.3,4.9,uuid:3fceee77-d19f-40de-9345-42114d9d7572,2512111025,uuid:3fceee77-d19f-40de-9345-42114d9d7572
703076,S0705040342,SOUTH ETHIOPIA,Gedeo,bule,sefere selame primariy,Urban,"12/19/2025, 6:04:11 AM","12/18/2025, 11:26:59 AM","12/19/2025, 12:12:06 AM",12/18/2025,70e4adbae02adb29,0,NA,1,1,1,1,0,0,1,1,1,8,0,0,5,0,0,0,0,1,0,0,0,0,0,NA,97,0,0,0,0,0,0,0,0,0,1,No,7,0,0,0,0,0,1,0,0,0,0,NA,0,1:40:41,6:30:41,0,1,6:45:43,11:00:44,1036,569,44,23,53.5,50,57,55,59,55,63,70,85,6.3019405,38.4081692,1821.5,4.1,uuid:0e12fc3f-d251-4e28-8d51-a531fab4bbd6,2512142209,uuid:0e12fc3f-d251-4e28-8d51-a531fab4bbd6
703317,S0705060532,SOUTH ETHIOPIA,Gedeo,gedeb,tebisa,Rural,"12/19/2025, 6:04:10 AM","12/17/2025, 10:12:21 AM","12/19/2025, 12:09:18 AM",12/17/2025,70e4adbae02adb29,0,NA,0,0,0,NA,0,0,1,0,0,8,0,0,2,0,1,0,0,0,0,0,0,0,0,NA,2,0,1,0,0,0,0,0,0,0,0,NA,2,0,1,0,0,0,0,0,0,0,0,NA,0,1:45:24,6:15:25,0,0,NA,NA,623,411,20,18,51.5,51,52,51,59,55,63,52,75,5.9125753,38.3599974,2030.8,2.7,uuid:c1153d17-4138-4739-9af5-0d0d82fe7118,2512142209,uuid:c1153d17-4138-4739-9af5-0d0d82fe7118
703195,S0705070212,SOUTH ETHIOPIA,Gedeo,dilla town ad.,dilla primary scool,Urban,"12/24/2025, 8:27:59 AM","12/23/2025, 10:14:30 AM","12/24/2025, 8:27:24 AM",12/23/2025,70e4adbae02adb29,0,NA,1,1,1,1,1,0,1,1,0,34,1,0,97,0,0,0,0,0,0,0,0,0,1,Servant,97,0,0,0,0,0,0,0,0,0,1,Servant,97,0,0,0,0,0,0,0,0,0,1,Servant,0,1:45:04,6:15:11,1,1,6:30:31,10:45:48,3085,1400,9,2,52,50,54,52,52,51,64,61,70,6.4129045,38.3063082,1472,3.4,uuid:0cdf2d13-b4db-45e4-bab0-52a7bb806e04,2512142209,uuid:0cdf2d13-b4db-45e4-bab0-52a7bb806e04
711072,S0706010022,SOUTH ETHIOPIA,Wolayta,boloso sorie,dola,Rural,"12/12/2025, 8:49:05 PM","12/12/2025, 11:38:44 AM","12/12/2025, 8:47:18 PM",12/12/2025,f4f7c86f9b157d85,0,NA,1,0,1,1,1,0,1,1,1,13,1,0,2 4,0,1,0,1,0,0,0,0,0,0,NA,97,0,0,0,0,0,0,0,0,0,1,Cleaning Worker,2 4,0,1,0,1,0,0,0,0,0,0,NA,18,2:00:02,6:15:03,1,1,6:30:05,11:15:05,742,410,27,15,62.5,61,64,59,62,58,61,61,64,7.0110931,37.729885,1805.3,5,uuid:c36e13dc-83ad-468e-b861-22945d526c3d,2512030705,uuid:c36e13dc-83ad-468e-b861-22945d526c3d
711857,S0706040282,SOUTH ETHIOPIA,Wolayta,humbo,kodo kanko,Rural,"12/12/2025, 8:14:48 PM","12/5/2025, 12:17:08 PM","12/12/2025, 11:00:36 AM",12/5/2025,85f0c2e0bb3e15c4,0,NA,1,0,1,1,0,0,1,1,1,4,1,0,1 7 97,1,0,0,0,0,1,0,0,0,1,በአከባቢ ልማት,1,1,0,0,0,0,0,0,0,0,0,NA,7,0,0,0,0,0,1,0,0,0,0,NA,12,2:00:47,6:15:56,1,1,12:30:15,11:00:37,203,108,16,11,57,59,55,58,58,60,58,60,59,6.663305,37.7223917,1833.1,2.9,uuid:3fdcacd1-04bf-41f7-ba7a-41a5021d789e,2512030705,uuid:3fdcacd1-04bf-41f7-ba7a-41a5021d789e
711847,S0706043662,SOUTH ETHIOPIA,Wolayta,humbo,ampo koysha,Rural,"12/4/2025, 6:40:18 PM","12/4/2025, 12:58:42 PM","12/4/2025, 6:40:06 PM",12/4/2025,85f0c2e0bb3e15c4,0,NA,1,0,1,1,0,0,1,1,1,8,0,0,4 7,0,0,0,1,0,1,0,0,0,0,NA,1,1,0,0,0,0,0,0,0,0,0,NA,7,0,0,0,0,0,1,0,0,0,0,NA,18,2:15:35,6:30:36,0,1,6:45:51,11:00:59,603,324,34,7,50,42,58,53,47,48,52,48,52,6.7466261,37.778202,1730.6,4.9,uuid:cb8f4cff-0fcd-4d69-8906-f1def9b516f0,2512030705,uuid:cb8f4cff-0fcd-4d69-8906-f1def9b516f0
712174,S0706071342,SOUTH ETHIOPIA,Wolayta,ofa,dawe,Rural,"12/16/2025, 9:08:45 PM","12/16/2025, 12:06:02 PM","12/16/2025, 7:43:08 PM",12/16/2025,13ff9fddb6200dd2,0,NA,0,0,1,1,0,0,1,0,0,6,0,0,2,0,1,0,0,0,0,0,0,0,0,NA,2,0,1,0,0,0,0,0,0,0,0,NA,2,0,1,0,0,0,0,0,0,0,0,NA,6,2:00:10,12:20:16,0,0,NA,NA,274,153,10,7,30.655,29.71,31.6,50.8,54.5,56,50,65.7,67.2,6.694146,37.5178435,1378.4,8.4,uuid:ea9f24e6-0b06-464b-a620-4df972909601,2512142209,uuid:ea9f24e6-0b06-464b-a620-4df972909601
710955,S0706081262,SOUTH ETHIOPIA,Wolayta,boloso bombe,dulia matala,Rural,"12/13/2025, 5:11:18 PM","12/11/2025, 3:13:22 PM","12/13/2025, 5:10:39 PM",12/11/2025,f4f7c86f9b157d85,0,NA,0,0,1,1,0,0,1,1,1,4,0,0,3 4,0,0,1,1,0,0,0,0,0,0,NA,3 4,0,0,1,1,0,0,0,0,0,0,NA,3 4,0,0,1,1,0,0,0,0,0,0,NA,10,2:15:26,6:30:26,0,1,6:30:27,11:00:28,806,383,20,13,69.5,69,70,67,62,69,70,75,74,7.1044786,37.592541,1605.5,5,uuid:beb1e092-fa48-49a9-aef7-e2c658bf2bd8,2512030705,uuid:beb1e092-fa48-49a9-aef7-e2c658bf2bd8
712029,S0706101712,SOUTH ETHIOPIA,Wolayta,kindo didaye,gima,Rural,"12/16/2025, 5:09:07 PM","12/9/2025, 1:23:30 PM","12/16/2025, 5:08:29 PM",12/9/2025,f4f7c86f9b157d85,0,NA,0,0,1,1,0,0,1,0,0,8,0,0,3,0,0,1,0,0,0,0,0,0,0,NA,3,0,0,1,0,0,0,0,0,0,0,NA,97,0,0,0,0,0,0,0,0,0,1,Cleaning Worker,29,2:20:52,6:30:53,0,1,6:45:55,11:00:55,477,249,14,9,67,65,69,62,67,62,64,63,67,6.7733736,37.3231001,1392.5,5,uuid:fb32d6e5-e9cc-4b6f-a04d-6c3a1454f6a2,2512030705,uuid:fb32d6e5-e9cc-4b6f-a04d-6c3a1454f6a2
711704,S0706121002,SOUTH ETHIOPIA,Wolayta,duguna fango,fango damot kola,Urban,"12/12/2025, 8:14:51 PM","12/10/2025, 3:28:48 PM","12/12/2025, 11:02:56 AM",12/10/2025,85f0c2e0bb3e15c4,0,NA,0,0,1,1,0,0,1,0,0,5,0,0,7,0,0,0,0,0,1,0,0,0,0,NA,1,1,0,0,0,0,0,0,0,0,0,NA,7,0,0,0,0,0,1,0,0,0,0,NA,11,1:30:07,6:15:20,1,1,6:30:29,10:45:39,613,307,12,9,60.5,63,58,57,64,58,64,60,66,6.9073317,38.1132683,1457,4.7,uuid:d2679dc0-df2c-46e4-ba9c-671d41cf5301,2512030705,uuid:d2679dc0-df2c-46e4-ba9c-671d41cf5301
711940,S0706160192,SOUTH ETHIOPIA,Wolayta,kawo koysha,ome bolola,Rural,"12/10/2025, 7:16:30 AM","12/8/2025, 5:00:41 PM","12/10/2025, 7:15:54 AM",12/8/2025,f4f7c86f9b157d85,0,NA,0,1,1,1,0,0,1,1,1,8,1,0,97,0,0,0,0,0,0,0,0,0,1,Cleaning Worker,97,0,0,0,0,0,0,0,0,0,1,Cleaning Worker,97,0,0,0,0,0,0,0,0,0,1,Cleaning Worker,16,2:20:21,6:30:23,1,1,6:45:47,11:00:48,1133,556,28,16,62,59,65,56,57,54,55,56,56,6.7692301,37.4714561,2394.5,4.7,uuid:c2d8bb6d-8352-4994-b476-b99d81c57274,2512030705,uuid:c2d8bb6d-8352-4994-b476-b99d81c57274
1309032,S0709020042,SWEPR,Kefa,gesha,tiraro selam,Urban,"12/8/2025, 8:34:51 PM","12/8/2025, 4:20:50 PM","12/8/2025, 8:26:24 PM",12/8/2025,7b083c6dbffcaebb,0,NA,0,0,1,1,0,0,1,1,1,11,0,0,2 4,0,1,0,1,0,0,0,0,0,0,NA,2 4,0,1,0,1,0,0,0,0,0,0,NA,2,0,1,0,0,0,0,0,0,0,0,NA,25,2:15:38,6:30:45,0,1,6:45:13,11:00:20,663,378,24,17,70.5,71,70,70,71,66,68,75,74,7.52817,35.6768883,2318.3,4.9,uuid:b97c5d1b-d141-4f43-b70a-ad91f5607244,2512030705,uuid:b97c5d1b-d141-4f43-b70a-ad91f5607244
1309027,S0709021692,SWEPR,Kefa,gesha,shakicha,Rural,"12/9/2025, 8:02:56 PM","12/9/2025, 1:32:33 PM","12/9/2025, 8:02:10 PM",12/9/2025,7b083c6dbffcaebb,0,NA,0,0,1,0,0,0,1,1,1,5,0,0,2,0,1,0,0,0,0,0,0,0,0,NA,2,0,1,0,0,0,0,0,0,0,0,NA,2,0,1,0,0,0,0,0,0,0,0,NA,11,2:15:40,6:30:41,0,1,6:45:43,11:00:43,214,109,9,4,69.5,68,71,66,71,62,68,64,68,7.6572983,35.7901867,2365.9,4.9,uuid:1f96583d-61bc-473a-8518-a42d6fa0bb9d,2512030705,uuid:1f96583d-61bc-473a-8518-a42d6fa0bb9d
1309336,S0709043712,SWEPR,Kefa,gimbo,kuta,Rural,"12/15/2025, 8:11:50 PM","12/15/2025, 11:13:37 AM","12/15/2025, 7:49:47 PM",12/15/2025,7b083c6dbffcaebb,0,NA,0,0,1,1,0,0,1,1,1,5,0,0,2,0,1,0,0,0,0,0,0,0,0,NA,2,0,1,0,0,0,0,0,0,0,0,NA,2,0,1,0,0,0,0,0,0,0,0,NA,12,2:15:57,6:30:07,0,1,6:45:13,11:00:14,305,175,17,9,61.46,61.61,61.3,57.2,58.5,60.5,60,61,59.3,7.25694,36.1832255,1851.9,4.5,uuid:9dbd2b4c-db8e-443c-a756-fa30d077da4a,2512142209,uuid:9dbd2b4c-db8e-443c-a756-fa30d077da4a
1308426,S0709053612,SWEPR,Kefa,adyo,kaya,Rural,"12/21/2025, 6:11:04 PM","12/16/2025, 2:15:19 PM","12/21/2025, 6:10:20 PM",12/16/2025,7b083c6dbffcaebb,0,NA,0,0,1,1,0,0,1,1,0,4,0,0,8,0,0,0,0,0,0,1,0,0,0,NA,2,0,1,0,0,0,0,0,0,0,0,NA,2,0,1,0,0,0,0,0,0,0,0,NA,6,2:15:05,6:30:12,0,1,6:45:26,11:00:35,172,113,7,4,63.6,61.69,65.5,56.96,59.31,60.8,55.84,65.9,68.93,7.2552517,36.61646,1742.3,4.9,uuid:9414ab0e-f77b-4423-87e5-3f3ea094433b,2512142209,uuid:9414ab0e-f77b-4423-87e5-3f3ea094433b
1309585,S0709062042,SWEPR,Kefa,tello,hala no 2,Rural,"12/12/2025, 8:45:43 PM","12/12/2025, 11:36:12 AM","12/12/2025, 8:44:56 PM",12/12/2025,7b083c6dbffcaebb,0,NA,0,0,1,0,0,0,1,1,1,3,0,0,2,0,1,0,0,0,0,0,0,0,0,NA,4 5,0,0,0,1,1,0,0,0,0,0,NA,2,0,1,0,0,0,0,0,0,0,0,NA,4,2:00:39,6:15:40,0,1,6:30:42,10:45:43,151,78,7,5,55.57,52.93,58.21,53.38,56.37,52.54,57.29,48.89,59.23,7.0075467,36.4812167,2319.7,4.5,uuid:b1b8d221-c1d0-4f04-8747-2803439ca5cb,2512111025,uuid:b1b8d221-c1d0-4f04-8747-2803439ca5cb
1308978,S0709080972,SWEPR,Kefa,decha,ufa,Rural,"12/11/2025, 8:23:22 PM","12/11/2025, 12:17:02 PM","12/11/2025, 8:22:58 PM",12/11/2025,7b083c6dbffcaebb,0,NA,1,0,1,1,1,0,1,1,0,7,1,0,2,0,1,0,0,0,0,0,0,0,0,NA,2,0,1,0,0,0,0,0,0,0,0,NA,2,0,1,0,0,0,0,0,0,0,0,NA,10,2:15:42,6:30:50,0,1,6:45:05,11:00:11,525,293,19,8,58,54,62,49,62,52,65,57,72,7.079535,36.197375,1901.4,4.5,uuid:0f1e868e-67cd-496c-9261-412a46833ca8,2512030705,uuid:0f1e868e-67cd-496c-9261-412a46833ca8
1308782,S0709090012,SWEPR,Kefa,chena,wota,Rural,"12/10/2025, 6:24:20 PM","12/5/2025, 3:04:06 PM","12/10/2025, 6:22:12 PM",12/5/2025,7b083c6dbffcaebb,0,NA,0,0,1,1,0,0,1,1,1,7,0,0,2,0,1,0,0,0,0,0,0,0,0,NA,2,0,1,0,0,0,0,0,0,0,0,NA,2,0,1,0,0,0,0,0,0,0,0,NA,13,2:15:41,6:30:42,0,1,6:45:44,10:45:45,431,239,20,15,63.5,62,65,51,57,55,60,53,65,7.066115,35.7750983,1810.4,4.8,uuid:4f272338-8008-49da-a7ab-da1f9005345a,2512030705,uuid:4f272338-8008-49da-a7ab-da1f9005345a
1308753,S0709090022,SWEPR,Kefa,chena,bala shasha,Rural,"12/11/2025, 8:23:22 PM","12/6/2025, 3:39:07 PM","12/11/2025, 8:11:43 PM",12/6/2025,7b083c6dbffcaebb,0,NA,1,0,1,1,0,0,1,1,0,11,0,0,2,0,1,0,0,0,0,0,0,0,0,NA,1,1,0,0,0,0,0,0,0,0,0,NA,2,0,1,0,0,0,0,0,0,0,0,NA,24,2:15:10,6:30:19,0,1,6:45:39,11:15:48,772,457,18,12,62,61,63,59,53,42,42,40,54,7.0449984,35.8569062,1787.8,4.8,uuid:789e609c-97de-48a2-8c28-245d2a178e21,2512030705,uuid:789e609c-97de-48a2-8c28-245d2a178e21
1308671,S0709110282,SWEPR,Kefa,bonga town ad.,sheta qeja,Urban,"12/11/2025, 8:23:22 PM","12/4/2025, 2:38:51 PM","12/11/2025, 8:08:53 PM",12/4/2025,7b083c6dbffcaebb,0,NA,1,0,1,1,0,0,1,1,0,8,0,0,2 97,0,1,0,0,0,0,0,0,0,1,Parents,2,0,1,0,0,0,0,0,0,0,0,NA,2,0,1,0,0,0,0,0,0,0,0,NA,18,2:15:53,6:30:05,0,1,6:45:34,11:00:22,221,103,18,7,65,63,67,63,63,58,60,63,60,7.2771267,36.2090417,1693.8,4.7,uuid:37ce4fe4-6759-4751-ae7b-c78eb5106611,2512030705,uuid:37ce4fe4-6759-4751-ae7b-c78eb5106611
702820,S0710030122,SOUTH ETHIOPIA,Gamo,kucha,halango,Rural,"12/12/2025, 8:10:09 PM","12/12/2025, 1:42:06 PM","12/12/2025, 7:28:43 PM",12/12/2025,13ff9fddb6200dd2,0,NA,0,1,1,1,0,0,1,1,0,8,1,0,97,0,0,0,0,0,0,0,0,0,1,Other  school staff,97,0,0,0,0,0,0,0,0,0,1,Other school staff,97,0,0,0,0,0,0,0,0,0,1,Other school staff,8,14:30:13,18:45:14,0,0,NA,NA,402,200,20,12,61.89,61.78,62,56.82,59,60,63,65.9,69.7,6.4472011,37.4824679,1352,4.8,uuid:049427d9-972c-4867-b990-4b1064723302,2512111025,uuid:049427d9-972c-4867-b990-4b1064723302
702839,S0710030932,SOUTH ETHIOPIA,Gamo,kucha,tachi chano,Rural,"12/15/2025, 8:34:06 PM","12/15/2025, 11:10:45 AM","12/15/2025, 8:29:21 PM",12/15/2025,13ff9fddb6200dd2,0,NA,0,0,1,1,0,0,1,0,0,8,0,0,2,0,1,0,0,0,0,0,0,0,0,NA,2,0,1,0,0,0,0,0,0,0,0,NA,2,0,1,0,0,0,0,0,0,0,0,NA,8,2:15:07,7:00:23,0,0,NA,NA,313,177,10,8,59.69,59.13,60.24,55.39,55.15,61.69,58.51,59.78,55.99,6.5588333,37.4857021,1456.6,8.3,uuid:650b51e7-47fe-4627-92c7-7944932557e4,2512111025,uuid:650b51e7-47fe-4627-92c7-7944932557e4
703001,S0710051202,SOUTH ETHIOPIA,Gamo,mierab abaya,korga geramo,Rural,"12/5/2025, 7:38:44 PM","12/4/2025, 11:57:43 AM","12/5/2025, 7:31:25 PM",12/4/2025,13ff9fddb6200dd2,0,NA,1,0,1,0,0,0,1,1,0,10,1,0,2,0,1,0,0,0,0,0,0,0,0,NA,2,0,1,0,0,0,0,0,0,0,0,NA,2,0,1,0,0,0,0,0,0,0,0,NA,10,14:10:54,19:45:04,0,0,NA,NA,363,200,16,8,59.5,60,59,57,60,59,61,65,67,6.5396237,37.8083532,1305.9,4.8,uuid:c3e3b1e9-c2b5-478f-a02e-a9ce5f58dee9,2512030705,uuid:c3e3b1e9-c2b5-478f-a02e-a9ce5f58dee9
702993,S0710052022,SOUTH ETHIOPIA,Gamo,mierab abaya,faragosa,Rural,"12/8/2025, 8:05:04 PM","12/8/2025, 12:42:42 PM","12/8/2025, 8:03:43 PM",12/8/2025,13ff9fddb6200dd2,0,NA,1,0,1,1,0,0,1,1,1,16,1,0,2,0,1,0,0,0,0,0,0,0,0,NA,2,0,1,0,0,0,0,0,0,0,0,NA,2,0,1,0,0,0,0,0,0,0,0,NA,16,14:00:59,18:15:10,1,1,18:30:32,22:45:43,1635,844,61,24,63.5,65,62,43,61,53,57,56,75,6.2507587,37.7364318,1198.7,4.7,uuid:d356858b-1be7-4136-bf45-afad5bf536ba,2512030705,uuid:d356858b-1be7-4136-bf45-afad5bf536ba
701940,S0710070202,SOUTH ETHIOPIA,Gamo,chencha zuria,zute,Rural,"12/11/2025, 10:46:53 PM","12/11/2025, 1:42:46 PM","12/11/2025, 9:20:23 PM",12/11/2025,13ff9fddb6200dd2,0,NA,0,0,1,1,0,0,1,1,1,16,1,0,2,0,1,0,0,0,0,0,0,0,0,NA,2,0,1,0,0,0,0,0,0,0,0,NA,2,0,1,0,0,0,0,0,0,0,0,NA,16,14:30:26,18:50:36,0,0,NA,NA,411,282,14,7,70.5,73,68,56,53,61,57,71,76,6.2121047,37.5021157,2832.6,4.3,uuid:1c86375b-5be4-4168-bf41-9d6dc9756639,2512030705,uuid:1c86375b-5be4-4168-bf41-9d6dc9756639
701916,S0710070292,SOUTH ETHIOPIA,Gamo,chencha zuria,doko tsida,Rural,"12/5/2025, 7:38:44 PM","12/5/2025, 12:15:51 PM","12/5/2025, 7:31:51 PM",12/5/2025,13ff9fddb6200dd2,0,NA,1,0,1,0,0,0,1,1,1,11,1,1,2,0,1,0,0,0,0,0,0,0,0,NA,2,0,1,0,0,0,0,0,0,0,0,NA,2,0,1,0,0,0,0,0,0,0,0,NA,11,14:15:47,19:00:02,0,0,NA,NA,375,164,19,6,60.5,61,60,57,57,61,55,69,64,6.2733017,37.5614022,2814.5,3.6,uuid:6f1ca4a1-4450-4594-a215-970b140a5b01,2512030705,uuid:6f1ca4a1-4450-4594-a215-970b140a5b01
702089,S0710090022,SOUTH ETHIOPIA,Gamo,daramalo,shiela mulu,Rural,"12/13/2025, 6:09:43 PM","12/13/2025, 1:06:56 PM","12/13/2025, 6:08:43 PM",12/13/2025,13ff9fddb6200dd2,0,NA,0,0,1,1,0,0,1,0,0,8,0,0,2,0,1,0,0,0,0,0,0,0,0,NA,2,0,1,0,0,0,0,0,0,0,0,NA,2,0,1,0,0,0,0,0,0,0,0,NA,8,14:30:36,18:50:48,0,0,NA,NA,486,220,17,12,74.47,66.2,82.7,68.6,70.8,64.3,63.5,64.9,70.3,6.2384462,37.2576269,1226.4,4.4,uuid:607b9e5b-c3df-452f-9ab9-639040e4cbe6,2512111025,uuid:607b9e5b-c3df-452f-9ab9-639040e4cbe6
704230,S0710112082,SOUTH ETHIOPIA,Gofa,beto town admin,bala primary & junior,Urban,"12/25/2025, 11:53:24 AM","12/19/2025, 3:41:58 PM","12/25/2025, 11:52:38 AM",12/19/2025,85f0c2e0bb3e15c4,0,NA,1,0,1,1,0,0,1,1,1,9,1,0,1 2,1,1,0,0,0,0,0,0,0,0,NA,1,1,0,0,0,0,0,0,0,0,0,NA,2 7,0,1,0,0,0,1,0,0,0,0,NA,14,2:15:33,6:30:33,1,1,6:45:35,11:00:35,574,260,27,13,56.34,56.27,56.41,51.5,51.1,56.5,56.06,54.93,53.81,6.2486717,37.0152983,1269.9,5,uuid:bc8e200c-34ce-40bd-b3ca-42c4334baaba,2512142209,uuid:bc8e200c-34ce-40bd-b3ca-42c4334baaba
702335,S0710120672,SOUTH ETHIOPIA,Gamo,garda marta,kola layisha,Rural,"12/10/2025, 7:44:29 PM","12/10/2025, 10:19:01 AM","12/10/2025, 7:42:10 PM",12/10/2025,13ff9fddb6200dd2,0,NA,0,1,1,1,0,1,1,1,1,9,0,0,2,0,1,0,0,0,0,0,0,0,0,NA,2,0,1,0,0,0,0,0,0,0,0,NA,2,0,1,0,0,0,0,0,0,0,0,NA,9,3:00:09,6:45:18,0,0,NA,NA,484,217,12,7,59.5,60,59,58,58,60,57,61,60,5.9324137,37.094133,1144.6,4.4,uuid:a3c8768b-88b7-4688-ad0d-51df3f319b40,2512030705,uuid:a3c8768b-88b7-4688-ad0d-51df3f319b40
702414,S0710130502,SOUTH ETHIOPIA,Gamo,gerese,shalie,Rural,"12/10/2025, 8:38:36 AM","12/9/2025, 12:31:00 PM","12/10/2025, 7:30:23 AM",12/9/2025,13ff9fddb6200dd2,0,NA,0,0,1,1,0,0,1,1,1,10,0,0,2,0,1,0,0,0,0,0,0,0,0,NA,2,0,1,0,0,0,0,0,0,0,0,NA,2,0,1,0,0,0,0,0,0,0,0,NA,10,14:20:01,19:30:09,0,0,NA,NA,446,222,16,13,66.5,60,73,55,62,60,64,70,77,5.8108407,37.3046484,1517.4,4.6,uuid:19db5a6d-bc38-4492-b857-ede4fea17f47,2512030705,uuid:19db5a6d-bc38-4492-b857-ede4fea17f47
703715,S0710140322,SOUTH ETHIOPIA,Gofa,bulki town ad.,buleki milinium,Urban,"12/18/2025, 6:15:50 PM","12/18/2025, 10:56:36 AM","12/18/2025, 11:33:24 AM",12/18/2025,85f0c2e0bb3e15c4,0,NA,1,1,1,1,1,0,1,1,1,9,0,0,97,0,0,0,0,0,0,0,0,0,1,Cleaning worker,97,0,0,0,0,0,0,0,0,0,1,Cleaning worker,97,0,0,0,0,0,0,0,0,0,1,Cleaning worker,14,2:15:33,6:30:46,0,1,6:45:25,11:00:29,618,297,38,17,81.47,86.67,76.26,56.34,52.97,55.48,49.35,65.66,56.39,6.290851,36.8104866,2236.2,3.2,uuid:0edc8e03-488b-4c2b-b2ce-515f60448dd2,2512142209,uuid:0edc8e03-488b-4c2b-b2ce-515f60448dd2
703717,S0710141002,SOUTH ETHIOPIA,Gofa,bulki town ad.,buliki tsire,Urban,"12/18/2025, 8:56:25 AM","12/17/2025, 1:31:10 PM","12/18/2025, 9:14:39 AM",12/17/2025,85f0c2e0bb3e15c4,0,NA,0,0,1,1,0,0,1,0,0,4,0,0,2 7,0,1,0,0,0,1,0,0,0,0,NA,1,1,0,0,0,0,0,0,0,0,0,NA,2 7,0,1,0,0,0,1,0,0,0,0,NA,15,2:20:32,6:30:44,1,1,6:45:57,12:00:02,333,167,23,11,64.435,64.83,64.04,65.33,60.16,62.28,59.3,65.47,63.11,6.2868069,36.7956015,2133.9,4.5,uuid:f2aa2f92-3e67-49d1-9c98-5714727738df,2512142209,uuid:f2aa2f92-3e67-49d1-9c98-5714727738df
704140,s0710150432,SOUTH ETHIOPIA,Gofa,oyda,oyeda marekala,Rural,"12/16/2025, 4:34:10 PM","12/16/2025, 1:14:56 PM","12/16/2025, 1:34:18 PM",12/16/2025,f4f7c86f9b157d85,0,NA,1,1,1,0,0,0,1,1,1,8,0,0,2,0,1,0,0,0,0,0,0,0,0,NA,2,0,1,0,0,0,0,0,0,0,0,NA,2,0,1,0,0,0,0,0,0,0,0,NA,11,2:30:46,7:20:47,1,0,NA,NA,468,216,13,7,62.48,65.81,59.15,62.21,58.71,63.96,61.03,66.33,64.21,6.17675,36.80715,1973.5,4.9,uuid:94b1f97a-2203-48c6-bd33-66b45579a51e,2512142209,uuid:94b1f97a-2203-48c6-bd33-66b45579a51e
704117,S0710151002,SOUTH ETHIOPIA,Gofa,oyda,baneda mulu,Urban,"12/15/2025, 2:37:18 PM","12/15/2025, 9:03:41 AM","12/15/2025, 12:27:24 PM",12/15/2025,f4f7c86f9b157d85,0,NA,1,1,1,1,1,0,1,1,1,11,1,0,2 97,0,1,0,0,0,0,0,0,0,1,Cleaning Worker,97,0,0,0,0,0,0,0,0,0,1,Cleaning Worker,2,0,1,0,0,0,0,0,0,0,0,NA,17,2:00:41,6:15:44,0,1,6:15:11,10:40:34,929,446,39,24,70.75,70,71.5,73.25,70,71.75,69.75,71.75,67.25,6.2228723,36.8431416,1351.7,4.6,uuid:db808aa2-54e2-4edb-ac12-cd74c20065e6,2512142209,uuid:db808aa2-54e2-4edb-ac12-cd74c20065e6
701484,S0710180972,SOUTH ETHIOPIA,Gamo,arbaminch town ad.,shara muja t/bete,Urban,"12/23/2025, 8:30:57 PM","12/22/2025, 12:36:44 PM","12/23/2025, 6:06:30 PM",12/22/2025,fea9d6f155143cc5,1,Bkitenge,0,0,1,1,0,0,0,1,1,17,0,0,7,0,0,0,0,0,1,0,0,0,0,NA,7,0,0,0,0,0,1,0,0,0,0,NA,7,0,0,0,0,0,1,0,0,0,0,NA,20,2:30:30,6:30:24,1,1,6:45:33,10:45:38,1760,811,38,6,63.655,68.53,58.78,67.1,59.71,54.37,52,71.03,68.73,6.0898282,37.562166,1264.4,1.6,uuid:f3779053-bc0b-4886-851f-599df3ad52f3,2512142209,uuid:f3779053-bc0b-4886-851f-599df3ad52f3
1305053,S0717020522,SWEPR,Dawro,mareka,maydi kanki,Rural,"12/18/2025, 9:30:12 PM","12/18/2025, 1:08:47 PM","12/18/2025, 9:06:05 PM",12/18/2025,7b083c6dbffcaebb,0,NA,0,0,1,1,0,0,1,1,0,6,0,0,2 4,0,1,0,1,0,0,0,0,0,0,NA,1 8,1,0,0,0,0,0,1,0,0,0,NA,2,0,1,0,0,0,0,0,0,0,0,NA,14,2:15:08,6:30:17,0,1,6:45:32,11:00:38,318,166,23,12,57.845,55.94,59.75,52.17,59.55,51.88,57.63,59.46,60.17,7.0298338,37.1657673,2185.5,4.7,uuid:f4737550-bdd7-4b79-b484-197bd3dd1f0e,2512142209,uuid:f4737550-bdd7-4b79-b484-197bd3dd1f0e
1304646,S0717030032,SWEPR,Dawro,disa,disa mulu,Rural,"12/19/2025, 10:10:12 PM","12/19/2025, 1:07:06 PM","12/19/2025, 9:55:06 PM",12/19/2025,7b083c6dbffcaebb,0,NA,1,1,1,1,1,0,1,1,0,12,0,0,2,0,1,0,0,0,0,0,0,0,0,NA,2,0,1,0,0,0,0,0,0,0,0,NA,2,0,1,0,0,0,0,0,0,0,0,NA,17,2:13:51,6:30:02,0,1,6:45:15,11:00:20,1033,501,38,20,53.96,53.67,54.24,60.5,55.1,56.7,52.3,60,59.5,6.8098433,37.145435,1924.4,4.7,uuid:ba333b20-8847-40d9-b119-c515565f6871,2512142209,uuid:ba333b20-8847-40d9-b119-c515565f6871
1305382,S0717042652,SWEPR,Dawro,zabagezo,yela,Rural,"12/23/2025, 8:36:54 AM","12/22/2025, 1:15:40 PM","12/23/2025, 8:31:16 AM",12/22/2025,7b083c6dbffcaebb,0,NA,0,0,1,1,0,0,1,1,1,4,0,0,2,0,1,0,0,0,0,0,0,0,0,NA,2,0,1,0,0,0,0,0,0,0,0,NA,2,0,1,0,0,0,0,0,0,0,0,NA,8,2:15:15,6:30:25,0,0,NA,NA,94,53,13,3,60.25,62.9,57.6,59.98,56.7,57,56.2,58.34,58.7,7.1139946,37.2693763,1574.9,5,uuid:d356f06a-f4e6-4ec3-a511-b19cae2a997d,2512142209,uuid:d356f06a-f4e6-4ec3-a511-b19cae2a997d
709828,S0720050132,CENTRAL ETHIOPIA,Silte,dalocha town ad.,dalocha tlikasa,Rural,"12/9/2025, 7:57:16 PM","12/8/2025, 10:14:55 AM","12/9/2025, 7:43:26 PM",12/8/2025,fef309259d139ee0,0,NA,1,0,1,1,0,0,1,1,1,16,0,0,1 7,1,0,0,0,0,1,0,0,0,0,NA,1 7,1,0,0,0,0,1,0,0,0,0,NA,1,1,0,0,0,0,0,0,0,0,0,NA,16,2:00:47,2:30:58,0,0,NA,NA,727,376,18,14,63.5,63,64,56,64,56,68,63,64,7.8368952,38.1723217,0,100,uuid:a38dc692-6efd-4508-9e81-30391f0cd45e,2512030705,uuid:a38dc692-6efd-4508-9e81-30391f0cd45e
710385,S0720060022,CENTRAL ETHIOPIA,Silte,sankura,menzo,Rural,"12/16/2025, 7:59:01 PM","12/16/2025, 12:34:46 PM","12/16/2025, 6:47:16 PM",12/16/2025,fef309259d139ee0,0,NA,0,1,1,1,0,0,1,1,1,12,0,0,1 2,1,1,0,0,0,0,0,0,0,0,NA,1 2,1,1,0,0,0,0,0,0,0,0,NA,1 3,1,0,1,0,0,0,0,0,0,0,NA,17,8:30:37,12:45:51,0,0,NA,NA,724,379,19,15,62,52.4,71.6,66.56,66.2,67.03,65.6,52.6,63.3,7.5577432,38.2157414,1908.5,1.2,uuid:a90c8829-73be-4d91-8f70-ac959b9a0971,2512142209,uuid:a90c8829-73be-4d91-8f70-ac959b9a0971
709549,S0720063002,CENTRAL ETHIOPIA,Silte,alemgebeya town ad.,adasha,Urban,"12/20/2025, 12:55:49 AM","12/19/2025, 11:50:27 AM","12/19/2025, 11:38:45 PM",12/19/2025,fef309259d139ee0,0,NA,1,1,1,1,0,0,1,1,1,17,0,0,1 2,1,1,0,0,0,0,0,0,0,0,NA,1 2,1,1,0,0,0,0,0,0,0,0,NA,1 2,1,1,0,0,0,0,0,0,0,0,NA,36,8:30:41,12:45:42,0,0,NA,NA,1212,621,15,7,65.46,64.31,66.6,60.07,62.38,59.8,61.7,63.33,66.43,7.5530849,38.1773665,1885.5,3.7,uuid:35d6718b-2f92-44ce-9530-0554a70a538d,2512142209,uuid:35d6718b-2f92-44ce-9530-0554a70a538d
710216,S0720070282,CENTRAL ETHIOPIA,Silte,misirak azernet berbere,kember shomo,Urban,"12/24/2025, 3:42:30 PM","12/24/2025, 10:50:23 AM","12/24/2025, 3:39:19 PM",12/24/2025,fef309259d139ee0,0,NA,0,1,1,1,0,0,1,1,1,13,0,0,1,1,0,0,0,0,0,0,0,0,0,NA,1,1,0,0,0,0,0,0,0,0,0,NA,1,1,0,0,0,0,0,0,0,0,0,NA,18,8:30:20,12:45:30,0,0,NA,NA,773,353,16,7,64.16,59,69.32,58,64.6,61.8,65.3,56.3,63.3,7.7882827,38.0200795,2334.1,2,uuid:9a23fda5-157c-4dc0-88ab-03c6bacb9cab,2512142209,uuid:9a23fda5-157c-4dc0-88ab-03c6bacb9cab
709901,S0720080132,CENTRAL ETHIOPIA,Silte,hulbareg,ambercho gimba,Rural,"12/15/2025, 8:28:31 PM","12/12/2025, 11:49:22 AM","12/15/2025, 8:18:06 PM",12/12/2025,fef309259d139ee0,0,NA,0,0,1,1,0,0,1,1,1,10,0,0,2,0,1,0,0,0,0,0,0,0,0,NA,2,0,1,0,0,0,0,0,0,0,0,NA,2,0,1,0,0,0,0,0,0,0,0,NA,15,2:30:47,12:45:48,0,0,NA,NA,837,411,15,13,65.61,64.9,66.31,55.9,60.3,48.1,54.5,66.3,65.3,7.681155,38.092149,2310.8,2.9,uuid:884d9c65-7e39-4494-8ae4-6e7ab61af45a,2512111025,uuid:884d9c65-7e39-4494-8ae4-6e7ab61af45a
800022,S0801010152,GAMBELLA,Anywa,abobo,lumtak,Rural,"12/10/2025, 8:38:16 AM","12/9/2025, 11:30:18 AM","12/10/2025, 3:28:41 AM",12/9/2025,7920b42f5d4d12d1,0,NA,0,0,0,NA,0,0,0,0,0,6,0,0,3 4 97,0,0,1,1,0,0,0,0,0,1,Community,97,0,0,0,0,0,0,0,0,0,1,No tolit,3,0,0,1,0,0,0,0,0,0,0,NA,6,2:00:42,6:15:00,0,0,NA,NA,84,41,7,6,64.5,63,66,53,56,53,50,58,56,7.6864533,34.74186,526.3,4.1,uuid:b9fd9ecc-a4f4-4e57-8111-ccbbc802fb58,2512030705,uuid:b9fd9ecc-a4f4-4e57-8111-ccbbc802fb58
800028,S0801010172,GAMBELLA,Anywa,abobo,tiegny cycle 1,Rural,"12/8/2025, 9:28:15 PM","12/8/2025, 12:01:45 PM","12/8/2025, 8:40:21 PM",12/8/2025,7920b42f5d4d12d1,0,NA,0,0,1,1,0,0,1,0,0,8,1,0,97,0,0,0,0,0,0,0,0,0,1,Teacher and student,4 8,0,0,0,1,0,0,1,0,0,0,NA,7,0,0,0,0,0,1,0,0,0,0,NA,0,2:00:50,6:15:50,0,0,NA,NA,225,124,16,13,58,52,64,68,57,56,57,51,56,7.83619,34.5348333,432.3,5,uuid:67569bd7-fc98-488e-bb97-4d31ae7410eb,2512030705,uuid:67569bd7-fc98-488e-bb97-4d31ae7410eb
800082,S0801030042,GAMBELLA,Anywa,gambella zuria,koben,Rural,"12/19/2025, 4:25:43 PM","12/17/2025, 1:20:11 PM","12/19/2025, 4:29:57 PM",12/17/2025,7920b42f5d4d12d1,1,Makuey- konday,0,0,1,0,0,0,1,0,0,8,1,0,3 4,0,0,1,1,0,0,0,0,0,0,NA,3,0,0,1,0,0,0,0,0,0,0,NA,7,0,0,0,0,0,1,0,0,0,0,NA,8,2:00:08,6:15:20,0,0,NA,NA,246,140,13,11,61.1,58.7,63.5,58.33,62.22,56.15,57.62,52.83,60.7,8.0526717,34.8319867,632.9,4.8,uuid:174c41d7-ad0b-482f-aec5-0bc77d361f31,2512142209,uuid:174c41d7-ad0b-482f-aec5-0bc77d361f31
800088,S0801030062,GAMBELLA,Anywa,gambella zuria,siri mejang,Rural,"12/17/2025, 4:50:12 AM","12/16/2025, 1:26:48 PM","12/16/2025, 8:58:58 PM",12/16/2025,7920b42f5d4d12d1,0,NA,0,0,0,NA,0,0,0,0,0,9,0,0,2 4,0,1,0,1,0,0,0,0,0,0,NA,97,0,0,0,0,0,0,0,0,0,1,No tolit,7,0,0,0,0,0,1,0,0,0,0,NA,9,2:00:09,6:15:11,0,0,NA,NA,294,162,8,7,61.25,63.2,59.3,64.4,62.8,60,57.1,63.2,59.3,7.9423514,34.8190158,573,4.9,uuid:f7331fe1-ec95-4845-803a-07b6bdc5c3a3,2512142209,uuid:f7331fe1-ec95-4845-803a-07b6bdc5c3a3
800080,S0801030072,GAMBELLA,Anywa,gambella zuria,jewie,Rural,"12/5/2025, 11:02:04 PM","12/5/2025, 11:30:28 AM","12/5/2025, 10:25:25 PM",12/5/2025,7920b42f5d4d12d1,0,NA,0,0,1,1,0,0,1,0,0,9,1,0,1 3 4,1,0,1,1,0,0,0,0,0,0,NA,1,1,0,0,0,0,0,0,0,0,0,NA,7,0,0,0,0,0,1,0,0,0,0,NA,0,2:00:00,6:15:11,0,0,NA,NA,109,53,7,3,68.5,67,70,59,54,57,51,51,53,8.1691619,34.7199811,434.8,3.2,uuid:ceecf8e0-2ec6-45c9-b724-960e2034b6ca,2512030705,uuid:ceecf8e0-2ec6-45c9-b724-960e2034b6ca
800089,S0801030122,GAMBELLA,Anywa,gambella zuria,upagna,Rural,"12/16/2025, 7:49:45 PM","12/16/2025, 11:16:17 AM","12/16/2025, 6:38:04 PM",12/16/2025,8.66E+14,1,"Nuer zone, akobo, chotjiock primary school",0,0,1,1,0,0,1,1,1,8,1,0,2 7,0,1,0,0,0,1,0,0,0,0,NA,1,1,0,0,0,0,0,0,0,0,0,NA,2,0,1,0,0,0,0,0,0,0,0,NA,8,2:00:49,6:15:51,0,0,NA,NA,159,104,18,9,79.3,72.15,86.45,60.43,66.65,63.11,68.94,65.21,72.38,8.2432981,34.4025484,418.6,4.9,uuid:6b51fe0b-e44a-4cb1-9dd4-c59da184421f,2512142209,uuid:6b51fe0b-e44a-4cb1-9dd4-c59da184421f
800081,S0801030202,GAMBELLA,Anywa,gambella zuria,karami,Rural,"12/10/2025, 8:58:30 AM","12/4/2025, 11:46:22 AM","12/10/2025, 9:03:51 AM",12/4/2025,7920b42f5d4d12d1,0,NA,0,0,1,0,0,0,1,0,0,8,1,0,3 4 97,0,0,1,1,0,0,0,0,0,1,Kebele community,3,0,0,1,0,0,0,0,0,0,0,NA,3 4,0,0,1,1,0,0,0,0,0,0,NA,8,2:00:48,6:15:49,0,0,NA,NA,127,77,20,12,65,62,68,53,50,55,64,50,55,8.1725719,34.6591036,417.2,4.8,uuid:a7e3cee1-b370-4155-8b91-279389d2a60f,2512030705,uuid:a7e3cee1-b370-4155-8b91-279389d2a60f
800119,S0801040112,GAMBELLA,Anywa,gog,gog jing jor,Rural,"12/12/2025, 10:34:44 PM","12/12/2025, 9:44:24 AM","12/12/2025, 10:39:38 PM",12/12/2025,7920b42f5d4d12d1,1,Dimma wored - karikan school,0,0,1,1,1,0,1,0,0,8,1,0,2 3 4,0,1,1,1,0,0,0,0,0,0,NA,3,0,0,1,0,0,0,0,0,0,0,NA,7,0,0,0,0,0,1,0,0,0,0,NA,8,2:00:25,6:15:26,0,0,NA,NA,271,149,8,6,53.25,53.9,52.6,59.8,44.6,63.3,49.6,52.6,54.6,8.23691,34.5825533,446.2,4.9,uuid:75ac28d0-106c-4c88-adf2-78a185305dbf,2512111025,uuid:75ac28d0-106c-4c88-adf2-78a185305dbf
800109,S0801040122,GAMBELLA,Anywa,gog,abuha,Rural,"12/12/2025, 7:42:55 AM","12/11/2025, 1:03:11 PM","12/12/2025, 7:41:30 AM",12/11/2025,8.66E+14,0,NA,0,0,1,1,0,0,1,1,0,8,1,0,3 4 5,0,0,1,1,1,0,0,0,0,0,NA,1 3,1,0,1,0,0,0,0,0,0,0,NA,7,0,0,0,0,0,1,0,0,0,0,NA,0,2:00:41,18:15:44,0,0,NA,NA,160,81,11,7,55.5,52,59,65,72,60,65,71,77,7.6487089,34.1275121,419.3,4.8,uuid:7fb6a328-16bd-4833-b3d5-3f0819b18841,2512030705,uuid:7fb6a328-16bd-4833-b3d5-3f0819b18841
800307,S0803010182,GAMBELLA,Majang,godere,tiliku matti`,Rural,"12/19/2025, 8:20:21 PM","12/15/2025, 12:24:42 PM","12/19/2025, 4:51:43 PM",12/15/2025,fa247a43ab390c7d,0,NA,1,0,1,1,1,0,1,1,1,9,1,0,7 97,0,0,0,0,0,1,0,0,0,1,Parents,7,0,0,0,0,0,1,0,0,0,0,NA,2 7,0,1,0,0,0,1,0,0,0,0,NA,15,8:00:09,12:15:15,0,0,NA,NA,234,113,12,9,50.5,51,50,50,52,50,50,53,57,7.2879105,35.3360376,1329,1.5,uuid:672c1302-56c5-42cc-95b2-3d0b78d741ce,2512111025,uuid:672c1302-56c5-42cc-95b2-3d0b78d741ce
800296,S0803010192,GAMBELLA,Majang,godere,goshini,Rural,"12/5/2025, 8:02:50 PM","12/5/2025, 10:29:53 AM","12/5/2025, 5:51:00 PM",12/5/2025,fa247a43ab390c7d,0,NA,1,0,1,1,0,0,1,1,0,17,0,0,1 2 7,1,1,0,0,0,1,0,0,0,0,NA,1,1,0,0,0,0,0,0,0,0,0,NA,1 2,1,1,0,0,0,0,0,0,0,0,NA,20,7:55:36,12:15:37,1,0,NA,NA,649,330,2,1,54.5,55,54,53,51,58,52,51,52,7.2113733,35.2832333,1222.1,5,uuid:75903d06-85d3-4c5d-9070-5c18c152dc08,2512030705,uuid:75903d06-85d3-4c5d-9070-5c18c152dc08
800306,S0803010212,GAMBELLA,Majang,godere,simuye chemi,Rural,"12/11/2025, 4:16:02 PM","12/9/2025, 10:32:11 AM","12/10/2025, 3:07:39 PM",12/9/2025,fa247a43ab390c7d,0,NA,1,0,1,1,0,0,1,1,0,16,0,0,2 7,0,1,0,0,0,1,0,0,0,0,NA,2,0,1,0,0,0,0,0,0,0,0,NA,2,0,1,0,0,0,0,0,0,0,0,NA,18,8:00:05,12:15:14,0,0,NA,NA,374,205,26,21,59,60,58,51,50,51,53,55,56,7.2515975,35.315942,1357,1.4,uuid:afd0f8bc-8fd8-439e-9604-cc50fe43c4b5,2512030705,uuid:afd0f8bc-8fd8-439e-9604-cc50fe43c4b5
800312,S0803010282,GAMBELLA,Majang,godere,yekibeko,Rural,"12/8/2025, 7:38:56 PM","12/8/2025, 12:20:48 PM","12/8/2025, 7:38:12 PM",12/8/2025,fa247a43ab390c7d,0,NA,0,0,0,NA,0,0,1,1,0,12,0,0,2 10,0,1,0,0,0,0,0,0,1,0,NA,1 2,1,1,0,0,0,0,0,0,0,0,NA,2,0,1,0,0,0,0,0,0,0,0,NA,17,8:00:20,12:15:27,0,0,NA,NA,566,326,5,5,55.5,52,59,51,57,53,54,61,66,7.3224189,35.3320353,1775.3,4.3,uuid:748893e8-e803-4df1-8f96-5fb4929c31a9,2512030705,uuid:748893e8-e803-4df1-8f96-5fb4929c31a9
800324,S0803020032,GAMBELLA,Majang,mengeshi,dushi no.1,Rural,"12/11/2025, 4:16:02 PM","12/10/2025, 1:28:51 PM","12/10/2025, 3:12:59 PM",12/10/2025,fa247a43ab390c7d,0,NA,1,0,1,1,0,0,1,1,1,10,1,0,7,0,0,0,0,0,1,0,0,0,0,NA,7,0,0,0,0,0,1,0,0,0,0,NA,7,0,0,0,0,0,1,0,0,0,0,NA,16,8:00:28,12:15:40,1,0,NA,NA,612,335,13,11,68,62,74,59,63,58,59,57,61,7.2846443,35.1866807,1071.6,3.8,uuid:c8a7a87c-6842-4911-82e1-c6a37a213d27,2512030705,uuid:c8a7a87c-6842-4911-82e1-c6a37a213d27
800339,S0803020072,GAMBELLA,Majang,mengeshi,shone,Rural,"12/19/2025, 8:20:29 PM","12/19/2025, 11:51:15 AM","12/19/2025, 4:48:41 PM",12/19/2025,fa247a43ab390c7d,1,Pibor,1,0,1,1,0,1,1,1,1,8,1,0,7,0,0,0,0,0,1,0,0,0,0,NA,7,0,0,0,0,0,1,0,0,0,0,NA,7,0,0,0,0,0,1,0,0,0,0,NA,13,8:30:28,12:20:43,0,0,NA,NA,856,442,14,8,63,65,61,60,60,67,66,56,58,7.2780412,35.2643091,1316.2,1.4,uuid:da3af40a-c2b5-443c-83c8-8da0287e1bac,2512142209,uuid:da3af40a-c2b5-443c-83c8-8da0287e1bac
800323,S0803020082,GAMBELLA,Majang,mengeshi,dopia,Rural,"12/19/2025, 8:20:25 PM","12/17/2025, 10:43:01 AM","12/19/2025, 4:54:23 PM",12/17/2025,fa247a43ab390c7d,0,NA,0,0,1,1,0,0,1,0,0,8,1,0,2 5 7,0,1,0,0,1,1,0,0,0,0,NA,7,0,0,0,0,0,1,0,0,0,0,NA,7,0,0,0,0,0,1,0,0,0,0,NA,10,8:00:47,12:15:06,1,0,NA,NA,222,133,6,4,51.5,52,51,50,50,53,51,52,57,7.5604053,35.0164851,846,2.6,uuid:d8b182ce-08b1-4252-84e7-900c4fc9e88d,2512142209,uuid:d8b182ce-08b1-4252-84e7-900c4fc9e88d
800337,S0803020112,GAMBELLA,Majang,mengeshi,selame,Rural,"12/14/2025, 6:54:13 PM","12/11/2025, 12:19:51 PM","12/14/2025, 2:35:41 PM",12/11/2025,fa247a43ab390c7d,0,NA,0,1,1,1,0,0,1,1,0,8,0,0,2 7 97,0,1,0,0,0,1,0,0,0,1,Parents,1 2 7,1,1,0,0,0,1,0,0,0,0,NA,2 7,0,1,0,0,0,1,0,0,0,0,NA,13,8:00:07,12:15:09,0,0,NA,NA,431,206,8,4,62.5,63,62,59,57,59,60,68,67,7.2974558,35.2299105,1309.5,4.7,uuid:074effcb-1175-4365-9b2c-c19f93c7585e,2512030705,uuid:074effcb-1175-4365-9b2c-c19f93c7585e
800333,S0803020162,GAMBELLA,Majang,mengeshi,kokare,Rural,"12/18/2025, 7:08:11 PM","12/18/2025, 12:47:14 PM","12/18/2025, 7:03:11 PM",12/18/2025,fa247a43ab390c7d,0,NA,0,0,1,1,0,0,1,0,0,8,1,0,7,0,0,0,0,0,1,0,0,0,0,NA,7,0,0,0,0,0,1,0,0,0,0,NA,7,0,0,0,0,0,1,0,0,0,0,NA,10,8:00:49,12:15:00,1,0,NA,NA,139,71,6,6,52.5,55,50,50,55,55,50,60,50,7.565512,34.907213,595,4.9,uuid:107a66d9-6fad-4a49-926e-03781afd4e50,2512142209,uuid:107a66d9-6fad-4a49-926e-03781afd4e50
800322,S0803020252,GAMBELLA,Majang,mengeshi,dagshi,Rural,"12/19/2025, 8:20:01 PM","12/12/2025, 12:50:40 PM","12/19/2025, 4:50:43 PM",12/12/2025,fa247a43ab390c7d,0,NA,1,0,0,NA,0,1,1,0,0,6,0,0,2 7,0,1,0,0,0,1,0,0,0,0,NA,7,0,0,0,0,0,1,0,0,0,0,NA,7,0,0,0,0,0,1,0,0,0,0,NA,9,8:00:41,12:20:52,0,0,NA,NA,242,128,4,2,52,53,51,50,51,52,50,55,57,7.3388332,35.2791237,1605,5,uuid:3e9c2846-e9ba-4e57-8a24-fa7e60bff9b6,2512111025,uuid:3e9c2846-e9ba-4e57-8a24-fa7e60bff9b6
900285,S0901050062,HARARI,Harari,sofi,dekker,Rural,"12/8/2025, 5:39:04 PM","12/8/2025, 8:24:14 AM","12/8/2025, 3:00:13 PM",12/8/2025,b069b6a079b16d18,0,NA,1,1,1,1,1,0,1,1,1,9,1,0,97,0,0,0,0,0,0,0,0,0,1,ጽዳት ሰራተኛ,97,0,0,0,0,0,0,0,0,0,1,ጽዳት ሰራተኛ,2,0,1,0,0,0,0,0,0,0,0,NA,9,2:00:02,6:30:08,1,1,7:30:26,10:45:54,1090,553,37,16,58,52,64,57,55,54,57,52,64,9.2902133,42.1476883,1789.6,5,uuid:e99888a0-9dde-4c05-b814-17ff8d1dd217,2512030705,uuid:e99888a0-9dde-4c05-b814-17ff8d1dd217
900280,S0901050072,HARARI,Harari,sofi,aw umer,Rural,"12/17/2025, 6:19:13 AM","12/9/2025, 8:59:09 AM","12/16/2025, 4:48:15 PM",12/9/2025,b069b6a079b16d18,0,NA,1,0,1,1,1,0,1,1,0,16,1,0,97,0,0,0,0,0,0,0,0,0,1,ጸዳት ሰራተኛ,97,0,0,0,0,0,0,0,0,0,1,ጸዳት ሰራተኛ,97,0,0,0,0,0,0,0,0,0,1,ጸዳት ሰራተኛ,16,2:00:56,6:15:56,0,1,6:30:58,10:45:58,1832,1037,35,19,59.5,56,63,54,56,59,57,56,58,9.53062,42.0492,1822,10.2,uuid:a545ed5c-ef96-494f-bbcb-0a6521df3e0b,2512030705,uuid:a545ed5c-ef96-494f-bbcb-0a6521df3e0b
900026,S0901070092,HARARI,Harari,aboker,kelad amba no.2,Urban,"12/10/2025, 6:02:21 PM","12/10/2025, 8:50:09 AM","12/10/2025, 10:32:18 AM",12/10/2025,b069b6a079b16d18,1,Oda gadisa,1,1,1,1,0,0,1,1,1,11,1,1,97,0,0,0,0,0,0,0,0,0,1,ጽዳት ሰራተኛ,97,0,0,0,0,0,0,0,0,0,1,ጽዳት ሰራተኛ,97,0,0,0,0,0,0,0,0,0,1,ጽዳት ሰራተኛ,11,2:01:01,6:15:10,1,1,6:30:22,11:45:29,962,470,25,4,57,60,54,54,51,57,53,68,60,9.3150932,42.1135686,0,900,uuid:4a9ac08a-ce6d-403a-be11-8668e1eced95,2512030705,uuid:4a9ac08a-ce6d-403a-be11-8668e1eced95
900040,S0901080062,HARARI,Harari,amir nur,sena,Urban,"12/5/2025, 8:36:11 PM","12/5/2025, 4:14:18 PM","12/5/2025, 4:33:33 PM",12/5/2025,3.58E+14,0,NA,0,0,0,NA,0,0,1,1,1,7,1,1,97,0,0,0,0,0,0,0,0,0,1,Women janitor,97,0,0,0,0,0,0,0,0,0,1,Women janitor,97,0,0,0,0,0,0,0,0,0,1,Women janitor,8,2:00:06,6:15:07,0,1,6:30:12,17:00:15,494,189,24,19,59,57,61,58,58.5,52.3,51,49,53,9.3155143,42.1440104,1766,5,uuid:76ee6e2b-673e-440a-a87d-0178cafb2b9b,2512030705,uuid:76ee6e2b-673e-440a-a87d-0178cafb2b9b
1101780,S1002090012,ADDIS ABABA,Akaki-Kaliti,Woreda 9,kilinto no 1,Urban,"12/18/2025, 6:19:35 AM","12/16/2025, 11:22:56 AM","12/18/2025, 6:15:49 AM",12/16/2025,3.58E+14,0,NA,1,1,1,1,1,1,1,1,1,43,1,1,97,0,0,0,0,0,0,0,0,0,1,Janitors,97,0,0,0,0,0,0,0,0,0,1,Janitors,97,0,0,0,0,0,0,0,0,0,1,Janitors,44,2:30:29,6:30:35,0,1,6:30:54,21:30:06,2676,1343,69,62,59,51,73,69,67.9,73.8,69.15,74.6,71,8.9005884,38.8057218,2160,5,uuid:e7c04dcd-81bf-4147-9989-28ec9bc55f47,2512142209,uuid:e7c04dcd-81bf-4147-9989-28ec9bc55f47
1101426,S1007130252,ADDIS ABABA,Addis Ketema,Woreda 12,BISRAT,Urban,"12/18/2025, 6:19:34 AM","12/15/2025, 8:48:19 AM","12/18/2025, 6:17:05 AM",12/15/2025,3.58E+14,0,NA,1,1,1,1,1,1,1,1,1,40,1,1,97,0,0,0,0,0,0,0,0,0,1,Janitors,97,0,0,0,0,0,0,0,0,0,1,Janitor,97,0,0,0,0,0,0,0,0,0,1,Janitors,40,2:53:30,8:53:30,0,1,6:54:24,5:30:25,2353,1219,127,61,68.5,69.8,67.2,69.5,84.6,75,72,81.5,74.5,9.047291,38.7126548,2506,5,uuid:c433e6c1-e9b5-48dc-a642-406567a82c44,2512111025,uuid:c433e6c1-e9b5-48dc-a642-406567a82c44
1103302,S1008010052,ADDIS ABABA,Lideta,Woreda 1,Lideta Selam,Urban,"12/19/2025, 4:13:42 PM","12/18/2025, 11:21:13 AM","12/18/2025, 11:31:04 AM",12/18/2025,3.58E+14,0,NA,1,1,1,1,1,1,1,1,1,13,1,1,97,0,0,0,0,0,0,0,0,0,1,Janitors,97,0,0,0,0,0,0,0,0,0,1,NA,7,0,0,0,0,0,1,0,0,0,0,NA,13,2:30:51,6:45:03,1,1,6:45:33,21:15:44,372,184,50,30,77.75,82.5,73,93.7,81.8,94.2,85.2,94.79,94.2,9.0026959,38.7334322,2317,5,uuid:8c848c43-ee81-48d0-b439-a820c3847dc3,2512142209,uuid:8c848c43-ee81-48d0-b439-a820c3847dc3
1000236,S1111070022,DIRE DAWA,Dire Dawa,kebele 07,haji mahammed abdullahi oksade,Urban,"12/26/2025, 4:04:26 PM","12/4/2025, 4:43:11 PM","12/26/2025, 3:17:54 PM",12/4/2025,b069b6a079b16d18,0,NA,1,1,1,1,1,1,1,1,1,16,1,1,2 4 7,0,1,0,1,0,1,0,0,0,0,NA,97,0,0,0,0,0,0,0,0,0,1,ጽዳት ሰራተኛ,2,0,1,0,0,0,0,0,0,0,0,NA,16,3:00:41,6:15:40,0,1,6:45:38,11:00:37,645,346,33,25,70,62,78,64,69,60,66,70,78,9.603473,41.8759866,1159.1,9.3,uuid:24a1aca8-38f1-4ae7-80f1-169df6aa1817,2512030705,uuid:24a1aca8-38f1-4ae7-80f1-169df6aa1817
1000025,S1111100032,DIRE DAWA,Dire Dawa,asaliso cluster,gorroo-dhertu,Rural,"12/15/2025, 1:09:58 PM","12/12/2025, 11:19:13 AM","12/15/2025, 1:05:45 PM",12/12/2025,b069b6a079b16d18,0,NA,0,0,1,1,0,0,1,1,0,12,1,0,2,0,1,0,0,0,0,0,0,0,0,NA,2,0,1,0,0,0,0,0,0,0,0,NA,2,0,1,0,0,0,0,0,0,0,0,NA,12,1:45:16,6:15:17,0,0,NA,NA,560,296,20,8,56.8,56.4,57.2,56.7,57.1,55.6,56.5,57.1,58.1,9.5998315,41.8937005,1227,5.9,uuid:0fe6f72c-abc2-4c9c-9a07-42c550b49897,2512111025,uuid:0fe6f72c-abc2-4c9c-9a07-42c550b49897
1000419,S1111100062,DIRE DAWA,Dire Dawa,asaliso cluster,adiga felema,Rural,"12/21/2025, 3:15:08 PM","12/18/2025, 11:04:41 AM","12/21/2025, 3:13:42 PM",12/18/2025,b069b6a079b16d18,0,NA,1,1,1,1,0,0,1,1,0,8,1,0,2,0,1,0,0,0,0,0,0,0,0,NA,2,0,1,0,0,0,0,0,0,0,0,NA,2,0,1,0,0,0,0,0,0,0,0,NA,9,2:00:00,6:30:00,1,0,NA,NA,274,106,22,19,61.2,62.6,59.8,58.2,63.4,54.2,59.6,58.9,61.83,9.5518203,41.7928772,1288.8,4,uuid:40b9955c-3532-4be1-9dc8-cb58c2aa5963,2512142209,uuid:40b9955c-3532-4be1-9dc8-cb58c2aa5963
1000068,S1111120132,DIRE DAWA,Dire Dawa,biyo awale cluster,awale,Rural,"12/18/2025, 9:26:52 AM","12/15/2025, 12:26:31 PM","12/17/2025, 7:41:38 PM",12/15/2025,b069b6a079b16d18,0,NA,1,1,1,1,1,0,1,1,0,20,1,0,2,0,1,0,0,0,0,0,0,0,0,NA,2,0,1,0,0,0,0,0,0,0,0,NA,2,0,1,0,0,0,0,0,0,0,0,NA,21,2:00:19,6:15:20,1,0,NA,NA,1394,742,25,16,68.85,68.2,69.5,65.2,68.12,57,58,72.6,79,9.5302133,42.0488833,1208.2,7.5,uuid:3015535f-c30b-4a54-a221-c98d09959744,2512142209,uuid:3015535f-c30b-4a54-a221-c98d09959744
1200423,S1204053802,SIDAMA,South Sidama,aleta wondo,woto,Rural,"12/15/2025, 10:02:49 AM","12/12/2025, 3:38:56 PM","12/15/2025, 9:48:41 AM",12/12/2025,3bbad6a83cf9544a,0,NA,1,1,1,1,0,0,1,1,1,12,1,0,97,0,0,0,0,0,0,0,0,0,1,Leaner,97,0,0,0,0,0,0,0,0,0,1,Cleaner,97,0,0,0,0,0,0,0,0,0,1,Cleaner,14,15:42:25,15:42:26,0,1,15:42:36,15:42:37,743,358,59,22,94,94,94,99,93,98,98,99,96.5,6.58225,38.4115296,1728.2,4.5,uuid:59f21706-af9b-434d-8185-38cf854e69f3,2512111025,uuid:59f21706-af9b-434d-8185-38cf854e69f3
1200975,S1204102872,SIDAMA,North Sidama,boricha,chafa boicha,Rural,"12/5/2025, 5:50:10 PM","12/4/2025, 9:07:32 AM","12/5/2025, 5:38:05 PM",12/4/2025,3bbad6a83cf9544a,0,NA,0,0,1,1,0,0,1,0,0,4,0,0,7,0,0,0,0,0,1,0,0,0,0,NA,8,0,0,0,0,0,0,1,0,0,0,NA,7,0,0,0,0,0,1,0,0,0,0,NA,7,2:00:20,6:15:21,0,1,6:30:23,10:45:23,515,263,12,8,89.5,88,91,80,86,78,92,86,90,6.9160499,38.329721,1874.6,1.8,uuid:1fc9cc4a-e012-4135-82c7-31097893b1fa,2512030705,uuid:1fc9cc4a-e012-4135-82c7-31097893b1fa
1202455,S1204121002,SIDAMA,North Sidama,malga,kacha gumuricho,Urban,"12/9/2025, 5:30:15 PM","12/8/2025, 1:00:24 PM","12/9/2025, 5:13:08 PM",12/8/2025,3bbad6a83cf9544a,0,NA,0,0,1,1,0,0,1,1,1,10,1,0,3 4 5 7 8,0,0,1,1,1,1,1,0,0,0,NA,5 7 8,0,0,0,0,1,1,1,0,0,0,NA,2 4 5 7,0,1,0,1,1,1,0,0,0,0,NA,16,2:15:37,6:30:00,1,1,6:45:51,11:00:05,811,519,30,22,79.5,75,84,60,83,50,88,55,81,6.9305246,38.6909781,1719.2,2.8,uuid:7038bbd6-30e8-4418-be4a-585d03dc8ec3,2512030705,uuid:7038bbd6-30e8-4418-be4a-585d03dc8ec3
1202973,S1204130122,SIDAMA,Centeral Sidama,wonsho,lalamo,Rural,"12/24/2025, 7:19:05 PM","12/23/2025, 12:38:17 PM","12/24/2025, 7:00:28 PM",12/23/2025,3bbad6a83cf9544a,1,Daela,0,1,1,1,0,0,1,0,1,10,0,0,2 3 4 5 7 8,0,1,1,1,1,1,1,0,0,0,NA,2 3 4 5 8,0,1,1,1,1,0,1,0,0,0,NA,4 7,0,0,0,1,0,1,0,0,0,0,NA,13,2:00:06,12:15:07,0,1,12:30:10,10:45:11,538,312,35,20,65,60,70,59,62,60,65,68,72,6.7506985,38.530227,2011.5,2.5,uuid:bbb64a74-7d58-4138-961d-05f9d701ef75,2512142209,uuid:bbb64a74-7d58-4138-961d-05f9d701ef75
1201128,S1204160382,SIDAMA,South Sidama,bursa,tariche hiro,Rural,"12/23/2025, 9:41:37 PM","12/22/2025, 5:02:52 PM","12/23/2025, 9:31:47 PM",12/22/2025,3bbad6a83cf9544a,0,NA,0,0,1,1,0,0,1,1,1,8,0,0,2,0,1,0,0,0,0,0,0,0,0,NA,1 2,1,1,0,0,0,0,0,0,0,0,NA,1 2,1,1,0,0,0,0,0,0,0,0,NA,16,2:00:55,6:30:10,0,1,6:45:40,11:00:52,716,354,28,28,94.5,92,97,70.45,74.95,73,77.59,71.65,74.8,6.6484706,38.5953902,1919.3,1.4,uuid:38c271da-06c0-4002-b88b-4e21f6782b51,2512142209,uuid:38c271da-06c0-4002-b88b-4e21f6782b51
1200945,S1204180302,SIDAMA,East Sidama,bona,olonso dagucho,Rural,"12/17/2025, 6:45:07 PM","12/15/2025, 1:59:29 PM","12/17/2025, 5:44:44 PM",12/15/2025,3bbad6a83cf9544a,0,NA,0,0,1,0,0,0,1,0,0,8,0,0,2 3,0,1,1,0,0,0,0,0,0,0,NA,1 97,1,0,0,0,0,0,0,0,0,1,We also pay for cleaner,4 7,0,0,0,1,0,1,0,0,0,0,NA,12,1:30:41,6:15:40,0,1,6:20:39,10:45:38,500,260,37,31,72.5,70,75,999,999,999,999,999,999,6.5424852,38.6725007,2242.7,2.5,uuid:2ef60ea0-3d1c-4147-86d3-f836745e1615,2512111025,uuid:2ef60ea0-3d1c-4147-86d3-f836745e1615
1200121,S1222010152,SIDAMA,Hawassa City Ad.,hawassa city ad.,ethiopiatikdem,Urban,"12/11/2025, 8:51:14 PM","12/10/2025, 11:49:12 AM","12/11/2025, 6:55:55 PM",12/10/2025,3bbad6a83cf9544a,0,NA,1,1,1,1,1,1,1,1,1,12,1,1,97,0,0,0,0,0,0,0,0,0,1,Cleaner,97,0,0,0,0,0,0,0,0,0,1,Cleaner,97,0,0,0,0,0,0,0,0,0,1,Cleaner,12,2:15:28,6:30:27,1,1,6:45:26,11:00:25,1831,711,67,41,70.5,71,70,68,65,70,67,72,70,7.0538331,38.4864412,1618.4,4.3,uuid:e431aa58-ffe2-4241-b041-f9a670e18b98,2512030705,uuid:e431aa58-ffe2-4241-b041-f9a670e18b98
