code,emis_code,region,zone,woreda,school_name,rural,SubmissionDate,starttime,endtime,surveyday,deviceid,consent,respondent_code,note_no_consent,sex,A2,A2_1,A2_2,A2_3,A2_4,A2_5,A2_6,A2_7,A2_8,A2_9,A3,A3_1,A3_2,A3_3,A3_97,A3_other,A4,A4_other,A5,A5_other,A6,A6_other,A7,A8,A9,A10,A11,A12,B1,B1_1,B1_2,B1_3,B1_4,B1_5,B1_97,B1_98,B1_other,B2,B2_other,B3,B3_1,B3_2,B3_3,B3_4,B3_5,B3_6,B3_97,B3_other,B4,B5,B5_1,B5_2,B5_3,B5_4,B5_5,B5_97,B5_other,B6,B6_1,B6_2,B6_3,B6_4,B6_5,B6_6,B6_7,B6_8,B6_9,B6_97,B6_other,B7,B7_1,B7_2,B7_3,B7_4,B7_5,B7_6,B7_7,B7_8,B7_97,B7_98,B7_other,B8,B8_1,B8_2,B8_3,B8_4,B8_5,B8_6,B8_7,B8_8,B8_97,B8_98,B8_other,C1_1,C1_2,C1_3,C1_4,C2_1,C2_2,C2_3,C2_4,C3,C3_1,C3_2,C3_3,C3_4,C3_5,C3_6,C3_7,C3_8,C3_9,C3_10,C3_11,C3_12,C3_0,C3_other,C4,C5,C5_other,C6,C6_1,C6_2,C6_3,C6_4,C6_5,C6_6,C6_7,C6_8,C6_9,C6_10,C6_11,C6_97,C6_98,C6_other,C7_1,C7_2,C7_3,C7_4,C7_5,C7_6,C8_1,C8_2,C8_3,C8_4,C9_1,C9_2,C9_3,C9_4,C9_5,C9_6,C10_1,C10_2,C10_3,C11,C11_1,C11_2,C11_3,C11_4,C11_5,C11_6,C11_97,C11_98,C11_other,D1_1,D1_2,D1_3,D1_4,D1_5,D1_6,D2_1,D2_2,D2_3,D2_4,D2_5,D3,D3_other,D5_1,D5_2,D5_3,D5_4,D5_5,D6,D6_1,D6_2,D6_3,D6_4,D6_97,D6_other,D7,D7_other,E1_1,E1_2,E1_3,E1_4,E1_5,E1_6,E1_7,E1_8,E1_9,E1_10,E1_97,E1_other,E2_1,E2_2,E2_3,E2_4,E2_5,E2_6,E2_7,E3_1,E3_2,E3_3,E3_4,E3_5,E3_6,E3_7,E3_8,E3_9,E3_10,E3_11,E4,E4_1,E4_2,E4_3,E4_4,E4_5,E4_6,E4_7,E4_8,E4_9,E4_10,E4_11,E5_1,E5_2,E5_3,E5_4,E5_5,E5_6,E5_7,E6,E7,E8,F1,F2_1,F2_2,F2_3,F2_4,F2_5,F2_6,F3_1,F3_2,F3_3,F3_4,F3_5,F4,F4_1,F4_2,F4_3,F4_4,F4_5,F4_6,F4_97,F4_other,F5,F6_1,F6_2,F6_3,F6_4,F6_5,F6_6,F6_7,F6_8,F7,G1,G1_1,G1_2,G1_3,G1_4,G1_5,G1_6,G1_7,G1_8,G1_97,G1_other,G2a,G2b,G3,G4,instanceID,formdef_version,KEY,consentgroup[1]/SectionC[1]/C6[1]/C6_1,consentgroup[1]/SectionC[1]/C6[1]/C6_2,consentgroup[1]/SectionC[1]/C6[1]/C6_3,consentgroup[1]/SectionC[1]/C6[1]/C6_4,consentgroup[1]/SectionC[1]/C6[1]/C6_5,consentgroup[1]/SectionC[1]/C6[1]/C6_6,consentgroup[1]/SectionC[1]/C8[1]/C8_5,consentgroup[1]/SectionC[1]/C8[1]/C8_6,consentgroup[1]/SectionC[1]/C10,consentgroup[1]/SectionD[1]/D4
1304846,New,SWEPR,Dawro,gussa city admin,okoto shasha,Urban,"12/20/2025, 11:24:45 PM","12/20/2025, 5:20:04 AM","12/20/2025, 5:27:05 PM",12/20/2025,9103e136556fc552,1,T29601,NA,female,4 5 6,0,0,0,1,1,1,0,0,0,97,0,0,0,1,Environment Science,4,NA,3,NA,1,NA,2008,2014,3,0,NA,NA,1,1,0,0,0,0,0,0,NA,1,NA,6,0,0,0,0,0,1,0,NA,1,1 3,1,0,1,0,0,0,NA,1 2 3 4 5 97,1,1,1,1,1,0,0,0,0,1,Increase well behave students,2 6,0,1,0,0,0,1,0,0,0,0,NA,3 4,0,0,1,1,0,0,0,0,0,0,NA,4,4,3,1,4,1,4,1,4 8 9,0,0,0,1,0,0,0,1,1,0,0,0,0,NA,4,2,NA,1 2 3 4 5 6 7 8 9 10 11,1,1,1,1,1,1,1,1,1,1,1,0,0,NA,4,4,4,3,4,4,4,3,3,4,4,5,4,5,5,5,1,1,1,2 5,0,1,0,0,1,0,0,0,NA,4,3,1,4,1,2,3,4,1,4,2,3,NA,4,4,4,1,4,1 2 3,1,1,1,0,0,NA,3,NA,1,1,0,1,0,1,1,1,1,0,1,"Poor infrastructure, no road access to the school",1,1,1,1,4,1,1,3,2,2,2,2,2,3,1,3,3,3,1 6,1,0,0,0,0,1,0,0,0,0,0,4,1,4,4,1,4,1,2,2,2,9,1,3,4,3,4,3,4,4,4,4,4,1 2 4 97,1,1,0,1,0,0,1,Opportunity to get a bachelor's degree,1,1,2,3,1,3,1,1,1,No,1 7,1,0,0,0,0,0,1,0,0,NA,28,NA,11122,"Very, very poor infrastructure, this is the main challenge, lack of school building",uuid:d0d302e9-7e50-42fe-94bf-439813952678,2512142209,uuid:d0d302e9-7e50-42fe-94bf-439813952678,NA,NA,NA,NA,NA,NA,NA,NA,NA,NA
1304846,New,SWEPR,Dawro,gussa city admin,okoto shasha,Urban,"12/20/2025, 11:24:46 PM","12/20/2025, 5:58:10 AM","12/20/2025, 5:27:29 PM",12/20/2025,9103e136556fc552,1,T29603,NA,male,1 2 3,1,1,1,0,0,0,0,0,0,1,1,0,0,0,NA,3,NA,3,NA,1,NA,2011,2015,3,0,NA,NA,1,1,0,0,0,0,0,0,NA,1,NA,6,0,0,0,0,0,1,0,NA,1,1 3,1,0,1,0,0,0,NA,1 2 4 6,1,1,0,1,0,1,0,0,0,0,NA,2 4,0,1,0,1,0,0,0,0,0,0,NA,1 4,1,0,0,1,0,0,0,0,0,0,NA,4,4,2,2,4,1,3,1,8 9,0,0,0,0,0,0,0,1,1,0,0,0,0,NA,4,2,NA,1 2 3 4 5 6 7 8 9 10 11,1,1,1,1,1,1,1,1,1,1,1,0,0,NA,4,4,4,4,4,4,4,4,4,4,5,5,5,5,5,5,2,1,1,2 5,0,1,0,0,1,0,0,0,NA,4,4,1,4,2,3,5,4,1,5,2,97,Based on the students choices,4,4,4,1,4,1 2,1,1,0,0,0,NA,2,NA,1,1,0,1,0,1,1,1,1,0,0,NA,1,2,1,1,4,1,1,3,3,3,3,3,3,3,3,3,3,3,3 4,0,0,1,1,0,0,0,0,0,0,0,4,1,4,4,1,4,1,3,3,2,6,1,4,4,4,4,1,4,4,4,4,4,1 2 4,1,1,0,1,0,0,0,NA,1,1,1,3,1,3,1,1,1,No,1 2,1,1,0,0,0,0,0,0,0,NA,30,NA,10438,Very poor infrastructure and the safety of the students and teachers is not good,uuid:6590320e-b464-40c3-8c93-e329e57ad007,2512142209,uuid:6590320e-b464-40c3-8c93-e329e57ad007,NA,NA,NA,NA,NA,NA,NA,NA,NA,NA
1304846,New,SWEPR,Dawro,gussa city admin,okoto shasha,Urban,"12/21/2025, 6:11:05 PM","12/20/2025, 11:51:46 AM","12/21/2025, 6:10:41 PM",12/20/2025,7b083c6dbffcaebb,1,T29602,NA,male,4 5 6,0,0,0,1,1,1,0,0,0,2 97,0,1,0,1,Moral education,4,NA,5,NA,1,NA,2001,2013,6,0,NA,NA,1,1,0,0,0,0,0,0,NA,1,NA,6,0,0,0,0,0,1,0,NA,1,3,0,0,1,0,0,0,NA,1 3 4,1,0,1,1,0,0,0,0,0,0,NA,5 7,0,0,0,0,1,0,1,0,0,0,NA,2 4,0,1,0,1,0,0,0,0,0,0,NA,3,3,2,2,2,2,3,3,4 8 9,0,0,0,1,0,0,0,1,1,0,0,0,0,NA,1,3,NA,1 2 3 4 5 6 7 8 9 10 11,1,1,1,1,1,1,1,1,1,1,1,0,0,NA,3,3,3,3,2,2,4,3,4,4,5,4,4,5,5,5,1,1,1,2 5,0,1,0,0,1,0,0,0,NA,4,4,4,4,1,4,5,5,1,5,2,3,NA,4,4,4,1,4,2 4,0,1,0,1,0,NA,3,NA,1,1,0,1,1,1,1,1,1,1,0,NA,1,3,1,1,4,1,1,1,1,3,3,3,3,3,3,3,3,3,5 9,0,0,0,0,1,0,0,0,1,0,0,4,3,3,3,4,3,4,1,1,1,8,4,3,4,4,4,3,4,4,4,4,4,1 2 3 4,1,1,1,1,0,0,0,NA,1,1,1,3,1,1,1,1,1,No,3 7,0,0,1,0,0,0,1,0,0,NA,35,NA,13817,No additional comment,uuid:d17e79ad-47dc-4ff3-969f-0997cb07ba51,2512142209,uuid:d17e79ad-47dc-4ff3-969f-0997cb07ba51,NA,NA,NA,NA,NA,NA,NA,NA,NA,NA
82362,S0401060022,OROMIA,Arsii Lixaa,dodolaa,tulluu seerofta,Rural,"12/10/2025, 6:01:22 PM","12/10/2025, 12:18:25 PM","12/10/2025, 6:09:07 PM",12/10/2025,6cd4eced41301dbb,1,S24202,NA,female,1 2,1,1,0,0,0,0,0,0,0,3,0,0,1,0,NA,3,NA,3,NA,0,NA,2012,2012,1,1,2,2,5,0,0,0,0,1,0,0,NA,1,NA,2 3 6,0,1,1,0,0,1,0,NA,1,2 3,0,1,1,0,0,0,NA,3 4 7,0,0,1,1,0,0,1,0,0,0,NA,5 8,0,0,0,0,1,0,0,1,0,0,NA,2 8,0,1,0,0,0,0,0,1,0,0,NA,4,2,1,3,1,1,1,2,7 9,0,0,0,0,0,0,1,0,1,0,0,0,0,NA,4,2,NA,3 5,0,0,1,0,1,0,0,0,0,0,0,0,0,NA,4,3,3,3,4,4,3,3,4,4,5,5,4,5,5,4,2,1,1,2 5,0,1,0,0,1,0,0,0,NA,4,4,2,4,3,2,4,2,2,3,2,4,NA,3,2,1,1,2,2 3,0,1,1,0,0,NA,2,NA,0,0,0,1,1,0,0,1,1,0,0,NA,2,1,1,1,3,1,1,3,2,3,3,3,2,3,3,3,3,3,1 2,1,1,0,0,0,0,0,0,0,0,0,1,1,1,3,1,4,1,3,3,1,10,1,4,2,4,3,3,4,4,2,3,4,4,0,0,0,1,0,0,0,NA,1,2,3,3,2,2,3,2,2,Hin jiru,4,0,0,0,1,0,0,0,0,0,NA,31,NA,9450,Hin jiru,uuid:8dd1962b-8605-4534-860c-97c1da3fb225,2512040829,uuid:8dd1962b-8605-4534-860c-97c1da3fb225,NA,NA,NA,NA,NA,NA,NA,NA,NA,NA
82362,S0401060022,OROMIA,Arsii Lixaa,dodolaa,tulluu seerofta,Rural,"12/10/2025, 6:46:21 PM","12/10/2025, 12:29:56 PM","12/10/2025, 5:49:36 PM",12/10/2025,78b63b5b10d7e676,1,T24202,NA,male,1 2,1,1,0,0,0,0,0,0,0,3,0,0,1,0,NA,3,NA,2,NA,1,NA,2008,2017,3,1,1,2,5,0,0,0,0,1,0,0,NA,1,NA,6,0,0,0,0,0,1,0,NA,1,2,0,1,0,0,0,0,NA,4 5,0,0,0,1,1,0,0,0,0,0,NA,4 8,0,0,0,1,0,0,0,1,0,0,NA,4 8,0,0,0,1,0,0,0,1,0,0,NA,2,3,3,3,1,1,2,1,3 5 6 7,0,0,1,0,1,1,1,0,0,0,0,0,0,NA,4,3,NA,2 3 4 5,0,1,1,1,1,0,0,0,0,0,0,0,0,NA,3,3,4,3,4,4,4,3,3,4,5,5,5,5,5,5,1,1,1,5,0,0,0,0,1,0,0,0,NA,3,3,3,3,2,2,2,2,2,5,3,2,NA,3,3,2,2,2,1 2,1,1,0,0,0,NA,3,NA,1,0,1,0,0,1,0,1,1,0,0,NA,1,1,1,1,4,1,1,3,3,3,3,3,3,3,3,3,3,3,1 4,1,0,0,1,0,0,0,0,0,0,0,1,1,1,3,3,3,1,3,3,1,10,1,2,4,3,3,2,4,3,4,3,4,5,0,0,0,0,1,0,0,NA,0,NA,NA,NA,NA,NA,NA,NA,NA,NA,4,0,0,0,1,0,0,0,0,0,NA,32,NA,10633,Degarrsa dhabbu,uuid:94310adb-0a5e-4614-b2e9-812b6badc300,2512040829,uuid:94310adb-0a5e-4614-b2e9-812b6badc300,NA,NA,NA,NA,NA,NA,NA,NA,NA,NA
82362,S0401060022,OROMIA,Arsii Lixaa,dodolaa,tulluu seerofta,Rural,"12/10/2025, 6:46:23 PM","12/10/2025, 11:52:18 AM","12/10/2025, 5:49:45 PM",12/10/2025,78b63b5b10d7e676,1,T24201,NA,male,6 7,0,0,0,0,0,1,1,0,0,3,0,0,1,0,NA,3,NA,2,NA,1,NA,2011,2011,1,1,1,2,5,0,0,0,0,1,0,0,NA,1,NA,5 6,0,0,0,0,1,1,0,NA,1,2,0,1,0,0,0,0,NA,2 4 5,0,1,0,1,1,0,0,0,0,0,NA,5 8,0,0,0,0,1,0,0,1,0,0,NA,2 8,0,1,0,0,0,0,0,1,0,0,NA,3,4,3,3,2,3,2,3,3 4 5 7,0,0,1,1,1,0,1,0,0,0,0,0,0,NA,4,3,NA,2 3 9,0,1,1,0,0,0,0,0,1,0,0,0,0,NA,3,3,4,3,4,3,4,3,3,4,4,4,4,4,4,4,2,1,1,5,0,0,0,0,1,0,0,0,NA,4,3,4,4,3,3,4,3,2,3,3,2,NA,3,3,2,2,3,2,0,1,0,0,0,NA,3,NA,0,0,0,1,0,1,1,1,0,0,0,NA,1,1,1,1,4,3,3,3,3,3,3,3,2,3,3,3,3,3,1 4,1,0,0,1,0,0,0,0,0,0,0,1,3,1,3,3,3,1,3,2,1,8,3,2,3,4,3,2,4,4,4,4,4,2,0,1,0,0,0,0,0,NA,0,NA,NA,NA,NA,NA,NA,NA,NA,NA,4,0,0,0,1,0,0,0,0,0,NA,26,NA,10200,Hin jiru,uuid:5cbfacc3-c03c-4130-a43e-5939627b6a08,2512040829,uuid:5cbfacc3-c03c-4130-a43e-5939627b6a08,NA,NA,NA,NA,NA,NA,NA,NA,NA,NA
82870,S0401110142,OROMIA,Arsii Lixaa,nansaboo,amshiiqqaa qurxummii,Rural,"12/9/2025, 5:37:14 PM","12/9/2025, 8:55:28 AM","12/9/2025, 5:31:37 PM",12/9/2025,be940800bcbddadd,1,T20201,NA,male,6 8,0,0,0,0,0,1,0,1,0,1,1,0,0,0,NA,4,NA,2,NA,1,NA,2010,2015,4,0,NA,NA,5,0,0,0,0,1,0,0,NA,1,NA,2 6,0,1,0,0,0,1,0,NA,1,1,1,0,0,0,0,0,NA,2 4 5,0,1,0,1,1,0,0,0,0,0,NA,2 5,0,1,0,0,1,0,0,0,0,0,NA,4 5,0,0,0,1,1,0,0,0,0,0,NA,3,3,2,3,2,1,1,1,2 4 7 8 10,0,1,0,1,0,0,1,1,0,1,0,0,0,NA,4,3,NA,2 3 5,0,1,1,0,1,0,0,0,0,0,0,0,0,NA,3,3,3,3,3,3,4,3,3,4,5,5,4,5,4,4,1,1,1,2 5,0,1,0,0,1,0,0,0,NA,2,3,4,4,3,2,4,3,3,4,3,2,NA,3,2,2,2,3,1 2 3,1,1,1,0,0,NA,2,NA,0,0,0,0,0,1,0,1,1,0,0,NA,1,1,1,2,4,1,1,2,3,3,3,3,2,3,3,3,3,3,4 11,0,0,0,1,0,0,0,0,0,0,1,2,1,3,3,1,2,3,3,3,1,10,2,2,4,3,4,2,4,4,3,4,4,2 4,0,1,0,1,0,0,0,NA,0,NA,NA,NA,NA,NA,NA,NA,NA,NA,4 5,0,0,0,1,1,0,0,0,0,NA,27,NA,10437,None,uuid:e6bb920c-4d1b-4cb4-a834-c72c5d62ebe2,2512030649,uuid:e6bb920c-4d1b-4cb4-a834-c72c5d62ebe2,NA,NA,NA,NA,NA,NA,NA,NA,NA,NA
82870,S0401110142,OROMIA,Arsii Lixaa,nansaboo,amshiiqqaa qurxummii,Rural,"12/9/2025, 5:39:56 PM","12/9/2025, 9:59:50 AM","12/9/2025, 5:31:52 PM",12/9/2025,be940800bcbddadd,1,T20202,NA,male,2 3,0,1,1,0,0,0,0,0,0,1,1,0,0,0,NA,1,NA,2,NA,1,NA,2013,2017,4,0,NA,NA,5,0,0,0,0,1,0,0,NA,1,NA,2 6,0,1,0,0,0,1,0,NA,1,1,1,0,0,0,0,0,NA,2 3 4 5,0,1,1,1,1,0,0,0,0,0,NA,2 4,0,1,0,1,0,0,0,0,0,0,NA,2 4,0,1,0,1,0,0,0,0,0,0,NA,4,4,3,4,3,3,3,2,3 5 9,0,0,1,0,1,0,0,0,1,0,0,0,0,NA,4,3,NA,2 4 5,0,1,0,1,1,0,0,0,0,0,0,0,0,NA,3,2,3,3,4,4,4,3,3,3,4,4,4,4,5,4,2,2,1,5,0,0,0,0,1,0,0,0,NA,2,4,2,4,4,3,2,2,3,5,3,1,NA,4,3,3,2,2,2 3,0,1,1,0,0,NA,4,NA,0,0,0,0,0,0,0,0,1,0,0,NA,1,1,1,1,4,1,1,3,2,3,3,3,2,3,3,3,3,3,1 4,1,0,0,1,0,0,0,0,0,0,0,1,1,2,1,1,3,1,3,3,1,8,1,2,4,4,4,3,4,4,3,4,4,2,0,1,0,0,0,0,0,NA,0,NA,NA,NA,NA,NA,NA,NA,NA,NA,4,0,0,0,1,0,0,0,0,0,NA,27,NA,9929,Hin jiru,uuid:09647757-3c47-4352-b3de-b13a7b015f5c,2512030649,uuid:09647757-3c47-4352-b3de-b13a7b015f5c,NA,NA,NA,NA,NA,NA,NA,NA,NA,NA
82870,S0401110142,OROMIA,Arsii Lixaa,nansaboo,amshiiqqaa qurxummii,Rural,"12/9/2025, 6:48:40 PM","12/9/2025, 9:59:57 AM","12/9/2025, 11:20:00 AM",12/9/2025,6cd4eced41301dbb,1,T20203,NA,male,2 3,0,1,1,0,0,0,0,0,0,3,0,0,1,0,NA,4,NA,5,NA,1,NA,2006,2011,3,1,2,2,1 5,1,0,0,0,1,0,0,NA,1,NA,2 6,0,1,0,0,0,1,0,NA,1,1,1,0,0,0,0,0,NA,3 4,0,0,1,1,0,0,0,0,0,0,NA,2 4,0,1,0,1,0,0,0,0,0,0,NA,2 6,0,1,0,0,0,1,0,0,0,0,NA,2,2,2,2,1,1,1,1,6 8 9,0,0,0,0,0,1,0,1,1,0,0,0,0,NA,4,2,NA,3 5 9,0,0,1,0,1,0,0,0,1,0,0,0,0,NA,4,4,4,3,3,3,4,3,3,3,5,3,4,5,3,3,2,1,1,2 5,0,1,0,0,1,0,0,0,NA,2,3,4,4,2,2,2,1,2,4,1,4,NA,3,3,3,1,3,2 3,0,1,1,0,0,NA,3,NA,0,0,0,1,1,1,0,1,1,0,0,NA,1,1,1,1,4,1,1,3,2,2,3,3,2,2,2,3,3,3,1 5,1,0,0,0,1,0,0,0,0,0,0,1,1,1,3,3,3,2,2,1,1,10,1,3,3,3,3,2,4,4,2,4,4,4,0,0,0,1,0,0,0,NA,1,3,3,3,1,2,3,3,2,Hin jiru,4 5,0,0,0,1,1,0,0,0,0,NA,30,NA,12066,Hanqina kitaabaa fi meeshaalee barnootaaf ta'u dhabamuu qulqullinna ijaarsa mana barumsaa fi hanqinna kafaltii mindaa barsiisotaa,uuid:237633e2-494c-47e9-8e4a-3f323f885af9,2512040829,uuid:237633e2-494c-47e9-8e4a-3f323f885af9,NA,NA,NA,NA,NA,NA,NA,NA,NA,NA
82926,S0401110232,OROMIA,Arsii Lixaa,nansaboo,tulluu leencaa,Rural,"12/8/2025, 6:38:52 PM","12/8/2025, 11:05:33 AM","12/8/2025, 11:49:31 AM",12/8/2025,6cd4eced41301dbb,1,T20302,NA,male,1 2 3,1,1,1,0,0,0,0,0,0,3,0,0,1,0,NA,5,NA,5,NA,1,NA,2002,2010,3,0,NA,NA,2 5,0,1,0,0,1,0,0,NA,1,NA,2 6,0,1,0,0,0,1,0,NA,1,2 3 4,0,1,1,1,0,0,NA,3 4,0,0,1,1,0,0,0,0,0,0,NA,4 5,0,0,0,1,1,0,0,0,0,0,NA,2 4,0,1,0,1,0,0,0,0,0,0,NA,3,3,2,2,1,2,2,1,6 9,0,0,0,0,0,1,0,0,1,0,0,0,0,NA,4,2,NA,5 9,0,0,0,0,1,0,0,0,1,0,0,0,0,NA,4,3,3,3,3,4,3,2,3,3,5,4,4,4,4,3,2,1,1,5,0,0,0,0,1,0,0,0,NA,4,4,2,4,2,3,3,1,1,2,1,4,NA,3,3,4,1,2,2 3,0,1,1,0,0,NA,3,NA,0,0,0,1,1,0,0,1,1,0,0,NA,2,2,1,1,3,1,1,1,2,2,2,3,2,2,3,3,3,2,5 8,0,0,0,0,1,0,0,1,0,0,0,3,1,4,3,1,4,2,3,1,1,7,3,3,1,4,3,1,4,4,3,4,4,6,0,0,0,0,0,1,0,NA,0,NA,NA,NA,NA,NA,NA,NA,NA,NA,4,0,0,0,1,0,0,0,0,0,NA,36,NA,14368,Lack of Technology like computer class,uuid:7fe3b88c-cfd6-4d7c-9ef8-1f515bdc6cf5,2512040829,uuid:7fe3b88c-cfd6-4d7c-9ef8-1f515bdc6cf5,NA,NA,NA,NA,NA,NA,NA,NA,NA,NA
82926,S0401110232,OROMIA,Arsii Lixaa,nansaboo,tulluu leencaa,Rural,"12/8/2025, 6:38:53 PM","12/8/2025, 2:56:54 PM","12/8/2025, 3:39:45 PM",12/8/2025,6cd4eced41301dbb,1,T20303,NA,male,7 8,0,0,0,0,0,0,1,1,0,97,0,0,0,1,History,4,NA,5,NA,0,NA,2006,2016,4,0,NA,NA,5,0,0,0,0,1,0,0,NA,1,NA,2,0,1,0,0,0,0,0,NA,1,3,0,0,1,0,0,0,NA,3 4 5,0,0,1,1,1,0,0,0,0,0,NA,2 6,0,1,0,0,0,1,0,0,0,0,NA,2 6,0,1,0,0,0,1,0,0,0,0,NA,4,4,2,4,3,4,2,2,3 5 9,0,0,1,0,1,0,0,0,1,0,0,0,0,NA,4,2,NA,3 5,0,0,1,0,1,0,0,0,0,0,0,0,0,NA,4,4,4,4,4,4,4,4,4,4,5,5,5,5,5,4,1,1,1,5,0,0,0,0,1,0,0,0,NA,3,4,4,4,3,3,5,2,3,4,3,1,NA,3,3,2,1,2,2 3,0,1,1,0,0,NA,2,NA,0,0,0,0,1,0,0,0,1,0,0,NA,1,1,1,1,4,1,1,3,3,3,3,3,3,3,3,3,3,3,9 11,0,0,0,0,0,0,0,0,1,0,1,1,1,1,4,3,3,1,3,3,1,10,1,4,1,4,4,1,4,4,4,4,4,2 4,0,1,0,1,0,0,0,NA,1,3,3,3,1,2,3,3,3,Hin jiru,3 4,0,0,1,1,0,0,0,0,0,NA,30,NA,10462,Lack professional training,uuid:91824c71-309d-4fe1-9cdd-734df1fb6857,2512040829,uuid:91824c71-309d-4fe1-9cdd-734df1fb6857,NA,NA,NA,NA,NA,NA,NA,NA,NA,NA
82926,S0401110232,OROMIA,Arsii Lixaa,nansaboo,tulluu leencaa,Rural,"12/8/2025, 6:42:52 PM","12/8/2025, 10:53:43 AM","12/8/2025, 6:41:31 PM",12/8/2025,78b63b5b10d7e676,1,T20301,NA,female,1 2,1,1,0,0,0,0,0,0,0,97,0,0,0,1,Sayinsii naannoo,4,NA,2,NA,1,NA,2007,2012,2,0,NA,NA,1 2 3,1,1,1,0,0,0,0,NA,1,NA,2 3 5,0,1,1,0,1,0,0,NA,1,1 2,1,1,0,0,0,0,NA,2 4,0,1,0,1,0,0,0,0,0,0,NA,2 5,0,1,0,0,1,0,0,0,0,0,NA,2 5,0,1,0,0,1,0,0,0,0,0,NA,3,4,3,3,3,3,3,3,2 4 5 7 9 10,0,1,0,1,1,0,1,0,1,1,0,0,0,NA,4,3,NA,2,0,1,0,0,0,0,0,0,0,0,0,0,0,NA,3,3,4,3,4,4,4,3,3,3,5,5,4,4,5,5,2,1,2,5,0,0,0,0,1,0,0,0,NA,2,3,3,4,2,2,4,2,2,5,4,2,NA,3,2,2,3,3,2,0,1,0,0,0,NA,3,NA,0,0,0,1,0,0,0,1,0,0,0,NA,3,3,2,1,4,1,1,2,2,3,3,3,2,3,3,3,3,2,1 2,1,1,0,0,0,0,0,0,0,0,0,3,1,3,2,1,1,1,3,3,1,8,3,2,3,3,3,2,4,3,3,3,3,4,0,0,0,1,0,0,0,NA,0,NA,NA,NA,NA,NA,NA,NA,NA,NA,1 5,1,0,0,0,1,0,0,0,0,NA,32,NA,11200,Hin jiru,uuid:819fac4f-6433-4586-aee6-0da91f193530,2512040829,uuid:819fac4f-6433-4586-aee6-0da91f193530,NA,NA,NA,NA,NA,NA,NA,NA,NA,NA
83047,S0401130412,OROMIA,Arsii Lixaa,shaallaa,albulaa leencaa,Rural,"12/27/2025, 7:57:00 PM","12/27/2025, 1:29:22 PM","12/27/2025, 7:56:27 PM",12/27/2025,c7654ba83377bbd9,1,T22203,NA,male,6 7 8,0,0,0,0,0,1,1,1,0,2,0,1,0,0,NA,6,NA,2,NA,1,NA,2002,2002,1,1,5,3,3 97,0,0,1,0,0,1,0,Misooma Barsiisaa,1,NA,6,0,0,0,0,0,1,0,NA,1,3,0,0,1,0,0,0,NA,3 4 7,0,0,1,1,0,0,1,0,0,0,NA,2 5,0,1,0,0,1,0,0,0,0,0,NA,2 4,0,1,0,1,0,0,0,0,0,0,NA,2,3,3,3,2,2,2,3,2 5 7,0,1,0,0,1,0,1,0,0,0,0,0,0,NA,4,2,NA,2 10 11,0,1,0,0,0,0,0,0,0,1,1,0,0,NA,4,3,3,3,3,3,4,3,3,3,4,4,4,4,5,5,1,1,1,2 5,0,1,0,0,1,0,0,0,NA,3,4,3,4,3,3,4,4,2,2,2,1,NA,4,4,4,4,4,1 2 3,1,1,1,0,0,NA,2,NA,1,1,0,1,1,1,1,1,1,1,0,NA,1,1,1,1,3,3,3,3,3,2,3,1,2,3,3,3,3,1,1 11,1,0,0,0,0,0,0,0,0,0,1,3,3,3,3,3,3,3,3,3,1,8,1,4,4,4,4,4,4,4,4,4,4,1 4,1,0,0,1,0,0,0,NA,0,NA,NA,NA,NA,NA,NA,NA,NA,NA,3 4,0,0,1,1,0,0,0,0,0,NA,36,NA,13323,None,uuid:0ef680f2-7428-43d3-94b5-a1bdbbe40ff6,2512142209,uuid:0ef680f2-7428-43d3-94b5-a1bdbbe40ff6,NA,NA,NA,NA,NA,NA,NA,NA,NA,NA
83047,S0401130412,OROMIA,Arsii Lixaa,shaallaa,albulaa leencaa,Rural,"12/27/2025, 8:28:20 PM","12/27/2025, 12:38:53 PM","12/27/2025, 4:57:37 PM",12/27/2025,8e28ba7f870e07da,1,T22201,NA,female,4,0,0,0,1,0,0,0,0,0,1,1,0,0,0,NA,1,NA,5,NA,1,NA,2013,2014,2,0,NA,NA,5,0,0,0,0,1,0,0,NA,4,NA,2 5,0,1,0,0,1,0,0,NA,1,3,0,0,1,0,0,0,NA,3 4 6,0,0,1,1,0,1,0,0,0,0,NA,2 3,0,1,1,0,0,0,0,0,0,0,NA,3 4,0,0,1,1,0,0,0,0,0,0,NA,3,3,3,2,1,1,1,1,4 5,0,0,0,1,1,0,0,0,0,0,0,0,0,NA,0,1,NA,NA,NA,NA,NA,NA,NA,NA,NA,NA,NA,NA,NA,NA,NA,NA,4,1,1,1,3,3,1,2,1,4,5,3,5,5,5,3,3,1,1,2,0,1,0,0,0,0,0,0,NA,3,3,3,3,3,3,4,4,4,4,4,2,NA,1,1,4,4,4,2,0,1,0,0,0,NA,3,NA,0,1,0,1,1,1,1,1,1,1,1,Methaf etiret,4,4,1,1,4,1,1,3,3,3,3,3,2,3,3,3,3,3,1 4,1,0,0,1,0,0,0,0,0,0,0,4,1,4,4,1,3,3,1,1,2,10,1,3,4,1,4,4,4,4,4,4,4,2,0,1,0,0,0,0,0,NA,1,2,2,3,1,1,1,1,1,Nene,7 8,0,0,0,0,0,0,1,1,0,NA,24,NA,9249,"Riket megd alememechet ,Menorya bet Etiret.wuha Etiret,Tena kela Etiret",uuid:aeace92a-9c70-419c-a4de-791ac1e8913c,2512142209,uuid:aeace92a-9c70-419c-a4de-791ac1e8913c,NA,NA,NA,NA,NA,NA,NA,NA,NA,NA
83047,S0401130412,OROMIA,Arsii Lixaa,shaallaa,albulaa leencaa,Rural,"12/27/2025, 8:28:21 PM","12/27/2025, 1:11:02 PM","12/27/2025, 4:57:59 PM",12/27/2025,8e28ba7f870e07da,1,T22202,NA,male,3,0,0,1,0,0,0,0,0,0,2,0,1,0,0,NA,7,NA,1,NA,0,NA,2007,2007,1,0,NA,NA,1,1,0,0,0,0,0,0,NA,4,NA,2,0,1,0,0,0,0,0,NA,1,3,0,0,1,0,0,0,NA,2 4 5,0,1,0,1,1,0,0,0,0,0,NA,2 3,0,1,1,0,0,0,0,0,0,0,NA,3 4,0,0,1,1,0,0,0,0,0,0,NA,2,2,2,3,1,1,1,1,4 5,0,0,0,1,1,0,0,0,0,0,0,0,0,NA,4,2,NA,3 5 9,0,0,1,0,1,0,0,0,1,0,0,0,0,NA,4,4,4,3,4,4,4,2,3,4,5,3,4,5,5,5,3,1,1,2 5,0,1,0,0,1,0,0,0,NA,3,3,3,3,3,3,4,4,3,3,3,2,NA,1,1,1,1,4,2,0,1,0,0,0,NA,3,NA,1,1,0,1,0,1,1,1,1,1,1,"Memarya class matat,Memir etat.Methaf Etiret,Wuha Etiret",4,4,1,1,3,1,1,3,3,3,1,3,2,3,3,3,3,3,1 4,1,0,0,1,0,0,0,0,0,0,0,4,4,4,4,1,4,4,2,2,1,10,4,4,1,1,4,1,4,4,4,4,4,2 4,0,1,0,1,0,0,0,NA,1,2,3,3,1,1,1,1,1,None,6 8,0,0,0,0,0,1,0,1,0,NA,28,NA,10600,"Siltena Matat,Methafi , Etiret",uuid:3acd26f7-b01c-4bec-9871-66b9ffcee976,2512142209,uuid:3acd26f7-b01c-4bec-9871-66b9ffcee976,NA,NA,NA,NA,NA,NA,NA,NA,NA,NA
83143,S0401140352,OROMIA,Arsii Lixaa,shaashamannee,burraa,Rural,"12/5/2025, 2:05:25 PM","12/5/2025, 11:14:56 AM","12/5/2025, 11:51:37 AM",12/5/2025,6cd4eced41301dbb,1,T22301,NA,male,4,0,0,0,1,0,0,0,0,0,2,0,1,0,0,NA,5,NA,2,NA,1,NA,2002,2016,7,0,NA,NA,5,0,0,0,0,1,0,0,NA,1,NA,2 6,0,1,0,0,0,1,0,NA,1,3,0,0,1,0,0,0,NA,2 3 4,0,1,1,1,0,0,0,0,0,0,NA,2 3,0,1,1,0,0,0,0,0,0,0,NA,5 6,0,0,0,0,1,1,0,0,0,0,NA,3,3,2,2,3,2,2,2,5 7 9,0,0,0,0,1,0,1,0,1,0,0,0,0,NA,4,2,NA,3 5 9,0,0,1,0,1,0,0,0,1,0,0,0,0,NA,3,4,4,4,4,4,4,4,4,4,5,5,4,4,3,5,2,1,1,2 5,0,1,0,0,1,0,0,0,NA,3,3,3,4,4,3,4,4,3,3,2,4,NA,3,2,2,1,3,2 3,0,1,1,0,0,NA,3,NA,0,0,0,0,0,0,1,1,1,1,0,NA,3,2,1,1,4,1,1,3,3,3,3,3,3,3,3,3,3,3,5 10,0,0,0,0,1,0,0,0,0,1,0,1,1,1,3,3,3,1,2,1,1,10,1,3,2,3,4,2,3,4,3,4,4,2 4,0,1,0,1,0,0,0,NA,0,NA,NA,NA,NA,NA,NA,NA,NA,NA,4 5,0,0,0,1,1,0,0,0,0,NA,35,NA,13148,Meeshaan mana barumsaatiif barbaachisu guutuu dhabuu kan akka kompiitaraa hanqinna daree dabalataa barnoota,uuid:0e3cea54-8664-4ee6-b687-1d4cc921c9a2,2512040829,uuid:0e3cea54-8664-4ee6-b687-1d4cc921c9a2,NA,NA,NA,NA,NA,NA,NA,NA,NA,NA
83143,S0401140352,OROMIA,Arsii Lixaa,shaashamannee,burraa,Rural,"12/5/2025, 5:42:34 PM","12/5/2025, 11:18:40 AM","12/5/2025, 5:35:55 PM",12/5/2025,78b63b5b10d7e676,1,T22302,NA,female,1 2 3 4,1,1,1,1,0,0,0,0,0,3,0,0,1,0,NA,3,NA,2,NA,1,NA,2014,2017,2,0,NA,NA,2,0,1,0,0,0,0,0,NA,1,NA,2 6,0,1,0,0,0,1,0,NA,1,1 2,1,1,0,0,0,0,NA,2 3 4 5,0,1,1,1,1,0,0,0,0,0,NA,2 8,0,1,0,0,0,0,0,1,0,0,NA,2 5,0,1,0,0,1,0,0,0,0,0,NA,3,3,3,4,1,2,3,2,1 2 4 10,1,1,0,1,0,0,0,0,0,1,0,0,0,NA,4,3,NA,5 9,0,0,0,0,1,0,0,0,1,0,0,0,0,NA,4,4,3,3,4,4,3,3,2,3,4,4,3,4,5,4,3,1,1,2,0,1,0,0,0,0,0,0,NA,3,2,3,2,3,2,3,2,3,3,3,1,NA,1,3,3,3,3,2 3,0,1,1,0,0,NA,3,NA,0,0,0,1,0,0,0,1,1,0,0,NA,3,3,1,3,3,2,3,3,3,3,3,3,2,3,3,3,3,3,1 2,1,1,0,0,0,0,0,0,0,0,0,3,2,3,3,2,3,1,3,3,1,10,1,3,2,4,4,2,4,3,4,3,4,2,0,1,0,0,0,0,0,NA,0,NA,NA,NA,NA,NA,NA,NA,NA,NA,1 2,1,1,0,0,0,0,0,0,0,NA,25,NA,10500,Hin jiru,uuid:362c333a-d6d7-4722-b78c-5a13c34b0450,2512040829,uuid:362c333a-d6d7-4722-b78c-5a13c34b0450,NA,NA,NA,NA,NA,NA,NA,NA,NA,NA
83143,S0401140352,OROMIA,Arsii Lixaa,shaashamannee,burraa,Rural,"12/5/2025, 5:42:34 PM","12/5/2025, 1:29:01 PM","12/5/2025, 5:36:30 PM",12/5/2025,78b63b5b10d7e676,1,T22303,NA,female,7,0,0,0,0,0,0,1,0,0,1,1,0,0,0,NA,3,NA,2,NA,1,NA,2008,2017,2,1,1,2,5,0,0,0,0,1,0,0,NA,1,NA,5 6,0,0,0,0,1,1,0,NA,1,1,1,0,0,0,0,0,NA,3 4 5,0,0,1,1,1,0,0,0,0,0,NA,4 5,0,0,0,1,1,0,0,0,0,0,NA,2 5,0,1,0,0,1,0,0,0,0,0,NA,3,2,2,3,3,3,1,1,2 6 8 10,0,1,0,0,0,1,0,1,0,1,0,0,0,NA,3,3,NA,3 5,0,0,1,0,1,0,0,0,0,0,0,0,0,NA,3,3,3,4,3,3,3,2,2,3,4,4,3,3,4,4,2,1,1,2 5,0,1,0,0,1,0,0,0,NA,4,3,2,2,2,2,3,2,3,3,3,2,NA,2,3,3,2,2,2,0,1,0,0,0,NA,2,NA,1,0,0,1,0,1,0,1,1,0,0,NA,2,1,1,3,3,1,1,3,3,2,3,3,2,3,3,3,3,3,2 4,0,1,0,1,0,0,0,0,0,0,0,2,2,1,2,1,1,1,3,3,1,7,2,3,2,3,3,2,4,3,3,4,4,2,0,1,0,0,0,0,0,NA,0,NA,NA,NA,NA,NA,NA,NA,NA,NA,1 3,1,0,1,0,0,0,0,0,0,NA,26,NA,10000,"Hanqinna gargarsa maati bay,ee na qunama ture",uuid:413b0b37-458f-4ecf-964d-0fcea9429a7e,2512040829,uuid:413b0b37-458f-4ecf-964d-0fcea9429a7e,NA,NA,NA,NA,NA,NA,NA,NA,NA,NA
83169,S0401140602,OROMIA,Arsii Lixaa,shaashamannee,huursaa,Rural,"12/3/2025, 5:34:46 PM","12/3/2025, 12:47:47 PM","12/3/2025, 1:41:14 PM",12/3/2025,6cd4eced41301dbb,1,T22501,NA,male,8,0,0,0,0,0,0,0,1,0,3,0,0,1,0,NA,3,NA,5,NA,1,NA,2006,2017,5,0,NA,NA,2 5,0,1,0,0,1,0,0,NA,1,NA,2 6,0,1,0,0,0,1,0,NA,1,2,0,1,0,0,0,0,NA,1 2 4,1,1,0,1,0,0,0,0,0,0,NA,4 5,0,0,0,1,1,0,0,0,0,0,NA,2 3,0,1,1,0,0,0,0,0,0,0,NA,3,3,3,2,3,3,3,3,6 7,0,0,0,0,0,1,1,0,0,0,0,0,0,NA,4,2,NA,2 3 5,0,1,1,0,1,0,0,0,0,0,0,0,0,NA,4,4,4,4,3,3,3,3,3,3,5,4,4,4,4,4,2,1,1,2 3 5,0,1,1,0,1,0,0,0,NA,3,3,3,4,3,3,3,3,3,4,4,3,NA,2,3,2,1,3,1 2 3,1,1,1,0,0,NA,2,NA,0,0,0,1,1,1,0,1,0,0,0,NA,1,1,1,1,4,1,1,3,3,3,3,3,3,3,3,3,3,3,1 4,1,0,0,1,0,0,0,0,0,0,0,3,2,3,3,1,4,1,3,3,1,7,3,3,4,4,4,4,4,4,3,3,3,5,0,0,0,0,1,0,0,NA,1,2,2,3,1,2,2,2,1,Hin jiru,4 6,0,0,0,1,0,1,0,0,0,NA,34,NA,10600,Hanqinna baajataa,uuid:91507b57-5611-4fec-9ddd-a4dab53debb1,2512030649,uuid:91507b57-5611-4fec-9ddd-a4dab53debb1,NA,NA,NA,NA,NA,NA,NA,NA,NA,NA
83169,S0401140602,OROMIA,Arsii Lixaa,shaashamannee,huursaa,Rural,"12/3/2025, 5:34:48 PM","12/3/2025, 4:11:02 PM","12/3/2025, 4:54:45 PM",12/3/2025,6cd4eced41301dbb,1,T22502,NA,male,1,1,0,0,0,0,0,0,0,0,3,0,0,1,0,NA,7,NA,2,NA,0,NA,1997,2011,5,0,NA,NA,1 5,1,0,0,0,1,0,0,NA,1,NA,2,0,1,0,0,0,0,0,NA,1,1 2 4,1,1,0,1,0,0,NA,2 4,0,1,0,1,0,0,0,0,0,0,NA,4 5,0,0,0,1,1,0,0,0,0,0,NA,5 6,0,0,0,0,1,1,0,0,0,0,NA,2,3,3,2,3,2,2,1,2 6 9,0,1,0,0,0,1,0,0,1,0,0,0,0,NA,4,2,NA,8 9 10,0,0,0,0,0,0,0,1,1,1,0,0,0,NA,3,3,3,3,3,3,4,2,3,3,4,5,4,4,4,4,2,1,1,2 5,0,1,0,0,1,0,0,0,NA,3,3,4,3,3,3,4,4,3,3,1,3,NA,3,3,3,1,2,2 3,0,1,1,0,0,NA,4,NA,0,0,0,1,1,1,0,1,1,0,0,NA,1,1,1,1,3,1,1,3,3,3,3,3,3,3,3,3,3,3,1 8,1,0,0,0,0,0,0,1,0,0,0,2,1,1,1,1,3,1,3,1,1,8,3,3,1,3,2,2,3,3,3,4,3,1,1,0,0,0,0,0,0,NA,1,3,3,3,1,2,3,3,2,Hin jiru,4 5,0,0,0,1,1,0,0,0,0,NA,52,NA,14284,Lack of finencial,uuid:4d16fc22-530a-43b8-b356-1a95865e3fc1,2512030649,uuid:4d16fc22-530a-43b8-b356-1a95865e3fc1,NA,NA,NA,NA,NA,NA,NA,NA,NA,NA
83169,S0401140602,OROMIA,Arsii Lixaa,shaashamannee,huursaa,Rural,"12/4/2025, 10:05:34 AM","12/3/2025, 5:19:13 PM","12/4/2025, 10:05:28 AM",12/3/2025,6cd4eced41301dbb,1,T22503,NA,female,5,0,0,0,0,1,0,0,0,0,1 3,1,0,1,0,NA,4,NA,5,NA,0,NA,1991,2016,3,0,NA,NA,5,0,0,0,0,1,0,0,NA,1,NA,2 6,0,1,0,0,0,1,0,NA,0,NA,NA,NA,NA,NA,NA,NA,NA,NA,NA,NA,NA,NA,NA,NA,NA,NA,NA,NA,NA,2 4,0,1,0,1,0,0,0,0,0,0,NA,5 7,0,0,0,0,1,0,1,0,0,0,NA,4,2,2,3,2,2,1,1,2 6 9,0,1,0,0,0,1,0,0,1,0,0,0,0,NA,4,2,NA,3 9 10,0,0,1,0,0,0,0,0,1,1,0,0,0,NA,3,3,3,2,3,3,3,2,3,4,4,4,3,4,4,4,2,2,1,2 5,0,1,0,0,1,0,0,0,NA,3,2,3,3,3,2,4,4,3,3,2,2,NA,1,2,2,2,3,2 3,0,1,1,0,0,NA,4,NA,0,0,0,1,1,0,0,1,1,0,0,NA,1,1,1,1,4,1,1,3,3,3,3,3,3,3,3,3,3,3,1 2 4,1,1,0,1,0,0,0,0,0,0,0,1,1,1,1,1,1,1,3,3,1,8,2,3,2,3,3,2,3,3,2,3,3,4,0,0,0,1,0,0,0,NA,1,3,3,3,1,2,2,3,2,Hin jiru,4 8,0,0,0,1,0,0,0,1,0,NA,51,NA,16296,Hin jiru,uuid:7141da1a-6d99-4948-bad0-384612a641e8,2512030649,uuid:7141da1a-6d99-4948-bad0-384612a641e8,NA,NA,NA,NA,NA,NA,NA,NA,NA,NA
83154,S0401140672,OROMIA,Arsii Lixaa,shaashamannee,diiree qarsoo,Rural,"12/4/2025, 4:30:25 PM","12/4/2025, 11:22:15 AM","12/4/2025, 3:42:44 PM",12/4/2025,6cd4eced41301dbb,1,T22402,NA,male,4 5,0,0,0,1,1,0,0,0,0,3,0,0,1,0,NA,5,NA,2,NA,0,NA,2007,2014,3,1,2,2,5,0,0,0,0,1,0,0,NA,1,NA,2 6,0,1,0,0,0,1,0,NA,1,2 3,0,1,1,0,0,0,NA,2 3 4,0,1,1,1,0,0,0,0,0,0,NA,2 5,0,1,0,0,1,0,0,0,0,0,NA,2 6,0,1,0,0,0,1,0,0,0,0,NA,2,3,2,2,2,2,2,3,6 8 9,0,0,0,0,0,1,0,1,1,0,0,0,0,NA,4,2,NA,2 9 10,0,1,0,0,0,0,0,0,1,1,0,0,0,NA,4,4,4,3,4,4,3,3,4,4,5,5,4,5,3,4,2,1,1,2 5,0,1,0,0,1,0,0,0,NA,2,3,4,4,3,3,4,2,4,4,3,4,NA,3,3,3,1,3,2 3 4,0,1,1,1,0,NA,3,NA,1,0,0,1,1,0,0,1,1,1,0,NA,1,3,1,1,4,1,1,1,1,1,3,3,2,2,3,3,3,1,1 5,1,0,0,0,1,0,0,0,0,0,0,1,3,1,2,3,1,1,3,1,1,10,1,3,1,4,3,2,3,4,3,4,3,4,0,0,0,1,0,0,0,NA,1,1,2,3,1,1,3,2,1,Hin jiru,3 4,0,0,1,1,0,0,0,0,0,NA,34,NA,12500,Lack of learning materials like computer,uuid:25d5b591-aede-4d5f-bf77-9ebbe8163727,2512040829,uuid:25d5b591-aede-4d5f-bf77-9ebbe8163727,NA,NA,NA,NA,NA,NA,NA,NA,NA,NA
83154,S0401140672,OROMIA,Arsii Lixaa,shaashamannee,diiree qarsoo,Rural,"12/4/2025, 4:30:26 PM","12/4/2025, 12:18:05 PM","12/4/2025, 3:43:07 PM",12/4/2025,6cd4eced41301dbb,1,T22403,NA,male,8,0,0,0,0,0,0,0,1,0,3,0,0,1,0,NA,4,NA,3,NA,1,NA,1997,2014,5,0,NA,NA,5,0,0,0,0,1,0,0,NA,1,NA,2 6,0,1,0,0,0,1,0,NA,1,2 4,0,1,0,1,0,0,NA,2 3 4,0,1,1,1,0,0,0,0,0,0,NA,5 8,0,0,0,0,1,0,0,1,0,0,NA,3 4,0,0,1,1,0,0,0,0,0,0,NA,3,3,1,2,2,2,2,2,7 9,0,0,0,0,0,0,1,0,1,0,0,0,0,NA,4,2,NA,2 5 10,0,1,0,0,1,0,0,0,0,1,0,0,0,NA,3,2,3,2,4,4,2,3,3,4,5,5,3,4,3,3,2,1,1,2 5,0,1,0,0,1,0,0,0,NA,3,2,3,3,3,1,3,3,2,2,3,4,NA,3,3,2,2,2,2 3,0,1,1,0,0,NA,3,NA,1,0,0,1,1,0,0,1,1,0,0,NA,2,2,1,1,4,1,1,3,2,3,3,3,2,2,3,3,2,3,1 2,1,1,0,0,0,0,0,0,0,0,0,1,1,1,1,2,2,1,2,3,1,9,2,4,1,4,3,2,4,4,4,4,4,2 4,0,1,0,1,0,0,0,NA,1,1,3,3,1,2,2,3,3,Hin jiru,7 8,0,0,0,0,0,0,1,1,0,NA,45,NA,10001,Lack of school badget like tool of teaching and learnig to buy,uuid:aec22ce2-316f-48c0-b626-eaaca926d489,2512040829,uuid:aec22ce2-316f-48c0-b626-eaaca926d489,NA,NA,NA,NA,NA,NA,NA,NA,NA,NA
83154,S0401140672,OROMIA,Arsii Lixaa,shaashamannee,diiree qarsoo,Rural,"12/4/2025, 6:18:24 PM","12/4/2025, 11:01:46 AM","12/4/2025, 6:15:45 PM",12/4/2025,78b63b5b10d7e676,1,T22401,NA,female,4,0,0,0,1,0,0,0,0,0,3,0,0,1,0,NA,1,NA,5,NA,1,NA,2016,2016,1,1,1,3,1,1,0,0,0,0,0,0,NA,1,NA,5 6,0,0,0,0,1,1,0,NA,1,1 2,1,1,0,0,0,0,NA,2 4 5 6,0,1,0,1,1,1,0,0,0,0,NA,2 4,0,1,0,1,0,0,0,0,0,0,NA,2 5,0,1,0,0,1,0,0,0,0,0,NA,4,2,3,3,2,2,1,3,1 2 6 10,1,1,0,0,0,1,0,0,0,1,0,0,0,NA,4,1,NA,NA,NA,NA,NA,NA,NA,NA,NA,NA,NA,NA,NA,NA,NA,NA,3,3,2,3,3,3,3,3,3,4,5,5,5,5,4,5,4,2,1,2 5,0,1,0,0,1,0,0,0,NA,2,2,3,2,2,2,3,2,3,4,4,2,NA,1,1,3,3,2,2,0,1,0,0,0,NA,1,NA,0,0,0,0,0,0,0,0,0,0,0,NA,3,2,1,3,3,3,3,2,2,1,3,3,3,3,3,3,3,3,1 4,1,0,0,1,0,0,0,0,0,0,0,3,2,3,3,1,1,1,3,2,1,10,1,4,1,4,3,2,4,4,4,3,4,2 5,0,1,0,0,1,0,0,NA,0,NA,NA,NA,NA,NA,NA,NA,NA,NA,1 3,1,0,1,0,0,0,0,0,0,NA,24,NA,9234,None,uuid:07477fb7-e177-42c8-8873-0eb6c6217915,2512040829,uuid:07477fb7-e177-42c8-8873-0eb6c6217915,NA,NA,NA,NA,NA,NA,NA,NA,NA,NA
80068,S0402010092,OROMIA,Arsii,amiinyaa,malxoo halloo,Rural,"12/22/2025, 5:29:24 PM","12/22/2025, 10:02:51 AM","12/22/2025, 3:07:15 PM",12/22/2025,78b63b5b10d7e676,1,T11201,NA,male,2 3,0,1,1,0,0,0,0,0,0,1 97,1,0,0,1,Saafuu,3,NA,2,NA,1,NA,2009,2011,3,0,NA,NA,5,0,0,0,0,1,0,0,NA,1,NA,5 6,0,0,0,0,1,1,0,NA,1,1,1,0,0,0,0,0,NA,2 4 5,0,1,0,1,1,0,0,0,0,0,NA,2 5,0,1,0,0,1,0,0,0,0,0,NA,4 8,0,0,0,1,0,0,0,1,0,0,NA,2,3,2,3,1,1,2,1,1 2 5,1,1,0,0,1,0,0,0,0,0,0,0,0,NA,3,4,NA,3 8,0,0,1,0,0,0,0,1,0,0,0,0,0,NA,3,3,4,3,4,4,4,3,3,4,4,4,3,5,5,4,2,1,1,2 5,0,1,0,0,1,0,0,0,NA,2,3,2,2,2,2,3,2,2,4,2,2,NA,2,2,3,2,3,2,0,1,0,0,0,NA,4,NA,0,0,0,0,0,0,0,0,0,0,0,NA,2,2,1,1,4,1,1,3,3,2,3,3,3,3,3,3,3,3,1 2,1,1,0,0,0,0,0,0,0,0,0,2,1,2,3,1,4,1,3,3,1,9,1,2,4,4,3,3,4,3,3,4,4,2 4,0,1,0,1,0,0,0,NA,0,NA,NA,NA,NA,NA,NA,NA,NA,NA,3 4,0,0,1,1,0,0,0,0,0,NA,31,NA,12500,"Bakki hojii mijachuu dhisuu baay,ee gufuu gudda nutti tahe jira",uuid:b6ea7622-58ee-48ec-aaa6-f489d580724a,2512142209,uuid:b6ea7622-58ee-48ec-aaa6-f489d580724a,NA,NA,NA,NA,NA,NA,NA,NA,NA,NA
80068,S0402010092,OROMIA,Arsii,amiinyaa,malxoo halloo,Rural,"12/22/2025, 5:29:24 PM","12/22/2025, 12:09:16 PM","12/22/2025, 3:07:56 PM",12/22/2025,78b63b5b10d7e676,1,T11202,NA,female,1 3 4,1,0,1,1,0,0,0,0,0,2,0,1,0,0,NA,1,NA,2,NA,1,NA,2004,2012,3,0,NA,NA,1 5,1,0,0,0,1,0,0,NA,1,NA,2 6,0,1,0,0,0,1,0,NA,1,1,1,0,0,0,0,0,NA,4,0,0,0,1,0,0,0,0,0,0,NA,4 8,0,0,0,1,0,0,0,1,0,0,NA,2 5,0,1,0,0,1,0,0,0,0,0,NA,2,2,2,3,1,1,1,1,1 2 4 5 9,1,1,0,1,1,0,0,0,1,0,0,0,0,NA,4,3,NA,3 9,0,0,1,0,0,0,0,0,1,0,0,0,0,NA,3,3,3,4,4,4,4,3,3,3,5,4,3,5,5,5,2,1,1,5,0,0,0,0,1,0,0,0,NA,2,2,3,2,3,2,3,3,3,5,3,1,NA,3,3,4,3,3,2,0,1,0,0,0,NA,4,NA,0,0,0,0,0,0,0,1,1,0,0,NA,2,1,1,1,4,1,2,2,3,2,3,3,2,3,3,3,3,3,1 4,1,0,0,1,0,0,0,0,0,0,0,2,2,3,3,1,3,2,3,1,1,9,2,2,3,4,4,3,4,4,3,4,4,2 4,0,1,0,1,0,0,0,NA,0,NA,NA,NA,NA,NA,NA,NA,NA,NA,1 4,1,0,0,1,0,0,0,0,0,NA,35,NA,13215,Hin jiru,uuid:33ddf690-4146-4dc3-9b36-c3790a1ad551,2512142209,uuid:33ddf690-4146-4dc3-9b36-c3790a1ad551,NA,NA,NA,NA,NA,NA,NA,NA,NA,NA
80068,S0402010092,OROMIA,Arsii,amiinyaa,malxoo halloo,Rural,"12/22/2025, 6:25:16 PM","12/22/2025, 10:30:19 AM","12/22/2025, 11:04:59 AM",12/22/2025,873699e5faed7492,1,T11203,NA,male,6,0,0,0,0,0,1,0,0,0,1 2,1,1,0,0,NA,3,NA,2,NA,0,NA,2011,2013,2,0,NA,NA,5,0,0,0,0,1,0,0,NA,1,NA,2,0,1,0,0,0,0,0,NA,1,2 3,0,1,1,0,0,0,NA,3 4,0,0,1,1,0,0,0,0,0,0,NA,4 8,0,0,0,1,0,0,0,1,0,0,NA,4 6,0,0,0,1,0,1,0,0,0,0,NA,2,3,3,3,2,2,1,2,7 9,0,0,0,0,0,0,1,0,1,0,0,0,0,NA,4,2,NA,3 4 5,0,0,1,1,1,0,0,0,0,0,0,0,0,NA,3,3,3,2,3,4,3,2,2,3,5,5,5,5,3,4,1,1,1,5,0,0,0,0,1,0,0,0,NA,2,2,3,3,2,2,3,2,3,1,2,4,NA,3,3,2,1,3,2 3,0,1,1,0,0,NA,3,NA,0,0,0,1,0,0,0,1,1,0,0,NA,2,2,3,1,4,1,1,3,3,3,3,3,3,3,3,3,3,3,1 6,1,0,0,0,0,1,0,0,0,0,0,4,1,1,1,1,1,1,3,3,1,10,1,2,4,4,3,2,3,3,2,3,4,4,0,0,0,1,0,0,0,NA,0,NA,NA,NA,NA,NA,NA,NA,NA,NA,4 5,0,0,0,1,1,0,0,0,0,NA,31,NA,10001,Magaalaan irraa dagaachuu fi daandiin magaalaan wal qunnamsiisu dhabamu fi manni barumsaa meeshaalee barsiisuuf gargaaru dhabuu,uuid:0fe0f928-9736-4777-af65-d86c275fff7c,2512142209,uuid:0fe0f928-9736-4777-af65-d86c275fff7c,NA,NA,NA,NA,NA,NA,NA,NA,NA,NA
80079,S0402010152,OROMIA,Arsii,amiinyaa,walee geetara,Rural,"12/20/2025, 7:43:35 AM","12/19/2025, 8:45:47 AM","12/19/2025, 9:19:41 PM",12/19/2025,78b63b5b10d7e676,1,T11302,NA,female,1 3 5,1,0,1,0,1,0,0,0,0,2 97,0,1,0,1,Saafuu,3,NA,2,NA,1,NA,2012,2014,2,0,NA,NA,5,0,0,0,0,1,0,0,NA,1,NA,2 6,0,1,0,0,0,1,0,NA,1,1,1,0,0,0,0,0,NA,2 4,0,1,0,1,0,0,0,0,0,0,NA,4 5,0,0,0,1,1,0,0,0,0,0,NA,2 5,0,1,0,0,1,0,0,0,0,0,NA,2,3,2,2,1,1,3,1,1 3 5,1,0,1,0,1,0,0,0,0,0,0,0,0,NA,4,3,NA,3 5 9,0,0,1,0,1,0,0,0,1,0,0,0,0,NA,3,3,4,3,3,3,3,3,3,4,3,4,3,4,5,4,2,1,1,5,0,0,0,0,1,0,0,0,NA,3,3,3,2,2,2,4,2,2,5,3,3,NA,3,3,3,2,2,2,0,1,0,0,0,NA,4,NA,1,0,0,1,0,0,0,1,1,0,0,NA,3,1,1,1,3,1,1,2,2,2,3,2,3,3,2,3,2,2,1 8,1,0,0,0,0,0,0,1,0,0,0,3,1,3,3,1,4,1,3,2,1,10,1,2,4,4,4,2,4,3,2,4,4,2,0,1,0,0,0,0,0,NA,0,NA,NA,NA,NA,NA,NA,NA,NA,NA,3 4,0,0,1,1,0,0,0,0,0,NA,26,NA,10000,Hin jiru,uuid:7cec0a51-ff39-4518-b758-319a635aa512,2512142209,uuid:7cec0a51-ff39-4518-b758-319a635aa512,NA,NA,NA,NA,NA,NA,NA,NA,NA,NA
80079,S0402010152,OROMIA,Arsii,amiinyaa,walee geetara,Rural,"12/20/2025, 7:43:36 AM","12/19/2025, 8:05:57 AM","12/19/2025, 9:19:09 PM",12/19/2025,78b63b5b10d7e676,1,T11301,NA,male,6 7,0,0,0,0,0,1,1,0,0,1 3,1,0,1,0,NA,3,NA,2,NA,1,NA,2012,2015,3,1,1,3,1 5,1,0,0,0,1,0,0,NA,1,NA,2 5,0,1,0,0,1,0,0,NA,1,1,1,0,0,0,0,0,NA,4 5,0,0,0,1,1,0,0,0,0,0,NA,2 5,0,1,0,0,1,0,0,0,0,0,NA,2 8,0,1,0,0,0,0,0,1,0,0,NA,2,3,2,2,1,1,1,1,1 2 3 5 6 7,1,1,1,0,1,1,1,0,0,0,0,0,0,NA,4,3,NA,2 3,0,1,1,0,0,0,0,0,0,0,0,0,0,NA,4,3,4,3,4,4,4,3,3,3,5,4,4,5,4,5,2,2,1,5,0,0,0,0,1,0,0,0,NA,3,3,3,3,2,2,2,3,2,5,3,2,NA,1,1,2,2,2,1 2 3,1,1,1,0,0,NA,4,NA,0,0,0,0,0,0,0,0,1,0,0,NA,2,1,1,1,3,1,1,3,3,2,3,3,2,3,3,3,3,3,9 10,0,0,0,0,0,0,0,0,1,1,0,2,3,3,3,1,3,1,3,3,1,9,1,3,1,3,3,3,4,4,4,4,4,2,0,1,0,0,0,0,0,NA,0,NA,NA,NA,NA,NA,NA,NA,NA,NA,4,0,0,0,1,0,0,0,0,0,NA,28,NA,10700,Iddo hojii fageenya baayee na mudate,uuid:d189b40a-eaa9-461a-9915-7dd958e9ac09,2512142209,uuid:d189b40a-eaa9-461a-9915-7dd958e9ac09,NA,NA,NA,NA,NA,NA,NA,NA,NA,NA
80079,S0402010152,OROMIA,Arsii,amiinyaa,walee geetara,Rural,"12/20/2025, 8:02:10 AM","12/19/2025, 8:40:23 AM","12/20/2025, 7:47:43 AM",12/19/2025,873699e5faed7492,1,T11303,NA,female,1 3 4,1,0,1,1,0,0,0,0,0,1,1,0,0,0,NA,3,NA,2,NA,0,NA,2013,2016,2,0,NA,NA,5,0,0,0,0,1,0,0,NA,1,NA,2,0,1,0,0,0,0,0,NA,1,1,1,0,0,0,0,0,NA,4,0,0,0,1,0,0,0,0,0,0,NA,4 6,0,0,0,1,0,1,0,0,0,0,NA,1 2,1,1,0,0,0,0,0,0,0,0,NA,2,3,2,3,2,2,1,1,5 8 9,0,0,0,0,1,0,0,1,1,0,0,0,0,NA,4,2,NA,3 5 9,0,0,1,0,1,0,0,0,1,0,0,0,0,NA,3,3,4,3,4,4,3,4,4,3,5,5,4,3,4,4,1,1,1,2 5,0,1,0,0,1,0,0,0,NA,2,2,3,4,2,2,2,3,2,3,3,4,NA,3,1,1,1,3,2 3,0,1,1,0,0,NA,3,NA,0,0,0,0,1,0,0,1,1,0,0,NA,2,2,1,1,4,1,1,3,3,2,3,3,2,3,3,1,3,3,1 4,1,0,0,1,0,0,0,0,0,0,0,1,1,2,2,1,4,1,3,3,1,10,1,3,1,4,4,1,4,4,3,4,4,4,0,0,0,1,0,0,0,NA,0,NA,NA,NA,NA,NA,NA,NA,NA,NA,4 5,0,0,0,1,1,0,0,0,0,NA,25,NA,9950,Hanqinna meeshaalee barnoota kan Akka kitaabaa fi qulqulkinnaan ijaaramuu dhabuu daree barnoota,uuid:6248242b-a9a8-4ac4-a79f-dd335311b703,2512142209,uuid:6248242b-a9a8-4ac4-a79f-dd335311b703,NA,NA,NA,NA,NA,NA,NA,NA,NA,NA
80184,S0402030132,OROMIA,Arsii,balee gasgaar,askaaltuu gasalaa,Rural,"12/19/2025, 8:19:20 AM","12/18/2025, 2:49:33 PM","12/18/2025, 5:39:04 PM",12/18/2025,6cd4eced41301dbb,1,T12403,NA,female,7 8,0,0,0,0,0,0,1,1,0,1,1,0,0,0,NA,5,NA,5,NA,1,NA,1998,2017,3,0,NA,NA,5,0,0,0,0,1,0,0,NA,1,NA,2 6,0,1,0,0,0,1,0,NA,1,1,1,0,0,0,0,0,NA,3 4,0,0,1,1,0,0,0,0,0,0,NA,2 8,0,1,0,0,0,0,0,1,0,0,NA,5 6,0,0,0,0,1,1,0,0,0,0,NA,3,3,2,4,1,1,2,2,6 9,0,0,0,0,0,1,0,0,1,0,0,0,0,NA,3,2,NA,5 10,0,0,0,0,1,0,0,0,0,1,0,0,0,NA,4,4,4,4,4,4,4,4,4,4,5,5,5,5,5,5,1,1,1,1 2 5,1,1,0,0,1,0,0,0,NA,2,1,3,4,2,2,3,2,1,4,1,4,NA,4,4,4,1,3,2 3,0,1,1,0,0,NA,2,NA,0,0,0,0,1,0,0,0,1,0,0,NA,4,4,1,1,4,1,1,1,1,2,2,3,3,3,3,3,3,3,1 2,1,1,0,0,0,0,0,0,0,0,0,1,3,1,3,1,4,4,3,3,1,10,1,4,1,4,4,1,4,4,4,4,4,4,0,0,0,1,0,0,0,NA,0,NA,NA,NA,NA,NA,NA,NA,NA,NA,5,0,0,0,0,1,0,0,0,0,NA,38,NA,15425,Hanqina meeshaalee barnootaati,uuid:cce39271-fd74-4614-86fa-1f9dd92ee747,2512142209,uuid:cce39271-fd74-4614-86fa-1f9dd92ee747,NA,NA,NA,NA,NA,NA,NA,NA,NA,NA
80184,S0402030132,OROMIA,Arsii,balee gasgaar,askaaltuu gasalaa,Rural,"12/19/2025, 10:45:40 AM","12/18/2025, 1:49:01 PM","12/18/2025, 6:44:01 PM",12/18/2025,78b63b5b10d7e676,1,T12401,NA,male,1 2 3,1,1,1,0,0,0,0,0,0,2,0,1,0,0,NA,4,NA,5,NA,1,NA,1996,2017,4,0,NA,NA,5,0,0,0,0,1,0,0,NA,1,NA,6,0,0,0,0,0,1,0,NA,1,1,1,0,0,0,0,0,NA,4 5,0,0,0,1,1,0,0,0,0,0,NA,2 4,0,1,0,1,0,0,0,0,0,0,NA,5 8,0,0,0,0,1,0,0,1,0,0,NA,2,3,3,2,1,1,3,1,1 2 6 7 10,1,1,0,0,0,1,1,0,0,1,0,0,0,NA,4,3,NA,2 9,0,1,0,0,0,0,0,0,1,0,0,0,0,NA,3,3,4,3,4,4,3,3,3,4,3,4,2,5,5,5,2,1,1,5,0,0,0,0,1,0,0,0,NA,2,3,3,2,2,2,4,2,2,5,3,1,NA,3,3,4,4,2,2,0,1,0,0,0,NA,4,NA,0,0,0,0,0,1,0,1,1,0,0,NA,1,1,1,1,4,1,1,3,3,3,2,3,3,3,3,3,3,3,1 4,1,0,0,1,0,0,0,0,0,0,0,3,2,3,3,1,3,1,3,3,4,10,1,2,3,4,4,2,4,4,2,4,4,2,0,1,0,0,0,0,0,NA,0,NA,NA,NA,NA,NA,NA,NA,NA,NA,3 4,0,0,1,1,0,0,0,0,0,NA,43,NA,16705,Hin jiru,uuid:525fe648-5ade-4a0c-8d6b-a154039e098f,2512111014,uuid:525fe648-5ade-4a0c-8d6b-a154039e098f,NA,NA,NA,NA,NA,NA,NA,NA,NA,NA
80184,S0402030132,OROMIA,Arsii,balee gasgaar,askaaltuu gasalaa,Rural,"12/19/2025, 10:45:41 AM","12/18/2025, 2:30:49 PM","12/18/2025, 6:43:13 PM",12/18/2025,78b63b5b10d7e676,1,T12402,NA,female,2 3,0,1,1,0,0,0,0,0,0,1 3,1,0,1,0,NA,3,NA,2,NA,1,NA,2010,2017,3,0,NA,NA,5,0,0,0,0,1,0,0,NA,1,NA,6,0,0,0,0,0,1,0,NA,1,1,1,0,0,0,0,0,NA,2 4 5,0,1,0,1,1,0,0,0,0,0,NA,2 5,0,1,0,0,1,0,0,0,0,0,NA,2 5,0,1,0,0,1,0,0,0,0,0,NA,3,3,2,3,1,1,1,2,1 3 5 6 7,1,0,1,0,1,1,1,0,0,0,0,0,0,NA,4,3,NA,2 3 5,0,1,1,0,1,0,0,0,0,0,0,0,0,NA,4,3,4,4,4,4,4,3,3,4,4,5,4,5,5,5,2,1,1,5,0,0,0,0,1,0,0,0,NA,2,2,3,2,2,2,2,3,2,5,3,2,NA,1,3,3,2,2,1 2,1,1,0,0,0,NA,4,NA,0,0,0,0,0,0,0,1,1,0,0,NA,1,2,1,1,4,1,2,2,2,2,3,3,2,3,3,3,3,3,1 4,1,0,0,1,0,0,0,0,0,0,0,1,3,1,3,1,4,1,3,3,1,10,1,2,3,4,4,3,4,4,3,4,4,2,0,1,0,0,0,0,0,NA,0,NA,NA,NA,NA,NA,NA,NA,NA,NA,4,0,0,0,1,0,0,0,0,0,NA,29,NA,10700,Bakka hojii fagoo ramadamu gufuu natti tahe ture,uuid:c47c4523-62bd-4d07-a110-01aba03b3610,2512111014,uuid:c47c4523-62bd-4d07-a110-01aba03b3610,NA,NA,NA,NA,NA,NA,NA,NA,NA,NA
80154,S0402040102,OROMIA,Arsii,b/m/boqojjii,boqojjii gaalamaa sad1ffaa,Urban,"12/11/2025, 6:32:13 PM","12/10/2025, 12:34:56 PM","12/11/2025, 5:02:27 PM",12/10/2025,be940800bcbddadd,1,T11701,NA,female,2 3,0,1,1,0,0,0,0,0,0,1,1,0,0,0,NA,3,NA,2,NA,1,NA,2011,2017,2,1,1,3,5,0,0,0,0,1,0,0,NA,1,NA,6,0,0,0,0,0,1,0,NA,1,2,0,1,0,0,0,0,NA,2 4,0,1,0,1,0,0,0,0,0,0,NA,2 5,0,1,0,0,1,0,0,0,0,0,NA,2 5,0,1,0,0,1,0,0,0,0,0,NA,4,3,3,3,1,3,3,1,1 5 6,1,0,0,0,1,1,0,0,0,0,0,0,0,NA,4,3,NA,2 3 4 5,0,1,1,1,1,0,0,0,0,0,0,0,0,NA,4,3,4,3,3,3,3,2,3,3,4,4,3,5,5,4,2,1,1,5,0,0,0,0,1,0,0,0,NA,3,3,2,2,2,3,2,3,2,4,2,1,NA,4,3,3,3,2,2,0,1,0,0,0,NA,2,NA,0,0,0,0,0,0,1,1,1,0,0,NA,3,3,1,1,4,2,1,3,3,2,3,3,3,3,1,3,3,3,1 4,1,0,0,1,0,0,0,0,0,0,0,1,3,1,3,1,3,1,1,1,1,10,1,4,1,4,3,3,3,4,3,4,4,2,0,1,0,0,0,0,0,NA,0,NA,NA,NA,NA,NA,NA,NA,NA,NA,4,0,0,0,1,0,0,0,0,0,NA,29,NA,10000,Hin jiru,uuid:f953d481-c476-4e27-b3db-cc3159e4b6c8,2512030649,uuid:f953d481-c476-4e27-b3db-cc3159e4b6c8,NA,NA,NA,NA,NA,NA,NA,NA,NA,NA
80154,S0402040102,OROMIA,Arsii,b/m/boqojjii,boqojjii gaalamaa sad1ffaa,Urban,"12/11/2025, 6:32:13 PM","12/10/2025, 1:09:57 PM","12/11/2025, 5:03:42 PM",12/10/2025,be940800bcbddadd,1,T11702,NA,female,3,0,0,1,0,0,0,0,0,0,3,0,0,1,0,NA,4,NA,5,NA,1,NA,1999,2013,3,0,NA,NA,5,0,0,0,0,1,0,0,NA,2,NA,2 6,0,1,0,0,0,1,0,NA,1,2,0,1,0,0,0,0,NA,4 5,0,0,0,1,1,0,0,0,0,0,NA,2 5,0,1,0,0,1,0,0,0,0,0,NA,4 5,0,0,0,1,1,0,0,0,0,0,NA,3,4,2,3,1,1,1,1,2 8 10,0,1,0,0,0,0,0,1,0,1,0,0,0,NA,4,3,NA,2 3 5 9,0,1,1,0,1,0,0,0,1,0,0,0,0,NA,4,4,4,3,3,3,4,3,2,3,4,4,3,5,5,4,2,1,1,5,0,0,0,0,1,0,0,0,NA,2,3,2,2,2,2,3,2,2,4,3,1,NA,3,3,3,3,2,1 2,1,1,0,0,0,NA,4,NA,0,0,0,0,0,0,0,0,0,0,0,NA,1,3,1,1,3,2,3,1,1,3,3,1,2,3,3,3,3,3,1 2,1,1,0,0,0,0,0,0,0,0,0,3,2,3,3,2,3,1,1,1,2,10,1,4,1,4,4,2,4,4,3,3,4,2,0,1,0,0,0,0,0,NA,0,NA,NA,NA,NA,NA,NA,NA,NA,NA,4,0,0,0,1,0,0,0,0,0,NA,35,NA,14200,Hin jiru,uuid:3defb3a8-d9f1-4d2a-90a3-9dce779670b9,2512030649,uuid:3defb3a8-d9f1-4d2a-90a3-9dce779670b9,NA,NA,NA,NA,NA,NA,NA,NA,NA,NA
80154,S0402040102,OROMIA,Arsii,b/m/boqojjii,boqojjii gaalamaa sad1ffaa,Urban,"12/11/2025, 6:32:13 PM","12/10/2025, 1:49:56 PM","12/11/2025, 5:04:21 PM",12/10/2025,be940800bcbddadd,1,T11703,NA,male,7,0,0,0,0,0,0,1,0,0,2,0,1,0,0,NA,4,NA,2,NA,1,NA,2005,2013,4,1,1,3,5,0,0,0,0,1,0,0,NA,1,NA,6,0,0,0,0,0,1,0,NA,1,1 2,1,1,0,0,0,0,NA,4 5,0,0,0,1,1,0,0,0,0,0,NA,8 97,0,0,0,0,0,0,0,1,1,0,Fakkenyumma,4 8,0,0,0,1,0,0,0,1,0,0,NA,3,3,2,2,1,1,1,2,1 4 9 10 11,1,0,0,1,0,0,0,0,1,1,1,0,0,NA,4,3,NA,1 2,1,1,0,0,0,0,0,0,0,0,0,0,0,NA,3,3,3,3,3,3,4,4,4,4,5,4,4,5,5,4,3,2,1,2 5,0,1,0,0,1,0,0,0,NA,4,3,4,3,3,3,4,2,3,5,3,1,NA,3,3,1,3,3,1 2,1,1,0,0,0,NA,3,NA,0,0,0,1,0,0,0,1,1,0,0,NA,3,3,2,1,4,3,2,1,3,2,1,2,2,2,3,3,3,3,1 2,1,1,0,0,0,0,0,0,0,0,0,3,2,3,3,1,4,2,3,3,2,7,4,4,1,4,4,3,4,4,3,4,3,4,0,0,0,1,0,0,0,NA,0,NA,NA,NA,NA,NA,NA,NA,NA,NA,3 4,0,0,1,1,0,0,0,0,0,NA,35,NA,12360,Hin jiru,uuid:0cb35e1a-fc3a-49cc-a629-191f0c1c5c98,2512030649,uuid:0cb35e1a-fc3a-49cc-a629-191f0c1c5c98,NA,NA,NA,NA,NA,NA,NA,NA,NA,NA
80279,S0402050232,OROMIA,Arsii,collee,jaawwii saddiiqqoo,Rural,"12/29/2025, 7:52:45 AM","12/27/2025, 10:58:28 AM","12/29/2025, 7:07:00 AM",12/27/2025,72ea367b009c6cb8,1,T14101,NA,female,1 2 3,1,1,1,0,0,0,0,0,0,3,0,0,1,0,NA,6,NA,2,NA,1,NA,2008,2008,1,0,NA,NA,5,0,0,0,0,1,0,0,NA,1,NA,6,0,0,0,0,0,1,0,NA,1,1 2 3,1,1,1,0,0,0,NA,3 4 7,0,0,1,1,0,0,1,0,0,0,NA,2 5,0,1,0,0,1,0,0,0,0,0,NA,3 4,0,0,1,1,0,0,0,0,0,0,NA,3,3,3,3,2,2,2,2,6 7 8 9 11,0,0,0,0,0,1,1,1,1,0,1,0,0,NA,3,2,NA,3 9 11,0,0,1,0,0,0,0,0,1,0,1,0,0,NA,3,3,3,3,3,3,4,3,4,4,5,5,4,5,5,5,2,1,1,1 2 5,1,1,0,0,1,0,0,0,NA,3,3,3,3,3,3,4,4,4,4,4,5,NA,2,2,2,2,2,1 2 4,1,1,0,1,0,NA,2,NA,1,0,0,1,1,1,1,1,1,0,0,NA,3,1,1,1,4,1,1,2,2,1,2,2,2,2,2,2,2,1,6 9,0,0,0,0,0,1,0,0,1,0,0,4,3,4,3,3,3,3,2,2,1,7,3,4,4,4,4,3,4,4,4,4,4,4,0,0,0,1,0,0,0,NA,1,3,3,3,1,1,1,1,3,Nothing,4,0,0,0,1,0,0,0,0,0,NA,39,NA,10600,Nothing,uuid:f0ed4adf-f275-4538-a6be-e4dc6a935223,2512142209,uuid:f0ed4adf-f275-4538-a6be-e4dc6a935223,NA,NA,NA,NA,NA,NA,NA,NA,NA,NA
80279,S0402050232,OROMIA,Arsii,collee,jaawwii saddiiqqoo,Rural,"12/29/2025, 7:52:45 AM","12/27/2025, 11:37:43 AM","12/29/2025, 7:10:16 AM",12/27/2025,72ea367b009c6cb8,1,T14102,NA,male,1 2 3 4,1,1,1,1,0,0,0,0,0,1,1,0,0,0,NA,6,NA,2,NA,1,NA,1986,2015,3,0,NA,NA,5,0,0,0,0,1,0,0,NA,1,NA,6,0,0,0,0,0,1,0,NA,1,1 2 3,1,1,1,0,0,0,NA,3 4,0,0,1,1,0,0,0,0,0,0,NA,2 4,0,1,0,1,0,0,0,0,0,0,NA,3 4,0,0,1,1,0,0,0,0,0,0,NA,3,2,2,3,2,2,2,2,4 7 8 9 11,0,0,0,1,0,0,1,1,1,0,1,0,0,NA,3,2,NA,3 4,0,0,1,1,0,0,0,0,0,0,0,0,0,NA,3,3,3,2,3,3,3,3,3,3,5,5,2,5,4,5,2,1,1,1 2 5,1,1,0,0,1,0,0,0,NA,3,3,3,3,3,3,4,4,4,4,4,1,NA,4,4,4,4,4,1 2 4,1,1,0,1,0,NA,3,NA,1,0,0,0,0,1,1,1,1,0,0,NA,3,3,1,1,1,1,1,1,2,1,1,2,2,2,1,2,1,1,1 8,1,0,0,0,0,0,0,1,0,0,0,3,1,3,3,3,3,3,1,1,2,7,1,4,4,4,4,1,4,4,4,4,4,4,0,0,0,1,0,0,0,NA,1,1,3,3,1,1,3,3,3,Nothing,4,0,0,0,1,0,0,0,0,0,NA,48,NA,15908,Nothing,uuid:10672425-2204-4ebd-baa1-3a05e7caa92c,2512142209,uuid:10672425-2204-4ebd-baa1-3a05e7caa92c,NA,NA,NA,NA,NA,NA,NA,NA,NA,NA
80279,S0402050232,OROMIA,Arsii,collee,jaawwii saddiiqqoo,Rural,"12/29/2025, 7:52:46 AM","12/27/2025, 12:16:28 PM","12/29/2025, 7:10:01 AM",12/27/2025,72ea367b009c6cb8,1,T14103,NA,male,6 7 8,0,0,0,0,0,1,1,1,0,97,0,0,0,1,Fajaqa fi Ogariti,3,NA,5,NA,1,NA,2010,2015,3,0,NA,NA,5,0,0,0,0,1,0,0,NA,1,NA,2,0,1,0,0,0,0,0,NA,1,1 2 3,1,1,1,0,0,0,NA,3 4 97,0,0,1,1,0,0,0,0,0,1,Qulqulina Barnotta egisisuu,2 4,0,1,0,1,0,0,0,0,0,0,NA,2 4,0,1,0,1,0,0,0,0,0,0,NA,3,3,3,3,2,2,2,2,2 4 7 8 9 11,0,1,0,1,0,0,1,1,1,0,1,0,0,NA,4,2,NA,3 11,0,0,1,0,0,0,0,0,0,0,1,0,0,NA,4,3,4,4,4,4,4,3,4,4,5,5,4,5,5,5,2,1,1,1 2 5,1,1,0,0,1,0,0,0,NA,3,3,3,3,3,3,4,4,4,4,4,97,Knowledge,4,4,4,4,4,1 2 4,1,1,0,1,0,NA,1,NA,1,0,0,1,0,1,1,1,1,0,0,NA,1,1,1,1,4,1,1,3,3,2,3,3,3,3,3,3,3,3,6 8,0,0,0,0,0,1,0,1,0,0,0,3,1,3,4,4,4,1,3,3,1,7,1,4,4,4,4,4,4,4,4,4,4,4,0,0,0,1,0,0,0,NA,0,NA,NA,NA,NA,NA,NA,NA,NA,NA,4,0,0,0,1,0,0,0,0,0,NA,32,NA,14983,Nothing,uuid:bb687ead-6b8b-480e-bdca-86b3b102f377,2512142209,uuid:bb687ead-6b8b-480e-bdca-86b3b102f377,NA,NA,NA,NA,NA,NA,NA,NA,NA,NA
80265,S0402050472,OROMIA,Arsii,collee,collee sad1ffaa,Urban,"12/27/2025, 7:45:55 AM","12/26/2025, 10:52:07 AM","12/27/2025, 7:47:42 AM",12/26/2025,72ea367b009c6cb8,1,T14001,NA,male,6 8,0,0,0,0,0,1,0,1,0,2,0,1,0,0,NA,6,NA,5,NA,1,NA,1999,2016,6,0,NA,NA,5,0,0,0,0,1,0,0,NA,1,NA,2 6,0,1,0,0,0,1,0,NA,1,1 3,1,0,1,0,0,0,NA,3 4 7,0,0,1,1,0,0,1,0,0,0,NA,2 4,0,1,0,1,0,0,0,0,0,0,NA,2 5,0,1,0,0,1,0,0,0,0,0,NA,3,3,3,3,1,3,2,1,4 7 8 9 11,0,0,0,1,0,0,1,1,1,0,1,0,0,NA,4,2,NA,97,0,0,0,0,0,0,0,0,0,0,0,1,0,Quliqulina dare,3,3,4,3,4,4,4,3,4,3,4,4,5,4,5,4,1,1,1,1 2 4,1,1,0,1,0,0,0,0,NA,3,3,3,3,3,3,4,4,3,4,3,97,Barattotta cicimoo filla,2,2,2,2,2,2 4,0,1,0,1,0,NA,3,NA,0,0,0,0,0,1,1,1,1,0,0,NA,1,1,1,1,4,1,1,2,2,2,3,3,2,2,3,2,3,3,1 10,1,0,0,0,0,0,0,0,0,1,0,4,1,4,4,1,4,1,3,3,1,7,1,4,1,4,4,1,4,4,2,4,4,4,0,0,0,1,0,0,0,NA,0,NA,NA,NA,NA,NA,NA,NA,NA,NA,4,0,0,0,1,0,0,0,0,0,NA,37,NA,14000,Nothing,uuid:61d2f01c-3fb2-448e-80d4-a5a4d7b97736,2512142209,uuid:61d2f01c-3fb2-448e-80d4-a5a4d7b97736,NA,NA,NA,NA,NA,NA,NA,NA,NA,NA
80265,S0402050472,OROMIA,Arsii,collee,collee sad1ffaa,Urban,"12/27/2025, 7:45:55 AM","12/26/2025, 11:46:54 AM","12/27/2025, 7:47:52 AM",12/26/2025,72ea367b009c6cb8,1,T14002,NA,female,1 2 3,1,1,1,0,0,0,0,0,0,1 2,1,1,0,0,NA,4,NA,5,NA,1,NA,1997,1999,2,0,NA,NA,5,0,0,0,0,1,0,0,NA,1,NA,2 6,0,1,0,0,0,1,0,NA,1,1 3,1,0,1,0,0,0,NA,3 4,0,0,1,1,0,0,0,0,0,0,NA,3 5,0,0,1,0,1,0,0,0,0,0,NA,2 4,0,1,0,1,0,0,0,0,0,0,NA,2,3,1,3,2,2,2,2,4 6 7 8 9 11,0,0,0,1,0,1,1,1,1,0,1,0,0,NA,3,1,NA,NA,NA,NA,NA,NA,NA,NA,NA,NA,NA,NA,NA,NA,NA,NA,3,3,3,2,4,4,3,3,3,4,3,5,4,5,4,5,2,1,1,1 2 5,1,1,0,0,1,0,0,0,NA,3,3,3,4,3,3,4,4,2,4,3,97,Baratoota cimmo,3,3,3,3,3,2 4,0,1,0,1,0,NA,1,NA,1,0,0,1,0,0,1,1,1,0,0,NA,3,3,1,1,4,1,1,1,1,2,2,3,2,2,2,1,2,3,4 6,0,0,0,1,0,1,0,0,0,0,0,3,1,3,4,3,4,1,2,2,1,8,1,4,4,4,4,3,4,4,4,4,4,4,0,0,0,1,0,0,0,NA,1,1,3,3,1,3,3,3,3,Nothing,4,0,0,0,1,0,0,0,0,0,NA,39,NA,15490,Nothing,uuid:d6871d80-1b7b-4519-8e01-dd753a9cc4b4,2512142209,uuid:d6871d80-1b7b-4519-8e01-dd753a9cc4b4,NA,NA,NA,NA,NA,NA,NA,NA,NA,NA
80265,S0402050472,OROMIA,Arsii,collee,collee sad1ffaa,Urban,"12/27/2025, 7:45:55 AM","12/26/2025, 12:30:04 PM","12/27/2025, 7:48:03 AM",12/26/2025,72ea367b009c6cb8,1,T14003,NA,male,1 2 3 4,1,1,1,1,0,0,0,0,0,2,0,1,0,0,NA,5,NA,5,NA,1,NA,2000,2015,3,1,1,2,5,0,0,0,0,1,0,0,NA,1,NA,2 6,0,1,0,0,0,1,0,NA,1,1 2 3,1,1,1,0,0,0,NA,3 4,0,0,1,1,0,0,0,0,0,0,NA,4 5,0,0,0,1,1,0,0,0,0,0,NA,2 4,0,1,0,1,0,0,0,0,0,0,NA,3,3,3,3,2,2,2,2,4 7 8 9 11,0,0,0,1,0,0,1,1,1,0,1,0,0,NA,4,2,NA,3,0,0,1,0,0,0,0,0,0,0,0,0,0,NA,3,3,3,3,4,4,4,3,3,4,5,5,3,5,5,5,2,1,1,1 2 5,1,1,0,0,1,0,0,0,NA,3,3,3,3,3,3,4,4,2,4,4,5,NA,4,4,4,4,4,2 4,0,1,0,1,0,NA,3,NA,1,0,0,1,0,1,1,1,1,0,0,NA,1,1,1,1,4,1,1,2,2,2,3,3,2,2,3,3,3,2,2 11,0,1,0,0,0,0,0,0,0,0,1,4,1,4,4,1,1,1,1,1,1,8,1,4,1,1,4,3,4,4,2,4,4,4,0,0,0,1,0,0,0,NA,1,3,3,3,1,3,3,3,3,Nothing,4,0,0,0,1,0,0,0,0,0,NA,35,NA,16145,Nothing,uuid:d70271b0-016c-4aac-a98b-9243f9ad840a,2512142209,uuid:d70271b0-016c-4aac-a98b-9243f9ad840a,NA,NA,NA,NA,NA,NA,NA,NA,NA,NA
80420,S0402060472,OROMIA,Arsii,digaluu fi xiijjoo,xiloo,Rural,"12/12/2025, 4:27:51 PM","12/12/2025, 11:51:07 AM","12/12/2025, 4:25:04 PM",12/12/2025,78b63b5b10d7e676,1,T15403,NA,male,1 3 4,1,0,1,1,0,0,0,0,0,2,0,1,0,0,NA,3,NA,2,NA,1,NA,2010,2010,1,1,1,3,5,0,0,0,0,1,0,0,NA,1,NA,2 5 6,0,1,0,0,1,1,0,NA,1,2,0,1,0,0,0,0,NA,2 3 4 5,0,1,1,1,1,0,0,0,0,0,NA,2 5,0,1,0,0,1,0,0,0,0,0,NA,5 8,0,0,0,0,1,0,0,1,0,0,NA,3,3,2,3,1,3,1,1,1 2 4,1,1,0,1,0,0,0,0,0,0,0,0,0,NA,4,3,NA,1 2 3 9 10,1,1,1,0,0,0,0,0,1,1,0,0,0,NA,4,3,4,4,4,4,4,3,3,4,5,4,5,4,5,5,2,1,1,5,0,0,0,0,1,0,0,0,NA,2,4,3,3,2,2,5,2,2,5,3,1,NA,3,3,4,2,3,2 3,0,1,1,0,0,NA,4,NA,0,0,0,1,0,1,0,1,1,0,0,NA,2,2,3,1,4,1,1,3,2,2,3,3,1,2,3,3,3,2,1 2,1,1,0,0,0,0,0,0,0,0,0,3,2,3,3,3,4,1,3,1,1,10,2,3,2,4,4,3,4,4,4,4,4,2,0,1,0,0,0,0,0,NA,1,1,3,3,1,3,3,3,2,Hin jiru,4,0,0,0,1,0,0,0,0,0,NA,40,NA,10500,None,uuid:2baeef35-9fde-4137-bfd8-45b2681fa521,2512040829,uuid:2baeef35-9fde-4137-bfd8-45b2681fa521,NA,NA,NA,NA,NA,NA,NA,NA,NA,NA
80420,S0402060472,OROMIA,Arsii,digaluu fi xiijjoo,xiloo,Rural,"12/12/2025, 4:27:51 PM","12/12/2025, 11:08:45 AM","12/12/2025, 4:24:17 PM",12/12/2025,78b63b5b10d7e676,1,T15402,NA,male,6 7,0,0,0,0,0,1,1,0,0,1,1,0,0,0,NA,4,NA,2,NA,1,NA,2000,2007,3,0,NA,NA,5,0,0,0,0,1,0,0,NA,1,NA,5 6,0,0,0,0,1,1,0,NA,1,2,0,1,0,0,0,0,NA,3 4,0,0,1,1,0,0,0,0,0,0,NA,2 6,0,1,0,0,0,1,0,0,0,0,NA,2 6,0,1,0,0,0,1,0,0,0,0,NA,4,4,3,4,1,1,1,2,1 2 5,1,1,0,0,1,0,0,0,0,0,0,0,0,NA,4,3,NA,1 2 3 5 8,1,1,1,0,1,0,0,1,0,0,0,0,0,NA,4,4,4,4,4,4,4,3,3,4,5,5,4,5,5,5,2,1,1,2 5,0,1,0,0,1,0,0,0,NA,3,3,3,2,2,2,4,2,2,3,2,1,NA,3,3,3,2,3,1 2,1,1,0,0,0,NA,3,NA,1,0,0,1,0,0,0,1,0,0,0,NA,1,3,1,1,4,1,1,1,2,2,2,2,2,2,3,3,3,3,9 11,0,0,0,0,0,0,0,0,1,0,1,1,3,2,3,1,3,3,3,3,1,10,1,4,1,4,4,3,4,4,3,4,4,2,0,1,0,0,0,0,0,NA,1,2,3,3,1,2,3,3,3,Hin jiru,4,0,0,0,1,0,0,0,0,0,NA,42,NA,13016,Hin jiru,uuid:ea1dba6c-926b-4fd4-b2b2-000dc5730a9f,2512040829,uuid:ea1dba6c-926b-4fd4-b2b2-000dc5730a9f,NA,NA,NA,NA,NA,NA,NA,NA,NA,NA
80420,S0402060472,OROMIA,Arsii,digaluu fi xiijjoo,xiloo,Rural,"12/12/2025, 4:27:51 PM","12/12/2025, 10:20:05 AM","12/12/2025, 4:23:41 PM",12/12/2025,78b63b5b10d7e676,1,T15401,NA,male,2 3,0,1,1,0,0,0,0,0,0,3,0,0,1,0,NA,6,NA,2,NA,1,NA,2003,2012,2,0,NA,NA,5,0,0,0,0,1,0,0,NA,1,NA,6,0,0,0,0,0,1,0,NA,1,2,0,1,0,0,0,0,NA,2 3 4 5,0,1,1,1,1,0,0,0,0,0,NA,2 8,0,1,0,0,0,0,0,1,0,0,NA,2 5,0,1,0,0,1,0,0,0,0,0,NA,3,4,2,3,1,1,1,3,2 4 8,0,1,0,1,0,0,0,1,0,0,0,0,0,NA,4,3,NA,1 2 3 4 5 9,1,1,1,1,1,0,0,0,1,0,0,0,0,NA,4,3,4,3,4,4,3,3,3,4,5,5,4,5,5,5,1,1,1,5,0,0,0,0,1,0,0,0,NA,2,3,4,2,2,2,2,2,2,5,3,1,NA,2,2,2,2,3,1 2,1,1,0,0,0,NA,4,NA,0,0,0,1,0,1,0,1,1,0,0,NA,2,1,1,1,4,3,1,2,2,2,2,3,1,3,3,3,3,3,4 9,0,0,0,1,0,0,0,0,1,0,0,1,2,3,3,2,3,3,3,1,1,10,1,4,1,4,4,2,4,4,4,3,3,2 4,0,1,0,1,0,0,0,NA,0,NA,NA,NA,NA,NA,NA,NA,NA,NA,4,0,0,0,1,0,0,0,0,0,NA,37,NA,13339,Hin jiru,uuid:e7eec728-336b-4cbd-b0e2-5a5dd08f9576,2512040829,uuid:e7eec728-336b-4cbd-b0e2-5a5dd08f9576,NA,NA,NA,NA,NA,NA,NA,NA,NA,NA
80888,S0402130312,OROMIA,Arsii,jajuu,guutichaa,Rural,"12/27/2025, 5:34:34 PM","12/27/2025, 1:44:14 PM","12/27/2025, 2:18:18 PM",12/27/2025,78b63b5b10d7e676,1,T34102,NA,female,1 2 3,1,1,1,0,0,0,0,0,0,1 97,1,0,0,1,Saafuu,3,NA,2,NA,1,NA,2010,2014,2,0,NA,NA,1 5,1,0,0,0,1,0,0,NA,1,NA,2 5,0,1,0,0,1,0,0,NA,1,1,1,0,0,0,0,0,NA,4,0,0,0,1,0,0,0,0,0,0,NA,2 5,0,1,0,0,1,0,0,0,0,0,NA,2 5,0,1,0,0,1,0,0,0,0,0,NA,2,2,3,2,1,1,1,1,3 5 6 7,0,0,1,0,1,1,1,0,0,0,0,0,0,NA,4,4,NA,3 5,0,0,1,0,1,0,0,0,0,0,0,0,0,NA,3,3,3,3,4,4,4,3,3,4,4,4,3,5,5,4,2,1,1,5,0,0,0,0,1,0,0,0,NA,2,3,2,2,2,2,3,2,2,4,3,1,NA,3,3,4,2,3,2,0,1,0,0,0,NA,4,NA,0,0,0,0,0,0,0,0,1,0,0,NA,1,1,1,1,4,1,1,3,3,3,3,3,2,3,3,3,3,3,1 4,1,0,0,1,0,0,0,0,0,0,0,2,1,3,3,1,4,1,3,3,1,10,1,2,4,4,4,3,4,4,3,4,3,2,0,1,0,0,0,0,0,NA,0,NA,NA,NA,NA,NA,NA,NA,NA,NA,3 4,0,0,1,1,0,0,0,0,0,NA,30,NA,11500,Hin jiru,uuid:f126e288-cb7e-43c8-98f1-48b83f5eccbd,2512142209,uuid:f126e288-cb7e-43c8-98f1-48b83f5eccbd,NA,NA,NA,NA,NA,NA,NA,NA,NA,NA
80888,S0402130312,OROMIA,Arsii,jajuu,guutichaa,Rural,"12/27/2025, 5:34:34 PM","12/27/2025, 9:52:25 AM","12/27/2025, 5:14:13 PM",12/27/2025,78b63b5b10d7e676,1,T34101,NA,male,6 7 8,0,0,0,0,0,1,1,1,0,1 97,1,0,0,1,"Hawwasa, lammumma",4,NA,5,NA,1,NA,2002,2015,2,1,1,3,1 5,1,0,0,0,1,0,0,NA,1,NA,2 6,0,1,0,0,0,1,0,NA,1,1,1,0,0,0,0,0,NA,3 4,0,0,1,1,0,0,0,0,0,0,NA,4 8,0,0,0,1,0,0,0,1,0,0,NA,5 8,0,0,0,0,1,0,0,1,0,0,NA,2,2,3,3,1,1,1,1,2 6 8 10,0,1,0,0,0,1,0,1,0,1,0,0,0,NA,4,4,NA,3,0,0,1,0,0,0,0,0,0,0,0,0,0,NA,3,3,4,3,4,3,4,2,3,4,5,5,4,5,5,5,2,1,1,5,0,0,0,0,1,0,0,0,NA,3,2,3,3,2,2,3,2,2,4,3,1,NA,1,1,3,2,3,2,0,1,0,0,0,NA,4,NA,0,0,0,0,0,0,0,1,1,0,0,NA,1,1,1,1,3,2,1,1,1,3,3,3,3,3,3,3,3,3,2 4,0,1,0,1,0,0,0,0,0,0,0,1,2,3,3,1,3,1,3,3,1,10,1,3,1,4,3,3,4,4,4,4,4,2,0,1,0,0,0,0,0,NA,0,NA,NA,NA,NA,NA,NA,NA,NA,NA,3 4,0,0,1,1,0,0,0,0,0,NA,36,NA,12516,Hin jiru,uuid:e6104757-d6cd-49bf-9db7-90d63f940055,2512142209,uuid:e6104757-d6cd-49bf-9db7-90d63f940055,NA,NA,NA,NA,NA,NA,NA,NA,NA,NA
80888,S0402130312,OROMIA,Arsii,jajuu,guutichaa,Rural,"12/27/2025, 6:03:19 PM","12/27/2025, 11:01:36 AM","12/27/2025, 2:59:03 PM",12/27/2025,6cd4eced41301dbb,1,T34103,NA,female,4 5,0,0,0,1,1,0,0,0,0,2,0,1,0,0,NA,5,NA,5,NA,1,NA,1994,2010,4,1,4,2,5,0,0,0,0,1,0,0,NA,1,NA,2 6,0,1,0,0,0,1,0,NA,1,1 3,1,0,1,0,0,0,NA,3 4 7,0,0,1,1,0,0,1,0,0,0,NA,7 8,0,0,0,0,0,0,1,1,0,0,NA,2 6,0,1,0,0,0,1,0,0,0,0,NA,3,3,2,2,2,1,2,1,6 9,0,0,0,0,0,1,0,0,1,0,0,0,0,NA,4,2,NA,3 5 9,0,0,1,0,1,0,0,0,1,0,0,0,0,NA,3,4,4,3,3,4,4,3,3,4,5,5,5,5,5,5,1,1,1,2 5,0,1,0,0,1,0,0,0,NA,2,3,3,3,3,2,4,2,3,3,2,4,NA,3,3,2,1,2,2 3,0,1,1,0,0,NA,3,NA,0,0,0,0,0,0,0,1,1,0,0,NA,3,2,1,1,4,1,1,3,1,3,1,1,3,3,3,3,3,3,1 2,1,1,0,0,0,0,0,0,0,0,0,1,2,1,2,2,3,3,1,1,1,10,1,4,1,4,3,3,4,4,3,3,4,4,0,0,0,1,0,0,0,NA,0,NA,NA,NA,NA,NA,NA,NA,NA,NA,5 6,0,0,0,0,1,1,0,0,0,NA,40,NA,16600,Rakkoo bishaan dhugaatii fi hanqinni kitaabaa hanqinna daree barnootaa,uuid:2a402df7-5188-4d8b-9889-6f55ea9b7130,2512142209,uuid:2a402df7-5188-4d8b-9889-6f55ea9b7130,NA,NA,NA,NA,NA,NA,NA,NA,NA,NA
81109,S0402150502,OROMIA,Arsii,loodee heexosaa,maraaroo qalaxaa,Rural,"12/24/2025, 5:31:42 PM","12/24/2025, 10:05:06 AM","12/24/2025, 5:29:51 PM",12/24/2025,78b63b5b10d7e676,1,T30502,NA,male,2 3 4,0,1,1,1,0,0,0,0,0,2,0,1,0,0,NA,4,NA,2,NA,1,NA,2000,2016,6,0,NA,NA,5,0,0,0,0,1,0,0,NA,1,NA,6,0,0,0,0,0,1,0,NA,1,1,1,0,0,0,0,0,NA,4 5,0,0,0,1,1,0,0,0,0,0,NA,6 8,0,0,0,0,0,1,0,1,0,0,NA,2 5,0,1,0,0,1,0,0,0,0,0,NA,3,3,2,3,1,1,1,1,3 6 7 9 10 11,0,0,1,0,0,1,1,0,1,1,1,0,0,NA,4,4,NA,3,0,0,1,0,0,0,0,0,0,0,0,0,0,NA,4,4,4,3,4,4,4,3,2,4,5,5,4,5,5,5,2,1,1,5,0,0,0,0,1,0,0,0,NA,3,2,2,3,2,2,2,2,2,3,3,2,NA,3,3,4,3,3,2,0,1,0,0,0,NA,3,NA,1,0,1,1,0,0,0,0,1,0,0,NA,3,2,1,1,4,3,1,3,3,2,2,3,3,3,3,3,3,2,1 8,1,0,0,0,0,0,0,1,0,0,0,3,1,3,1,3,3,1,2,3,1,7,3,1,4,4,4,2,4,4,3,4,4,2,0,1,0,0,0,0,0,NA,0,NA,NA,NA,NA,NA,NA,NA,NA,NA,3 4,0,0,1,1,0,0,0,0,0,NA,38,NA,14214,"Rakkoo maatii kiyyaa baay,ee mudanno natti tahe ture",uuid:edeff68d-92b7-4fdb-a891-7df30ed7c8b1,2512142209,uuid:edeff68d-92b7-4fdb-a891-7df30ed7c8b1,NA,NA,NA,NA,NA,NA,NA,NA,NA,NA
81109,S0402150502,OROMIA,Arsii,loodee heexosaa,maraaroo qalaxaa,Rural,"12/24/2025, 5:31:44 PM","12/24/2025, 9:32:01 AM","12/24/2025, 5:29:24 PM",12/24/2025,78b63b5b10d7e676,1,T30501,NA,female,6 7 8,0,0,0,0,0,1,1,1,0,2 97,0,1,0,1,Sayinsi naannoo,1,NA,5,NA,1,NA,2013,2013,1,0,NA,NA,1 5,1,0,0,0,1,0,0,NA,1,NA,2 5 6,0,1,0,0,1,1,0,NA,1,1,1,0,0,0,0,0,NA,2 4 5,0,1,0,1,1,0,0,0,0,0,NA,2 8,0,1,0,0,0,0,0,1,0,0,NA,2 5,0,1,0,0,1,0,0,0,0,0,NA,4,2,2,2,1,1,1,1,2 3 8 9 10,0,1,1,0,0,0,0,1,1,1,0,0,0,NA,4,3,NA,3 9,0,0,1,0,0,0,0,0,1,0,0,0,0,NA,3,3,4,3,4,3,4,2,3,3,5,5,2,4,5,4,2,1,2,5,0,0,0,0,1,0,0,0,NA,2,3,2,2,2,2,2,2,2,4,3,1,NA,3,3,3,2,2,1 2,1,1,0,0,0,NA,4,NA,0,0,0,0,0,1,0,1,1,0,0,NA,3,3,1,1,4,1,2,2,2,1,2,3,2,3,2,3,1,3,1 4,1,0,0,1,0,0,0,0,0,0,0,1,1,3,3,1,3,3,3,3,2,10,1,1,4,4,4,3,4,4,2,4,4,2,0,1,0,0,0,0,0,NA,1,3,3,3,1,2,3,3,1,Hin jiru,3 4,0,0,1,1,0,0,0,0,0,NA,27,NA,10500,"Iddoo hojiitti dandii mijata dhabuuf, bishaan dhugaati dhabuu gufuu guddaa",uuid:d5ca860c-c199-450b-9d8b-9df2fdc61301,2512142209,uuid:d5ca860c-c199-450b-9d8b-9df2fdc61301,NA,NA,NA,NA,NA,NA,NA,NA,NA,NA
81109,S0402150502,OROMIA,Arsii,loodee heexosaa,maraaroo qalaxaa,Rural,"12/24/2025, 8:56:26 PM","12/24/2025, 10:15:13 AM","12/24/2025, 11:36:49 AM",12/24/2025,6cd4eced41301dbb,1,T30503,NA,female,3 4,0,0,1,1,0,0,0,0,0,2 97,0,1,0,1,Saayinsii naannoo fi saayinsii waliigalaa,3,NA,2,NA,0,NA,2011,2011,1,0,NA,NA,5,0,0,0,0,1,0,0,NA,1,NA,2 6,0,1,0,0,0,1,0,NA,1,1,1,0,0,0,0,0,NA,1 3 5,1,0,1,0,1,0,0,0,0,0,NA,6 8,0,0,0,0,0,1,0,1,0,0,NA,4 6,0,0,0,1,0,1,0,0,0,0,NA,2,3,2,3,1,2,2,1,6 8,0,0,0,0,0,1,0,1,0,0,0,0,0,NA,4,2,NA,4 8 9,0,0,0,1,0,0,0,1,1,0,0,0,0,NA,3,3,3,3,3,4,4,3,4,4,4,4,3,4,4,4,1,1,1,5,0,0,0,0,1,0,0,0,NA,2,3,3,4,3,2,2,3,3,4,2,4,NA,1,1,1,1,3,2 3,0,1,1,0,0,NA,3,NA,0,0,0,0,0,0,0,1,1,0,0,NA,3,3,1,3,4,1,1,3,3,3,3,3,3,3,3,3,3,3,4 5,0,0,0,1,1,0,0,0,0,0,0,2,2,2,3,1,3,1,3,1,1,10,1,3,3,4,4,3,4,3,3,4,4,4,0,0,0,1,0,0,0,NA,1,2,3,3,1,2,3,3,3,Hin jiru,4 5,0,0,0,1,1,0,0,0,0,NA,27,NA,10500,Ha.qinna meeshaalee barnootaa fi bishaan dhugaatii mana baruumsa keessaa dhabamuu,uuid:99ac5abd-ec92-4980-883b-592b137b705f,2512142209,uuid:99ac5abd-ec92-4980-883b-592b137b705f,NA,NA,NA,NA,NA,NA,NA,NA,NA,NA
81316,S0402180032,OROMIA,Arsii,roobee,gaadoo jeenaa,Rural,"12/16/2025, 6:49:51 PM","12/16/2025, 12:44:36 AM","12/16/2025, 1:19:08 AM",12/16/2025,873699e5faed7492,1,T21203,NA,female,7,0,0,0,0,0,0,1,0,0,1 97,1,0,0,1,Sport,3,NA,2,NA,0,NA,2009,2012,2,0,NA,NA,5,0,0,0,0,1,0,0,NA,1,NA,2,0,1,0,0,0,0,0,NA,1,1 2 3,1,1,1,0,0,0,NA,2 4 5,0,1,0,1,1,0,0,0,0,0,NA,6 8,0,0,0,0,0,1,0,1,0,0,NA,5 6,0,0,0,0,1,1,0,0,0,0,NA,2,3,3,3,1,1,2,1,7 9,0,0,0,0,0,0,1,0,1,0,0,0,0,NA,3,2,NA,2 3 9,0,1,1,0,0,0,0,0,1,0,0,0,0,NA,4,4,4,4,3,3,4,3,3,4,5,3,4,4,3,4,2,1,1,1 2 5,1,1,0,0,1,0,0,0,NA,3,3,2,4,2,2,3,1,3,2,1,1,NA,3,3,1,1,3,2 3,0,1,1,0,0,NA,3,NA,0,0,0,1,0,0,0,1,1,0,0,NA,1,1,1,1,4,1,1,1,2,3,3,3,1,3,3,3,3,3,2 8,0,1,0,0,0,0,0,1,0,0,0,4,1,3,3,1,4,1,3,3,1,10,1,4,1,4,3,1,4,4,3,4,4,4,0,0,0,1,0,0,0,NA,1,3,3,3,1,2,3,3,3,Hin jiru,4 5,0,0,0,1,1,0,0,0,0,NA,28,NA,10600,Hanqinna kitaabaa fi hanqinna daree dabalataa fi hanqinna barsiisaa fi barataa baayyachuu daree keessatti!,uuid:c4f5c8ca-0214-4f35-87a1-410cdb4e467a,2512111014,uuid:c4f5c8ca-0214-4f35-87a1-410cdb4e467a,NA,NA,NA,NA,NA,NA,NA,NA,NA,NA
81316,S0402180032,OROMIA,Arsii,roobee,gaadoo jeenaa,Rural,"12/16/2025, 6:52:33 PM","12/16/2025, 12:17:46 PM","12/16/2025, 12:57:03 PM",12/16/2025,78b63b5b10d7e676,1,T21201,NA,male,6 7 8,0,0,0,0,0,1,1,1,0,2 3,0,1,1,0,NA,1,NA,5,NA,1,NA,2009,2017,5,0,NA,NA,5,0,0,0,0,1,0,0,NA,1,NA,2 6,0,1,0,0,0,1,0,NA,1,2,0,1,0,0,0,0,NA,4,0,0,0,1,0,0,0,0,0,0,NA,2 5,0,1,0,0,1,0,0,0,0,0,NA,6 8,0,0,0,0,0,1,0,1,0,0,NA,2,2,2,2,1,3,1,1,1 2 4 5 6 7,1,1,0,1,1,1,1,0,0,0,0,0,0,NA,4,2,NA,1 2 3 5,1,1,1,0,1,0,0,0,0,0,0,0,0,NA,4,4,4,3,3,3,3,3,3,3,3,3,4,5,5,4,2,1,1,2 5,0,1,0,0,1,0,0,0,NA,4,4,2,2,3,2,4,2,3,5,3,1,NA,4,3,3,2,3,2,0,1,0,0,0,NA,4,NA,0,0,0,1,0,0,1,1,1,0,0,NA,3,3,1,2,3,1,1,1,2,2,1,3,3,3,2,3,1,3,3 7,0,0,1,0,0,0,1,0,0,0,0,1,3,3,4,1,4,1,3,1,2,5,2,2,3,4,4,3,4,3,3,4,4,2,0,1,0,0,0,0,0,NA,1,2,3,3,1,3,3,3,2,Hin jiru,1 4,1,0,0,1,0,0,0,0,0,NA,34,NA,9995,Hin jiru,uuid:3c373f7d-80b1-46a0-a1ab-a155d0013a34,2512111014,uuid:3c373f7d-80b1-46a0-a1ab-a155d0013a34,NA,NA,NA,NA,NA,NA,NA,NA,NA,NA
81316,S0402180032,OROMIA,Arsii,roobee,gaadoo jeenaa,Rural,"12/16/2025, 6:52:33 PM","12/16/2025, 2:13:17 PM","12/16/2025, 2:46:28 PM",12/16/2025,78b63b5b10d7e676,1,T21202,NA,male,3 4,0,0,1,1,0,0,0,0,0,1 3,1,0,1,0,NA,4,NA,2,NA,1,NA,1997,2012,5,0,NA,NA,2 5,0,1,0,0,1,0,0,NA,1,NA,2 6,0,1,0,0,0,1,0,NA,1,1 2,1,1,0,0,0,0,NA,4 5,0,0,0,1,1,0,0,0,0,0,NA,2 8,0,1,0,0,0,0,0,1,0,0,NA,5 8,0,0,0,0,1,0,0,1,0,0,NA,2,3,2,3,1,1,1,1,1 2 3 4 5,1,1,1,1,1,0,0,0,0,0,0,0,0,NA,4,4,NA,1 2 3 8 9,1,1,1,0,0,0,0,1,1,0,0,0,0,NA,3,4,4,3,4,4,4,3,3,4,5,5,4,5,3,5,1,1,1,5,0,0,0,0,1,0,0,0,NA,3,4,2,2,3,2,3,2,2,5,4,1,NA,3,4,4,3,3,1 2,1,1,0,0,0,NA,2,NA,0,0,0,0,0,0,0,1,0,0,0,NA,3,3,1,1,3,1,2,2,3,3,3,3,2,2,3,3,3,1,2 4,0,1,0,1,0,0,0,0,0,0,0,3,1,3,3,2,3,1,2,3,1,10,1,3,1,4,4,3,4,4,3,4,4,2 4,0,1,0,1,0,0,0,NA,0,NA,NA,NA,NA,NA,NA,NA,NA,NA,4,0,0,0,1,0,0,0,0,0,NA,50,NA,12394,Hin jiru,uuid:ee80ba68-42e4-4cb3-867c-ee5a2abfeecb,2512111014,uuid:ee80ba68-42e4-4cb3-867c-ee5a2abfeecb,NA,NA,NA,NA,NA,NA,NA,NA,NA,NA
81340,S0402180612,OROMIA,Arsii,roobee,saddiqaa sad 1ffaa,Urban,"12/17/2025, 6:40:32 PM","12/17/2025, 10:12:20 AM","12/17/2025, 6:24:48 AM",12/17/2025,78b63b5b10d7e676,1,T21301,NA,male,3 4,0,0,1,1,0,0,0,0,0,1,1,0,0,0,NA,4,NA,2,NA,1,NA,1979,2009,3,1,1,3,5,0,0,0,0,1,0,0,NA,1,NA,5 6,0,0,0,0,1,1,0,NA,1,1,1,0,0,0,0,0,NA,4 5,0,0,0,1,1,0,0,0,0,0,NA,2 8,0,1,0,0,0,0,0,1,0,0,NA,5 8,0,0,0,0,1,0,0,1,0,0,NA,3,2,2,2,1,1,1,1,1 7 8 9 10,1,0,0,0,0,0,1,1,1,1,0,0,0,NA,3,2,NA,1 2 3 8,1,1,1,0,0,0,0,1,0,0,0,0,0,NA,3,4,4,4,4,4,3,2,3,4,5,5,4,5,5,5,1,1,1,5,0,0,0,0,1,0,0,0,NA,3,3,2,2,2,2,3,2,2,4,3,1,NA,3,3,3,3,2,1 2,1,1,0,0,0,NA,4,NA,0,0,0,0,0,0,0,0,1,0,0,NA,1,1,1,1,4,1,2,1,2,2,3,3,2,3,3,3,3,3,1 7,1,0,0,0,0,0,1,0,0,0,0,3,3,1,3,1,3,3,3,3,1,9,2,4,1,4,4,3,4,4,3,4,4,5,0,0,0,0,1,0,0,NA,0,NA,NA,NA,NA,NA,NA,NA,NA,NA,1 4,1,0,0,1,0,0,0,0,0,NA,60,NA,23000,Hin jiru,uuid:543c6693-2970-4c42-a5fb-4d5123912db2,2512111014,uuid:543c6693-2970-4c42-a5fb-4d5123912db2,NA,NA,NA,NA,NA,NA,NA,NA,NA,NA
81340,S0402180612,OROMIA,Arsii,roobee,saddiqaa sad 1ffaa,Urban,"12/17/2025, 6:40:33 PM","12/17/2025, 2:46:59 AM","12/17/2025, 6:25:28 AM",12/17/2025,78b63b5b10d7e676,1,T21302,NA,female,6 7,0,0,0,0,0,1,1,0,0,2 3,0,1,1,0,NA,3,NA,2,NA,1,NA,2009,2013,2,0,NA,NA,5,0,0,0,0,1,0,0,NA,1,NA,2 6,0,1,0,0,0,1,0,NA,1,2,0,1,0,0,0,0,NA,4,0,0,0,1,0,0,0,0,0,0,NA,2 8,0,1,0,0,0,0,0,1,0,0,NA,5 8,0,0,0,0,1,0,0,1,0,0,NA,3,2,2,3,1,1,1,1,1 2 3 4 5,1,1,1,1,1,0,0,0,0,0,0,0,0,NA,4,4,NA,2 3,0,1,1,0,0,0,0,0,0,0,0,0,0,NA,3,4,4,3,4,4,4,3,3,4,5,5,3,5,5,5,2,1,1,5,0,0,0,0,1,0,0,0,NA,3,3,4,2,3,3,5,4,3,5,3,1,NA,3,3,4,2,3,1 2,1,1,0,0,0,NA,3,NA,0,0,0,0,0,0,0,0,0,0,0,NA,2,1,1,1,3,2,1,3,3,2,3,3,3,3,3,3,3,3,1 2,1,1,0,0,0,0,0,0,0,0,0,1,2,2,3,1,3,2,3,3,1,10,1,3,1,4,4,2,4,3,3,4,4,2 4,0,1,0,1,0,0,0,NA,0,NA,NA,NA,NA,NA,NA,NA,NA,NA,4,0,0,0,1,0,0,0,0,0,NA,32,NA,12590,Hin jiru,uuid:64f99884-b16d-4c1d-b387-440b23357b0d,2512111014,uuid:64f99884-b16d-4c1d-b387-440b23357b0d,NA,NA,NA,NA,NA,NA,NA,NA,NA,NA
81340,S0402180612,OROMIA,Arsii,roobee,saddiqaa sad 1ffaa,Urban,"12/17/2025, 6:44:21 PM","12/17/2025, 2:57:15 AM","12/17/2025, 5:52:13 AM",12/17/2025,873699e5faed7492,1,T21303,NA,female,2 3,0,1,1,0,0,0,0,0,0,1 97,1,0,0,1,"Safuu,saayinsii naannoo",5,NA,2,NA,0,NA,2006,2009,3,1,1,2,5,0,0,0,0,1,0,0,NA,1,NA,2 6,0,1,0,0,0,1,0,NA,1,2,0,1,0,0,0,0,NA,2 4,0,1,0,1,0,0,0,0,0,0,NA,2 6,0,1,0,0,0,1,0,0,0,0,NA,4 8,0,0,0,1,0,0,0,1,0,0,NA,2,2,3,2,1,1,2,2,5 8 9,0,0,0,0,1,0,0,1,1,0,0,0,0,NA,4,2,NA,4 9 11,0,0,0,1,0,0,0,0,1,0,1,0,0,NA,4,3,3,2,4,4,3,2,3,3,4,5,4,4,5,5,1,1,1,5,0,0,0,0,1,0,0,0,NA,3,2,2,3,3,2,1,1,2,2,1,4,NA,3,3,3,1,3,1 2,1,1,0,0,0,NA,3,NA,0,0,0,1,0,0,0,1,1,0,0,NA,2,1,1,1,4,1,1,3,3,3,3,3,2,2,3,3,3,3,1 2,1,1,0,0,0,0,0,0,0,0,0,2,1,1,1,1,4,3,3,3,1,8,2,4,1,4,4,1,4,4,4,4,4,4,0,0,0,1,0,0,0,NA,0,NA,NA,NA,NA,NA,NA,NA,NA,NA,4 5,0,0,0,1,1,0,0,0,0,NA,32,NA,12226,"Baayyachuu barattoota daree keessatti hanqinna meeshaalee barnoota kan Akka kitaabaa, hanqinna barsiisaa",uuid:5262f3d6-389d-4f47-a46b-5d9f75a27f14,2512111014,uuid:5262f3d6-389d-4f47-a46b-5d9f75a27f14,NA,NA,NA,NA,NA,NA,NA,NA,NA,NA
81551,S0402220232,OROMIA,Arsii,siree,tulluu,Rural,"12/23/2025, 5:56:01 PM","12/23/2025, 11:47:09 AM","12/23/2025, 5:53:59 PM",12/23/2025,78b63b5b10d7e676,1,T22701,NA,female,3 4,0,0,1,1,0,0,0,0,0,97,0,0,0,1,"Saafuu, sayinsi naannoo,",3,NA,2,NA,1,NA,2013,2013,1,0,NA,NA,5,0,0,0,0,1,0,0,NA,1,NA,5 6,0,0,0,0,1,1,0,NA,1,2,0,1,0,0,0,0,NA,4 5,0,0,0,1,1,0,0,0,0,0,NA,2 5,0,1,0,0,1,0,0,0,0,0,NA,2 5,0,1,0,0,1,0,0,0,0,0,NA,3,2,2,3,1,1,1,1,3 5 6 7,0,0,1,0,1,1,1,0,0,0,0,0,0,NA,4,2,NA,3,0,0,1,0,0,0,0,0,0,0,0,0,0,NA,4,3,4,3,4,3,4,2,3,4,5,4,3,5,5,5,2,1,1,5,0,0,0,0,1,0,0,0,NA,2,3,2,2,2,2,2,2,2,4,3,2,NA,1,1,1,3,3,1 2,1,1,0,0,0,NA,3,NA,1,0,0,0,0,0,1,1,1,0,0,NA,1,1,1,1,4,1,2,1,3,3,3,3,3,3,3,3,3,3,1 2,1,1,0,0,0,0,0,0,0,0,0,1,1,3,3,1,4,1,3,3,4,10,1,2,3,4,3,3,4,3,3,4,4,2,0,1,0,0,0,0,0,NA,0,NA,NA,NA,NA,NA,NA,NA,NA,NA,3 4,0,0,1,1,0,0,0,0,0,NA,28,NA,9500,Hanqina degarsa maati dhabuu,uuid:e0f3c71b-5b28-4ed3-93a4-e26bc1fc6e25,2512142209,uuid:e0f3c71b-5b28-4ed3-93a4-e26bc1fc6e25,NA,NA,NA,NA,NA,NA,NA,NA,NA,NA
81551,S0402220232,OROMIA,Arsii,siree,tulluu,Rural,"12/23/2025, 5:56:01 PM","12/23/2025, 12:23:21 PM","12/23/2025, 5:54:07 PM",12/23/2025,78b63b5b10d7e676,1,T22702,NA,male,6 7 8,0,0,0,0,0,1,1,1,0,1,1,0,0,0,NA,6,NA,5,NA,1,NA,2000,2006,3,1,1,3,5,0,0,0,0,1,0,0,NA,1,NA,2 6,0,1,0,0,0,1,0,NA,1,2,0,1,0,0,0,0,NA,4 5,0,0,0,1,1,0,0,0,0,0,NA,2 8,0,1,0,0,0,0,0,1,0,0,NA,2 8,0,1,0,0,0,0,0,1,0,0,NA,3,3,2,3,1,1,1,1,2 4 5 6 10,0,1,0,1,1,1,0,0,0,1,0,0,0,NA,4,3,NA,3 9 10,0,0,1,0,0,0,0,0,1,1,0,0,0,NA,4,4,4,4,4,4,4,3,3,4,3,5,5,5,4,5,2,1,1,5,0,0,0,0,1,0,0,0,NA,3,2,3,3,2,2,3,2,4,4,3,1,NA,1,1,1,2,2,2,0,1,0,0,0,NA,4,NA,0,0,0,0,0,0,0,0,0,0,0,NA,2,1,1,1,4,1,1,2,2,2,2,3,2,2,2,2,3,2,1 2,1,1,0,0,0,0,0,0,0,0,0,3,3,3,3,1,2,1,2,3,1,7,1,2,3,3,4,3,4,4,2,4,4,2,0,1,0,0,0,0,0,NA,1,3,3,3,1,3,3,3,1,Hin jiru,3 4,0,0,1,1,0,0,0,0,0,NA,30,NA,14000,Hin jiru,uuid:7f7226cc-0309-418c-b41b-5d2a2d5b09a8,2512142209,uuid:7f7226cc-0309-418c-b41b-5d2a2d5b09a8,NA,NA,NA,NA,NA,NA,NA,NA,NA,NA
81551,S0402220232,OROMIA,Arsii,siree,tulluu,Rural,"12/23/2025, 5:56:01 PM","12/23/2025, 1:09:27 PM","12/23/2025, 5:54:14 PM",12/23/2025,78b63b5b10d7e676,1,T22703,NA,male,1 2,1,1,0,0,0,0,0,0,0,2,0,1,0,0,NA,3,NA,2,NA,1,NA,2011,2011,1,0,NA,NA,5,0,0,0,0,1,0,0,NA,1,NA,5 6,0,0,0,0,1,1,0,NA,1,2,0,1,0,0,0,0,NA,4,0,0,0,1,0,0,0,0,0,0,NA,2 8,0,1,0,0,0,0,0,1,0,0,NA,2 6,0,1,0,0,0,1,0,0,0,0,NA,2,3,3,2,1,1,1,1,1 2 4 5 6 7,1,1,0,1,1,1,1,0,0,0,0,0,0,NA,4,3,NA,5,0,0,0,0,1,0,0,0,0,0,0,0,0,NA,4,4,4,3,4,4,4,3,3,4,3,4,2,4,5,4,1,1,1,5,0,0,0,0,1,0,0,0,NA,2,3,2,2,2,1,2,2,1,4,2,2,NA,3,3,3,2,2,2 3,0,1,1,0,0,NA,3,NA,0,0,0,0,0,0,0,1,1,0,0,NA,1,1,1,1,4,3,1,3,3,3,3,3,3,3,3,3,3,3,1 2,1,1,0,0,0,0,0,0,0,0,0,1,1,1,1,1,3,1,3,3,1,10,1,4,1,4,4,3,4,4,2,4,4,2,0,1,0,0,0,0,0,NA,0,NA,NA,NA,NA,NA,NA,NA,NA,NA,1 4,1,0,0,1,0,0,0,0,0,NA,28,NA,10740,"Rakkoo hanqina mallaqaa, mana jireenya...",uuid:b66b95ec-b1bc-46b2-88d6-74fb72bac7e1,2512142209,uuid:b66b95ec-b1bc-46b2-88d6-74fb72bac7e1,NA,NA,NA,NA,NA,NA,NA,NA,NA,NA
81741,S0402230482,OROMIA,Arsii,suudee,ashmiiraa humbii,Rural,"12/26/2025, 5:34:47 PM","12/26/2025, 10:00:33 AM","12/26/2025, 1:19:39 PM",12/26/2025,78b63b5b10d7e676,1,T31101,NA,female,7 8,0,0,0,0,0,0,1,1,0,2 97,0,1,0,1,Sayinnis waaligala,2,NA,5,NA,1,NA,2008,2013,3,0,NA,NA,1 5,1,0,0,0,1,0,0,NA,1,NA,2 6,0,1,0,0,0,1,0,NA,1,1,1,0,0,0,0,0,NA,2 3 4,0,1,1,1,0,0,0,0,0,0,NA,2 5,0,1,0,0,1,0,0,0,0,0,NA,2 5,0,1,0,0,1,0,0,0,0,0,NA,2,2,2,2,1,1,1,1,2 3 5 7 8 10,0,1,1,0,1,0,1,1,0,1,0,0,0,NA,4,4,NA,3 7,0,0,1,0,0,0,1,0,0,0,0,0,0,NA,3,3,2,3,3,3,4,3,4,4,5,4,4,4,5,4,2,1,1,5,0,0,0,0,1,0,0,0,NA,3,2,2,3,2,2,4,3,3,4,3,2,NA,3,3,3,3,2,2,0,1,0,0,0,NA,4,NA,0,0,0,0,0,0,0,1,0,0,0,NA,1,1,1,1,4,1,1,3,3,3,3,3,3,3,3,3,3,3,1 2,1,1,0,0,0,0,0,0,0,0,0,3,1,3,3,1,3,1,3,3,1,10,1,2,3,4,4,3,4,4,2,4,4,2,0,1,0,0,0,0,0,NA,0,NA,NA,NA,NA,NA,NA,NA,NA,NA,3 4,0,0,1,1,0,0,0,0,0,NA,25,NA,12000,Hin jiru,uuid:56e9f4df-2b72-49c1-872f-0598b2e91b07,2512142209,uuid:56e9f4df-2b72-49c1-872f-0598b2e91b07,NA,NA,NA,NA,NA,NA,NA,NA,NA,NA
81741,S0402230482,OROMIA,Arsii,suudee,ashmiiraa humbii,Rural,"12/26/2025, 5:34:47 PM","12/26/2025, 12:11:16 PM","12/26/2025, 1:20:07 PM",12/26/2025,78b63b5b10d7e676,1,T31102,NA,female,1 2 3,1,1,1,0,0,0,0,0,0,2,0,1,0,0,NA,2,NA,2,NA,1,NA,2010,2014,2,0,NA,NA,1 5,1,0,0,0,1,0,0,NA,1,NA,2 6,0,1,0,0,0,1,0,NA,1,1,1,0,0,0,0,0,NA,3 4,0,0,1,1,0,0,0,0,0,0,NA,2 8,0,1,0,0,0,0,0,1,0,0,NA,2 8,0,1,0,0,0,0,0,1,0,0,NA,2,2,2,2,1,1,1,2,2 3 5 9,0,1,1,0,1,0,0,0,1,0,0,0,0,NA,4,4,NA,3 9,0,0,1,0,0,0,0,0,1,0,0,0,0,NA,3,3,4,3,4,4,4,2,3,4,4,4,3,5,5,5,2,1,1,5,0,0,0,0,1,0,0,0,NA,2,2,3,2,2,2,3,2,2,4,3,2,NA,3,3,4,2,3,1 2,1,1,0,0,0,NA,4,NA,0,0,0,0,0,0,0,0,1,0,0,NA,1,1,1,1,4,1,1,3,3,2,3,3,3,3,2,3,3,3,1 2,1,1,0,0,0,0,0,0,0,0,0,2,1,3,3,1,3,1,3,3,1,10,1,1,4,4,3,3,4,4,3,4,3,2 4,0,1,0,1,0,0,0,NA,0,NA,NA,NA,NA,NA,NA,NA,NA,NA,3 4,0,0,1,1,0,0,0,0,0,NA,29,NA,10950,Hin jiru,uuid:3af966f5-5bde-4dca-be30-d3d7ad92ab4d,2512142209,uuid:3af966f5-5bde-4dca-be30-d3d7ad92ab4d,NA,NA,NA,NA,NA,NA,NA,NA,NA,NA
81741,S0402230482,OROMIA,Arsii,suudee,ashmiiraa humbii,Rural,"12/26/2025, 5:36:12 PM","12/26/2025, 12:12:34 PM","12/26/2025, 2:09:17 PM",12/26/2025,6cd4eced41301dbb,1,T31103,NA,male,3 4,0,0,1,1,0,0,0,0,0,2,0,1,0,0,NA,5,NA,2,NA,0,NA,2002,2006,2,0,NA,NA,5,0,0,0,0,1,0,0,NA,1,NA,2 6,0,1,0,0,0,1,0,NA,1,1,1,0,0,0,0,0,NA,2 3 5,0,1,1,0,1,0,0,0,0,0,NA,6 8,0,0,0,0,0,1,0,1,0,0,NA,2 4,0,1,0,1,0,0,0,0,0,0,NA,2,3,3,3,1,2,4,1,7 10,0,0,0,0,0,0,1,0,0,1,0,0,0,NA,4,2,NA,2 3,0,1,1,0,0,0,0,0,0,0,0,0,0,NA,4,4,4,4,4,4,4,3,4,4,5,5,5,4,5,5,1,1,1,5,0,0,0,0,1,0,0,0,NA,3,2,3,2,3,3,3,3,2,3,1,4,NA,3,2,3,1,2,2 4,0,1,0,1,0,NA,3,NA,0,0,0,0,0,0,0,1,1,0,0,NA,2,2,2,2,4,1,1,3,2,3,3,3,2,3,3,3,3,3,4 9,0,0,0,1,0,0,0,0,1,0,0,2,1,1,2,2,3,1,3,3,1,10,1,3,1,4,2,2,4,4,3,4,4,4,0,0,0,1,0,0,0,NA,0,NA,NA,NA,NA,NA,NA,NA,NA,NA,5 6,0,0,0,0,1,1,0,0,0,NA,34,NA,13364,Hanqinna teessoo fi barsiisaa fi rakkoo bishaan dhugaatii,uuid:cd6c9746-d3f7-4651-8e6b-dca2278e85b2,2512142209,uuid:cd6c9746-d3f7-4651-8e6b-dca2278e85b2,NA,NA,NA,NA,NA,NA,NA,NA,NA,NA
81771,S0402230612,OROMIA,Arsii,suudee,maammoo,Rural,"12/25/2025, 6:45:14 PM","12/25/2025, 8:28:00 AM","12/25/2025, 12:00:11 PM",12/25/2025,78b63b5b10d7e676,1,T23001,NA,female,2 3,0,1,1,0,0,0,0,0,0,1 97,1,0,0,1,Fayyafi jabeenya qamaa,2,NA,2,NA,1,NA,2007,2008,2,1,1,3,1 5,1,0,0,0,1,0,0,NA,1,NA,2 5 6,0,1,0,0,1,1,0,NA,1,1,1,0,0,0,0,0,NA,4 5,0,0,0,1,1,0,0,0,0,0,NA,2 5,0,1,0,0,1,0,0,0,0,0,NA,2 5,0,1,0,0,1,0,0,0,0,0,NA,3,2,2,3,1,1,2,1,3 4 5 7 8,0,0,1,1,1,0,1,1,0,0,0,0,0,NA,4,3,NA,1 3,1,0,1,0,0,0,0,0,0,0,0,0,0,NA,4,3,4,3,4,4,4,3,3,4,5,5,3,5,5,5,2,1,1,5,0,0,0,0,1,0,0,0,NA,2,2,2,3,2,2,3,2,2,4,3,2,NA,3,4,4,2,2,2,0,1,0,0,0,NA,3,NA,0,0,0,0,0,0,0,1,1,0,0,NA,1,1,1,1,4,1,1,2,3,3,3,3,3,3,3,3,3,3,2 4,0,1,0,1,0,0,0,0,0,0,0,3,1,3,3,3,4,1,3,3,1,10,1,4,1,4,4,1,4,4,3,4,4,4,0,0,0,1,0,0,0,NA,0,NA,NA,NA,NA,NA,NA,NA,NA,NA,3 4,0,0,1,1,0,0,0,0,0,NA,31,NA,11500,Hin jiru.,uuid:b5c8c375-65ad-45fc-ac55-66df156b7b4c,2512142209,uuid:b5c8c375-65ad-45fc-ac55-66df156b7b4c,NA,NA,NA,NA,NA,NA,NA,NA,NA,NA
81771,S0402230612,OROMIA,Arsii,suudee,maammoo,Rural,"12/25/2025, 6:45:15 PM","12/25/2025, 9:05:20 AM","12/25/2025, 12:00:40 PM",12/25/2025,78b63b5b10d7e676,1,T23002,NA,female,1 2 4,1,1,0,1,0,0,0,0,0,2 97,0,1,0,1,"Sayinsii naannoo, gada ,ogaartii",4,NA,2,NA,1,NA,2007,2015,3,0,NA,NA,5,0,0,0,0,1,0,0,NA,1,NA,5 6,0,0,0,0,1,1,0,NA,1,1,1,0,0,0,0,0,NA,4 5,0,0,0,1,1,0,0,0,0,0,NA,5 8,0,0,0,0,1,0,0,1,0,0,NA,5 8,0,0,0,0,1,0,0,1,0,0,NA,3,2,2,2,1,1,1,2,3 5 6 7 8 9,0,0,1,0,1,1,1,1,1,0,0,0,0,NA,3,4,NA,3 9,0,0,1,0,0,0,0,0,1,0,0,0,0,NA,4,3,4,3,3,4,4,3,4,4,4,4,3,5,5,5,2,1,1,5,0,0,0,0,1,0,0,0,NA,2,2,3,2,2,2,4,2,2,4,3,1,NA,4,3,2,3,3,2,0,1,0,0,0,NA,4,NA,0,0,0,0,0,0,0,1,1,0,0,NA,1,1,1,1,4,1,1,1,3,3,3,3,3,3,3,3,3,3,1 2,1,1,0,0,0,0,0,0,0,0,0,2,1,1,2,1,4,1,3,3,2,10,1,2,3,4,4,3,4,3,2,4,4,4,0,0,0,1,0,0,0,NA,0,NA,NA,NA,NA,NA,NA,NA,NA,NA,1 4,1,0,0,1,0,0,0,0,0,NA,30,NA,11500,Hanqinna meeshaa barnoota dhabuun gufuu gudda nutti tahe,uuid:42831c9f-0917-449a-8452-60517569a607,2512142209,uuid:42831c9f-0917-449a-8452-60517569a607,NA,NA,NA,NA,NA,NA,NA,NA,NA,NA
81771,S0402230612,OROMIA,Arsii,suudee,maammoo,Rural,"12/25/2025, 6:46:29 PM","12/25/2025, 9:52:09 AM","12/25/2025, 3:27:04 PM",12/25/2025,6cd4eced41301dbb,1,T23003,NA,male,7,0,0,0,0,0,0,1,0,0,2,0,1,0,0,NA,3,NA,2,NA,0,NA,2006,2006,1,0,NA,NA,5,0,0,0,0,1,0,0,NA,1,NA,2 6,0,1,0,0,0,1,0,NA,1,1 3,1,0,1,0,0,0,NA,1 4,1,0,0,1,0,0,0,0,0,0,NA,4 8,0,0,0,1,0,0,0,1,0,0,NA,2 6,0,1,0,0,0,1,0,0,0,0,NA,2,3,3,3,3,3,2,3,6 9,0,0,0,0,0,1,0,0,1,0,0,0,0,NA,4,2,NA,2 5 9,0,1,0,0,1,0,0,0,1,0,0,0,0,NA,4,4,4,3,4,4,4,2,3,4,4,5,5,5,4,5,2,1,1,5,0,0,0,0,1,0,0,0,NA,3,2,3,3,3,2,3,2,3,3,3,4,NA,2,2,1,1,1,2 3 4,0,1,1,1,0,NA,3,NA,0,0,0,1,0,0,1,1,1,0,0,NA,3,3,1,2,4,1,1,3,3,3,3,3,3,3,3,3,3,3,5 8,0,0,0,0,1,0,0,1,0,0,0,3,1,3,3,3,2,1,3,3,1,10,1,4,1,4,3,3,4,3,3,4,4,4,0,0,0,1,0,0,0,NA,0,NA,NA,NA,NA,NA,NA,NA,NA,NA,4 6,0,0,0,1,0,1,0,0,0,NA,35,NA,10001,Hanqinna meeshaalee barnootaa kana akka kitaabaa,uuid:c1a2e1ad-8b33-4251-b5cc-c7e7260b7692,2512142209,uuid:c1a2e1ad-8b33-4251-b5cc-c7e7260b7692,NA,NA,NA,NA,NA,NA,NA,NA,NA,NA
81970,S0402250162,OROMIA,Arsii,xiyyoo,abbichuu,Rural,"12/15/2025, 6:41:05 PM","12/15/2025, 11:09:41 AM","12/15/2025, 11:50:27 AM",12/15/2025,6cd4eced41301dbb,1,T23502,NA,female,2,0,1,0,0,0,0,0,0,0,1,1,0,0,0,NA,6,NA,5,NA,1,NA,2004,2017,3,0,NA,NA,5,0,0,0,0,1,0,0,NA,1,NA,2 6,0,1,0,0,0,1,0,NA,1,1 3,1,0,1,0,0,0,NA,3 7,0,0,1,0,0,0,1,0,0,0,NA,2 8,0,1,0,0,0,0,0,1,0,0,NA,4 6,0,0,0,1,0,1,0,0,0,0,NA,3,3,2,4,2,2,2,1,8 9,0,0,0,0,0,0,0,1,1,0,0,0,0,NA,4,2,NA,5 9 10,0,0,0,0,1,0,0,0,1,1,0,0,0,NA,4,3,4,3,3,4,3,3,3,4,4,4,4,5,4,4,2,1,1,2 5,0,1,0,0,1,0,0,0,NA,4,3,3,4,3,2,4,2,3,3,3,4,NA,3,3,2,1,3,2,0,1,0,0,0,NA,3,NA,0,0,0,1,0,0,0,1,1,0,0,NA,1,1,1,1,4,1,1,3,3,2,3,3,2,2,3,3,3,3,1 4,1,0,0,1,0,0,0,0,0,0,0,4,1,3,3,3,4,1,3,3,1,10,1,4,1,4,4,1,4,4,3,4,4,4,0,0,0,1,0,0,0,NA,1,2,3,3,1,3,3,3,1,Hin jiru,1 5,1,0,0,0,1,0,0,0,0,NA,32,NA,13400,Carraa baarnootaa digirii 2ffaa argachuu dhabuu,uuid:26a2535f-2a03-4d22-8c7c-478468d6dff7,2512111014,uuid:26a2535f-2a03-4d22-8c7c-478468d6dff7,NA,NA,NA,NA,NA,NA,NA,NA,NA,NA
81970,S0402250162,OROMIA,Arsii,xiyyoo,abbichuu,Rural,"12/15/2025, 8:03:00 PM","12/15/2025, 12:13:35 PM","12/15/2025, 7:56:11 PM",12/15/2025,78b63b5b10d7e676,1,T23502,NA,female,2 3 4,0,1,1,1,0,0,0,0,0,1,1,0,0,0,NA,6,NA,5,NA,1,NA,2002,2011,6,0,NA,NA,5,0,0,0,0,1,0,0,NA,1,NA,6,0,0,0,0,0,1,0,NA,1,1,1,0,0,0,0,0,NA,4,0,0,0,1,0,0,0,0,0,0,NA,2 8,0,1,0,0,0,0,0,1,0,0,NA,2 5,0,1,0,0,1,0,0,0,0,0,NA,3,2,2,3,1,1,2,1,1 2,1,1,0,0,0,0,0,0,0,0,0,0,0,NA,4,4,NA,2 3 8,0,1,1,0,0,0,0,1,0,0,0,0,0,NA,4,3,3,3,3,3,4,2,3,4,3,4,2,4,5,4,2,1,1,2,0,1,0,0,0,0,0,0,NA,3,4,4,2,2,2,5,2,1,3,3,2,NA,3,3,3,2,2,2,0,1,0,0,0,NA,3,NA,0,0,0,1,1,0,1,1,1,0,0,NA,3,1,1,1,4,1,1,2,1,2,3,3,2,2,3,3,3,3,1 2,1,1,0,0,0,0,0,0,0,0,0,1,3,3,3,1,3,3,2,1,1,7,1,2,4,4,4,3,4,4,2,4,4,2 4,0,1,0,1,0,0,0,NA,1,2,2,3,1,1,3,3,1,Iddoo mijataa irra jirachuu dhabuu,4,0,0,0,1,0,0,0,0,0,NA,36,NA,13000,Hin jiru,uuid:e3b1e670-c93d-4af8-b652-8f7f9600bb11,2512111014,uuid:e3b1e670-c93d-4af8-b652-8f7f9600bb11,NA,NA,NA,NA,NA,NA,NA,NA,NA,NA
81970,S0402250162,OROMIA,Arsii,xiyyoo,abbichuu,Rural,"12/15/2025, 8:03:04 PM","12/15/2025, 10:04:48 AM","12/15/2025, 7:55:55 PM",12/15/2025,78b63b5b10d7e676,1,T23501,NA,male,6 7 8,0,0,0,0,0,1,1,1,0,2,0,1,0,0,NA,3,NA,2,NA,1,NA,2006,2015,2,0,NA,NA,5,0,0,0,0,1,0,0,NA,1,NA,6,0,0,0,0,0,1,0,NA,1,1,1,0,0,0,0,0,NA,4,0,0,0,1,0,0,0,0,0,0,NA,2 8,0,1,0,0,0,0,0,1,0,0,NA,2 8,0,1,0,0,0,0,0,1,0,0,NA,4,3,3,2,1,1,1,1,1 2 4 6 7 10,1,1,0,1,0,1,1,0,0,1,0,0,0,NA,4,2,NA,1 2 3 5 8,1,1,1,0,1,0,0,1,0,0,0,0,0,NA,4,4,4,3,4,3,3,3,2,4,5,5,4,5,4,4,2,1,1,2,0,1,0,0,0,0,0,0,NA,4,3,2,3,2,2,4,2,3,5,4,1,NA,3,3,1,1,2,1 2,1,1,0,0,0,NA,4,NA,0,0,0,1,0,1,0,1,1,0,0,NA,1,1,1,1,4,1,1,2,2,2,3,3,2,2,2,3,2,2,1 4,1,0,0,1,0,0,0,0,0,0,0,3,1,4,3,1,1,3,3,2,2,10,1,4,1,4,4,3,4,4,3,4,4,4,0,0,0,1,0,0,0,NA,0,NA,NA,NA,NA,NA,NA,NA,NA,NA,4,0,0,0,1,0,0,0,0,0,NA,33,NA,10000,Hin jiru,uuid:bc0c4bcc-5249-4109-9ca8-731e5be34627,2512111014,uuid:bc0c4bcc-5249-4109-9ca8-731e5be34627,NA,NA,NA,NA,NA,NA,NA,NA,NA,NA
80530,S0402270022,OROMIA,Arsii,b/m/dheeraa,dheeraa lakk.1,Urban,"12/26/2025, 9:05:25 AM","12/25/2025, 8:55:04 AM","12/25/2025, 9:16:37 PM",12/25/2025,72ea367b009c6cb8,1,T40601,NA,male,1,1,0,0,0,0,0,0,0,0,2,0,1,0,0,NA,7,NA,2,NA,1,NA,1996,2002,2,0,NA,NA,5,0,0,0,0,1,0,0,NA,1,NA,2,0,1,0,0,0,0,0,NA,1,1 2 3,1,1,1,0,0,0,NA,3 4,0,0,1,1,0,0,0,0,0,0,NA,2 5,0,1,0,0,1,0,0,0,0,0,NA,2 4,0,1,0,1,0,0,0,0,0,0,NA,2,3,3,3,2,2,2,2,7 8 9 11,0,0,0,0,0,0,1,1,1,0,1,0,0,NA,3,2,NA,97,0,0,0,0,0,0,0,0,0,0,0,1,0,Karora,3,3,3,3,3,3,3,3,3,4,5,5,4,5,4,5,1,1,1,1 2 5,1,1,0,0,1,0,0,0,NA,3,3,3,3,3,3,4,4,4,4,4,4,NA,2,2,2,2,2,1 2,1,1,0,0,0,NA,2,NA,0,0,0,0,1,1,1,1,1,0,0,NA,1,1,1,4,4,1,1,2,2,2,2,2,2,2,2,2,2,2,10 11,0,0,0,0,0,0,0,0,0,1,1,4,1,4,4,4,4,1,2,2,1,7,1,4,1,4,4,3,4,4,4,4,4,4,0,0,0,1,0,0,0,NA,1,3,3,3,1,1,3,3,3,Nothing,4,0,0,0,1,0,0,0,0,0,NA,42,NA,15000,Nothing,uuid:61c7ef97-dde7-434f-982a-8771ec682e85,2512142209,uuid:61c7ef97-dde7-434f-982a-8771ec682e85,NA,NA,NA,NA,NA,NA,NA,NA,NA,NA
80530,S0402270022,OROMIA,Arsii,b/m/dheeraa,dheeraa lakk.1,Urban,"12/26/2025, 9:05:26 AM","12/25/2025, 9:28:23 AM","12/25/2025, 9:16:57 PM",12/25/2025,72ea367b009c6cb8,1,T40602,NA,female,1 2 3,1,1,1,0,0,0,0,0,0,97,0,0,0,1,Sayinis fi ogariti,7,NA,2,NA,1,NA,2001,2012,3,0,NA,NA,5,0,0,0,0,1,0,0,NA,98,NA,2,0,1,0,0,0,0,0,NA,1,1 3,1,0,1,0,0,0,NA,3 4,0,0,1,1,0,0,0,0,0,0,NA,2 4,0,1,0,1,0,0,0,0,0,0,NA,2 4,0,1,0,1,0,0,0,0,0,0,NA,2,2,1,2,2,2,2,2,8 9 11,0,0,0,0,0,0,0,1,1,0,1,0,0,NA,3,2,NA,97,0,0,0,0,0,0,0,0,0,0,0,1,0,Quluqulina dare,3,3,3,3,3,3,3,3,3,4,5,4,5,5,5,5,2,1,1,1 2 5,1,1,0,0,1,0,0,0,NA,3,3,3,3,3,3,4,4,4,4,4,97,Danideti,2,2,2,2,2,1 2,1,1,0,0,0,NA,1,NA,0,0,0,1,0,1,0,1,1,0,0,NA,1,1,1,1,4,1,1,2,1,2,2,2,2,2,1,2,1,2,1 2,1,1,0,0,0,0,0,0,0,0,0,4,1,3,3,1,4,1,2,2,1,7,1,4,1,4,4,3,4,4,4,4,4,4,0,0,0,1,0,0,0,NA,1,3,3,3,1,3,3,3,3,Degaressa motuma dhabbu,4,0,0,0,1,0,0,0,0,0,NA,38,NA,19464,Nothing,uuid:774a24a5-5b29-4027-bccf-b5b3e827d9dc,2512142209,uuid:774a24a5-5b29-4027-bccf-b5b3e827d9dc,NA,NA,NA,NA,NA,NA,NA,NA,NA,NA
80530,S0402270022,OROMIA,Arsii,b/m/dheeraa,dheeraa lakk.1,Urban,"12/26/2025, 9:05:26 AM","12/25/2025, 10:12:55 AM","12/25/2025, 9:17:22 PM",12/25/2025,72ea367b009c6cb8,1,T40603,NA,female,5 6 7 8,0,0,0,0,1,1,1,1,0,1,1,0,0,0,NA,6,NA,5,NA,1,NA,1999,2012,2,0,NA,NA,5,0,0,0,0,1,0,0,NA,1,NA,2,0,1,0,0,0,0,0,NA,1,1 3,1,0,1,0,0,0,NA,1 3 4,1,0,1,1,0,0,0,0,0,0,NA,2 4,0,1,0,1,0,0,0,0,0,0,NA,2 4,0,1,0,1,0,0,0,0,0,0,NA,2,2,2,2,2,2,2,2,7 8 9 11,0,0,0,0,0,0,1,1,1,0,1,0,0,NA,2,2,NA,9,0,0,0,0,0,0,0,0,1,0,0,0,0,NA,3,3,3,3,3,3,3,3,3,3,5,5,4,5,5,5,2,1,1,1 2 5,1,1,0,0,1,0,0,0,NA,3,3,3,3,3,3,4,4,3,4,4,1,NA,1,1,1,1,1,1 2,1,1,0,0,0,NA,4,NA,0,0,0,0,1,1,1,1,1,0,0,NA,3,3,1,1,4,1,1,1,2,2,2,1,2,2,2,1,3,3,6 11,0,0,0,0,0,1,0,0,0,0,1,4,3,2,4,1,4,1,2,2,1,8,1,4,1,3,4,3,4,4,3,4,4,4,0,0,0,1,0,0,0,NA,0,NA,NA,NA,NA,NA,NA,NA,NA,NA,4,0,0,0,1,0,0,0,0,0,NA,46,NA,15400,ilalicha hawasa barisisafe qabani fi baratota qabane,uuid:2160d4cc-2c82-458e-824d-3753b418a6b2,2512142209,uuid:2160d4cc-2c82-458e-824d-3753b418a6b2,NA,NA,NA,NA,NA,NA,NA,NA,NA,NA
85693,S0403040222,OROMIA,Baalee,barbaree,dheeraa,Rural,"12/23/2025, 7:40:41 PM","12/23/2025, 9:34:25 AM","12/23/2025, 7:37:07 PM",12/23/2025,c7654ba83377bbd9,1,S12502,NA,male,7 8,0,0,0,0,0,0,1,1,0,2,0,1,0,0,NA,3,NA,5,NA,1,NA,2010,2015,2,1,3,3,1 3,1,0,1,0,0,0,0,NA,1,NA,2 5,0,1,0,0,1,0,0,NA,1,1 3,1,0,1,0,0,0,NA,2 3 7,0,1,1,0,0,0,1,0,0,0,NA,3 6,0,0,1,0,0,1,0,0,0,0,NA,2 5,0,1,0,0,1,0,0,0,0,0,NA,3,2,2,2,2,3,2,3,2 5 6,0,1,0,0,1,1,0,0,0,0,0,0,0,NA,2,3,NA,3 5,0,0,1,0,1,0,0,0,0,0,0,0,0,NA,3,4,4,4,3,2,4,3,3,3,5,5,5,5,4,5,2,2,2,2 4 5,0,1,0,1,1,0,0,0,NA,3,3,3,4,3,4,4,3,4,4,4,2,NA,3,4,3,3,2,2 3,0,1,1,0,0,NA,2,NA,0,0,0,1,1,1,1,1,1,0,0,NA,4,1,2,2,2,3,3,3,1,2,2,3,3,3,3,3,3,3,2 11,0,1,0,0,0,0,0,0,0,0,1,1,2,2,3,1,1,1,3,3,3,10,2,2,3,3,2,3,3,4,4,4,4,1 2,1,1,0,0,0,0,0,NA,0,NA,NA,NA,NA,NA,NA,NA,NA,NA,2 3,0,1,1,0,0,0,0,0,0,NA,32,NA,14680,None,uuid:9b8fc115-7f1c-491b-afa7-af5f469b0817,2512142209,uuid:9b8fc115-7f1c-491b-afa7-af5f469b0817,NA,NA,NA,NA,NA,NA,NA,NA,NA,NA
85693,S0403040222,OROMIA,Baalee,barbaree,dheeraa,Rural,"12/23/2025, 7:40:41 PM","12/23/2025, 8:54:30 AM","12/23/2025, 7:37:28 PM",12/23/2025,c7654ba83377bbd9,1,T12503,NA,female,1 4,1,0,0,1,0,0,0,0,0,1,1,0,0,0,NA,3,NA,5,NA,1,NA,2016,2017,1,1,2,3,3 4,0,0,1,1,0,0,0,NA,1,NA,2,0,1,0,0,0,0,0,NA,1,1 3,1,0,1,0,0,0,NA,2 3 4,0,1,1,1,0,0,0,0,0,0,NA,3 5,0,0,1,0,1,0,0,0,0,0,NA,4 5,0,0,0,1,1,0,0,0,0,0,NA,3,2,2,2,2,3,2,3,2 3 5 7,0,1,1,0,1,0,1,0,0,0,0,0,0,NA,4,2,NA,2 5,0,1,0,0,1,0,0,0,0,0,0,0,0,NA,3,3,4,4,4,4,3,3,3,4,5,5,5,5,5,5,2,2,1,2 5,0,1,0,0,1,0,0,0,NA,3,4,4,3,2,3,2,2,2,2,2,2,NA,3,3,3,3,1,2 3,0,1,1,0,0,NA,2,NA,0,0,0,1,1,1,1,1,1,1,0,NA,2,1,1,1,4,3,2,3,2,2,2,1,2,2,3,3,3,3,1 2,1,1,0,0,0,0,0,0,0,0,0,1,2,2,2,2,3,1,1,3,1,9,3,3,3,3,4,4,3,4,4,4,4,1 3,1,0,1,0,0,0,0,NA,0,NA,NA,NA,NA,NA,NA,NA,NA,NA,4 5,0,0,0,1,1,0,0,0,0,NA,30,NA,14780,"1/Hanqina meeshaalee barnootaa 
2/Bishaan Dhugaatii 
3/ Hanqina Mana Fincaanii",uuid:265ae3fc-60d0-4425-9a7b-49c8faa4785c,2512142209,uuid:265ae3fc-60d0-4425-9a7b-49c8faa4785c,NA,NA,NA,NA,NA,NA,NA,NA,NA,NA
85693,S0403040222,OROMIA,Baalee,barbaree,dheeraa,Rural,"12/23/2025, 7:45:22 PM","12/23/2025, 9:22:53 AM","12/23/2025, 7:33:43 PM",12/23/2025,8e28ba7f870e07da,1,T12501,NA,male,4,0,0,0,1,0,0,0,0,0,2,0,1,0,0,NA,3,NA,2,NA,1,NA,2014,2014,1,0,NA,NA,1,1,0,0,0,0,0,0,NA,4,NA,2 5,0,1,0,0,1,0,0,NA,1,3,0,0,1,0,0,0,NA,2 3 5,0,1,1,0,1,0,0,0,0,0,NA,3 4,0,0,1,1,0,0,0,0,0,0,NA,3 4,0,0,1,1,0,0,0,0,0,0,NA,1,1,1,1,1,1,1,1,4,0,0,0,1,0,0,0,0,0,0,0,0,0,NA,2,2,NA,2 5 7,0,1,0,0,1,0,1,0,0,0,0,0,0,NA,4,3,3,1,4,4,4,4,4,4,5,4,2,5,5,4,3,1,1,2 3,0,1,1,0,0,0,0,0,NA,4,3,4,3,3,4,5,4,5,4,5,2,NA,1,1,1,1,4,2,0,1,0,0,0,NA,2,NA,0,0,0,1,1,1,1,1,1,0,0,NA,1,2,1,1,4,1,1,3,3,3,3,3,2,2,3,3,3,3,2 4,0,1,0,1,0,0,0,0,0,0,0,4,4,4,4,1,4,4,3,2,1,10,4,4,4,4,4,4,4,4,4,4,4,2 4,0,1,0,1,0,0,0,NA,1,3,3,3,1,1,1,1,1,None,3 4,0,0,1,1,0,0,0,0,0,NA,29,NA,16721,"Demz etiret,menorya bet etiret",uuid:7e12c32a-8ea2-464a-8189-73073643f10e,2512142209,uuid:7e12c32a-8ea2-464a-8189-73073643f10e,NA,NA,NA,NA,NA,NA,NA,NA,NA,NA
85723,S0403040362,OROMIA,Baalee,barbaree,sirrimaa,Rural,"12/22/2025, 7:23:14 PM","12/22/2025, 10:02:07 AM","12/22/2025, 12:56:25 PM",12/22/2025,c7654ba83377bbd9,1,T12602,NA,male,7 8,0,0,0,0,0,0,1,1,0,1 2,1,1,0,0,NA,4,NA,5,NA,1,NA,2003,2007,2,1,5,3,1 3,1,0,1,0,0,0,0,NA,1,NA,2,0,1,0,0,0,0,0,NA,1,3,0,0,1,0,0,0,NA,2 3 4 5 6 7,0,1,1,1,1,1,1,0,0,0,NA,2 5,0,1,0,0,1,0,0,0,0,0,NA,2 4,0,1,0,1,0,0,0,0,0,0,NA,2,2,2,2,3,3,2,4,2 5 6,0,1,0,0,1,1,0,0,0,0,0,0,0,NA,3,2,NA,3,0,0,1,0,0,0,0,0,0,0,0,0,0,NA,2,2,4,3,3,4,3,1,3,3,3,3,3,5,4,4,2,3,1,2 5,0,1,0,0,1,0,0,0,NA,3,4,3,4,3,4,3,2,5,5,3,2,NA,4,4,4,4,1,1 2,1,1,0,0,0,NA,2,NA,0,0,0,1,1,1,1,1,1,1,0,NA,1,1,1,1,4,3,3,1,2,2,2,1,2,2,2,2,3,1,4 5,0,0,0,1,1,0,0,0,0,0,0,3,1,3,3,3,2,1,3,3,1,7,1,4,3,4,4,4,4,3,2,4,4,1 4,1,0,0,1,0,0,0,NA,1,3,1,3,1,3,3,1,1,No,3 4,0,0,1,1,0,0,0,0,0,NA,36,NA,18724,"1/Gahumsa Ogummaa malee barsiisuu, hanqina gosa barnootaa barbaadamu dhabuu
2/Kaffaltiin barsiisaaf kaffalamu wal madaaluu yookiin gahaa ta'uu dhabuu
3 /Xiyyeeffannaan mootummaan barnootaaf kenne laafaa  ta'uu",uuid:36998ed4-ac12-41f5-b0b0-49aa58cf765b,2512142209,uuid:36998ed4-ac12-41f5-b0b0-49aa58cf765b,NA,NA,NA,NA,NA,NA,NA,NA,NA,NA
85723,S0403040362,OROMIA,Baalee,barbaree,sirrimaa,Rural,"12/22/2025, 7:23:15 PM","12/22/2025, 10:42:02 AM","12/22/2025, 12:57:39 PM",12/22/2025,c7654ba83377bbd9,1,T12603,NA,male,3 4,0,0,1,1,0,0,0,0,0,97,0,0,0,1,Saayinsii Naannoo,3,NA,2,NA,1,NA,2007,2017,3,1,2,3,1 3 4,1,0,1,1,0,0,0,NA,1,NA,2 5,0,1,0,0,1,0,0,NA,1,1 3,1,0,1,0,0,0,NA,3 4 5,0,0,1,1,1,0,0,0,0,0,NA,4 97,0,0,0,1,0,0,0,0,1,0,Naamusaa,2 4,0,1,0,1,0,0,0,0,0,0,NA,2,3,3,2,3,3,3,3,2 5,0,1,0,0,1,0,0,0,0,0,0,0,0,NA,4,2,NA,3 4,0,0,1,1,0,0,0,0,0,0,0,0,0,NA,3,2,3,2,3,3,4,3,3,4,5,4,5,5,5,5,2,2,1,2 3 5,0,1,1,0,1,0,0,0,NA,2,3,4,4,1,3,4,2,2,5,3,2,NA,4,3,4,1,4,1 2 3,1,1,1,0,0,NA,2,NA,1,0,0,1,1,0,0,1,1,0,0,NA,3,3,3,3,3,3,3,1,1,3,2,2,2,2,3,3,3,1,2 10,0,1,0,0,0,0,0,0,0,1,0,1,2,4,4,1,1,1,2,2,1,8,3,3,4,3,4,4,4,4,4,4,4,1 2,1,1,0,0,0,0,0,NA,1,1,2,3,1,2,2,2,1,No,4 5,0,0,0,1,1,0,0,0,0,NA,31,NA,15100,"1/Hanqina Geejjibaa
2/Hanqina Mana Jireenyaa 
3/Hanqina Qabeenyaa",uuid:432f1194-523c-496f-aa1e-9d67df7ef4f9,2512142209,uuid:432f1194-523c-496f-aa1e-9d67df7ef4f9,NA,NA,NA,NA,NA,NA,NA,NA,NA,NA
85723,S0403040362,OROMIA,Baalee,barbaree,sirrimaa,Rural,"12/22/2025, 7:26:36 PM","12/22/2025, 11:16:30 AM","12/22/2025, 1:01:53 PM",12/22/2025,8e28ba7f870e07da,1,T12601,NA,female,4,0,0,0,1,0,0,0,0,0,97,0,0,0,1,Sefu,3,NA,2,NA,1,NA,2011,2017,2,0,NA,NA,5,0,0,0,0,1,0,0,NA,4,NA,2,0,1,0,0,0,0,0,NA,1,3,0,0,1,0,0,0,NA,3 5,0,0,1,0,1,0,0,0,0,0,NA,3 4,0,0,1,1,0,0,0,0,0,0,NA,3 4,0,0,1,1,0,0,0,0,0,0,NA,3,3,2,1,1,1,1,1,5 8,0,0,0,0,1,0,0,1,0,0,0,0,0,NA,4,2,NA,5 10,0,0,0,0,1,0,0,0,0,1,0,0,0,NA,4,4,4,4,4,4,4,4,4,4,5,5,5,5,5,5,2,2,1,2 5,0,1,0,0,1,0,0,0,NA,3,4,3,3,3,2,4,3,5,3,2,2,NA,4,1,1,1,1,1 2,1,1,0,0,0,NA,2,NA,0,0,0,0,0,0,0,1,1,1,0,NA,3,3,3,3,3,3,3,3,2,2,3,3,3,3,3,3,3,3,1 4,1,0,0,1,0,0,0,0,0,0,0,4,1,4,2,3,2,3,3,3,1,10,1,4,4,4,4,3,4,4,4,4,4,2 4,0,1,0,1,0,0,0,NA,0,NA,NA,NA,NA,NA,NA,NA,NA,NA,4 5,0,0,0,1,1,0,0,0,0,NA,29,NA,14900,"1/Kaffaltiin xiqqaachuu
2/Hanqina mana jireenyaa",uuid:ee89d32e-c17e-4311-9e29-afe7a53ae834,2512142209,uuid:ee89d32e-c17e-4311-9e29-afe7a53ae834,NA,NA,NA,NA,NA,NA,NA,NA,NA,NA
86616,S0403060012,OROMIA,Baalee Bahaa,daawwee qaachan,raaree,Rural,"12/18/2025, 8:28:33 PM","12/18/2025, 8:47:08 AM","12/18/2025, 8:25:54 PM",12/18/2025,8e28ba7f870e07da,1,T14703,NA,female,6,0,0,0,0,0,1,0,0,0,1,1,0,0,0,NA,4,NA,2,NA,0,NA,2016,2016,1,0,NA,NA,1,1,0,0,0,0,0,0,NA,4,NA,2,0,1,0,0,0,0,0,NA,1,3,0,0,1,0,0,0,NA,2 3 4 8,0,1,1,1,0,0,0,1,0,0,NA,4 6,0,0,0,1,0,1,0,0,0,0,NA,2 4,0,1,0,1,0,0,0,0,0,0,NA,3,2,3,1,2,2,1,1,3 5,0,0,1,0,1,0,0,0,0,0,0,0,0,NA,0,2,NA,5 9,0,0,0,0,1,0,0,0,1,0,0,0,0,NA,4,4,4,4,4,3,4,3,4,3,5,5,4,5,5,5,3,1,3,2 5,0,1,0,0,1,0,0,0,NA,3,3,3,3,3,3,2,4,1,2,2,2,NA,1,1,1,1,1,2 4,0,1,0,1,0,NA,2,NA,1,1,0,0,0,1,1,1,1,0,0,NA,2,4,1,1,4,1,4,1,2,3,3,3,2,2,1,2,3,1,1 7,1,0,0,0,0,0,1,0,0,0,0,4,4,4,4,4,1,4,3,1,1,10,1,4,4,4,4,1,4,4,4,4,4,2 4,0,1,0,1,0,0,0,NA,1,1,3,3,1,1,1,1,1,No,2 4,0,1,0,1,0,0,0,0,0,NA,33,NA,12700,Nono,uuid:18e50e8e-d733-443f-9368-ebfe99ea8e18,2512142209,uuid:18e50e8e-d733-443f-9368-ebfe99ea8e18,NA,NA,NA,NA,NA,NA,NA,NA,NA,NA
86616,S0403060012,OROMIA,Baalee Bahaa,daawwee qaachan,raaree,Rural,"12/18/2025, 8:29:31 PM","12/18/2025, 8:43:01 AM","12/18/2025, 8:24:30 PM",12/18/2025,c7654ba83377bbd9,1,T14701,NA,male,1 3 4,1,0,1,1,0,0,0,0,0,1 2,1,1,0,0,NA,3,NA,2,NA,1,NA,2011,2014,2,1,2,3,1,1,0,0,0,0,0,0,NA,1,NA,2 5,0,1,0,0,1,0,0,NA,1,3,0,0,1,0,0,0,NA,2 7 97,0,1,0,0,0,0,1,0,0,1,Barattoota sadarkaa sadarkaan qoqqoodnee hubannoo kennuu,2 5,0,1,0,0,1,0,0,0,0,0,NA,2 8,0,1,0,0,0,0,0,1,0,0,NA,2,3,2,3,2,2,2,2,3 4 6 8,0,0,1,1,0,1,0,1,0,0,0,0,0,NA,3,2,NA,2 5,0,1,0,0,1,0,0,0,0,0,0,0,0,NA,3,4,3,4,3,4,3,3,2,4,3,3,4,4,5,5,2,1,1,2 97,0,1,0,0,0,0,1,0,Gamtaa maatii barattootattii dhiyeeffama,2,4,4,4,3,4,4,4,4,4,4,2,NA,1,1,3,4,3,1 2 3,1,1,1,0,0,NA,5,NA,0,0,0,1,1,1,1,1,1,1,0,NA,3,4,4,1,3,1,3,3,2,3,3,3,3,3,3,3,3,3,8 11,0,0,0,0,0,0,0,1,0,0,1,3,3,1,1,1,3,1,2,3,1,1,3,1,4,4,4,4,3,3,3,3,4,1 4,1,0,0,1,0,0,0,NA,1,2,1,3,1,1,1,1,1,No,1 4,1,0,0,1,0,0,0,0,0,NA,29,NA,14900,"Qabeenya meeshalee barnootaa fakkeenyaaf koompitera, Interneetii, Humna ibsaa, Barsiisota gosa bar oota isaan wal madaalu dhabamuu. Meeshaalee baruuf barsiisuu kanneen akka qalamaa fi Baarrulee.",uuid:790693b9-8252-4cf6-97be-76a6669843c4,2512142209,uuid:790693b9-8252-4cf6-97be-76a6669843c4,NA,NA,NA,NA,NA,NA,NA,NA,NA,NA
86616,S0403060012,OROMIA,Baalee Bahaa,daawwee qaachan,raaree,Rural,"12/18/2025, 8:29:32 PM","12/18/2025, 9:43:31 AM","12/18/2025, 8:25:00 PM",12/18/2025,c7654ba83377bbd9,1,T14702,NA,male,7 8,0,0,0,0,0,0,1,1,0,2 97,0,1,0,1,Hawwaasa,3,NA,2,NA,1,NA,2011,2014,2,1,1,2,1,1,0,0,0,0,0,0,NA,1,NA,6,0,0,0,0,0,1,0,NA,0,NA,NA,NA,NA,NA,NA,NA,NA,NA,NA,NA,NA,NA,NA,NA,NA,NA,NA,NA,NA,2 5,0,1,0,0,1,0,0,0,0,0,NA,2 4,0,1,0,1,0,0,0,0,0,0,NA,3,2,2,2,3,3,3,3,3 5 9,0,0,1,0,1,0,0,0,1,0,0,0,0,NA,3,4,NA,3 9,0,0,1,0,0,0,0,0,1,0,0,0,0,NA,3,3,4,4,4,4,4,2,3,3,5,5,5,5,5,5,2,1,1,2 5,0,1,0,0,1,0,0,0,NA,3,4,1,3,2,2,4,3,4,5,5,2,NA,4,4,4,1,4,1,1,0,0,0,0,NA,2,NA,0,0,0,0,1,0,0,1,1,0,0,NA,4,1,1,1,4,1,1,3,1,2,3,3,3,3,3,3,3,3,1 11,1,0,0,0,0,0,0,0,0,0,1,1,3,3,1,1,3,1,3,3,1,9,1,3,4,4,4,4,4,4,4,4,4,1 4,1,0,0,1,0,0,0,NA,0,NA,NA,NA,NA,NA,NA,NA,NA,NA,4 5,0,0,0,1,1,0,0,0,0,NA,29,NA,14900,"Walirra fageenya maatii
Hanqina meeshaalee barnootaa
Bu'uuraalee misoomaa fakkeenyaaf Humna ibsaa, gabaa, bishaan dhugaatii,rakkoolee Geejjibaa, hirmmaannaan barattootaa gadi bu'uu, Hubannoon Hawwaasaa dhabamuu.",uuid:58b82331-18a3-468b-92cd-45bceaa9cae8,2512142209,uuid:58b82331-18a3-468b-92cd-45bceaa9cae8,NA,NA,NA,NA,NA,NA,NA,NA,NA,NA
86614,S0403060242,OROMIA,Baalee Bahaa,daawwee qaachan,mi'oo sadarkaa 1ffaa,Urban,"12/19/2025, 9:01:09 PM","12/19/2025, 9:49:21 AM","12/19/2025, 8:24:30 PM",12/19/2025,c7654ba83377bbd9,1,T14603,NA,male,6 7 8,0,0,0,0,0,1,1,1,0,1 97,1,0,0,1,"Safu, Gada, Hawaasa, Barnoota Lamummaaf Amala Gaarii(BLG)",7,NA,3,NA,1,NA,2001,2014,3,0,NA,NA,1 2 3,1,1,1,0,0,0,0,NA,1,NA,2 5 6,0,1,0,0,1,1,0,NA,1,3,0,0,1,0,0,0,NA,3 4 7 97,0,0,1,1,0,0,1,0,0,1,Sagantaa Deeggarsaa barattoota,2 4,0,1,0,1,0,0,0,0,0,0,NA,2 4,0,1,0,1,0,0,0,0,0,0,NA,4,3,2,2,2,3,2,3,3 4,0,0,1,1,0,0,0,0,0,0,0,0,0,NA,1,2,NA,9,0,0,0,0,0,0,0,0,1,0,0,0,0,NA,4,3,4,2,4,4,4,3,3,4,5,5,5,5,5,5,1,1,1,2 4 5,0,1,0,1,1,0,0,0,NA,3,2,4,3,3,4,3,3,5,5,5,2,NA,4,4,4,1,3,1 2 3,1,1,1,0,0,NA,5,NA,0,0,0,1,1,0,1,1,1,0,0,NA,1,4,1,1,4,1,2,3,3,2,3,2,2,2,2,2,3,3,7 10,0,0,0,0,0,0,1,0,0,1,0,1,1,1,3,1,3,1,1,1,1,10,4,4,1,4,4,4,4,4,4,4,4,1 2 4,1,1,0,1,0,0,0,NA,1,3,1,3,3,1,3,1,1,Ilaalcha Gadi aanaa barsiisaaf qabaachuu warra waajjiraa,4 7,0,0,0,1,0,0,1,0,0,NA,36,NA,18774,"Ilaalcha Gadi aanaa barsiisaaf qabaachuu hawwaasa keessa jiraachuu
Haalli kaaffaltii miindaa qofa ta'uu, fakkeenyaaf Aballiin dhabamuu
Leenjiin yeroo yeroodhaan barsiisaadhaaf kennamuu dhabuu",uuid:b8486d8a-937b-4b73-91dd-9065aa02df40,2512142209,uuid:b8486d8a-937b-4b73-91dd-9065aa02df40,NA,NA,NA,NA,NA,NA,NA,NA,NA,NA
86614,S0403060242,OROMIA,Baalee Bahaa,daawwee qaachan,mi'oo sadarkaa 1ffaa,Urban,"12/19/2025, 9:02:58 PM","12/19/2025, 11:08:40 AM","12/19/2025, 8:21:36 PM",12/19/2025,8e28ba7f870e07da,1,T14602,NA,male,3,0,0,1,0,0,0,0,0,0,2 97,0,1,0,1,Sayis,3,NA,2,NA,1,NA,2004,2013,4,1,5,3,1,1,0,0,0,0,0,0,NA,4,NA,5 6,0,0,0,0,1,1,0,NA,1,3,0,0,1,0,0,0,NA,3 4,0,0,1,1,0,0,0,0,0,0,NA,1 4,1,0,0,1,0,0,0,0,0,0,NA,3 4,0,0,1,1,0,0,0,0,0,0,NA,3,3,3,1,1,1,1,2,4 5,0,0,0,1,1,0,0,0,0,0,0,0,0,NA,3,2,NA,3 5,0,0,1,0,1,0,0,0,0,0,0,0,0,NA,4,4,1,4,1,3,4,2,4,4,5,4,4,5,5,5,3,1,1,2 5,0,1,0,0,1,0,0,0,NA,3,3,3,3,3,3,5,5,4,5,1,2,NA,1,1,1,1,4,2 4,0,1,0,1,0,NA,3,NA,0,0,0,1,1,1,1,1,1,0,0,NA,1,4,1,1,4,1,1,1,3,3,3,3,2,3,3,3,3,3,3 4 7,0,0,1,1,0,0,1,0,0,0,0,4,4,4,4,1,4,4,2,2,1,10,1,4,1,4,4,1,4,4,2,4,4,4 5,0,0,0,1,1,0,0,NA,1,3,1,3,1,1,3,3,1,None,3 4,0,0,1,1,0,0,0,0,0,NA,32,NA,17888,Barsiisaa gahumsa qabu dhabu,uuid:f9fab67e-28be-4cc2-8867-c07a47c43f6d,2512142209,uuid:f9fab67e-28be-4cc2-8867-c07a47c43f6d,NA,NA,NA,NA,NA,NA,NA,NA,NA,NA
86614,S0403060242,OROMIA,Baalee Bahaa,daawwee qaachan,mi'oo sadarkaa 1ffaa,Urban,"12/19/2025, 9:03:06 PM","12/19/2025, 10:11:11 AM","12/19/2025, 8:20:51 PM",12/19/2025,8e28ba7f870e07da,1,T14601,NA,female,4,0,0,0,1,0,0,0,0,0,1,1,0,0,0,NA,4,NA,5,NA,1,NA,2007,2012,3,0,NA,NA,5,0,0,0,0,1,0,0,NA,1,NA,5 6,0,0,0,0,1,1,0,NA,1,3,0,0,1,0,0,0,NA,3 4 5,0,0,1,1,1,0,0,0,0,0,NA,3 4,0,0,1,1,0,0,0,0,0,0,NA,3 4,0,0,1,1,0,0,0,0,0,0,NA,3,2,3,1,1,1,1,1,4 10,0,0,0,1,0,0,0,0,0,1,0,0,0,NA,3,2,NA,1 2 3 4 5 6 7,1,1,1,1,1,1,1,0,0,0,0,0,0,NA,4,4,4,2,4,1,4,4,4,4,5,2,4,5,5,1,4,1,1,2 4 5,0,1,0,1,1,0,0,0,NA,4,3,3,1,3,3,5,5,5,5,1,2,NA,1,2,1,2,4,2 4,0,1,0,1,0,NA,5,NA,1,1,0,1,1,1,1,1,1,0,1,"Metihaf etret , bet metihafit alemenor,Memiran etiret",1,1,1,1,3,3,3,1,3,3,3,3,2,3,3,3,3,3,3 7 8,0,0,1,0,0,0,1,1,0,0,0,4,4,4,4,1,4,1,3,3,1,10,4,4,4,1,4,4,4,4,3,4,4,1 2 4,1,1,0,1,0,0,0,NA,1,3,2,3,1,1,1,1,1,None,1 3,1,0,1,0,0,0,0,0,0,NA,33,NA,17300,"Letmar erdata bign class etiret, Asitemari etiret",uuid:87a2ee02-a5f0-4107-ac0a-4da56c0fe444,2512142209,uuid:87a2ee02-a5f0-4107-ac0a-4da56c0fe444,NA,NA,NA,NA,NA,NA,NA,NA,NA,NA
85792,S0403070082,OROMIA,Baalee,dalloo mannaa,boowwicha,Rural,"12/6/2025, 7:11:25 PM","12/6/2025, 12:31:35 PM","12/6/2025, 7:09:21 PM",12/6/2025,8e28ba7f870e07da,1,T14901,NA,male,6,0,0,0,0,0,1,0,0,0,2,0,1,0,0,NA,1,NA,2,NA,1,NA,2017,2017,1,0,NA,NA,1,1,0,0,0,0,0,0,NA,1,NA,6,0,0,0,0,0,1,0,NA,1,3,0,0,1,0,0,0,NA,2 4,0,1,0,1,0,0,0,0,0,0,NA,2 4,0,1,0,1,0,0,0,0,0,0,NA,3 4,0,0,1,1,0,0,0,0,0,0,NA,3,2,3,2,3,2,2,2,7 10,0,0,0,0,0,0,1,0,0,1,0,0,0,NA,2,2,NA,2 3 6,0,1,1,0,0,1,0,0,0,0,0,0,0,NA,3,3,3,3,3,2,3,2,2,3,4,2,2,2,4,4,3,1,3,2,0,1,0,0,0,0,0,0,NA,2,3,3,2,3,2,3,4,2,2,3,3,NA,3,3,3,3,3,2,0,1,0,0,0,NA,2,NA,1,0,0,1,1,1,1,1,1,1,0,NA,3,3,1,4,1,2,2,3,2,2,2,2,2,1,2,3,3,2,1 4,1,0,0,1,0,0,0,0,0,0,0,3,4,4,4,3,3,3,2,2,1,10,1,4,4,2,4,1,4,4,3,4,4,2 3,0,1,1,0,0,0,0,NA,1,1,2,3,1,1,1,1,1,No,2 3,0,1,1,0,0,0,0,0,0,NA,24,NA,8370,No,uuid:1e48e8fe-f7c3-449f-b293-f9d887918768,2512030649,uuid:1e48e8fe-f7c3-449f-b293-f9d887918768,NA,NA,NA,NA,NA,NA,NA,NA,NA,NA
85792,S0403070082,OROMIA,Baalee,dalloo mannaa,boowwicha,Rural,"12/6/2025, 7:11:28 PM","12/6/2025, 1:40:58 PM","12/6/2025, 7:10:11 PM",12/6/2025,8e28ba7f870e07da,1,T19402,NA,male,4,0,0,0,1,0,0,0,0,0,1,1,0,0,0,NA,2,NA,2,NA,0,NA,2017,2017,1,1,3,3,1,1,0,0,0,0,0,0,NA,4,NA,6,0,0,0,0,0,1,0,NA,1,1,1,0,0,0,0,0,NA,1 4,1,0,0,1,0,0,0,0,0,0,NA,2 4,0,1,0,1,0,0,0,0,0,0,NA,2 4,0,1,0,1,0,0,0,0,0,0,NA,3,3,4,3,2,2,2,2,3,0,0,1,0,0,0,0,0,0,0,0,0,0,NA,0,3,NA,3 5,0,0,1,0,1,0,0,0,0,0,0,0,0,NA,3,3,3,3,3,3,3,3,2,3,4,4,1,4,4,4,3,1,1,2,0,1,0,0,0,0,0,0,NA,2,4,2,2,2,3,5,5,4,4,3,3,NA,3,2,2,2,3,2,0,1,0,0,0,NA,4,NA,1,0,0,1,0,0,1,0,1,1,0,NA,4,4,1,1,4,4,2,1,3,1,2,3,2,3,2,2,3,3,1 10,1,0,0,0,0,0,0,0,0,1,0,4,4,4,4,4,3,3,3,3,1,6,4,4,4,4,4,3,4,4,4,4,4,1 2,1,1,0,0,0,0,0,NA,1,2,3,1,3,3,1,1,2,No,1 4,1,0,0,1,0,0,0,0,0,NA,25,NA,8370,No,uuid:9a0e2e17-aa4a-4b5f-a445-c76372e75532,2512030649,uuid:9a0e2e17-aa4a-4b5f-a445-c76372e75532,NA,NA,NA,NA,NA,NA,NA,NA,NA,NA
85792,S0403070082,OROMIA,Baalee,dalloo mannaa,boowwicha,Rural,"12/6/2025, 7:18:33 PM","12/6/2025, 12:41:33 PM","12/6/2025, 7:13:05 PM",12/6/2025,c7654ba83377bbd9,1,T14903,NA,female,2 3,0,1,1,0,0,0,0,0,0,1 2,1,1,0,0,NA,1,NA,2,NA,0,NA,2010,2010,1,0,NA,NA,1 3,1,0,1,0,0,0,0,NA,5,NA,2 6,0,1,0,0,0,1,0,NA,1,3,0,0,1,0,0,0,NA,2 4,0,1,0,1,0,0,0,0,0,0,NA,2 3,0,1,1,0,0,0,0,0,0,0,NA,2 3,0,1,1,0,0,0,0,0,0,0,NA,3,2,4,3,1,1,1,1,3,0,0,1,0,0,0,0,0,0,0,0,0,0,NA,4,2,NA,1 2 3,1,1,1,0,0,0,0,0,0,0,0,0,0,NA,4,3,4,4,4,4,4,2,3,4,5,5,5,5,5,5,2,2,1,2 5,0,1,0,0,1,0,0,0,NA,3,4,4,3,4,4,5,3,4,5,3,2,NA,4,4,4,1,1,1 2 3,1,1,1,0,0,NA,1,NA,0,0,0,0,0,0,0,1,1,0,0,NA,1,1,3,1,4,4,1,3,3,2,2,2,2,2,2,2,3,2,1 4,1,0,0,1,0,0,0,0,0,0,0,4,1,4,4,4,4,1,3,3,2,10,3,1,4,4,4,3,4,4,4,4,4,2 3 4 5,0,1,1,1,1,0,0,NA,1,3,3,3,1,3,1,3,1,None,2 4,0,1,0,1,0,0,0,0,0,NA,32,NA,10600,NA,uuid:c65d8340-f029-4dfb-92de-b73ff5268a1b,2512040829,uuid:c65d8340-f029-4dfb-92de-b73ff5268a1b,NA,NA,NA,NA,NA,NA,NA,NA,NA,NA
85879,S0403080052,OROMIA,Baalee,diinshoo,hoommaa,Rural,"12/24/2025, 9:33:35 PM","12/24/2025, 10:59:06 AM","12/24/2025, 9:31:25 PM",12/24/2025,c7654ba83377bbd9,1,T34303,NA,female,3,0,0,1,0,0,0,0,0,0,1,1,0,0,0,NA,3,NA,5,NA,1,NA,1997,2004,2,1,5,3,2 3,0,1,1,0,0,0,0,NA,1,NA,2 5 6,0,1,0,0,1,1,0,NA,1,3,0,0,1,0,0,0,NA,4 5 7,0,0,0,1,1,0,1,0,0,0,NA,2 5,0,1,0,0,1,0,0,0,0,0,NA,2 3,0,1,1,0,0,0,0,0,0,0,NA,4,4,3,3,1,3,3,1,4 5 8,0,0,0,1,1,0,0,1,0,0,0,0,0,NA,4,2,NA,3 9,0,0,1,0,0,0,0,0,1,0,0,0,0,NA,4,4,3,3,3,4,4,3,4,4,5,5,5,5,5,5,2,1,1,2 5,0,1,0,0,1,0,0,0,NA,3,4,4,3,3,3,3,3,3,3,3,2,NA,1,1,1,3,1,2 3,0,1,1,0,0,NA,2,NA,0,0,0,0,0,0,0,0,0,0,0,NA,1,1,1,1,4,1,1,3,3,2,3,3,3,3,3,3,3,3,1 11,1,0,0,0,0,0,0,0,0,0,1,1,1,4,1,1,1,1,3,3,1,10,1,4,4,4,4,4,4,4,4,4,4,2 4,0,1,0,1,0,0,0,NA,1,3,3,3,3,2,3,3,3,None,2 4,0,1,0,1,0,0,0,0,0,NA,38,NA,15100,"1/Leenjiin yeroo yerootti osoo kennamee
2/Carraan barnoota sadarkaa barnootaa Fooyyeffachuun osoo jiraatee
3/Barsiisota jajjabeessuu",uuid:5a12bd31-20a9-4b7f-8e9e-71510761c8a3,2512142209,uuid:5a12bd31-20a9-4b7f-8e9e-71510761c8a3,NA,NA,NA,NA,NA,NA,NA,NA,NA,NA
85879,S0403080052,OROMIA,Baalee,diinshoo,hoommaa,Rural,"12/24/2025, 9:34:34 PM","12/24/2025, 12:02:24 PM","12/24/2025, 9:30:13 PM",12/24/2025,8e28ba7f870e07da,1,T34302,NA,male,7,0,0,0,0,0,0,1,0,0,1,1,0,0,0,NA,6,NA,5,NA,1,NA,1999,2014,11,1,1,3,5,0,0,0,0,1,0,0,NA,4,NA,6,0,0,0,0,0,1,0,NA,1,3,0,0,1,0,0,0,NA,2 3 4,0,1,1,1,0,0,0,0,0,0,NA,2 4,0,1,0,1,0,0,0,0,0,0,NA,3 4,0,0,1,1,0,0,0,0,0,0,NA,3,4,3,4,1,1,2,1,3 4,0,0,1,1,0,0,0,0,0,0,0,0,0,NA,4,2,NA,3 5,0,0,1,0,1,0,0,0,0,0,0,0,0,NA,4,4,4,4,4,4,4,4,4,4,5,5,4,5,4,4,3,3,3,2,0,1,0,0,0,0,0,0,NA,4,4,4,3,4,3,4,5,3,4,3,2,NA,2,1,1,1,4,2,0,1,0,0,0,NA,4,NA,1,1,0,1,1,1,1,1,1,0,0,NA,4,4,1,1,4,1,1,1,3,3,3,3,2,2,3,3,3,3,2 9,0,1,0,0,0,0,0,0,1,0,0,4,4,1,4,1,4,4,3,2,2,10,1,4,4,4,3,3,4,4,4,4,4,2 3,0,1,1,0,0,0,0,NA,1,1,3,3,1,1,1,1,1,Nene,5 8,0,0,0,0,1,0,0,1,0,NA,30,NA,12088,Nene,uuid:59dea32b-401b-4ecb-96e1-82a35f19f77a,2512142209,uuid:59dea32b-401b-4ecb-96e1-82a35f19f77a,NA,NA,NA,NA,NA,NA,NA,NA,NA,NA
85879,S0403080052,OROMIA,Baalee,diinshoo,hoommaa,Rural,"12/24/2025, 9:34:39 PM","12/24/2025, 10:58:28 AM","12/24/2025, 9:30:00 PM",12/24/2025,8e28ba7f870e07da,1,T34301,NA,male,4,0,0,0,1,0,0,0,0,0,97,0,0,0,1,"Sport ,ogart",3,NA,5,NA,1,NA,2006,2018,5,0,NA,NA,5,0,0,0,0,1,0,0,NA,4,NA,5 6,0,0,0,0,1,1,0,NA,1,3,0,0,1,0,0,0,NA,2 3 4,0,1,1,1,0,0,0,0,0,0,NA,3 4,0,0,1,1,0,0,0,0,0,0,NA,3 4,0,0,1,1,0,0,0,0,0,0,NA,3,2,3,3,2,1,1,1,5 9,0,0,0,0,1,0,0,0,1,0,0,0,0,NA,4,2,NA,4 5 9,0,0,0,1,1,0,0,0,1,0,0,0,0,NA,4,4,4,4,4,4,4,4,4,4,5,5,5,5,5,5,3,1,1,2,0,1,0,0,0,0,0,0,NA,4,4,3,4,3,4,5,2,4,4,3,2,NA,1,1,1,1,4,2,0,1,0,0,0,NA,2,NA,0,0,0,1,0,0,1,1,0,0,0,NA,4,4,1,1,4,1,1,3,3,2,1,3,2,3,3,3,3,3,9 10,0,0,0,0,0,0,0,0,1,1,0,4,4,4,4,1,4,4,3,2,1,10,1,4,4,4,4,4,4,4,4,4,4,3 4,0,0,1,1,0,0,0,NA,1,3,1,3,1,3,3,3,1,Yemegngd riket,1 7,1,0,0,0,0,0,1,0,0,NA,34,NA,10478,"Yegzeb etiret ,",uuid:bc242c4b-9869-46cb-971c-0a90fb714d38,2512142209,uuid:bc242c4b-9869-46cb-971c-0a90fb714d38,NA,NA,NA,NA,NA,NA,NA,NA,NA,NA
85880,S0403080152,OROMIA,Baalee,diinshoo,hora soobbaa,Rural,"12/5/2025, 9:37:15 PM","12/5/2025, 11:48:22 AM","12/5/2025, 9:26:07 PM",12/5/2025,c7654ba83377bbd9,1,S15503,NA,male,6 7 8,0,0,0,0,0,1,1,1,0,1,1,0,0,0,NA,2,NA,1,NA,1,NA,2013,2017,4,0,NA,NA,3,0,0,1,0,0,0,0,NA,1,NA,2 4,0,1,0,1,0,0,0,NA,1,3,0,0,1,0,0,0,NA,2 4 5,0,1,0,1,1,0,0,0,0,0,NA,2 3,0,1,1,0,0,0,0,0,0,0,NA,4 8,0,0,0,1,0,0,0,1,0,0,NA,4,4,4,2,1,1,3,1,1,1,0,0,0,0,0,0,0,0,0,0,0,0,NA,4,3,NA,1 2 3 5,1,1,1,0,1,0,0,0,0,0,0,0,0,NA,1,3,3,1,4,4,2,2,3,3,3,3,2,3,3,4,2,2,1,2 5,0,1,0,0,1,0,0,0,NA,2,2,3,4,3,3,4,5,3,5,4,1,NA,4,4,4,4,3,1 2 3 4,1,1,1,1,0,NA,5,NA,1,0,0,0,1,1,1,1,1,0,0,NA,3,3,1,2,4,1,1,1,3,2,2,2,2,3,3,3,2,3,1 8,1,0,0,0,0,0,0,1,0,0,0,3,1,3,4,3,4,1,3,2,2,7,1,4,3,4,4,3,4,4,2,4,3,1 2 4,1,1,0,1,0,0,0,NA,1,3,3,3,2,2,2,3,1,None,3 4,0,0,1,1,0,0,0,0,0,NA,26,NA,9756,None,uuid:323e28ff-3601-4c96-ba16-a87bb4ee52cc,2512030649,uuid:323e28ff-3601-4c96-ba16-a87bb4ee52cc,NA,NA,NA,NA,NA,NA,NA,NA,NA,NA
85880,S0403080152,OROMIA,Baalee,diinshoo,hora soobbaa,Rural,"12/5/2025, 9:38:30 PM","12/5/2025, 11:46:54 AM","12/5/2025, 9:32:09 PM",12/5/2025,8e28ba7f870e07da,1,T155o1,NA,female,2,0,1,0,0,0,0,0,0,0,1,1,0,0,0,NA,3,NA,5,NA,1,NA,2010,2012,2,1,1,3,5,0,0,0,0,1,0,0,NA,1,NA,5,0,0,0,0,1,0,0,NA,1,3,0,0,1,0,0,0,NA,4 5 6,0,0,0,1,1,1,0,0,0,0,NA,1 4,1,0,0,1,0,0,0,0,0,0,NA,2 4,0,1,0,1,0,0,0,0,0,0,NA,3,2,2,2,1,2,1,1,5 9,0,0,0,0,1,0,0,0,1,0,0,0,0,NA,2,2,NA,1 5 6 7 8 9 10,1,0,0,0,1,1,1,1,1,1,0,0,0,NA,3,3,3,3,3,3,3,3,3,3,5,5,2,5,5,5,1,1,1,2 3 4,0,1,1,1,0,0,0,0,NA,4,4,2,3,2,2,5,5,1,5,5,2,NA,3,3,3,3,3,2,0,1,0,0,0,NA,2,NA,0,0,0,0,1,0,0,1,1,0,0,NA,4,3,1,1,3,1,1,3,3,2,3,3,2,3,2,3,1,3,1 3,1,0,1,0,0,0,0,0,0,0,0,4,3,3,4,3,3,3,1,1,2,10,1,3,4,1,3,1,4,4,3,4,4,2 3,0,1,1,0,0,0,0,NA,0,NA,NA,NA,NA,NA,NA,NA,NA,NA,2 4,0,1,0,1,0,0,0,0,0,NA,29,NA,10500,No,uuid:59897219-ed2e-4e1c-a7d6-252db1e4fc15,2512030649,uuid:59897219-ed2e-4e1c-a7d6-252db1e4fc15,NA,NA,NA,NA,NA,NA,NA,NA,NA,NA
85880,S0403080152,OROMIA,Baalee,diinshoo,hora soobbaa,Rural,"12/5/2025, 9:38:31 PM","12/5/2025, 12:32:18 PM","12/5/2025, 9:33:53 PM",12/5/2025,8e28ba7f870e07da,1,T15502,NA,male,4,0,0,0,1,0,0,0,0,0,3,0,0,1,0,NA,3,NA,5,NA,1,NA,1999,2006,4,1,2,3,1,1,0,0,0,0,0,0,NA,1,NA,6,0,0,0,0,0,1,0,NA,1,3,0,0,1,0,0,0,NA,1 3,1,0,1,0,0,0,0,0,0,0,NA,2 4,0,1,0,1,0,0,0,0,0,0,NA,1 4,1,0,0,1,0,0,0,0,0,0,NA,2,3,3,3,2,2,2,2,5,0,0,0,0,1,0,0,0,0,0,0,0,0,NA,2,3,NA,2 4,0,1,0,1,0,0,0,0,0,0,0,0,0,NA,3,3,4,3,4,4,4,3,4,4,5,5,4,5,5,5,2,3,1,2 5,0,1,0,0,1,0,0,0,NA,3,4,4,4,3,3,4,3,4,4,3,2,NA,4,4,4,4,3,1 2 3 4,1,1,1,1,0,NA,4,NA,0,0,0,1,0,0,1,1,1,0,0,NA,1,3,1,1,4,1,2,3,3,1,1,1,1,2,2,3,3,3,4 5,0,0,0,1,1,0,0,0,0,0,0,1,3,1,3,1,2,1,3,3,2,8,1,1,4,4,4,4,4,4,4,4,4,1 2 4,1,1,0,1,0,0,0,NA,0,NA,NA,NA,NA,NA,NA,NA,NA,NA,3 4,0,0,1,1,0,0,0,0,0,NA,45,NA,15190,None,uuid:41d898db-6770-4cd4-a0fa-99f03865678b,2512030649,uuid:41d898db-6770-4cd4-a0fa-99f03865678b,NA,NA,NA,NA,NA,NA,NA,NA,NA,NA
85941,S0403090062,OROMIA,Baalee,gaasaraa,diddiksaa,Rural,"12/11/2025, 7:30:49 PM","12/11/2025, 3:10:56 PM","12/11/2025, 7:29:47 PM",12/11/2025,c7654ba83377bbd9,1,T16303,NA,male,6 7 8,0,0,0,0,0,1,1,1,0,1,1,0,0,0,NA,7,NA,5,NA,1,NA,2002,2014,5,1,3,3,1 3,1,0,1,0,0,0,0,NA,1,NA,6,0,0,0,0,0,1,0,NA,1,1 3,1,0,1,0,0,0,NA,2 3 4 5 6 7 8,0,1,1,1,1,1,1,1,0,0,NA,2 5,0,1,0,0,1,0,0,0,0,0,NA,2 4,0,1,0,1,0,0,0,0,0,0,NA,4,3,3,3,1,2,2,2,4,0,0,0,1,0,0,0,0,0,0,0,0,0,NA,2,4,NA,4 9,0,0,0,1,0,0,0,0,1,0,0,0,0,NA,4,4,4,4,4,4,4,4,4,4,5,5,5,5,5,5,1,1,1,2 5,0,1,0,0,1,0,0,0,NA,3,2,3,4,2,3,5,5,5,4,3,2,NA,4,4,3,4,4,2 3 4,0,1,1,1,0,NA,3,NA,1,1,1,1,1,1,1,1,1,1,0,NA,3,3,1,1,4,4,4,3,3,2,3,1,2,2,3,3,3,2,1 10,1,0,0,0,0,0,0,0,0,1,0,3,3,1,1,1,3,1,3,3,1,10,1,4,3,4,4,4,4,4,4,4,4,1 2 4,1,1,0,1,0,0,0,NA,1,1,2,1,1,1,1,2,1,Hanqina Mana Jireenyaa,3 5,0,0,1,0,1,0,0,0,0,NA,38,NA,12225,"Mana Jireenya Barsiisotaa
Leenjii adda addaa dhabuu
Hanqina Barsiisotaa
Tuunii qabatanii dhufaniif miindaan dhaabachuu dhiisuu
Fedha Barsiisaan ala miindaa irraa muruu",uuid:2ca53a4b-a889-4de8-9fdb-28c976297343,2512040829,uuid:2ca53a4b-a889-4de8-9fdb-28c976297343,NA,NA,NA,NA,NA,NA,NA,NA,NA,NA
85941,S0403090062,OROMIA,Baalee,gaasaraa,diddiksaa,Rural,"12/11/2025, 7:41:23 PM","12/11/2025, 2:28:36 PM","12/11/2025, 7:39:44 PM",12/11/2025,8e28ba7f870e07da,1,T16301,NA,female,2,0,1,0,0,0,0,0,0,0,1,1,0,0,0,NA,3,NA,1,NA,1,NA,2002,2010,3,1,2,3,1,1,0,0,0,0,0,0,NA,4,NA,6,0,0,0,0,0,1,0,NA,1,3,0,0,1,0,0,0,NA,2 3,0,1,1,0,0,0,0,0,0,0,NA,4 6,0,0,0,1,0,1,0,0,0,0,NA,3 4,0,0,1,1,0,0,0,0,0,0,NA,3,3,3,4,1,1,1,1,4 5,0,0,0,1,1,0,0,0,0,0,0,0,0,NA,3,3,NA,2 5,0,1,0,0,1,0,0,0,0,0,0,0,0,NA,2,3,3,4,3,4,4,3,4,4,4,5,4,5,5,4,3,3,3,2 5,0,1,0,0,1,0,0,0,NA,2,3,2,3,3,2,2,2,2,2,4,3,NA,1,1,1,3,3,2,0,1,0,0,0,NA,2,NA,1,1,0,1,1,1,1,1,1,1,0,NA,1,3,1,1,4,1,3,1,2,1,3,1,2,3,3,2,3,1,1 9,1,0,0,0,0,0,0,0,1,0,0,4,4,3,4,3,3,1,1,1,1,10,1,4,4,4,4,4,4,4,4,4,4,1 2,1,1,0,0,0,0,0,NA,1,1,1,3,1,1,1,1,1,No,4 5,0,0,0,1,1,0,0,0,0,NA,35,NA,13400,No,uuid:d3f00548-4911-4d59-a7c7-12e522edabc3,2512040829,uuid:d3f00548-4911-4d59-a7c7-12e522edabc3,NA,NA,NA,NA,NA,NA,NA,NA,NA,NA
85941,S0403090062,OROMIA,Baalee,gaasaraa,diddiksaa,Rural,"12/11/2025, 7:41:23 PM","12/11/2025, 4:05:28 PM","12/11/2025, 7:39:52 PM",12/11/2025,8e28ba7f870e07da,1,T16302,NA,male,4,0,0,0,1,0,0,0,0,0,2,0,1,0,0,NA,7,NA,1,NA,1,NA,1997,2015,5,0,NA,NA,2,0,1,0,0,0,0,0,NA,4,NA,2 6,0,1,0,0,0,1,0,NA,1,3,0,0,1,0,0,0,NA,3 4,0,0,1,1,0,0,0,0,0,0,NA,4 6,0,0,0,1,0,1,0,0,0,0,NA,1 4,1,0,0,1,0,0,0,0,0,0,NA,3,3,4,1,2,2,3,2,4 5,0,0,0,1,1,0,0,0,0,0,0,0,0,NA,0,3,NA,2 3,0,1,1,0,0,0,0,0,0,0,0,0,0,NA,4,4,4,4,4,3,4,3,3,4,5,5,2,4,5,4,3,1,1,2 4 5,0,1,0,1,1,0,0,0,NA,3,3,3,2,4,3,5,5,5,3,4,3,NA,1,1,1,1,3,2 4,0,1,0,1,0,NA,1,NA,1,0,0,1,1,1,1,1,1,0,0,NA,1,2,1,1,4,1,1,3,2,2,3,3,2,3,2,3,3,2,1 8,1,0,0,0,0,0,0,1,0,0,0,1,1,3,1,1,4,4,3,2,1,10,4,4,1,1,1,4,4,4,4,4,4,5,0,0,0,0,1,0,0,NA,1,3,3,3,3,1,1,1,1,No,2 4,0,1,0,1,0,0,0,0,0,NA,38,NA,14200,"Kalkulamii haaraa irratti qajeelchi dhabamuu
Hirmaannaan maatii barattootaa dhabamuu.",uuid:59ebd290-774e-4e84-82f5-7aa9d91567f6,2512040829,uuid:59ebd290-774e-4e84-82f5-7aa9d91567f6,NA,NA,NA,NA,NA,NA,NA,NA,NA,NA
85929,S0403090212,OROMIA,Baalee,gaasaraa,awucheechee awalijaanaa,Rural,"12/25/2025, 9:12:16 PM","12/25/2025, 11:01:47 AM","12/25/2025, 9:11:12 PM",12/25/2025,8e28ba7f870e07da,1,T34401,NA,female,4,0,0,0,1,0,0,0,0,0,1,1,0,0,0,NA,6,NA,2,NA,1,NA,1997,2004,4,0,NA,NA,1 5,1,0,0,0,1,0,0,NA,4,NA,6,0,0,0,0,0,1,0,NA,1,3,0,0,1,0,0,0,NA,2 4 5,0,1,0,1,1,0,0,0,0,0,NA,3 4,0,0,1,1,0,0,0,0,0,0,NA,2 4,0,1,0,1,0,0,0,0,0,0,NA,3,3,3,2,2,1,1,1,6 7 8,0,0,0,0,0,1,1,1,0,0,0,0,0,NA,4,2,NA,4 6 9,0,0,0,1,0,1,0,0,1,0,0,0,0,NA,4,4,4,4,4,4,4,2,3,4,5,5,2,5,5,5,3,4,3,2 5,0,1,0,0,1,0,0,0,NA,3,1,1,2,2,3,1,2,3,1,4,4,NA,1,1,1,1,4,1 2,1,1,0,0,0,NA,3,NA,1,0,0,0,1,0,0,1,1,0,1,"Memir etiret ,Metihafi Etiret",4,4,1,1,4,1,1,3,3,3,3,3,2,3,3,3,3,3,1 4,1,0,0,1,0,0,0,0,0,0,0,4,1,4,4,4,4,4,2,1,1,10,1,4,4,1,4,1,4,4,4,4,4,1 4,1,0,0,1,0,0,0,NA,1,1,3,3,3,1,3,3,1,"Yemgd riket ,",4 5,0,0,0,1,1,0,0,0,0,NA,40,NA,14180,"Yemgd riket,menorya bet etiret",uuid:cefb535e-d3b4-46f1-bb25-7addee02387c,2512142209,uuid:cefb535e-d3b4-46f1-bb25-7addee02387c,NA,NA,NA,NA,NA,NA,NA,NA,NA,NA
85929,S0403090212,OROMIA,Baalee,gaasaraa,awucheechee awalijaanaa,Rural,"12/25/2025, 9:12:22 PM","12/25/2025, 2:07:56 PM","12/25/2025, 9:11:25 PM",12/25/2025,8e28ba7f870e07da,1,T34402,NA,male,6,0,0,0,0,0,1,0,0,0,2,0,1,0,0,NA,3,NA,5,NA,1,NA,2011,2016,4,1,2,3,1,1,0,0,0,0,0,0,NA,4,NA,2 6,0,1,0,0,0,1,0,NA,1,3,0,0,1,0,0,0,NA,2 3 4,0,1,1,1,0,0,0,0,0,0,NA,2 4,0,1,0,1,0,0,0,0,0,0,NA,3 4,0,0,1,1,0,0,0,0,0,0,NA,3,3,3,4,1,1,1,1,5 6 7,0,0,0,0,1,1,1,0,0,0,0,0,0,NA,4,2,NA,2 5 7,0,1,0,0,1,0,1,0,0,0,0,0,0,NA,3,4,4,4,4,4,4,4,4,4,5,5,5,5,5,5,3,1,3,2,0,1,0,0,0,0,0,0,NA,3,3,3,2,3,3,4,3,5,4,3,3,NA,1,1,1,1,1,2,0,1,0,0,0,NA,2,NA,0,0,1,1,1,0,0,1,1,0,0,NA,4,4,1,1,4,1,1,3,3,3,3,3,3,3,3,3,3,3,1 3,1,0,1,0,0,0,0,0,0,0,0,4,4,4,1,4,3,4,3,3,1,10,2,4,4,4,1,1,4,4,4,4,4,1 4,1,0,0,1,0,0,0,NA,1,1,1,3,1,1,1,3,1,"Metihaf etiret ,yetmirt Edil",1 3,1,0,1,0,0,0,0,0,0,NA,37,NA,11348,None,uuid:ca16e210-ab6e-4c05-bff8-c0ca200600a7,2512142209,uuid:ca16e210-ab6e-4c05-bff8-c0ca200600a7,NA,NA,NA,NA,NA,NA,NA,NA,NA,NA
85929,S0403090212,OROMIA,Baalee,gaasaraa,awucheechee awalijaanaa,Rural,"12/25/2025, 10:16:42 PM","12/25/2025, 11:01:24 AM","12/25/2025, 9:10:01 PM",12/25/2025,c7654ba83377bbd9,1,T34403,NA,male,1 2 3 4,1,1,1,1,0,0,0,0,0,1 2,1,1,0,0,NA,3,NA,2,NA,1,NA,2008,2013,4,0,NA,NA,4 5,0,0,0,1,1,0,0,NA,1,NA,6,0,0,0,0,0,1,0,NA,1,1 2 3,1,1,1,0,0,0,NA,4 5 6 7,0,0,0,1,1,1,1,0,0,0,NA,2 5,0,1,0,0,1,0,0,0,0,0,NA,2 4,0,1,0,1,0,0,0,0,0,0,NA,3,3,2,3,3,3,3,3,2 4 6,0,1,0,1,0,1,0,0,0,0,0,0,0,NA,3,2,NA,3 97,0,0,1,0,0,0,0,0,0,0,0,1,0,Sagantaan daree barnootaa keessatti maxxanuu dhabuu,3,4,4,3,4,4,4,3,3,4,5,5,4,5,5,5,2,1,1,2 5,0,1,0,0,1,0,0,0,NA,3,4,3,4,3,3,2,1,5,3,3,2,NA,4,4,4,1,1,1 2 3,1,1,1,0,0,NA,3,NA,0,0,0,1,0,0,0,1,1,0,0,NA,3,3,3,1,4,1,1,3,3,2,3,3,3,3,3,3,3,3,5 11,0,0,0,0,1,0,0,0,0,0,1,3,3,4,4,4,2,1,3,3,1,7,3,4,1,4,4,1,4,4,4,4,4,1 4,1,0,0,1,0,0,0,NA,1,3,3,3,2,2,3,3,2,None,3 4,0,0,1,1,0,0,0,0,0,NA,30,NA,10677,"1/Iddoo jireenya barsiisotaa dhabamuu
2/Miindaa gahaan dhabamuu
3/Si'eesssituun dhabamuu fakkeenyaaf gown
4/Hubannoon hawwaasaa dhabamuu.",uuid:4d60d59f-13ea-4259-b995-c1a05b3235bf,2512142209,uuid:4d60d59f-13ea-4259-b995-c1a05b3235bf,NA,NA,NA,NA,NA,NA,NA,NA,NA,NA
85930,S0403090582,OROMIA,Baalee,gaasaraa,awucheechee qorii,Rural,"12/12/2025, 6:29:26 PM","12/12/2025, 11:18:27 AM","12/12/2025, 6:28:35 PM",12/12/2025,c7654ba83377bbd9,1,T16202,NA,male,6,0,0,0,0,0,1,0,0,0,1 2,1,1,0,0,NA,3,NA,3,NA,1,NA,2011,2015,2,0,NA,NA,1 3,1,0,1,0,0,0,0,NA,5,NA,2 6,0,1,0,0,0,1,0,NA,1,1 3,1,0,1,0,0,0,NA,2 3 4 5 6,0,1,1,1,1,1,0,0,0,0,NA,2 5,0,1,0,0,1,0,0,0,0,0,NA,2 4,0,1,0,1,0,0,0,0,0,0,NA,3,3,3,3,2,2,3,3,5 6 7 8 9,0,0,0,0,1,1,1,1,1,0,0,0,0,NA,1,4,NA,5 7 9,0,0,0,0,1,0,1,0,1,0,0,0,0,NA,3,4,4,3,4,4,3,3,3,4,5,5,5,5,5,5,1,1,1,2 4 5,0,1,0,1,1,0,0,0,NA,3,4,3,2,3,3,4,4,4,4,4,2,NA,4,4,4,3,3,1 2 3,1,1,1,0,0,NA,3,NA,0,0,1,1,1,1,1,1,1,1,0,NA,2,3,1,1,4,2,1,3,3,2,3,3,3,3,3,3,3,3,1 11,1,0,0,0,0,0,0,0,0,0,1,1,3,3,2,3,3,3,3,3,1,8,1,3,4,4,4,3,4,4,4,4,4,1 2,1,1,0,0,0,0,0,NA,1,2,2,3,2,2,1,1,3,No,2 3,0,1,1,0,0,0,0,0,0,NA,33,NA,12700,No,uuid:b57492c7-ad00-4b54-aa44-27973c6b5dfb,2512111014,uuid:b57492c7-ad00-4b54-aa44-27973c6b5dfb,NA,NA,NA,NA,NA,NA,NA,NA,NA,NA
85930,S0403090582,OROMIA,Baalee,gaasaraa,awucheechee qorii,Rural,"12/12/2025, 8:06:49 PM","12/12/2025, 10:51:46 AM","12/12/2025, 8:06:17 PM",12/12/2025,8e28ba7f870e07da,1,T16201,NA,male,4,0,0,0,1,0,0,0,0,0,1,1,0,0,0,NA,3,NA,2,NA,1,NA,2010,2012,2,0,NA,NA,1,1,0,0,0,0,0,0,NA,4,NA,2 6,0,1,0,0,0,1,0,NA,1,3,0,0,1,0,0,0,NA,2 4,0,1,0,1,0,0,0,0,0,0,NA,4 6,0,0,0,1,0,1,0,0,0,0,NA,2 4,0,1,0,1,0,0,0,0,0,0,NA,3,4,3,1,1,2,2,1,4,0,0,0,1,0,0,0,0,0,0,0,0,0,NA,2,3,NA,2 5,0,1,0,0,1,0,0,0,0,0,0,0,0,NA,4,4,4,1,4,4,4,2,3,4,5,5,1,5,5,4,3,1,1,2 5,0,1,0,0,1,0,0,0,NA,3,2,3,2,3,2,5,4,3,5,3,3,NA,1,1,1,1,4,2,0,1,0,0,0,NA,1,NA,0,0,0,1,1,1,1,1,1,1,0,NA,4,4,3,1,4,1,3,3,3,2,3,3,3,3,3,3,3,3,1 2,1,1,0,0,0,0,0,0,0,0,0,3,3,1,3,1,3,3,3,3,1,10,1,4,4,4,3,4,4,4,4,4,4,1 2,1,1,0,0,0,0,0,NA,1,1,1,3,1,1,1,1,1,No,1 4,1,0,0,1,0,0,0,0,0,NA,28,NA,14200,No,uuid:2b782e4a-b26e-4361-84ef-0496b12df29d,2512111014,uuid:2b782e4a-b26e-4361-84ef-0496b12df29d,NA,NA,NA,NA,NA,NA,NA,NA,NA,NA
86844,S0403110392,OROMIA,Baalee Bahaa,gololcha,taagal,Rural,"12/13/2025, 7:00:19 PM","12/13/2025, 10:09:29 AM","12/13/2025, 6:58:08 PM",12/13/2025,c7654ba83377bbd9,1,T16803,NA,male,6 7 8,0,0,0,0,0,1,1,1,0,97,0,0,0,1,"Hawaasa, Safuu, Sport",5,NA,5,NA,1,NA,2000,2017,4,1,6,3,3 4,0,0,1,1,0,0,0,NA,1,NA,2 6,0,1,0,0,0,1,0,NA,1,3,0,0,1,0,0,0,NA,2 4 97,0,1,0,1,0,0,0,0,0,1,"Duudhaa, Safuu Hawwaasaa Eeguurratti",3 8,0,0,1,0,0,0,0,1,0,0,NA,4 7,0,0,0,1,0,0,1,0,0,0,NA,3,3,3,3,3,3,4,4,2 5 8,0,1,0,0,1,0,0,1,0,0,0,0,0,NA,1,4,NA,3 6,0,0,1,0,0,1,0,0,0,0,0,0,0,NA,3,3,4,3,4,4,4,3,3,4,3,5,5,5,4,5,2,1,1,5 97,0,0,0,0,1,0,1,0,Waldaa Barsiisotaarratti ni dhiyaata,4,3,3,4,4,4,4,4,5,5,5,2,NA,4,4,4,1,4,2 3 4,0,1,1,1,0,NA,2,NA,0,0,0,1,0,0,1,0,0,0,0,NA,1,2,2,3,3,1,4,1,1,2,2,2,2,2,2,2,3,3,1 5,1,0,0,0,1,0,0,0,0,0,0,3,1,4,4,4,4,3,2,2,2,10,3,4,4,4,4,4,3,4,4,4,4,1 4,1,0,0,1,0,0,0,NA,0,NA,NA,NA,NA,NA,NA,NA,NA,NA,2 3,0,1,1,0,0,0,0,0,0,NA,38,NA,13150,"Hanqina Barsiisaa waan qabnuu danqaadha
Hanqina Kitaabolee Barattootaa",uuid:9f93a8ca-69a3-4859-98cc-bf6a88d1a657,2512111014,uuid:9f93a8ca-69a3-4859-98cc-bf6a88d1a657,NA,NA,NA,NA,NA,NA,NA,NA,NA,NA
86844,S0403110392,OROMIA,Baalee Bahaa,gololcha,taagal,Rural,"12/13/2025, 7:15:25 PM","12/13/2025, 10:07:15 AM","12/13/2025, 6:58:55 PM",12/13/2025,8e28ba7f870e07da,1,T16801,NA,female,4,0,0,0,1,0,0,0,0,0,1,1,0,0,0,NA,3,NA,2,NA,1,NA,1997,2008,6,1,4,3,1,1,0,0,0,0,0,0,NA,4,NA,5 6,0,0,0,0,1,1,0,NA,1,3,0,0,1,0,0,0,NA,2 4,0,1,0,1,0,0,0,0,0,0,NA,1 4,1,0,0,1,0,0,0,0,0,0,NA,2 4,0,1,0,1,0,0,0,0,0,0,NA,3,2,4,3,1,1,1,2,1 5,1,0,0,0,1,0,0,0,0,0,0,0,0,NA,4,4,NA,3 5,0,0,1,0,1,0,0,0,0,0,0,0,0,NA,4,4,4,4,3,3,3,4,3,4,5,5,4,4,4,5,3,1,3,2 5,0,1,0,0,1,0,0,0,NA,3,3,3,3,4,4,3,4,2,3,3,1,NA,1,1,1,2,2,2,0,1,0,0,0,NA,1,NA,1,1,0,0,1,1,0,1,0,0,0,NA,4,3,1,1,4,1,1,2,2,3,2,3,3,2,3,3,3,2,1 3,1,0,1,0,0,0,0,0,0,0,0,4,1,4,4,1,4,4,3,3,1,8,1,4,4,4,1,1,4,4,4,4,4,5,0,0,0,0,1,0,0,NA,1,2,2,3,1,1,1,3,1,No,3 8,0,0,1,0,0,0,0,1,0,NA,39,NA,14169,Be Economical Chigr Tikimatkm matat,uuid:0a2b189d-1923-4371-b37a-fe92fac38edb,2512111014,uuid:0a2b189d-1923-4371-b37a-fe92fac38edb,NA,NA,NA,NA,NA,NA,NA,NA,NA,NA
86844,S0403110392,OROMIA,Baalee Bahaa,gololcha,taagal,Rural,"12/13/2025, 7:15:26 PM","12/13/2025, 11:04:49 AM","12/13/2025, 6:59:05 PM",12/13/2025,8e28ba7f870e07da,1,T16802,NA,male,2,0,1,0,0,0,0,0,0,0,1,1,0,0,0,NA,6,NA,5,NA,1,NA,2000,2010,4,0,NA,NA,1 4,1,0,0,1,0,0,0,NA,4,NA,6,0,0,0,0,0,1,0,NA,1,1,1,0,0,0,0,0,NA,3 4 5,0,0,1,1,1,0,0,0,0,0,NA,4 5,0,0,0,1,1,0,0,0,0,0,NA,3 4,0,0,1,1,0,0,0,0,0,0,NA,3,2,3,1,1,2,1,1,4 5,0,0,0,1,1,0,0,0,0,0,0,0,0,NA,1,2,NA,2 5,0,1,0,0,1,0,0,0,0,0,0,0,0,NA,4,3,4,3,3,2,4,4,4,3,5,5,5,5,5,5,3,3,1,2 5,0,1,0,0,1,0,0,0,NA,3,3,3,2,2,2,5,1,1,4,1,3,NA,1,1,1,1,4,2,0,1,0,0,0,NA,2,NA,0,0,0,1,1,1,1,1,1,0,1,"Methaf entiret,Silitena biset",1,1,1,1,4,1,1,3,3,3,3,3,3,2,3,2,3,2,2 3,0,1,1,0,0,0,0,0,0,0,0,1,1,4,4,4,4,4,2,2,1,10,1,4,4,1,4,1,4,4,4,4,4,2 4,0,1,0,1,0,0,0,NA,1,1,1,3,1,1,1,1,1,No,1 5,1,0,0,0,1,0,0,0,0,NA,46,NA,13893,College Lay masitemar chigr yemasitemar chigr ale bishashali,uuid:4082a76e-dfe0-43f5-889f-da0196b2d047,2512111014,uuid:4082a76e-dfe0-43f5-889f-da0196b2d047,NA,NA,NA,NA,NA,NA,NA,NA,NA,NA
86153,S0403140052,OROMIA,Baalee,gurra dhaamolee,harawaa madinaa,Urban,"12/20/2025, 7:19:06 PM","12/20/2025, 9:02:07 AM","12/20/2025, 12:09:16 PM",12/20/2025,8e28ba7f870e07da,1,T17601,NA,male,6,0,0,0,0,0,1,0,0,0,97,0,0,0,1,Ogrit,3,NA,2,NA,1,NA,2008,2014,2,0,NA,NA,4,0,0,0,1,0,0,0,NA,4,NA,2,0,1,0,0,0,0,0,NA,1,3,0,0,1,0,0,0,NA,3 4,0,0,1,1,0,0,0,0,0,0,NA,4 6,0,0,0,1,0,1,0,0,0,0,NA,3 4,0,0,1,1,0,0,0,0,0,0,NA,3,3,2,2,1,2,2,1,4 5,0,0,0,1,1,0,0,0,0,0,0,0,0,NA,4,2,NA,1 9,1,0,0,0,0,0,0,0,1,0,0,0,0,NA,4,4,4,4,4,4,4,4,4,4,5,5,5,5,5,5,3,1,1,2 5,0,1,0,0,1,0,0,0,NA,2,3,4,3,3,3,5,5,4,4,3,2,NA,1,1,1,1,1,2 4,0,1,0,1,0,NA,2,NA,0,0,0,1,0,1,0,1,1,0,0,NA,4,4,1,1,4,1,1,2,3,3,3,3,2,3,3,2,3,3,9 10,0,0,0,0,0,0,0,0,1,1,0,4,4,4,1,1,4,4,3,2,1,10,4,4,1,4,1,1,4,4,4,4,4,1 4,1,0,0,1,0,0,0,NA,1,1,3,3,1,3,1,3,1,Nene,4 7,0,0,0,1,0,0,1,0,0,NA,30,NA,14912,"Methafi etiret ,",uuid:e81f3ac5-6a31-4835-91e0-c1e9a49aa434,2512142209,uuid:e81f3ac5-6a31-4835-91e0-c1e9a49aa434,NA,NA,NA,NA,NA,NA,NA,NA,NA,NA
86153,S0403140052,OROMIA,Baalee,gurra dhaamolee,harawaa madinaa,Urban,"12/20/2025, 7:19:12 PM","12/20/2025, 11:20:48 AM","12/20/2025, 12:09:44 PM",12/20/2025,8e28ba7f870e07da,1,T17602,NA,male,2,0,1,0,0,0,0,0,0,0,2,0,1,0,0,NA,3,NA,2,NA,1,NA,2001,2011,4,1,2,3,1,1,0,0,0,0,0,0,NA,4,NA,2 6,0,1,0,0,0,1,0,NA,1,3,0,0,1,0,0,0,NA,3 4 5,0,0,1,1,1,0,0,0,0,0,NA,4 8,0,0,0,1,0,0,0,1,0,0,NA,3 4,0,0,1,1,0,0,0,0,0,0,NA,3,3,4,3,1,1,1,1,4 5,0,0,0,1,1,0,0,0,0,0,0,0,0,NA,4,3,NA,2 7,0,1,0,0,0,0,1,0,0,0,0,0,0,NA,4,4,4,4,4,4,4,4,4,4,5,5,5,5,5,5,3,3,3,2 5,0,1,0,0,1,0,0,0,NA,4,4,2,4,3,4,5,5,5,5,3,2,NA,1,1,1,1,4,2 4,0,1,0,1,0,NA,4,NA,0,0,0,0,0,0,0,1,1,0,1,"Methaf matat,",1,1,1,1,3,1,1,1,3,3,3,3,2,3,3,3,3,3,3 4,0,0,1,1,0,0,0,0,0,0,0,4,1,1,1,4,4,4,3,3,1,10,4,4,1,1,4,1,4,4,4,4,4,1 2 4,1,1,0,1,0,0,0,NA,0,NA,NA,NA,NA,NA,NA,NA,NA,NA,3 4,0,0,1,1,0,0,0,0,0,NA,34,NA,13339,None,uuid:06cce1d7-33c8-4259-9009-4a13eab6b6d6,2512142209,uuid:06cce1d7-33c8-4259-9009-4a13eab6b6d6,NA,NA,NA,NA,NA,NA,NA,NA,NA,NA
86153,S0403140052,OROMIA,Baalee,gurra dhaamolee,harawaa madinaa,Urban,"12/20/2025, 7:19:21 PM","12/20/2025, 12:29:58 PM","12/20/2025, 6:49:55 PM",12/20/2025,8e28ba7f870e07da,1,T17603,NA,female,4,0,0,0,1,0,0,0,0,0,3,0,0,1,0,NA,3,NA,2,NA,1,NA,2007,2011,2,0,NA,NA,1,1,0,0,0,0,0,0,NA,1,NA,5,0,0,0,0,1,0,0,NA,1,3,0,0,1,0,0,0,NA,3 4 5,0,0,1,1,1,0,0,0,0,0,NA,3 4,0,0,1,1,0,0,0,0,0,0,NA,4 7,0,0,0,1,0,0,1,0,0,0,NA,3,4,3,2,1,1,1,1,4 5,0,0,0,1,1,0,0,0,0,0,0,0,0,NA,4,3,NA,2 5,0,1,0,0,1,0,0,0,0,0,0,0,0,NA,4,4,4,4,4,4,4,4,4,4,5,5,5,5,5,5,3,3,1,2 5,0,1,0,0,1,0,0,0,NA,4,4,2,2,3,2,4,4,4,4,3,3,NA,1,1,1,1,4,2,0,1,0,0,0,NA,3,NA,0,0,0,1,0,0,0,1,1,0,0,NA,1,1,1,1,4,1,1,3,3,3,3,3,2,3,3,3,3,3,7 8,0,0,0,0,0,0,1,1,0,0,0,4,1,4,1,1,4,4,2,2,1,10,4,4,1,4,4,1,4,4,4,4,4,2 4,0,1,0,1,0,0,0,NA,1,3,3,3,3,1,3,3,1,Nene,3 4,0,0,1,1,0,0,0,0,0,NA,29,NA,14946,"Kifil etiret,methaf etret,Mekemcha alemenor,shit bet etiret,",uuid:447899e1-db67-4817-b33e-8b957facb168,2512142209,uuid:447899e1-db67-4817-b33e-8b957facb168,NA,NA,NA,NA,NA,NA,NA,NA,NA,NA
86278,S0403150092,OROMIA,Baalee,harannaa bulluq,odaa guutuu,Rural,"12/10/2025, 8:04:50 PM","12/10/2025, 12:13:18 PM","12/10/2025, 8:03:19 PM",12/10/2025,c7654ba83377bbd9,1,T18003,NA,female,7 8,0,0,0,0,0,0,1,1,0,97,0,0,0,1,"Biology, Chemistry",1,NA,1,NA,0,NA,2017,2017,1,0,NA,NA,1 3,1,0,1,0,0,0,0,NA,1,NA,2 6,0,1,0,0,0,1,0,NA,1,3,0,0,1,0,0,0,NA,3 4 7,0,0,1,1,0,0,1,0,0,0,NA,2 5,0,1,0,0,1,0,0,0,0,0,NA,2 3,0,1,1,0,0,0,0,0,0,0,NA,3,3,2,3,1,1,1,4,4 5 6,0,0,0,1,1,1,0,0,0,0,0,0,0,NA,0,1,NA,NA,NA,NA,NA,NA,NA,NA,NA,NA,NA,NA,NA,NA,NA,NA,4,3,4,3,4,4,3,1,2,3,3,3,4,4,4,5,1,1,1,2,0,1,0,0,0,0,0,0,NA,3,1,4,4,2,4,3,2,3,3,1,2,NA,4,4,4,1,1,2 3 4,0,1,1,1,0,NA,2,NA,0,0,0,1,1,1,1,1,1,1,0,NA,3,1,1,1,3,1,1,3,3,1,3,3,3,1,3,3,3,3,1 4,1,0,0,1,0,0,0,0,0,0,0,3,1,1,1,1,1,1,3,2,2,5,4,1,4,1,3,2,2,4,2,4,4,1 2 3,1,1,1,0,0,0,0,NA,1,1,2,3,1,2,2,2,1,None,2 4,0,1,0,1,0,0,0,0,0,NA,24,NA,8400,"1/Humna Ibsaa
2/Bishaan Dhugaatii
3/Gabaa 
4/Rakkoo Geejjibaa",uuid:de72a403-eaf4-462c-bc89-a61e9b8e3ac9,2512040829,uuid:de72a403-eaf4-462c-bc89-a61e9b8e3ac9,NA,NA,NA,NA,NA,NA,NA,NA,NA,NA
86278,S0403150092,OROMIA,Baalee,harannaa bulluq,odaa guutuu,Rural,"12/10/2025, 8:05:15 PM","12/10/2025, 12:11:54 PM","12/10/2025, 1:04:52 PM",12/10/2025,8e28ba7f870e07da,1,T18001,NA,male,4,0,0,0,1,0,0,0,0,0,2,0,1,0,0,NA,3,NA,2,NA,0,NA,2008,2009,2,0,NA,NA,2,0,1,0,0,0,0,0,NA,4,NA,2,0,1,0,0,0,0,0,NA,1,1 3,1,0,1,0,0,0,NA,2 3,0,1,1,0,0,0,0,0,0,0,NA,4 6,0,0,0,1,0,1,0,0,0,0,NA,2 4,0,1,0,1,0,0,0,0,0,0,NA,3,3,3,1,1,3,1,1,5 8,0,0,0,0,1,0,0,1,0,0,0,0,0,NA,2,3,NA,2 5 7,0,1,0,0,1,0,1,0,0,0,0,0,0,NA,3,3,2,3,3,3,4,2,3,2,5,5,4,4,4,5,3,1,1,2 3,0,1,1,0,0,0,0,0,NA,2,3,1,3,3,3,3,3,3,3,3,3,NA,1,1,1,1,3,2,0,1,0,0,0,NA,2,NA,0,0,0,1,0,0,0,1,1,0,0,NA,4,4,1,3,2,2,3,3,3,3,3,3,3,3,3,3,2,3,1 4,1,0,0,1,0,0,0,0,0,0,0,3,3,1,2,2,2,4,1,1,1,10,2,4,4,4,4,4,4,3,4,4,4,2 4,0,1,0,1,0,0,0,NA,0,NA,NA,NA,NA,NA,NA,NA,NA,NA,1 4,1,0,0,1,0,0,0,0,0,NA,28,NA,10740,No,uuid:7b079ba6-4856-4524-93c5-2d517204166a,2512040829,uuid:7b079ba6-4856-4524-93c5-2d517204166a,NA,NA,NA,NA,NA,NA,NA,NA,NA,NA
86278,S0403150092,OROMIA,Baalee,harannaa bulluq,odaa guutuu,Rural,"12/10/2025, 8:05:20 PM","12/10/2025, 1:05:56 PM","12/10/2025, 1:56:06 PM",12/10/2025,8e28ba7f870e07da,1,T18002,NA,male,2,0,1,0,0,0,0,0,0,0,1,1,0,0,0,NA,2,NA,2,NA,1,NA,2011,2011,1,0,NA,NA,1,1,0,0,0,0,0,0,NA,4,NA,5,0,0,0,0,1,0,0,NA,1,3,0,0,1,0,0,0,NA,3 5,0,0,1,0,1,0,0,0,0,0,NA,4 6,0,0,0,1,0,1,0,0,0,0,NA,2 4,0,1,0,1,0,0,0,0,0,0,NA,3,4,4,1,3,2,3,3,3 5,0,0,1,0,1,0,0,0,0,0,0,0,0,NA,4,3,NA,2 5,0,1,0,0,1,0,0,0,0,0,0,0,0,NA,2,3,3,2,4,4,4,3,4,4,5,5,4,3,4,4,3,1,1,2 3,0,1,1,0,0,0,0,0,NA,3,2,3,2,3,3,3,3,3,3,2,3,NA,1,1,1,1,2,2,0,1,0,0,0,NA,2,NA,1,0,0,1,1,0,0,1,1,1,1,Me irate matat;Wuha matat,1,1,1,1,3,1,3,3,3,3,3,3,3,3,3,3,3,3,1 5,1,0,0,0,1,0,0,0,0,0,0,4,4,1,3,3,3,4,3,1,1,10,1,1,4,4,4,3,4,4,4,4,3,2 4,0,1,0,1,0,0,0,NA,1,1,3,3,1,1,1,3,1,No,1 4,1,0,0,1,0,0,0,0,0,NA,29,NA,10631,No,uuid:6a8528b7-e887-4625-8118-0e5252c96453,2512040829,uuid:6a8528b7-e887-4625-8118-0e5252c96453,NA,NA,NA,NA,NA,NA,NA,NA,NA,NA
86381,S0403170542,OROMIA,Boorana Bahaa,maddaa walaabuu,caafee odaa,Rural,"12/8/2025, 7:12:25 PM","12/8/2025, 11:55:08 AM","12/8/2025, 7:11:26 PM",12/8/2025,c7654ba83377bbd9,1,T19703,NA,female,6,0,0,0,0,0,1,0,0,0,97,0,0,0,1,"Og Art, safu, Geda,Sport",1,NA,1,NA,0,NA,2016,2016,1,0,NA,NA,2,0,1,0,0,0,0,0,NA,5,NA,2 5,0,1,0,0,1,0,0,NA,1,3,0,0,1,0,0,0,NA,2 4,0,1,0,1,0,0,0,0,0,0,NA,2 8,0,1,0,0,0,0,0,1,0,0,NA,2 5,0,1,0,0,1,0,0,0,0,0,NA,4,4,3,2,1,1,1,1,4 5 8,0,0,0,1,1,0,0,1,0,0,0,0,0,NA,4,1,NA,NA,NA,NA,NA,NA,NA,NA,NA,NA,NA,NA,NA,NA,NA,NA,4,4,4,3,3,3,4,3,3,3,3,3,3,5,5,3,2,4,1,2 5,0,1,0,0,1,0,0,0,NA,3,3,3,3,3,3,4,3,3,3,3,2,NA,4,4,3,1,1,1 2,1,1,0,0,0,NA,5,NA,1,0,0,1,0,1,1,1,1,1,0,NA,1,1,1,1,4,2,2,3,3,2,1,3,2,2,2,2,2,2,1 2,1,1,0,0,0,0,0,0,0,0,0,4,1,4,4,1,4,1,1,2,2,8,3,1,4,4,4,1,4,4,4,4,4,1 2 4,1,1,0,1,0,0,0,NA,0,NA,NA,NA,NA,NA,NA,NA,NA,NA,5 7,0,0,0,0,1,0,1,0,0,NA,24,NA,12000,None,uuid:aa3de1ff-676c-4e4e-981d-4fe17f53cdac,2512040829,uuid:aa3de1ff-676c-4e4e-981d-4fe17f53cdac,NA,NA,NA,NA,NA,NA,NA,NA,NA,NA
86381,S0403170542,OROMIA,Boorana Bahaa,maddaa walaabuu,caafee odaa,Rural,"12/8/2025, 7:17:16 PM","12/8/2025, 10:45:56 AM","12/8/2025, 7:16:04 PM",12/8/2025,8e28ba7f870e07da,1,T19701,NA,male,1,1,0,0,0,0,0,0,0,0,2,0,1,0,0,NA,5,NA,2,NA,0,NA,2010,2015,5,0,NA,NA,1,1,0,0,0,0,0,0,NA,98,NA,6,0,0,0,0,0,1,0,NA,1,3,0,0,1,0,0,0,NA,1 3,1,0,1,0,0,0,0,0,0,0,NA,2 4,0,1,0,1,0,0,0,0,0,0,NA,3 4,0,0,1,1,0,0,0,0,0,0,NA,3,2,3,1,1,1,1,1,5 10,0,0,0,0,1,0,0,0,0,1,0,0,0,NA,2,2,NA,5 6,0,0,0,0,1,1,0,0,0,0,0,0,0,NA,4,4,4,1,4,4,2,4,4,4,5,5,5,5,5,5,3,1,1,2,0,1,0,0,0,0,0,0,NA,3,2,3,4,2,3,3,4,3,5,3,2,NA,1,3,2,4,3,2,0,1,0,0,0,NA,2,NA,0,0,0,1,1,1,1,1,1,1,0,NA,3,3,3,4,3,4,3,1,1,1,1,1,2,3,3,3,3,1,1 3 9,1,0,1,0,0,0,0,0,1,0,0,4,3,2,4,2,3,4,3,1,1,10,3,4,1,3,3,4,4,4,4,4,4,2 4,0,1,0,1,0,0,0,NA,1,1,2,3,1,2,2,2,2,No,4 7,0,0,0,1,0,0,1,0,0,NA,30,NA,14983,No,uuid:b55103da-5f5d-4ce8-9e03-c9c2d778738b,2512040829,uuid:b55103da-5f5d-4ce8-9e03-c9c2d778738b,NA,NA,NA,NA,NA,NA,NA,NA,NA,NA
86381,S0403170542,OROMIA,Boorana Bahaa,maddaa walaabuu,caafee odaa,Rural,"12/8/2025, 7:17:17 PM","12/8/2025, 11:55:06 AM","12/8/2025, 7:16:57 PM",12/8/2025,8e28ba7f870e07da,1,T19702,NA,male,4,0,0,0,1,0,0,0,0,0,1,1,0,0,0,NA,4,NA,2,NA,1,NA,2015,2017,3,1,3,3,1,1,0,0,0,0,0,0,NA,4,NA,6,0,0,0,0,0,1,0,NA,1,1,1,0,0,0,0,0,NA,2 3 4,0,1,1,1,0,0,0,0,0,0,NA,4 6,0,0,0,1,0,1,0,0,0,0,NA,98,0,0,0,0,0,0,0,0,0,1,NA,2,3,2,1,3,1,2,1,5 10,0,0,0,0,1,0,0,0,0,1,0,0,0,NA,2,2,NA,2 5,0,1,0,0,1,0,0,0,0,0,0,0,0,NA,4,3,2,4,4,4,4,1,2,4,2,2,1,1,2,2,3,1,2,2,0,1,0,0,0,0,0,0,NA,1,2,1,2,2,2,1,4,2,3,1,3,NA,3,4,4,3,4,2,0,1,0,0,0,NA,5,NA,1,0,0,1,0,1,1,1,1,1,0,NA,4,4,3,1,4,1,1,3,3,3,3,3,3,3,3,3,3,3,1 3 4,1,0,1,1,0,0,0,0,0,0,0,4,4,4,4,4,4,4,3,3,1,10,4,4,4,1,4,2,2,4,4,4,4,2 4,0,1,0,1,0,0,0,NA,1,1,3,3,1,2,1,1,1,No,1 5,1,0,0,0,1,0,0,0,0,NA,28,NA,9266,No,uuid:44619a3a-cf08-44c3-afc1-1e246dbb2061,2512040829,uuid:44619a3a-cf08-44c3-afc1-1e246dbb2061,NA,NA,NA,NA,NA,NA,NA,NA,NA,NA
86381,S0403170542,OROMIA,Boorana Bahaa,maddaa walaabuu,caafee odaa,Rural,"12/9/2025, 8:04:33 PM","12/8/2025, 11:55:06 AM","12/9/2025, 8:00:12 PM",12/8/2025,8e28ba7f870e07da,1,T19702,NA,male,4,0,0,0,1,0,0,0,0,0,1,1,0,0,0,NA,4,NA,2,NA,1,NA,2015,2017,3,1,3,3,1,1,0,0,0,0,0,0,NA,4,NA,6,0,0,0,0,0,1,0,NA,1,1,1,0,0,0,0,0,NA,2 3 4,0,1,1,1,0,0,0,0,0,0,NA,4 6,0,0,0,1,0,1,0,0,0,0,NA,98,0,0,0,0,0,0,0,0,0,1,NA,2,3,2,1,3,1,2,1,5 10,0,0,0,0,1,0,0,0,0,1,0,0,0,NA,2,2,NA,2 5,0,1,0,0,1,0,0,0,0,0,0,0,0,NA,4,3,2,4,4,4,4,1,2,4,2,2,1,1,2,2,3,1,2,2,0,1,0,0,0,0,0,0,NA,1,2,1,2,2,2,1,4,2,3,1,3,NA,3,4,4,3,4,2,0,1,0,0,0,NA,5,NA,1,0,0,1,0,1,1,1,1,1,0,NA,4,4,3,1,4,1,1,3,3,3,3,3,3,3,3,3,3,3,1 3 4,1,0,1,1,0,0,0,0,0,0,0,4,4,4,4,4,4,4,3,3,1,10,4,4,4,1,4,2,2,4,4,4,4,2 4,0,1,0,1,0,0,0,NA,1,1,3,3,1,2,1,1,1,No,1 5,1,0,0,0,1,0,0,0,0,NA,28,NA,9266,No,uuid:892977ee-e488-40ff-a928-c131897cd6ff,2512040829,uuid:892977ee-e488-40ff-a928-c131897cd6ff,NA,NA,NA,NA,NA,NA,NA,NA,NA,NA
86381,S0403170542,OROMIA,Boorana Bahaa,maddaa walaabuu,caafee odaa,Rural,"12/9/2025, 8:04:33 PM","12/8/2025, 10:45:56 AM","12/9/2025, 7:59:11 PM",12/8/2025,8e28ba7f870e07da,1,T19701,NA,male,1,1,0,0,0,0,0,0,0,0,2,0,1,0,0,NA,5,NA,2,NA,0,NA,2010,2015,5,0,NA,NA,1,1,0,0,0,0,0,0,NA,98,NA,6,0,0,0,0,0,1,0,NA,1,3,0,0,1,0,0,0,NA,1 3,1,0,1,0,0,0,0,0,0,0,NA,2 4,0,1,0,1,0,0,0,0,0,0,NA,3 4,0,0,1,1,0,0,0,0,0,0,NA,3,2,3,1,1,1,1,1,5 10,0,0,0,0,1,0,0,0,0,1,0,0,0,NA,2,2,NA,5 6,0,0,0,0,1,1,0,0,0,0,0,0,0,NA,4,4,4,1,4,4,2,4,4,4,5,5,5,5,5,5,3,1,1,2,0,1,0,0,0,0,0,0,NA,3,2,3,4,2,3,3,4,3,5,3,2,NA,1,3,2,4,3,2,0,1,0,0,0,NA,2,NA,0,0,0,1,1,1,1,1,1,1,0,NA,3,3,3,4,3,4,3,1,1,1,1,1,2,3,3,3,3,1,1 3 9,1,0,1,0,0,0,0,0,1,0,0,4,3,2,4,2,3,4,3,1,1,10,3,4,1,3,3,4,4,4,4,4,4,2 4,0,1,0,1,0,0,0,NA,1,1,2,3,1,2,2,2,2,No,4 7,0,0,0,1,0,0,1,0,0,NA,30,NA,14983,No,uuid:8461b4d9-fd00-4058-bf21-9158e99281a1,2512040829,uuid:8461b4d9-fd00-4058-bf21-9158e99281a1,NA,NA,NA,NA,NA,NA,NA,NA,NA,NA
86371,S0403171112,OROMIA,Boorana Bahaa,walaabuu lixaa,bacoo,Rural,"12/9/2025, 7:56:20 PM","12/9/2025, 11:15:35 AM","12/9/2025, 3:39:25 PM",12/9/2025,c7654ba83377bbd9,1,T23303,NA,male,6 7 8,0,0,0,0,0,1,1,1,0,1,1,0,0,0,NA,3,NA,3,NA,0,NA,2016,2016,1,1,2,3,3,0,0,1,0,0,0,0,NA,1,NA,2,0,1,0,0,0,0,0,NA,1,3,0,0,1,0,0,0,NA,2 7,0,1,0,0,0,0,1,0,0,0,NA,2 3,0,1,1,0,0,0,0,0,0,0,NA,5 6,0,0,0,0,1,1,0,0,0,0,NA,3,3,2,3,1,1,2,1,5 6,0,0,0,0,1,1,0,0,0,0,0,0,0,NA,1,2,NA,1 2 3 4 5,1,1,1,1,1,0,0,0,0,0,0,0,0,NA,3,2,4,4,4,4,4,2,2,4,5,5,5,5,5,5,2,1,1,2 5,0,1,0,0,1,0,0,0,NA,3,4,1,4,3,4,5,2,2,2,1,2,NA,3,4,3,1,3,1 2 3,1,1,1,0,0,NA,2,NA,0,0,0,0,0,0,0,1,1,0,0,NA,1,1,1,1,4,1,1,3,3,3,3,3,3,2,2,3,3,3,1 3,1,0,1,0,0,0,0,0,0,0,0,1,1,3,2,1,1,1,3,2,1,10,1,4,4,4,4,3,4,4,4,4,4,1 2,1,1,0,0,0,0,0,NA,0,NA,NA,NA,NA,NA,NA,NA,NA,NA,2 7,0,1,0,0,0,0,1,0,0,NA,26,NA,12900,"1/Hanqina meeshaalee Barnootaa
2/Hanqina barsiisaa
3/Daree Dabalataa
4/Bishaan Dhugaatii akka argamu
5/Ibsaa",uuid:cce0db88-b53d-4a2e-8e6e-570ed944f6af,2512040829,uuid:cce0db88-b53d-4a2e-8e6e-570ed944f6af,NA,NA,NA,NA,NA,NA,NA,NA,NA,NA
86371,S0403171112,OROMIA,Boorana Bahaa,walaabuu lixaa,bacoo,Rural,"12/9/2025, 8:04:31 PM","12/9/2025, 12:22:44 PM","12/9/2025, 1:04:46 PM",12/9/2025,8e28ba7f870e07da,1,T23302,NA,female,1,1,0,0,0,0,0,0,0,0,3,0,0,1,0,NA,2,NA,2,NA,0,NA,2018,2018,1,1,1,3,1,1,0,0,0,0,0,0,NA,5,NA,6,0,0,0,0,0,1,0,NA,1,3,0,0,1,0,0,0,NA,2 4,0,1,0,1,0,0,0,0,0,0,NA,3 4,0,0,1,1,0,0,0,0,0,0,NA,2 4,0,1,0,1,0,0,0,0,0,0,NA,3,3,3,1,3,3,1,1,4,0,0,0,1,0,0,0,0,0,0,0,0,0,NA,4,2,NA,2 5,0,1,0,0,1,0,0,0,0,0,0,0,0,NA,4,4,4,3,3,3,3,3,2,3,5,5,2,4,2,4,3,1,1,2,0,1,0,0,0,0,0,0,NA,3,3,2,2,2,3,2,3,2,3,3,2,NA,1,2,2,1,4,2,0,1,0,0,0,NA,2,NA,0,0,0,1,0,0,0,1,1,0,0,NA,4,4,1,1,1,1,1,3,1,1,3,1,3,2,2,2,3,3,1 7,1,0,0,0,0,0,1,0,0,0,0,4,2,2,4,1,4,4,3,3,1,10,1,4,2,4,4,4,3,3,1,3,4,1,1,0,0,0,0,0,0,NA,1,1,3,3,1,1,1,1,1,No,1 4,1,0,0,1,0,0,0,0,0,NA,21,NA,11500,No,uuid:2cc3193a-8a93-4011-bfea-92f88993443b,2512040829,uuid:2cc3193a-8a93-4011-bfea-92f88993443b,NA,NA,NA,NA,NA,NA,NA,NA,NA,NA
86371,S0403171112,OROMIA,Boorana Bahaa,walaabuu lixaa,bacoo,Rural,"12/9/2025, 8:04:32 PM","12/9/2025, 11:09:45 AM","12/9/2025, 8:00:48 PM",12/9/2025,8e28ba7f870e07da,1,T23301,NA,male,4,0,0,0,1,0,0,0,0,0,2,0,1,0,0,NA,3,NA,5,NA,1,NA,2008,2011,2,1,6,3,1,1,0,0,0,0,0,0,NA,4,NA,2 6,0,1,0,0,0,1,0,NA,1,3,0,0,1,0,0,0,NA,4 8,0,0,0,1,0,0,0,1,0,0,NA,4 6,0,0,0,1,0,1,0,0,0,0,NA,2 4,0,1,0,1,0,0,0,0,0,0,NA,4,4,3,1,1,3,3,3,6 10,0,0,0,0,0,1,0,0,0,1,0,0,0,NA,4,3,NA,2 5,0,1,0,0,1,0,0,0,0,0,0,0,0,NA,4,4,3,3,3,3,3,2,2,3,5,4,2,5,4,5,3,1,1,2,0,1,0,0,0,0,0,0,NA,2,3,2,3,2,3,4,4,4,3,2,3,NA,2,2,1,1,2,2,0,1,0,0,0,NA,2,NA,1,0,0,1,1,0,0,0,0,0,0,NA,4,4,1,1,4,1,1,3,3,1,2,3,2,2,2,2,3,2,1 2 6,1,1,0,0,0,1,0,0,0,0,0,2,1,4,4,1,4,4,2,2,1,10,4,4,4,4,4,1,3,4,3,3,4,2 4,0,1,0,1,0,0,0,NA,1,3,3,3,1,1,1,3,1,No,3 4,0,0,1,1,0,0,0,0,0,NA,30,NA,1679,No,uuid:246ce566-cbb4-4fa3-b464-255f82f14fa6,2512040829,uuid:246ce566-cbb4-4fa3-b464-255f82f14fa6,NA,NA,NA,NA,NA,NA,NA,NA,NA,NA
86988,S0403180302,OROMIA,Baalee Bahaa,raayituu,ardaa kaloo,Rural,"12/17/2025, 7:45:50 PM","12/17/2025, 10:18:27 AM","12/17/2025, 7:45:16 PM",12/17/2025,c7654ba83377bbd9,1,T30903,NA,male,1 2 3 4,1,1,1,1,0,0,0,0,0,1 2 97,1,1,0,1,Safu,3,NA,3,NA,1,NA,2010,2013,2,1,1,3,1 3,1,0,1,0,0,0,0,NA,1,NA,2 5,0,1,0,0,1,0,0,NA,1,1 3,1,0,1,0,0,0,NA,4 5 6,0,0,0,1,1,1,0,0,0,0,NA,2 3,0,1,1,0,0,0,0,0,0,0,NA,2 4,0,1,0,1,0,0,0,0,0,0,NA,3,2,3,2,1,1,3,3,4 8 9,0,0,0,1,0,0,0,1,1,0,0,0,0,NA,4,2,NA,2 3,0,1,1,0,0,0,0,0,0,0,0,0,0,NA,4,3,4,4,4,4,4,3,3,4,4,5,4,5,5,5,1,1,1,2 5 97,0,1,0,0,1,0,1,0,Koree mana barumsaatti dabarfama,2,3,4,4,4,4,5,2,5,5,2,2,NA,3,3,4,1,3,1 2 3 4,1,1,1,1,0,NA,2,NA,0,0,0,1,1,1,0,1,1,1,0,NA,1,1,1,1,4,1,1,3,3,2,3,1,1,1,1,3,3,3,2 4,0,1,0,1,0,0,0,0,0,0,0,1,1,1,1,4,4,1,3,3,2,8,1,4,4,4,4,4,4,4,4,4,4,1 4,1,0,0,1,0,0,0,NA,1,3,3,3,1,2,1,2,1,None,1 7,1,0,0,0,0,0,1,0,0,NA,27,NA,13820,"Hirmaannaa Hawwaasummaa
Meeshaalee baruuf barsiisuu",uuid:460fa910-ccc9-4b41-bdcf-02704fcd709c,2512142209,uuid:460fa910-ccc9-4b41-bdcf-02704fcd709c,NA,NA,NA,NA,NA,NA,NA,NA,NA,NA
86988,S0403180302,OROMIA,Baalee Bahaa,raayituu,ardaa kaloo,Rural,"12/17/2025, 7:46:37 PM","12/17/2025, 10:15:38 AM","12/17/2025, 7:44:47 PM",12/17/2025,8e28ba7f870e07da,1,T30901,NA,female,6,0,0,0,0,0,1,0,0,0,1 97,1,0,0,1,Civic,3,NA,2,NA,0,NA,2013,2017,3,1,3,3,1,1,0,0,0,0,0,0,NA,4,NA,4,0,0,0,1,0,0,0,NA,1,3,0,0,1,0,0,0,NA,2 4,0,1,0,1,0,0,0,0,0,0,NA,4 6,0,0,0,1,0,1,0,0,0,0,NA,1 4,1,0,0,1,0,0,0,0,0,0,NA,3,4,3,3,1,2,2,1,2 5,0,1,0,0,1,0,0,0,0,0,0,0,0,NA,4,2,NA,1 3,1,0,1,0,0,0,0,0,0,0,0,0,0,NA,4,4,4,4,4,3,4,3,3,4,5,5,5,5,5,2,3,1,1,2 5,0,1,0,0,1,0,0,0,NA,3,2,1,3,3,3,3,2,3,4,2,2,NA,1,1,1,1,3,2,0,1,0,0,0,NA,2,NA,0,1,0,0,0,0,0,1,1,1,0,NA,1,1,1,1,4,1,1,3,3,3,3,3,3,2,3,3,3,3,9 10,0,0,0,0,0,0,0,0,1,1,0,4,1,1,1,1,4,4,3,1,1,10,4,4,4,4,4,1,4,4,4,4,4,2 4,0,1,0,1,0,0,0,NA,1,3,1,3,1,1,1,1,1,None,1 4,1,0,0,1,0,0,0,0,0,NA,27,NA,13820,NA,uuid:a0648714-ab7b-4fe2-96d8-e1dc2cc2ea96,2512142209,uuid:a0648714-ab7b-4fe2-96d8-e1dc2cc2ea96,NA,NA,NA,NA,NA,NA,NA,NA,NA,NA
86988,S0403180302,OROMIA,Baalee Bahaa,raayituu,ardaa kaloo,Rural,"12/17/2025, 7:46:38 PM","12/17/2025, 11:01:53 AM","12/17/2025, 7:46:16 PM",12/17/2025,8e28ba7f870e07da,1,T30902,NA,male,3,0,0,1,0,0,0,0,0,0,2,0,1,0,0,NA,4,NA,2,NA,1,NA,2013,2017,2,0,NA,NA,1,1,0,0,0,0,0,0,NA,4,NA,5,0,0,0,0,1,0,0,NA,1,1 3,1,0,1,0,0,0,NA,3 5,0,0,1,0,1,0,0,0,0,0,NA,1 4,1,0,0,1,0,0,0,0,0,0,NA,2 4,0,1,0,1,0,0,0,0,0,0,NA,4,4,3,3,2,2,1,2,4 5,0,0,0,1,1,0,0,0,0,0,0,0,0,NA,4,2,NA,2 5 9,0,1,0,0,1,0,0,0,1,0,0,0,0,NA,4,4,4,4,2,2,4,4,4,4,4,4,5,5,5,5,3,1,1,2 3 5,0,1,1,0,1,0,0,0,NA,3,2,2,3,3,3,2,2,3,4,2,2,NA,1,1,1,1,3,2 4,0,1,0,1,0,NA,2,NA,0,0,0,0,0,1,1,1,1,0,0,NA,1,1,1,1,4,1,1,1,2,3,2,1,2,1,2,2,1,2,1 4 6,1,0,0,1,0,1,0,0,0,0,0,4,4,4,4,4,4,4,2,2,1,10,4,4,4,4,4,1,4,4,4,4,4,1 2 4 5,1,1,0,1,1,0,0,NA,1,1,1,3,1,1,1,1,1,None,1 4,1,0,0,1,0,0,0,0,0,NA,28,NA,14020,NA,uuid:42548d44-87a8-4e84-b543-e0dd03e50652,2512142209,uuid:42548d44-87a8-4e84-b543-e0dd03e50652,NA,NA,NA,NA,NA,NA,NA,NA,NA,NA
87118,S0403190262,OROMIA,Baalee Bahaa,sawweenaa,gaalee,Rural,"12/15/2025, 7:00:38 PM","12/15/2025, 10:25:08 AM","12/15/2025, 6:57:00 PM",12/15/2025,8e28ba7f870e07da,1,T22001,NA,female,4,0,0,0,1,0,0,0,0,0,3,0,0,1,0,NA,3,NA,2,NA,1,NA,2014,2014,1,1,3,3,1,1,0,0,0,0,0,0,NA,1,NA,2,0,1,0,0,0,0,0,NA,1,3,0,0,1,0,0,0,NA,4 5,0,0,0,1,1,0,0,0,0,0,NA,3 4,0,0,1,1,0,0,0,0,0,0,NA,1 4,1,0,0,1,0,0,0,0,0,0,NA,2,3,4,3,1,1,1,3,4,0,0,0,1,0,0,0,0,0,0,0,0,0,NA,4,2,NA,2 5,0,1,0,0,1,0,0,0,0,0,0,0,0,NA,4,4,4,4,4,3,4,3,4,4,5,3,4,5,4,4,3,3,1,2 5,0,1,0,0,1,0,0,0,NA,3,2,3,3,4,3,2,2,2,4,3,3,NA,1,1,1,1,4,2,0,1,0,0,0,NA,1,NA,0,0,0,1,0,0,0,0,1,1,0,NA,3,1,1,1,3,1,2,2,2,2,2,2,2,2,2,3,2,2,2 4,0,1,0,1,0,0,0,0,0,0,0,4,1,4,4,4,4,4,2,2,2,10,1,4,4,4,4,4,4,3,3,4,4,1 2,1,1,0,0,0,0,0,NA,0,NA,NA,NA,NA,NA,NA,NA,NA,NA,2 3,0,1,1,0,0,0,0,0,0,NA,28,NA,14837,No,uuid:5e205780-02d9-4c93-9f81-59b53d2c4e2e,2512111014,uuid:5e205780-02d9-4c93-9f81-59b53d2c4e2e,NA,NA,NA,NA,NA,NA,NA,NA,NA,NA
87118,S0403190262,OROMIA,Baalee Bahaa,sawweenaa,gaalee,Rural,"12/15/2025, 7:00:39 PM","12/15/2025, 11:41:52 AM","12/15/2025, 6:59:26 PM",12/15/2025,8e28ba7f870e07da,1,T22002,NA,male,6,0,0,0,0,0,1,0,0,0,2,0,1,0,0,NA,3,NA,5,NA,0,NA,2010,2016,3,1,5,3,4,0,0,0,1,0,0,0,NA,4,NA,2,0,1,0,0,0,0,0,NA,1,1 3,1,0,1,0,0,0,NA,3 4,0,0,1,1,0,0,0,0,0,0,NA,2 4,0,1,0,1,0,0,0,0,0,0,NA,1 4,1,0,0,1,0,0,0,0,0,0,NA,4,2,3,1,1,2,2,1,3,0,0,1,0,0,0,0,0,0,0,0,0,0,NA,0,2,NA,4 5,0,0,0,1,1,0,0,0,0,0,0,0,0,NA,4,4,3,1,4,4,2,3,3,2,4,4,2,4,2,1,3,3,1,2,0,1,0,0,0,0,0,0,NA,2,2,2,2,2,1,1,1,1,1,1,3,NA,2,1,1,1,1,2,0,1,0,0,0,NA,3,NA,1,0,0,1,0,1,1,1,1,1,0,NA,4,4,1,4,1,4,1,3,1,3,3,1,2,1,1,3,3,3,3 8,0,0,1,0,0,0,0,1,0,0,0,1,4,1,4,1,1,4,2,1,1,6,4,3,4,3,3,4,4,3,2,2,2,2 4,0,1,0,1,0,0,0,NA,1,2,3,3,2,3,2,1,1,None,2 3,0,1,1,0,0,0,0,0,0,NA,29,NA,14822,None,uuid:71c9ed01-0f2b-44a1-ac68-e528f40f5fe3,2512111014,uuid:71c9ed01-0f2b-44a1-ac68-e528f40f5fe3,NA,NA,NA,NA,NA,NA,NA,NA,NA,NA
87118,S0403190262,OROMIA,Baalee Bahaa,sawweenaa,gaalee,Rural,"12/15/2025, 7:04:28 PM","12/15/2025, 11:43:24 AM","12/15/2025, 12:42:18 PM",12/15/2025,c7654ba83377bbd9,1,T22003,NA,male,1 2 3,1,1,1,0,0,0,0,0,0,97,0,0,0,1,"Sport, Art",4,NA,5,NA,1,NA,2008,2010,2,1,2,3,3 4,0,0,1,1,0,0,0,NA,2,NA,2,0,1,0,0,0,0,0,NA,1,3,0,0,1,0,0,0,NA,3 4 7,0,0,1,1,0,0,1,0,0,0,NA,2 5,0,1,0,0,1,0,0,0,0,0,NA,2 5,0,1,0,0,1,0,0,0,0,0,NA,2,2,2,2,1,1,1,1,5 6 8,0,0,0,0,1,1,0,1,0,0,0,0,0,NA,4,3,NA,2,0,1,0,0,0,0,0,0,0,0,0,0,0,NA,4,4,4,1,3,4,4,1,3,4,5,5,5,5,4,5,2,1,1,2 5,0,1,0,0,1,0,0,0,NA,2,4,4,4,3,3,3,2,4,3,4,2,NA,4,4,4,4,4,2 3,0,1,1,0,0,NA,5,NA,1,1,1,1,1,1,1,1,1,1,0,NA,4,3,1,1,4,1,1,3,3,2,3,3,3,3,3,3,3,3,1 11,1,0,0,0,0,0,0,0,0,0,1,3,3,1,1,1,1,1,3,2,1,10,1,2,4,4,3,3,4,4,3,4,4,5,0,0,0,0,1,0,0,NA,0,NA,NA,NA,NA,NA,NA,NA,NA,NA,4 7,0,0,0,1,0,0,1,0,0,NA,32,NA,17533,"Sadarkaa barnootaa Fooyyeffachuuf carraan jiraachuu qaba
Meeshaalee tapha ijoolleef mijatu uumuu fkn Kubbaa saaphanaa fi kan miilaa, akkasunas uffata ispoortii
Daree Dabalattaa",uuid:b3ba4a62-9ef7-44db-a157-20c92fdf47da,2512111014,uuid:b3ba4a62-9ef7-44db-a157-20c92fdf47da,NA,NA,NA,NA,NA,NA,NA,NA,NA,NA
87098,S0403190432,OROMIA,Baalee Bahaa,sawweenaa,addeellee,Rural,"12/16/2025, 6:54:00 PM","12/16/2025, 11:00:02 AM","12/16/2025, 6:52:36 PM",12/16/2025,c7654ba83377bbd9,1,T21902,NA,male,6 7 8,0,0,0,0,0,1,1,1,0,2,0,1,0,0,NA,1,NA,2,NA,1,NA,2013,2017,3,1,4,3,3,0,0,1,0,0,0,0,NA,1,NA,2 6,0,1,0,0,0,1,0,NA,1,3,0,0,1,0,0,0,NA,2 3 4,0,1,1,1,0,0,0,0,0,0,NA,2 3,0,1,1,0,0,0,0,0,0,0,NA,2 4,0,1,0,1,0,0,0,0,0,0,NA,4,4,2,2,1,1,2,2,8 9,0,0,0,0,0,0,0,1,1,0,0,0,0,NA,2,4,NA,9,0,0,0,0,0,0,0,0,1,0,0,0,0,NA,3,4,4,3,4,4,4,3,3,4,5,5,4,5,5,5,2,1,1,2 5 97,0,1,0,0,1,0,1,0,Gamtaa maatii barattootaatti dhuhaata,2,4,2,4,3,4,5,2,4,4,1,2,NA,1,3,3,2,3,2 3,0,1,1,0,0,NA,5,NA,0,1,1,0,1,1,1,1,1,1,0,NA,4,3,3,1,4,1,1,3,3,2,3,3,3,3,3,3,1,3,1 11,1,0,0,0,0,0,0,0,0,0,1,1,3,1,3,1,4,1,3,2,1,6,1,4,1,4,4,3,4,4,3,3,4,1 2,1,1,0,0,0,0,0,NA,0,NA,NA,NA,NA,NA,NA,NA,NA,NA,4 8,0,0,0,1,0,0,0,1,0,NA,25,NA,1368,None,uuid:b264cc0a-3d9a-4908-bca2-c0ec866f6db3,2512142209,uuid:b264cc0a-3d9a-4908-bca2-c0ec866f6db3,NA,NA,NA,NA,NA,NA,NA,NA,NA,NA
87098,S0403190432,OROMIA,Baalee Bahaa,sawweenaa,addeellee,Rural,"12/16/2025, 6:54:00 PM","12/16/2025, 10:23:58 AM","12/16/2025, 6:52:19 PM",12/16/2025,c7654ba83377bbd9,1,T21901,NA,male,1,1,0,0,0,0,0,0,0,0,2,0,1,0,0,NA,4,NA,5,NA,1,NA,2001,2004,2,1,6,3,2 3,0,1,1,0,0,0,0,NA,1,NA,2,0,1,0,0,0,0,0,NA,1,2 3,0,1,1,0,0,0,NA,2 5 6,0,1,0,0,1,1,0,0,0,0,NA,2 6,0,1,0,0,0,1,0,0,0,0,NA,2 8,0,1,0,0,0,0,0,1,0,0,NA,4,3,2,1,1,1,1,1,4 5 6 7 8,0,0,0,1,1,1,1,1,0,0,0,0,0,NA,3,3,NA,2,0,1,0,0,0,0,0,0,0,0,0,0,0,NA,3,4,3,3,3,3,4,2,3,3,5,4,4,5,5,5,2,1,1,2 5,0,1,0,0,1,0,0,0,NA,3,4,4,3,3,3,4,4,4,5,5,2,NA,4,4,4,1,3,1 3,1,0,1,0,0,NA,3,NA,0,0,1,1,1,1,1,1,1,1,0,NA,3,3,1,1,4,1,3,1,1,2,1,1,2,1,3,1,3,3,1 5,1,0,0,0,1,0,0,0,0,0,0,3,3,4,4,3,3,3,3,1,1,10,1,4,4,4,4,3,4,4,3,4,4,2 4,0,1,0,1,0,0,0,NA,0,NA,NA,NA,NA,NA,NA,NA,NA,NA,3 4,0,0,1,1,0,0,0,0,0,NA,32,NA,20218,"Leenjiin yeroodhaan kennamuu dhabuu
Meeshaalee baruuf barsiisuu osoo guutamee, fakkenyaaf Kompiitara,Kitaabolee.",uuid:d3b3553d-da4e-4142-bccf-7dac54fee89a,2512142209,uuid:d3b3553d-da4e-4142-bccf-7dac54fee89a,NA,NA,NA,NA,NA,NA,NA,NA,NA,NA
87098,S0403190432,OROMIA,Baalee Bahaa,sawweenaa,addeellee,Rural,"12/16/2025, 7:41:34 PM","12/16/2025, 10:30:26 AM","12/16/2025, 7:40:38 PM",12/16/2025,8e28ba7f870e07da,1,T21903,NA,female,3,0,0,1,0,0,0,0,0,0,1,1,0,0,0,NA,7,NA,5,NA,1,NA,2008,2008,1,0,NA,NA,4,0,0,0,1,0,0,0,NA,4,NA,5,0,0,0,0,1,0,0,NA,1,3,0,0,1,0,0,0,NA,3 4,0,0,1,1,0,0,0,0,0,0,NA,4 6,0,0,0,1,0,1,0,0,0,0,NA,3 4,0,0,1,1,0,0,0,0,0,0,NA,4,3,4,1,2,1,1,2,5,0,0,0,0,1,0,0,0,0,0,0,0,0,NA,3,2,NA,2 5,0,1,0,0,1,0,0,0,0,0,0,0,0,NA,2,2,2,2,2,2,4,4,4,4,5,4,5,5,5,5,3,1,1,2,0,1,0,0,0,0,0,0,NA,3,3,3,1,2,2,2,4,5,4,4,2,NA,1,1,1,1,1,2 4,0,1,0,1,0,NA,3,NA,1,0,0,1,0,1,1,0,1,0,0,NA,2,1,1,1,4,1,4,3,3,3,3,3,3,3,3,3,3,3,10 11,0,0,0,0,0,0,0,0,0,1,1,4,1,4,4,1,4,4,3,3,1,10,1,3,4,2,3,1,4,4,4,4,4,2 4,0,1,0,1,0,0,0,NA,1,3,3,3,1,1,3,2,1,None,1 3,1,0,1,0,0,0,0,0,0,NA,34,NA,17285,"Yemtihaf Etiret,Wuha Matat,",uuid:56a4a727-1f86-4ad5-9c37-d004467ef90e,2512142209,uuid:56a4a727-1f86-4ad5-9c37-d004467ef90e,NA,NA,NA,NA,NA,NA,NA,NA,NA,NA
87655,S0404050192,OROMIA,Booranaa,dirree,fuloo roomsoo,Rural,"12/9/2025, 7:58:49 PM","12/9/2025, 11:32:34 AM","12/9/2025, 7:58:24 PM",12/9/2025,4794b43bebbd3e7c,1,T15601,NA,male,1 2 3 4,1,1,1,1,0,0,0,0,0,2,0,1,0,0,NA,3,NA,3,NA,1,NA,2010,2012,3,0,NA,NA,1,1,0,0,0,0,0,0,NA,1,NA,5 6,0,0,0,0,1,1,0,NA,1,1 3,1,0,1,0,0,0,NA,1 2 3 4 5 6,1,1,1,1,1,1,0,0,0,0,NA,2 6,0,1,0,0,0,1,0,0,0,0,NA,2 5,0,1,0,0,1,0,0,0,0,0,NA,3,3,1,3,3,1,4,1,2 4 8,0,1,0,1,0,0,0,1,0,0,0,0,0,NA,4,2,NA,3 4 5 9,0,0,1,1,1,0,0,0,1,0,0,0,0,NA,4,4,4,3,4,4,4,3,4,4,5,5,4,5,4,5,3,1,1,1 2 5,1,1,0,0,1,0,0,0,NA,4,3,2,2,3,3,4,1,1,4,3,2,NA,2,1,2,2,4,1 2 3 4,1,1,1,1,0,NA,1,NA,0,0,0,0,0,0,0,1,1,0,0,NA,2,2,2,1,4,3,2,3,1,2,3,3,3,3,3,3,3,3,4 5,0,0,0,1,1,0,0,0,0,0,0,2,2,2,3,2,4,3,3,3,1,9,1,4,4,4,4,4,4,4,3,1,4,1 4,1,0,0,1,0,0,0,NA,0,NA,NA,NA,NA,NA,NA,NA,NA,NA,3 4,0,0,1,1,0,0,0,0,0,NA,30,NA,14983,Lack of Tranning,uuid:9680a562-9dfa-4f1a-ae63-af8e07067314,2512040829,uuid:9680a562-9dfa-4f1a-ae63-af8e07067314,NA,NA,NA,NA,NA,NA,NA,NA,NA,NA
87655,S0404050192,OROMIA,Booranaa,dirree,fuloo roomsoo,Rural,"12/9/2025, 7:58:49 PM","12/9/2025, 1:27:13 PM","12/9/2025, 7:57:16 PM",12/9/2025,4794b43bebbd3e7c,1,T15603,NA,female,1 2 3 4 7,1,1,1,1,0,0,1,0,0,97,0,0,0,1,"Civic,General since",3,NA,3,NA,1,NA,2014,2014,1,1,1,3,5,0,0,0,0,1,0,0,NA,1,NA,2 6,0,1,0,0,0,1,0,NA,1,1 2,1,1,0,0,0,0,NA,2 3 4,0,1,1,1,0,0,0,0,0,0,NA,1 4,1,0,0,1,0,0,0,0,0,0,NA,2 6,0,1,0,0,0,1,0,0,0,0,NA,4,4,4,4,4,1,1,1,2 4 8,0,1,0,1,0,0,0,1,0,0,0,0,0,NA,4,2,NA,2 3 9 10,0,1,1,0,0,0,0,0,1,1,0,0,0,NA,3,4,4,2,4,4,4,3,3,4,5,5,3,5,3,5,4,1,1,5,0,0,0,0,1,0,0,0,NA,3,3,3,3,3,4,5,3,1,4,3,2,NA,1,3,2,1,4,1 2 3,1,1,1,0,0,NA,1,NA,0,0,0,0,0,0,1,1,1,0,0,NA,2,1,1,1,4,2,3,3,2,2,3,3,2,2,3,3,3,2,4 8,0,0,0,1,0,0,0,1,0,0,0,3,1,3,3,1,4,3,2,2,1,8,1,3,4,4,3,4,4,3,3,4,3,1 2 4,1,1,0,1,0,0,0,NA,1,3,3,3,2,2,3,3,2,None,4 5,0,0,0,1,1,0,0,0,0,NA,31,NA,14470,No problem,uuid:61f4d7af-bd03-4054-8b3a-d6d46d4beb1e,2512040829,uuid:61f4d7af-bd03-4054-8b3a-d6d46d4beb1e,NA,NA,NA,NA,NA,NA,NA,NA,NA,NA
87655,S0404050192,OROMIA,Booranaa,dirree,fuloo roomsoo,Rural,"12/9/2025, 7:59:45 PM","12/9/2025, 12:13:11 PM","12/9/2025, 7:58:03 PM",12/9/2025,31d542a9aea3f2c5,1,T15602,NA,male,5 7 8,0,0,0,0,1,0,1,1,0,2,0,1,0,0,NA,3,NA,3,NA,1,NA,2013,2017,2,1,2017,2,5,0,0,0,0,1,0,0,NA,1,NA,2 6,0,1,0,0,0,1,0,NA,1,1 3,1,0,1,0,0,0,NA,3 4,0,0,1,1,0,0,0,0,0,0,NA,2 4,0,1,0,1,0,0,0,0,0,0,NA,3 4,0,0,1,1,0,0,0,0,0,0,NA,3,3,2,3,1,1,1,1,2 6 8 11,0,1,0,0,0,1,0,1,0,0,1,0,0,NA,3,2,NA,2 3 5 9 11,0,1,1,0,1,0,0,0,1,0,1,0,0,NA,4,2,4,3,3,4,3,3,2,3,5,3,2,4,5,5,1,1,1,2 5,0,1,0,0,1,0,0,0,NA,3,3,4,3,3,3,4,4,4,4,4,2,NA,4,4,2,2,3,2,0,1,0,0,0,NA,4,NA,0,0,0,1,0,1,1,1,1,0,0,NA,3,3,2,2,3,4,4,1,1,1,1,1,2,2,3,3,1,1,1 2,1,1,0,0,0,0,0,0,0,0,0,2,3,2,3,3,4,1,1,1,4,7,3,2,4,4,4,4,4,4,1,4,4,1 2,1,1,0,0,0,0,0,NA,1,3,3,3,1,1,3,1,1,None,4 5,0,0,0,1,1,0,0,0,0,NA,27,NA,14064,The main challenge I faced as a teacher is the distance of the school from woredas town and infrastructure in school. living in remote area also the other challenge,uuid:8a9738e1-3762-4f00-a6fe-9dd73daa20e3,2512040829,uuid:8a9738e1-3762-4f00-a6fe-9dd73daa20e3,NA,NA,NA,NA,NA,NA,NA,NA,NA,NA
87971,S0404080132,OROMIA,Booranaa,gomolee,tulluu qobboo,Rural,"12/10/2025, 8:22:40 PM","12/10/2025, 12:40:29 PM","12/10/2025, 8:22:22 PM",12/10/2025,4794b43bebbd3e7c,1,T16901,NA,male,5 6 7 8,0,0,0,0,1,1,1,1,0,97,0,0,0,1,General senice and art,1,NA,3,NA,1,NA,2016,2016,1,1,1,3,1 2,1,1,0,0,0,0,0,NA,1,NA,5 6,0,0,0,0,1,1,0,NA,1,1 3,1,0,1,0,0,0,NA,2 3 4 5 6 7,0,1,1,1,1,1,1,0,0,0,NA,6 8,0,0,0,0,0,1,0,1,0,0,NA,2 8,0,1,0,0,0,0,0,1,0,0,NA,4,4,2,3,4,1,1,1,2 4 6 7 9,0,1,0,1,0,1,1,0,1,0,0,0,0,NA,4,2,NA,2 3 4 5 6 9 10,0,1,1,1,1,1,0,0,1,1,0,0,0,NA,3,3,3,3,3,3,4,3,3,4,5,4,4,4,4,4,1,1,1,2 5,0,1,0,0,1,0,0,0,NA,3,3,3,4,3,4,4,1,1,5,4,2,NA,3,3,3,1,4,1 2 4,1,1,0,1,0,NA,2,NA,0,0,0,0,0,1,0,1,1,0,0,NA,3,1,1,1,4,2,1,3,2,2,2,3,2,2,3,3,3,3,8 10,0,0,0,0,0,0,0,1,0,1,0,4,1,4,3,2,4,2,3,3,1,8,1,3,4,4,4,4,4,4,3,4,4,1 2 4,1,1,0,1,0,0,0,NA,1,3,3,3,1,2,2,3,1,None,4 5,0,0,0,1,1,0,0,0,0,NA,24,NA,13400,No problem,uuid:eefb24a4-0310-48c0-a9a8-738508ae1d7b,2512040829,uuid:eefb24a4-0310-48c0-a9a8-738508ae1d7b,NA,NA,NA,NA,NA,NA,NA,NA,NA,NA
87971,S0404080132,OROMIA,Booranaa,gomolee,tulluu qobboo,Rural,"12/10/2025, 8:28:25 PM","12/10/2025, 10:35:11 AM","12/10/2025, 8:22:16 PM",12/10/2025,31d542a9aea3f2c5,1,T16902,NA,male,2 3 4 5 6 8,0,1,1,1,1,1,0,1,0,1,1,0,0,0,NA,3,NA,3,NA,1,NA,2013,2014,2,1,2017,2,5,0,0,0,0,1,0,0,NA,1,NA,5 6,0,0,0,0,1,1,0,NA,1,3,0,0,1,0,0,0,NA,3 4,0,0,1,1,0,0,0,0,0,0,NA,2 3,0,1,1,0,0,0,0,0,0,0,NA,3 4,0,0,1,1,0,0,0,0,0,0,NA,4,4,3,3,2,1,1,1,2 5 11,0,1,0,0,1,0,0,0,0,0,1,0,0,NA,3,2,NA,2 3 9 11,0,1,1,0,0,0,0,0,1,0,1,0,0,NA,4,3,4,3,3,3,3,3,3,3,5,5,4,4,4,4,2,1,1,2 5,0,1,0,0,1,0,0,0,NA,4,4,3,3,3,3,4,4,4,4,4,2,NA,3,3,3,3,3,2 3,0,1,1,0,0,NA,4,NA,0,0,0,1,0,1,1,1,0,0,0,NA,3,3,3,3,4,3,3,3,2,2,3,3,2,2,3,3,3,3,2 9,0,1,0,0,0,0,0,0,1,0,0,2,3,3,3,3,4,1,3,3,4,8,3,1,3,3,3,3,3,4,4,4,4,2 4,0,1,0,1,0,0,0,NA,1,3,3,3,1,1,2,1,1,None,3 4,0,0,1,1,0,0,0,0,0,NA,32,NA,14000,NA,uuid:01bff3fa-6db3-4d5f-8cc8-45de90916924,2512040829,uuid:01bff3fa-6db3-4d5f-8cc8-45de90916924,NA,NA,NA,NA,NA,NA,NA,NA,NA,NA
87971,S0404080132,OROMIA,Booranaa,gomolee,tulluu qobboo,Rural,"12/10/2025, 8:28:26 PM","12/10/2025, 1:42:49 PM","12/10/2025, 8:19:31 PM",12/10/2025,31d542a9aea3f2c5,1,T16903,NA,male,1 2 3 4,1,1,1,1,0,0,0,0,0,2,0,1,0,0,NA,1,NA,3,NA,1,NA,2017,2017,1,0,NA,NA,5,0,0,0,0,1,0,0,NA,1,NA,5 6,0,0,0,0,1,1,0,NA,1,3,0,0,1,0,0,0,NA,3 4,0,0,1,1,0,0,0,0,0,0,NA,2 8,0,1,0,0,0,0,0,1,0,0,NA,2 3,0,1,1,0,0,0,0,0,0,0,NA,3,3,3,3,2,2,1,1,6 9 11,0,0,0,0,0,1,0,0,1,0,1,0,0,NA,2,2,NA,2 3 9 11,0,1,1,0,0,0,0,0,1,0,1,0,0,NA,3,3,3,4,4,4,4,3,4,3,5,4,2,4,5,4,1,1,1,2 5,0,1,0,0,1,0,0,0,NA,4,4,4,4,3,3,5,4,4,5,4,2,NA,4,4,3,3,3,2 3,0,1,1,0,0,NA,5,NA,0,0,0,1,0,1,1,1,0,0,0,NA,3,2,1,3,3,3,3,3,1,3,3,3,2,2,2,3,3,2,2 4,0,1,0,1,0,0,0,0,0,0,0,4,3,3,3,3,3,3,3,1,1,8,3,1,4,3,3,3,4,3,4,3,4,1 2,1,1,0,0,0,0,0,NA,1,3,3,3,1,2,2,1,1,None,3 5,0,0,1,0,1,0,0,0,0,NA,25,NA,11000,NA,uuid:091b644b-b778-4145-b8bd-cd801c5c9339,2512040829,uuid:091b644b-b778-4145-b8bd-cd801c5c9339,NA,NA,NA,NA,NA,NA,NA,NA,NA,NA
88397,S0404120242,OROMIA,Booranaa,taltallee,dibbee gayyaa,Rural,"12/8/2025, 6:38:46 PM","12/8/2025, 12:30:51 PM","12/8/2025, 6:37:41 PM",12/8/2025,4794b43bebbd3e7c,1,T23101,NA,female,1 2 3 4,1,1,1,1,0,0,0,0,0,1 97,1,0,0,1,General since,4,NA,3,NA,1,NA,2006,2006,1,1,1,3,1 2,1,1,0,0,0,0,0,NA,1,NA,5 6,0,0,0,0,1,1,0,NA,1,1 3,1,0,1,0,0,0,NA,2 3 4 5 7,0,1,1,1,1,0,1,0,0,0,NA,2 8,0,1,0,0,0,0,0,1,0,0,NA,2 8,0,1,0,0,0,0,0,1,0,0,NA,3,3,2,3,1,1,1,1,2 7 8 9,0,1,0,0,0,0,1,1,1,0,0,0,0,NA,4,4,NA,3 4 8 9,0,0,1,1,0,0,0,1,1,0,0,0,0,NA,4,3,3,2,3,4,4,3,3,3,5,4,5,5,4,4,3,1,1,5,0,0,0,0,1,0,0,0,NA,3,3,3,2,2,2,4,1,1,3,3,2,NA,2,3,2,2,3,1 2 3 4,1,1,1,1,0,NA,2,NA,0,0,0,0,0,1,1,1,1,0,0,NA,3,2,2,2,4,3,1,3,3,3,3,3,3,3,3,3,3,3,1 4,1,0,0,1,0,0,0,0,0,0,0,2,1,3,2,1,3,2,3,3,1,8,1,4,4,3,3,3,4,4,4,4,4,1 2 4,1,1,0,1,0,0,0,NA,0,NA,NA,NA,NA,NA,NA,NA,NA,NA,5 7,0,0,0,0,1,0,1,0,0,NA,31,NA,14873,No problem,uuid:bad3ac95-3c7e-4448-b29e-5811eca57cc4,2512040829,uuid:bad3ac95-3c7e-4448-b29e-5811eca57cc4,NA,NA,NA,NA,NA,NA,NA,NA,NA,NA
88397,S0404120242,OROMIA,Booranaa,taltallee,dibbee gayyaa,Rural,"12/8/2025, 6:40:13 PM","12/8/2025, 11:31:22 AM","12/8/2025, 6:39:35 PM",12/8/2025,31d542a9aea3f2c5,1,T23102,NA,male,1 2 3 4,1,1,1,1,0,0,0,0,0,1 2,1,1,0,0,NA,1,NA,3,NA,1,NA,2017,2017,1,0,NA,NA,5,0,0,0,0,1,0,0,NA,1,NA,2 6,0,1,0,0,0,1,0,NA,1,1 2 3,1,1,1,0,0,0,NA,4 5 6,0,0,0,1,1,1,0,0,0,0,NA,1 4,1,0,0,1,0,0,0,0,0,0,NA,3 5,0,0,1,0,1,0,0,0,0,0,NA,4,4,2,2,1,2,2,1,6 8 9 11,0,0,0,0,0,1,0,1,1,0,1,0,0,NA,3,2,NA,3 4 5 9,0,0,1,1,1,0,0,0,1,0,0,0,0,NA,4,3,3,3,4,4,3,3,2,4,5,5,4,5,4,4,3,2,1,5,0,0,0,0,1,0,0,0,NA,4,3,3,4,4,3,4,4,4,2,4,2,NA,4,3,3,2,3,2 3,0,1,1,0,0,NA,4,NA,0,0,0,0,0,1,1,1,1,0,0,NA,4,3,2,3,4,4,3,3,3,3,3,3,2,2,2,3,3,3,1 2 3 4 5 6 7 8 9 10,1,1,1,1,1,1,1,1,1,1,0,2,3,2,3,3,4,1,3,3,2,8,3,3,2,4,3,3,4,3,3,3,3,2 4,0,1,0,1,0,0,0,NA,1,3,3,3,2,3,3,3,2,None,2 5,0,1,0,0,1,0,0,0,0,NA,21,NA,12000,"There is no enough teachers in our school,So IAM responsible to teach unmatched unrelated subject.This is the obstacle I faced during my teaching experience.",uuid:ccc484a6-8981-407b-b4e8-a0d7da2822a9,2512040829,uuid:ccc484a6-8981-407b-b4e8-a0d7da2822a9,NA,NA,NA,NA,NA,NA,NA,NA,NA,NA
88397,S0404120242,OROMIA,Booranaa,taltallee,dibbee gayyaa,Rural,"12/8/2025, 6:40:13 PM","12/8/2025, 12:05:35 PM","12/8/2025, 6:39:11 PM",12/8/2025,31d542a9aea3f2c5,1,T23103,NA,male,5 6 7 8,0,0,0,0,1,1,1,1,0,2,0,1,0,0,NA,3,NA,5,NA,1,NA,2009,2014,2,0,NA,NA,5,0,0,0,0,1,0,0,NA,1,NA,2 6,0,1,0,0,0,1,0,NA,1,1 2 3,1,1,1,0,0,0,NA,3 4 7,0,0,1,1,0,0,1,0,0,0,NA,4 5,0,0,0,1,1,0,0,0,0,0,NA,1 4,1,0,0,1,0,0,0,0,0,0,NA,3,4,3,4,1,3,1,1,2 4 11,0,1,0,1,0,0,0,0,0,0,1,0,0,NA,4,2,NA,2 3 4 9 11,0,1,1,1,0,0,0,0,1,0,1,0,0,NA,4,4,3,3,4,3,4,3,3,4,5,5,3,4,5,4,2,2,1,2 5,0,1,0,0,1,0,0,0,NA,3,3,3,4,2,4,4,4,5,4,4,2,NA,4,4,4,4,4,2,0,1,0,0,0,NA,1,NA,0,0,0,0,0,0,0,1,1,0,0,NA,3,3,2,2,4,3,2,1,1,3,3,3,2,2,3,3,3,3,1 10,1,0,0,0,0,0,0,0,0,1,0,2,1,2,2,3,4,1,3,1,1,6,2,2,4,4,3,3,4,4,3,4,4,2 4,0,1,0,1,0,0,0,NA,1,3,3,3,1,3,3,3,1,None,3 4,0,0,1,1,0,0,0,0,0,NA,29,NA,17000,The distance IAM teaching is far from the town and the the challenge I faced during my experience.,uuid:34adf33e-6b74-402d-8723-5832157a8b84,2512040829,uuid:34adf33e-6b74-402d-8723-5832157a8b84,NA,NA,NA,NA,NA,NA,NA,NA,NA,NA
836973,S0405020392,OROMIA,Gujii,adoolaa reeddee,saakarroo,Rural,"12/23/2025, 6:42:39 PM","12/23/2025, 10:27:53 AM","12/23/2025, 6:32:28 PM",12/23/2025,4794b43bebbd3e7c,1,T10901,NA,female,2 3 4 5,0,1,1,1,1,0,0,0,0,1 97,1,0,0,1,"Ogart,General senice",3,NA,3,NA,1,NA,2010,2012,2,1,1,2,2 5,0,1,0,0,1,0,0,NA,2,NA,5 6,0,0,0,0,1,1,0,NA,1,2 3,0,1,1,0,0,0,NA,2 3 4 7,0,1,1,1,0,0,1,0,0,0,NA,2 5,0,1,0,0,1,0,0,0,0,0,NA,2 5,0,1,0,0,1,0,0,0,0,0,NA,4,3,2,4,1,1,1,1,4 5 8 9,0,0,0,1,1,0,0,1,1,0,0,0,0,NA,3,2,NA,3 4 8,0,0,1,1,0,0,0,1,0,0,0,0,0,NA,3,3,3,3,3,3,3,3,3,3,5,3,4,5,4,4,4,3,1,1 2 5,1,1,0,0,1,0,0,0,NA,2,4,4,2,1,4,3,2,1,2,4,2,NA,2,2,2,2,4,2 3,0,1,1,0,0,NA,2,NA,0,0,0,0,1,1,1,1,1,0,0,NA,3,3,1,2,3,2,3,2,2,3,3,2,3,2,2,3,3,3,2 11,0,1,0,0,0,0,0,0,0,0,1,3,3,3,3,1,4,3,2,2,4,9,3,3,4,4,4,4,4,4,3,4,4,1 4,1,0,0,1,0,0,0,NA,0,NA,NA,NA,NA,NA,NA,NA,NA,NA,6 7,0,0,0,0,0,1,1,0,0,NA,29,NA,10600,No comment,uuid:ae8b563b-5372-4730-bc61-47cf21325dd6,2512142209,uuid:ae8b563b-5372-4730-bc61-47cf21325dd6,NA,NA,NA,NA,NA,NA,NA,NA,NA,NA
836973,S0405020392,OROMIA,Gujii,adoolaa reeddee,saakarroo,Rural,"12/23/2025, 6:42:43 PM","12/23/2025, 10:33:11 AM","12/23/2025, 6:32:27 PM",12/23/2025,31d542a9aea3f2c5,1,T10903,NA,male,3 4 5,0,0,1,1,1,0,0,0,0,2,0,1,0,0,NA,2,NA,3,NA,1,NA,2012,2017,5,0,NA,NA,5,0,0,0,0,1,0,0,NA,1,NA,5 6,0,0,0,0,1,1,0,NA,1,1 3,1,0,1,0,0,0,NA,3 4 7,0,0,1,1,0,0,1,0,0,0,NA,3 4,0,0,1,1,0,0,0,0,0,0,NA,2 3,0,1,1,0,0,0,0,0,0,0,NA,4,4,4,4,2,1,1,1,2 5 8 9 11,0,1,0,0,1,0,0,1,1,0,1,0,0,NA,2,2,NA,2 3 5 6 9 10,0,1,1,0,1,1,0,0,1,1,0,0,0,NA,2,3,2,2,3,4,3,2,3,4,5,3,2,5,4,4,3,3,1,5,0,0,0,0,1,0,0,0,NA,3,3,3,3,2,3,2,4,3,4,3,2,NA,2,3,3,3,4,4,0,0,0,1,0,NA,3,NA,0,0,0,1,0,1,1,1,1,0,0,NA,3,3,2,3,4,2,3,3,3,3,3,3,2,2,3,3,3,3,2 4,0,1,0,1,0,0,0,0,0,0,0,2,3,2,3,1,3,3,3,1,1,8,2,3,4,3,3,3,4,3,4,3,3,1 2 4,1,1,0,1,0,0,0,NA,1,3,3,3,1,2,2,1,1,None,3 4,0,0,1,1,0,0,0,0,0,NA,30,NA,9942,NA,uuid:bda7e18d-ab11-4e86-aa45-285ba2c554eb,2512142209,uuid:bda7e18d-ab11-4e86-aa45-285ba2c554eb,NA,NA,NA,NA,NA,NA,NA,NA,NA,NA
836973,S0405020392,OROMIA,Gujii,adoolaa reeddee,saakarroo,Rural,"12/23/2025, 6:42:44 PM","12/23/2025, 11:39:22 AM","12/23/2025, 6:33:43 PM",12/23/2025,31d542a9aea3f2c5,1,T10902,NA,male,5 6 8,0,0,0,0,1,1,0,1,0,1,1,0,0,0,NA,4,NA,3,NA,1,NA,2011,2017,3,0,NA,NA,5,0,0,0,0,1,0,0,NA,1,NA,2 5 6,0,1,0,0,1,1,0,NA,1,3,0,0,1,0,0,0,NA,3 4 7,0,0,1,1,0,0,1,0,0,0,NA,3 4,0,0,1,1,0,0,0,0,0,0,NA,3 4,0,0,1,1,0,0,0,0,0,0,NA,4,4,3,4,1,1,1,1,2 5 6 8 9 11,0,1,0,0,1,1,0,1,1,0,1,0,0,NA,2,2,NA,2 3 4 9,0,1,1,1,0,0,0,0,1,0,0,0,0,NA,4,4,4,2,4,4,4,3,4,4,5,5,4,5,4,4,4,3,1,5,0,0,0,0,1,0,0,0,NA,4,4,3,4,4,4,5,4,4,4,4,2,NA,4,3,3,4,4,2,0,1,0,0,0,NA,3,NA,0,0,0,1,0,1,1,1,1,0,0,NA,2,2,1,2,4,3,3,3,3,3,3,3,3,3,3,3,3,3,1 9,1,0,0,0,0,0,0,0,1,0,0,2,2,4,3,2,3,3,3,3,2,9,2,2,4,3,2,3,4,3,3,4,3,1 2 3,1,1,1,0,0,0,0,NA,1,3,3,3,1,2,1,2,1,None,3 4,0,0,1,1,0,0,0,0,0,NA,32,NA,10600,NA,uuid:f0ab1630-1857-4844-bdf0-29ca1a28dd27,2512142209,uuid:f0ab1630-1857-4844-bdf0-29ca1a28dd27,NA,NA,NA,NA,NA,NA,NA,NA,NA,NA
836920,S0405020412,OROMIA,Gujii,adoolaa reeddee,anfaraaraa uddoo,Rural,"12/24/2025, 8:15:52 PM","12/24/2025, 11:00:41 AM","12/24/2025, 8:00:19 PM",12/24/2025,4794b43bebbd3e7c,1,T10801,NA,female,1 2 3 4 5,1,1,1,1,1,0,0,0,0,97,0,0,0,1,"General senice, Sefu,Geda",6,NA,5,NA,1,NA,2003,2011,3,0,NA,NA,1,1,0,0,0,0,0,0,NA,1,NA,5 6,0,0,0,0,1,1,0,NA,1,1 3,1,0,1,0,0,0,NA,2 4,0,1,0,1,0,0,0,0,0,0,NA,6 8,0,0,0,0,0,1,0,1,0,0,NA,2 5,0,1,0,0,1,0,0,0,0,0,NA,4,4,2,2,1,1,1,1,2 8 9,0,1,0,0,0,0,0,1,1,0,0,0,0,NA,4,2,NA,3 4 5 8 9,0,0,1,1,1,0,0,1,1,0,0,0,0,NA,4,4,4,4,4,4,4,3,3,4,5,5,3,5,3,5,2,1,1,2 4 5,0,1,0,1,1,0,0,0,NA,4,4,4,4,2,4,5,2,2,5,5,2,NA,4,4,4,2,4,2 3 4,0,1,1,1,0,NA,1,NA,0,0,0,1,0,1,0,1,1,0,0,NA,3,3,1,2,4,2,1,3,2,3,3,3,3,3,3,3,3,3,1 8,1,0,0,0,0,0,0,1,0,0,0,2,2,2,2,1,4,2,3,3,1,8,2,4,3,4,4,4,4,4,3,3,4,1 4,1,0,0,1,0,0,0,NA,0,NA,NA,NA,NA,NA,NA,NA,NA,NA,4 7,0,0,0,1,0,0,1,0,0,NA,31,NA,14300,No comment,uuid:ed6e7963-34d1-4f76-b943-aa2549e4b896,2512142209,uuid:ed6e7963-34d1-4f76-b943-aa2549e4b896,NA,NA,NA,NA,NA,NA,NA,NA,NA,NA
836920,S0405020412,OROMIA,Gujii,adoolaa reeddee,anfaraaraa uddoo,Rural,"12/24/2025, 8:26:40 PM","12/24/2025, 10:59:17 AM","12/24/2025, 8:21:19 PM",12/24/2025,31d542a9aea3f2c5,1,T10802,NA,male,4 5 6 7 8,0,0,0,1,1,1,1,1,0,97,0,0,0,1,"Civics, General science,Gada",7,NA,5,NA,1,NA,2000,2017,5,0,NA,NA,1 2,1,1,0,0,0,0,0,NA,1,NA,5 6,0,0,0,0,1,1,0,NA,1,3,0,0,1,0,0,0,NA,3 4 7,0,0,1,1,0,0,1,0,0,0,NA,3 4,0,0,1,1,0,0,0,0,0,0,NA,3 7,0,0,1,0,0,0,1,0,0,0,NA,3,4,1,3,1,1,1,1,2 5 8 11,0,1,0,0,1,0,0,1,0,0,1,0,0,NA,4,2,NA,3 4 9 11,0,0,1,1,0,0,0,0,1,0,1,0,0,NA,3,3,4,3,4,3,4,3,3,4,5,4,4,4,5,4,2,1,1,5,0,0,0,0,1,0,0,0,NA,4,4,4,3,3,3,4,4,3,4,4,2,NA,3,3,2,3,4,2,0,1,0,0,0,NA,4,NA,0,0,0,0,1,1,1,1,1,0,0,NA,2,2,2,3,4,3,2,2,2,1,3,2,2,2,2,1,2,2,2 10,0,1,0,0,0,0,0,0,0,1,0,4,2,4,4,2,4,2,2,3,4,10,3,3,3,4,3,4,4,4,2,4,4,2 4,0,1,0,1,0,0,0,NA,1,3,2,3,1,2,1,1,1,None,7 8,0,0,0,0,0,0,1,1,0,NA,37,NA,16774,No training during when new teaching curriculum released this was what I faced during my teaching path!,uuid:61998401-99b8-40e7-9863-f47c2aa34fc9,2512142209,uuid:61998401-99b8-40e7-9863-f47c2aa34fc9,NA,NA,NA,NA,NA,NA,NA,NA,NA,NA
836920,S0405020412,OROMIA,Gujii,adoolaa reeddee,anfaraaraa uddoo,Rural,"12/24/2025, 8:26:41 PM","12/24/2025, 12:05:15 PM","12/24/2025, 8:22:15 PM",12/24/2025,31d542a9aea3f2c5,1,T10803,NA,male,1 2 6,1,1,0,0,0,1,0,0,0,97,0,0,0,1,Gadaa and safuu,3,NA,3,NA,1,NA,2012,2017,2,0,NA,NA,5,0,0,0,0,1,0,0,NA,1,NA,5 6,0,0,0,0,1,1,0,NA,1,3,0,0,1,0,0,0,NA,3 4 7,0,0,1,1,0,0,1,0,0,0,NA,3 4,0,0,1,1,0,0,0,0,0,0,NA,2 4,0,1,0,1,0,0,0,0,0,0,NA,3,3,1,3,1,1,1,1,2 4 6 8 9,0,1,0,1,0,1,0,1,1,0,0,0,0,NA,4,2,NA,2 3 4 5 9 11,0,1,1,1,1,0,0,0,1,0,1,0,0,NA,4,2,4,3,4,4,4,2,3,4,5,5,3,4,4,3,2,1,1,5,0,0,0,0,1,0,0,0,NA,3,3,3,3,3,2,4,3,3,4,3,2,NA,4,3,3,2,4,2 3,0,1,1,0,0,NA,4,NA,0,0,0,1,1,1,1,1,1,0,0,NA,2,2,2,2,4,3,3,1,1,3,1,1,2,2,2,1,1,3,1 10,1,0,0,0,0,0,0,0,0,1,0,3,3,3,4,3,2,3,3,3,2,5,3,3,4,4,3,3,4,4,4,2,4,1 2 4 97,1,1,0,1,0,0,1,To get married,1,2,3,3,1,2,3,2,1,None,4 7,0,0,0,1,0,0,1,0,0,NA,28,NA,10683,The main challenge I faced was to teach unrelated subjects I learned in college.,uuid:8bb09fde-a8b7-4e8d-a072-0d68a4d3d1e6,2512142209,uuid:8bb09fde-a8b7-4e8d-a072-0d68a4d3d1e6,NA,NA,NA,NA,NA,NA,NA,NA,NA,NA
837217,S0405040212,OROMIA,Boorana Bahaa,b/m/nageellee booranaa,makaanaa iyyasuus,Urban,"12/25/2025, 8:20:28 PM","12/25/2025, 10:14:59 AM","12/25/2025, 8:11:37 PM",12/25/2025,4794b43bebbd3e7c,1,T12001,NA,female,1 2 3 4,1,1,1,1,0,0,0,0,0,1,1,0,0,0,NA,7,NA,5,NA,1,NA,1985,2005,3,1,2,3,5,0,0,0,0,1,0,0,NA,1,NA,2 5,0,1,0,0,1,0,0,NA,1,2 3,0,1,1,0,0,0,NA,1 2 3 7 9,1,1,1,0,0,0,1,0,1,0,NA,2 5,0,1,0,0,1,0,0,0,0,0,NA,4 5,0,0,0,1,1,0,0,0,0,0,NA,4,4,3,4,1,1,1,1,2 8 9,0,1,0,0,0,0,0,1,1,0,0,0,0,NA,1,2,NA,2 4 5 6 9,0,1,0,1,1,1,0,0,1,0,0,0,0,NA,4,3,4,3,4,4,4,3,3,4,5,5,3,5,3,4,2,2,1,5,0,0,0,0,1,0,0,0,NA,4,4,4,2,1,3,1,1,3,5,3,2,NA,3,1,1,1,4,1 2 3,1,1,1,0,0,NA,1,NA,0,0,0,0,0,1,0,0,1,0,0,NA,2,3,3,1,4,2,1,2,2,2,2,2,2,3,3,3,3,3,1 11,1,0,0,0,0,0,0,0,0,0,1,3,1,3,3,2,4,3,2,2,1,7,1,4,1,4,3,3,4,4,4,4,4,5,0,0,0,0,1,0,0,NA,0,NA,NA,NA,NA,NA,NA,NA,NA,NA,3 4,0,0,1,1,0,0,0,0,0,NA,59,NA,21978,No comment,uuid:80b5d8d1-cf17-44b9-8547-4d75a3763d92,2512142209,uuid:80b5d8d1-cf17-44b9-8547-4d75a3763d92,NA,NA,NA,NA,NA,NA,NA,NA,NA,NA
837217,S0405040212,OROMIA,Boorana Bahaa,b/m/nageellee booranaa,makaanaa iyyasuus,Urban,"12/25/2025, 9:23:48 PM","12/25/2025, 10:18:31 AM","12/25/2025, 9:14:14 PM",12/25/2025,31d542a9aea3f2c5,1,T12002,NA,male,4 5,0,0,0,1,1,0,0,0,0,2 97,0,1,0,1,Environmental sciences,7,NA,5,NA,1,NA,2003,2015,5,1,3,3,5,0,0,0,0,1,0,0,NA,1,NA,5 6,0,0,0,0,1,1,0,NA,1,1 2 3,1,1,1,0,0,0,NA,3 4 6,0,0,1,1,0,1,0,0,0,0,NA,3 4,0,0,1,1,0,0,0,0,0,0,NA,3 4,0,0,1,1,0,0,0,0,0,0,NA,4,4,2,4,1,1,1,1,2 3 6 8 11,0,1,1,0,0,1,0,1,0,0,1,0,0,NA,4,2,NA,2 3 4 5 11,0,1,1,1,1,0,0,0,0,0,1,0,0,NA,4,4,4,3,3,4,4,3,4,4,5,4,4,3,4,4,3,3,1,2 5,0,1,0,0,1,0,0,0,NA,4,3,4,3,4,3,4,4,4,4,2,2,NA,2,2,2,3,4,2 4 97,0,1,0,1,1,Asking students background,1,NA,1,0,0,1,1,1,0,1,1,0,0,NA,3,4,1,1,4,2,3,1,3,2,3,3,2,2,2,3,3,3,1 2,1,1,0,0,0,0,0,0,0,0,0,1,3,4,4,2,3,3,3,2,1,9,1,4,1,4,4,2,4,4,3,4,4,1 2 4,1,1,0,1,0,0,0,NA,1,2,3,3,1,2,2,2,1,None,7 8,0,0,0,0,0,0,1,1,0,NA,40,NA,20289,The challenge I was faced during my teachinpath is teaching unrelated subjects learned in colleges.,uuid:3b85c614-6baf-499e-9241-27bdef3926c5,2512142209,uuid:3b85c614-6baf-499e-9241-27bdef3926c5,NA,NA,NA,NA,NA,NA,NA,NA,NA,NA
837217,S0405040212,OROMIA,Boorana Bahaa,b/m/nageellee booranaa,makaanaa iyyasuus,Urban,"12/25/2025, 9:23:52 PM","12/25/2025, 11:30:45 AM","12/25/2025, 9:12:29 PM",12/25/2025,31d542a9aea3f2c5,1,T12003,NA,male,6 7,0,0,0,0,0,1,1,0,0,2,0,1,0,0,NA,5,NA,5,NA,1,NA,2001,2015,6,1,2,3,5,0,0,0,0,1,0,0,NA,1,NA,2 5 6,0,1,0,0,1,1,0,NA,1,3,0,0,1,0,0,0,NA,2 3 4 5 6,0,1,1,1,1,1,0,0,0,0,NA,3 4,0,0,1,1,0,0,0,0,0,0,NA,3 4,0,0,1,1,0,0,0,0,0,0,NA,4,3,4,4,1,1,1,1,2 3 4 6 8 11,0,1,1,1,0,1,0,1,0,0,1,0,0,NA,2,2,NA,2 3 4 5 9 11,0,1,1,1,1,0,0,0,1,0,1,0,0,NA,4,4,4,3,4,3,4,3,3,3,5,4,2,3,4,4,3,2,1,2 5,0,1,0,0,1,0,0,0,NA,4,3,4,3,3,3,3,4,3,4,3,2,NA,3,4,2,3,4,2,0,1,0,0,0,NA,1,NA,0,0,0,1,1,1,1,1,1,1,0,NA,2,2,1,2,4,2,2,3,2,3,3,3,2,2,2,3,3,1,1 2,1,1,0,0,0,0,0,0,0,0,0,2,3,3,4,1,3,2,2,3,1,8,3,4,2,4,4,3,3,4,4,4,4,2 4 97,0,1,0,1,0,0,1,Having own home,1,2,3,3,1,2,2,1,1,None,3 7,0,0,1,0,0,0,1,0,0,NA,36,NA,20187,I have faced many challenges from students parent to include in learning and teaching processes.,uuid:449477a7-be8b-4cf9-8603-240c7cf42d9f,2512142209,uuid:449477a7-be8b-4cf9-8603-240c7cf42d9f,NA,NA,NA,NA,NA,NA,NA,NA,NA,NA
837439,S0405080352,OROMIA,Gujii,daamaa,aanolee soodduu,Rural,"12/22/2025, 6:22:08 PM","12/22/2025, 12:13:54 PM","12/22/2025, 6:16:28 PM",12/22/2025,4794b43bebbd3e7c,1,T14401,NA,female,1 2 3 4 5,1,1,1,1,1,0,0,0,0,2 97,0,1,0,1,"General senice ,Sefu,Ogar",3,NA,3,NA,1,NA,2012,2012,1,0,NA,NA,1 2,1,1,0,0,0,0,0,NA,1,NA,6,0,0,0,0,0,1,0,NA,1,1 2 3,1,1,1,0,0,0,NA,3 4 5 7,0,0,1,1,1,0,1,0,0,0,NA,2 5,0,1,0,0,1,0,0,0,0,0,NA,4 5,0,0,0,1,1,0,0,0,0,0,NA,4,4,4,4,4,1,1,1,6 7 8,0,0,0,0,0,1,1,1,0,0,0,0,0,NA,4,2,NA,3 5 8 9,0,0,1,0,1,0,0,1,1,0,0,0,0,NA,3,3,4,3,3,4,4,3,3,4,5,5,4,5,4,5,2,2,1,2 5,0,1,0,0,1,0,0,0,NA,4,4,4,3,1,4,4,4,2,5,5,2,NA,4,3,1,1,4,2,0,1,0,0,0,NA,2,NA,0,0,0,0,0,0,0,1,1,0,0,NA,2,2,1,1,4,4,2,3,3,3,3,3,3,3,3,3,3,3,9 11,0,0,0,0,0,0,0,0,1,0,1,2,1,2,2,1,4,1,3,3,1,9,1,4,4,4,4,3,4,4,4,4,4,1 4,1,0,0,1,0,0,0,NA,0,NA,NA,NA,NA,NA,NA,NA,NA,NA,2 3,0,1,1,0,0,0,0,0,0,NA,26,NA,10600,No comment,uuid:3c72351f-f9a6-4e50-802b-29a2255689e1,2512142209,uuid:3c72351f-f9a6-4e50-802b-29a2255689e1,NA,NA,NA,NA,NA,NA,NA,NA,NA,NA
837439,S0405080352,OROMIA,Gujii,daamaa,aanolee soodduu,Rural,"12/22/2025, 6:26:22 PM","12/22/2025, 12:05:51 PM","12/22/2025, 6:25:04 PM",12/22/2025,31d542a9aea3f2c5,1,T14402,NA,male,3 5 7 8,0,0,1,0,1,0,1,1,0,1,1,0,0,0,NA,7,NA,5,NA,1,NA,1995,2007,6,1,2017,3,5,0,0,0,0,1,0,0,NA,1,NA,2 6,0,1,0,0,0,1,0,NA,1,3,0,0,1,0,0,0,NA,3 4 5,0,0,1,1,1,0,0,0,0,0,NA,3 4,0,0,1,1,0,0,0,0,0,0,NA,2 3,0,1,1,0,0,0,0,0,0,0,NA,4,3,4,3,1,1,1,1,2 5 8 9 11,0,1,0,0,1,0,0,1,1,0,1,0,0,NA,4,2,NA,1 2 3 8 9 10 11,1,1,1,0,0,0,0,1,1,1,1,0,0,NA,4,3,3,4,3,3,4,3,3,4,5,5,3,4,5,4,3,1,1,5,0,0,0,0,1,0,0,0,NA,3,4,3,3,3,4,4,4,4,4,4,2,NA,4,3,3,4,3,2 3,0,1,1,0,0,NA,2,NA,0,0,0,1,1,1,1,1,1,0,0,NA,2,2,1,4,3,3,3,3,3,1,3,3,2,2,2,3,3,3,1 9,1,0,0,0,0,0,0,0,1,0,0,4,2,3,3,2,1,3,3,1,1,8,2,3,1,4,4,3,4,3,3,4,4,1 2,1,1,0,0,0,0,0,NA,1,2,3,3,1,2,2,2,1,Distance from town to upgrade the professional,3 4,0,0,1,1,0,0,0,0,0,NA,42,NA,15025,NA,uuid:313b2429-456d-48c0-8011-d276b76b0523,2512142209,uuid:313b2429-456d-48c0-8011-d276b76b0523,NA,NA,NA,NA,NA,NA,NA,NA,NA,NA
837439,S0405080352,OROMIA,Gujii,daamaa,aanolee soodduu,Rural,"12/22/2025, 6:26:23 PM","12/22/2025, 12:59:27 PM","12/22/2025, 6:25:28 PM",12/22/2025,31d542a9aea3f2c5,1,T14403,NA,male,1 2 3 4 5 6 7 8,1,1,1,1,1,1,1,1,0,1,1,0,0,0,NA,6,NA,5,NA,1,NA,2000,2002,3,1,1,3,5,0,0,0,0,1,0,0,NA,1,NA,2 5,0,1,0,0,1,0,0,NA,1,3,0,0,1,0,0,0,NA,3 4 5 7,0,0,1,1,1,0,1,0,0,0,NA,2 5,0,1,0,0,1,0,0,0,0,0,NA,2 4,0,1,0,1,0,0,0,0,0,0,NA,3,3,2,4,1,1,1,1,2 3 5 7 8 11,0,1,1,0,1,0,1,1,0,0,1,0,0,NA,3,2,NA,1 2 3 4 5 9 11,1,1,1,1,1,0,0,0,1,0,1,0,0,NA,3,4,4,3,4,4,3,2,3,3,5,4,2,4,4,4,3,1,1,2 5,0,1,0,0,1,0,0,0,NA,3,3,3,3,2,3,4,4,3,4,3,2,NA,4,4,3,2,4,2 3 4,0,1,1,1,0,NA,3,NA,1,1,0,1,1,1,1,1,1,0,0,NA,3,4,2,2,4,4,3,1,1,1,3,3,2,2,2,3,3,3,2 9,0,1,0,0,0,0,0,0,1,0,0,2,3,2,3,3,3,3,1,1,1,7,3,4,1,4,3,3,4,4,2,3,3,2 4,0,1,0,1,0,0,0,NA,1,2,2,3,1,2,2,1,1,None,4 7,0,0,0,1,0,0,1,0,0,NA,50,NA,14300,NA,uuid:266babbe-483b-4b5d-a51f-fe511755fd80,2512142209,uuid:266babbe-483b-4b5d-a51f-fe511755fd80,NA,NA,NA,NA,NA,NA,NA,NA,NA,NA
837559,S0405090322,OROMIA,Gujii,girjaa,guraa qorkee,Rural,"12/27/2025, 10:48:17 AM","12/26/2025, 2:23:38 PM","12/26/2025, 8:06:36 PM",12/26/2025,4794b43bebbd3e7c,1,T30101,NA,female,1 2 3 4,1,1,1,1,0,0,0,0,0,2 97,0,1,0,1,"Ogart,sport",4,NA,3,NA,1,NA,2009,2012,2,0,NA,NA,1 5,1,0,0,0,1,0,0,NA,2,NA,2 6,0,1,0,0,0,1,0,NA,1,1 3,1,0,1,0,0,0,NA,2 5 7,0,1,0,0,1,0,1,0,0,0,NA,2 8,0,1,0,0,0,0,0,1,0,0,NA,2 5,0,1,0,0,1,0,0,0,0,0,NA,4,4,1,4,1,1,1,1,2 6 7 8,0,1,0,0,0,1,1,1,0,0,0,0,0,NA,4,2,NA,3 4 5 8 9,0,0,1,1,1,0,0,1,1,0,0,0,0,NA,4,3,4,3,4,4,4,3,3,3,5,5,3,4,4,3,2,2,1,2 5,0,1,0,0,1,0,0,0,NA,4,3,3,3,2,3,4,3,2,5,4,2,NA,3,3,3,2,4,1 3,1,0,1,0,0,NA,3,NA,0,0,0,1,0,1,0,1,1,0,0,NA,3,3,3,2,4,2,2,3,3,2,3,3,3,3,3,3,3,3,1 4,1,0,0,1,0,0,0,0,0,0,0,2,2,2,2,2,3,3,3,3,1,6,2,3,4,4,3,4,4,4,3,4,4,1 4,1,0,0,1,0,0,0,NA,0,NA,NA,NA,NA,NA,NA,NA,NA,NA,4 7,0,0,0,1,0,0,1,0,0,NA,31,NA,13600,No comment,uuid:f9f21f58-32ad-4f40-abe9-7e52e3aef2f5,2512142209,uuid:f9f21f58-32ad-4f40-abe9-7e52e3aef2f5,NA,NA,NA,NA,NA,NA,NA,NA,NA,NA
837559,S0405090322,OROMIA,Gujii,girjaa,guraa qorkee,Rural,"12/27/2025, 10:48:22 AM","12/26/2025, 3:48:21 PM","12/26/2025, 8:07:47 PM",12/26/2025,4794b43bebbd3e7c,1,T30102,NA,female,1 2 3 4,1,1,1,1,0,0,0,0,0,97,0,0,0,1,"Sefu,Ogert,sport",3,NA,3,NA,1,NA,2009,2010,2,0,NA,NA,1 5,1,0,0,0,1,0,0,NA,2,NA,5 6,0,0,0,0,1,1,0,NA,1,1,1,0,0,0,0,0,NA,2 3 4,0,1,1,1,0,0,0,0,0,0,NA,2 6,0,1,0,0,0,1,0,0,0,0,NA,2 8,0,1,0,0,0,0,0,1,0,0,NA,3,4,2,3,4,1,1,1,2 7 8,0,1,0,0,0,0,1,1,0,0,0,0,0,NA,4,2,NA,3 5 6 10,0,0,1,0,1,1,0,0,0,1,0,0,0,NA,4,3,3,3,4,3,3,3,3,3,5,5,3,5,3,4,3,2,1,2 5,0,1,0,0,1,0,0,0,NA,3,2,2,3,1,1,3,3,1,3,3,2,NA,3,3,3,2,4,1 2 3,1,1,1,0,0,NA,2,NA,0,0,0,1,1,1,1,1,1,0,0,NA,3,3,1,2,4,2,3,3,1,2,3,1,2,3,3,3,3,3,1 4,1,0,0,1,0,0,0,0,0,0,0,2,2,2,2,2,3,3,3,3,1,8,2,3,4,4,3,4,3,4,3,4,4,1 2 4,1,1,0,1,0,0,0,NA,0,NA,NA,NA,NA,NA,NA,NA,NA,NA,3 5,0,0,1,0,1,0,0,0,0,NA,29,NA,14694,Lack of Transportion of Wareda abut to school and high cost of Transportion.,uuid:2bb711e7-6adb-4770-b3f9-26ca6fdf0f11,2512142209,uuid:2bb711e7-6adb-4770-b3f9-26ca6fdf0f11,NA,NA,NA,NA,NA,NA,NA,NA,NA,NA
837559,S0405090322,OROMIA,Gujii,girjaa,guraa qorkee,Rural,"12/27/2025, 11:14:08 AM","12/26/2025, 12:42:46 PM","12/26/2025, 9:10:59 PM",12/26/2025,31d542a9aea3f2c5,1,T30103,NA,male,5 6 7 8,0,0,0,0,1,1,1,1,0,97,0,0,0,1,"General science,safuu",3,NA,3,NA,1,NA,2009,2012,2,0,NA,NA,5,0,0,0,0,1,0,0,NA,1,NA,2 5 6,0,1,0,0,1,1,0,NA,1,3,0,0,1,0,0,0,NA,3 5 6 7,0,0,1,0,1,1,1,0,0,0,NA,4 5,0,0,0,1,1,0,0,0,0,0,NA,4 7,0,0,0,1,0,0,1,0,0,0,NA,3,3,2,2,1,1,1,1,2 4 6 7 8 9,0,1,0,1,0,1,1,1,1,0,0,0,0,NA,3,2,NA,3 4 5 9 11,0,0,1,1,1,0,0,0,1,0,1,0,0,NA,3,3,3,4,4,4,3,3,3,4,5,5,3,5,4,4,3,1,1,5,0,0,0,0,1,0,0,0,NA,4,2,2,3,4,3,2,2,3,2,3,2,NA,3,4,3,4,4,2,0,1,0,0,0,NA,1,NA,0,0,0,1,1,1,1,1,1,0,0,NA,4,3,2,2,4,3,3,3,3,3,3,3,2,2,3,3,3,3,3 4,0,0,1,1,0,0,0,0,0,0,0,3,1,3,3,4,4,2,3,3,1,6,3,2,4,4,4,4,4,4,2,4,4,1 2,1,1,0,0,0,0,0,NA,1,2,2,3,1,2,2,1,1,Distance from town to obtain new qualification,3 6,0,0,1,0,0,1,0,0,0,NA,32,NA,14694,I faced many challenges as a teacher in remote area to obtain new qualification,uuid:ad5fdfef-5966-4f44-93d2-beaebacbb2c4,2512142209,uuid:ad5fdfef-5966-4f44-93d2-beaebacbb2c4,NA,NA,NA,NA,NA,NA,NA,NA,NA,NA
93262,S0406060122,OROMIA,Harargee Bahaa,baddannoo,tortoraa qal'aa,Rural,"12/30/2025, 6:23:07 PM","12/30/2025, 2:54:55 PM","12/30/2025, 3:16:55 PM",12/30/2025,b069b6a079b16d18,1,T24501,NA,male,7 8,0,0,0,0,0,0,1,1,0,1,1,0,0,0,NA,3,NA,3,NA,1,NA,2011,2015,3,1,1,3,1 2,1,1,0,0,0,0,0,NA,2,NA,6,0,0,0,0,0,1,0,NA,1,3,0,0,1,0,0,0,NA,3 4,0,0,1,1,0,0,0,0,0,0,NA,1 4,1,0,0,1,0,0,0,0,0,0,NA,3 5,0,0,1,0,1,0,0,0,0,0,NA,3,3,3,3,1,1,1,1,4 5 6,0,0,0,1,1,1,0,0,0,0,0,0,0,NA,4,2,NA,2 4 5 8 9,0,1,0,1,1,0,0,1,1,0,0,0,0,NA,4,4,4,4,4,4,4,3,3,4,5,5,5,5,3,5,1,2,1,1 2,1,1,0,0,0,0,0,0,NA,3,4,3,3,4,3,3,3,3,4,3,5,NA,3,3,3,3,1,2 4,0,1,0,1,0,NA,1,NA,1,0,0,1,0,0,0,1,1,0,0,NA,4,4,1,3,4,2,2,3,2,3,2,3,2,3,3,2,2,2,2 6,0,1,0,0,0,1,0,0,0,0,0,1,1,2,1,1,4,4,3,3,2,7,3,4,4,4,4,1,4,4,4,4,4,2 4,0,1,0,1,0,0,0,NA,0,NA,NA,NA,NA,NA,NA,NA,NA,NA,4,0,0,0,1,0,0,0,0,0,NA,26,NA,10300,NA,uuid:11faa54e-6e9f-469b-8b8c-b80f2f4607e1,2512142209,uuid:11faa54e-6e9f-469b-8b8c-b80f2f4607e1,NA,NA,NA,NA,NA,NA,NA,NA,NA,NA
93262,S0406060122,OROMIA,Harargee Bahaa,baddannoo,tortoraa qal'aa,Rural,"12/31/2025, 11:26:34 AM","12/30/2025, 3:17:02 PM","12/31/2025, 11:13:27 AM",12/30/2025,b069b6a079b16d18,1,T24502,NA,male,5 6 7,0,0,0,0,1,1,1,0,0,97,0,0,0,1,ሳይንስ,3,NA,3,NA,1,NA,2009,2016,5,0,NA,NA,1 2,1,1,0,0,0,0,0,NA,3,NA,5 6,0,0,0,0,1,1,0,NA,1,3,0,0,1,0,0,0,NA,1 3 5,1,0,1,0,1,0,0,0,0,0,NA,3 4,0,0,1,1,0,0,0,0,0,0,NA,2 5,0,1,0,0,1,0,0,0,0,0,NA,4,4,4,3,1,1,1,1,5 6,0,0,0,0,1,1,0,0,0,0,0,0,0,NA,4,2,NA,2 4 5,0,1,0,1,1,0,0,0,0,0,0,0,0,NA,4,4,4,4,4,4,4,4,4,4,5,5,5,5,4,5,2,2,2,1 2,1,1,0,0,0,0,0,0,NA,3,3,3,3,4,3,4,4,4,4,3,4,NA,2,2,2,3,2,1 2,1,1,0,0,0,NA,1,NA,1,1,0,1,1,1,1,1,1,1,0,NA,3,3,4,4,4,4,3,1,2,1,3,3,2,3,3,3,3,3,2 11,0,1,0,0,0,0,0,0,0,0,1,3,3,3,4,1,3,3,3,3,1,7,4,3,4,4,4,1,4,4,4,4,4,2 4,0,1,0,1,0,0,0,NA,0,NA,NA,NA,NA,NA,NA,NA,NA,NA,5 7,0,0,0,0,1,0,1,0,0,NA,26,NA,10300,NA,uuid:19f3ef31-faba-4b2e-91f2-aa661b6e43c5,2512142209,uuid:19f3ef31-faba-4b2e-91f2-aa661b6e43c5,NA,NA,NA,NA,NA,NA,NA,NA,NA,NA
93262,S0406060122,OROMIA,Harargee Bahaa,baddannoo,tortoraa qal'aa,Rural,"12/31/2025, 11:26:35 AM","12/30/2025, 3:42:10 PM","12/31/2025, 11:15:04 AM",12/30/2025,b069b6a079b16d18,1,T24504,NA,female,2 3,0,1,1,0,0,0,0,0,0,1,1,0,0,0,NA,3,NA,3,NA,1,NA,2012,2016,3,1,1,3,1 2,1,1,0,0,0,0,0,NA,3,NA,5 6,0,0,0,0,1,1,0,NA,1,3,0,0,1,0,0,0,NA,1 4 5,1,0,0,1,1,0,0,0,0,0,NA,2 4,0,1,0,1,0,0,0,0,0,0,NA,2 8,0,1,0,0,0,0,0,1,0,0,NA,3,2,3,1,1,1,1,1,8,0,0,0,0,0,0,0,1,0,0,0,0,0,NA,3,2,NA,2 3 4,0,1,1,1,0,0,0,0,0,0,0,0,0,NA,3,4,4,4,4,4,4,4,4,4,4,5,4,5,3,4,1,1,1,1 2,1,1,0,0,0,0,0,0,NA,4,4,4,4,4,4,5,5,5,5,5,4,NA,4,4,4,4,4,2,0,1,0,0,0,NA,1,NA,0,0,0,1,0,1,0,1,0,0,0,NA,4,3,1,3,4,4,3,3,2,2,2,3,2,2,2,3,3,3,3 4,0,0,1,1,0,0,0,0,0,0,0,4,4,4,4,4,4,4,3,1,2,8,4,4,2,3,4,2,4,4,4,4,4,4,0,0,0,1,0,0,0,NA,0,NA,NA,NA,NA,NA,NA,NA,NA,NA,4 7,0,0,0,1,0,0,1,0,0,NA,27,NA,10000,የለም,uuid:d361e7cf-5852-45a0-8d50-0e2e63bc3520,2512142209,uuid:d361e7cf-5852-45a0-8d50-0e2e63bc3520,NA,NA,NA,NA,NA,NA,NA,NA,NA,NA
93432,S0406080182,OROMIA,Harargee Bahaa,dadar,habruu gabaa,Rural,"12/12/2025, 7:06:21 PM","12/12/2025, 8:50:28 AM","12/12/2025, 7:04:49 PM",12/12/2025,be457e329562a140,1,T14801,NA,male,6 7 8,0,0,0,0,0,1,1,1,0,1 97,1,0,0,1,Hawaasa,6,NA,2,NA,1,NA,2009,2009,1,1,3,3,1,1,0,0,0,0,0,0,NA,1,NA,6,0,0,0,0,0,1,0,NA,1,3,0,0,1,0,0,0,NA,2 3 4,0,1,1,1,0,0,0,0,0,0,NA,2 5,0,1,0,0,1,0,0,0,0,0,NA,2 5,0,1,0,0,1,0,0,0,0,0,NA,2,4,2,2,4,1,1,1,8 9,0,0,0,0,0,0,0,1,1,0,0,0,0,NA,2,2,NA,3 4 9,0,0,1,1,0,0,0,0,1,0,0,0,0,NA,3,3,3,3,4,4,4,3,3,4,3,5,3,5,5,3,2,1,1,2 5,0,1,0,0,1,0,0,0,NA,2,4,4,2,2,3,5,1,3,4,4,4,NA,4,4,4,2,3,2 4,0,1,0,1,0,NA,3,NA,0,0,0,0,0,1,0,1,1,0,0,NA,3,1,1,1,4,3,1,3,3,3,3,2,2,2,2,3,3,1,1 8,1,0,0,0,0,0,0,1,0,0,0,3,2,3,3,3,3,3,3,3,1,9,3,3,4,4,3,1,4,4,3,4,4,2,0,1,0,0,0,0,0,NA,0,NA,NA,NA,NA,NA,NA,NA,NA,NA,4 6,0,0,0,1,0,1,0,0,0,NA,36,NA,11271,None,uuid:5ce62549-ed9b-4813-97bb-b1a77be48ce6,2512111014,uuid:5ce62549-ed9b-4813-97bb-b1a77be48ce6,NA,NA,NA,NA,NA,NA,NA,NA,NA,NA
93432,S0406080182,OROMIA,Harargee Bahaa,dadar,habruu gabaa,Rural,"12/12/2025, 9:09:35 PM","12/12/2025, 9:15:28 AM","12/12/2025, 9:23:03 PM",12/12/2025,260fdb5d4cc800d3,1,T14802,NA,female,1 2 3 4,1,1,1,1,0,0,0,0,0,97,0,0,0,1,Saayinsi and gadaa subject,3,NA,2,NA,1,NA,2008,2014,2,0,NA,NA,1,1,0,0,0,0,0,0,NA,1,NA,6,0,0,0,0,0,1,0,NA,1,1 3 5,1,0,1,0,1,0,NA,2 3 4,0,1,1,1,0,0,0,0,0,0,NA,2 4,0,1,0,1,0,0,0,0,0,0,NA,4 5,0,0,0,1,1,0,0,0,0,0,NA,1,3,3,3,3,3,3,3,7 8,0,0,0,0,0,0,1,1,0,0,0,0,0,NA,1,2,NA,9 10,0,0,0,0,0,0,0,0,1,1,0,0,0,NA,4,3,4,3,4,4,4,1,1,4,5,5,5,5,5,5,1,1,1,2 5,0,1,0,0,1,0,0,0,NA,3,2,2,3,2,3,3,1,3,4,2,4,NA,2,2,1,1,4,1 2 3,1,1,1,0,0,NA,3,NA,1,0,0,0,0,1,0,1,1,0,0,NA,1,3,1,1,4,2,1,3,3,3,3,3,3,3,3,3,3,3,1 3,1,0,1,0,0,0,0,0,0,0,0,1,3,3,1,3,4,1,3,3,1,10,1,3,4,4,4,2,4,4,4,4,4,2,0,1,0,0,0,0,0,NA,1,1,3,3,3,3,3,3,1,No,3,0,0,1,0,0,0,0,0,0,NA,28,NA,9000,Rakkoo maatii,uuid:a10849bf-5c65-4add-b755-e755c978fdec,2512111014,uuid:a10849bf-5c65-4add-b755-e755c978fdec,NA,NA,NA,NA,NA,NA,NA,NA,NA,NA
93432,S0406080182,OROMIA,Harargee Bahaa,dadar,habruu gabaa,Rural,"12/12/2025, 9:09:36 PM","12/12/2025, 9:57:12 AM","12/12/2025, 9:22:38 PM",12/12/2025,260fdb5d4cc800d3,1,T14803,NA,female,1 2,1,1,0,0,0,0,0,0,0,97,0,0,0,1,Saayinsii naanoo,3,NA,2,NA,1,NA,2010,2014,2,0,NA,NA,2,0,1,0,0,0,0,0,NA,1,NA,6,0,0,0,0,0,1,0,NA,1,1 3,1,0,1,0,0,0,NA,1 2 3 4,1,1,1,1,0,0,0,0,0,0,NA,2 4,0,1,0,1,0,0,0,0,0,0,NA,4 5,0,0,0,1,1,0,0,0,0,0,NA,3,3,3,3,3,3,3,1,8 9,0,0,0,0,0,0,0,1,1,0,0,0,0,NA,3,2,NA,3,0,0,1,0,0,0,0,0,0,0,0,0,0,NA,4,4,4,3,4,4,4,3,3,4,5,5,4,4,4,4,1,1,1,2 5,0,1,0,0,1,0,0,0,NA,3,3,2,3,3,3,4,1,3,4,4,4,NA,3,3,3,1,4,1 2 3 4,1,1,1,1,0,NA,2,NA,1,0,0,1,1,1,1,1,1,0,0,NA,3,3,1,2,4,3,1,3,3,3,3,3,3,3,3,3,3,3,2 4,0,1,0,1,0,0,0,0,0,0,0,3,2,2,3,1,4,3,3,3,2,10,1,3,4,4,4,4,4,4,4,4,4,1,1,0,0,0,0,0,0,NA,1,1,3,3,1,2,1,1,1,No,6,0,0,0,0,0,1,0,0,0,NA,30,NA,10500,Distance from urban to school area,uuid:e18e5162-1d0d-481d-9db3-81886c7824a0,2512111014,uuid:e18e5162-1d0d-481d-9db3-81886c7824a0,NA,NA,NA,NA,NA,NA,NA,NA,NA,NA
93452,S0406080242,OROMIA,Harargee Bahaa,dadar,laga gabaa,Rural,"12/16/2025, 4:54:44 PM","12/16/2025, 12:11:51 PM","12/16/2025, 4:53:39 PM",12/16/2025,be457e329562a140,1,T34901,NA,female,1 2 3 4,1,1,1,1,0,0,0,0,0,1 97,1,0,0,1,Saafuu fi ogarti,3,NA,2,NA,1,NA,2010,2016,2,1,1,3,1,1,0,0,0,0,0,0,NA,1,NA,6,0,0,0,0,0,1,0,NA,1,1,1,0,0,0,0,0,NA,2 3 4,0,1,1,1,0,0,0,0,0,0,NA,2 5,0,1,0,0,1,0,0,0,0,0,NA,2 4,0,1,0,1,0,0,0,0,0,0,NA,3,2,2,2,1,2,1,4,2 4,0,1,0,1,0,0,0,0,0,0,0,0,0,NA,2,4,NA,5 9 10,0,0,0,0,1,0,0,0,1,1,0,0,0,NA,4,3,3,3,4,4,4,3,3,4,5,5,4,5,5,5,2,1,1,2 5,0,1,0,0,1,0,0,0,NA,3,2,2,4,2,4,3,1,3,5,3,4,NA,3,4,3,1,3,2 3,0,1,1,0,0,NA,4,NA,0,0,0,0,0,1,0,1,1,0,0,NA,3,1,3,2,3,2,2,3,3,2,3,3,2,2,3,3,2,3,1 2 6,1,1,0,0,0,1,0,0,0,0,0,3,3,3,4,3,4,3,3,3,1,9,1,3,3,4,4,3,4,4,2,4,4,2,0,1,0,0,0,0,0,NA,0,NA,NA,NA,NA,NA,NA,NA,NA,NA,4 8,0,0,0,1,0,0,0,1,0,NA,28,NA,10500,No,uuid:3e18802f-3a1e-4baf-b8fd-8c7df1e9077b,2512142209,uuid:3e18802f-3a1e-4baf-b8fd-8c7df1e9077b,NA,NA,NA,NA,NA,NA,NA,NA,NA,NA
93452,S0406080242,OROMIA,Harargee Bahaa,dadar,laga gabaa,Rural,"12/17/2025, 8:09:11 AM","12/16/2025, 10:25:19 AM","12/16/2025, 4:49:40 PM",12/16/2025,260fdb5d4cc800d3,1,T34902,NA,male,1 2 3 4,1,1,1,1,0,0,0,0,0,97,0,0,0,1,Barnoota saayinsi fi gadaa,3,NA,2,NA,1,NA,2010,2010,1,0,NA,NA,1 2,1,1,0,0,0,0,0,NA,1,NA,6,0,0,0,0,0,1,0,NA,1,3,0,0,1,0,0,0,NA,1 2 3 4 5,1,1,1,1,1,0,0,0,0,0,NA,2 4,0,1,0,1,0,0,0,0,0,0,NA,4 5,0,0,0,1,1,0,0,0,0,0,NA,3,1,1,2,3,1,3,3,8 9,0,0,0,0,0,0,0,1,1,0,0,0,0,NA,2,4,NA,3,0,0,1,0,0,0,0,0,0,0,0,0,0,NA,4,4,4,4,4,4,4,3,1,4,5,5,2,4,4,5,2,1,1,2 5,0,1,0,0,1,0,0,0,NA,3,2,2,2,2,3,3,1,4,2,3,4,NA,3,2,2,1,4,1 2 3,1,1,1,0,0,NA,4,NA,1,0,0,0,0,1,1,1,1,0,0,NA,3,1,1,1,4,1,1,3,3,3,3,3,3,3,3,3,3,3,1 11,1,0,0,0,0,0,0,0,0,0,1,1,1,1,2,3,4,2,3,3,1,10,1,4,1,4,3,2,4,4,2,4,4,4,0,0,0,1,0,0,0,NA,1,3,3,3,1,3,1,1,1,No,4 5,0,0,0,1,1,0,0,0,0,NA,30,NA,9251,None,uuid:137f051a-e460-4b88-a699-51512db23a70,2512142209,uuid:137f051a-e460-4b88-a699-51512db23a70,NA,NA,NA,NA,NA,NA,NA,NA,NA,NA
93452,S0406080242,OROMIA,Harargee Bahaa,dadar,laga gabaa,Rural,"12/17/2025, 8:09:12 AM","12/16/2025, 11:08:50 AM","12/16/2025, 4:50:03 PM",12/16/2025,260fdb5d4cc800d3,1,T34903,NA,male,5 6 7 8,0,0,0,0,1,1,1,1,0,1,1,0,0,0,NA,3,NA,2,NA,1,NA,2012,2016,2,0,NA,NA,1 2,1,1,0,0,0,0,0,NA,1,NA,6,0,0,0,0,0,1,0,NA,1,3,0,0,1,0,0,0,NA,1 2 3 4 5,1,1,1,1,1,0,0,0,0,0,NA,2 4,0,1,0,1,0,0,0,0,0,0,NA,4 5,0,0,0,1,1,0,0,0,0,0,NA,3,3,2,2,3,3,3,3,7 9,0,0,0,0,0,0,1,0,1,0,0,0,0,NA,2,4,NA,3,0,0,1,0,0,0,0,0,0,0,0,0,0,NA,4,4,4,3,4,4,4,3,2,4,5,5,4,5,4,4,2,1,1,2 5,0,1,0,0,1,0,0,0,NA,3,3,2,3,2,2,3,1,3,4,4,4,NA,1,1,3,1,4,1 2 3 4,1,1,1,1,0,NA,4,NA,1,0,0,0,0,0,0,1,1,0,0,NA,1,1,1,1,4,3,1,3,2,2,3,3,3,2,2,3,3,3,1 2,1,1,0,0,0,0,0,0,0,0,0,3,1,3,3,1,4,1,3,3,1,10,1,3,4,4,4,1,4,4,3,4,4,2,0,1,0,0,0,0,0,NA,1,1,1,3,1,2,1,3,1,No,4 7,0,0,0,1,0,0,1,0,0,NA,27,NA,10740,Dhukkuba qabachuun dhabadhe barsisuu daadhabu,uuid:72f2a67f-dff9-4727-96ff-ea59c187befb,2512142209,uuid:72f2a67f-dff9-4727-96ff-ea59c187befb,NA,NA,NA,NA,NA,NA,NA,NA,NA,NA
93399,S0406080462,OROMIA,Harargee Bahaa,dadar,burqaa barakaa,Rural,"12/11/2025, 5:29:56 PM","12/11/2025, 1:02:29 PM","12/11/2025, 5:27:48 PM",12/11/2025,be457e329562a140,1,T24402,NA,male,6 7 8,0,0,0,0,0,1,1,1,0,1 2,1,1,0,0,NA,2,NA,2,NA,1,NA,2011,2016,2,1,1,3,1,1,0,0,0,0,0,0,NA,1,NA,5 6,0,0,0,0,1,1,0,NA,1,1 3,1,0,1,0,0,0,NA,3 4 5,0,0,1,1,1,0,0,0,0,0,NA,2 5,0,1,0,0,1,0,0,0,0,0,NA,4 5,0,0,0,1,1,0,0,0,0,0,NA,3,3,2,3,4,4,1,1,2 4 5,0,1,0,1,1,0,0,0,0,0,0,0,0,NA,2,4,NA,2 4 5 9 10,0,1,0,1,1,0,0,0,1,1,0,0,0,NA,2,3,3,2,3,3,3,3,3,3,3,3,3,4,4,2,3,1,1,5,0,0,0,0,1,0,0,0,NA,3,3,4,3,2,3,3,3,3,4,3,2,NA,3,3,1,1,3,2,0,1,0,0,0,NA,2,NA,0,0,0,1,1,1,1,1,1,0,0,NA,3,1,1,1,4,1,1,3,3,3,3,3,2,2,3,3,3,3,1 4,1,0,0,1,0,0,0,0,0,0,0,2,2,3,3,2,3,2,3,3,1,3,1,3,3,3,3,2,3,3,2,3,3,2,0,1,0,0,0,0,0,NA,0,NA,NA,NA,NA,NA,NA,NA,NA,NA,4 6,0,0,0,1,0,1,0,0,0,NA,28,NA,10500,None,uuid:bf9e441a-eeee-4411-8b79-d48423663c4e,2512040829,uuid:bf9e441a-eeee-4411-8b79-d48423663c4e,NA,NA,NA,NA,NA,NA,NA,NA,NA,NA
93399,S0406080462,OROMIA,Harargee Bahaa,dadar,burqaa barakaa,Rural,"12/11/2025, 5:29:57 PM","12/11/2025, 12:13:16 PM","12/11/2025, 5:26:46 PM",12/11/2025,be457e329562a140,1,T24401,NA,male,1 2 3 4,1,1,1,1,0,0,0,0,0,2 97,0,1,0,1,English,6,NA,2,NA,1,NA,2007,2007,2,1,2,3,1,1,0,0,0,0,0,0,NA,1,NA,3 6,0,0,1,0,0,1,0,NA,1,1 3,1,0,1,0,0,0,NA,2 3 4 5,0,1,1,1,1,0,0,0,0,0,NA,2 5,0,1,0,0,1,0,0,0,0,0,NA,2 4,0,1,0,1,0,0,0,0,0,0,NA,4,4,4,4,4,4,4,4,2 4 5,0,1,0,1,1,0,0,0,0,0,0,0,0,NA,2,3,NA,2 3 5 9,0,1,1,0,1,0,0,0,1,0,0,0,0,NA,3,3,3,3,3,3,3,3,3,3,5,5,3,5,4,4,2,1,1,5,0,0,0,0,1,0,0,0,NA,2,2,3,3,4,4,4,4,3,4,3,2,NA,2,3,3,1,4,2 3,0,1,1,0,0,NA,4,NA,0,0,0,1,1,1,1,1,1,0,0,NA,1,1,1,1,3,2,3,1,1,1,3,3,3,2,3,3,3,3,1 4,1,0,0,1,0,0,0,0,0,0,0,4,2,3,3,3,3,3,3,3,4,8,1,3,3,3,3,1,3,3,3,3,4,2,0,1,0,0,0,0,0,NA,0,NA,NA,NA,NA,NA,NA,NA,NA,NA,2 4,0,1,0,1,0,0,0,0,0,NA,30,NA,11296,None,uuid:983be750-41d1-44d3-88a7-2266603f98d0,2512040829,uuid:983be750-41d1-44d3-88a7-2266603f98d0,NA,NA,NA,NA,NA,NA,NA,NA,NA,NA
93399,S0406080462,OROMIA,Harargee Bahaa,dadar,burqaa barakaa,Rural,"12/11/2025, 7:12:02 PM","12/11/2025, 11:17:08 AM","12/11/2025, 7:36:11 PM",12/11/2025,260fdb5d4cc800d3,1,T24403,NA,female,1 2 3 4,1,1,1,1,0,0,0,0,0,1 97,1,0,0,1,Barnoota ogart fi  barnoota saafuu,3,NA,2,NA,1,NA,2015,2015,1,0,NA,NA,1,1,0,0,0,0,0,0,NA,1,NA,2,0,1,0,0,0,0,0,NA,1,3,0,0,1,0,0,0,NA,2 3 4,0,1,1,1,0,0,0,0,0,0,NA,2 5,0,1,0,0,1,0,0,0,0,0,NA,2 4,0,1,0,1,0,0,0,0,0,0,NA,1,1,2,1,4,1,1,1,8 9,0,0,0,0,0,0,0,1,1,0,0,0,0,NA,2,2,NA,9,0,0,0,0,0,0,0,0,1,0,0,0,0,NA,4,4,4,2,4,4,4,3,3,4,5,5,3,4,4,5,2,1,2,2 5,0,1,0,0,1,0,0,0,NA,3,3,3,4,1,3,3,1,3,4,4,4,NA,3,3,3,2,4,1 2 4,1,1,0,1,0,NA,3,NA,0,0,0,0,0,1,0,1,1,0,0,NA,3,1,1,1,4,3,1,3,3,3,3,3,2,3,2,2,3,2,1 8,1,0,0,0,0,0,0,1,0,0,0,3,2,3,3,3,3,3,3,3,1,9,3,2,4,3,3,4,4,4,3,4,4,1,1,0,0,0,0,0,0,NA,1,3,3,3,3,2,2,2,1,No,3 4,0,0,1,1,0,0,0,0,0,NA,26,NA,9500,None,uuid:7f4c043c-c16f-4e8b-bd9f-e760161a6299,2512040829,uuid:7f4c043c-c16f-4e8b-bd9f-e760161a6299,NA,NA,NA,NA,NA,NA,NA,NA,NA,NA
93844,S0406110112,OROMIA,Harargee Bahaa,gola odaa,diddimtuu,Rural,"1/1/2026, 4:00:46 PM","1/1/2026, 10:40:12 AM","1/1/2026, 10:53:47 AM",1/1/2026,b069b6a079b16d18,1,T16701,NA,male,2 3,0,1,1,0,0,0,0,0,0,1,1,0,0,0,NA,3,NA,3,NA,1,NA,2017,2017,1,0,NA,NA,1,1,0,0,0,0,0,0,NA,1,NA,5 6,0,0,0,0,1,1,0,NA,1,1,1,0,0,0,0,0,NA,1 4 5,1,0,0,1,1,0,0,0,0,0,NA,4 6,0,0,0,1,0,1,0,0,0,0,NA,2 4,0,1,0,1,0,0,0,0,0,0,NA,4,1,1,2,1,1,1,1,5,0,0,0,0,1,0,0,0,0,0,0,0,0,NA,4,2,NA,2 4 9,0,1,0,1,0,0,0,0,1,0,0,0,0,NA,4,4,4,4,4,4,4,4,4,4,5,5,5,5,5,5,3,2,1,2 5,0,1,0,0,1,0,0,0,NA,3,4,3,3,3,3,4,3,3,3,3,5,NA,4,4,3,3,3,1 2,1,1,0,0,0,NA,1,NA,0,0,0,0,0,1,1,1,0,0,0,NA,2,2,2,3,3,3,3,3,2,2,3,3,3,2,2,3,3,3,2 3,0,1,1,0,0,0,0,0,0,0,0,1,1,4,4,4,4,4,3,3,2,6,3,3,4,3,4,4,4,4,4,4,4,4,0,0,0,1,0,0,0,NA,0,NA,NA,NA,NA,NA,NA,NA,NA,NA,3 4,0,0,1,1,0,0,0,0,0,NA,26,NA,13000,NA,uuid:e3fa65b8-8200-4f50-a177-f731d6b166db,2512142209,uuid:e3fa65b8-8200-4f50-a177-f731d6b166db,NA,NA,NA,NA,NA,NA,NA,NA,NA,NA
93844,S0406110112,OROMIA,Harargee Bahaa,gola odaa,diddimtuu,Rural,"1/1/2026, 4:00:46 PM","1/1/2026, 10:53:53 AM","1/1/2026, 11:25:21 AM",1/1/2026,b069b6a079b16d18,1,T16702,NA,male,7 8,0,0,0,0,0,0,1,1,0,1 2,1,1,0,0,NA,6,NA,3,NA,1,NA,2016,2016,1,0,NA,NA,1,1,0,0,0,0,0,0,NA,1,NA,6,0,0,0,0,0,1,0,NA,1,1,1,0,0,0,0,0,NA,1 2 4,1,1,0,1,0,0,0,0,0,0,NA,2 6,0,1,0,0,0,1,0,0,0,0,NA,2 4,0,1,0,1,0,0,0,0,0,0,NA,4,4,4,4,1,1,1,1,3 4,0,0,1,1,0,0,0,0,0,0,0,0,0,NA,4,3,NA,3 5,0,0,1,0,1,0,0,0,0,0,0,0,0,NA,4,4,4,4,4,4,4,4,4,4,5,5,5,5,5,5,1,1,1,5,0,0,0,0,1,0,0,0,NA,4,1,4,4,4,4,5,5,4,5,5,2,NA,4,4,4,4,4,4,0,0,0,1,0,NA,1,NA,0,0,0,0,0,0,0,1,1,0,0,NA,4,3,1,3,3,1,2,3,2,2,2,3,2,2,3,3,3,3,2 6,0,1,0,0,0,1,0,0,0,0,0,1,1,3,3,1,3,3,2,3,2,8,4,4,1,3,4,4,4,4,3,4,4,4,0,0,0,1,0,0,0,NA,0,NA,NA,NA,NA,NA,NA,NA,NA,NA,4 7,0,0,0,1,0,0,1,0,0,NA,26,NA,11566,NA,uuid:71b19434-14b4-433c-96c7-4af09fb63a8d,2512142209,uuid:71b19434-14b4-433c-96c7-4af09fb63a8d,NA,NA,NA,NA,NA,NA,NA,NA,NA,NA
93844,S0406110112,OROMIA,Harargee Bahaa,gola odaa,diddimtuu,Rural,"1/1/2026, 4:00:47 PM","1/1/2026, 11:25:38 AM","1/1/2026, 3:27:31 PM",1/1/2026,b069b6a079b16d18,1,T16703,NA,male,5 6,0,0,0,0,1,1,0,0,0,2,0,1,0,0,NA,3,NA,5,NA,1,NA,2012,2016,2,0,NA,NA,1,1,0,0,0,0,0,0,NA,1,NA,5 6,0,0,0,0,1,1,0,NA,1,1 3,1,0,1,0,0,0,NA,3 6,0,0,1,0,0,1,0,0,0,0,NA,2 6,0,1,0,0,0,1,0,0,0,0,NA,4 8,0,0,0,1,0,0,0,1,0,0,NA,4,4,1,1,1,1,1,1,5,0,0,0,0,1,0,0,0,0,0,0,0,0,NA,4,2,NA,3 5,0,0,1,0,1,0,0,0,0,0,0,0,0,NA,4,4,4,4,4,4,4,4,3,4,5,5,5,5,5,5,2,2,1,2,0,1,0,0,0,0,0,0,NA,2,2,2,3,2,4,5,5,4,5,3,4,NA,3,4,3,3,3,1 4,1,0,0,1,0,NA,2,NA,0,0,0,1,0,1,1,1,1,0,0,NA,3,3,1,3,4,2,2,3,2,2,2,3,2,2,2,2,3,3,3 6,0,0,1,0,0,1,0,0,0,0,0,1,1,4,3,1,4,4,2,3,2,6,4,4,1,2,4,4,4,4,4,4,4,4,0,0,0,1,0,0,0,NA,0,NA,NA,NA,NA,NA,NA,NA,NA,NA,3 4,0,0,1,1,0,0,0,0,0,NA,28,NA,13200,NA,uuid:d798f8d0-1eea-46cd-9d95-f9bc2aeec817,2512142209,uuid:d798f8d0-1eea-46cd-9d95-f9bc2aeec817,NA,NA,NA,NA,NA,NA,NA,NA,NA,NA
93918,S0406120482,OROMIA,Harargee Bahaa,gooroo guutuu,caffee aannanii,Rural,"12/15/2025, 11:38:06 AM","12/15/2025, 8:19:48 AM","12/15/2025, 11:29:36 AM",12/15/2025,260fdb5d4cc800d3,1,T17101,NA,female,1 2 3,1,1,1,0,0,0,0,0,0,2 97,0,1,0,1,Barnoota ogart fi saafuu,3,NA,2,NA,1,NA,2006,2016,6,0,NA,NA,1,1,0,0,0,0,0,0,NA,1,NA,6,0,0,0,0,0,1,0,NA,1,3,0,0,1,0,0,0,NA,1 2 3 4,1,1,1,1,0,0,0,0,0,0,NA,2 7,0,1,0,0,0,0,1,0,0,0,NA,4 5,0,0,0,1,1,0,0,0,0,0,NA,3,2,3,3,3,3,3,3,7 8,0,0,0,0,0,0,1,1,0,0,0,0,0,NA,3,2,NA,6,0,0,0,0,0,1,0,0,0,0,0,0,0,NA,4,4,3,4,4,4,4,3,3,4,5,5,2,5,4,5,2,1,1,2 5,0,1,0,0,1,0,0,0,NA,3,2,2,3,2,2,3,1,3,4,4,4,NA,4,4,4,1,4,1 2 3,1,1,1,0,0,NA,4,NA,1,0,0,0,1,1,1,1,1,0,0,NA,1,1,1,3,4,3,1,3,3,3,3,3,2,3,3,3,3,3,1 6,1,0,0,0,0,1,0,0,0,0,0,4,1,3,3,1,4,1,2,3,1,10,1,4,2,4,3,3,4,4,4,4,4,1 2,1,1,0,0,0,0,0,NA,0,NA,NA,NA,NA,NA,NA,NA,NA,NA,4,0,0,0,1,0,0,0,0,0,NA,34,NA,12050,None,uuid:da0ada5b-b964-4194-b774-60e4e385a207,2512142209,uuid:da0ada5b-b964-4194-b774-60e4e385a207,NA,NA,NA,NA,NA,NA,NA,NA,NA,NA
93918,S0406120482,OROMIA,Harargee Bahaa,gooroo guutuu,caffee aannanii,Rural,"12/15/2025, 11:38:06 AM","12/15/2025, 9:09:24 AM","12/15/2025, 11:30:06 AM",12/15/2025,260fdb5d4cc800d3,1,T17102,NA,male,4 5 6,0,0,0,1,1,1,0,0,0,1,1,0,0,0,NA,4,NA,5,NA,1,NA,2000,2017,7,0,NA,NA,1,1,0,0,0,0,0,0,NA,1,NA,6,0,0,0,0,0,1,0,NA,1,3,0,0,1,0,0,0,NA,1 2 3 4,1,1,1,1,0,0,0,0,0,0,NA,2 7,0,1,0,0,0,0,1,0,0,0,NA,4 5,0,0,0,1,1,0,0,0,0,0,NA,3,3,4,4,3,3,3,3,8 9,0,0,0,0,0,0,0,1,1,0,0,0,0,NA,1,2,NA,4,0,0,0,1,0,0,0,0,0,0,0,0,0,NA,2,2,2,2,2,2,4,4,4,4,5,4,5,5,4,5,2,2,1,2 5,0,1,0,0,1,0,0,0,NA,3,3,3,3,3,2,3,1,3,4,1,4,NA,3,4,4,1,4,1 2 3,1,1,1,0,0,NA,1,NA,0,0,0,1,1,1,1,1,1,0,0,NA,1,1,1,1,4,2,1,3,3,3,3,3,3,3,2,3,3,3,1 6,1,0,0,0,0,1,0,0,0,0,0,3,2,4,3,3,4,3,3,3,1,10,1,3,4,4,4,4,4,4,4,4,4,1 2 4,1,1,0,1,0,0,0,NA,1,3,1,3,1,2,1,1,1,No,4,0,0,0,1,0,0,0,0,0,NA,40,NA,15400,None,uuid:20f01a06-bea5-42e6-8074-9bd36cf790dd,2512142209,uuid:20f01a06-bea5-42e6-8074-9bd36cf790dd,NA,NA,NA,NA,NA,NA,NA,NA,NA,NA
93918,S0406120482,OROMIA,Harargee Bahaa,gooroo guutuu,caffee aannanii,Rural,"12/15/2025, 11:38:07 AM","12/15/2025, 11:12:59 AM","12/15/2025, 11:30:31 AM",12/15/2025,260fdb5d4cc800d3,1,T17103,NA,female,3 4,0,0,1,1,0,0,0,0,0,1 97,1,0,0,1,Saayinsii naannoo,3,NA,2,NA,1,NA,2009,2014,3,0,NA,NA,1,1,0,0,0,0,0,0,NA,1,NA,6,0,0,0,0,0,1,0,NA,1,1 3 5,1,0,1,0,1,0,NA,3 4 5,0,0,1,1,1,0,0,0,0,0,NA,2 4,0,1,0,1,0,0,0,0,0,0,NA,2 8,0,1,0,0,0,0,0,1,0,0,NA,3,3,3,3,3,3,1,3,8 9,0,0,0,0,0,0,0,1,1,0,0,0,0,NA,2,2,NA,5,0,0,0,0,1,0,0,0,0,0,0,0,0,NA,3,3,4,4,3,4,4,4,3,4,5,5,3,5,4,5,2,1,1,2 5,0,1,0,0,1,0,0,0,NA,3,3,3,3,3,3,3,1,3,4,4,4,NA,3,2,1,1,4,1 2 3,1,1,1,0,0,NA,3,NA,0,0,0,0,0,0,0,1,1,0,0,NA,3,1,1,1,4,3,1,3,3,3,3,3,3,3,3,3,3,3,1 7,1,0,0,0,0,0,1,0,0,0,0,1,1,1,1,1,4,1,3,3,2,10,1,3,4,4,4,1,4,4,4,4,4,1 2,1,1,0,0,0,0,0,NA,0,NA,NA,NA,NA,NA,NA,NA,NA,NA,4,0,0,0,1,0,0,0,0,0,NA,30,NA,10800,None,uuid:1ef91cd0-276e-46ab-ac8d-8d51133a7f75,2512142209,uuid:1ef91cd0-276e-46ab-ac8d-8d51133a7f75,NA,NA,NA,NA,NA,NA,NA,NA,NA,NA
94163,S0406140072,OROMIA,Harargee Bahaa,gursum,luugoo,Rural,"12/24/2025, 8:42:57 AM","12/22/2025, 12:05:51 PM","12/24/2025, 7:43:11 AM",12/22/2025,b069b6a079b16d18,1,T35003,NA,female,6 7,0,0,0,0,0,1,1,0,0,2,0,1,0,0,NA,6,NA,5,NA,1,NA,2005,2011,3,0,NA,NA,2,0,1,0,0,0,0,0,NA,1,NA,5 6,0,0,0,0,1,1,0,NA,1,1 3,1,0,1,0,0,0,NA,1 4 5,1,0,0,1,1,0,0,0,0,0,NA,2 3,0,1,1,0,0,0,0,0,0,0,NA,5 6,0,0,0,0,1,1,0,0,0,0,NA,3,2,2,1,1,1,1,1,4 5,0,0,0,1,1,0,0,0,0,0,0,0,0,NA,1,2,NA,2 3 7 9,0,1,1,0,0,0,1,0,1,0,0,0,0,NA,4,4,4,4,4,4,4,3,4,3,5,5,5,5,5,5,2,1,1,2 5,0,1,0,0,1,0,0,0,NA,2,2,2,3,2,4,3,3,4,3,2,2,NA,3,3,3,3,1,2,0,1,0,0,0,NA,2,NA,1,1,0,1,1,0,1,1,1,0,0,NA,3,3,1,2,4,1,1,3,2,2,2,2,2,3,3,2,3,3,3 6,0,0,1,0,0,1,0,0,0,0,0,4,1,4,4,3,4,3,2,3,2,7,3,3,1,3,4,2,4,4,4,4,4,4,0,0,0,1,0,0,0,NA,0,NA,NA,NA,NA,NA,NA,NA,NA,NA,6 7,0,0,0,0,0,1,1,0,0,NA,36,NA,16200,የለም,uuid:986f5d57-a448-4cca-b03a-74b5de12585f,2512142209,uuid:986f5d57-a448-4cca-b03a-74b5de12585f,NA,NA,NA,NA,NA,NA,NA,NA,NA,NA
94163,S0406140072,OROMIA,Harargee Bahaa,gursum,luugoo,Rural,"12/24/2025, 8:42:57 AM","12/23/2025, 11:38:03 AM","12/23/2025, 12:08:12 PM",12/23/2025,b069b6a079b16d18,1,T35001,NA,female,1 2 3 4,1,1,1,1,0,0,0,0,0,1,1,0,0,0,NA,3,NA,3,NA,1,NA,2007,2008,1,1,1,3,2,0,1,0,0,0,0,0,NA,2,NA,5,0,0,0,0,1,0,0,NA,1,1,1,0,0,0,0,0,NA,1 2 5 8,1,1,0,0,1,0,0,1,0,0,NA,2 5,0,1,0,0,1,0,0,0,0,0,NA,2 5,0,1,0,0,1,0,0,0,0,0,NA,4,3,2,3,2,1,2,3,4 5,0,0,0,1,1,0,0,0,0,0,0,0,0,NA,4,2,NA,3,0,0,1,0,0,0,0,0,0,0,0,0,0,NA,4,4,4,4,4,3,3,3,3,4,5,5,5,4,5,5,3,1,1,2,0,1,0,0,0,0,0,0,NA,4,3,3,3,3,1,1,1,1,4,1,2,NA,3,3,3,1,4,1,1,0,0,0,0,NA,2,NA,1,0,1,0,0,1,0,0,0,0,0,NA,4,4,4,4,4,4,4,3,3,3,3,3,3,3,3,3,3,3,2 3,0,1,1,0,0,0,0,0,0,0,0,4,4,4,4,4,4,4,3,3,2,10,4,4,1,3,4,4,4,4,4,4,4,2,0,1,0,0,0,0,0,NA,0,NA,NA,NA,NA,NA,NA,NA,NA,NA,2 4,0,1,0,1,0,0,0,0,0,NA,32,NA,16508,የለም,uuid:292ec924-17c7-4627-a5c2-2e4fa8cf2a65,2512142209,uuid:292ec924-17c7-4627-a5c2-2e4fa8cf2a65,NA,NA,NA,NA,NA,NA,NA,NA,NA,NA
94163,S0406140072,OROMIA,Harargee Bahaa,gursum,luugoo,Rural,"12/24/2025, 8:42:57 AM","12/23/2025, 12:08:41 PM","12/23/2025, 12:38:04 PM",12/23/2025,b069b6a079b16d18,1,T35002,NA,male,5 7 8,0,0,0,0,1,0,1,1,0,2,0,1,0,0,NA,3,NA,5,NA,1,NA,2004,2017,5,0,NA,NA,2,0,1,0,0,0,0,0,NA,1,NA,6,0,0,0,0,0,1,0,NA,1,3,0,0,1,0,0,0,NA,1 4 5 7,1,0,0,1,1,0,1,0,0,0,NA,1 6,1,0,0,0,0,1,0,0,0,0,NA,2 6,0,1,0,0,0,1,0,0,0,0,NA,2,4,2,2,4,1,2,1,4,0,0,0,1,0,0,0,0,0,0,0,0,0,NA,1,3,NA,2,0,1,0,0,0,0,0,0,0,0,0,0,0,NA,4,4,4,2,4,4,2,2,4,4,5,5,1,3,4,5,3,3,4,5,0,0,0,0,1,0,0,0,NA,4,3,3,4,3,4,4,4,2,4,4,1,NA,4,3,4,3,3,2,0,1,0,0,0,NA,1,NA,1,1,0,1,1,1,1,1,1,0,0,NA,4,3,3,3,3,4,3,1,2,2,2,1,2,2,2,1,1,2,1 2,1,1,0,0,0,0,0,0,0,0,0,4,4,4,4,4,1,2,2,2,1,5,4,4,4,4,4,3,4,4,3,4,4,2 3,0,1,1,0,0,0,0,NA,1,2,2,3,3,2,2,2,2,የለም,4,0,0,0,1,0,0,0,0,0,NA,30,NA,17838,የለም,uuid:0834a5fc-febd-4e98-adae-f64cd32aa589,2512142209,uuid:0834a5fc-febd-4e98-adae-f64cd32aa589,NA,NA,NA,NA,NA,NA,NA,NA,NA,NA
94162,S0406140492,OROMIA,Harargee Bahaa,gursum,laaftoo,Rural,"12/8/2025, 9:34:57 PM","12/8/2025, 11:00:29 AM","12/8/2025, 9:34:03 PM",12/8/2025,be457e329562a140,1,T24901,NA,male,6 7 8,0,0,0,0,0,1,1,1,0,1,1,0,0,0,NA,3,NA,2,NA,1,NA,2009,2015,2,1,2,3,1 2,1,1,0,0,0,0,0,NA,1,NA,4 5,0,0,0,1,1,0,0,NA,1,1 3,1,0,1,0,0,0,NA,2 3 4 5,0,1,1,1,1,0,0,0,0,0,NA,2 5,0,1,0,0,1,0,0,0,0,0,NA,2 5,0,1,0,0,1,0,0,0,0,0,NA,4,4,2,2,4,1,3,1,2 4 5,0,1,0,1,1,0,0,0,0,0,0,0,0,NA,2,3,NA,2 3 5 9,0,1,1,0,1,0,0,0,1,0,0,0,0,NA,3,3,3,3,4,4,3,2,3,3,5,4,3,4,4,4,2,1,1,2 3 5,0,1,1,0,1,0,0,0,NA,4,3,2,3,2,3,4,3,2,3,3,2,NA,2,2,2,1,4,2 3,0,1,1,0,0,NA,2,NA,0,0,0,1,0,1,1,1,1,0,0,NA,1,1,1,1,3,2,2,3,2,3,3,3,2,3,3,3,3,1,1 4,1,0,0,1,0,0,0,0,0,0,0,3,1,3,3,3,3,4,3,3,1,7,1,3,3,3,3,3,3,3,2,3,3,2 4 5,0,1,0,1,1,0,0,NA,0,NA,NA,NA,NA,NA,NA,NA,NA,NA,4 6,0,0,0,1,0,1,0,0,0,NA,25,NA,11182,None,uuid:20eac6eb-9a09-4c7a-aa53-c65fd250b456,2512040829,uuid:20eac6eb-9a09-4c7a-aa53-c65fd250b456,NA,NA,NA,NA,NA,NA,NA,NA,NA,NA
94162,S0406140492,OROMIA,Harargee Bahaa,gursum,laaftoo,Rural,"12/9/2025, 7:20:06 AM","12/8/2025, 2:21:44 PM","12/8/2025, 10:22:44 PM",12/8/2025,260fdb5d4cc800d3,1,T24902,NA,female,1 3 4,1,0,1,1,0,0,0,0,0,2,0,1,0,0,NA,3,NA,2,NA,1,NA,2007,2012,2,0,NA,NA,1 2,1,1,0,0,0,0,0,NA,1,NA,2 6,0,1,0,0,0,1,0,NA,1,1 2 3,1,1,1,0,0,0,NA,2 3 4 5 6,0,1,1,1,1,1,0,0,0,0,NA,2 4,0,1,0,1,0,0,0,0,0,0,NA,2 5,0,1,0,0,1,0,0,0,0,0,NA,3,3,2,3,4,4,1,4,7 8,0,0,0,0,0,0,1,1,0,0,0,0,0,NA,1,2,NA,10,0,0,0,0,0,0,0,0,0,1,0,0,0,NA,4,4,4,4,4,4,3,3,3,4,4,5,4,4,4,4,2,2,1,2 5,0,1,0,0,1,0,0,0,NA,4,3,2,2,2,2,2,1,3,4,4,4,NA,3,4,3,1,4,1 3 4,1,0,1,1,0,NA,1,NA,1,0,0,1,0,1,1,1,1,0,0,NA,4,3,2,1,4,4,3,2,3,2,3,3,2,2,3,3,3,2,2 7,0,1,0,0,0,0,1,0,0,0,0,3,3,3,1,1,4,1,3,3,2,8,1,3,4,4,4,3,4,4,4,4,4,1 2 3 4,1,1,1,1,0,0,0,NA,1,1,3,3,1,1,1,3,1,No,3 4,0,0,1,1,0,0,0,0,0,NA,28,NA,11215,Distance from urban to school area,uuid:31365a50-dade-49c9-95a9-a205099e74b5,2512040829,uuid:31365a50-dade-49c9-95a9-a205099e74b5,NA,NA,NA,NA,NA,NA,NA,NA,NA,NA
94162,S0406140492,OROMIA,Harargee Bahaa,gursum,laaftoo,Rural,"12/9/2025, 7:20:06 AM","12/8/2025, 3:40:11 PM","12/8/2025, 10:23:07 PM",12/8/2025,260fdb5d4cc800d3,1,T24903,NA,male,1 2 3 4,1,1,1,1,0,0,0,0,0,2 97,0,1,0,1,Saayinsii naannoo,3,NA,2,NA,1,NA,2015,2018,2,1,1,3,1 2,1,1,0,0,0,0,0,NA,1,NA,2 6,0,1,0,0,0,1,0,NA,1,3,0,0,1,0,0,0,NA,2 3 4 5 6,0,1,1,1,1,1,0,0,0,0,NA,2 4,0,1,0,1,0,0,0,0,0,0,NA,2 5,0,1,0,0,1,0,0,0,0,0,NA,4,4,3,4,4,4,4,4,8 9,0,0,0,0,0,0,0,1,1,0,0,0,0,NA,1,2,NA,3,0,0,1,0,0,0,0,0,0,0,0,0,0,NA,4,4,4,4,4,4,4,3,3,4,5,5,5,5,5,5,1,1,1,2 5,0,1,0,0,1,0,0,0,NA,4,4,3,4,3,2,4,1,4,4,3,4,NA,4,4,4,1,4,2 3,0,1,1,0,0,NA,1,NA,0,0,0,0,0,1,1,1,0,0,0,NA,1,1,1,4,4,3,1,3,3,3,3,3,3,3,3,3,3,3,1 2,1,1,0,0,0,0,0,0,0,0,0,1,1,1,1,1,4,1,3,3,1,10,1,3,4,4,4,1,4,4,4,4,4,1 2,1,1,0,0,0,0,0,NA,0,NA,NA,NA,NA,NA,NA,NA,NA,NA,4 7,0,0,0,1,0,0,1,0,0,NA,24,NA,10001,None,uuid:1e070f26-6d34-422d-adbf-29d7062f3a7d,2512040829,uuid:1e070f26-6d34-422d-adbf-29d7062f3a7d,NA,NA,NA,NA,NA,NA,NA,NA,NA,NA
273338,S0406160242,OROMIA,Harargee Bahaa,jaarsoo,gaaddisa mixee,Rural,"12/6/2025, 8:12:16 PM","12/6/2025, 10:08:59 AM","12/6/2025, 8:09:11 PM",12/6/2025,be457e329562a140,1,T18201,NA,male,1 2 3 4,1,1,1,1,0,0,0,0,0,3,0,0,1,0,NA,1,NA,2,NA,1,NA,2016,2016,1,0,NA,NA,1 2,1,1,0,0,0,0,0,NA,1,NA,5,0,0,0,0,1,0,0,NA,1,1 2 3,1,1,1,0,0,0,NA,1 3 4,1,0,1,1,0,0,0,0,0,0,NA,2 4,0,1,0,1,0,0,0,0,0,0,NA,2 5,0,1,0,0,1,0,0,0,0,0,NA,4,4,2,2,1,4,4,4,2 3 5,0,1,1,0,1,0,0,0,0,0,0,0,0,NA,2,4,NA,3 4 5 9,0,0,1,1,1,0,0,0,1,0,0,0,0,NA,3,3,3,3,3,3,3,2,2,3,5,5,4,4,4,4,2,1,1,2 5,0,1,0,0,1,0,0,0,NA,2,2,3,2,1,2,4,1,3,3,2,4,NA,3,2,3,1,3,2,0,1,0,0,0,NA,3,NA,0,0,0,1,1,1,1,1,1,0,0,NA,1,1,2,3,3,4,3,3,3,3,1,3,2,1,2,3,3,3,2 4 8,0,1,0,1,0,0,0,1,0,0,0,3,2,3,3,3,3,3,3,1,1,9,4,3,3,3,3,3,3,3,2,3,3,2,0,1,0,0,0,0,0,NA,1,2,2,3,2,2,3,3,2,None,2 4,0,1,0,1,0,0,0,0,0,NA,21,NA,8500,None,uuid:1a762bb6-f213-47fe-ab15-e88eef1e04d2,2512040829,uuid:1a762bb6-f213-47fe-ab15-e88eef1e04d2,NA,NA,NA,NA,NA,NA,NA,NA,NA,NA
273338,S0406160242,OROMIA,Harargee Bahaa,jaarsoo,gaaddisa mixee,Rural,"12/6/2025, 11:23:58 PM","12/6/2025, 10:07:33 AM","12/6/2025, 11:35:12 PM",12/6/2025,260fdb5d4cc800d3,1,T18203,NA,male,6 7 8,0,0,0,0,0,1,1,1,0,1,1,0,0,0,NA,3,NA,2,NA,1,NA,2013,2014,2,1,1,2,1,1,0,0,0,0,0,0,NA,1,NA,2,0,1,0,0,0,0,0,NA,1,1 3,1,0,1,0,0,0,NA,2 3 4,0,1,1,1,0,0,0,0,0,0,NA,2 4,0,1,0,1,0,0,0,0,0,0,NA,5 6,0,0,0,0,1,1,0,0,0,0,NA,2,2,2,3,4,4,4,3,4 8 9,0,0,0,1,0,0,0,1,1,0,0,0,0,NA,0,1,NA,NA,NA,NA,NA,NA,NA,NA,NA,NA,NA,NA,NA,NA,NA,NA,3,3,3,2,4,3,4,1,2,4,5,3,2,4,4,4,2,2,1,2 5,0,1,0,0,1,0,0,0,NA,3,2,2,2,1,3,2,1,2,5,3,4,NA,3,4,4,1,4,2 3,0,1,1,0,0,NA,5,NA,1,0,0,1,0,1,0,1,1,0,0,NA,1,1,1,3,4,4,1,1,3,2,2,1,2,3,1,1,3,3,1 4,1,0,0,1,0,0,0,0,0,0,0,3,1,3,3,1,4,3,3,3,2,8,3,3,4,4,3,4,4,4,2,4,4,1 2 4,1,1,0,1,0,0,0,NA,1,1,3,3,1,2,1,2,1,No,3 4,0,0,1,1,0,0,0,0,0,NA,29,NA,9800,Leenjii gama ogummatin dhabu,uuid:c92fb1cc-096d-4c86-b6d3-7df38d28fd27,2512040829,uuid:c92fb1cc-096d-4c86-b6d3-7df38d28fd27,NA,NA,NA,NA,NA,NA,NA,NA,NA,NA
273338,S0406160242,OROMIA,Harargee Bahaa,jaarsoo,gaaddisa mixee,Rural,"12/6/2025, 11:23:59 PM","12/6/2025, 10:49:17 AM","12/6/2025, 11:34:49 PM",12/6/2025,260fdb5d4cc800d3,1,T18202,NA,female,1 2 3 4,1,1,1,1,0,0,0,0,0,1 97,1,0,0,1,Gadaa subject,3,NA,2,NA,1,NA,2013,2014,2,1,1,3,1,1,0,0,0,0,0,0,NA,1,NA,2 6,0,1,0,0,0,1,0,NA,1,3,0,0,1,0,0,0,NA,2 3 4 5,0,1,1,1,1,0,0,0,0,0,NA,2 5,0,1,0,0,1,0,0,0,0,0,NA,2 5,0,1,0,0,1,0,0,0,0,0,NA,1,3,1,3,3,1,1,1,5 8,0,0,0,0,1,0,0,1,0,0,0,0,0,NA,1,1,NA,NA,NA,NA,NA,NA,NA,NA,NA,NA,NA,NA,NA,NA,NA,NA,3,2,3,2,2,2,3,1,1,3,4,3,2,4,2,2,2,2,1,2 3 5,0,1,1,0,1,0,0,0,NA,3,3,2,2,3,2,3,3,2,3,4,4,NA,3,3,2,4,4,2 3,0,1,1,0,0,NA,3,NA,1,0,0,1,0,1,1,1,1,0,0,NA,2,3,1,1,4,1,1,1,3,3,3,3,3,3,3,3,3,3,1 2,1,1,0,0,0,0,0,0,0,0,0,1,3,3,3,1,1,1,3,3,2,7,2,2,4,3,3,3,4,4,2,4,4,1 2,1,1,0,0,0,0,0,NA,1,2,1,3,1,2,1,3,1,None,3 4,0,0,1,1,0,0,0,0,0,NA,27,NA,9851,No,uuid:25d7d9c5-c99b-4d92-9ffb-05216585e7b7,2512040829,uuid:25d7d9c5-c99b-4d92-9ffb-05216585e7b7,NA,NA,NA,NA,NA,NA,NA,NA,NA,NA
273459,S0406170532,OROMIA,Harargee Bahaa,kombolcha,saqaa,Rural,"12/5/2025, 6:51:59 AM","12/4/2025, 12:51:17 PM","12/4/2025, 11:38:05 PM",12/4/2025,260fdb5d4cc800d3,1,T19103,NA,female,1 2 3 4,1,1,1,1,0,0,0,0,0,3,0,0,1,0,NA,3,NA,5,NA,1,NA,2009,2009,1,0,NA,NA,1 2,1,1,0,0,0,0,0,NA,1,NA,2 6,0,1,0,0,0,1,0,NA,1,3,0,0,1,0,0,0,NA,3 4 5,0,0,1,1,1,0,0,0,0,0,NA,2 4,0,1,0,1,0,0,0,0,0,0,NA,2 5,0,1,0,0,1,0,0,0,0,0,NA,3,2,1,4,4,4,4,4,8 9,0,0,0,0,0,0,0,1,1,0,0,0,0,NA,1,2,NA,9 10,0,0,0,0,0,0,0,0,1,1,0,0,0,NA,4,4,4,1,4,4,3,1,4,4,5,5,3,5,5,5,2,1,1,2 5,0,1,0,0,1,0,0,0,NA,2,3,2,3,2,2,3,2,3,4,2,4,NA,4,4,4,2,4,1 2 3,1,1,1,0,0,NA,5,NA,1,0,0,0,0,1,1,1,1,0,0,NA,1,1,1,1,4,1,1,3,3,3,3,3,3,3,3,3,3,3,1 4,1,0,0,1,0,0,0,0,0,0,0,2,1,1,1,1,4,4,3,3,2,9,1,4,2,4,4,3,4,4,4,4,4,2 4,0,1,0,1,0,0,0,NA,1,1,1,3,1,2,1,1,3,No,3 4,0,0,1,1,0,0,0,0,0,NA,26,NA,11024,Distance between urban to school area,uuid:731cd229-1e82-4363-9194-cf1ea0f13fa2,2512030649,uuid:731cd229-1e82-4363-9194-cf1ea0f13fa2,NA,NA,NA,NA,NA,NA,NA,NA,NA,NA
273459,S0406170532,OROMIA,Harargee Bahaa,kombolcha,saqaa,Rural,"12/5/2025, 6:52:00 AM","12/4/2025, 3:01:24 PM","12/4/2025, 11:37:25 PM",12/4/2025,260fdb5d4cc800d3,1,T19102,NA,male,6 7 8,0,0,0,0,0,1,1,1,0,97,0,0,0,1,Barnoota hawasa fi lamummaa,3,NA,2,NA,1,NA,2010,2010,1,0,NA,NA,1 2,1,1,0,0,0,0,0,NA,1,NA,2,0,1,0,0,0,0,0,NA,1,1 3,1,0,1,0,0,0,NA,2 3 5,0,1,1,0,1,0,0,0,0,0,NA,2 4,0,1,0,1,0,0,0,0,0,0,NA,4 5,0,0,0,1,1,0,0,0,0,0,NA,3,1,1,2,4,4,1,3,4,0,0,0,1,0,0,0,0,0,0,0,0,0,NA,1,2,NA,2,0,1,0,0,0,0,0,0,0,0,0,0,0,NA,4,4,4,3,4,4,4,1,1,4,5,5,3,5,5,5,2,1,2,6,0,0,0,0,0,1,0,0,NA,3,1,3,4,2,1,4,1,4,4,2,4,NA,4,3,3,4,4,2 3,0,1,1,0,0,NA,2,NA,1,0,0,1,0,0,0,0,0,0,0,NA,3,3,1,1,4,4,1,1,1,2,1,1,1,1,1,1,1,3,1 8,1,0,0,0,0,0,0,1,0,0,0,1,3,1,1,3,1,2,3,1,1,9,1,1,4,4,4,4,3,4,2,4,4,1 2 4,1,1,0,1,0,0,0,NA,1,1,1,3,1,2,3,3,3,Distance from urban to school area,3 4,0,0,1,1,0,0,0,0,0,NA,31,NA,10600,None,uuid:12405a23-6d42-4306-a68b-5ff1e6c91b28,2512030649,uuid:12405a23-6d42-4306-a68b-5ff1e6c91b28,NA,NA,NA,NA,NA,NA,NA,NA,NA,NA
273459,S0406170532,OROMIA,Harargee Bahaa,kombolcha,saqaa,Rural,"12/5/2025, 6:52:39 AM","12/4/2025, 12:52:35 PM","12/4/2025, 11:52:23 PM",12/4/2025,be457e329562a140,1,S19101,NA,female,1 2 3 4,1,1,1,1,0,0,0,0,0,3,0,0,1,0,NA,4,NA,5,NA,1,NA,2009,2009,1,1,1,3,1 2,1,1,0,0,0,0,0,NA,1,NA,5 6,0,0,0,0,1,1,0,NA,1,1 2 3,1,1,1,0,0,0,NA,1 2 3 4,1,1,1,1,0,0,0,0,0,0,NA,2 4,0,1,0,1,0,0,0,0,0,0,NA,2 4,0,1,0,1,0,0,0,0,0,0,NA,3,2,3,3,3,3,1,3,2 3 7,0,1,1,0,0,0,1,0,0,0,0,0,0,NA,2,2,NA,2 4,0,1,0,1,0,0,0,0,0,0,0,0,0,NA,4,3,3,3,4,3,3,2,2,3,5,4,5,5,4,4,2,1,1,2 3 5,0,1,1,0,1,0,0,0,NA,3,4,4,3,3,3,3,4,3,3,1,2,NA,2,2,2,1,4,2 3,0,1,1,0,0,NA,2,NA,0,0,0,1,0,1,1,1,1,1,0,NA,1,1,3,2,3,2,2,3,3,3,3,3,3,3,3,3,3,3,1 2 4 5,1,1,0,1,1,0,0,0,0,0,0,3,3,3,3,3,4,3,3,3,1,8,1,3,3,3,3,3,3,3,2,3,4,4 5,0,0,0,1,1,0,0,NA,1,2,3,3,2,2,3,2,2,None,4 6,0,0,0,1,0,1,0,0,0,NA,23,NA,11448,None,uuid:dae238cf-7041-4650-8f84-9b1846a202fc,2512040829,uuid:dae238cf-7041-4650-8f84-9b1846a202fc,NA,NA,NA,NA,NA,NA,NA,NA,NA,NA
273773,S0406210132,OROMIA,Harargee Bahaa,meettaa,gammachuu duusee,Rural,"12/10/2025, 5:57:40 PM","12/10/2025, 1:25:21 PM","12/10/2025, 8:07:25 PM",12/10/2025,be457e329562a140,1,T20101,NA,male,1 2 3 4,1,1,1,1,0,0,0,0,0,2,0,1,0,0,NA,4,NA,2,NA,1,NA,2007,2016,4,1,1,3,1,1,0,0,0,0,0,0,NA,1,NA,6,0,0,0,0,0,1,0,NA,1,1 3,1,0,1,0,0,0,NA,3 4 5,0,0,1,1,1,0,0,0,0,0,NA,2 5,0,1,0,0,1,0,0,0,0,0,NA,2 5,0,1,0,0,1,0,0,0,0,0,NA,3,2,2,2,4,1,4,3,2 4 5 6,0,1,0,1,1,1,0,0,0,0,0,0,0,NA,2,4,NA,2 4 9,0,1,0,1,0,0,0,0,1,0,0,0,0,NA,3,3,3,3,3,3,3,3,3,3,4,4,3,5,5,4,2,1,1,2 3 5,0,1,1,0,1,0,0,0,NA,3,2,3,4,3,2,4,3,3,4,3,5,NA,1,3,1,1,3,2 3,0,1,1,0,0,NA,2,NA,0,0,0,1,1,1,1,1,1,0,0,NA,1,1,1,1,3,3,1,3,2,1,3,3,3,3,3,3,3,3,1 5 8,1,0,0,0,1,0,0,1,0,0,0,3,1,3,1,1,3,3,3,3,1,4,1,3,3,3,3,3,3,3,3,3,3,2,0,1,0,0,0,0,0,NA,1,3,3,3,2,3,2,2,3,None,4 6,0,0,0,1,0,1,0,0,0,NA,30,NA,10000,None,uuid:4c103508-171e-4e60-b139-a7d12b2c9728,2512040829,uuid:4c103508-171e-4e60-b139-a7d12b2c9728,NA,NA,NA,NA,NA,NA,NA,NA,NA,NA
273773,S0406210132,OROMIA,Harargee Bahaa,meettaa,gammachuu duusee,Rural,"12/10/2025, 5:57:41 PM","12/10/2025, 4:00:35 PM","12/10/2025, 8:08:42 PM",12/10/2025,be457e329562a140,1,T20102,NA,female,1 2 3 4,1,1,1,1,0,0,0,0,0,2,0,1,0,0,NA,4,NA,2,NA,1,NA,2000,2008,2,1,2,3,1,1,0,0,0,0,0,0,NA,1,NA,6,0,0,0,0,0,1,0,NA,1,1 2,1,1,0,0,0,0,NA,1 3 4,1,0,1,1,0,0,0,0,0,0,NA,2 5,0,1,0,0,1,0,0,0,0,0,NA,2 5,0,1,0,0,1,0,0,0,0,0,NA,3,2,2,3,1,3,1,1,2 4 5,0,1,0,1,1,0,0,0,0,0,0,0,0,NA,2,4,NA,2 3 5,0,1,1,0,1,0,0,0,0,0,0,0,0,NA,3,3,3,3,3,3,3,3,2,3,5,5,4,4,5,5,2,1,1,2 5,0,1,0,0,1,0,0,0,NA,4,3,3,3,3,3,4,3,3,4,2,4,NA,3,4,3,1,3,2 3,0,1,1,0,0,NA,2,NA,0,0,0,1,1,1,1,1,1,0,0,NA,1,2,2,1,4,2,2,3,3,3,3,3,3,2,2,3,3,3,1 2,1,1,0,0,0,0,0,0,0,0,0,3,1,3,3,3,2,3,3,3,1,2,3,3,3,3,3,2,4,3,2,3,3,2,0,1,0,0,0,0,0,NA,0,NA,NA,NA,NA,NA,NA,NA,NA,NA,4 6,0,0,0,1,0,1,0,0,0,NA,38,NA,12000,None,uuid:462d2555-4ccf-41f8-8e77-ad7823c2755c,2512040829,uuid:462d2555-4ccf-41f8-8e77-ad7823c2755c,NA,NA,NA,NA,NA,NA,NA,NA,NA,NA
273773,S0406210132,OROMIA,Harargee Bahaa,meettaa,gammachuu duusee,Rural,"12/10/2025, 6:11:21 PM","12/10/2025, 12:35:12 PM","12/10/2025, 6:42:18 PM",12/10/2025,260fdb5d4cc800d3,1,T20103,NA,male,6 7 8,0,0,0,0,0,1,1,1,0,97,0,0,0,1,Barnoota kawasaki fi lammummaa,4,NA,2,NA,1,NA,1999,2011,4,0,NA,NA,1 2,1,1,0,0,0,0,0,NA,1,NA,6,0,0,0,0,0,1,0,NA,1,1 2 3,1,1,1,0,0,0,NA,3 4,0,0,1,1,0,0,0,0,0,0,NA,2 4,0,1,0,1,0,0,0,0,0,0,NA,2 5,0,1,0,0,1,0,0,0,0,0,NA,4,3,2,4,4,3,3,3,8 9,0,0,0,0,0,0,0,1,1,0,0,0,0,NA,2,2,NA,9,0,0,0,0,0,0,0,0,1,0,0,0,0,NA,4,3,4,3,4,4,4,3,3,4,5,5,5,5,5,5,2,1,1,2 5,0,1,0,0,1,0,0,0,NA,3,3,2,3,3,3,4,1,4,5,5,4,NA,2,3,3,1,4,1 3 4,1,0,1,1,0,NA,1,NA,0,0,0,1,0,0,0,1,1,0,0,NA,1,1,1,3,4,1,1,2,1,1,3,3,2,2,3,3,3,3,1 11,1,0,0,0,0,0,0,0,0,0,1,1,3,1,3,1,3,1,3,2,1,9,2,4,1,4,4,3,4,4,4,4,4,1 2,1,1,0,0,0,0,0,NA,1,3,3,3,1,3,3,3,1,No,1,1,0,0,0,0,0,0,0,0,NA,36,NA,12000,Guddinaa dhabuunkoo rakkoo gudda natti tahera,uuid:62192346-bb53-4ed3-93d9-48e2b53aa791,2512040829,uuid:62192346-bb53-4ed3-93d9-48e2b53aa791,NA,NA,NA,NA,NA,NA,NA,NA,NA,NA
274011,S0406230972,OROMIA,Harargee Bahaa,qarsaa,jaalallee,Rural,"12/9/2025, 6:52:23 PM","12/9/2025, 1:24:09 PM","12/9/2025, 6:51:34 PM",12/9/2025,be457e329562a140,1,T20901,NA,male,1 2 3 4,1,1,1,1,0,0,0,0,0,3,0,0,1,0,NA,4,NA,2,NA,1,NA,2003,2010,3,1,2,3,1,1,0,0,0,0,0,0,NA,1,NA,5 6,0,0,0,0,1,1,0,NA,1,1 3,1,0,1,0,0,0,NA,2 3 4,0,1,1,1,0,0,0,0,0,0,NA,2 4,0,1,0,1,0,0,0,0,0,0,NA,2 5,0,1,0,0,1,0,0,0,0,0,NA,3,3,4,4,1,3,1,3,2 4 5,0,1,0,1,1,0,0,0,0,0,0,0,0,NA,2,2,NA,2 3 5,0,1,1,0,1,0,0,0,0,0,0,0,0,NA,3,3,3,2,3,3,3,3,3,3,4,4,4,3,3,3,2,2,1,2 3 5,0,1,1,0,1,0,0,0,NA,3,4,4,3,3,2,3,2,3,3,3,4,NA,3,3,2,1,4,2 3,0,1,1,0,0,NA,1,NA,0,0,0,1,1,1,1,1,1,0,0,NA,1,3,1,3,3,4,3,1,1,1,3,3,2,2,2,1,1,1,1 4 5,1,0,0,1,1,0,0,0,0,0,0,3,3,3,3,3,3,3,3,3,1,1,1,3,3,3,3,3,3,3,3,3,3,2,0,1,0,0,0,0,0,NA,0,NA,NA,NA,NA,NA,NA,NA,NA,NA,1 4,1,0,0,1,0,0,0,0,0,NA,35,NA,13500,None,uuid:3cd04593-2bb6-46b6-a6e7-13069d58ca8d,2512040829,uuid:3cd04593-2bb6-46b6-a6e7-13069d58ca8d,NA,NA,NA,NA,NA,NA,NA,NA,NA,NA
274011,S0406230972,OROMIA,Harargee Bahaa,qarsaa,jaalallee,Rural,"12/9/2025, 7:05:42 PM","12/9/2025, 2:18:45 PM","12/9/2025, 8:24:59 PM",12/9/2025,260fdb5d4cc800d3,1,T20903,NA,male,1 2 3 4,1,1,1,1,0,0,0,0,0,1 97,1,0,0,1,Gaadaa subject,3,NA,1,NA,1,NA,2017,2017,1,0,NA,NA,1 2,1,1,0,0,0,0,0,NA,1,NA,6,0,0,0,0,0,1,0,NA,1,3,0,0,1,0,0,0,NA,3 4,0,0,1,1,0,0,0,0,0,0,NA,2 5,0,1,0,0,1,0,0,0,0,0,NA,2 5,0,1,0,0,1,0,0,0,0,0,NA,3,3,2,3,4,4,3,4,7 8,0,0,0,0,0,0,1,1,0,0,0,0,0,NA,3,2,NA,9,0,0,0,0,0,0,0,0,1,0,0,0,0,NA,4,4,4,4,4,4,4,3,3,3,5,5,4,5,3,5,1,1,1,2 5,0,1,0,0,1,0,0,0,NA,3,3,3,4,3,3,4,1,4,5,4,4,NA,2,2,1,1,4,1 2 4,1,1,0,1,0,NA,1,NA,0,0,0,0,0,1,1,1,1,0,0,NA,1,1,1,1,4,3,1,3,3,3,3,3,3,3,3,3,3,3,10 11,0,0,0,0,0,0,0,0,0,1,1,1,1,1,3,1,4,1,3,1,4,9,3,3,4,4,4,2,4,4,4,4,4,1,1,0,0,0,0,0,0,NA,0,NA,NA,NA,NA,NA,NA,NA,NA,NA,4,0,0,0,1,0,0,0,0,0,NA,26,NA,6200,No,uuid:9fd02db2-2fb5-43f2-94a3-684af7d89d23,2512040829,uuid:9fd02db2-2fb5-43f2-94a3-684af7d89d23,NA,NA,NA,NA,NA,NA,NA,NA,NA,NA
274011,S0406230972,OROMIA,Harargee Bahaa,qarsaa,jaalallee,Rural,"12/9/2025, 7:05:42 PM","12/9/2025, 1:36:08 PM","12/9/2025, 8:24:34 PM",12/9/2025,260fdb5d4cc800d3,1,T20902,NA,male,6 7 8,0,0,0,0,0,1,1,1,0,2 97,0,1,0,1,Saayinsii waaligala,4,NA,5,NA,1,NA,2008,2008,1,0,NA,NA,1 2,1,1,0,0,0,0,0,NA,1,NA,5 6,0,0,0,0,1,1,0,NA,1,3,0,0,1,0,0,0,NA,2 4,0,1,0,1,0,0,0,0,0,0,NA,2 5,0,1,0,0,1,0,0,0,0,0,NA,4 5,0,0,0,1,1,0,0,0,0,0,NA,4,2,2,3,4,4,1,1,5 7,0,0,0,0,1,0,1,0,0,0,0,0,0,NA,3,2,NA,9,0,0,0,0,0,0,0,0,1,0,0,0,0,NA,3,3,3,2,3,4,4,2,4,4,5,4,2,5,4,5,2,2,1,2 5,0,1,0,0,1,0,0,0,NA,3,4,3,3,3,3,4,1,4,4,4,4,NA,4,4,4,1,4,1 3,1,0,1,0,0,NA,2,NA,0,0,0,1,1,1,1,1,1,1,0,NA,3,3,1,1,4,4,3,1,3,3,2,1,2,1,3,3,3,2,2 11,0,1,0,0,0,0,0,0,0,0,1,3,3,4,3,1,4,1,1,2,1,4,4,3,3,4,4,4,4,4,4,4,4,4,0,0,0,1,0,0,0,NA,1,3,3,3,1,2,2,1,1,No,5,0,0,0,0,1,0,0,0,0,NA,30,NA,11406,Gama ogummatin leenjii dhabuu,uuid:11069440-9178-412d-a9a0-c65a41f42f8b,2512040829,uuid:11069440-9178-412d-a9a0-c65a41f42f8b,NA,NA,NA,NA,NA,NA,NA,NA,NA,NA
95490,S0407050242,OROMIA,Harargee Lixaa,burqaa dhiintuu,odaa gaaddisaa,Rural,"12/28/2025, 4:37:48 PM","12/26/2025, 3:52:16 PM","12/26/2025, 5:11:10 PM",12/26/2025,260fdb5d4cc800d3,1,T13703,NA,male,6 7 8,0,0,0,0,0,1,1,1,0,2,0,1,0,0,NA,4,NA,2,NA,1,NA,2011,2018,3,0,NA,NA,2,0,1,0,0,0,0,0,NA,1,NA,6,0,0,0,0,0,1,0,NA,1,2 3,0,1,1,0,0,0,NA,3 4 5,0,0,1,1,1,0,0,0,0,0,NA,2 5,0,1,0,0,1,0,0,0,0,0,NA,4 5,0,0,0,1,1,0,0,0,0,0,NA,3,3,3,3,3,3,3,3,7 8,0,0,0,0,0,0,1,1,0,0,0,0,0,NA,1,2,NA,4 5,0,0,0,1,1,0,0,0,0,0,0,0,0,NA,4,4,4,4,4,4,3,4,3,4,5,5,5,5,5,5,2,1,1,2 5,0,1,0,0,1,0,0,0,NA,3,3,3,4,3,4,4,1,3,4,4,4,NA,1,1,2,1,4,1 2 3,1,1,1,0,0,NA,2,NA,1,0,0,0,0,1,0,1,1,0,0,NA,1,1,1,1,4,1,1,3,3,3,3,3,3,3,3,3,3,3,1 2,1,1,0,0,0,0,0,0,0,0,0,1,1,1,2,1,3,1,3,3,1,10,1,3,4,3,4,3,4,4,4,4,4,1 2,1,1,0,0,0,0,0,NA,0,NA,NA,NA,NA,NA,NA,NA,NA,NA,4 5,0,0,0,1,1,0,0,0,0,NA,30,NA,14830,None0,uuid:bccb4e2e-2b0a-4249-b35d-5f63d549b47b,2512142209,uuid:bccb4e2e-2b0a-4249-b35d-5f63d549b47b,NA,NA,NA,NA,NA,NA,NA,NA,NA,NA
95490,S0407050242,OROMIA,Harargee Lixaa,burqaa dhiintuu,odaa gaaddisaa,Rural,"12/28/2025, 4:43:39 PM","12/26/2025, 9:39:03 AM","12/28/2025, 4:40:30 PM",12/26/2025,be457e329562a140,1,T13702,NA,female,1 2 3 4,1,1,1,1,0,0,0,0,0,2 97,0,1,0,1,Barnoota saafuu fi Barnoota ogarti,3,NA,5,NA,1,NA,2016,2016,1,1,2,3,1,1,0,0,0,0,0,0,NA,1,NA,6,0,0,0,0,0,1,0,NA,1,1 3,1,0,1,0,0,0,NA,2 3 4,0,1,1,1,0,0,0,0,0,0,NA,2 5,0,1,0,0,1,0,0,0,0,0,NA,2 5,0,1,0,0,1,0,0,0,0,0,NA,2,2,3,3,4,1,1,1,2 7 8,0,1,0,0,0,0,1,1,0,0,0,0,0,NA,2,2,NA,9,0,0,0,0,0,0,0,0,1,0,0,0,0,NA,4,4,4,2,4,4,4,3,3,4,5,5,4,4,4,5,2,1,2,5,0,0,0,0,1,0,0,0,NA,3,3,3,4,1,3,3,1,3,4,4,4,NA,3,3,3,2,4,1 2 4,1,1,0,1,0,NA,3,NA,0,0,0,0,0,1,0,1,1,0,0,NA,3,1,1,1,4,3,1,3,3,3,3,3,3,3,3,3,3,3,1 5 8,1,0,0,0,1,0,0,1,0,0,0,3,2,3,3,3,3,3,3,3,2,9,3,2,4,3,3,1,4,4,4,4,4,4,0,0,0,1,0,0,0,NA,0,NA,NA,NA,NA,NA,NA,NA,NA,NA,4 7,0,0,0,1,0,0,1,0,0,NA,27,NA,12000,No,uuid:a3cfefc7-17a9-4da9-afb5-27ba0c17e9fb,2512142209,uuid:a3cfefc7-17a9-4da9-afb5-27ba0c17e9fb,NA,NA,NA,NA,NA,NA,NA,NA,NA,NA
95490,S0407050242,OROMIA,Harargee Lixaa,burqaa dhiintuu,odaa gaaddisaa,Rural,"12/28/2025, 4:43:39 PM","12/26/2025, 9:03:40 AM","12/28/2025, 4:40:06 PM",12/26/2025,be457e329562a140,1,T13701,NA,female,1 2 3 4,1,1,1,1,0,0,0,0,0,1,1,0,0,0,NA,4,NA,2,NA,1,NA,2010,2017,2,0,NA,NA,1,1,0,0,0,0,0,0,NA,1,NA,5 6,0,0,0,0,1,1,0,NA,1,1,1,0,0,0,0,0,NA,2 3 4,0,1,1,1,0,0,0,0,0,0,NA,2 5,0,1,0,0,1,0,0,0,0,0,NA,2 4,0,1,0,1,0,0,0,0,0,0,NA,2,3,2,3,2,2,1,1,2 4,0,1,0,1,0,0,0,0,0,0,0,0,0,NA,2,4,NA,3 9,0,0,1,0,0,0,0,0,1,0,0,0,0,NA,3,3,3,3,4,4,3,3,3,4,5,5,5,5,5,5,2,1,2,2 5,0,1,0,0,1,0,0,0,NA,3,2,3,3,3,3,3,3,3,4,3,4,NA,3,3,3,2,4,1 2 4,1,1,0,1,0,NA,3,NA,0,0,0,0,0,1,0,1,1,0,0,NA,3,1,1,1,4,3,3,3,3,3,3,3,3,3,3,3,3,3,1 5 8,1,0,0,0,1,0,0,1,0,0,0,3,2,3,3,3,3,3,3,3,1,8,3,4,4,4,3,1,4,4,4,4,4,2,0,1,0,0,0,0,0,NA,1,3,3,3,3,2,2,2,1,No,4 6,0,0,0,1,0,1,0,0,0,NA,26,NA,14849,No,uuid:ddf2076c-1ea4-41d4-9a5f-152faf7b30b1,2512142209,uuid:ddf2076c-1ea4-41d4-9a5f-152faf7b30b1,NA,NA,NA,NA,NA,NA,NA,NA,NA,NA
95486,S0407050252,OROMIA,Harargee Lixaa,burqaa dhiintuu,mataa arbaa,Rural,"12/28/2025, 4:37:50 PM","12/27/2025, 4:35:14 PM","12/27/2025, 5:09:16 PM",12/27/2025,260fdb5d4cc800d3,1,T13603,NA,male,6 7 8,0,0,0,0,0,1,1,1,0,2,0,1,0,0,NA,3,NA,2,NA,1,NA,2013,2016,2,0,NA,NA,2,0,1,0,0,0,0,0,NA,1,NA,2 6,0,1,0,0,0,1,0,NA,1,2 3,0,1,1,0,0,0,NA,4 5,0,0,0,1,1,0,0,0,0,0,NA,2 4,0,1,0,1,0,0,0,0,0,0,NA,2 5,0,1,0,0,1,0,0,0,0,0,NA,2,2,3,2,3,3,3,3,8,0,0,0,0,0,0,0,1,0,0,0,0,0,NA,1,4,NA,9,0,0,0,0,0,0,0,0,1,0,0,0,0,NA,3,3,3,3,3,3,3,4,3,4,5,4,3,4,4,4,2,1,1,2 5,0,1,0,0,1,0,0,0,NA,3,3,3,3,2,3,3,1,4,4,3,4,NA,2,3,3,1,4,1 2 3 4,1,1,1,1,0,NA,2,NA,0,0,0,0,0,0,1,1,1,0,0,NA,1,1,1,3,4,4,3,3,3,3,3,3,3,3,3,3,3,3,1 11,1,0,0,0,0,0,0,0,0,0,1,1,1,1,1,1,4,1,3,3,1,10,1,3,4,3,3,3,4,4,4,4,4,1 2,1,1,0,0,0,0,0,NA,1,1,3,3,1,1,1,3,1,None,3 4,0,0,1,1,0,0,0,0,0,NA,28,NA,12639,None,uuid:6a3980dd-a727-447c-8f41-ddd2abde7be6,2512142209,uuid:6a3980dd-a727-447c-8f41-ddd2abde7be6,NA,NA,NA,NA,NA,NA,NA,NA,NA,NA
95486,S0407050252,OROMIA,Harargee Lixaa,burqaa dhiintuu,mataa arbaa,Rural,"12/28/2025, 4:43:38 PM","12/27/2025, 10:18:07 AM","12/28/2025, 4:42:22 PM",12/27/2025,be457e329562a140,1,T13602,NA,male,1 2 3 4,1,1,1,1,0,0,0,0,0,2 97,0,1,0,1,Barnoota safuu,4,NA,5,NA,1,NA,2009,2015,3,1,2,3,1 2,1,1,0,0,0,0,0,NA,1,NA,5 6,0,0,0,0,1,1,0,NA,1,1,1,0,0,0,0,0,NA,1 2 3 5,1,1,1,0,1,0,0,0,0,0,NA,2 4,0,1,0,1,0,0,0,0,0,0,NA,2 4,0,1,0,1,0,0,0,0,0,0,NA,2,2,3,3,4,4,1,1,2 4 7 8,0,1,0,1,0,0,1,1,0,0,0,0,0,NA,2,2,NA,5 9 10,0,0,0,0,1,0,0,0,1,1,0,0,0,NA,4,4,4,3,4,4,3,3,3,4,5,5,5,5,4,5,2,1,2,5,0,0,0,0,1,0,0,0,NA,3,3,3,2,1,2,3,1,3,4,3,4,NA,3,3,3,2,4,3 4,0,0,1,1,0,NA,3,NA,0,0,0,0,0,1,0,1,1,0,0,NA,3,1,1,1,4,3,3,3,3,3,3,3,3,3,3,3,3,3,1 5 8,1,0,0,0,1,0,0,1,0,0,0,3,2,3,3,3,3,3,3,3,1,8,3,2,4,3,3,1,4,4,4,4,4,4,0,0,0,1,0,0,0,NA,0,NA,NA,NA,NA,NA,NA,NA,NA,NA,6 7,0,0,0,0,0,1,1,0,0,NA,32,NA,15000,No,uuid:e2a6c07e-e1dc-479d-b006-13a1da86d870,2512142209,uuid:e2a6c07e-e1dc-479d-b006-13a1da86d870,NA,NA,NA,NA,NA,NA,NA,NA,NA,NA
95486,S0407050252,OROMIA,Harargee Lixaa,burqaa dhiintuu,mataa arbaa,Rural,"12/28/2025, 4:43:38 PM","12/27/2025, 9:32:41 AM","12/28/2025, 4:42:02 PM",12/27/2025,be457e329562a140,1,T13601,NA,female,1 2 3 4,1,1,1,1,0,0,0,0,0,1 97,1,0,0,1,Barnoota ogaartii,3,NA,2,NA,1,NA,2016,2016,1,0,NA,NA,1,1,0,0,0,0,0,0,NA,1,NA,5 6,0,0,0,0,1,1,0,NA,1,1,1,0,0,0,0,0,NA,2 3 4,0,1,1,1,0,0,0,0,0,0,NA,2 5,0,1,0,0,1,0,0,0,0,0,NA,2 4,0,1,0,1,0,0,0,0,0,0,NA,2,3,3,2,3,1,1,1,2 4 9,0,1,0,1,0,0,0,0,1,0,0,0,0,NA,2,2,NA,4 9,0,0,0,1,0,0,0,0,1,0,0,0,0,NA,4,4,4,2,4,4,4,3,3,4,5,5,5,5,5,5,2,1,2,2 5,0,1,0,0,1,0,0,0,NA,3,3,3,4,1,3,3,1,3,4,4,4,NA,3,3,3,2,4,2 4,0,1,0,1,0,NA,3,NA,0,0,0,0,0,1,0,1,1,0,0,NA,3,1,1,1,4,3,1,3,3,2,3,3,3,2,2,3,3,3,1 5 6,1,0,0,0,1,1,0,0,0,0,0,3,2,3,3,3,3,3,3,3,1,9,3,3,3,3,3,1,4,4,3,4,4,2,0,1,0,0,0,0,0,NA,0,NA,NA,NA,NA,NA,NA,NA,NA,NA,4 6,0,0,0,1,0,1,0,0,0,NA,25,NA,11724,No,uuid:ec9102a7-8141-4a3b-ac65-db25409b7966,2512142209,uuid:ec9102a7-8141-4a3b-ac65-db25409b7966,NA,NA,NA,NA,NA,NA,NA,NA,NA,NA
95625,S0407070442,OROMIA,Harargee Lixaa,daaroo labuu,agamtii,Rural,"12/24/2025, 6:54:11 AM","12/23/2025, 8:36:08 AM","12/23/2025, 8:01:30 PM",12/23/2025,260fdb5d4cc800d3,1,T35103,NA,female,1 2 3 4,1,1,1,1,0,0,0,0,0,2 97,0,1,0,1,Barnoota saayinsii fi ogart,3,NA,2,NA,1,NA,2015,2015,1,0,NA,NA,1 2,1,1,0,0,0,0,0,NA,1,NA,2 6,0,1,0,0,0,1,0,NA,1,1 3,1,0,1,0,0,0,NA,2 3 4,0,1,1,1,0,0,0,0,0,0,NA,2 5,0,1,0,0,1,0,0,0,0,0,NA,98,0,0,0,0,0,0,0,0,0,1,NA,1,2,2,3,3,3,3,3,6 7,0,0,0,0,0,1,1,0,0,0,0,0,0,NA,1,4,NA,8 9,0,0,0,0,0,0,0,1,1,0,0,0,0,NA,3,2,3,3,2,2,3,3,1,2,3,2,4,4,3,4,2,2,1,2 5,0,1,0,0,1,0,0,0,NA,2,3,3,2,3,2,3,1,1,2,2,4,NA,3,3,2,1,4,1 2 3,1,1,1,0,0,NA,3,NA,1,0,0,1,0,1,1,1,1,0,0,NA,3,2,1,1,4,2,1,1,2,2,3,3,2,3,3,3,3,3,1 11,1,0,0,0,0,0,0,0,0,0,1,1,1,3,2,1,4,3,3,3,1,9,3,1,4,1,3,4,4,4,4,4,4,2,0,1,0,0,0,0,0,NA,0,NA,NA,NA,NA,NA,NA,NA,NA,NA,1 6,1,0,0,0,0,1,0,0,0,NA,25,NA,9600,Distance from urban to school area,uuid:b8bc81f4-7f45-4af0-a0d7-18b17319158a,2512142209,uuid:b8bc81f4-7f45-4af0-a0d7-18b17319158a,NA,NA,NA,NA,NA,NA,NA,NA,NA,NA
95625,S0407070442,OROMIA,Harargee Lixaa,daaroo labuu,agamtii,Rural,"12/24/2025, 6:54:12 AM","12/23/2025, 9:17:14 AM","12/23/2025, 8:01:09 PM",12/23/2025,260fdb5d4cc800d3,1,T35102,NA,male,5 6 7 8,0,0,0,0,1,1,1,1,0,2,0,1,0,0,NA,3,NA,2,NA,1,NA,2013,2014,3,1,1,2,2,0,1,0,0,0,0,0,NA,1,NA,6,0,0,0,0,0,1,0,NA,1,3,0,0,1,0,0,0,NA,1 2 3,1,1,1,0,0,0,0,0,0,0,NA,2 4,0,1,0,1,0,0,0,0,0,0,NA,2 5,0,1,0,0,1,0,0,0,0,0,NA,3,3,3,3,3,3,3,3,6,0,0,0,0,0,1,0,0,0,0,0,0,0,NA,3,4,NA,3,0,0,1,0,0,0,0,0,0,0,0,0,0,NA,3,3,3,3,4,4,4,4,3,4,5,4,4,4,4,4,2,1,1,2 5,0,1,0,0,1,0,0,0,NA,4,3,3,2,2,3,3,1,3,4,4,4,NA,3,3,2,1,4,1 2 3 4,1,1,1,1,0,NA,3,NA,1,0,1,1,0,1,1,1,1,0,0,NA,1,1,1,1,4,2,1,3,3,3,3,3,3,3,3,3,3,3,1 11,1,0,0,0,0,0,0,0,0,0,1,1,1,1,1,2,4,2,3,3,1,10,1,3,4,3,3,3,4,4,4,4,4,2 4,0,1,0,1,0,0,0,NA,1,3,3,3,1,3,2,2,1,No,3,0,0,1,0,0,0,0,0,0,NA,23,NA,9700,None,uuid:c7f5f38d-69a2-4930-8fa4-982d94b9f6e6,2512142209,uuid:c7f5f38d-69a2-4930-8fa4-982d94b9f6e6,NA,NA,NA,NA,NA,NA,NA,NA,NA,NA
95625,S0407070442,OROMIA,Harargee Lixaa,daaroo labuu,agamtii,Rural,"12/24/2025, 6:54:13 AM","12/23/2025, 9:53:33 AM","12/23/2025, 8:00:43 PM",12/23/2025,260fdb5d4cc800d3,1,T35101,NA,female,1 2 3 4,1,1,1,1,0,0,0,0,0,1 97,1,0,0,1,Saayinsii naannoo fi fjq/ fayyaf jabeenya qaama,3,NA,2,NA,1,NA,2009,2015,2,0,NA,NA,1 2,1,1,0,0,0,0,0,NA,1,NA,2 6,0,1,0,0,0,1,0,NA,1,3,0,0,1,0,0,0,NA,1 2 3,1,1,1,0,0,0,0,0,0,0,NA,2 4,0,1,0,1,0,0,0,0,0,0,NA,2 5,0,1,0,0,1,0,0,0,0,0,NA,3,3,2,3,3,3,3,3,6,0,0,0,0,0,1,0,0,0,0,0,0,0,NA,2,4,NA,4 5,0,0,0,1,1,0,0,0,0,0,0,0,0,NA,3,3,3,3,4,4,4,3,1,4,4,4,4,3,4,4,2,1,1,2 5,0,1,0,0,1,0,0,0,NA,3,3,3,2,2,3,3,1,4,4,4,4,NA,1,2,2,1,4,1 2 3 4,1,1,1,1,0,NA,3,NA,1,0,0,1,0,1,1,1,1,0,0,NA,1,1,1,1,4,1,1,3,3,3,3,3,3,3,3,3,3,3,1 2,1,1,0,0,0,0,0,0,0,0,0,1,1,1,3,1,3,2,3,3,1,10,1,3,4,3,3,3,4,4,4,4,4,2,0,1,0,0,0,0,0,NA,0,NA,NA,NA,NA,NA,NA,NA,NA,NA,4,0,0,0,1,0,0,0,0,0,NA,26,NA,10000,None,uuid:63fbc9e5-1524-4ac5-88dd-39c2d15adf90,2512142209,uuid:63fbc9e5-1524-4ac5-88dd-39c2d15adf90,NA,NA,NA,NA,NA,NA,NA,NA,NA,NA
95702,S0407070642,OROMIA,Harargee Lixaa,daaroo labuu,sorooroo,Urban,"12/23/2025, 7:47:46 AM","12/22/2025, 2:19:18 PM","12/22/2025, 4:06:08 PM",12/22/2025,be457e329562a140,1,T14502,NA,male,6 7,0,0,0,0,0,1,1,0,0,2,0,1,0,0,NA,4,NA,2,NA,1,NA,2006,2013,2,1,2,3,1,1,0,0,0,0,0,0,NA,1,NA,2 6,0,1,0,0,0,1,0,NA,1,1,1,0,0,0,0,0,NA,2 4 5,0,1,0,1,1,0,0,0,0,0,NA,2 4,0,1,0,1,0,0,0,0,0,0,NA,2 4,0,1,0,1,0,0,0,0,0,0,NA,2,3,3,2,2,2,1,1,2 4 7,0,1,0,1,0,0,1,0,0,0,0,0,0,NA,2,4,NA,3 5 9,0,0,1,0,1,0,0,0,1,0,0,0,0,NA,3,3,3,3,4,4,4,3,3,4,5,5,5,5,5,5,2,1,1,5,0,0,0,0,1,0,0,0,NA,4,4,3,3,2,2,3,3,4,4,3,4,NA,3,3,3,3,3,2 3,0,1,1,0,0,NA,4,NA,0,0,0,0,0,1,1,1,1,0,0,NA,3,1,1,1,3,1,3,3,3,3,3,3,2,3,3,3,3,3,1 2,1,1,0,0,0,0,0,0,0,0,0,3,2,3,3,3,3,3,3,3,2,9,2,3,3,4,3,3,4,4,3,4,4,2,0,1,0,0,0,0,0,NA,1,3,3,3,2,2,2,3,2,No,5 7,0,0,0,0,1,0,1,0,0,NA,32,NA,11268,No,uuid:b10dfd23-e596-4d98-8e7d-b327a1561fc4,2512142209,uuid:b10dfd23-e596-4d98-8e7d-b327a1561fc4,NA,NA,NA,NA,NA,NA,NA,NA,NA,NA
95702,S0407070642,OROMIA,Harargee Lixaa,daaroo labuu,sorooroo,Urban,"12/23/2025, 7:47:53 AM","12/22/2025, 1:26:56 PM","12/22/2025, 4:05:12 PM",12/22/2025,be457e329562a140,1,T14501,NA,male,1 2 3 4,1,1,1,1,0,0,0,0,0,1,1,0,0,0,NA,3,NA,2,NA,1,NA,2011,2013,2,1,1,3,1,1,0,0,0,0,0,0,NA,1,NA,3 6,0,0,1,0,0,1,0,NA,1,1 3,1,0,1,0,0,0,NA,2 3 4,0,1,1,1,0,0,0,0,0,0,NA,2 4,0,1,0,1,0,0,0,0,0,0,NA,2 4,0,1,0,1,0,0,0,0,0,0,NA,2,3,2,3,3,2,1,1,2 4,0,1,0,1,0,0,0,0,0,0,0,0,0,NA,2,4,NA,3 4 9,0,0,1,1,0,0,0,0,1,0,0,0,0,NA,3,2,3,3,3,4,4,3,3,4,5,5,5,5,5,5,2,1,1,2 5,0,1,0,0,1,0,0,0,NA,4,3,2,3,2,2,3,3,3,4,4,4,NA,3,3,3,3,3,2 3,0,1,1,0,0,NA,4,NA,0,0,0,0,1,1,1,1,1,0,0,NA,3,1,1,1,3,3,3,3,1,3,3,3,3,2,3,3,3,3,1 4,1,0,0,1,0,0,0,0,0,0,0,2,3,3,3,3,3,2,3,3,1,8,3,3,3,4,4,2,4,4,3,4,4,2 4,0,1,0,1,0,0,0,NA,1,3,3,3,2,3,3,3,2,No,4 6,0,0,0,1,0,1,0,0,0,NA,28,NA,10411,No,uuid:b9b2eba4-b5c4-412f-923c-5409f59e3c12,2512142209,uuid:b9b2eba4-b5c4-412f-923c-5409f59e3c12,NA,NA,NA,NA,NA,NA,NA,NA,NA,NA
95702,S0407070642,OROMIA,Harargee Lixaa,daaroo labuu,sorooroo,Urban,"12/24/2025, 6:54:10 AM","12/22/2025, 12:48:19 PM","12/22/2025, 5:41:52 PM",12/22/2025,260fdb5d4cc800d3,1,T14503,NA,female,1 2 3 4,1,1,1,1,0,0,0,0,0,1 97,1,0,0,1,Saayinsii naannoo fi barnoota saafu,3,NA,2,NA,1,NA,2007,2012,3,0,NA,NA,1 2,1,1,0,0,0,0,0,NA,1,NA,2 6,0,1,0,0,0,1,0,NA,1,3,0,0,1,0,0,0,NA,1 2 4 5,1,1,0,1,1,0,0,0,0,0,NA,2 5,0,1,0,0,1,0,0,0,0,0,NA,2 5,0,1,0,0,1,0,0,0,0,0,NA,3,3,2,2,3,3,3,1,8,0,0,0,0,0,0,0,1,0,0,0,0,0,NA,2,2,NA,3 9,0,0,1,0,0,0,0,0,1,0,0,0,0,NA,3,3,3,3,4,3,3,2,2,3,5,5,4,4,2,3,2,2,1,2 5,0,1,0,0,1,0,0,0,NA,2,3,2,3,2,2,3,1,3,4,3,4,NA,3,1,2,1,4,1 2 3,1,1,1,0,0,NA,2,NA,1,0,0,1,0,1,1,1,1,0,0,NA,1,1,1,1,4,2,1,3,3,3,3,3,3,3,3,3,3,3,1 8,1,0,0,0,0,0,0,1,0,0,0,1,2,2,1,1,3,1,3,3,1,10,1,3,4,3,3,4,4,4,4,4,4,2,0,1,0,0,0,0,0,NA,1,2,2,3,1,3,1,2,1,No,3 4,0,0,1,1,0,0,0,0,0,NA,27,NA,11000,None,uuid:94f7b451-35ba-4ace-a28a-8c9263590f02,2512142209,uuid:94f7b451-35ba-4ace-a28a-8c9263590f02,NA,NA,NA,NA,NA,NA,NA,NA,NA,NA
96246,S0407120642,OROMIA,Harargee Lixaa,b/m/galamsoo,galamsoo lakk. 2,Urban,"12/24/2025, 7:38:10 PM","12/24/2025, 9:31:03 AM","12/24/2025, 3:29:37 PM",12/24/2025,be457e329562a140,1,T11802,NA,female,1 2 3 4,1,1,1,1,0,0,0,0,0,2 97,0,1,0,1,Barnoota ogarti fi barnoota saafuu,4,NA,5,NA,1,NA,1979,2016,4,1,2,3,1,1,0,0,0,0,0,0,NA,1,NA,6,0,0,0,0,0,1,0,NA,1,1 3,1,0,1,0,0,0,NA,2 3 4,0,1,1,1,0,0,0,0,0,0,NA,2 5,0,1,0,0,1,0,0,0,0,0,NA,2 5,0,1,0,0,1,0,0,0,0,0,NA,2,2,3,3,4,1,1,1,2 4 8 9,0,1,0,1,0,0,0,1,1,0,0,0,0,NA,2,2,NA,2 5 9,0,1,0,0,1,0,0,0,1,0,0,0,0,NA,4,4,4,2,4,4,4,3,3,4,5,5,4,4,4,5,2,1,2,2 5,0,1,0,0,1,0,0,0,NA,3,3,3,4,1,3,3,1,3,4,4,4,NA,3,3,3,2,4,1 4,1,0,0,1,0,NA,3,NA,1,1,1,1,1,1,1,1,1,0,0,NA,3,1,1,1,4,3,3,3,2,3,2,3,2,2,2,3,2,3,2 4 8,0,1,0,1,0,0,0,1,0,0,0,3,2,3,3,3,3,3,3,3,1,9,3,3,4,3,3,1,4,4,4,4,4,5,0,0,0,0,1,0,0,NA,0,NA,NA,NA,NA,NA,NA,NA,NA,NA,6 7,0,0,0,0,0,1,1,0,0,NA,58,NA,16200,No,uuid:3c8d0e9e-eec8-452f-b76a-a2c6f712b1a3,2512142209,uuid:3c8d0e9e-eec8-452f-b76a-a2c6f712b1a3,NA,NA,NA,NA,NA,NA,NA,NA,NA,NA
96246,S0407120642,OROMIA,Harargee Lixaa,b/m/galamsoo,galamsoo lakk. 2,Urban,"12/24/2025, 7:38:12 PM","12/24/2025, 9:00:09 AM","12/24/2025, 3:29:12 PM",12/24/2025,be457e329562a140,1,T11801,NA,female,1 2 3 4,1,1,1,1,0,0,0,0,0,1,1,0,0,0,NA,4,NA,5,NA,1,NA,1988,2010,3,1,2,3,1,1,0,0,0,0,0,0,NA,1,NA,5 6,0,0,0,0,1,1,0,NA,1,1,1,0,0,0,0,0,NA,2 3 4,0,1,1,1,0,0,0,0,0,0,NA,2 4,0,1,0,1,0,0,0,0,0,0,NA,2 5,0,1,0,0,1,0,0,0,0,0,NA,3,3,2,3,2,2,1,2,2 4 7,0,1,0,1,0,0,1,0,0,0,0,0,0,NA,2,4,NA,4 9,0,0,0,1,0,0,0,0,1,0,0,0,0,NA,4,4,4,4,4,4,3,3,3,4,5,5,5,5,5,5,2,1,1,2 5,0,1,0,0,1,0,0,0,NA,4,4,4,4,4,3,3,3,3,4,3,4,NA,3,3,3,2,3,2 3,0,1,1,0,0,NA,2,NA,0,0,0,0,0,1,1,1,1,0,0,NA,1,1,1,1,3,1,2,2,2,2,3,3,2,2,2,3,3,2,1 4,1,0,0,1,0,0,0,0,0,0,0,3,1,3,3,3,3,3,3,3,1,8,3,3,3,4,3,2,4,4,4,4,4,4,0,0,0,1,0,0,0,NA,0,NA,NA,NA,NA,NA,NA,NA,NA,NA,4 8,0,0,0,1,0,0,0,1,0,NA,48,NA,16000,No,uuid:b18cf24c-978e-4877-9fb0-22128130a8a0,2512142209,uuid:b18cf24c-978e-4877-9fb0-22128130a8a0,NA,NA,NA,NA,NA,NA,NA,NA,NA,NA
96246,S0407120642,OROMIA,Harargee Lixaa,b/m/galamsoo,galamsoo lakk. 2,Urban,"12/25/2025, 9:59:57 AM","12/24/2025, 3:36:16 AM","12/25/2025, 2:47:14 AM",12/24/2025,260fdb5d4cc800d3,1,T11803,NA,male,7 8,0,0,0,0,0,0,1,1,0,97,0,0,0,1,ICT,4,NA,5,NA,1,NA,2000,2013,3,0,NA,NA,2,0,1,0,0,0,0,0,NA,1,NA,2,0,1,0,0,0,0,0,NA,1,3,0,0,1,0,0,0,NA,3 4,0,0,1,1,0,0,0,0,0,0,NA,2 8,0,1,0,0,0,0,0,1,0,0,NA,2 4,0,1,0,1,0,0,0,0,0,0,NA,3,3,3,2,3,3,3,3,6,0,0,0,0,0,1,0,0,0,0,0,0,0,NA,1,2,NA,9,0,0,0,0,0,0,0,0,1,0,0,0,0,NA,4,4,3,4,3,3,2,3,3,3,5,5,5,5,5,5,1,1,1,2 5,0,1,0,0,1,0,0,0,NA,3,3,3,4,3,3,3,3,4,4,3,4,NA,1,1,1,2,4,1 2 3 4,1,1,1,1,0,NA,2,NA,0,0,0,0,0,1,1,1,1,0,0,NA,1,1,1,1,4,2,1,2,2,2,2,3,3,1,3,3,3,3,1 3,1,0,1,0,0,0,0,0,0,0,0,1,1,2,3,1,4,1,3,3,2,10,1,3,4,3,4,3,4,4,4,4,4,2 5,0,1,0,0,1,0,0,NA,1,3,3,3,1,2,1,1,1,No,1,1,0,0,0,0,0,0,0,0,NA,45,NA,15020,None,uuid:b04e9928-ada6-4b13-a7bf-d9b8698173d4,2512142209,uuid:b04e9928-ada6-4b13-a7bf-d9b8698173d4,NA,NA,NA,NA,NA,NA,NA,NA,NA,NA
96553,S0407160272,OROMIA,Harargee Lixaa,odaa bultuum,adaadaa,Rural,"12/18/2025, 6:04:33 PM","12/18/2025, 1:13:09 PM","12/18/2025, 5:59:32 PM",12/18/2025,be457e329562a140,1,T20502,NA,female,1 2 3 4,1,1,1,1,0,0,0,0,0,1 2,1,1,0,0,NA,3,NA,2,NA,1,NA,2014,2014,1,1,1,3,1,1,0,0,0,0,0,0,NA,1,NA,6,0,0,0,0,0,1,0,NA,1,1,1,0,0,0,0,0,NA,2 3 4,0,1,1,1,0,0,0,0,0,0,NA,2 4,0,1,0,1,0,0,0,0,0,0,NA,2 4,0,1,0,1,0,0,0,0,0,0,NA,2,2,2,2,4,1,3,3,2 4,0,1,0,1,0,0,0,0,0,0,0,0,0,NA,2,4,NA,3 5 9,0,0,1,0,1,0,0,0,1,0,0,0,0,NA,4,4,3,3,4,4,3,3,3,3,3,5,3,5,5,3,2,2,1,5,0,0,0,0,1,0,0,0,NA,2,2,2,3,3,3,3,3,3,3,3,4,NA,3,3,3,1,3,2 3,0,1,1,0,0,NA,4,NA,0,0,0,0,0,1,1,1,1,0,0,NA,3,1,1,1,3,1,1,1,3,3,3,3,3,2,3,3,3,3,2 4,0,1,0,1,0,0,0,0,0,0,0,3,1,3,3,3,3,3,3,3,1,8,3,3,3,4,3,3,4,4,3,4,4,2,0,1,0,0,0,0,0,NA,0,NA,NA,NA,NA,NA,NA,NA,NA,NA,4 6,0,0,0,1,0,1,0,0,0,NA,28,NA,11138,No,uuid:655771f3-6659-4844-ab93-e9a77d567334,2512142209,uuid:655771f3-6659-4844-ab93-e9a77d567334,NA,NA,NA,NA,NA,NA,NA,NA,NA,NA
96553,S0407160272,OROMIA,Harargee Lixaa,odaa bultuum,adaadaa,Rural,"12/18/2025, 6:04:34 PM","12/18/2025, 12:12:17 PM","12/18/2025, 5:58:48 PM",12/18/2025,be457e329562a140,1,T20501,NA,male,1 2 3 4,1,1,1,1,0,0,0,0,0,2 97,0,1,0,1,Saafuu fi ogaarti,4,NA,2,NA,1,NA,2013,2016,2,1,1,3,1,1,0,0,0,0,0,0,NA,1,NA,6,0,0,0,0,0,1,0,NA,1,1,1,0,0,0,0,0,NA,2 3 4 5,0,1,1,1,1,0,0,0,0,0,NA,2 5,0,1,0,0,1,0,0,0,0,0,NA,2 4,0,1,0,1,0,0,0,0,0,0,NA,4,3,2,3,4,3,3,4,2 4 5 7,0,1,0,1,1,0,1,0,0,0,0,0,0,NA,2,4,NA,2 3 4 9,0,1,1,1,0,0,0,0,1,0,0,0,0,NA,4,3,4,4,4,4,4,3,4,4,5,5,5,5,5,5,2,1,1,2 5,0,1,0,0,1,0,0,0,NA,2,4,4,4,3,3,3,3,3,4,3,4,NA,3,3,3,3,3,2 3,0,1,1,0,0,NA,2,NA,0,0,0,0,0,1,0,1,1,0,0,NA,3,1,3,1,4,3,3,3,3,2,3,3,3,3,3,3,3,3,1 2 4 8,1,1,0,1,0,0,0,1,0,0,0,4,3,3,3,4,4,3,3,3,4,9,1,4,3,4,4,3,4,4,2,3,4,2,0,1,0,0,0,0,0,NA,1,2,2,3,2,2,2,2,1,No,4 6,0,0,0,1,0,1,0,0,0,NA,27,NA,8962,No,uuid:7a21a891-7382-42c8-8981-11c904437eeb,2512142209,uuid:7a21a891-7382-42c8-8981-11c904437eeb,NA,NA,NA,NA,NA,NA,NA,NA,NA,NA
96553,S0407160272,OROMIA,Harargee Lixaa,odaa bultuum,adaadaa,Rural,"12/18/2025, 7:27:35 PM","12/18/2025, 11:44:46 AM","12/18/2025, 8:54:21 PM",12/18/2025,260fdb5d4cc800d3,1,T20503,NA,female,6 7 8,0,0,0,0,0,1,1,1,0,97,0,0,0,1,Barnoota gadaa fi lamummaa,3,NA,2,NA,1,NA,2012,2012,1,0,NA,NA,1 2,1,1,0,0,0,0,0,NA,1,NA,2 6,0,1,0,0,0,1,0,NA,1,1 2 3,1,1,1,0,0,0,NA,1 2 3 4,1,1,1,1,0,0,0,0,0,0,NA,2 6,0,1,0,0,0,1,0,0,0,0,NA,4 5,0,0,0,1,1,0,0,0,0,0,NA,3,3,2,3,3,3,3,3,6,0,0,0,0,0,1,0,0,0,0,0,0,0,NA,1,2,NA,3,0,0,1,0,0,0,0,0,0,0,0,0,0,NA,3,3,3,2,4,4,4,1,3,4,4,5,3,4,4,3,2,1,1,2 5,0,1,0,0,1,0,0,0,NA,3,3,3,3,3,3,4,1,3,4,4,4,NA,4,3,3,1,4,1 2 3,1,1,1,0,0,NA,2,NA,1,0,0,1,1,1,1,1,1,0,0,NA,3,3,1,1,4,2,1,3,3,3,3,3,3,3,3,3,3,3,1 8,1,0,0,0,0,0,0,1,0,0,0,1,1,1,1,1,3,1,3,3,1,10,1,3,4,4,4,3,4,4,4,4,4,4,0,0,0,1,0,0,0,NA,1,1,2,3,1,2,1,1,1,No,5,0,0,0,0,1,0,0,0,0,NA,28,NA,10300,None,uuid:6ae3c64a-1074-4b57-8a1a-2ecec7160c64,2512142209,uuid:6ae3c64a-1074-4b57-8a1a-2ecec7160c64,NA,NA,NA,NA,NA,NA,NA,NA,NA,NA
96617,S0407160432,OROMIA,Harargee Lixaa,odaa bultuum,shunqoo,Rural,"12/31/2025, 2:30:14 PM","12/29/2025, 12:40:49 PM","12/26/2025, 12:56:09 PM",12/29/2025,be457e329562a140,1,T30702,NA,male,1 2 3 4,1,1,1,1,0,0,0,0,0,1 2,1,1,0,0,NA,4,NA,2,NA,1,NA,2010,2013,2,1,2,3,1,1,0,0,0,0,0,0,NA,1,NA,6,0,0,0,0,0,1,0,NA,1,1 3,1,0,1,0,0,0,NA,2 3 5,0,1,1,0,1,0,0,0,0,0,NA,2 4,0,1,0,1,0,0,0,0,0,0,NA,2 4,0,1,0,1,0,0,0,0,0,0,NA,3,2,2,3,4,4,1,2,2 4 7,0,1,0,1,0,0,1,0,0,0,0,0,0,NA,2,4,NA,3 5 9,0,0,1,0,1,0,0,0,1,0,0,0,0,NA,3,3,3,3,3,3,3,3,3,3,5,5,5,4,5,5,2,1,2,5,0,0,0,0,1,0,0,0,NA,3,3,3,2,2,2,3,3,3,4,3,4,NA,3,3,3,3,3,1 3,1,0,1,0,0,NA,3,NA,0,0,0,0,0,1,1,1,0,0,0,NA,3,1,1,1,3,3,3,3,3,2,1,3,2,2,3,3,3,3,1 4 5,1,0,0,1,1,0,0,0,0,0,0,3,3,3,3,3,3,3,3,3,1,8,3,3,3,3,4,1,4,4,3,4,4,2,0,1,0,0,0,0,0,NA,0,NA,NA,NA,NA,NA,NA,NA,NA,NA,4 5,0,0,0,1,1,0,0,0,0,NA,30,NA,10500,No,uuid:fada2bdf-31ec-4264-b997-2b235ba94fc4,2512142209,uuid:fada2bdf-31ec-4264-b997-2b235ba94fc4,NA,NA,NA,NA,NA,NA,NA,NA,NA,NA
96617,S0407160432,OROMIA,Harargee Lixaa,odaa bultuum,shunqoo,Rural,"12/31/2025, 2:30:15 PM","12/29/2025, 10:44:38 AM","12/26/2025, 12:49:54 PM",12/29/2025,be457e329562a140,1,T30701,NA,male,1 2 3 4,1,1,1,1,0,0,0,0,0,2 97,0,1,0,1,Barnoota ogaarti fi barnoota saafuu,3,NA,2,NA,1,NA,2015,2015,1,1,1,3,1 2,1,1,0,0,0,0,0,NA,1,NA,6,0,0,0,0,0,1,0,NA,1,1 3,1,0,1,0,0,0,NA,2 3 4 5,0,1,1,1,1,0,0,0,0,0,NA,2 5,0,1,0,0,1,0,0,0,0,0,NA,2 5,0,1,0,0,1,0,0,0,0,0,NA,2,2,3,3,4,1,1,1,2 4,0,1,0,1,0,0,0,0,0,0,0,0,0,NA,2,4,NA,9,0,0,0,0,0,0,0,0,1,0,0,0,0,NA,3,3,4,2,4,4,4,3,3,4,5,5,4,5,4,4,2,1,2,2 5,0,1,0,0,1,0,0,0,NA,3,3,3,4,1,3,3,1,3,4,4,4,NA,3,3,3,2,4,2 3,0,1,1,0,0,NA,3,NA,0,0,0,0,0,1,0,1,1,0,0,NA,3,1,1,1,4,3,1,1,3,2,3,3,3,3,3,3,3,3,1 4,1,0,0,1,0,0,0,0,0,0,0,3,2,3,3,3,3,3,3,3,1,9,3,2,4,3,3,1,4,4,4,4,4,2,0,1,0,0,0,0,0,NA,1,3,3,3,3,2,2,2,1,N9,4 6,0,0,0,1,0,1,0,0,0,NA,27,NA,9657,No,uuid:9a178b16-0e47-4c20-918e-388133224692,2512142209,uuid:9a178b16-0e47-4c20-918e-388133224692,NA,NA,NA,NA,NA,NA,NA,NA,NA,NA
96617,S0407160432,OROMIA,Harargee Lixaa,odaa bultuum,shunqoo,Rural,"12/31/2025, 7:58:08 PM","12/29/2025, 12:47:06 PM","12/31/2025, 5:18:28 PM",12/29/2025,260fdb5d4cc800d3,1,T30703,NA,male,6 7 8,0,0,0,0,0,1,1,1,0,1,1,0,0,0,NA,3,NA,2,NA,1,NA,2015,2015,1,0,NA,NA,2,0,1,0,0,0,0,0,NA,1,NA,2 6,0,1,0,0,0,1,0,NA,1,3,0,0,1,0,0,0,NA,1 2 3,1,1,1,0,0,0,0,0,0,0,NA,2 5,0,1,0,0,1,0,0,0,0,0,NA,2 4,0,1,0,1,0,0,0,0,0,0,NA,2,3,2,2,3,3,3,3,8,0,0,0,0,0,0,0,1,0,0,0,0,0,NA,2,2,NA,9,0,0,0,0,0,0,0,0,1,0,0,0,0,NA,3,3,3,3,4,4,3,3,3,4,5,5,4,5,4,4,2,1,1,2 5,0,1,0,0,1,0,0,0,NA,3,3,2,3,2,3,3,1,3,4,3,4,NA,3,3,3,1,4,1 2 3 4,1,1,1,1,0,NA,2,NA,1,0,0,1,0,1,1,1,1,0,0,NA,1,3,1,2,4,3,3,3,3,2,3,3,3,3,3,3,3,3,1 2,1,1,0,0,0,0,0,0,0,0,0,3,2,3,1,1,4,1,3,3,1,10,1,3,4,3,3,2,4,4,4,4,4,1 2,1,1,0,0,0,0,0,NA,0,NA,NA,NA,NA,NA,NA,NA,NA,NA,4,0,0,0,1,0,0,0,0,0,NA,30,NA,10800,No,uuid:3eb5b231-8963-4998-83be-44abac92ad54,2512142209,uuid:3eb5b231-8963-4998-83be-44abac92ad54,NA,NA,NA,NA,NA,NA,NA,NA,NA,NA
96573,S0407160632,OROMIA,Harargee Lixaa,odaa bultuum,ganda caffee,Rural,"12/19/2025, 8:13:39 PM","12/19/2025, 12:26:39 PM","12/19/2025, 4:29:26 PM",12/19/2025,be457e329562a140,1,T20602,NA,male,6 7,0,0,0,0,0,1,1,0,0,2 97,0,1,0,1,Barnoota Lamummaa fi Amalaa gaarii,2,NA,5,NA,1,NA,1999,2017,3,1,2,3,1,1,0,0,0,0,0,0,NA,1,NA,6,0,0,0,0,0,1,0,NA,1,1,1,0,0,0,0,0,NA,2 3 4,0,1,1,1,0,0,0,0,0,0,NA,2 5,0,1,0,0,1,0,0,0,0,0,NA,2 4,0,1,0,1,0,0,0,0,0,0,NA,3,3,2,2,2,2,2,2,2 4 5 7,0,1,0,1,1,0,1,0,0,0,0,0,0,NA,2,4,NA,3 5 9,0,0,1,0,1,0,0,0,1,0,0,0,0,NA,3,4,4,3,3,3,3,3,3,4,5,5,5,5,4,5,2,1,1,2 5,0,1,0,0,1,0,0,0,NA,2,4,2,4,2,3,3,3,3,4,3,4,NA,3,3,3,3,3,2 3,0,1,1,0,0,NA,4,NA,0,0,0,0,0,1,1,1,1,1,0,NA,1,1,1,3,3,3,3,3,3,3,3,3,3,2,3,3,3,3,2 4,0,1,0,1,0,0,0,0,0,0,0,3,1,3,3,3,3,3,3,3,2,8,1,3,3,4,3,3,4,4,4,4,4,4,0,0,0,1,0,0,0,NA,0,NA,NA,NA,NA,NA,NA,NA,NA,NA,4 6,0,0,0,1,0,1,0,0,0,NA,35,NA,15100,No,uuid:20d5b934-9d92-4734-9317-66a8dc16d357,2512142209,uuid:20d5b934-9d92-4734-9317-66a8dc16d357,NA,NA,NA,NA,NA,NA,NA,NA,NA,NA
96573,S0407160632,OROMIA,Harargee Lixaa,odaa bultuum,ganda caffee,Rural,"12/19/2025, 8:13:39 PM","12/19/2025, 10:00:15 AM","12/19/2025, 4:28:12 PM",12/19/2025,be457e329562a140,1,T20601,NA,female,1 2 3 4,1,1,1,1,0,0,0,0,0,2,0,1,0,0,NA,2,NA,2,NA,1,NA,2008,2016,2,1,3,3,1,1,0,0,0,0,0,0,NA,1,NA,6,0,0,0,0,0,1,0,NA,1,1,1,0,0,0,0,0,NA,2 3 4,0,1,1,1,0,0,0,0,0,0,NA,2 4,0,1,0,1,0,0,0,0,0,0,NA,2 4,0,1,0,1,0,0,0,0,0,0,NA,3,3,2,2,2,4,4,2,2 4 7,0,1,0,1,0,0,1,0,0,0,0,0,0,NA,2,4,NA,2 3 4,0,1,1,1,0,0,0,0,0,0,0,0,0,NA,4,4,3,4,4,4,4,3,3,4,5,5,5,5,5,5,2,1,1,2 5,0,1,0,0,1,0,0,0,NA,2,4,4,4,4,4,5,3,3,4,3,4,NA,3,3,3,3,3,2 3,0,1,1,0,0,NA,3,NA,0,0,0,0,0,1,1,1,1,0,0,NA,3,2,3,1,3,1,2,3,2,1,3,3,2,2,3,3,3,2,1 4,1,0,0,1,0,0,0,0,0,0,0,3,1,3,3,3,4,3,3,3,1,8,2,4,3,4,3,3,4,4,3,4,4,2,0,1,0,0,0,0,0,NA,0,NA,NA,NA,NA,NA,NA,NA,NA,NA,4 5,0,0,0,1,1,0,0,0,0,NA,27,NA,10700,No,uuid:6f3caf63-559a-4250-851e-f11c2abb780e,2512142209,uuid:6f3caf63-559a-4250-851e-f11c2abb780e,NA,NA,NA,NA,NA,NA,NA,NA,NA,NA
96573,S0407160632,OROMIA,Harargee Lixaa,odaa bultuum,ganda caffee,Rural,"12/20/2025, 9:16:11 AM","12/19/2025, 10:09:17 AM","12/19/2025, 9:20:12 PM",12/19/2025,260fdb5d4cc800d3,1,T20603,NA,female,4,0,0,0,1,0,0,0,0,0,1,1,0,0,0,NA,3,NA,2,NA,1,NA,2009,2014,4,0,NA,NA,1 2,1,1,0,0,0,0,0,NA,1,NA,2,0,1,0,0,0,0,0,NA,1,3,0,0,1,0,0,0,NA,1 2 3 4 5,1,1,1,1,1,0,0,0,0,0,NA,2 4,0,1,0,1,0,0,0,0,0,0,NA,5 6,0,0,0,0,1,1,0,0,0,0,NA,1,3,3,2,3,1,3,3,6,0,0,0,0,0,1,0,0,0,0,0,0,0,NA,1,4,NA,3,0,0,1,0,0,0,0,0,0,0,0,0,0,NA,4,3,4,3,3,3,1,3,1,3,2,2,4,3,4,4,2,1,1,2 5,0,1,0,0,1,0,0,0,NA,3,3,3,3,2,2,3,1,3,4,3,4,NA,3,3,2,1,3,1 2 3,1,1,1,0,0,NA,1,NA,0,0,0,0,0,0,1,1,1,0,0,NA,1,1,1,1,4,2,1,2,2,1,2,1,2,2,2,2,3,3,1 2,1,1,0,0,0,0,0,0,0,0,0,3,3,1,2,1,4,2,3,3,1,10,3,4,1,3,3,2,4,4,4,2,4,2,0,1,0,0,0,0,0,NA,1,3,3,3,1,2,3,3,1,No,3 6,0,0,1,0,0,1,0,0,0,NA,27,NA,10740,None,uuid:71105a87-8004-4aa6-bd45-d0144b7a7aa6,2512142209,uuid:71105a87-8004-4aa6-bd45-d0144b7a7aa6,NA,NA,NA,NA,NA,NA,NA,NA,NA,NA
96839,S0407170272,OROMIA,Harargee Lixaa,xulloo,burqaa raachaa,Rural,"12/17/2025, 6:56:14 PM","12/17/2025, 12:13:01 PM","12/17/2025, 6:55:11 PM",12/17/2025,be457e329562a140,1,T23601,NA,female,1 2 3 4,1,1,1,1,0,0,0,0,0,2 97,0,1,0,1,Saayinsi naannoo fi jabeenya qaama,4,NA,2,NA,1,NA,2009,2009,1,0,NA,NA,1,1,0,0,0,0,0,0,NA,1,NA,6,0,0,0,0,0,1,0,NA,1,1,1,0,0,0,0,0,NA,2 3 4 6,0,1,1,1,0,1,0,0,0,0,NA,2 5,0,1,0,0,1,0,0,0,0,0,NA,2 5,0,1,0,0,1,0,0,0,0,0,NA,4,2,4,2,2,2,2,2,2 4 7 8,0,1,0,1,0,0,1,1,0,0,0,0,0,NA,2,4,NA,5 9,0,0,0,0,1,0,0,0,1,0,0,0,0,NA,3,4,4,3,4,4,4,3,3,4,5,5,5,5,5,5,2,1,2,5,0,0,0,0,1,0,0,0,NA,4,4,2,2,2,3,3,1,3,4,4,4,NA,3,3,3,2,4,1 2,1,1,0,0,0,NA,3,NA,0,0,0,0,0,1,0,1,1,0,0,NA,3,1,1,1,4,3,1,3,3,3,3,3,3,3,3,3,3,3,1 4 6,1,0,0,1,0,1,0,0,0,0,0,4,2,3,3,3,3,3,3,3,1,8,3,4,4,3,3,1,4,3,3,4,4,2,0,1,0,0,0,0,0,NA,1,3,3,3,2,2,2,2,1,No,4 6,0,0,0,1,0,1,0,0,0,NA,25,NA,6100,No,uuid:f8eaa904-6b4c-419e-a0d5-8bfc660c9cb9,2512142209,uuid:f8eaa904-6b4c-419e-a0d5-8bfc660c9cb9,NA,NA,NA,NA,NA,NA,NA,NA,NA,NA
96839,S0407170272,OROMIA,Harargee Lixaa,xulloo,burqaa raachaa,Rural,"12/17/2025, 7:04:39 PM","12/17/2025, 11:02:53 AM","12/17/2025, 7:41:10 PM",12/17/2025,260fdb5d4cc800d3,1,T23602,NA,female,2 3,0,1,1,0,0,0,0,0,0,97,0,0,0,1,Barnota saafuu fi gadaa,3,NA,2,NA,1,NA,2009,2009,1,1,1,2,1,1,0,0,0,0,0,0,NA,1,NA,6,0,0,0,0,0,1,0,NA,1,1,1,0,0,0,0,0,NA,1 2 3 4,1,1,1,1,0,0,0,0,0,0,NA,2 4,0,1,0,1,0,0,0,0,0,0,NA,4 5,0,0,0,1,1,0,0,0,0,0,NA,3,2,3,3,3,3,3,1,8 9,0,0,0,0,0,0,0,1,1,0,0,0,0,NA,3,2,NA,9,0,0,0,0,0,0,0,0,1,0,0,0,0,NA,4,4,4,3,4,4,4,4,3,4,5,5,3,5,4,4,2,1,2,2 5,0,1,0,0,1,0,0,0,NA,3,2,3,3,3,3,3,1,3,3,3,4,NA,3,3,3,1,4,1 2 3 4,1,1,1,1,0,NA,2,NA,0,0,0,0,0,1,0,0,1,0,0,NA,1,1,1,1,4,1,1,3,3,3,3,3,3,3,3,3,3,3,7 11,0,0,0,0,0,0,1,0,0,0,1,1,1,1,3,3,3,1,3,3,1,10,1,3,4,4,4,1,4,4,4,4,4,4,0,0,0,1,0,0,0,NA,0,NA,NA,NA,NA,NA,NA,NA,NA,NA,4,0,0,0,1,0,0,0,0,0,NA,28,NA,10000,None,uuid:2ded6e1e-2e52-443f-8fa8-991d225474b3,2512142209,uuid:2ded6e1e-2e52-443f-8fa8-991d225474b3,NA,NA,NA,NA,NA,NA,NA,NA,NA,NA
96839,S0407170272,OROMIA,Harargee Lixaa,xulloo,burqaa raachaa,Rural,"12/17/2025, 7:04:40 PM","12/17/2025, 11:45:19 AM","12/17/2025, 7:41:29 PM",12/17/2025,260fdb5d4cc800d3,1,T23603,NA,male,6,0,0,0,0,0,1,0,0,0,97,0,0,0,1,Saayinsii naannoo,3,NA,2,NA,1,NA,2015,2016,2,0,NA,NA,1,1,0,0,0,0,0,0,NA,1,NA,6,0,0,0,0,0,1,0,NA,1,1 3,1,0,1,0,0,0,NA,1 2 3 4,1,1,1,1,0,0,0,0,0,0,NA,2 4,0,1,0,1,0,0,0,0,0,0,NA,98,0,0,0,0,0,0,0,0,0,1,NA,2,3,3,3,3,3,3,3,6 7,0,0,0,0,0,1,1,0,0,0,0,0,0,NA,3,4,NA,4,0,0,0,1,0,0,0,0,0,0,0,0,0,NA,1,3,3,3,3,3,1,1,3,4,4,4,4,4,5,5,2,1,1,2 3 5,0,1,1,0,1,0,0,0,NA,4,3,3,3,3,2,4,1,4,4,4,4,NA,3,3,3,1,4,1 2 3,1,1,1,0,0,NA,2,NA,0,0,0,0,0,1,0,1,1,0,0,NA,3,3,2,1,1,3,3,3,1,2,3,1,3,1,3,1,1,1,1 4,1,0,0,1,0,0,0,0,0,0,0,3,1,3,3,1,4,1,3,3,1,10,1,3,4,2,2,1,4,4,4,4,4,4,0,0,0,1,0,0,0,NA,1,3,3,3,1,1,2,3,1,No,3,0,0,1,0,0,0,0,0,0,NA,26,NA,10000,None,uuid:3b879d14-5b69-43eb-95e2-8ad2c18376f5,2512142209,uuid:3b879d14-5b69-43eb-95e2-8ad2c18376f5,NA,NA,NA,NA,NA,NA,NA,NA,NA,NA
97089,S0408050422,OROMIA,Horroo Guduru Wallaggaa,coomman guduruu,aabboo addis,Rural,"12/8/2025, 9:07:13 PM","12/6/2025, 10:58:40 AM","12/8/2025, 8:13:26 PM",12/6/2025,3.58E+14,1,T14202,NA,male,7 8,0,0,0,0,0,0,1,1,0,3,0,0,1,0,NA,1,NA,5,NA,0,NA,2013,2016,2,1,1,3,4,0,0,0,1,0,0,0,NA,1,NA,2 5,0,1,0,0,1,0,0,NA,1,1 3,1,0,1,0,0,0,NA,3 4 5 6 7,0,0,1,1,1,1,1,0,0,0,NA,6 8,0,0,0,0,0,1,0,1,0,0,NA,6 8,0,0,0,0,0,1,0,1,0,0,NA,4,4,2,3,2,4,4,4,10,0,0,0,0,0,0,0,0,0,1,0,0,0,NA,2,2,NA,1 4 5,1,0,0,1,1,0,0,0,0,0,0,0,0,NA,3,3,3,3,4,4,3,3,3,4,3,3,4,4,4,4,1,1,3,2 3 5,0,1,1,0,1,0,0,0,NA,3,4,3,3,4,4,5,4,3,5,4,2,NA,3,3,3,1,4,1 2 3,1,1,1,0,0,NA,3,NA,0,0,0,0,0,0,0,0,0,0,0,NA,3,1,1,1,4,1,1,3,3,3,3,3,3,3,3,3,3,3,4 11,0,0,0,1,0,0,0,0,0,0,1,1,1,1,1,1,4,1,3,3,2,7,1,1,4,3,4,4,4,4,3,4,4,2 4,0,1,0,1,0,0,0,NA,1,3,2,3,1,1,3,3,1,No,4 5,0,0,0,1,1,0,0,0,0,NA,32,NA,10500,No,uuid:78d97dfe-cda5-4694-86e7-66b854c1eb0a,2512040829,uuid:78d97dfe-cda5-4694-86e7-66b854c1eb0a,NA,NA,NA,NA,NA,NA,NA,NA,NA,NA
97089,S0408050422,OROMIA,Horroo Guduru Wallaggaa,coomman guduruu,aabboo addis,Rural,"12/8/2025, 9:07:14 PM","12/6/2025, 11:41:10 AM","12/8/2025, 7:36:30 PM",12/6/2025,3.58E+14,1,T14201,NA,male,7 8,0,0,0,0,0,0,1,1,0,3,0,0,1,0,NA,3,NA,5,NA,1,NA,2004,2006,2,1,2,3,2 4 5,0,1,0,1,1,0,0,NA,1,NA,2 6,0,1,0,0,0,1,0,NA,1,3,0,0,1,0,0,0,NA,2 3 5,0,1,1,0,1,0,0,0,0,0,NA,2 8,0,1,0,0,0,0,0,1,0,0,NA,2 8,0,1,0,0,0,0,0,1,0,0,NA,4,4,4,4,4,2,3,3,10,0,0,0,0,0,0,0,0,0,1,0,0,0,NA,4,3,NA,1 3,1,0,1,0,0,0,0,0,0,0,0,0,0,NA,4,4,4,4,4,4,3,3,2,3,5,5,2,4,5,3,1,1,1,5,0,0,0,0,1,0,0,0,NA,2,4,2,2,3,3,2,2,4,4,2,2,NA,3,3,3,2,3,3 4,0,0,1,1,0,NA,2,NA,0,0,0,1,0,0,0,1,0,0,0,NA,3,3,2,1,4,1,1,3,3,3,3,3,3,3,3,3,3,3,1 2,1,1,0,0,0,0,0,0,0,0,0,1,1,1,1,1,4,1,3,3,1,8,1,3,3,4,4,1,4,3,2,3,4,2 4,0,1,0,1,0,0,0,NA,0,NA,NA,NA,NA,NA,NA,NA,NA,NA,2 4,0,1,0,1,0,0,0,0,0,NA,39,NA,13205,No,uuid:4875b54b-4823-4a3b-8d3d-fc554480f8e8,2512040829,uuid:4875b54b-4823-4a3b-8d3d-fc554480f8e8,NA,NA,NA,NA,NA,NA,NA,NA,NA,NA
97089,S0408050422,OROMIA,Horroo Guduru Wallaggaa,coomman guduruu,aabboo addis,Rural,"12/8/2025, 9:07:16 PM","12/6/2025, 10:58:33 AM","12/8/2025, 8:54:15 PM",12/6/2025,5709a80a20846068,1,T14203,NA,female,1 4 5,1,0,0,1,1,0,0,0,0,1,1,0,0,0,NA,3,NA,5,NA,1,NA,2006,2006,1,0,NA,NA,1,1,0,0,0,0,0,0,NA,1,NA,2 6,0,1,0,0,0,1,0,NA,1,3,0,0,1,0,0,0,NA,2 4 5,0,1,0,1,1,0,0,0,0,0,NA,2 5,0,1,0,0,1,0,0,0,0,0,NA,2 5,0,1,0,0,1,0,0,0,0,0,NA,3,2,2,2,2,1,1,1,4,0,0,0,1,0,0,0,0,0,0,0,0,0,NA,4,2,NA,4 5,0,0,0,1,1,0,0,0,0,0,0,0,0,NA,3,3,4,3,4,4,3,1,2,3,3,4,3,4,4,3,1,1,1,2 5,0,1,0,0,1,0,0,0,NA,3,3,3,3,2,3,3,3,3,3,2,2,NA,3,3,2,3,3,2 3,0,1,1,0,0,NA,4,NA,1,0,0,0,0,0,0,1,0,0,0,NA,1,3,3,2,3,3,3,3,3,3,3,3,3,3,3,3,3,3,2 8,0,1,0,0,0,0,0,1,0,0,0,3,3,4,3,3,3,3,3,3,1,6,1,3,3,3,3,3,3,3,2,2,3,4,0,0,0,1,0,0,0,NA,1,2,3,3,3,3,3,3,3,No,4 5,0,0,0,1,1,0,0,0,0,NA,39,NA,13205,No,uuid:03ede09e-2152-49fa-9c93-00428cb9387e,2512030649,uuid:03ede09e-2152-49fa-9c93-00428cb9387e,NA,NA,NA,NA,NA,NA,NA,NA,NA,NA
97248,S0408070042,OROMIA,Horroo Guduru Wallaggaa,horro,akkaajjii sabbat,Rural,"12/5/2025, 10:50:34 PM","12/5/2025, 11:26:06 AM","12/5/2025, 10:38:21 PM",12/5/2025,3.58E+14,1,T18103,NA,male,7 8,0,0,0,0,0,0,1,1,0,3,0,0,1,0,NA,3,NA,5,NA,0,NA,2007,2011,2,0,NA,NA,5,0,0,0,0,1,0,0,NA,1,NA,6,0,0,0,0,0,1,0,NA,1,1,1,0,0,0,0,0,NA,3 4 5,0,0,1,1,1,0,0,0,0,0,NA,4 5,0,0,0,1,1,0,0,0,0,0,NA,2 4,0,1,0,1,0,0,0,0,0,0,NA,4,4,2,4,3,2,4,4,3 4,0,0,1,1,0,0,0,0,0,0,0,0,0,NA,4,4,NA,2 3 5,0,1,1,0,1,0,0,0,0,0,0,0,0,NA,3,3,4,3,3,4,3,1,2,4,5,4,4,3,5,3,1,1,1,2 5,0,1,0,0,1,0,0,0,NA,3,3,4,2,3,3,3,5,3,4,3,2,NA,3,3,3,1,3,2,0,1,0,0,0,NA,3,NA,1,1,0,1,1,1,1,1,1,1,0,NA,2,3,3,3,3,4,1,3,3,3,3,3,3,3,3,3,3,3,1 4,1,0,0,1,0,0,0,0,0,0,0,1,2,2,1,3,4,2,3,3,1,7,3,1,4,4,4,1,4,3,2,1,3,2 4,0,1,0,1,0,0,0,NA,1,2,3,3,1,3,3,3,1,No,4,0,0,0,1,0,0,0,0,0,NA,33,NA,12238,No,uuid:68db3631-b8c6-4055-a7a0-925182c503a0,2512040829,uuid:68db3631-b8c6-4055-a7a0-925182c503a0,NA,NA,NA,NA,NA,NA,NA,NA,NA,NA
97248,S0408070042,OROMIA,Horroo Guduru Wallaggaa,horro,akkaajjii sabbat,Rural,"12/5/2025, 10:50:52 PM","12/5/2025, 10:39:33 AM","12/5/2025, 10:48:56 PM",12/5/2025,5709a80a20846068,1,T18101,NA,male,3 7 8,0,0,1,0,0,0,1,1,0,2,0,1,0,0,NA,3,NA,5,NA,1,NA,2005,2014,4,1,2,3,5,0,0,0,0,1,0,0,NA,1,NA,2 6,0,1,0,0,0,1,0,NA,1,1 3,1,0,1,0,0,0,NA,4,0,0,0,1,0,0,0,0,0,0,NA,2 5,0,1,0,0,1,0,0,0,0,0,NA,4 6,0,0,0,1,0,1,0,0,0,0,NA,3,2,2,2,1,1,2,1,4,0,0,0,1,0,0,0,0,0,0,0,0,0,NA,4,2,NA,3 5,0,0,1,0,1,0,0,0,0,0,0,0,0,NA,3,3,4,3,4,4,3,1,3,3,5,4,3,4,5,3,1,1,1,2 3 5,0,1,1,0,1,0,0,0,NA,3,3,2,3,3,3,3,3,4,3,3,2,NA,1,3,1,1,3,2,0,1,0,0,0,NA,3,NA,1,0,0,1,0,0,0,1,1,1,0,NA,3,3,3,4,3,3,4,3,3,3,3,3,3,3,3,3,3,3,2 4,0,1,0,1,0,0,0,0,0,0,0,2,3,3,2,3,3,3,3,3,1,5,3,2,2,3,3,3,4,3,2,2,4,4,0,0,0,1,0,0,0,NA,0,NA,NA,NA,NA,NA,NA,NA,NA,NA,4,0,0,0,1,0,0,0,0,0,NA,32,NA,13339,NA,uuid:feddc2ba-8e39-49d9-a1df-79e646163e3c,2512030649,uuid:feddc2ba-8e39-49d9-a1df-79e646163e3c,NA,NA,NA,NA,NA,NA,NA,NA,NA,NA
97248,S0408070042,OROMIA,Horroo Guduru Wallaggaa,horro,akkaajjii sabbat,Rural,"12/5/2025, 10:50:54 PM","12/5/2025, 11:17:47 AM","12/5/2025, 10:49:32 PM",12/5/2025,5709a80a20846068,1,T18102,NA,female,3 4 5,0,0,1,1,1,0,0,0,0,97,0,0,0,1,Gada,3,NA,3,NA,1,NA,2006,2010,3,0,NA,NA,5,0,0,0,0,1,0,0,NA,1,NA,1 6,1,0,0,0,0,1,0,NA,1,3,0,0,1,0,0,0,NA,4,0,0,0,1,0,0,0,0,0,0,NA,2 5,0,1,0,0,1,0,0,0,0,0,NA,2 6,0,1,0,0,0,1,0,0,0,0,NA,3,4,3,4,1,1,2,1,5,0,0,0,0,1,0,0,0,0,0,0,0,0,NA,3,2,NA,4 5 9,0,0,0,1,1,0,0,0,1,0,0,0,0,NA,3,3,4,2,3,3,2,1,2,3,4,3,3,4,5,3,1,1,1,2 5,0,1,0,0,1,0,0,0,NA,3,3,2,2,3,3,3,4,3,4,4,2,NA,1,2,1,2,3,2,0,1,0,0,0,NA,3,NA,0,0,0,1,0,0,0,1,1,0,0,NA,3,3,1,3,3,3,2,3,3,3,3,3,3,3,3,3,3,3,1 4,1,0,0,1,0,0,0,0,0,0,0,2,3,2,3,1,1,2,3,3,1,7,2,1,3,3,3,3,4,3,3,3,3,4,0,0,0,1,0,0,0,NA,1,3,3,3,2,3,3,3,2,No,4,0,0,0,1,0,0,0,0,0,NA,28,NA,11531,No,uuid:11b132b1-6611-4991-9483-fe2e08efaf0c,2512030649,uuid:11b132b1-6611-4991-9483-fe2e08efaf0c,NA,NA,NA,NA,NA,NA,NA,NA,NA,NA
97554,S0409010332,OROMIA,Iluu Abbaa Booraa,aallee,qilxuu diimtuu,Rural,"12/22/2025, 9:48:51 PM","12/11/2025, 9:20:22 AM","12/22/2025, 8:18:00 PM",12/11/2025,3.58E+14,1,T10402,NA,female,3 4 5,0,0,1,1,1,0,0,0,0,1,1,0,0,0,NA,3,NA,5,NA,1,NA,2004,2007,2,1,1,3,1 5,1,0,0,0,1,0,0,NA,1,NA,2 6,0,1,0,0,0,1,0,NA,0,NA,NA,NA,NA,NA,NA,NA,NA,NA,NA,NA,NA,NA,NA,NA,NA,NA,NA,NA,NA,2 6,0,1,0,0,0,1,0,0,0,0,NA,2 6,0,1,0,0,0,1,0,0,0,0,NA,2,3,2,3,1,3,1,1,10,0,0,0,0,0,0,0,0,0,1,0,0,0,NA,4,2,NA,1 3,1,0,1,0,0,0,0,0,0,0,0,0,0,NA,3,4,4,3,3,3,3,2,3,4,5,4,4,5,5,5,1,1,3,5,0,0,0,0,1,0,0,0,NA,3,3,3,4,3,3,4,4,4,4,4,2,NA,1,3,2,4,3,2,0,1,0,0,0,NA,4,NA,0,0,0,0,0,0,0,1,0,0,0,NA,1,1,1,1,4,1,1,3,3,3,3,3,3,3,3,3,3,3,5 11,0,0,0,0,1,0,0,0,0,0,1,3,1,3,3,1,4,3,3,3,1,8,2,3,3,3,3,2,4,4,3,4,4,2 4,0,1,0,1,0,0,0,NA,1,3,3,3,2,2,2,3,2,Yes,4,0,0,0,1,0,0,0,0,0,NA,36,NA,13014,No,uuid:1e4e9e0a-d818-49b9-a7f6-dd362c1393e7,2512040829,uuid:1e4e9e0a-d818-49b9-a7f6-dd362c1393e7,NA,NA,NA,NA,NA,NA,NA,NA,NA,NA
97554,S0409010332,OROMIA,Iluu Abbaa Booraa,aallee,qilxuu diimtuu,Rural,"12/22/2025, 9:48:52 PM","12/22/2025, 9:08:16 PM","12/22/2025, 9:25:53 PM",12/22/2025,5709a80a20846068,1,T10403,NA,male,3 5 7,0,0,1,0,1,0,1,0,0,1,1,0,0,0,NA,3,NA,3,NA,1,NA,2013,2013,1,1,2,3,5,0,0,0,0,1,0,0,NA,1,NA,2,0,1,0,0,0,0,0,NA,0,NA,NA,NA,NA,NA,NA,NA,NA,NA,NA,NA,NA,NA,NA,NA,NA,NA,NA,NA,NA,2 6,0,1,0,0,0,1,0,0,0,0,NA,2 4,0,1,0,1,0,0,0,0,0,0,NA,3,3,3,3,1,1,1,1,4 5,0,0,0,1,1,0,0,0,0,0,0,0,0,NA,4,2,NA,2 3,0,1,1,0,0,0,0,0,0,0,0,0,0,NA,3,3,4,3,3,3,3,2,3,3,4,4,4,3,3,4,1,1,1,1 2 5,1,1,0,0,1,0,0,0,NA,2,3,3,3,2,3,3,3,2,3,2,2,NA,3,3,3,2,2,2 3,0,1,1,0,0,NA,3,NA,0,0,0,0,0,0,0,1,0,0,0,NA,1,1,1,1,3,1,1,3,3,3,3,3,3,3,3,3,3,3,2 4,0,1,0,1,0,0,0,0,0,0,0,2,1,2,3,1,3,1,3,3,1,6,2,3,1,3,3,2,4,4,3,3,4,1 4,1,0,0,1,0,0,0,NA,0,NA,NA,NA,NA,NA,NA,NA,NA,NA,4 5,0,0,0,1,1,0,0,0,0,NA,38,NA,13250,NA,uuid:a526887e-99f7-4f41-bd0e-2ffdaf19a07a,2512142209,uuid:a526887e-99f7-4f41-bd0e-2ffdaf19a07a,NA,NA,NA,NA,NA,NA,NA,NA,NA,NA
97554,S0409010332,OROMIA,Iluu Abbaa Booraa,aallee,qilxuu diimtuu,Rural,"12/22/2025, 9:48:52 PM","12/11/2025, 9:59:56 AM","12/22/2025, 8:18:20 PM",12/11/2025,3.58E+14,1,T10401,NA,male,7 8,0,0,0,0,0,0,1,1,0,1 3,1,0,1,0,NA,3,NA,3,NA,1,NA,2006,2012,3,1,3,3,1 5,1,0,0,0,1,0,0,NA,1,NA,2,0,1,0,0,0,0,0,NA,0,NA,NA,NA,NA,NA,NA,NA,NA,NA,NA,NA,NA,NA,NA,NA,NA,NA,NA,NA,NA,2 6,0,1,0,0,0,1,0,0,0,0,NA,2 5,0,1,0,0,1,0,0,0,0,0,NA,3,2,3,3,1,1,1,1,5 10,0,0,0,0,1,0,0,0,0,1,0,0,0,NA,4,2,NA,3 4,0,0,1,1,0,0,0,0,0,0,0,0,0,NA,3,3,4,3,3,4,3,2,2,3,4,4,4,5,5,3,1,1,1,1 2 5,1,1,0,0,1,0,0,0,NA,2,3,2,3,2,3,3,4,4,4,2,2,NA,3,3,3,2,2,2 3,0,1,1,0,0,NA,3,NA,0,0,0,0,0,0,0,0,0,0,0,NA,1,1,1,1,3,2,1,3,3,3,3,3,3,3,3,3,3,3,1 4,1,0,0,1,0,0,0,0,0,0,0,2,1,3,3,2,2,1,3,3,1,7,2,3,1,3,3,3,4,4,4,3,4,1 2 4,1,1,0,1,0,0,0,NA,0,NA,NA,NA,NA,NA,NA,NA,NA,NA,4,0,0,0,1,0,0,0,0,0,NA,42,NA,14525,NA,uuid:64fbe51c-1066-4538-a6fd-e71beaab1093,2512040829,uuid:64fbe51c-1066-4538-a6fd-e71beaab1093,NA,NA,NA,NA,NA,NA,NA,NA,NA,NA
97744,S0409040312,OROMIA,Iluu Abbaa Booraa,bachoo,fugoo saardoo sad.1ffaa,Rural,"12/17/2025, 7:36:03 PM","12/16/2025, 10:12:01 AM","12/17/2025, 12:42:41 PM",12/16/2025,5709a80a20846068,1,T35303,NA,female,2 4 5 6,0,1,0,1,1,1,0,0,0,1,1,0,0,0,NA,3,NA,3,NA,1,NA,2009,2012,2,1,3,3,5,0,0,0,0,1,0,0,NA,1,NA,2,0,1,0,0,0,0,0,NA,0,NA,NA,NA,NA,NA,NA,NA,NA,NA,NA,NA,NA,NA,NA,NA,NA,NA,NA,NA,NA,2 6,0,1,0,0,0,1,0,0,0,0,NA,2 5,0,1,0,0,1,0,0,0,0,0,NA,3,3,3,3,1,1,1,2,5 7,0,0,0,0,1,0,1,0,0,0,0,0,0,NA,4,2,NA,2 3 4,0,1,1,1,0,0,0,0,0,0,0,0,0,NA,3,2,3,3,3,3,3,3,2,3,4,4,3,4,4,3,1,1,1,1 2 5,1,1,0,0,1,0,0,0,NA,2,3,3,2,3,3,3,3,2,3,2,2,NA,3,3,4,2,3,2 3,0,1,1,0,0,NA,3,NA,0,0,0,0,0,0,0,0,0,0,0,NA,1,1,1,1,3,2,1,2,3,2,2,3,2,2,3,3,3,3,1 2 4,1,1,0,1,0,0,0,0,0,0,0,3,1,3,3,1,3,1,3,3,1,7,2,3,1,3,3,3,4,4,3,4,4,1 4,1,0,0,1,0,0,0,NA,0,NA,NA,NA,NA,NA,NA,NA,NA,NA,4 5,0,0,0,1,1,0,0,0,0,NA,36,NA,10763,No,uuid:b74f1b9b-13b2-4d4b-9ea0-3c1c3316e4a5,2512142209,uuid:b74f1b9b-13b2-4d4b-9ea0-3c1c3316e4a5,NA,NA,NA,NA,NA,NA,NA,NA,NA,NA
97744,S0409040312,OROMIA,Iluu Abbaa Booraa,bachoo,fugoo saardoo sad.1ffaa,Rural,"12/17/2025, 7:41:08 PM","12/16/2025, 9:15:45 AM","12/17/2025, 11:48:12 AM",12/16/2025,3.58E+14,1,T35301,NA,male,5 6 7 8,0,0,0,0,1,1,1,1,0,1,1,0,0,0,NA,3,NA,5,NA,1,NA,2003,2010,4,1,1,3,4,0,0,0,1,0,0,0,NA,1,NA,6,0,0,0,0,0,1,0,NA,1,3,0,0,1,0,0,0,NA,3 4,0,0,1,1,0,0,0,0,0,0,NA,2 6,0,1,0,0,0,1,0,0,0,0,NA,2 6,0,1,0,0,0,1,0,0,0,0,NA,4,4,2,4,4,4,4,4,10,0,0,0,0,0,0,0,0,0,1,0,0,0,NA,4,3,NA,1 3,1,0,1,0,0,0,0,0,0,0,0,0,0,NA,4,4,4,4,4,4,3,3,3,4,5,5,5,5,5,5,1,1,1,5,0,0,0,0,1,0,0,0,NA,2,3,1,4,2,4,2,4,3,5,3,2,NA,1,4,1,1,2,2,0,1,0,0,0,NA,1,NA,0,0,0,0,0,0,0,1,0,0,0,NA,3,1,1,1,4,1,1,3,3,3,3,3,3,3,3,3,3,3,4 5,0,0,0,1,1,0,0,0,0,0,0,4,1,3,4,1,4,1,3,3,1,8,1,4,1,4,3,3,4,4,4,4,4,3,0,0,1,0,0,0,0,NA,1,2,2,3,1,3,3,2,1,Yes,4,0,0,0,1,0,0,0,0,0,NA,39,NA,14300,Yes,uuid:d1b72117-d275-4737-876d-42d7845946e5,2512142209,uuid:d1b72117-d275-4737-876d-42d7845946e5,NA,NA,NA,NA,NA,NA,NA,NA,NA,NA
97744,S0409040312,OROMIA,Iluu Abbaa Booraa,bachoo,fugoo saardoo sad.1ffaa,Rural,"12/17/2025, 7:41:08 PM","12/16/2025, 9:51:39 AM","12/17/2025, 11:45:25 AM",12/16/2025,3.58E+14,1,T35302,NA,male,4 5 8,0,0,0,1,1,0,0,1,0,2,0,1,0,0,NA,3,NA,5,NA,1,NA,2009,2016,2,1,2,3,5,0,0,0,0,1,0,0,NA,1,NA,6,0,0,0,0,0,1,0,NA,1,3,0,0,1,0,0,0,NA,6 7,0,0,0,0,0,1,1,0,0,0,NA,2 6,0,1,0,0,0,1,0,0,0,0,NA,2 6,0,1,0,0,0,1,0,0,0,0,NA,4,3,4,3,3,3,3,4,10,0,0,0,0,0,0,0,0,0,1,0,0,0,NA,2,2,NA,1 3,1,0,1,0,0,0,0,0,0,0,0,0,0,NA,4,3,3,3,3,4,4,4,3,4,4,4,5,5,4,5,2,1,1,5,0,0,0,0,1,0,0,0,NA,3,4,4,4,2,4,4,4,2,5,1,2,NA,4,4,3,1,4,1,1,0,0,0,0,NA,2,NA,0,0,0,0,0,0,0,0,0,0,0,NA,3,3,3,1,4,1,1,3,3,3,3,3,3,3,3,3,3,3,1 9,1,0,0,0,0,0,0,0,1,0,0,3,3,3,3,3,4,1,3,3,4,10,2,4,4,4,4,3,4,4,4,4,4,4,0,0,0,1,0,0,0,NA,0,NA,NA,NA,NA,NA,NA,NA,NA,NA,4,0,0,0,1,0,0,0,0,0,NA,30,NA,10740,No,uuid:bc356fa3-8c15-41c9-984f-b5c90dc37488,2512142209,uuid:bc356fa3-8c15-41c9-984f-b5c90dc37488,NA,NA,NA,NA,NA,NA,NA,NA,NA,NA
97879,S0409060232,OROMIA,Iluu Abbaa Booraa,buree,daggooyyee,Urban,"12/21/2025, 2:14:57 PM","12/13/2025, 10:01:48 AM","12/20/2025, 9:28:50 PM",12/13/2025,cac9e9e73b79672b,1,T13502,NA,male,6 7 8,0,0,0,0,0,1,1,1,0,1 3,1,0,1,0,NA,3,NA,5,NA,1,NA,2002,2006,4,1,1,3,5,0,0,0,0,1,0,0,NA,1,NA,2 6,0,1,0,0,0,1,0,NA,1,3,0,0,1,0,0,0,NA,4,0,0,0,1,0,0,0,0,0,0,NA,2 5,0,1,0,0,1,0,0,0,0,0,NA,2 5,0,1,0,0,1,0,0,0,0,0,NA,3,3,3,2,2,2,2,2,5 10,0,0,0,0,1,0,0,0,0,1,0,0,0,NA,2,2,NA,1 5,1,0,0,0,1,0,0,0,0,0,0,0,0,NA,3,3,3,3,4,3,3,2,3,3,4,3,2,4,4,2,1,1,1,2 5,0,1,0,0,1,0,0,0,NA,2,3,3,3,3,3,3,4,3,3,4,2,NA,3,3,3,3,3,2 3,0,1,1,0,0,NA,3,NA,0,0,0,1,0,0,0,1,0,0,0,NA,1,1,1,1,3,3,3,3,3,3,3,3,3,3,3,3,3,3,1 4,1,0,0,1,0,0,0,0,0,0,0,3,1,2,3,1,3,1,3,3,1,7,3,3,1,3,3,3,4,3,3,4,4,4,0,0,0,1,0,0,0,NA,0,NA,NA,NA,NA,NA,NA,NA,NA,NA,2 4,0,1,0,1,0,0,0,0,0,NA,36,NA,10421,NA,uuid:5642338e-966a-4165-b63c-dbde31f403c9,2512040829,uuid:5642338e-966a-4165-b63c-dbde31f403c9,NA,NA,NA,NA,NA,NA,NA,NA,NA,NA
97879,S0409060232,OROMIA,Iluu Abbaa Booraa,buree,daggooyyee,Urban,"12/21/2025, 2:14:57 PM","12/13/2025, 10:40:46 AM","12/20/2025, 9:28:22 PM",12/13/2025,cac9e9e73b79672b,1,T15301,NA,male,6 7,0,0,0,0,0,1,1,0,0,3,0,0,1,0,NA,3,NA,3,NA,1,NA,1999,2001,2,0,NA,NA,1 5,1,0,0,0,1,0,0,NA,1,NA,2,0,1,0,0,0,0,0,NA,0,NA,NA,NA,NA,NA,NA,NA,NA,NA,NA,NA,NA,NA,NA,NA,NA,NA,NA,NA,NA,2 4,0,1,0,1,0,0,0,0,0,0,NA,2 6,0,1,0,0,0,1,0,0,0,0,NA,3,3,3,3,1,1,1,1,5 10,0,0,0,0,1,0,0,0,0,1,0,0,0,NA,4,2,NA,2 3 4,0,1,1,1,0,0,0,0,0,0,0,0,0,NA,3,3,4,3,3,3,3,2,2,3,5,5,3,4,5,3,1,1,1,2 5,0,1,0,0,1,0,0,0,NA,2,3,3,2,3,3,3,3,2,3,4,2,NA,3,3,3,2,3,1 2,1,1,0,0,0,NA,3,NA,0,0,0,0,0,0,0,1,0,0,0,NA,1,1,1,1,3,2,1,3,3,3,3,3,3,3,3,3,3,3,1 4,1,0,0,1,0,0,0,0,0,0,0,2,1,1,3,1,3,1,3,3,1,6,1,3,1,3,3,3,3,3,3,3,3,1 4,1,0,0,1,0,0,0,NA,0,NA,NA,NA,NA,NA,NA,NA,NA,NA,2 4,0,1,0,1,0,0,0,0,0,NA,40,NA,14214,NA,uuid:40b22faa-e3fa-4e69-acdd-0400248957f3,2512040829,uuid:40b22faa-e3fa-4e69-acdd-0400248957f3,NA,NA,NA,NA,NA,NA,NA,NA,NA,NA
97879,S0409060232,OROMIA,Iluu Abbaa Booraa,buree,daggooyyee,Urban,"12/21/2025, 2:15:00 PM","12/11/2025, 9:20:48 AM","12/21/2025, 2:16:03 PM",12/11/2025,5709a80a20846068,1,T13503,NA,female,5 6,0,0,0,0,1,1,0,0,0,1,1,0,0,0,NA,3,NA,3,NA,1,NA,1985,1999,5,0,NA,NA,1 5,1,0,0,0,1,0,0,NA,1,NA,2,0,1,0,0,0,0,0,NA,0,NA,NA,NA,NA,NA,NA,NA,NA,NA,NA,NA,NA,NA,NA,NA,NA,NA,NA,NA,NA,2 5,0,1,0,0,1,0,0,0,0,0,NA,2 4,0,1,0,1,0,0,0,0,0,0,NA,2,3,2,2,2,2,2,2,2 3,0,1,1,0,0,0,0,0,0,0,0,0,0,NA,1,2,NA,5 6,0,0,0,0,1,1,0,0,0,0,0,0,0,NA,3,3,4,3,3,3,3,2,3,3,5,5,3,3,4,4,1,1,1,2 5,0,1,0,0,1,0,0,0,NA,2,3,3,2,2,3,4,4,3,3,4,2,NA,3,3,3,2,2,2 3,0,1,1,0,0,NA,3,NA,0,0,0,1,1,1,0,1,1,0,0,NA,1,1,1,1,3,1,1,3,3,2,3,3,3,3,3,3,3,3,1 2 4,1,1,0,1,0,0,0,0,0,0,0,1,1,1,3,1,3,1,3,3,1,7,1,3,2,3,3,3,4,3,2,2,4,6,0,0,0,0,0,1,0,NA,0,NA,NA,NA,NA,NA,NA,NA,NA,NA,4,0,0,0,1,0,0,0,0,0,NA,55,NA,15400,NA,uuid:f6c77811-6745-4256-902d-ab83d060875e,2512030649,uuid:f6c77811-6745-4256-902d-ab83d060875e,NA,NA,NA,NA,NA,NA,NA,NA,NA,NA
98097,S0409080072,OROMIA,Iluu Abbaa Booraa,diduu,baabbuu boondisaa,Rural,"12/15/2025, 9:39:40 PM","12/15/2025, 1:23:22 PM","12/15/2025, 9:24:29 PM",12/15/2025,3.58E+14,1,T35401,NA,male,7 8,0,0,0,0,0,0,1,1,0,3,0,0,1,0,NA,3,NA,2,NA,1,NA,2013,2015,3,0,NA,NA,1,1,0,0,0,0,0,0,NA,1,NA,5,0,0,0,0,1,0,0,NA,0,NA,NA,NA,NA,NA,NA,NA,NA,NA,NA,NA,NA,NA,NA,NA,NA,NA,NA,NA,NA,2 6,0,1,0,0,0,1,0,0,0,0,NA,2 6,0,1,0,0,0,1,0,0,0,0,NA,3,3,3,3,1,3,2,3,10,0,0,0,0,0,0,0,0,0,1,0,0,0,NA,4,2,NA,1 3,1,0,1,0,0,0,0,0,0,0,0,0,0,NA,3,3,3,3,3,3,4,1,2,4,5,5,5,5,5,5,2,1,1,5,0,0,0,0,1,0,0,0,NA,2,2,3,3,3,3,4,3,3,3,4,2,NA,1,1,1,1,4,2,0,1,0,0,0,NA,4,NA,0,0,0,0,0,0,0,1,0,0,0,NA,1,1,1,1,4,1,1,3,3,3,3,3,3,3,3,3,3,3,1 4,1,0,0,1,0,0,0,0,0,0,0,1,1,1,1,1,4,1,3,3,1,8,4,3,3,4,4,2,3,4,4,4,4,4,0,0,0,1,0,0,0,NA,1,2,3,3,3,3,3,3,3,No,4,0,0,0,1,0,0,0,0,0,NA,30,NA,9945,No,uuid:a1742891-6be3-4f73-a2e6-21b47c3bb205,2512142209,uuid:a1742891-6be3-4f73-a2e6-21b47c3bb205,NA,NA,NA,NA,NA,NA,NA,NA,NA,NA
98097,S0409080072,OROMIA,Iluu Abbaa Booraa,diduu,baabbuu boondisaa,Rural,"12/15/2025, 9:39:40 PM","12/15/2025, 1:22:18 PM","12/15/2025, 9:33:18 PM",12/15/2025,cac9e9e73b79672b,1,T35403,NA,female,2 3 5 7 8,0,1,1,0,1,0,1,1,0,3,0,0,1,0,NA,3,NA,2,NA,1,NA,2011,2012,2,0,NA,NA,1 5,1,0,0,0,1,0,0,NA,1,NA,2,0,1,0,0,0,0,0,NA,1,3,0,0,1,0,0,0,NA,4,0,0,0,1,0,0,0,0,0,0,NA,2 5,0,1,0,0,1,0,0,0,0,0,NA,2 5,0,1,0,0,1,0,0,0,0,0,NA,3,3,2,4,1,1,1,1,5 10,0,0,0,0,1,0,0,0,0,1,0,0,0,NA,4,2,NA,2 5,0,1,0,0,1,0,0,0,0,0,0,0,0,NA,3,2,3,3,4,4,3,3,2,4,5,5,4,5,5,3,1,1,1,1 2 5,1,1,0,0,1,0,0,0,NA,3,3,2,3,2,3,4,1,2,4,2,2,NA,3,3,3,2,3,2 3,0,1,1,0,0,NA,3,NA,0,0,0,0,0,0,0,0,0,0,0,NA,1,1,1,1,4,1,1,3,3,3,3,3,3,3,3,3,3,3,2 4,0,1,0,1,0,0,0,0,0,0,0,1,1,2,2,1,4,1,3,3,1,7,2,3,1,3,3,3,4,4,3,3,4,1 4,1,0,0,1,0,0,0,NA,1,2,3,3,3,3,3,3,3,No,4 5,0,0,0,1,1,0,0,0,0,NA,37,NA,10600,No,uuid:cd003669-233c-443e-9269-3203d5044ccc,2512142209,uuid:cd003669-233c-443e-9269-3203d5044ccc,NA,NA,NA,NA,NA,NA,NA,NA,NA,NA
98097,S0409080072,OROMIA,Iluu Abbaa Booraa,diduu,baabbuu boondisaa,Rural,"12/15/2025, 9:39:41 PM","12/15/2025, 1:51:47 PM","12/15/2025, 9:25:23 PM",12/15/2025,3.58E+14,1,T35402,NA,male,6 7 8,0,0,0,0,0,1,1,1,0,1,1,0,0,0,NA,3,NA,5,NA,0,NA,2002,2014,4,0,NA,NA,2,0,1,0,0,0,0,0,NA,1,NA,5,0,0,0,0,1,0,0,NA,1,3,0,0,1,0,0,0,NA,3 4,0,0,1,1,0,0,0,0,0,0,NA,2 6,0,1,0,0,0,1,0,0,0,0,NA,2 6,0,1,0,0,0,1,0,0,0,0,NA,4,3,3,4,1,1,1,1,10,0,0,0,0,0,0,0,0,0,1,0,0,0,NA,3,2,NA,1 3,1,0,1,0,0,0,0,0,0,0,0,0,0,NA,4,4,4,4,4,4,4,2,2,2,5,5,5,5,5,5,1,2,2,5,0,0,0,0,1,0,0,0,NA,2,2,2,3,3,3,3,2,3,2,3,2,NA,1,1,1,1,1,1 3,1,0,1,0,0,NA,3,NA,0,0,0,0,0,0,0,1,0,0,0,NA,1,1,1,1,4,1,1,3,3,3,3,3,3,3,3,3,3,3,1 4,1,0,0,1,0,0,0,0,0,0,0,1,1,1,1,1,4,1,3,3,1,8,1,2,3,3,3,2,4,3,3,4,4,4,0,0,0,1,0,0,0,NA,0,NA,NA,NA,NA,NA,NA,NA,NA,NA,4,0,0,0,1,0,0,0,0,0,NA,31,NA,13505,No,uuid:38cc8b6b-c111-4b01-bc79-8aa0a1f808aa,2512142209,uuid:38cc8b6b-c111-4b01-bc79-8aa0a1f808aa,NA,NA,NA,NA,NA,NA,NA,NA,NA,NA
98105,S0409080152,OROMIA,Iluu Abbaa Booraa,diduu,gordommoo,Rural,"12/19/2025, 2:45:49 PM","12/11/2025, 11:19:50 AM","12/19/2025, 2:45:57 PM",12/11/2025,5709a80a20846068,1,T15301,NA,male,5 6 8,0,0,0,0,1,1,0,1,0,1 2 3,1,1,1,0,NA,3,NA,3,NA,1,NA,1999,2015,8,0,NA,NA,1 5,1,0,0,0,1,0,0,NA,1,NA,2,0,1,0,0,0,0,0,NA,1,3,0,0,1,0,0,0,NA,1 4,1,0,0,1,0,0,0,0,0,0,NA,2 5,0,1,0,0,1,0,0,0,0,0,NA,2 5,0,1,0,0,1,0,0,0,0,0,NA,3,2,3,2,1,1,1,1,3,0,0,1,0,0,0,0,0,0,0,0,0,0,NA,4,2,NA,1 4 5,1,0,0,1,1,0,0,0,0,0,0,0,0,NA,3,3,3,3,3,3,3,2,3,3,4,4,4,4,4,2,2,1,1,2 5,0,1,0,0,1,0,0,0,NA,2,3,3,2,2,2,4,3,2,3,3,2,NA,4,3,3,1,3,2 3,0,1,1,0,0,NA,3,NA,0,0,0,1,0,0,0,1,0,0,0,NA,1,1,1,1,3,2,1,3,3,3,3,3,3,3,3,3,3,3,1 2 4,1,1,0,1,0,0,0,0,0,0,0,3,1,2,3,1,3,1,3,3,1,7,2,3,1,3,3,3,4,3,4,4,4,6,0,0,0,0,0,1,0,NA,0,NA,NA,NA,NA,NA,NA,NA,NA,NA,4 5,0,0,0,1,1,0,0,0,0,NA,38,NA,14238,NA,uuid:bd3df103-3330-4ad8-b319-fbf3182406d9,2512030649,uuid:bd3df103-3330-4ad8-b319-fbf3182406d9,NA,NA,NA,NA,NA,NA,NA,NA,NA,NA
98105,S0409080152,OROMIA,Iluu Abbaa Booraa,diduu,gordommoo,Rural,"12/19/2025, 2:45:49 PM","12/12/2025, 12:48:17 PM","12/19/2025, 2:40:27 PM",12/12/2025,5709a80a20846068,1,T15303,NA,male,7 8,0,0,0,0,0,0,1,1,0,3,0,0,1,0,NA,3,NA,5,NA,1,NA,2002,2012,3,1,1,3,2 5,0,1,0,0,1,0,0,NA,1,NA,5,0,0,0,0,1,0,0,NA,0,NA,NA,NA,NA,NA,NA,NA,NA,NA,NA,NA,NA,NA,NA,NA,NA,NA,NA,NA,NA,2 6,0,1,0,0,0,1,0,0,0,0,NA,2 6,0,1,0,0,0,1,0,0,0,0,NA,3,3,2,3,1,3,1,4,2,0,1,0,0,0,0,0,0,0,0,0,0,0,NA,4,4,NA,1 2 6 8,1,1,0,0,0,1,0,1,0,0,0,0,0,NA,4,3,3,4,3,3,3,3,4,4,5,4,4,4,4,4,1,1,2,5,0,0,0,0,1,0,0,0,NA,3,2,3,3,3,3,4,3,3,3,4,2,NA,3,3,3,1,2,4,0,0,0,1,0,NA,3,NA,0,0,0,0,0,0,0,1,0,0,0,NA,2,2,1,1,4,1,1,3,3,3,3,3,3,3,3,3,3,3,1 5,1,0,0,0,1,0,0,0,0,0,0,1,1,1,1,1,4,1,3,3,1,8,2,3,2,3,4,3,4,4,2,2,3,4,0,0,0,1,0,0,0,NA,0,NA,NA,NA,NA,NA,NA,NA,NA,NA,4,0,0,0,1,0,0,0,0,0,NA,39,NA,13065,No,uuid:d79894c8-610e-4273-9602-aeac5a7da6fd,2512030649,uuid:d79894c8-610e-4273-9602-aeac5a7da6fd,NA,NA,NA,NA,NA,NA,NA,NA,NA,NA
98105,S0409080152,OROMIA,Iluu Abbaa Booraa,diduu,gordommoo,Rural,"12/19/2025, 2:45:50 PM","12/13/2025, 9:27:18 AM","12/19/2025, 2:39:51 PM",12/13/2025,5709a80a20846068,1,T15302,NA,female,6 8,0,0,0,0,0,1,0,1,0,1,1,0,0,0,NA,3,NA,2,NA,1,NA,2011,2016,4,0,NA,NA,1 5,1,0,0,0,1,0,0,NA,1,NA,6,0,0,0,0,0,1,0,NA,1,3,0,0,1,0,0,0,NA,1 2 3,1,1,1,0,0,0,0,0,0,0,NA,2 6,0,1,0,0,0,1,0,0,0,0,NA,6 8,0,0,0,0,0,1,0,1,0,0,NA,4,4,2,3,1,1,1,1,10,0,0,0,0,0,0,0,0,0,1,0,0,0,NA,4,2,NA,1 3,1,0,1,0,0,0,0,0,0,0,0,0,0,NA,4,4,3,3,3,3,4,3,1,4,5,4,5,5,5,5,2,1,1,5,0,0,0,0,1,0,0,0,NA,4,3,4,3,3,3,2,5,4,3,3,2,NA,3,3,2,3,3,3,0,0,1,0,0,NA,3,NA,0,0,0,0,0,0,0,1,0,0,0,NA,3,1,1,1,4,1,1,3,3,3,3,3,3,3,3,3,3,3,9 10,0,0,0,0,0,0,0,0,1,1,0,1,1,1,1,1,2,1,3,3,1,8,3,4,1,4,4,1,4,4,3,3,4,4,0,0,0,1,0,0,0,NA,0,NA,NA,NA,NA,NA,NA,NA,NA,NA,4,0,0,0,1,0,0,0,0,0,NA,30,NA,11531,No,uuid:35e10144-d9bc-4697-b8b1-f9920ba5927a,2512030649,uuid:35e10144-d9bc-4697-b8b1-f9920ba5927a,NA,NA,NA,NA,NA,NA,NA,NA,NA,NA
98472,S0409140282,OROMIA,Iluu Abbaa Booraa,yaayyoo,wixatee,Rural,"12/13/2025, 5:24:44 PM","12/10/2025, 10:44:03 AM","12/13/2025, 2:55:55 PM",12/10/2025,5709a80a20846068,1,T23703,NA,male,3 4 5,0,0,1,1,1,0,0,0,0,2 3,0,1,1,0,NA,3,NA,5,NA,1,NA,2002,2013,3,1,2,3,1,1,0,0,0,0,0,0,NA,1,NA,2,0,1,0,0,0,0,0,NA,1,2,0,1,0,0,0,0,NA,4,0,0,0,1,0,0,0,0,0,0,NA,2 5,0,1,0,0,1,0,0,0,0,0,NA,2 5,0,1,0,0,1,0,0,0,0,0,NA,3,3,3,3,1,1,2,1,10,0,0,0,0,0,0,0,0,0,1,0,0,0,NA,4,2,NA,1 4,1,0,0,1,0,0,0,0,0,0,0,0,0,NA,2,3,3,3,3,3,3,1,2,3,4,4,3,3,3,3,1,1,1,2 5,0,1,0,0,1,0,0,0,NA,2,3,3,3,3,3,4,4,3,3,3,1,NA,3,3,4,3,3,2,0,1,0,0,0,NA,3,NA,0,0,0,1,0,0,0,1,0,0,0,NA,2,1,1,1,3,1,1,3,3,3,3,3,3,3,3,3,3,3,1 2 4 7,1,1,0,1,0,0,1,0,0,0,0,3,3,2,3,3,2,3,3,3,1,5,3,2,3,2,2,2,4,3,3,1,3,4 5,0,0,0,1,1,0,0,NA,0,NA,NA,NA,NA,NA,NA,NA,NA,NA,4 5,0,0,0,1,1,0,0,0,0,NA,32,NA,14132,No,uuid:6a698c37-cedc-404a-a6bd-8d316b9f7e0a,2512030649,uuid:6a698c37-cedc-404a-a6bd-8d316b9f7e0a,NA,NA,NA,NA,NA,NA,NA,NA,NA,NA
98472,S0409140282,OROMIA,Iluu Abbaa Booraa,yaayyoo,wixatee,Rural,"12/13/2025, 5:24:55 PM","12/8/2025, 5:41:22 PM","12/13/2025, 2:26:41 PM",12/8/2025,3.58E+14,1,T23701,NA,male,5 6 7 8,0,0,0,0,1,1,1,1,0,3,0,0,1,0,NA,3,NA,5,NA,1,NA,2001,2017,5,1,1,3,1,1,0,0,0,0,0,0,NA,1,NA,5,0,0,0,0,1,0,0,NA,1,3,0,0,1,0,0,0,NA,1 2,1,1,0,0,0,0,0,0,0,0,NA,2 6,0,1,0,0,0,1,0,0,0,0,NA,2 6,0,1,0,0,0,1,0,0,0,0,NA,3,3,3,3,1,2,2,3,10,0,0,0,0,0,0,0,0,0,1,0,0,0,NA,4,2,NA,1 5,1,0,0,0,1,0,0,0,0,0,0,0,0,NA,3,3,3,4,4,4,4,3,3,3,5,4,5,5,4,4,1,1,1,5,0,0,0,0,1,0,0,0,NA,2,3,3,4,3,4,4,4,3,4,1,2,NA,3,3,3,3,3,1,1,0,0,0,0,NA,2,NA,0,0,0,0,0,0,0,1,0,0,0,NA,3,3,3,2,4,2,1,3,3,3,3,3,3,3,3,3,3,3,1 4,1,0,0,1,0,0,0,0,0,0,0,1,2,1,2,2,2,2,3,3,1,8,3,3,3,4,3,3,4,4,3,3,3,4,0,0,0,1,0,0,0,NA,0,NA,NA,NA,NA,NA,NA,NA,NA,NA,4,0,0,0,1,0,0,0,0,0,NA,40,NA,14368,No,uuid:a64f72da-4cef-4c72-91c6-f05f4473b50a,2512040829,uuid:a64f72da-4cef-4c72-91c6-f05f4473b50a,NA,NA,NA,NA,NA,NA,NA,NA,NA,NA
98472,S0409140282,OROMIA,Iluu Abbaa Booraa,yaayyoo,wixatee,Rural,"12/13/2025, 5:24:57 PM","12/10/2025, 10:28:04 AM","12/13/2025, 2:28:27 PM",12/10/2025,3.58E+14,1,T23702,NA,female,6 7 8,0,0,0,0,0,1,1,1,0,2,0,1,0,0,NA,3,NA,5,NA,1,NA,1995,2005,3,1,1,3,1,1,0,0,0,0,0,0,NA,1,NA,6,0,0,0,0,0,1,0,NA,0,NA,NA,NA,NA,NA,NA,NA,NA,NA,NA,NA,NA,NA,NA,NA,NA,NA,NA,NA,NA,6 8,0,0,0,0,0,1,0,1,0,0,NA,6 8,0,0,0,0,0,1,0,1,0,0,NA,3,4,3,3,1,1,1,4,10,0,0,0,0,0,0,0,0,0,1,0,0,0,NA,4,4,NA,1 5,1,0,0,0,1,0,0,0,0,0,0,0,0,NA,3,2,3,3,4,3,3,2,2,4,4,3,3,3,4,3,1,1,1,2 5,0,1,0,0,1,0,0,0,NA,2,3,2,3,3,2,3,3,4,3,3,2,NA,3,3,3,3,4,1 2,1,1,0,0,0,NA,1,NA,0,0,0,0,0,0,0,1,0,0,0,NA,3,1,1,1,4,1,1,3,3,3,3,3,3,3,3,3,3,3,4 7,0,0,0,1,0,0,1,0,0,0,0,2,2,2,1,2,2,1,3,3,1,8,4,4,1,4,3,3,4,3,3,3,3,4,0,0,0,1,0,0,0,NA,1,1,3,3,2,3,1,3,1,No,4,0,0,0,1,0,0,0,0,0,NA,40,NA,14265,Yes,uuid:21c02fd0-e06f-4f66-ba09-6de2f1642be1,2512040829,uuid:21c02fd0-e06f-4f66-ba09-6de2f1642be1,NA,NA,NA,NA,NA,NA,NA,NA,NA,NA
98505,S0410010162,OROMIA,B/M/Aggaaroo,b/m/aggaaroo,aggaroo lakk 2 sad.1 ffaa,Urban,"12/17/2025, 8:10:36 PM","12/17/2025, 2:08:45 PM","12/17/2025, 2:20:33 PM",12/17/2025,48ec0b9287834309,1,T40902,NA,male,7 8,0,0,0,0,0,0,1,1,0,97,0,0,0,1,IT,4,NA,5,NA,1,NA,1993,2000,6,0,NA,NA,1 2,1,1,0,0,0,0,0,NA,1,NA,5 6,0,0,0,0,1,1,0,NA,1,1 2 3 4,1,1,1,1,0,0,NA,2 3 5,0,1,1,0,1,0,0,0,0,0,NA,4 5,0,0,0,1,1,0,0,0,0,0,NA,1 6,1,0,0,0,0,1,0,0,0,0,NA,2,2,1,2,3,3,2,2,2 4 6,0,1,0,1,0,1,0,0,0,0,0,0,0,NA,2,4,NA,1 4,1,0,0,1,0,0,0,0,0,0,0,0,0,NA,4,3,4,3,4,3,4,3,4,3,5,5,4,5,4,5,3,2,1,2 5 6,0,1,0,0,1,1,0,0,NA,4,3,4,3,3,4,5,4,4,5,4,2,NA,4,3,3,4,2,1 2,1,1,0,0,0,NA,4,NA,1,1,1,1,0,1,0,1,1,1,0,NA,2,3,4,2,4,3,3,3,2,3,3,2,3,2,2,1,2,2,3 6,0,0,1,0,0,1,0,0,0,0,0,4,3,4,3,4,2,4,3,3,1,10,4,4,1,3,4,4,4,3,4,4,3,1 4,1,0,0,1,0,0,0,NA,0,NA,NA,NA,NA,NA,NA,NA,NA,NA,2 4,0,1,0,1,0,0,0,0,0,NA,45,NA,16214,Nothing,uuid:f2cd46a4-7092-4ae9-ab2d-a0e100bfc522,2512142209,uuid:f2cd46a4-7092-4ae9-ab2d-a0e100bfc522,NA,NA,NA,NA,NA,NA,NA,NA,NA,NA
98505,S0410010162,OROMIA,B/M/Aggaaroo,b/m/aggaaroo,aggaroo lakk 2 sad.1 ffaa,Urban,"12/17/2025, 8:10:37 PM","12/17/2025, 8:05:16 PM","12/17/2025, 8:10:11 PM",12/17/2025,48ec0b9287834309,1,T40903,NA,male,6 7 8,0,0,0,0,0,1,1,1,0,2,0,1,0,0,NA,5,NA,5,NA,1,NA,2002,2005,2,1,2017,2,1 2,1,1,0,0,0,0,0,NA,1,NA,5 6,0,0,0,0,1,1,0,NA,1,1 2,1,1,0,0,0,0,NA,1 2 4,1,1,0,1,0,0,0,0,0,0,NA,4 5,0,0,0,1,1,0,0,0,0,0,NA,2 6,0,1,0,0,0,1,0,0,0,0,NA,2,1,3,2,1,1,1,1,2 5,0,1,0,0,1,0,0,0,0,0,0,0,0,NA,2,3,NA,1 5,1,0,0,0,1,0,0,0,0,0,0,0,0,NA,4,3,4,3,3,4,4,3,4,3,5,4,5,4,4,5,3,3,3,3 5,0,0,1,0,1,0,0,0,NA,4,3,3,4,3,4,4,4,4,3,4,3,NA,4,3,4,3,4,2 3,0,1,1,0,0,NA,4,NA,1,1,1,0,0,1,0,1,1,0,0,NA,3,4,3,3,3,4,3,1,3,2,2,3,3,3,3,3,3,3,3 6,0,0,1,0,0,1,0,0,0,0,0,4,3,3,4,3,4,4,3,3,1,10,4,4,1,4,3,4,4,4,4,4,4,2,0,1,0,0,0,0,0,NA,0,NA,NA,NA,NA,NA,NA,NA,NA,NA,2 4,0,1,0,1,0,0,0,0,0,NA,38,NA,14500,Nothing,uuid:7baa23a7-ef3f-404b-a8fa-656fe47f60ca,2512142209,uuid:7baa23a7-ef3f-404b-a8fa-656fe47f60ca,NA,NA,NA,NA,NA,NA,NA,NA,NA,NA
98505,S0410010162,OROMIA,B/M/Aggaaroo,b/m/aggaaroo,aggaroo lakk 2 sad.1 ffaa,Urban,"12/17/2025, 8:10:50 PM","12/17/2025, 1:50:29 PM","12/17/2025, 8:10:47 PM",12/17/2025,48ec0b9287834309,1,T40901,NA,female,1,1,0,0,0,0,0,0,0,0,1,1,0,0,0,NA,4,NA,3,NA,0,NA,2006,2014,3,0,NA,NA,1 2,1,1,0,0,0,0,0,NA,1,NA,5 6,0,0,0,0,1,1,0,NA,0,NA,NA,NA,NA,NA,NA,NA,NA,NA,NA,NA,NA,NA,NA,NA,NA,NA,NA,NA,NA,4 5,0,0,0,1,1,0,0,0,0,0,NA,3 5,0,0,1,0,1,0,0,0,0,0,NA,2,3,2,3,1,1,1,1,3 5,0,0,1,0,1,0,0,0,0,0,0,0,0,NA,2,4,NA,3 5,0,0,1,0,1,0,0,0,0,0,0,0,0,NA,4,3,4,3,4,3,4,4,2,4,4,5,4,5,4,5,1,3,1,4 5,0,0,0,1,1,0,0,0,NA,4,3,4,3,4,3,5,4,5,4,4,3,NA,3,4,3,3,3,1 2,1,1,0,0,0,NA,4,NA,1,1,0,1,1,0,1,1,1,0,1,Nothing,4,3,4,3,4,3,4,1,3,2,3,3,2,3,2,1,2,3,4 6,0,0,0,1,0,1,0,0,0,0,0,4,3,4,3,3,4,3,3,3,1,9,1,4,1,3,4,3,4,4,3,4,4,2,0,1,0,0,0,0,0,NA,0,NA,NA,NA,NA,NA,NA,NA,NA,NA,1 4,1,0,0,1,0,0,0,0,0,NA,32,NA,12275,Nothing,uuid:b7b7cd71-c937-423e-b1d6-a46b31fd6126,2512142209,uuid:b7b7cd71-c937-423e-b1d6-a46b31fd6126,NA,NA,NA,NA,NA,NA,NA,NA,NA,NA
98841,S0410040272,OROMIA,Jimma,deedoo,soollaa,Rural,"12/5/2025, 6:56:13 PM","12/5/2025, 11:17:43 AM","12/5/2025, 6:55:49 PM",12/5/2025,48ec0b9287834309,1,T15201,NA,male,1 2 3 4 5,1,1,1,1,1,0,0,0,0,2,0,1,0,0,NA,1,NA,5,NA,0,NA,2016,2016,1,1,1,3,1,1,0,0,0,0,0,0,NA,1,NA,5 6,0,0,0,0,1,1,0,NA,1,3,0,0,1,0,0,0,NA,1 3,1,0,1,0,0,0,0,0,0,0,NA,1 4,1,0,0,1,0,0,0,0,0,0,NA,5 7,0,0,0,0,1,0,1,0,0,0,NA,3,3,3,3,1,3,4,1,1 4 7,1,0,0,1,0,0,1,0,0,0,0,0,0,NA,2,5,NA,1 2,1,1,0,0,0,0,0,0,0,0,0,0,0,NA,4,4,4,3,4,4,4,4,4,4,5,5,5,5,5,5,3,2,1,2 5,0,1,0,0,1,0,0,0,NA,3,3,2,3,2,3,4,3,4,3,4,3,NA,4,3,4,3,4,2 3 4,0,1,1,1,0,NA,2,NA,0,0,0,1,0,1,1,1,1,0,0,NA,4,4,4,3,4,3,4,1,1,2,2,1,2,2,2,1,2,2,2 3 4,0,1,1,1,0,0,0,0,0,0,0,3,4,3,2,3,4,3,2,2,2,8,1,4,1,3,2,3,4,3,4,3,3,1 4,1,0,0,1,0,0,0,NA,0,NA,NA,NA,NA,NA,NA,NA,NA,NA,3 4,0,0,1,1,0,0,0,0,0,NA,27,NA,5600,Nothing,uuid:8abbe9af-03ec-4d0e-8432-31700f4d8ce9,2512040829,uuid:8abbe9af-03ec-4d0e-8432-31700f4d8ce9,NA,NA,NA,NA,NA,NA,NA,NA,NA,NA
98841,S0410040272,OROMIA,Jimma,deedoo,soollaa,Rural,"12/5/2025, 6:56:14 PM","12/5/2025, 11:46:21 AM","12/5/2025, 12:16:26 PM",12/5/2025,48ec0b9287834309,1,T15202,NA,male,6 7 8,0,0,0,0,0,1,1,1,0,1 2,1,1,0,0,NA,2,NA,3,NA,0,NA,2008,2012,2,1,1,3,4 5,0,0,0,1,1,0,0,NA,1,NA,5 6,0,0,0,0,1,1,0,NA,1,1 3,1,0,1,0,0,0,NA,1 3 5,1,0,1,0,1,0,0,0,0,0,NA,2 7,0,1,0,0,0,0,1,0,0,0,NA,1 3,1,0,1,0,0,0,0,0,0,0,NA,3,3,3,2,1,1,1,1,2 5 7,0,1,0,0,1,0,1,0,0,0,0,0,0,NA,3,2,NA,4 8,0,0,0,1,0,0,0,1,0,0,0,0,0,NA,3,3,3,3,4,4,4,3,2,4,4,5,5,5,5,4,3,2,2,2 5,0,1,0,0,1,0,0,0,NA,4,3,3,4,4,3,4,3,2,4,4,3,NA,4,4,3,4,3,2 4,0,1,0,1,0,NA,5,NA,1,1,1,1,1,1,1,0,1,1,0,NA,2,3,1,2,3,2,3,1,1,1,1,1,2,3,3,3,3,2,1 4,1,0,0,1,0,0,0,0,0,0,0,3,4,2,3,2,3,3,2,2,1,7,1,4,1,3,3,3,4,3,4,3,4,1 2,1,1,0,0,0,0,0,NA,1,2,2,2,1,3,2,3,2,Nothing,1 4,1,0,0,1,0,0,0,0,0,NA,26,NA,9900,There is no enough book and another learning support materials also there is no health facilities in this kebele.,uuid:65ffbf03-2501-4a80-97c8-ba478e9d6dac,2512040829,uuid:65ffbf03-2501-4a80-97c8-ba478e9d6dac,NA,NA,NA,NA,NA,NA,NA,NA,NA,NA
98841,S0410040272,OROMIA,Jimma,deedoo,soollaa,Rural,"12/5/2025, 7:15:18 PM","12/5/2025, 6:56:26 PM","12/5/2025, 7:15:09 PM",12/5/2025,48ec0b9287834309,1,T15203,NA,female,6 7 8,0,0,0,0,0,1,1,1,0,2,0,1,0,0,NA,2,NA,3,NA,0,NA,2015,2015,1,0,NA,NA,1 5,1,0,0,0,1,0,0,NA,1,NA,2 6,0,1,0,0,0,1,0,NA,1,3,0,0,1,0,0,0,NA,3 5,0,0,1,0,1,0,0,0,0,0,NA,4 8,0,0,0,1,0,0,0,1,0,0,NA,1 7,1,0,0,0,0,0,1,0,0,0,NA,4,4,4,4,4,4,4,4,2 5 6,0,1,0,0,1,1,0,0,0,0,0,0,0,NA,4,4,NA,1 4 7,1,0,0,1,0,0,1,0,0,0,0,0,0,NA,3,4,3,4,3,4,4,4,3,4,4,5,5,5,5,5,1,1,1,2 5,0,1,0,0,1,0,0,0,NA,3,4,3,3,2,3,4,5,4,5,3,2,NA,4,3,3,4,3,2 4,0,1,0,1,0,NA,4,NA,1,0,1,1,1,0,1,1,1,0,0,NA,3,4,1,1,4,1,3,3,3,3,2,3,3,3,3,3,3,3,4 5 8,0,0,0,1,1,0,0,1,0,0,0,3,4,3,4,4,3,4,3,3,1,9,1,4,1,4,4,3,4,4,4,3,4,2,0,1,0,0,0,0,0,NA,1,1,2,2,1,1,2,1,2,Nothing,1 4,1,0,0,1,0,0,0,0,0,NA,28,NA,9200,Nothing,uuid:3ce5e65e-e228-4b1e-8b9f-136ff541e18f,2512040829,uuid:3ce5e65e-e228-4b1e-8b9f-136ff541e18f,NA,NA,NA,NA,NA,NA,NA,NA,NA,NA
98827,S0410040652,OROMIA,Jimma,deedoo,offolee daawee,Rural,"12/4/2025, 5:22:05 PM","12/4/2025, 10:32:45 AM","12/4/2025, 5:16:03 PM",12/4/2025,48ec0b9287834309,1,T15101,NA,female,5 6 7 8,0,0,0,0,1,1,1,1,0,1,1,0,0,0,NA,4,NA,3,NA,1,NA,2006,2012,5,1,4,3,1,1,0,0,0,0,0,0,NA,1,NA,6,0,0,0,0,0,1,0,NA,1,3 5,0,0,1,0,1,0,NA,2 3 4,0,1,1,1,0,0,0,0,0,0,NA,4 5,0,0,0,1,1,0,0,0,0,0,NA,4 8,0,0,0,1,0,0,0,1,0,0,NA,4,3,2,3,3,2,2,3,1 2 4 5 6,1,1,0,1,1,1,0,0,0,0,0,0,0,NA,1,2,NA,2 3 4,0,1,1,1,0,0,0,0,0,0,0,0,0,NA,4,4,3,3,2,3,2,2,1,3,4,4,2,4,4,4,3,2,3,2 5,0,1,0,0,1,0,0,0,NA,4,4,3,4,3,4,4,4,5,5,5,1,NA,3,4,3,4,3,1 2,1,1,0,0,0,NA,3,NA,1,1,0,1,1,1,0,0,0,1,0,NA,4,4,4,1,3,1,3,3,2,3,2,3,3,2,2,2,3,2,1 3 4,1,0,1,1,0,0,0,0,0,0,0,3,4,3,4,3,4,3,2,1,1,8,3,3,4,1,3,4,4,4,4,4,4,1 2,1,1,0,0,0,0,0,NA,1,2,2,3,1,1,2,2,2,Nothing,2 3,0,1,1,0,0,0,0,0,0,NA,33,NA,12225,Nothing,uuid:18044ecf-7979-40a9-ab94-4bdc506f4b20,2512040829,uuid:18044ecf-7979-40a9-ab94-4bdc506f4b20,NA,NA,NA,NA,NA,NA,NA,NA,NA,NA
98827,S0410040652,OROMIA,Jimma,deedoo,offolee daawee,Rural,"12/4/2025, 5:22:06 PM","12/4/2025, 11:08:27 AM","12/4/2025, 5:19:10 PM",12/4/2025,48ec0b9287834309,1,T15102,NA,male,6 7 8,0,0,0,0,0,1,1,1,0,2 97,0,1,0,1,Gadaa,1,NA,5,NA,0,NA,2014,2017,2,0,NA,NA,1 2,1,1,0,0,0,0,0,NA,1,NA,2,0,1,0,0,0,0,0,NA,1,1 3,1,0,1,0,0,0,NA,1 3 5,1,0,1,0,1,0,0,0,0,0,NA,4 8,0,0,0,1,0,0,0,1,0,0,NA,1 6,1,0,0,0,0,1,0,0,0,0,NA,3,4,3,3,4,4,3,4,2 5,0,1,0,0,1,0,0,0,0,0,0,0,0,NA,2,2,NA,2 3 5,0,1,1,0,1,0,0,0,0,0,0,0,0,NA,3,3,4,3,4,4,4,4,3,3,4,5,5,5,4,3,1,2,1,2 5,0,1,0,0,1,0,0,0,NA,4,3,3,4,4,3,2,3,4,2,3,1,NA,3,4,3,4,3,1 2,1,1,0,0,0,NA,1,NA,1,0,0,1,1,0,0,1,1,0,0,NA,3,2,3,2,3,2,3,3,2,3,3,3,3,3,3,3,3,3,1 3 4,1,0,1,1,0,0,0,0,0,0,0,3,4,2,2,3,3,3,1,1,1,8,3,4,1,3,3,4,3,4,2,3,4,2 4,0,1,0,1,0,0,0,NA,0,NA,NA,NA,NA,NA,NA,NA,NA,NA,1 3,1,0,1,0,0,0,0,0,0,NA,25,NA,10600,No additional,uuid:5f5ac3b6-cee9-4074-9437-92de7fe166a5,2512040829,uuid:5f5ac3b6-cee9-4074-9437-92de7fe166a5,NA,NA,NA,NA,NA,NA,NA,NA,NA,NA
98827,S0410040652,OROMIA,Jimma,deedoo,offolee daawee,Rural,"12/4/2025, 5:22:54 PM","12/4/2025, 12:45:31 PM","12/4/2025, 5:22:49 PM",12/4/2025,48ec0b9287834309,1,T15103,NA,female,1 2 3 4 5,1,1,1,1,1,0,0,0,0,2,0,1,0,0,NA,2,NA,3,NA,1,NA,2006,2006,1,1,1,3,1 2,1,1,0,0,0,0,0,NA,5,NA,5 6,0,0,0,0,1,1,0,NA,1,3,0,0,1,0,0,0,NA,2 4 5,0,1,0,1,1,0,0,0,0,0,NA,4 5,0,0,0,1,1,0,0,0,0,0,NA,4 5,0,0,0,1,1,0,0,0,0,0,NA,4,4,4,4,2,3,3,3,3 4 5 6,0,0,1,1,1,1,0,0,0,0,0,0,0,NA,3,2,NA,2 3 4,0,1,1,1,0,0,0,0,0,0,0,0,0,NA,3,4,3,4,2,3,3,3,4,3,5,5,4,5,4,5,3,3,2,2 5,0,1,0,0,1,0,0,0,NA,4,3,2,3,3,4,3,4,3,4,4,4,NA,3,4,3,2,3,2 3,0,1,1,0,0,NA,4,NA,1,0,1,1,1,1,1,1,1,1,0,NA,3,4,4,2,2,3,2,1,1,3,3,3,3,3,2,2,1,3,1 3 4,1,0,1,1,0,0,0,0,0,0,0,2,2,2,4,3,4,3,1,1,1,9,3,2,3,3,2,4,4,3,4,2,4,2 3 4,0,1,1,1,0,0,0,NA,1,2,3,2,1,2,2,2,2,Nothing,2 3,0,1,1,0,0,0,0,0,0,NA,27,NA,10000,Nothing,uuid:afa5eaa5-0ee8-47e0-89d6-9e0d1543f376,2512040829,uuid:afa5eaa5-0ee8-47e0-89d6-9e0d1543f376,NA,NA,NA,NA,NA,NA,NA,NA,NA,NA
99133,S0410070262,OROMIA,Jimma,gumaay,burqaa guddinaa,Urban,"12/18/2025, 9:46:24 PM","12/18/2025, 10:51:25 AM","12/18/2025, 9:46:19 PM",12/18/2025,48ec0b9287834309,1,T17401,NA,male,4 6,0,0,0,1,0,1,0,0,0,3,0,0,1,0,NA,4,NA,2,NA,0,NA,2002,2015,4,0,NA,NA,1,1,0,0,0,0,0,0,NA,1,NA,5 6,0,0,0,0,1,1,0,NA,1,1 3,1,0,1,0,0,0,NA,3 6 7,0,0,1,0,0,1,1,0,0,0,NA,4 5,0,0,0,1,1,0,0,0,0,0,NA,2 3,0,1,1,0,0,0,0,0,0,0,NA,2,4,4,3,1,1,1,1,2 5 7,0,1,0,0,1,0,1,0,0,0,0,0,0,NA,2,4,NA,2 3 5,0,1,1,0,1,0,0,0,0,0,0,0,0,NA,4,3,4,3,4,3,4,3,4,3,5,4,5,4,4,4,3,1,1,2 5,0,1,0,0,1,0,0,0,NA,3,4,3,4,3,3,4,4,3,4,4,3,NA,4,3,3,3,4,2,0,1,0,0,0,NA,2,NA,1,1,0,1,1,1,1,1,1,0,0,NA,2,3,3,1,4,3,4,3,3,2,2,3,2,3,3,3,3,3,6 7,0,0,0,0,0,1,1,0,0,0,0,4,3,4,3,4,4,3,3,3,1,10,4,3,3,4,3,4,4,4,3,3,4,1 2,1,1,0,0,0,0,0,NA,0,NA,NA,NA,NA,NA,NA,NA,NA,NA,2 4,0,1,0,1,0,0,0,0,0,NA,28,NA,13300,Nothing,uuid:6d8120d8-f147-45b5-9fcc-7840d4808692,2512142209,uuid:6d8120d8-f147-45b5-9fcc-7840d4808692,NA,NA,NA,NA,NA,NA,NA,NA,NA,NA
99133,S0410070262,OROMIA,Jimma,gumaay,burqaa guddinaa,Urban,"12/18/2025, 9:46:24 PM","12/18/2025, 11:03:28 AM","12/18/2025, 9:45:25 PM",12/18/2025,48ec0b9287834309,1,T17402,NA,male,4 5 6 7 8,0,0,0,1,1,1,1,1,0,1,1,0,0,0,NA,5,NA,5,NA,1,NA,2002,2017,6,1,2,2,1,1,0,0,0,0,0,0,NA,1,NA,6,0,0,0,0,0,1,0,NA,1,1 3,1,0,1,0,0,0,NA,2 5,0,1,0,0,1,0,0,0,0,0,NA,4 5,0,0,0,1,1,0,0,0,0,0,NA,2 6,0,1,0,0,0,1,0,0,0,0,NA,2,3,3,2,1,1,1,2,2 5,0,1,0,0,1,0,0,0,0,0,0,0,0,NA,2,4,NA,2 7 8,0,1,0,0,0,0,1,1,0,0,0,0,0,NA,4,3,3,4,4,3,4,3,4,3,5,4,5,4,5,4,1,1,1,2 5,0,1,0,0,1,0,0,0,NA,4,3,4,3,4,3,5,4,5,4,5,3,NA,4,3,2,3,4,1,1,0,0,0,0,NA,3,NA,1,1,0,1,1,1,0,0,1,0,0,NA,4,3,4,3,3,4,3,1,2,3,2,3,3,3,3,3,3,3,3 6,0,0,1,0,0,1,0,0,0,0,0,4,3,4,3,3,3,4,3,3,1,9,4,2,1,3,4,3,4,4,3,4,4,2,0,1,0,0,0,0,0,NA,1,1,1,1,1,1,3,2,3,Nothing,2 4,0,1,0,1,0,0,0,0,0,NA,45,NA,13900,Nothing,uuid:2038ecb9-356d-45e6-9320-a96fb25ea84d,2512142209,uuid:2038ecb9-356d-45e6-9320-a96fb25ea84d,NA,NA,NA,NA,NA,NA,NA,NA,NA,NA
99133,S0410070262,OROMIA,Jimma,gumaay,burqaa guddinaa,Urban,"12/18/2025, 9:46:24 PM","12/18/2025, 11:13:42 AM","12/18/2025, 9:46:06 PM",12/18/2025,48ec0b9287834309,1,T17403,NA,female,5 6 7 8,0,0,0,0,1,1,1,1,0,1,1,0,0,0,NA,4,NA,2,NA,0,NA,2002,2003,2,0,NA,NA,1,1,0,0,0,0,0,0,NA,1,NA,5 6,0,0,0,0,1,1,0,NA,0,NA,NA,NA,NA,NA,NA,NA,NA,NA,NA,NA,NA,NA,NA,NA,NA,NA,NA,NA,NA,4 5,0,0,0,1,1,0,0,0,0,0,NA,2 4,0,1,0,1,0,0,0,0,0,0,NA,2,2,3,2,1,1,1,1,3 6,0,0,1,0,0,1,0,0,0,0,0,0,0,NA,1,4,NA,3 5,0,0,1,0,1,0,0,0,0,0,0,0,0,NA,4,3,3,4,3,4,4,3,3,4,5,4,5,4,5,4,1,1,1,3 4,0,0,1,1,0,0,0,0,NA,4,3,4,2,3,4,4,5,3,5,4,3,NA,3,4,3,2,4,1 2,1,1,0,0,0,NA,4,NA,1,1,0,1,1,1,1,1,1,0,0,NA,4,3,4,4,2,4,3,1,1,2,3,3,2,3,3,2,3,1,4 6,0,0,0,1,0,1,0,0,0,0,0,4,3,4,3,4,3,3,3,3,1,9,4,4,1,3,3,4,4,3,4,3,3,1 2,1,1,0,0,0,0,0,NA,0,NA,NA,NA,NA,NA,NA,NA,NA,NA,2 4,0,1,0,1,0,0,0,0,0,NA,30,NA,12900,NA,uuid:4d85658a-6ead-4a16-b86e-5992e47ae6bb,2512142209,uuid:4d85658a-6ead-4a16-b86e-5992e47ae6bb,NA,NA,NA,NA,NA,NA,NA,NA,NA,NA
99214,S0410080392,OROMIA,Jimma,limmuu kossaa,caakkawoo manjii,Rural,"12/15/2025, 6:53:28 PM","12/15/2025, 10:13:19 AM","12/15/2025, 6:44:26 PM",12/15/2025,48ec0b9287834309,1,T19501,NA,male,4 5 6 7,0,0,0,1,1,1,1,0,0,1,1,0,0,0,NA,4,NA,5,NA,1,NA,2000,2011,5,0,NA,NA,1 2,1,1,0,0,0,0,0,NA,1,NA,5 6,0,0,0,0,1,1,0,NA,1,1 2 3,1,1,1,0,0,0,NA,1 2 3 5,1,1,1,0,1,0,0,0,0,0,NA,4 5,0,0,0,1,1,0,0,0,0,0,NA,1 4,1,0,0,1,0,0,0,0,0,0,NA,4,4,4,4,3,3,3,2,2 3 5 6,0,1,1,0,1,1,0,0,0,0,0,0,0,NA,1,4,NA,2 4 6,0,1,0,1,0,1,0,0,0,0,0,0,0,NA,4,4,3,4,3,4,4,2,4,3,5,5,4,5,4,5,1,1,1,2 5,0,1,0,0,1,0,0,0,NA,4,3,4,4,3,4,5,4,5,4,4,2,NA,3,4,3,4,3,2 3,0,1,1,0,0,NA,3,NA,1,1,1,1,0,1,1,1,1,1,0,NA,3,4,3,3,4,3,2,2,3,3,2,3,3,2,3,3,3,3,2 3 4,0,1,1,1,0,0,0,0,0,0,0,3,4,3,2,2,4,4,3,3,1,9,4,4,1,4,4,3,4,4,4,4,4,2,0,1,0,0,0,0,0,NA,1,1,2,2,1,1,2,3,3,Nothing,1 2,1,1,0,0,0,0,0,0,0,NA,45,NA,13900,Nothing,uuid:87ad449a-c4b4-4aac-b494-08d6d1cb631d,2512142209,uuid:87ad449a-c4b4-4aac-b494-08d6d1cb631d,NA,NA,NA,NA,NA,NA,NA,NA,NA,NA
99214,S0410080392,OROMIA,Jimma,limmuu kossaa,caakkawoo manjii,Rural,"12/15/2025, 6:53:28 PM","12/15/2025, 10:31:32 AM","12/15/2025, 6:40:27 PM",12/15/2025,48ec0b9287834309,1,T19502,NA,male,3 4 5 7,0,0,1,1,1,0,1,0,0,1,1,0,0,0,NA,4,NA,5,NA,1,NA,1989,2002,7,0,NA,NA,1 2 3,1,1,1,0,0,0,0,NA,1,NA,5 6,0,0,0,0,1,1,0,NA,1,1 2 3,1,1,1,0,0,0,NA,3 4 8,0,0,1,1,0,0,0,1,0,0,NA,4 5,0,0,0,1,1,0,0,0,0,0,NA,1 3,1,0,1,0,0,0,0,0,0,0,NA,4,4,4,4,1,1,1,1,2 4 5,0,1,0,1,1,0,0,0,0,0,0,0,0,NA,3,4,NA,2 4 6,0,1,0,1,0,1,0,0,0,0,0,0,0,NA,4,3,4,4,3,4,4,3,4,4,5,4,2,4,5,5,2,1,1,2 5,0,1,0,0,1,0,0,0,NA,4,3,3,4,3,4,4,4,5,4,5,2,NA,4,3,4,4,3,2 3,0,1,1,0,0,NA,5,NA,1,1,0,1,0,1,0,1,1,1,0,NA,3,2,3,3,4,3,4,1,2,1,3,1,1,2,1,2,1,1,1 11,1,0,0,0,0,0,0,0,0,0,1,2,3,3,4,4,3,1,3,3,1,9,4,4,1,3,4,3,4,4,4,4,4,2,0,1,0,0,0,0,0,NA,0,NA,NA,NA,NA,NA,NA,NA,NA,NA,1 2,1,1,0,0,0,0,0,0,0,NA,42,NA,16223,Missmatch of our duties and our payment since our responsibility is not easy,uuid:7e194455-5d81-4554-808c-e7e652144d4c,2512142209,uuid:7e194455-5d81-4554-808c-e7e652144d4c,NA,NA,NA,NA,NA,NA,NA,NA,NA,NA
99214,S0410080392,OROMIA,Jimma,limmuu kossaa,caakkawoo manjii,Rural,"12/15/2025, 6:53:29 PM","12/15/2025, 6:44:35 PM","12/15/2025, 6:53:20 PM",12/15/2025,48ec0b9287834309,1,T19503,NA,female,3 4 5 6 7,0,0,1,1,1,1,1,0,0,1 2,1,1,0,0,NA,4,NA,3,NA,0,NA,2003,2014,3,0,NA,NA,1 2,1,1,0,0,0,0,0,NA,1,NA,5 6,0,0,0,0,1,1,0,NA,0,NA,NA,NA,NA,NA,NA,NA,NA,NA,NA,NA,NA,NA,NA,NA,NA,NA,NA,NA,NA,4 5,0,0,0,1,1,0,0,0,0,0,NA,1 4,1,0,0,1,0,0,0,0,0,0,NA,2,4,3,3,1,1,1,3,1 4 5,1,0,0,1,1,0,0,0,0,0,0,0,0,NA,2,4,NA,3 5 6 9,0,0,1,0,1,1,0,0,1,0,0,0,0,NA,4,3,4,3,4,3,4,3,4,4,5,5,5,5,5,5,1,1,1,2 5,0,1,0,0,1,0,0,0,NA,4,3,3,4,3,3,4,5,3,5,4,3,NA,4,4,3,4,3,2 4,0,1,0,1,0,NA,3,NA,1,1,0,1,0,1,0,1,1,0,0,NA,3,3,1,1,4,3,3,1,1,2,3,3,2,2,1,2,2,3,3 4 7,0,0,1,1,0,0,1,0,0,0,0,1,2,2,3,2,4,3,3,3,1,10,4,4,1,3,4,3,4,4,4,3,4,2,0,1,0,0,0,0,0,NA,0,NA,NA,NA,NA,NA,NA,NA,NA,NA,2 4,0,1,0,1,0,0,0,0,0,NA,31,NA,12950,Nothing,uuid:30fb8133-6776-46d6-b2e0-cac7406b3a86,2512142209,uuid:30fb8133-6776-46d6-b2e0-cac7406b3a86,NA,NA,NA,NA,NA,NA,NA,NA,NA,NA
99279,S0410080762,OROMIA,Jimma,limmuu kossaa,wasaggar tulamaa,Rural,"12/16/2025, 5:48:13 PM","12/15/2025, 2:02:35 PM","12/16/2025, 5:22:57 PM",12/15/2025,48ec0b9287834309,1,T19601,NA,male,6 7 8,0,0,0,0,0,1,1,1,0,97,0,0,0,1,General science,4,NA,3,NA,0,NA,2006,2014,4,0,NA,NA,1,1,0,0,0,0,0,0,NA,1,NA,5 6,0,0,0,0,1,1,0,NA,1,1 2 3,1,1,1,0,0,0,NA,3 5 7,0,0,1,0,1,0,1,0,0,0,NA,4 5,0,0,0,1,1,0,0,0,0,0,NA,1 3,1,0,1,0,0,0,0,0,0,0,NA,3,4,3,2,1,1,1,1,2 4 5,0,1,0,1,1,0,0,0,0,0,0,0,0,NA,1,4,NA,2 3 7,0,1,1,0,0,0,1,0,0,0,0,0,0,NA,4,3,4,3,3,4,3,4,3,4,5,5,4,5,4,5,1,1,1,2 5,0,1,0,0,1,0,0,0,NA,3,4,3,4,3,4,5,4,4,5,5,3,NA,3,4,4,4,4,2 3,0,1,1,0,0,NA,3,NA,1,1,0,1,0,0,0,1,1,1,0,NA,3,4,3,2,3,4,4,3,3,2,3,1,3,2,3,1,3,3,3 6,0,0,1,0,0,1,0,0,0,0,0,3,4,3,4,2,4,3,3,3,1,10,4,3,1,3,4,3,4,4,4,4,4,2 4,0,1,0,1,0,0,0,NA,0,NA,NA,NA,NA,NA,NA,NA,NA,NA,2 4,0,1,0,1,0,0,0,0,0,NA,32,NA,11196,Nothing,uuid:f612f483-9991-439d-bc29-6afa5e3d78ab,2512142209,uuid:f612f483-9991-439d-bc29-6afa5e3d78ab,NA,NA,NA,NA,NA,NA,NA,NA,NA,NA
99279,S0410080762,OROMIA,Jimma,limmuu kossaa,wasaggar tulamaa,Rural,"12/16/2025, 5:48:14 PM","12/16/2025, 5:37:49 PM","12/16/2025, 5:42:21 PM",12/16/2025,48ec0b9287834309,1,T19602,NA,male,5 6 7 8,0,0,0,0,1,1,1,1,0,3,0,0,1,0,NA,3,NA,2,NA,0,NA,2012,2012,1,1,1,2,1 2,1,1,0,0,0,0,0,NA,1,NA,5 6,0,0,0,0,1,1,0,NA,0,NA,NA,NA,NA,NA,NA,NA,NA,NA,NA,NA,NA,NA,NA,NA,NA,NA,NA,NA,NA,4 5,0,0,0,1,1,0,0,0,0,0,NA,1 6,1,0,0,0,0,1,0,0,0,0,NA,2,4,2,1,1,1,1,1,1 4,1,0,0,1,0,0,0,0,0,0,0,0,0,NA,2,4,NA,1 5,1,0,0,0,1,0,0,0,0,0,0,0,0,NA,4,3,3,4,3,3,4,3,3,4,5,4,5,4,5,5,1,1,1,2 5,0,1,0,0,1,0,0,0,NA,3,3,4,3,4,3,3,4,3,4,5,2,NA,4,4,3,3,3,1 2,1,1,0,0,0,NA,4,NA,1,1,1,1,1,1,1,1,0,0,0,NA,2,3,3,4,3,3,4,3,2,2,3,3,3,3,3,2,3,3,3 6,0,0,1,0,0,1,0,0,0,0,0,4,3,3,4,3,4,4,3,3,1,10,4,4,1,3,4,3,4,4,4,4,4,2 4,0,1,0,1,0,0,0,NA,0,NA,NA,NA,NA,NA,NA,NA,NA,NA,2 4,0,1,0,1,0,0,0,0,0,NA,30,NA,14000,Nothing,uuid:82197bfe-c83e-43b4-92a8-55d42c55be84,2512142209,uuid:82197bfe-c83e-43b4-92a8-55d42c55be84,NA,NA,NA,NA,NA,NA,NA,NA,NA,NA
99279,S0410080762,OROMIA,Jimma,limmuu kossaa,wasaggar tulamaa,Rural,"12/16/2025, 5:48:14 PM","12/16/2025, 5:43:20 PM","12/16/2025, 5:48:09 PM",12/16/2025,48ec0b9287834309,1,T19603,NA,female,1 2 4,1,1,0,1,0,0,0,0,0,1,1,0,0,0,NA,4,NA,2,NA,0,NA,2010,2015,2,0,NA,NA,1 2,1,1,0,0,0,0,0,NA,1,NA,5 6,0,0,0,0,1,1,0,NA,1,1 2 3,1,1,1,0,0,0,NA,1 3 5,1,0,1,0,1,0,0,0,0,0,NA,3 6,0,0,1,0,0,1,0,0,0,0,NA,2 7,0,1,0,0,0,0,1,0,0,0,NA,1,3,4,2,1,1,1,1,2 5,0,1,0,0,1,0,0,0,0,0,0,0,0,NA,2,4,NA,1 4,1,0,0,1,0,0,0,0,0,0,0,0,0,NA,4,3,4,3,4,3,4,4,3,4,5,5,5,5,5,5,1,1,1,2 4 5,0,1,0,1,1,0,0,0,NA,4,3,3,4,4,4,5,4,5,4,5,3,NA,4,4,3,4,4,2 3,0,1,1,0,0,NA,3,NA,1,1,1,1,1,0,0,1,1,1,0,NA,3,4,3,4,3,3,4,2,2,2,3,2,3,3,3,2,3,2,2 6,0,1,0,0,0,1,0,0,0,0,0,4,3,4,3,3,4,3,3,3,1,10,4,4,1,4,3,4,4,4,4,4,3,2 4,0,1,0,1,0,0,0,NA,0,NA,NA,NA,NA,NA,NA,NA,NA,NA,2 4,0,1,0,1,0,0,0,0,0,NA,29,NA,13500,Nothing,uuid:d3eef6c8-358a-4566-b4d5-81d7c34f0648,2512142209,uuid:d3eef6c8-358a-4566-b4d5-81d7c34f0648,NA,NA,NA,NA,NA,NA,NA,NA,NA,NA
100018,S0410140082,OROMIA,Jimma,oomoo naaddaa,dooraa,Rural,"12/26/2025, 3:11:24 PM","12/25/2025, 10:16:03 AM","12/25/2025, 3:53:03 PM",12/25/2025,3.58E+14,1,T35502,NA,female,1 2 3,1,1,1,0,0,0,0,0,0,1,1,0,0,0,NA,3,NA,5,NA,0,NA,2015,2015,1,0,NA,NA,2,0,1,0,0,0,0,0,NA,97,Afaan brssa lamatu ture,5 6,0,0,0,0,1,1,0,NA,1,1 2 4,1,1,0,1,0,0,NA,3 4 7,0,0,1,1,0,0,1,0,0,0,NA,1 2,1,1,0,0,0,0,0,0,0,0,NA,2 4,0,1,0,1,0,0,0,0,0,0,NA,4,4,2,4,3,3,1,1,5,0,0,0,0,1,0,0,0,0,0,0,0,0,NA,3,4,NA,3 4 9,0,0,1,1,0,0,0,0,1,0,0,0,0,NA,4,4,4,4,4,4,3,1,3,4,5,5,5,5,5,5,1,1,1,97,0,0,0,0,0,0,1,0,Namni hafu hin jiru,3,4,3,4,2,3,2,3,3,4,4,2,NA,3,3,3,4,4,2,0,1,0,0,0,NA,2,NA,0,0,0,0,0,0,0,0,0,0,0,NA,1,1,1,1,4,1,4,3,3,3,3,3,2,3,3,3,3,3,3 5,0,0,1,0,1,0,0,0,0,0,0,4,4,4,4,4,4,4,3,3,1,10,4,4,4,4,4,4,4,4,4,4,4,1,1,0,0,0,0,0,0,NA,1,3,3,3,3,3,3,3,3,Hin jiru,1,1,0,0,0,0,0,0,0,0,NA,26,NA,10400,Hin qabu,uuid:c24b3f27-2aaf-4da2-9e67-0ffe87cfac86,2512142209,uuid:c24b3f27-2aaf-4da2-9e67-0ffe87cfac86,NA,NA,NA,NA,NA,NA,NA,NA,NA,NA
100018,S0410140082,OROMIA,Jimma,oomoo naaddaa,dooraa,Rural,"12/26/2025, 3:11:25 PM","12/25/2025, 10:41:51 AM","12/25/2025, 3:54:18 PM",12/25/2025,3.58E+14,1,T35503,NA,female,1 4 5 6 7 8,1,0,0,1,1,1,1,1,0,1,1,0,0,0,NA,4,NA,3,NA,1,NA,2009,2009,1,0,NA,NA,1,1,0,0,0,0,0,0,NA,4,NA,6,0,0,0,0,0,1,0,NA,1,1,1,0,0,0,0,0,NA,6 7,0,0,0,0,0,1,1,0,0,0,NA,3 4,0,0,1,1,0,0,0,0,0,0,NA,4 5,0,0,0,1,1,0,0,0,0,0,NA,4,4,2,4,2,2,2,2,5 6,0,0,0,0,1,1,0,0,0,0,0,0,0,NA,2,2,NA,1 2,1,1,0,0,0,0,0,0,0,0,0,0,0,NA,3,4,4,4,4,4,4,3,3,3,5,5,5,5,5,5,1,1,1,2 5,0,1,0,0,1,0,0,0,NA,4,2,3,3,3,3,5,4,4,4,4,1,NA,3,3,3,3,3,1,1,0,0,0,0,NA,2,NA,0,0,0,0,0,0,0,0,0,0,0,NA,3,1,1,1,1,1,1,1,3,2,1,2,1,2,3,3,3,3,3 4,0,0,1,1,0,0,0,0,0,0,0,3,3,3,3,1,4,1,3,3,1,10,1,3,4,4,4,3,4,4,2,4,4,2 3,0,1,1,0,0,0,0,NA,1,3,3,3,3,2,2,3,1,Jijjiirraa bakka,2,0,1,0,0,0,0,0,0,0,NA,25,NA,10400,NA,uuid:b15cbf3f-972d-4437-a58d-6f5c6e756864,2512142209,uuid:b15cbf3f-972d-4437-a58d-6f5c6e756864,NA,NA,NA,NA,NA,NA,NA,NA,NA,NA
100018,S0410140082,OROMIA,Jimma,oomoo naaddaa,dooraa,Rural,"12/26/2025, 3:11:25 PM","12/25/2025, 10:18:52 AM","12/25/2025, 3:54:59 PM",12/25/2025,5709a80a20846068,1,T35501,NA,male,5 6 7 8,0,0,0,0,1,1,1,1,0,3,0,0,1,0,NA,3,NA,5,NA,1,NA,2016,2016,1,0,NA,NA,1 5,1,0,0,0,1,0,0,NA,1,NA,2,0,1,0,0,0,0,0,NA,0,NA,NA,NA,NA,NA,NA,NA,NA,NA,NA,NA,NA,NA,NA,NA,NA,NA,NA,NA,NA,2 5,0,1,0,0,1,0,0,0,0,0,NA,2 4,0,1,0,1,0,0,0,0,0,0,NA,3,2,3,3,1,1,1,1,6 10,0,0,0,0,0,1,0,0,0,1,0,0,0,NA,4,2,NA,2 3 6,0,1,1,0,0,1,0,0,0,0,0,0,0,NA,3,3,4,3,3,3,3,2,3,3,4,4,3,4,4,3,1,1,1,2 5,0,1,0,0,1,0,0,0,NA,2,2,3,3,3,3,3,3,2,3,4,2,NA,3,3,2,2,3,2 3,0,1,1,0,0,NA,4,NA,0,0,0,1,0,1,0,1,0,0,0,NA,2,2,1,1,3,1,1,2,3,2,3,3,1,3,3,3,3,3,1 4,1,0,0,1,0,0,0,0,0,0,0,1,2,1,3,1,3,1,3,3,1,6,2,3,1,3,3,3,4,4,4,3,4,1 2 4,1,1,0,1,0,0,0,NA,1,2,3,3,2,3,3,3,3,No,1 4,1,0,0,1,0,0,0,0,0,NA,28,NA,9703,NA,uuid:f91098a6-aba4-4bc9-8d83-cd6228ccfc62,2512142209,uuid:f91098a6-aba4-4bc9-8d83-cd6228ccfc62,NA,NA,NA,NA,NA,NA,NA,NA,NA,NA
100060,S0410140522,OROMIA,Jimma,oomoo naaddaa,shooshee,Rural,"12/12/2025, 7:55:07 PM","12/11/2025, 2:06:23 PM","12/12/2025, 6:09:10 PM",12/11/2025,48ec0b9287834309,1,T20802,NA,female,1 2 3 4,1,1,1,1,0,0,0,0,0,1,1,0,0,0,NA,2,NA,5,NA,0,NA,2015,2015,1,1,2017,2,1,1,0,0,0,0,0,0,NA,1,NA,5 6,0,0,0,0,1,1,0,NA,1,1 2 3,1,1,1,0,0,0,NA,3 4 5,0,0,1,1,1,0,0,0,0,0,NA,4 6,0,0,0,1,0,1,0,0,0,0,NA,4 5,0,0,0,1,1,0,0,0,0,0,NA,3,3,4,3,3,2,4,2,2 5 7,0,1,0,0,1,0,1,0,0,0,0,0,0,NA,2,4,NA,2 4,0,1,0,1,0,0,0,0,0,0,0,0,0,NA,1,1,1,1,1,1,2,1,3,3,2,3,1,4,4,5,4,3,4,2 5,0,1,0,0,1,0,0,0,NA,3,4,3,2,3,4,4,4,5,3,4,2,NA,3,4,3,4,3,2 3,0,1,1,0,0,NA,3,NA,0,1,0,1,1,1,1,1,1,1,0,NA,2,3,2,2,4,3,4,1,1,1,2,3,3,3,3,3,3,3,3 5 7,0,0,1,0,1,0,1,0,0,0,0,3,4,3,4,3,4,3,3,3,1,9,1,1,3,1,3,3,4,3,4,3,4,2 4,0,1,0,1,0,0,0,NA,1,2,2,3,1,2,3,2,3,Nothing,2 4,0,1,0,1,0,0,0,0,0,NA,27,NA,10040,Principal have been not treating teachers of the school since he fighting with all teachers the school environment is not as much stable,uuid:d68b7abf-8f49-4d31-b1f2-a24c155f1d63,2512040829,uuid:d68b7abf-8f49-4d31-b1f2-a24c155f1d63,NA,NA,NA,NA,NA,NA,NA,NA,NA,NA
100060,S0410140522,OROMIA,Jimma,oomoo naaddaa,shooshee,Rural,"12/12/2025, 7:55:09 PM","12/11/2025, 2:23:12 PM","12/12/2025, 6:04:17 PM",12/11/2025,48ec0b9287834309,1,T20801,NA,male,7 8,0,0,0,0,0,0,1,1,0,2 97,0,1,0,1,General science,1,NA,5,NA,0,NA,2017,2017,1,0,NA,NA,1,1,0,0,0,0,0,0,NA,1,NA,5 6,0,0,0,0,1,1,0,NA,0,NA,NA,NA,NA,NA,NA,NA,NA,NA,NA,NA,NA,NA,NA,NA,NA,NA,NA,NA,NA,3 6,0,0,1,0,0,1,0,0,0,0,NA,4 8,0,0,0,1,0,0,0,1,0,0,NA,2,4,3,3,3,1,1,1,2 5 7 8,0,1,0,0,1,0,1,1,0,0,0,0,0,NA,2,2,NA,3 5,0,0,1,0,1,0,0,0,0,0,0,0,0,NA,3,2,1,3,4,3,2,3,3,4,4,1,1,2,5,4,1,1,1,3 4,0,0,1,1,0,0,0,0,NA,3,4,4,3,4,3,5,4,5,4,3,3,NA,4,3,3,4,3,2 3,0,1,1,0,0,NA,4,NA,1,1,0,1,1,0,1,1,1,0,0,NA,2,3,4,1,4,3,4,1,1,1,1,2,1,3,2,1,1,3,3 6,0,0,1,0,0,1,0,0,0,0,0,4,4,3,4,3,4,2,3,3,1,8,2,1,4,3,4,3,4,3,4,3,4,2 4,0,1,0,1,0,0,0,NA,0,NA,NA,NA,NA,NA,NA,NA,NA,NA,2 3,0,1,1,0,0,0,0,0,0,NA,25,NA,9900,Nothing,uuid:e64c02d6-6722-459e-a35c-e12485781cb7,2512040829,uuid:e64c02d6-6722-459e-a35c-e12485781cb7,NA,NA,NA,NA,NA,NA,NA,NA,NA,NA
100060,S0410140522,OROMIA,Jimma,oomoo naaddaa,shooshee,Rural,"12/12/2025, 7:55:10 PM","12/11/2025, 2:41:05 PM","12/12/2025, 6:13:25 PM",12/11/2025,48ec0b9287834309,1,T20803,NA,male,5 6 7 8,0,0,0,0,1,1,1,1,0,1,1,0,0,0,NA,1,NA,3,NA,0,NA,2017,2017,1,0,NA,NA,1,1,0,0,0,0,0,0,NA,1,NA,2 3,0,1,1,0,0,0,0,NA,0,NA,NA,NA,NA,NA,NA,NA,NA,NA,NA,NA,NA,NA,NA,NA,NA,NA,NA,NA,NA,4 5,0,0,0,1,1,0,0,0,0,0,NA,3 7,0,0,1,0,0,0,1,0,0,0,NA,2,3,3,2,2,4,3,2,1 3 6,1,0,1,0,0,1,0,0,0,0,0,0,0,NA,2,2,NA,2 4,0,1,0,1,0,0,0,0,0,0,0,0,0,NA,1,1,1,1,1,1,1,2,4,3,1,1,4,4,3,4,3,3,2,4 5,0,0,0,1,1,0,0,0,NA,2,2,3,3,3,2,4,4,5,4,5,3,NA,3,4,3,3,2,2 3,0,1,1,0,0,NA,5,NA,1,1,1,1,0,0,0,0,1,0,0,NA,2,3,3,2,4,3,4,3,3,3,3,2,3,2,3,3,3,3,3 7,0,0,1,0,0,0,1,0,0,0,0,1,1,2,1,1,2,2,3,3,1,9,4,1,4,3,4,3,4,3,4,3,4,2 4,0,1,0,1,0,0,0,NA,0,NA,NA,NA,NA,NA,NA,NA,NA,NA,2 4,0,1,0,1,0,0,0,0,0,NA,25,NA,8500,Its better is the Principal will be able to tolerate everything and focusing on problem solving,uuid:0ecf7f97-6cb3-4d06-9b8a-277b297bc866,2512040829,uuid:0ecf7f97-6cb3-4d06-9b8a-277b297bc866,NA,NA,NA,NA,NA,NA,NA,NA,NA,NA
100347,S0410160212,OROMIA,Jimma,saqqaa coqorsaa,boobaa xuruuroo,Rural,"12/9/2025, 8:16:19 PM","12/8/2025, 3:13:38 PM","12/9/2025, 1:40:54 PM",12/8/2025,48ec0b9287834309,1,T21601,NA,male,5 6 7 8,0,0,0,0,1,1,1,1,0,1 2,1,1,0,0,NA,1,NA,3,NA,1,NA,2017,2017,1,1,1,2,1,1,0,0,0,0,0,0,NA,1,NA,2 3,0,1,1,0,0,0,0,NA,1,1 3,1,0,1,0,0,0,NA,2 3 5,0,1,1,0,1,0,0,0,0,0,NA,4 6,0,0,0,1,0,1,0,0,0,0,NA,1 4,1,0,0,1,0,0,0,0,0,0,NA,3,4,4,2,3,3,3,2,2 4 6,0,1,0,1,0,1,0,0,0,0,0,0,0,NA,2,4,NA,1 2 4,1,1,0,1,0,0,0,0,0,0,0,0,0,NA,3,4,3,2,3,4,3,4,3,4,5,5,4,5,4,5,1,1,1,2 5,0,1,0,0,1,0,0,0,NA,3,3,4,3,3,4,3,5,4,5,5,2,NA,4,4,3,2,4,2 3,0,1,1,0,0,NA,3,NA,0,0,0,1,1,1,1,1,1,1,0,NA,2,1,1,1,4,3,3,1,1,1,1,1,2,3,1,3,2,1,3 6,0,0,1,0,0,1,0,0,0,0,0,1,3,1,1,1,4,3,3,3,1,8,4,4,3,4,4,3,4,3,4,3,2,1 2 4,1,1,0,1,0,0,0,NA,1,2,1,2,1,1,1,1,1,Nothing,2 3,0,1,1,0,0,0,0,0,0,NA,26,NA,8920,Nothing,uuid:3831ec0a-923e-4d71-bed1-28ff38f8c36b,2512040829,uuid:3831ec0a-923e-4d71-bed1-28ff38f8c36b,NA,NA,NA,NA,NA,NA,NA,NA,NA,NA
100347,S0410160212,OROMIA,Jimma,saqqaa coqorsaa,boobaa xuruuroo,Rural,"12/9/2025, 8:16:19 PM","12/8/2025, 3:32:13 PM","12/9/2025, 1:45:58 PM",12/8/2025,48ec0b9287834309,1,T21602,NA,male,5 6 7 8,0,0,0,0,1,1,1,1,0,1,1,0,0,0,NA,2,NA,2,NA,0,NA,2015,2015,1,0,NA,NA,1,1,0,0,0,0,0,0,NA,1,NA,5 6,0,0,0,0,1,1,0,NA,1,1 3,1,0,1,0,0,0,NA,1 3 4,1,0,1,1,0,0,0,0,0,0,NA,4 6,0,0,0,1,0,1,0,0,0,0,NA,1 6,1,0,0,0,0,1,0,0,0,0,NA,3,2,2,2,1,1,1,1,2 3 6,0,1,1,0,0,1,0,0,0,0,0,0,0,NA,2,4,NA,2 3 6,0,1,1,0,0,1,0,0,0,0,0,0,0,NA,4,2,3,2,4,4,4,3,3,4,5,5,4,5,4,5,1,1,1,2 5,0,1,0,0,1,0,0,0,NA,4,3,4,4,3,4,5,3,4,5,3,2,NA,4,4,3,4,3,3 4,0,0,1,1,0,NA,3,NA,0,0,0,1,1,0,1,1,1,1,0,NA,3,3,1,1,4,4,3,1,1,3,3,1,2,3,3,3,3,2,3 6,0,0,1,0,0,1,0,0,0,0,0,1,1,1,4,1,1,3,3,3,1,9,4,4,3,4,4,3,3,4,3,4,3,1 4,1,0,0,1,0,0,0,NA,1,1,2,2,1,2,2,1,2,Nothing,3 4,0,0,1,1,0,0,0,0,0,NA,28,NA,9700,Nothing,uuid:db1d39f0-0226-477f-877c-a512c5ecb5d9,2512040829,uuid:db1d39f0-0226-477f-877c-a512c5ecb5d9,NA,NA,NA,NA,NA,NA,NA,NA,NA,NA
100347,S0410160212,OROMIA,Jimma,saqqaa coqorsaa,boobaa xuruuroo,Rural,"12/9/2025, 8:16:20 PM","12/9/2025, 1:46:05 PM","12/9/2025, 1:54:25 PM",12/9/2025,48ec0b9287834309,1,T21603,NA,female,1 2 3 4,1,1,1,1,0,0,0,0,0,1,1,0,0,0,NA,3,NA,2,NA,0,NA,2013,2013,1,0,NA,NA,1 2,1,1,0,0,0,0,0,NA,1,NA,5 6,0,0,0,0,1,1,0,NA,1,1 3 5,1,0,1,0,1,0,NA,3 5,0,0,1,0,1,0,0,0,0,0,NA,2 4,0,1,0,1,0,0,0,0,0,0,NA,4 5,0,0,0,1,1,0,0,0,0,0,NA,1,2,3,3,2,2,3,2,2 4 6,0,1,0,1,0,1,0,0,0,0,0,0,0,NA,2,4,NA,2 3 6,0,1,1,0,0,1,0,0,0,0,0,0,0,NA,4,4,3,4,3,3,4,3,4,3,5,5,5,5,5,5,1,1,1,2 5,0,1,0,0,1,0,0,0,NA,4,3,3,4,3,4,4,3,4,4,3,2,NA,4,3,3,2,4,2 3,0,1,1,0,0,NA,3,NA,1,1,0,1,1,1,1,1,1,0,0,NA,3,4,1,1,4,1,3,3,2,2,3,3,3,3,3,3,3,3,2 6,0,1,0,0,0,1,0,0,0,0,0,1,1,1,1,3,3,2,3,3,1,8,4,3,4,3,4,3,4,4,4,4,4,2 4,0,1,0,1,0,0,0,NA,1,1,2,3,1,2,2,1,1,This school is far from woreda and its not easy to gate facilities like electric to study night,2 3,0,1,1,0,0,0,0,0,0,NA,28,NA,7900,Nothing,uuid:6b01177c-ef2d-4791-9ea9-93111d404813,2512040829,uuid:6b01177c-ef2d-4791-9ea9-93111d404813,NA,NA,NA,NA,NA,NA,NA,NA,NA,NA
100416,S0410160562,OROMIA,Jimma,saqqaa coqorsaa,ulmaayee,Rural,"12/11/2025, 6:12:08 AM","12/9/2025, 11:10:23 AM","12/10/2025, 9:00:38 PM",12/9/2025,48ec0b9287834309,1,T21801,NA,male,5 6 7 8,0,0,0,0,1,1,1,1,0,2,0,1,0,0,NA,7,NA,3,NA,0,NA,2000,2017,6,0,NA,NA,1 5,1,0,0,0,1,0,0,NA,1,NA,5 6,0,0,0,0,1,1,0,NA,1,1 3 4,1,0,1,1,0,0,NA,1 3 4,1,0,1,1,0,0,0,0,0,0,NA,5 8,0,0,0,0,1,0,0,1,0,0,NA,2 7,0,1,0,0,0,0,1,0,0,0,NA,2,2,4,3,1,1,1,1,2 3 5,0,1,1,0,1,0,0,0,0,0,0,0,0,NA,0,2,NA,1 4,1,0,0,1,0,0,0,0,0,0,0,0,0,NA,4,3,3,4,3,2,4,3,4,3,5,5,5,4,5,5,1,1,1,2 5,0,1,0,0,1,0,0,0,NA,4,3,4,3,4,3,5,4,5,4,4,2,NA,4,4,3,4,3,2 3,0,1,1,0,0,NA,3,NA,1,1,1,1,1,1,1,1,1,0,0,NA,3,4,3,3,4,4,4,3,3,2,3,2,1,1,1,1,1,1,3 6,0,0,1,0,0,1,0,0,0,0,0,3,4,3,1,2,4,3,3,3,1,8,3,1,4,3,3,4,4,3,4,3,4,1 2,1,1,0,0,0,0,0,NA,0,NA,NA,NA,NA,NA,NA,NA,NA,NA,2 3,0,1,1,0,0,0,0,0,0,NA,42,NA,12992,Nothing,uuid:7db41aae-810c-44c5-a697-809f3c0da878,2512040829,uuid:7db41aae-810c-44c5-a697-809f3c0da878,NA,NA,NA,NA,NA,NA,NA,NA,NA,NA
100416,S0410160562,OROMIA,Jimma,saqqaa coqorsaa,ulmaayee,Rural,"12/11/2025, 6:12:08 AM","12/9/2025, 12:05:45 PM","12/10/2025, 9:01:46 PM",12/9/2025,48ec0b9287834309,1,T21802,NA,male,6 7 8,0,0,0,0,0,1,1,1,0,1 97,1,0,0,1,Civics,1,NA,3,NA,0,NA,2016,2016,1,0,NA,NA,1,1,0,0,0,0,0,0,NA,1,NA,5 6,0,0,0,0,1,1,0,NA,1,1 3,1,0,1,0,0,0,NA,3 6 8,0,0,1,0,0,1,0,1,0,0,NA,2 4,0,1,0,1,0,0,0,0,0,0,NA,2 4,0,1,0,1,0,0,0,0,0,0,NA,4,3,4,2,3,4,4,2,2 6 7,0,1,0,0,0,1,1,0,0,0,0,0,0,NA,2,4,NA,2 3 5,0,1,1,0,1,0,0,0,0,0,0,0,0,NA,4,3,3,2,3,2,4,3,4,3,5,5,5,4,5,3,1,1,1,2 3 4,0,1,1,1,0,0,0,0,NA,4,3,2,2,3,2,4,5,3,5,3,3,NA,3,4,3,4,4,2 3,0,1,1,0,0,NA,4,NA,1,1,1,1,1,1,1,1,1,0,0,NA,1,1,1,1,1,1,1,3,3,3,3,3,3,3,3,3,3,3,2 4,0,1,0,1,0,0,0,0,0,0,0,1,1,1,1,2,1,2,3,3,1,8,4,1,4,3,3,4,4,4,4,4,4,2 4,0,1,0,1,0,0,0,NA,1,1,2,2,1,2,2,1,1,Nothing,2 3,0,1,1,0,0,0,0,0,0,NA,25,NA,8988,Nothing,uuid:ab608624-d6a5-46a5-b128-9ce863ea7620,2512040829,uuid:ab608624-d6a5-46a5-b128-9ce863ea7620,NA,NA,NA,NA,NA,NA,NA,NA,NA,NA
100416,S0410160562,OROMIA,Jimma,saqqaa coqorsaa,ulmaayee,Rural,"12/11/2025, 6:12:08 AM","12/9/2025, 12:30:24 PM","12/10/2025, 9:05:16 PM",12/9/2025,48ec0b9287834309,1,T21803,NA,female,1 2 3 4,1,1,1,1,0,0,0,0,0,1 97,1,0,0,1,Gadaa,1,NA,1,NA,0,NA,2017,2017,1,0,NA,NA,1,1,0,0,0,0,0,0,NA,1,NA,2 3,0,1,1,0,0,0,0,NA,0,NA,NA,NA,NA,NA,NA,NA,NA,NA,NA,NA,NA,NA,NA,NA,NA,NA,NA,NA,NA,3 4,0,0,1,1,0,0,0,0,0,0,NA,2 6,0,1,0,0,0,1,0,0,0,0,NA,3,4,4,3,1,4,3,2,2 4 6,0,1,0,1,0,1,0,0,0,0,0,0,0,NA,1,4,NA,4 7,0,0,0,1,0,0,1,0,0,0,0,0,0,NA,4,3,4,3,4,3,4,4,3,4,4,5,4,5,4,5,1,1,1,3 4,0,0,1,1,0,0,0,0,NA,4,3,4,3,4,4,4,5,5,4,5,2,NA,3,4,4,3,4,2 3,0,1,1,0,0,NA,4,NA,0,0,0,1,1,1,1,1,1,0,0,NA,1,1,1,2,1,1,1,3,3,2,3,3,3,2,3,3,3,3,2 5,0,1,0,0,1,0,0,0,0,0,0,4,3,4,3,4,3,4,3,3,1,8,4,3,4,3,4,4,4,3,4,4,3,1 4,1,0,0,1,0,0,0,NA,0,NA,NA,NA,NA,NA,NA,NA,NA,NA,1 3,1,0,1,0,0,0,0,0,0,NA,23,NA,8988,Nothing,uuid:71a05bda-6847-4307-816d-603e6e5b2b33,2512040829,uuid:71a05bda-6847-4307-816d-603e6e5b2b33,NA,NA,NA,NA,NA,NA,NA,NA,NA,NA
100402,S0410160802,OROMIA,Jimma,saqqaa coqorsaa,oyaanaa,Rural,"12/8/2025, 10:30:23 PM","12/8/2025, 10:12:20 AM","12/8/2025, 10:26:51 PM",12/8/2025,48ec0b9287834309,1,T21701,NA,male,5 6 7 8,0,0,0,0,1,1,1,1,0,1 2 3,1,1,1,0,NA,1,NA,2,NA,1,NA,2017,2017,1,0,NA,NA,1 2,1,1,0,0,0,0,0,NA,1,NA,5 6,0,0,0,0,1,1,0,NA,1,3,0,0,1,0,0,0,NA,2 3 5,0,1,1,0,1,0,0,0,0,0,NA,4 6,0,0,0,1,0,1,0,0,0,0,NA,6 8,0,0,0,0,0,1,0,1,0,0,NA,2,2,3,4,3,3,2,1,2 4 5,0,1,0,1,1,0,0,0,0,0,0,0,0,NA,1,3,NA,2 5,0,1,0,0,1,0,0,0,0,0,0,0,0,NA,4,4,3,2,3,4,3,4,3,4,5,5,2,5,5,5,1,1,1,2 5,0,1,0,0,1,0,0,0,NA,4,3,2,3,4,3,4,3,4,3,4,2,NA,4,4,4,3,4,2,0,1,0,0,0,NA,4,NA,1,1,0,1,0,1,0,1,1,1,1,Nothing,3,2,3,2,3,4,3,1,1,3,1,1,1,1,1,3,1,2,4 7 8,0,0,0,1,0,0,1,1,0,0,0,4,3,4,3,2,3,4,3,3,2,8,1,1,4,3,4,3,3,4,3,4,3,2 4,0,1,0,1,0,0,0,NA,1,1,2,3,1,2,1,3,2,Nothing,2 3,0,1,1,0,0,0,0,0,0,NA,24,NA,9200,Nothing,uuid:81cfe776-501f-495d-b4f0-6e641db46047,2512040829,uuid:81cfe776-501f-495d-b4f0-6e641db46047,NA,NA,NA,NA,NA,NA,NA,NA,NA,NA
100402,S0410160802,OROMIA,Jimma,saqqaa coqorsaa,oyaanaa,Rural,"12/8/2025, 10:30:24 PM","12/8/2025, 10:34:43 AM","12/8/2025, 10:27:41 PM",12/8/2025,48ec0b9287834309,1,T21702,NA,male,3 4 5 6 7 8,0,0,1,1,1,1,1,1,0,1,1,0,0,0,NA,4,NA,5,NA,1,NA,2008,2015,3,1,1,2,1,1,0,0,0,0,0,0,NA,1,NA,5 6,0,0,0,0,1,1,0,NA,1,1 3,1,0,1,0,0,0,NA,2 3 5,0,1,1,0,1,0,0,0,0,0,NA,5 6,0,0,0,0,1,1,0,0,0,0,NA,1 7,1,0,0,0,0,0,1,0,0,0,NA,3,3,4,3,1,1,1,1,3 5 7,0,0,1,0,1,0,1,0,0,0,0,0,0,NA,3,4,NA,2 3 6,0,1,1,0,0,1,0,0,0,0,0,0,0,NA,3,4,3,2,2,3,1,4,2,2,5,4,2,2,4,4,1,1,1,2 5,0,1,0,0,1,0,0,0,NA,4,4,4,4,3,4,4,3,4,3,4,3,NA,4,3,4,3,3,2 3,0,1,1,0,0,NA,4,NA,1,1,0,1,1,0,1,1,1,1,0,NA,2,3,2,3,4,3,4,1,1,1,1,1,1,1,1,1,1,1,4 7,0,0,0,1,0,0,1,0,0,0,0,3,2,2,3,2,3,3,3,3,1,10,4,1,4,4,4,4,4,4,4,4,4,2 4,0,1,0,1,0,0,0,NA,0,NA,NA,NA,NA,NA,NA,NA,NA,NA,2 4,0,1,0,1,0,0,0,0,0,NA,28,NA,12300,Nothing,uuid:2c24fa00-1386-4405-bdd7-8cecad3660d7,2512040829,uuid:2c24fa00-1386-4405-bdd7-8cecad3660d7,NA,NA,NA,NA,NA,NA,NA,NA,NA,NA
100402,S0410160802,OROMIA,Jimma,saqqaa coqorsaa,oyaanaa,Rural,"12/8/2025, 10:30:24 PM","12/8/2025, 11:20:43 AM","12/8/2025, 10:30:15 PM",12/8/2025,48ec0b9287834309,1,T21703,NA,female,1 2 3,1,1,1,0,0,0,0,0,0,2,0,1,0,0,NA,1,NA,2,NA,1,NA,2017,2017,1,1,1,3,1,1,0,0,0,0,0,0,NA,1,NA,4 5,0,0,0,1,1,0,0,NA,1,1 3,1,0,1,0,0,0,NA,1 3,1,0,1,0,0,0,0,0,0,0,NA,4 7,0,0,0,1,0,0,1,0,0,0,NA,2 4,0,1,0,1,0,0,0,0,0,0,NA,3,3,4,2,1,1,1,1,2 4 5,0,1,0,1,1,0,0,0,0,0,0,0,0,NA,2,3,NA,4 5 6,0,0,0,1,1,1,0,0,0,0,0,0,0,NA,4,3,3,3,4,4,3,2,3,4,5,5,4,4,5,5,1,1,1,2 5,0,1,0,0,1,0,0,0,NA,4,3,3,3,4,3,4,3,3,5,5,1,NA,3,4,3,4,4,1,1,0,0,0,0,NA,3,NA,1,0,0,1,1,1,0,0,0,1,0,NA,1,1,1,1,2,3,4,1,3,3,3,2,2,2,2,2,2,3,3 6,0,0,1,0,0,1,0,0,0,0,0,4,3,4,4,3,3,4,3,3,2,9,4,3,4,3,4,4,3,4,3,4,4,1 3,1,0,1,0,0,0,0,NA,0,NA,NA,NA,NA,NA,NA,NA,NA,NA,2 4,0,1,0,1,0,0,0,0,0,NA,24,NA,8800,Nothing,uuid:4de7a042-7e23-4a69-9f93-3d93f097aee8,2512040829,uuid:4de7a042-7e23-4a69-9f93-3d93f097aee8,NA,NA,NA,NA,NA,NA,NA,NA,NA,NA
100839,S0410200192,OROMIA,Jimma,sokorruu,kaltaa,Rural,"12/11/2025, 7:52:56 PM","12/11/2025, 6:29:19 PM","12/11/2025, 6:37:41 PM",12/11/2025,48ec0b9287834309,1,T31002,NA,male,5 6 7 8,0,0,0,0,1,1,1,1,0,1,1,0,0,0,NA,3,NA,2,NA,0,NA,2013,2013,1,0,NA,NA,1,1,0,0,0,0,0,0,NA,1,NA,5 6,0,0,0,0,1,1,0,NA,1,1 2 3,1,1,1,0,0,0,NA,2 3 4,0,1,1,1,0,0,0,0,0,0,NA,4 7,0,0,0,1,0,0,1,0,0,0,NA,1 6,1,0,0,0,0,1,0,0,0,0,NA,2,3,2,1,1,1,2,1,2 6,0,1,0,0,0,1,0,0,0,0,0,0,0,NA,2,4,NA,2 4 6,0,1,0,1,0,1,0,0,0,0,0,0,0,NA,4,3,4,3,4,3,3,4,3,4,5,5,4,5,4,5,1,1,1,2 3 4,0,1,1,1,0,0,0,0,NA,3,3,2,3,2,3,4,3,4,4,3,3,NA,3,3,4,2,3,2 3,0,1,1,0,0,NA,3,NA,1,1,0,1,0,0,0,1,1,0,0,NA,1,3,3,1,3,2,4,3,1,2,2,3,3,3,2,3,3,3,3 6,0,0,1,0,0,1,0,0,0,0,0,4,3,4,1,1,3,4,3,3,1,9,3,4,1,4,4,3,4,4,3,3,4,2 4,0,1,0,1,0,0,0,NA,0,NA,NA,NA,NA,NA,NA,NA,NA,NA,2 3,0,1,1,0,0,0,0,0,0,NA,26,NA,9100,Nothing,uuid:ab7f4ff6-d15c-4233-9877-584d24d7f1ca,2512111014,uuid:ab7f4ff6-d15c-4233-9877-584d24d7f1ca,NA,NA,NA,NA,NA,NA,NA,NA,NA,NA
100839,S0410200192,OROMIA,Jimma,sokorruu,kaltaa,Rural,"12/11/2025, 7:52:57 PM","12/11/2025, 6:39:09 PM","12/11/2025, 6:53:29 PM",12/11/2025,48ec0b9287834309,1,T31002,NA,male,5 6 7 8,0,0,0,0,1,1,1,1,0,2,0,1,0,0,NA,4,NA,2,NA,0,NA,2013,2013,1,0,NA,NA,1,1,0,0,0,0,0,0,NA,1,NA,2,0,1,0,0,0,0,0,NA,1,1 2 3 4,1,1,1,1,0,0,NA,2 3 5,0,1,1,0,1,0,0,0,0,0,NA,4 8,0,0,0,1,0,0,0,1,0,0,NA,2 4,0,1,0,1,0,0,0,0,0,0,NA,2,3,2,2,1,2,3,2,1 3,1,0,1,0,0,0,0,0,0,0,0,0,0,NA,2,4,NA,2 6,0,1,0,0,0,1,0,0,0,0,0,0,0,NA,3,4,3,4,3,3,4,3,4,3,5,4,4,5,3,5,2,1,3,2 5,0,1,0,0,1,0,0,0,NA,4,3,4,3,4,4,5,3,4,5,4,2,NA,3,4,3,3,2,2 3,0,1,1,0,0,NA,3,NA,1,1,0,1,1,1,0,1,1,0,0,NA,1,3,3,1,4,1,3,3,2,2,3,3,3,3,3,3,2,1,4 7,0,0,0,1,0,0,1,0,0,0,0,3,1,3,3,1,2,4,3,3,1,9,3,3,2,3,4,1,4,4,4,3,4,2 4,0,1,0,1,0,0,0,NA,1,2,3,3,1,2,3,3,1,Lack of facilities like additional book and learning materials,3 4,0,0,1,1,0,0,0,0,0,NA,35,NA,6000,In this school there is no enough materials for reading in library and also there is no enough teachers so its better to do on it,uuid:e3feb726-622e-40b8-acde-f41b3740a125,2512111014,uuid:e3feb726-622e-40b8-acde-f41b3740a125,NA,NA,NA,NA,NA,NA,NA,NA,NA,NA
100839,S0410200192,OROMIA,Jimma,sokorruu,kaltaa,Rural,"12/11/2025, 7:52:57 PM","12/11/2025, 6:54:00 PM","12/11/2025, 7:00:40 PM",12/11/2025,48ec0b9287834309,1,T31003,NA,female,1 2 3 4,1,1,1,1,0,0,0,0,0,3,0,0,1,0,NA,4,NA,3,NA,0,NA,2010,2010,1,1,1,2,1,1,0,0,0,0,0,0,NA,1,NA,2,0,1,0,0,0,0,0,NA,1,1 3,1,0,1,0,0,0,NA,2 3 5,0,1,1,0,1,0,0,0,0,0,NA,4 8,0,0,0,1,0,0,0,1,0,0,NA,1 4,1,0,0,1,0,0,0,0,0,0,NA,2,3,3,3,1,2,1,1,2 3 6,0,1,1,0,0,1,0,0,0,0,0,0,0,NA,1,4,NA,2 5,0,1,0,0,1,0,0,0,0,0,0,0,0,NA,3,3,4,3,4,3,4,3,2,3,5,5,5,5,5,5,2,3,3,2 5,0,1,0,0,1,0,0,0,NA,3,3,2,3,3,2,4,4,3,4,3,3,NA,3,4,3,4,3,2 3,0,1,1,0,0,NA,3,NA,0,0,0,1,1,0,0,1,1,0,0,NA,2,3,1,1,4,3,3,1,2,2,3,3,3,3,3,3,3,3,3 6 8,0,0,1,0,0,1,0,1,0,0,0,2,2,1,2,1,1,2,3,3,1,9,3,3,2,4,4,4,4,4,4,4,4,2,0,1,0,0,0,0,0,NA,0,NA,NA,NA,NA,NA,NA,NA,NA,NA,2 4,0,1,0,1,0,0,0,0,0,NA,32,NA,11200,Nothing,uuid:6bd7ed98-d54b-47d0-b42e-cb10aab8ecee,2512111014,uuid:6bd7ed98-d54b-47d0-b42e-cb10aab8ecee,NA,NA,NA,NA,NA,NA,NA,NA,NA,NA
100872,S0410200722,OROMIA,Jimma,sokorruu,zamaroo,Rural,"12/25/2025, 8:35:15 AM","12/24/2025, 9:28:47 AM","12/24/2025, 6:06:28 PM",12/24/2025,5709a80a20846068,1,T35603,NA,female,1 2 6 7 8,1,1,0,0,0,1,1,1,0,1,1,0,0,0,NA,3,NA,3,NA,1,NA,2017,2017,1,1,3,3,5,0,0,0,0,1,0,0,NA,1,NA,2,0,1,0,0,0,0,0,NA,0,NA,NA,NA,NA,NA,NA,NA,NA,NA,NA,NA,NA,NA,NA,NA,NA,NA,NA,NA,NA,2 5,0,1,0,0,1,0,0,0,0,0,NA,2 5,0,1,0,0,1,0,0,0,0,0,NA,3,3,3,3,1,1,1,1,5 6 9,0,0,0,0,1,1,0,0,1,0,0,0,0,NA,4,2,NA,3 5,0,0,1,0,1,0,0,0,0,0,0,0,0,NA,3,3,4,3,4,3,3,2,2,3,4,4,4,4,4,3,1,1,1,1 2 5,1,1,0,0,1,0,0,0,NA,2,3,3,2,2,2,3,3,2,3,3,2,NA,3,3,3,2,2,2 3,0,1,1,0,0,NA,4,NA,0,0,0,0,0,0,0,0,0,0,0,NA,1,1,1,1,2,1,1,3,3,3,3,3,3,3,3,3,3,3,2 4,0,1,0,1,0,0,0,0,0,0,0,2,1,2,3,1,3,1,3,2,1,8,1,3,1,3,3,3,4,3,3,2,4,4,0,0,0,1,0,0,0,NA,0,NA,NA,NA,NA,NA,NA,NA,NA,NA,2 4,0,1,0,1,0,0,0,0,0,NA,24,NA,9163,NA,uuid:eba43186-4147-45a5-8533-e10e6956789c,2512142209,uuid:eba43186-4147-45a5-8533-e10e6956789c,NA,NA,NA,NA,NA,NA,NA,NA,NA,NA
100872,S0410200722,OROMIA,Jimma,sokorruu,zamaroo,Rural,"12/25/2025, 8:35:19 AM","12/24/2025, 9:40:11 AM","12/24/2025, 5:29:19 PM",12/24/2025,5709a80a20846068,1,T35601,NA,male,1 2 6 7 8,1,1,0,0,0,1,1,1,0,2 3,0,1,1,0,NA,3,NA,3,NA,1,NA,2011,2018,2,1,2,3,5,0,0,0,0,1,0,0,NA,1,NA,2,0,1,0,0,0,0,0,NA,0,NA,NA,NA,NA,NA,NA,NA,NA,NA,NA,NA,NA,NA,NA,NA,NA,NA,NA,NA,NA,2 5,0,1,0,0,1,0,0,0,0,0,NA,2 4,0,1,0,1,0,0,0,0,0,0,NA,3,3,3,3,1,1,1,1,6 10,0,0,0,0,0,1,0,0,0,1,0,0,0,NA,4,2,NA,3,0,0,1,0,0,0,0,0,0,0,0,0,0,NA,3,3,4,3,3,3,3,2,3,3,4,4,4,4,3,4,1,1,1,2 5,0,1,0,0,1,0,0,0,NA,3,3,3,3,2,3,4,3,2,2,3,2,NA,3,3,3,4,3,2 3,0,1,1,0,0,NA,4,NA,0,0,0,1,0,0,0,0,0,0,0,NA,1,1,1,1,3,1,1,3,3,3,3,3,3,3,3,3,3,3,2 4,0,1,0,1,0,0,0,0,0,0,0,2,1,2,3,1,3,1,3,3,1,6,2,3,1,3,3,3,4,4,3,4,4,1 4,1,0,0,1,0,0,0,NA,0,NA,NA,NA,NA,NA,NA,NA,NA,NA,1 4,1,0,0,1,0,0,0,0,0,NA,25,NA,10462,NA,uuid:c940051c-41b2-4190-901a-24b2bd8b1915,2512142209,uuid:c940051c-41b2-4190-901a-24b2bd8b1915,NA,NA,NA,NA,NA,NA,NA,NA,NA,NA
100872,S0410200722,OROMIA,Jimma,sokorruu,zamaroo,Rural,"12/25/2025, 8:35:20 AM","12/24/2025, 9:56:26 AM","12/24/2025, 5:41:35 PM",12/24/2025,5709a80a20846068,1,T35602,NA,male,2 6 7 8,0,1,0,0,0,1,1,1,0,1 3,1,0,1,0,NA,3,NA,5,NA,1,NA,2009,2009,1,1,2,3,1 5,1,0,0,0,1,0,0,NA,1,NA,2,0,1,0,0,0,0,0,NA,0,NA,NA,NA,NA,NA,NA,NA,NA,NA,NA,NA,NA,NA,NA,NA,NA,NA,NA,NA,NA,2 5,0,1,0,0,1,0,0,0,0,0,NA,2 5,0,1,0,0,1,0,0,0,0,0,NA,3,3,3,3,1,1,1,1,7 9,0,0,0,0,0,0,1,0,1,0,0,0,0,NA,4,2,NA,2 3 4,0,1,1,1,0,0,0,0,0,0,0,0,0,NA,3,3,3,4,3,3,3,2,3,3,5,4,4,3,4,3,1,1,1,1 2 5,1,1,0,0,1,0,0,0,NA,2,3,3,3,2,3,3,3,2,3,2,2,NA,3,3,3,2,2,2 3,0,1,1,0,0,NA,3,NA,0,0,0,1,0,0,0,1,0,0,0,NA,1,1,1,1,3,1,1,3,3,3,3,3,3,3,3,3,3,3,2 4,0,1,0,1,0,0,0,0,0,0,0,2,1,2,3,1,3,1,3,3,1,7,1,2,3,3,3,3,4,4,4,3,4,6,0,0,0,0,0,1,0,NA,0,NA,NA,NA,NA,NA,NA,NA,NA,NA,2 4,0,1,0,1,0,0,0,0,0,NA,39,NA,11170,NA,uuid:e77fcff4-c717-429f-99bd-0097d31af535,2512142209,uuid:e77fcff4-c717-429f-99bd-0097d31af535,NA,NA,NA,NA,NA,NA,NA,NA,NA,NA
101609,S0411090132,OROMIA,Qeellam Wallaggaa,laaloo qilee,biiftuu marfoo,Rural,"12/8/2025, 3:06:42 PM","12/8/2025, 9:22:37 AM","12/8/2025, 9:59:52 AM",12/8/2025,7697c74e25302763,1,T19203,NA,female,6,0,0,0,0,0,1,0,0,0,97,0,0,0,1,Safuu,3,NA,3,NA,1,NA,2004,2011,3,0,NA,NA,1 2,1,1,0,0,0,0,0,NA,1,NA,2 6,0,1,0,0,0,1,0,NA,1,3,0,0,1,0,0,0,NA,1 2 4,1,1,0,1,0,0,0,0,0,0,NA,1 2,1,1,0,0,0,0,0,0,0,0,NA,2 8,0,1,0,0,0,0,0,1,0,0,NA,3,3,1,3,3,1,3,2,3 4 6,0,0,1,1,0,1,0,0,0,0,0,0,0,NA,4,3,NA,3 5,0,0,1,0,1,0,0,0,0,0,0,0,0,NA,4,4,2,4,4,4,4,3,2,4,5,5,4,5,5,5,1,1,1,1 2 5,1,1,0,0,1,0,0,0,NA,4,4,4,4,4,4,4,2,3,4,4,2,NA,4,4,2,3,3,1 2,1,1,0,0,0,NA,2,NA,0,0,0,0,0,1,0,0,0,0,0,NA,1,1,1,1,4,1,3,3,3,2,3,3,3,3,2,3,3,3,1 8,1,0,0,0,0,0,0,1,0,0,0,2,1,2,4,4,4,1,3,3,1,1,1,4,1,4,4,1,4,4,2,4,4,4,0,0,0,1,0,0,0,NA,0,NA,NA,NA,NA,NA,NA,NA,NA,NA,4 7,0,0,0,1,0,0,1,0,0,NA,34,NA,12300,Homtuu hin jiru,uuid:462e8dcf-b4ed-4216-96b8-30a3780d06c3,2512040829,uuid:462e8dcf-b4ed-4216-96b8-30a3780d06c3,NA,NA,NA,NA,NA,NA,NA,NA,NA,NA
101609,S0411090132,OROMIA,Qeellam Wallaggaa,laaloo qilee,biiftuu marfoo,Rural,"12/8/2025, 3:08:37 PM","12/8/2025, 9:23:58 AM","12/8/2025, 12:11:35 PM",12/8/2025,bbae1c343e73e9f2,1,T19201,NA,female,1,1,0,0,0,0,0,0,0,0,97,0,0,0,1,Saayinis naannoo,3,NA,2,NA,0,NA,2005,2011,4,0,NA,NA,2,0,1,0,0,0,0,0,NA,1,NA,5 6,0,0,0,0,1,1,0,NA,0,NA,NA,NA,NA,NA,NA,NA,NA,NA,NA,NA,NA,NA,NA,NA,NA,NA,NA,NA,NA,2 5,0,1,0,0,1,0,0,0,0,0,NA,5 8,0,0,0,0,1,0,0,1,0,0,NA,3,2,4,4,4,4,4,4,2 5 8 9,0,1,0,0,1,0,0,1,1,0,0,0,0,NA,4,2,NA,5 9,0,0,0,0,1,0,0,0,1,0,0,0,0,NA,4,2,3,2,3,2,2,3,3,3,4,4,3,4,5,5,2,1,1,5,0,0,0,0,1,0,0,0,NA,3,3,2,4,3,4,5,4,5,4,4,4,NA,4,3,3,3,3,3 4,0,0,1,1,0,NA,4,NA,1,0,0,1,0,1,1,1,1,1,0,NA,2,2,4,2,4,1,2,1,1,2,3,3,2,2,3,3,3,3,1 4,1,0,0,1,0,0,0,0,0,0,0,3,3,4,3,3,3,1,3,1,2,8,4,2,3,2,3,3,4,4,4,4,4,2 3 4,0,1,1,1,0,0,0,NA,0,NA,NA,NA,NA,NA,NA,NA,NA,NA,3 8,0,0,1,0,0,0,0,1,0,NA,41,NA,11394,NA,uuid:edb0eee3-0598-4914-a27e-6febc4f1088e,2512040829,uuid:edb0eee3-0598-4914-a27e-6febc4f1088e,NA,NA,NA,NA,NA,NA,NA,NA,NA,NA
101609,S0411090132,OROMIA,Qeellam Wallaggaa,laaloo qilee,biiftuu marfoo,Rural,"12/8/2025, 3:08:38 PM","12/8/2025, 10:07:26 AM","12/8/2025, 12:12:12 PM",12/8/2025,bbae1c343e73e9f2,1,T19202,NA,male,5,0,0,0,0,1,0,0,0,0,2 97,0,1,0,1,Saayinis nannoo fi waligala,4,NA,5,NA,1,NA,2005,2009,2,0,NA,NA,1 2,1,1,0,0,0,0,0,NA,1,NA,6,0,0,0,0,0,1,0,NA,1,1 2 3,1,1,1,0,0,0,NA,1 2 3 4 5 6,1,1,1,1,1,1,0,0,0,0,NA,2 8,0,1,0,0,0,0,0,1,0,0,NA,5 8,0,0,0,0,1,0,0,1,0,0,NA,4,3,3,2,3,4,4,4,2 3 6 8 9,0,1,1,0,0,1,0,1,1,0,0,0,0,NA,4,2,NA,3 9 10,0,0,1,0,0,0,0,0,1,1,0,0,0,NA,3,4,3,4,4,4,3,2,4,3,5,4,5,5,4,5,2,2,1,5,0,0,0,0,1,0,0,0,NA,4,4,4,4,4,3,5,4,5,4,5,2,NA,3,3,4,3,4,1 2 3 4,1,1,1,1,0,NA,4,NA,1,1,0,1,0,1,1,1,1,1,0,NA,3,2,1,1,4,1,2,1,1,2,3,3,2,2,1,3,3,3,1 4,1,0,0,1,0,0,0,0,0,0,0,2,3,2,3,4,3,4,2,2,2,10,1,4,1,4,4,4,4,3,4,4,4,2 4,0,1,0,1,0,0,0,NA,1,1,2,3,1,1,2,2,2,999,3 5,0,0,1,0,1,0,0,0,0,NA,35,NA,13000,999,uuid:73d983cb-a125-46eb-8e5b-00f0698c7f73,2512040829,uuid:73d983cb-a125-46eb-8e5b-00f0698c7f73,NA,NA,NA,NA,NA,NA,NA,NA,NA,NA
101800,S0411100172,OROMIA,Qeellam Wallaggaa,sayyoo,taabor,Rural,"12/5/2025, 3:13:25 PM","12/5/2025, 11:05:43 AM","12/5/2025, 1:32:31 PM",12/5/2025,7697c74e25302763,1,T22102,NA,female,1 2,1,1,0,0,0,0,0,0,0,1,1,0,0,0,NA,3,NA,2,NA,1,NA,2006,2013,4,0,NA,NA,1,1,0,0,0,0,0,0,NA,1,NA,6,0,0,0,0,0,1,0,NA,1,3,0,0,1,0,0,0,NA,1 4,1,0,0,1,0,0,0,0,0,0,NA,2 4,0,1,0,1,0,0,0,0,0,0,NA,2 5,0,1,0,0,1,0,0,0,0,0,NA,3,3,3,3,3,3,3,3,1 2 6 8,1,1,0,0,0,1,0,1,0,0,0,0,0,NA,2,3,NA,3,0,0,1,0,0,0,0,0,0,0,0,0,0,NA,4,4,4,4,4,4,4,4,3,4,5,4,4,3,3,3,3,1,1,1 2 5,1,1,0,0,1,0,0,0,NA,3,3,4,4,2,4,4,3,4,5,4,2,NA,4,4,4,3,3,1 2 3,1,1,1,0,0,NA,2,NA,0,0,0,1,0,0,0,0,1,0,0,NA,2,3,1,1,4,1,1,3,3,2,3,3,2,3,3,3,3,3,1 6,1,0,0,0,0,1,0,0,0,0,0,3,1,3,3,3,4,1,3,3,1,1,2,3,2,4,4,3,4,4,4,4,4,4,0,0,0,1,0,0,0,NA,0,NA,NA,NA,NA,NA,NA,NA,NA,NA,2 4,0,1,0,1,0,0,0,0,0,NA,30,NA,11000,Hin jiru,uuid:cf59abbb-7227-4cc6-bb79-376e4038ce6e,2512040829,uuid:cf59abbb-7227-4cc6-bb79-376e4038ce6e,NA,NA,NA,NA,NA,NA,NA,NA,NA,NA
101800,S0411100172,OROMIA,Qeellam Wallaggaa,sayyoo,taabor,Rural,"12/5/2025, 3:13:25 PM","12/5/2025, 1:45:12 PM","12/5/2025, 2:26:41 PM",12/5/2025,7697c74e25302763,1,T22103,NA,female,8,0,0,0,0,0,0,0,1,0,1,1,0,0,0,NA,3,NA,5,NA,1,NA,2005,2015,2,0,NA,NA,1,1,0,0,0,0,0,0,NA,1,NA,6,0,0,0,0,0,1,0,NA,1,3,0,0,1,0,0,0,NA,1 4,1,0,0,1,0,0,0,0,0,0,NA,1 2,1,1,0,0,0,0,0,0,0,0,NA,4 5,0,0,0,1,1,0,0,0,0,0,NA,3,3,3,3,3,3,3,3,2 4,0,1,0,1,0,0,0,0,0,0,0,0,0,NA,2,3,NA,2 3,0,1,1,0,0,0,0,0,0,0,0,0,0,NA,3,3,4,3,4,4,4,3,2,3,5,4,4,4,4,4,1,1,1,2 5,0,1,0,0,1,0,0,0,NA,3,3,3,3,3,3,4,3,4,4,4,2,NA,3,1,2,3,3,1 2,1,1,0,0,0,NA,3,NA,0,0,0,1,0,0,0,1,0,0,0,NA,2,1,1,1,4,1,1,3,3,2,3,3,2,3,3,3,3,3,1 2,1,1,0,0,0,0,0,0,0,0,0,3,2,2,2,3,4,1,3,3,1,1,2,3,3,4,3,1,4,4,4,4,4,4,0,0,0,1,0,0,0,NA,0,NA,NA,NA,NA,NA,NA,NA,NA,NA,4,0,0,0,1,0,0,0,0,0,NA,30,NA,12000,Hin jiru,uuid:7494800d-374f-4493-8613-a1f9d111c176,2512040829,uuid:7494800d-374f-4493-8613-a1f9d111c176,NA,NA,NA,NA,NA,NA,NA,NA,NA,NA
101800,S0411100172,OROMIA,Qeellam Wallaggaa,sayyoo,taabor,Rural,"12/5/2025, 3:14:27 PM","12/5/2025, 11:03:10 AM","12/5/2025, 2:41:12 PM",12/5/2025,bbae1c343e73e9f2,1,T22101,NA,male,3 4,0,0,1,1,0,0,0,0,0,97,0,0,0,1,Saayinis naannoo,6,NA,5,NA,1,NA,2002,2017,6,1,1,3,2 3,0,1,1,0,0,0,0,NA,1,NA,5 6,0,0,0,0,1,1,0,NA,1,1 2 3 4 5,1,1,1,1,1,0,NA,1 2 3 4 5 6 7 8,1,1,1,1,1,1,1,1,0,0,NA,2 5,0,1,0,0,1,0,0,0,0,0,NA,2 5,0,1,0,0,1,0,0,0,0,0,NA,2,4,4,4,4,4,1,1,4 5 8,0,0,0,1,1,0,0,1,0,0,0,0,0,NA,4,4,NA,2 9,0,1,0,0,0,0,0,0,1,0,0,0,0,NA,3,3,4,3,4,4,4,4,4,4,5,5,5,5,5,5,3,1,1,2 5,0,1,0,0,1,0,0,0,NA,4,4,4,3,3,4,3,3,2,4,4,2,NA,2,3,3,3,4,1,1,0,0,0,0,NA,3,NA,0,1,0,1,0,0,0,1,0,0,0,NA,1,1,1,1,4,1,1,1,1,1,3,3,2,2,2,3,3,2,1 5,1,0,0,0,1,0,0,0,0,0,0,3,2,3,2,3,2,3,3,3,1,8,2,3,4,3,3,2,4,4,4,4,4,2 3 4 5 6,0,1,1,1,1,1,0,NA,0,NA,NA,NA,NA,NA,NA,NA,NA,NA,1 5,1,0,0,0,1,0,0,0,0,NA,38,NA,14300,NA,uuid:93e38284-74a2-4d9b-b7af-680a3379c48f,2512040829,uuid:93e38284-74a2-4d9b-b7af-680a3379c48f,NA,NA,NA,NA,NA,NA,NA,NA,NA,NA
102046,S0412020372,OROMIA,B/M/Adaamaa,b/m/adaamaa,baatee tiifuu,Urban,"12/4/2025, 9:34:32 PM","12/4/2025, 10:15:27 AM","12/4/2025, 8:34:59 PM",12/4/2025,72ea367b009c6cb8,1,T32801,NA,female,1 3 4 5,1,0,1,1,1,0,0,0,0,3,0,0,1,0,NA,1,NA,2,NA,0,NA,2009,2013,2,1,2,3,5,0,0,0,0,1,0,0,NA,4,NA,6,0,0,0,0,0,1,0,NA,1,1 3,1,0,1,0,0,0,NA,2 3 4,0,1,1,1,0,0,0,0,0,0,NA,4 5,0,0,0,1,1,0,0,0,0,0,NA,3 4,0,0,1,1,0,0,0,0,0,0,NA,3,2,1,2,3,3,2,3,3 4 5 7,0,0,1,1,1,0,1,0,0,0,0,0,0,NA,2,2,NA,3 4,0,0,1,1,0,0,0,0,0,0,0,0,0,NA,4,2,2,3,3,3,4,3,1,4,5,5,4,5,5,4,1,1,1,2 5,0,1,0,0,1,0,0,0,NA,4,4,4,4,4,4,3,5,5,5,5,4,NA,1,1,1,1,4,2 4,0,1,0,1,0,NA,3,NA,0,0,0,1,1,1,0,1,1,0,1,Distance,4,3,1,1,4,1,4,3,2,2,3,3,2,2,3,1,3,2,6 8,0,0,0,0,0,1,0,1,0,0,0,1,4,4,4,4,4,4,3,3,1,10,1,4,4,1,1,3,4,4,4,4,4,2 4,0,1,0,1,0,0,0,NA,1,3,3,3,3,3,3,3,3,Distance,4,0,0,0,1,0,0,0,0,0,NA,27,NA,10000,Nothing,uuid:844dfe85-a9d8-4b55-9e43-519b90f7a51c,2512030649,uuid:844dfe85-a9d8-4b55-9e43-519b90f7a51c,NA,NA,NA,NA,NA,NA,NA,NA,NA,NA
102046,S0412020372,OROMIA,B/M/Adaamaa,b/m/adaamaa,baatee tiifuu,Urban,"12/4/2025, 9:34:33 PM","12/4/2025, 11:15:33 AM","12/4/2025, 8:34:43 PM",12/4/2025,72ea367b009c6cb8,1,T32802,NA,female,1 3 4 5,1,0,1,1,1,0,0,0,0,3,0,0,1,0,NA,1,NA,2,NA,1,NA,2017,2017,1,0,NA,NA,1,1,0,0,0,0,0,0,NA,2,NA,6,0,0,0,0,0,1,0,NA,0,NA,NA,NA,NA,NA,NA,NA,NA,NA,NA,NA,NA,NA,NA,NA,NA,NA,NA,NA,NA,3 4,0,0,1,1,0,0,0,0,0,0,NA,2 3,0,1,1,0,0,0,0,0,0,0,NA,3,3,2,3,3,4,3,2,4 7 8,0,0,0,1,0,0,1,1,0,0,0,0,0,NA,2,2,NA,4,0,0,0,1,0,0,0,0,0,0,0,0,0,NA,4,1,4,4,4,4,4,4,4,4,5,5,4,4,5,5,2,2,1,2 5,0,1,0,0,1,0,0,0,NA,3,4,4,4,4,4,5,4,4,4,4,1,NA,4,4,4,4,4,2,0,1,0,0,0,NA,3,NA,0,0,0,0,0,0,0,1,1,0,0,NA,4,1,1,1,4,1,1,1,3,3,3,3,3,3,3,3,1,3,1 4,1,0,0,1,0,0,0,0,0,0,0,3,1,3,4,4,4,4,3,3,1,10,1,4,4,4,4,4,4,4,4,4,4,4,0,0,0,1,0,0,0,NA,0,NA,NA,NA,NA,NA,NA,NA,NA,NA,4,0,0,0,1,0,0,0,0,0,NA,23,NA,9267,Nothing,uuid:e747104a-d4bf-4cdb-a985-d283a03e35e8,2512030649,uuid:e747104a-d4bf-4cdb-a985-d283a03e35e8,NA,NA,NA,NA,NA,NA,NA,NA,NA,NA
102046,S0412020372,OROMIA,B/M/Adaamaa,b/m/adaamaa,baatee tiifuu,Urban,"12/5/2025, 4:47:41 AM","12/4/2025, 1:05:43 PM","12/4/2025, 7:06:35 PM",12/4/2025,511b83623529c852,1,T32803,NA,male,8,0,0,0,0,0,0,0,1,0,1,1,0,0,0,NA,2,NA,5,NA,1,NA,2015,2015,1,0,NA,NA,5,0,0,0,0,1,0,0,NA,1,NA,2,0,1,0,0,0,0,0,NA,1,3,0,0,1,0,0,0,NA,2 3 4 5,0,1,1,1,1,0,0,0,0,0,NA,3 4,0,0,1,1,0,0,0,0,0,0,NA,5 6,0,0,0,0,1,1,0,0,0,0,NA,3,2,2,3,3,4,3,1,3,0,0,1,0,0,0,0,0,0,0,0,0,0,NA,3,2,NA,4 5 9 10,0,0,0,1,1,0,0,0,1,1,0,0,0,NA,4,4,4,3,3,4,4,2,2,4,5,5,3,5,5,4,1,2,1,5,0,0,0,0,1,0,0,0,NA,2,3,3,3,2,3,2,2,2,4,3,1,NA,1,3,2,1,4,2,0,1,0,0,0,NA,2,NA,0,0,1,1,0,0,0,1,1,0,0,NA,2,1,1,1,4,1,1,3,3,2,3,3,3,3,3,3,3,3,1 2,1,1,0,0,0,0,0,0,0,0,0,1,1,2,3,1,4,1,3,3,1,8,3,3,4,3,3,2,4,4,2,4,4,1 4,1,0,0,1,0,0,0,NA,1,3,2,3,1,2,3,3,1,No,4 7,0,0,0,1,0,0,1,0,0,NA,26,NA,1740,No,uuid:213b0fe8-9646-45ca-aac5-87d860bdc48b,2512040829,uuid:213b0fe8-9646-45ca-aac5-87d860bdc48b,NA,NA,NA,NA,NA,NA,NA,NA,NA,NA
102110,S0412020872,OROMIA,B/M/Adaamaa,b/m/adaamaa,wanjjii lakk.2,Urban,"12/24/2025, 7:03:09 AM","12/22/2025, 11:05:40 AM","12/23/2025, 8:31:22 PM",12/22/2025,72ea367b009c6cb8,1,T40801,NA,male,5 6 7 8,0,0,0,0,1,1,1,1,0,1,1,0,0,0,NA,7,NA,5,NA,1,NA,1995,2004,4,0,NA,NA,5,0,0,0,0,1,0,0,NA,1,NA,2 6,0,1,0,0,0,1,0,NA,1,1 3,1,0,1,0,0,0,NA,3 4,0,0,1,1,0,0,0,0,0,0,NA,2 5,0,1,0,0,1,0,0,0,0,0,NA,2 5,0,1,0,0,1,0,0,0,0,0,NA,3,3,3,3,2,2,2,2,7 8 9 11,0,0,0,0,0,0,1,1,1,0,1,0,0,NA,4,2,NA,9 10,0,0,0,0,0,0,0,0,1,1,0,0,0,NA,3,3,4,3,4,4,4,4,4,4,5,5,5,4,5,5,1,1,1,1 2 5,1,1,0,0,1,0,0,0,NA,3,3,3,3,3,3,4,4,4,4,4,97,Knowledge,4,4,4,4,4,1 2,1,1,0,0,0,NA,1,NA,1,0,0,1,0,0,0,1,1,0,1,Student is not interested,1,1,1,1,4,1,1,2,2,2,2,1,2,2,2,2,2,2,1 8,1,0,0,0,0,0,0,1,0,0,0,4,1,4,4,3,4,3,2,2,1,7,2,4,1,4,4,1,4,4,4,4,4,5,0,0,0,0,1,0,0,NA,1,3,3,3,1,3,3,3,3,Nothing,4,0,0,0,1,0,0,0,0,0,NA,49,NA,16715,Nothing,uuid:5731ef6b-1679-4cfe-9a06-9abd41dfa69c,2512142209,uuid:5731ef6b-1679-4cfe-9a06-9abd41dfa69c,NA,NA,NA,NA,NA,NA,NA,NA,NA,NA
102110,S0412020872,OROMIA,B/M/Adaamaa,b/m/adaamaa,wanjjii lakk.2,Urban,"12/24/2025, 7:03:09 AM","12/22/2025, 12:23:49 PM","12/23/2025, 8:31:39 PM",12/22/2025,72ea367b009c6cb8,1,T40802,NA,male,3 4,0,0,1,1,0,0,0,0,0,3,0,0,1,0,NA,3,NA,5,NA,1,NA,2007,2015,3,1,1,3,5,0,0,0,0,1,0,0,NA,1,NA,5 6,0,0,0,0,1,1,0,NA,1,1 3,1,0,1,0,0,0,NA,3 4,0,0,1,1,0,0,0,0,0,0,NA,2 4,0,1,0,1,0,0,0,0,0,0,NA,2 4,0,1,0,1,0,0,0,0,0,0,NA,3,3,3,3,2,2,1,1,4 6 7 8 9 11,0,0,0,1,0,1,1,1,1,0,1,0,0,NA,1,2,NA,9,0,0,0,0,0,0,0,0,1,0,0,0,0,NA,4,4,4,4,4,4,2,4,3,4,5,5,5,5,5,5,2,1,1,1 2 5,1,1,0,0,1,0,0,0,NA,3,3,3,3,3,3,4,4,2,4,4,2,NA,2,2,2,2,2,1 2,1,1,0,0,0,NA,3,NA,0,0,0,1,0,1,1,1,0,0,0,NA,1,1,1,1,4,1,1,2,2,2,2,3,2,2,3,2,3,3,1 2,1,1,0,0,0,0,0,0,0,0,0,3,3,3,4,1,4,1,3,3,1,7,1,4,1,4,4,3,4,4,4,4,4,5,0,0,0,0,1,0,0,NA,1,3,3,3,1,3,1,1,3,Nothing,4,0,0,0,1,0,0,0,0,0,NA,34,NA,11531,Nothing,uuid:f15bcc05-abaa-4e4e-a4b1-c428f82c051b,2512142209,uuid:f15bcc05-abaa-4e4e-a4b1-c428f82c051b,NA,NA,NA,NA,NA,NA,NA,NA,NA,NA
102110,S0412020872,OROMIA,B/M/Adaamaa,b/m/adaamaa,wanjjii lakk.2,Urban,"12/24/2025, 7:03:10 AM","12/22/2025, 1:15:51 PM","12/23/2025, 8:31:51 PM",12/22/2025,72ea367b009c6cb8,1,T40803,NA,female,1 2,1,1,0,0,0,0,0,0,0,97,0,0,0,1,Sayinisi nano,6,NA,5,NA,1,NA,2001,2006,3,0,NA,NA,5,0,0,0,0,1,0,0,NA,1,NA,2 5 6,0,1,0,0,1,1,0,NA,1,2 3,0,1,1,0,0,0,NA,1 3 4,1,0,1,1,0,0,0,0,0,0,NA,2 4,0,1,0,1,0,0,0,0,0,0,NA,3 4,0,0,1,1,0,0,0,0,0,0,NA,3,3,1,2,1,1,1,1,6 7 8 9 11,0,0,0,0,0,1,1,1,1,0,1,0,0,NA,1,1,NA,NA,NA,NA,NA,NA,NA,NA,NA,NA,NA,NA,NA,NA,NA,NA,4,4,4,4,4,4,4,4,4,4,4,5,5,5,4,5,2,1,1,1 2 5,1,1,0,0,1,0,0,0,NA,3,3,3,3,3,3,4,4,4,1,4,2,NA,4,4,4,4,4,4,0,0,0,1,0,NA,3,NA,0,0,0,1,0,0,1,1,1,0,0,NA,1,1,1,1,4,1,1,2,2,2,2,2,2,2,2,1,1,2,1 8,1,0,0,0,0,0,0,1,0,0,0,3,1,4,4,2,4,3,2,2,1,7,1,4,1,4,4,2,4,4,4,4,4,4,0,0,0,1,0,0,0,NA,1,3,3,3,1,3,3,3,3,Nothing,3 4,0,0,1,1,0,0,0,0,0,NA,38,NA,13330,Nothing,uuid:19bafc50-22a8-46f7-b834-8d39fc358cb0,2512142209,uuid:19bafc50-22a8-46f7-b834-8d39fc358cb0,NA,NA,NA,NA,NA,NA,NA,NA,NA,NA
102231,S0412030692,OROMIA,Shawaa Bahaa,adaamii tulluu,suuroo sad.1ffaa,Rural,"12/10/2025, 7:48:15 PM","12/10/2025, 11:40:05 AM","12/10/2025, 7:44:50 PM",12/10/2025,511b83623529c852,1,T10703,NA,female,6,0,0,0,0,0,1,0,0,0,97,0,0,0,1,Sivic,3,NA,5,NA,0,NA,2013,2013,1,1,3,3,5,0,0,0,0,1,0,0,NA,1,NA,2,0,1,0,0,0,0,0,NA,1,1 2 3 4,1,1,1,1,0,0,NA,3 4 7,0,0,1,1,0,0,1,0,0,0,NA,2 6,0,1,0,0,0,1,0,0,0,0,NA,4 5,0,0,0,1,1,0,0,0,0,0,NA,4,4,2,4,1,3,3,3,6 8 9,0,0,0,0,0,1,0,1,1,0,0,0,0,NA,4,2,NA,1 2 5,1,1,0,0,1,0,0,0,0,0,0,0,0,NA,3,2,3,2,3,3,3,2,2,3,5,4,3,4,4,4,2,1,1,5,0,0,0,0,1,0,0,0,NA,2,2,2,1,2,1,1,3,4,3,4,4,NA,3,3,3,1,4,2 3 4,0,1,1,1,0,NA,3,NA,0,0,0,0,0,0,0,0,1,0,0,NA,1,1,1,1,4,2,1,3,3,3,3,3,1,1,3,3,2,3,1 2,1,1,0,0,0,0,0,0,0,0,0,1,1,2,3,3,2,1,3,3,1,9,2,3,4,4,4,2,4,3,3,4,4,4,0,0,0,1,0,0,0,NA,0,NA,NA,NA,NA,NA,NA,NA,NA,NA,4,0,0,0,1,0,0,0,0,0,NA,27,NA,10600,No,uuid:cc5deade-499e-4ba0-8ccf-071f27f1179a,2512040829,uuid:cc5deade-499e-4ba0-8ccf-071f27f1179a,NA,NA,NA,NA,NA,NA,NA,NA,NA,NA
102231,S0412030692,OROMIA,Shawaa Bahaa,adaamii tulluu,suuroo sad.1ffaa,Rural,"12/11/2025, 2:55:50 PM","12/10/2025, 11:25:48 AM","12/11/2025, 2:53:25 PM",12/10/2025,72ea367b009c6cb8,1,T10701,NA,male,1 3 4,1,0,1,1,0,0,0,0,0,3,0,0,1,0,NA,7,NA,5,NA,1,NA,2005,2016,5,0,NA,NA,5,0,0,0,0,1,0,0,NA,1,NA,6,0,0,0,0,0,1,0,NA,0,NA,NA,NA,NA,NA,NA,NA,NA,NA,NA,NA,NA,NA,NA,NA,NA,NA,NA,NA,NA,3 4,0,0,1,1,0,0,0,0,0,0,NA,3 7,0,0,1,0,0,0,1,0,0,0,NA,3,2,2,2,2,2,2,2,7 9 11,0,0,0,0,0,0,1,0,1,0,1,0,0,NA,3,3,NA,9,0,0,0,0,0,0,0,0,1,0,0,0,0,NA,3,3,3,3,3,3,2,2,2,3,4,3,3,4,5,4,1,1,1,2 5,0,1,0,0,1,0,0,0,NA,3,1,2,3,1,3,1,4,1,1,1,1,NA,3,3,3,3,3,2,0,1,0,0,0,NA,4,NA,0,0,0,1,1,1,1,1,1,0,0,NA,2,2,1,1,4,1,1,2,2,2,2,2,2,2,2,2,2,2,1 4,1,0,0,1,0,0,0,0,0,0,0,3,1,3,3,1,3,1,2,3,1,10,4,2,4,1,1,3,3,3,3,3,3,4,0,0,0,1,0,0,0,NA,1,3,3,3,1,1,3,3,3,Nothing,4,0,0,0,1,0,0,0,0,0,NA,30,NA,12933,NA,uuid:7d443d4f-9511-46e8-967f-4fceba4c25d1,2512030649,uuid:7d443d4f-9511-46e8-967f-4fceba4c25d1,NA,NA,NA,NA,NA,NA,NA,NA,NA,NA
102231,S0412030692,OROMIA,Shawaa Bahaa,adaamii tulluu,suuroo sad.1ffaa,Rural,"12/11/2025, 2:55:50 PM","12/10/2025, 12:22:38 PM","12/11/2025, 2:53:41 PM",12/10/2025,72ea367b009c6cb8,1,T10702,NA,male,3 4,0,0,1,1,0,0,0,0,0,3,0,0,1,0,NA,7,NA,2,NA,1,NA,1999,2011,5,1,2,3,5,0,0,0,0,1,0,0,NA,1,NA,6,0,0,0,0,0,1,0,NA,1,1 2 3,1,1,1,0,0,0,NA,1 4,1,0,0,1,0,0,0,0,0,0,NA,1 2,1,1,0,0,0,0,0,0,0,0,NA,2 5,0,1,0,0,1,0,0,0,0,0,NA,2,2,2,2,2,2,2,2,4 6 9,0,0,0,1,0,1,0,0,1,0,0,0,0,NA,3,2,NA,2 9 10,0,1,0,0,0,0,0,0,1,1,0,0,0,NA,3,3,3,3,3,3,3,3,3,3,5,5,3,5,5,4,1,1,1,1 2 5,1,1,0,0,1,0,0,0,NA,4,3,3,3,3,3,4,4,4,4,4,1,NA,3,3,3,3,3,2,0,1,0,0,0,NA,3,NA,0,0,0,1,0,1,0,1,1,0,0,NA,1,1,1,1,4,1,1,2,3,3,2,3,2,2,3,2,3,2,1 4,1,0,0,1,0,0,0,0,0,0,0,3,1,3,3,1,3,1,3,3,1,10,1,4,3,3,3,2,3,3,3,3,3,4,0,0,0,1,0,0,0,NA,1,3,3,3,1,1,3,3,3,Nothing,4,0,0,0,1,0,0,0,0,0,NA,38,NA,13900,NA,uuid:e81fcc34-d7be-407e-ba2a-31a116c359d8,2512030649,uuid:e81fcc34-d7be-407e-ba2a-31a116c359d8,NA,NA,NA,NA,NA,NA,NA,NA,NA,NA
102520,S0412070482,OROMIA,Shawaa Bahaa,dugdaa,birbirsa gudda saabolee,Rural,"12/8/2025, 9:48:39 PM","12/8/2025, 2:18:03 PM","12/8/2025, 9:44:41 PM",12/8/2025,72ea367b009c6cb8,1,T15701,NA,female,1 2 3,1,1,1,0,0,0,0,0,0,3,0,0,1,0,NA,1,NA,5,NA,0,NA,2010,2014,2,0,NA,NA,5,0,0,0,0,1,0,0,NA,1,NA,2,0,1,0,0,0,0,0,NA,1,1 3,1,0,1,0,0,0,NA,2 4 5,0,1,0,1,1,0,0,0,0,0,NA,3 5,0,0,1,0,1,0,0,0,0,0,NA,2 6,0,1,0,0,0,1,0,0,0,0,NA,2,2,2,2,2,2,2,2,2 7 11,0,1,0,0,0,0,1,0,0,0,1,0,0,NA,1,3,NA,8,0,0,0,0,0,0,0,1,0,0,0,0,0,NA,3,3,3,2,3,3,3,3,3,3,4,4,4,4,4,4,1,1,1,1 2 5,1,1,0,0,1,0,0,0,NA,3,3,3,3,3,3,4,4,4,4,4,1,NA,1,1,1,1,1,1 2,1,1,0,0,0,NA,2,NA,0,0,0,1,0,0,1,1,1,0,1,Security issue,3,3,1,1,4,1,1,3,2,2,3,3,2,2,2,2,2,2,1 4,1,0,0,1,0,0,0,0,0,0,0,2,3,3,3,2,2,3,3,3,1,10,2,3,2,2,3,2,3,3,3,3,3,4,0,0,0,1,0,0,0,NA,1,3,3,3,1,3,3,3,3,Security issues,4,0,0,0,1,0,0,0,0,0,NA,30,NA,9860,Nothing,uuid:21886fb4-eeb3-495b-a28d-28b11d4661f4,2512030649,uuid:21886fb4-eeb3-495b-a28d-28b11d4661f4,NA,NA,NA,NA,NA,NA,NA,NA,NA,NA
102520,S0412070482,OROMIA,Shawaa Bahaa,dugdaa,birbirsa gudda saabolee,Rural,"12/8/2025, 9:48:39 PM","12/8/2025, 3:06:52 PM","12/8/2025, 9:45:46 PM",12/8/2025,72ea367b009c6cb8,1,T15702,NA,female,3 4,0,0,1,1,0,0,0,0,0,3,0,0,1,0,NA,3,NA,5,NA,0,NA,2014,2014,1,0,NA,NA,1,1,0,0,0,0,0,0,NA,1,NA,1 2,1,1,0,0,0,0,0,NA,1,1,1,0,0,0,0,0,NA,2 3 4,0,1,1,1,0,0,0,0,0,0,NA,2 3,0,1,1,0,0,0,0,0,0,0,NA,2 5,0,1,0,0,1,0,0,0,0,0,NA,2,2,2,2,2,2,2,2,2 4 9,0,1,0,1,0,0,0,0,1,0,0,0,0,NA,1,1,NA,NA,NA,NA,NA,NA,NA,NA,NA,NA,NA,NA,NA,NA,NA,NA,3,3,3,3,3,3,3,3,3,3,4,4,4,4,4,4,1,1,1,1 2 5,1,1,0,0,1,0,0,0,NA,3,2,3,3,3,3,3,4,3,3,3,2,NA,1,1,1,1,1,1 2,1,1,0,0,0,NA,2,NA,0,0,0,1,0,0,0,1,0,0,0,NA,3,3,1,1,3,1,1,1,2,2,3,1,2,2,2,2,2,2,4 5,0,0,0,1,1,0,0,0,0,0,0,3,3,2,3,2,3,3,3,3,1,10,1,3,1,1,3,3,3,3,3,3,3,4,0,0,0,1,0,0,0,NA,1,3,3,3,1,1,3,3,3,Nothing,4,0,0,0,1,0,0,0,0,0,NA,32,NA,9270,Nothing,uuid:8748038f-863a-491d-8023-e515b937faa4,2512030649,uuid:8748038f-863a-491d-8023-e515b937faa4,NA,NA,NA,NA,NA,NA,NA,NA,NA,NA
102520,S0412070482,OROMIA,Shawaa Bahaa,dugdaa,birbirsa gudda saabolee,Rural,"12/9/2025, 2:43:13 AM","12/8/2025, 3:21:18 PM","12/8/2025, 8:48:48 PM",12/8/2025,511b83623529c852,1,T15703,NA,male,7,0,0,0,0,0,0,1,0,0,1 2,1,1,0,0,NA,3,NA,5,NA,1,NA,2009,2014,4,1,3,3,5,0,0,0,0,1,0,0,NA,1,NA,2 3,0,1,1,0,0,0,0,NA,1,1,1,0,0,0,0,0,NA,2 3 4 5,0,1,1,1,1,0,0,0,0,0,NA,3 4,0,0,1,1,0,0,0,0,0,0,NA,4 6,0,0,0,1,0,1,0,0,0,0,NA,2,3,2,4,3,3,1,3,6 7 8,0,0,0,0,0,1,1,1,0,0,0,0,0,NA,2,2,NA,2 4 8,0,1,0,1,0,0,0,1,0,0,0,0,0,NA,3,2,3,3,3,2,2,2,1,3,4,3,3,4,4,4,1,2,1,5,0,0,0,0,1,0,0,0,NA,2,3,2,3,2,2,3,2,3,3,4,1,NA,3,4,3,1,4,1 2,1,1,0,0,0,NA,3,NA,1,0,0,1,1,0,0,0,1,1,0,NA,2,2,1,1,4,2,1,1,3,2,3,3,2,2,3,1,2,3,1 5,1,0,0,0,1,0,0,0,0,0,0,2,2,3,2,2,2,1,1,1,4,8,1,2,4,3,2,3,4,4,2,4,4,4,0,0,0,1,0,0,0,NA,0,NA,NA,NA,NA,NA,NA,NA,NA,NA,4,0,0,0,1,0,0,0,0,0,NA,27,NA,9840,No,uuid:a16905e2-6313-42de-9c62-e4d125a04378,2512040829,uuid:a16905e2-6313-42de-9c62-e4d125a04378,NA,NA,NA,NA,NA,NA,NA,NA,NA,NA
102592,S0412070992,OROMIA,Shawaa Bahaa,dugdaa,wayyoo sad.1ffaa,Rural,"12/6/2025, 5:40:43 AM","12/5/2025, 12:50:38 PM","12/6/2025, 5:26:09 AM",12/5/2025,72ea367b009c6cb8,1,T15802,NA,male,1 2 3 4,1,1,1,1,0,0,0,0,0,2,0,1,0,0,NA,4,NA,5,NA,1,NA,2011,2014,2,1,1,3,5,0,0,0,0,1,0,0,NA,1,NA,2,0,1,0,0,0,0,0,NA,1,1 3,1,0,1,0,0,0,NA,4 5,0,0,0,1,1,0,0,0,0,0,NA,5 7,0,0,0,0,1,0,1,0,0,0,NA,2 3,0,1,1,0,0,0,0,0,0,0,NA,2,2,2,2,2,2,1,1,3 4 6 7 11,0,0,1,1,0,1,1,0,0,0,1,0,0,NA,4,3,NA,5,0,0,0,0,1,0,0,0,0,0,0,0,0,NA,3,4,3,4,3,3,3,3,3,4,5,4,5,5,5,5,1,1,1,2 5,0,1,0,0,1,0,0,0,NA,4,4,4,4,4,4,4,4,4,4,4,1,NA,1,1,1,1,1,2,0,1,0,0,0,NA,3,NA,0,0,0,0,0,0,0,1,0,0,0,NA,3,1,1,1,3,1,1,1,3,2,3,3,2,3,3,3,3,3,4 9,0,0,0,1,0,0,0,0,1,0,0,1,1,1,1,1,3,1,3,3,1,10,3,3,3,1,3,3,3,3,3,3,3,4,0,0,0,1,0,0,0,NA,1,3,3,3,1,3,3,1,3,Nothing,4,0,0,0,1,0,0,0,0,0,NA,32,NA,11400,Nothing,uuid:ef235d8a-42ef-44d9-8649-4734dccdb52c,2512030649,uuid:ef235d8a-42ef-44d9-8649-4734dccdb52c,NA,NA,NA,NA,NA,NA,NA,NA,NA,NA
102592,S0412070992,OROMIA,Shawaa Bahaa,dugdaa,wayyoo sad.1ffaa,Rural,"12/6/2025, 5:40:43 AM","12/5/2025, 1:48:43 PM","12/6/2025, 5:30:35 AM",12/5/2025,72ea367b009c6cb8,1,T15803,NA,female,1 2,1,1,0,0,0,0,0,0,0,3,0,0,1,0,NA,3,NA,5,NA,0,NA,2006,2008,2,1,1,3,5,0,0,0,0,1,0,0,NA,1,NA,2 5,0,1,0,0,1,0,0,NA,1,1 3,1,0,1,0,0,0,NA,4 5,0,0,0,1,1,0,0,0,0,0,NA,4 8,0,0,0,1,0,0,0,1,0,0,NA,2 3,0,1,1,0,0,0,0,0,0,0,NA,4,2,2,2,1,2,2,1,4 8 9,0,0,0,1,0,0,0,1,1,0,0,0,0,NA,4,2,NA,9,0,0,0,0,0,0,0,0,1,0,0,0,0,NA,3,3,3,3,3,3,4,3,3,3,4,4,4,5,5,4,1,1,1,2 5,0,1,0,0,1,0,0,0,NA,3,3,3,3,3,3,4,4,1,4,4,1,NA,4,4,4,4,4,1 2,1,1,0,0,0,NA,3,NA,1,1,0,1,0,0,0,1,1,0,0,NA,3,3,1,1,4,1,1,2,2,2,2,2,2,2,2,2,2,2,1 2,1,1,0,0,0,0,0,0,0,0,0,2,2,3,3,1,3,4,3,3,1,10,3,3,1,1,3,3,3,3,3,3,3,2 4,0,1,0,1,0,0,0,NA,1,3,3,3,1,1,3,3,3,Nothing,4,0,0,0,1,0,0,0,0,0,NA,32,NA,14900,Nothing,uuid:f3e65336-5318-482f-be6a-2e733890a0f1,2512030649,uuid:f3e65336-5318-482f-be6a-2e733890a0f1,NA,NA,NA,NA,NA,NA,NA,NA,NA,NA
102592,S0412070992,OROMIA,Shawaa Bahaa,dugdaa,wayyoo sad.1ffaa,Rural,"12/6/2025, 7:54:03 AM","12/5/2025, 12:54:25 PM","12/6/2025, 3:36:45 AM",12/5/2025,511b83623529c852,1,T15801,NA,male,7 8,0,0,0,0,0,0,1,1,0,97,0,0,0,1,Sayinsii Hawaasaa,4,NA,5,NA,1,NA,2005,2017,4,1,3,3,2,0,1,0,0,0,0,0,NA,1,NA,2 3,0,1,1,0,0,0,0,NA,1,3,0,0,1,0,0,0,NA,4 8,0,0,0,1,0,0,0,1,0,0,NA,2 6,0,1,0,0,0,1,0,0,0,0,NA,2 4,0,1,0,1,0,0,0,0,0,0,NA,4,4,2,3,1,3,1,1,2 3 4 5,0,1,1,1,1,0,0,0,0,0,0,0,0,NA,4,5,NA,4 9,0,0,0,1,0,0,0,0,1,0,0,0,0,NA,2,3,3,3,3,4,4,2,4,4,5,3,2,5,5,3,2,3,1,5,0,0,0,0,1,0,0,0,NA,2,4,2,4,2,2,2,4,2,4,4,4,NA,3,4,3,1,3,2,0,1,0,0,0,NA,2,NA,1,0,0,0,0,1,1,0,1,1,0,NA,2,3,1,1,3,1,1,1,1,2,2,3,2,3,1,1,3,3,2 10,0,1,0,0,0,0,0,0,0,1,0,3,1,3,3,3,1,1,1,1,4,9,1,3,4,2,3,2,4,4,2,4,3,2,0,1,0,0,0,0,0,NA,1,3,3,3,2,2,2,1,1,No,1 4,1,0,0,1,0,0,0,0,0,NA,33,NA,13000,No,uuid:421b49df-e7a5-483d-bef3-b1bd917957bc,2512040829,uuid:421b49df-e7a5-483d-bef3-b1bd917957bc,NA,NA,NA,NA,NA,NA,NA,NA,NA,NA
102904,S0412100322,OROMIA,Shawaa Bahaa,liiban cuqqaalaa,dolooloo jilaa,Rural,"12/10/2025, 5:33:28 AM","12/9/2025, 8:59:26 AM","12/10/2025, 5:28:34 AM",12/9/2025,72ea367b009c6cb8,1,T19301,NA,female,1 2 3 4,1,1,1,1,0,0,0,0,0,1,1,0,0,0,NA,3,NA,2,NA,1,NA,2006,2012,3,0,NA,NA,5,0,0,0,0,1,0,0,NA,1,NA,6,0,0,0,0,0,1,0,NA,1,1 3,1,0,1,0,0,0,NA,4,0,0,0,1,0,0,0,0,0,0,NA,2 4,0,1,0,1,0,0,0,0,0,0,NA,2 3,0,1,1,0,0,0,0,0,0,0,NA,2,2,2,2,2,2,2,1,4 6 7,0,0,0,1,0,1,1,0,0,0,0,0,0,NA,3,2,NA,97,0,0,0,0,0,0,0,0,0,0,0,1,0,Material,3,3,3,3,3,3,4,3,3,3,5,4,2,5,5,4,3,1,1,2 5,0,1,0,0,1,0,0,0,NA,2,3,3,3,3,3,4,3,3,3,3,4,NA,3,3,3,3,3,2,0,1,0,0,0,NA,4,NA,0,0,0,1,0,1,0,1,1,0,0,NA,3,3,1,1,4,1,1,1,2,3,3,3,3,3,3,1,3,3,7 10,0,0,0,0,0,0,1,0,0,1,0,2,3,2,3,1,2,1,1,3,1,10,3,3,3,1,3,3,3,3,3,3,3,4,0,0,0,1,0,0,0,NA,1,3,3,3,1,3,3,3,3,Nothing,4,0,0,0,1,0,0,0,0,0,NA,30,NA,10637,Lack of training,uuid:232e977f-1950-45a2-a1ef-c586676c17bd,2512030649,uuid:232e977f-1950-45a2-a1ef-c586676c17bd,NA,NA,NA,NA,NA,NA,NA,NA,NA,NA
102904,S0412100322,OROMIA,Shawaa Bahaa,liiban cuqqaalaa,dolooloo jilaa,Rural,"12/10/2025, 5:33:28 AM","12/9/2025, 10:00:50 AM","12/10/2025, 5:31:19 AM",12/9/2025,72ea367b009c6cb8,1,T19302,NA,female,3 4,0,0,1,1,0,0,0,0,0,1,1,0,0,0,NA,3,NA,2,NA,1,NA,2006,2012,3,0,NA,NA,1,1,0,0,0,0,0,0,NA,1,NA,6,0,0,0,0,0,1,0,NA,0,NA,NA,NA,NA,NA,NA,NA,NA,NA,NA,NA,NA,NA,NA,NA,NA,NA,NA,NA,NA,4 8,0,0,0,1,0,0,0,1,0,0,NA,2 7,0,1,0,0,0,0,1,0,0,0,NA,3,3,2,3,2,2,1,1,4 8 9,0,0,0,1,0,0,0,1,1,0,0,0,0,NA,4,3,NA,9,0,0,0,0,0,0,0,0,1,0,0,0,0,NA,4,4,4,3,3,3,4,4,4,4,5,5,5,5,5,5,1,1,1,2 5,0,1,0,0,1,0,0,0,NA,3,3,3,3,3,3,4,4,4,4,4,1,NA,4,4,4,4,4,2,0,1,0,0,0,NA,3,NA,0,0,0,1,0,0,0,1,1,0,0,NA,3,1,1,1,3,1,1,3,1,2,3,3,3,3,3,3,3,3,8 9,0,0,0,0,0,0,0,1,1,0,0,1,1,3,3,1,3,1,3,3,1,10,3,3,3,3,3,3,3,3,3,3,4,2,0,1,0,0,0,0,0,NA,1,3,3,3,1,1,3,3,3,Nothing,4,0,0,0,1,0,0,0,0,0,NA,30,NA,10600,Nothing,uuid:cc9b4023-5417-4c61-8fff-0e46510c60b4,2512030649,uuid:cc9b4023-5417-4c61-8fff-0e46510c60b4,NA,NA,NA,NA,NA,NA,NA,NA,NA,NA
102904,S0412100322,OROMIA,Shawaa Bahaa,liiban cuqqaalaa,dolooloo jilaa,Rural,"12/10/2025, 5:33:29 AM","12/9/2025, 11:41:06 AM","12/10/2025, 5:29:26 AM",12/9/2025,72ea367b009c6cb8,1,T19303,NA,female,6 7,0,0,0,0,0,1,1,0,0,3,0,0,1,0,NA,3,NA,2,NA,1,NA,2006,2016,2,0,NA,NA,5,0,0,0,0,1,0,0,NA,1,NA,6,0,0,0,0,0,1,0,NA,1,1 3,1,0,1,0,0,0,NA,4,0,0,0,1,0,0,0,0,0,0,NA,4 8,0,0,0,1,0,0,0,1,0,0,NA,2 4,0,1,0,1,0,0,0,0,0,0,NA,3,3,3,3,1,1,2,2,2 4 9,0,1,0,1,0,0,0,0,1,0,0,0,0,NA,3,2,NA,5,0,0,0,0,1,0,0,0,0,0,0,0,0,NA,3,3,3,3,3,3,3,3,3,4,5,4,4,4,4,4,1,1,1,2 5,0,1,0,0,1,0,0,0,NA,4,3,3,3,3,3,3,3,3,3,3,1,NA,4,4,4,4,4,2,0,1,0,0,0,NA,4,NA,1,1,0,1,0,1,0,1,1,0,0,NA,1,3,1,1,4,1,1,1,1,2,3,3,2,2,2,3,3,3,1 10,1,0,0,0,0,0,0,0,0,1,0,3,1,3,3,2,3,1,1,2,1,10,1,4,4,4,3,1,3,3,3,3,4,4,0,0,0,1,0,0,0,NA,1,1,1,3,1,1,3,3,3,Nothing,4,0,0,0,1,0,0,0,0,0,NA,29,NA,10700,salary,uuid:7c11a426-c142-447b-9de4-feae6d564d2b,2512030649,uuid:7c11a426-c142-447b-9de4-feae6d564d2b,NA,NA,NA,NA,NA,NA,NA,NA,NA,NA
102904,S0412100322,OROMIA,Shawaa Bahaa,liiban cuqqaalaa,dolooloo jilaa,Rural,"12/10/2025, 10:28:53 AM","12/9/2025, 8:59:26 AM","12/10/2025, 10:26:25 AM",12/9/2025,72ea367b009c6cb8,1,T19301,NA,female,1 2 3 4,1,1,1,1,0,0,0,0,0,1,1,0,0,0,NA,3,NA,2,NA,1,NA,2006,2012,3,0,NA,NA,5,0,0,0,0,1,0,0,NA,1,NA,6,0,0,0,0,0,1,0,NA,1,1 3,1,0,1,0,0,0,NA,4,0,0,0,1,0,0,0,0,0,0,NA,2 4,0,1,0,1,0,0,0,0,0,0,NA,2 3,0,1,1,0,0,0,0,0,0,0,NA,2,2,2,2,2,2,2,1,4 6 7,0,0,0,1,0,1,1,0,0,0,0,0,0,NA,3,2,NA,97,0,0,0,0,0,0,0,0,0,0,0,1,0,Material,3,3,3,3,3,3,4,3,3,3,5,4,2,5,5,4,3,1,1,2 5,0,1,0,0,1,0,0,0,NA,2,3,3,3,3,3,4,3,3,3,3,4,NA,3,3,3,3,3,2,0,1,0,0,0,NA,4,NA,0,0,0,1,0,1,0,1,1,0,0,NA,3,3,1,1,4,1,1,1,2,3,3,3,3,3,3,1,3,3,7 10,0,0,0,0,0,0,1,0,0,1,0,2,3,2,3,1,2,1,1,3,1,10,3,3,3,1,3,3,3,3,3,3,3,4,0,0,0,1,0,0,0,NA,1,3,3,3,1,3,3,3,3,Nothing,4,0,0,0,1,0,0,0,0,0,NA,30,NA,10637,Lack of training,uuid:14dafa13-1b59-4448-a805-f4f2a22a9929,2512030649,uuid:14dafa13-1b59-4448-a805-f4f2a22a9929,NA,NA,NA,NA,NA,NA,NA,NA,NA,NA
102904,S0412100322,OROMIA,Shawaa Bahaa,liiban cuqqaalaa,dolooloo jilaa,Rural,"12/10/2025, 10:28:53 AM","12/9/2025, 10:00:50 AM","12/10/2025, 10:26:00 AM",12/9/2025,72ea367b009c6cb8,1,T19302,NA,female,3 4,0,0,1,1,0,0,0,0,0,1,1,0,0,0,NA,3,NA,2,NA,1,NA,2006,2012,3,0,NA,NA,1,1,0,0,0,0,0,0,NA,1,NA,6,0,0,0,0,0,1,0,NA,0,NA,NA,NA,NA,NA,NA,NA,NA,NA,NA,NA,NA,NA,NA,NA,NA,NA,NA,NA,NA,4 8,0,0,0,1,0,0,0,1,0,0,NA,2 7,0,1,0,0,0,0,1,0,0,0,NA,3,3,2,3,2,2,1,1,4 8 9,0,0,0,1,0,0,0,1,1,0,0,0,0,NA,4,3,NA,9,0,0,0,0,0,0,0,0,1,0,0,0,0,NA,4,4,4,3,3,3,4,4,4,4,5,5,5,5,5,5,1,1,1,2 5,0,1,0,0,1,0,0,0,NA,3,3,3,3,3,3,4,4,4,4,4,1,NA,4,4,4,4,4,2,0,1,0,0,0,NA,3,NA,0,0,0,1,0,0,0,1,1,0,0,NA,3,1,1,1,3,1,1,3,1,2,3,3,3,3,3,3,3,3,8 9,0,0,0,0,0,0,0,1,1,0,0,1,1,3,3,1,3,1,3,3,1,10,3,3,3,3,3,3,3,3,3,3,4,2,0,1,0,0,0,0,0,NA,1,3,3,3,1,1,3,3,3,Nothing,4,0,0,0,1,0,0,0,0,0,NA,30,NA,10600,Nothing,uuid:6dd2744a-87f7-41cd-ad4a-e77079e55aec,2512030649,uuid:6dd2744a-87f7-41cd-ad4a-e77079e55aec,NA,NA,NA,NA,NA,NA,NA,NA,NA,NA
102904,S0412100322,OROMIA,Shawaa Bahaa,liiban cuqqaalaa,dolooloo jilaa,Rural,"12/10/2025, 10:28:54 AM","12/9/2025, 11:41:06 AM","12/10/2025, 10:26:35 AM",12/9/2025,72ea367b009c6cb8,1,T19303,NA,female,6 7,0,0,0,0,0,1,1,0,0,3,0,0,1,0,NA,3,NA,2,NA,1,NA,2006,2016,2,0,NA,NA,5,0,0,0,0,1,0,0,NA,1,NA,6,0,0,0,0,0,1,0,NA,1,1 3,1,0,1,0,0,0,NA,4,0,0,0,1,0,0,0,0,0,0,NA,4 8,0,0,0,1,0,0,0,1,0,0,NA,2 4,0,1,0,1,0,0,0,0,0,0,NA,3,3,3,3,1,1,2,2,2 4 9,0,1,0,1,0,0,0,0,1,0,0,0,0,NA,3,2,NA,5,0,0,0,0,1,0,0,0,0,0,0,0,0,NA,3,3,3,3,3,3,3,3,3,4,5,4,4,4,4,4,1,1,1,2 5,0,1,0,0,1,0,0,0,NA,4,3,3,3,3,3,3,3,3,3,3,1,NA,4,4,4,4,4,2,0,1,0,0,0,NA,4,NA,1,1,0,1,0,1,0,1,1,0,0,NA,1,3,1,1,4,1,1,1,1,2,3,3,2,2,2,3,3,3,1 10,1,0,0,0,0,0,0,0,0,1,0,3,1,3,3,2,3,1,1,2,1,10,1,4,4,4,3,1,3,3,3,3,4,4,0,0,0,1,0,0,0,NA,1,1,1,3,1,1,3,3,3,Nothing,4,0,0,0,1,0,0,0,0,0,NA,29,NA,10700,salary,uuid:87c05d5b-3e80-4e32-b84c-6069bd70bc68,2512030649,uuid:87c05d5b-3e80-4e32-b84c-6069bd70bc68,NA,NA,NA,NA,NA,NA,NA,NA,NA,NA
805094,S0413010402,OROMIA,Shawaa Kaabaa,abbichuuf nya'aa,abdallaa mahaagil,Rural,"12/17/2025, 8:30:09 PM","12/17/2025, 11:12:14 AM","12/17/2025, 8:21:47 PM",12/17/2025,511b83623529c852,1,T10601,NA,female,4,0,0,0,1,0,0,0,0,0,1,1,0,0,0,NA,6,NA,5,NA,0,NA,2007,2007,1,1,4,3,5,0,0,0,0,1,0,0,NA,1,NA,2 6,0,1,0,0,0,1,0,NA,1,3,0,0,1,0,0,0,NA,1 2 3 4 5 6 7,1,1,1,1,1,1,1,0,0,0,NA,4 6,0,0,0,1,0,1,0,0,0,0,NA,4 6,0,0,0,1,0,1,0,0,0,0,NA,3,2,2,3,1,1,1,3,6 7 8 9,0,0,0,0,0,1,1,1,1,0,0,0,0,NA,4,2,NA,2 3 4 9 10,0,1,1,1,0,0,0,0,1,1,0,0,0,NA,3,3,4,3,2,3,4,2,2,3,3,4,3,3,5,3,2,2,1,2 5,0,1,0,0,1,0,0,0,NA,2,3,3,3,2,1,2,3,2,3,2,4,NA,2,4,1,2,3,2,0,1,0,0,0,NA,2,NA,0,0,0,1,0,1,1,1,1,1,0,NA,1,1,1,1,4,1,1,3,3,2,3,3,2,3,3,2,3,3,1 2,1,1,0,0,0,0,0,0,0,0,0,2,1,2,3,1,4,1,2,2,1,9,1,4,2,3,2,2,4,3,2,4,4,4,0,0,0,1,0,0,0,NA,1,3,2,3,2,1,2,3,3,No,4 6,0,0,0,1,0,1,0,0,0,NA,33,NA,11385,No,uuid:d581c42d-8b22-488c-bb02-38cf1db42964,2512142209,uuid:d581c42d-8b22-488c-bb02-38cf1db42964,NA,NA,NA,NA,NA,NA,NA,NA,NA,NA
805094,S0413010402,OROMIA,Shawaa Kaabaa,abbichuuf nya'aa,abdallaa mahaagil,Rural,"12/17/2025, 10:27:01 PM","12/17/2025, 11:00:34 AM","12/17/2025, 10:28:44 PM",12/17/2025,72ea367b009c6cb8,1,T10602,NA,male,7 8,0,0,0,0,0,0,1,1,0,3,0,0,1,0,NA,1,NA,5,NA,1,NA,2015,2015,1,1,3,3,5,0,0,0,0,1,0,0,NA,1,NA,2,0,1,0,0,0,0,0,NA,1,1 3,1,0,1,0,0,0,NA,3 4,0,0,1,1,0,0,0,0,0,0,NA,4 5,0,0,0,1,1,0,0,0,0,0,NA,2 5,0,1,0,0,1,0,0,0,0,0,NA,3,3,3,3,2,2,2,2,4 7 8 9 11,0,0,0,1,0,0,1,1,1,0,1,0,0,NA,4,2,NA,5,0,0,0,0,1,0,0,0,0,0,0,0,0,NA,4,3,3,4,3,3,3,3,3,4,5,4,5,4,5,4,1,1,1,1 2 5,1,1,0,0,1,0,0,0,NA,3,3,3,3,3,3,4,4,4,4,4,4,NA,4,4,4,4,4,1 2,1,1,0,0,0,NA,1,NA,0,0,0,1,0,1,0,1,1,0,0,NA,1,1,1,1,4,1,1,3,3,3,3,3,3,3,3,3,3,3,1 4,1,0,0,1,0,0,0,0,0,0,0,1,1,1,1,1,4,1,3,3,1,8,1,4,4,3,3,2,4,4,4,4,4,4,0,0,0,1,0,0,0,NA,1,3,3,3,1,3,3,3,3,Nothing,4,0,0,0,1,0,0,0,0,0,NA,29,NA,10001,Nothing,uuid:baf71607-10e1-4e4e-9055-3f39a946ee15,2512030649,uuid:baf71607-10e1-4e4e-9055-3f39a946ee15,NA,NA,NA,NA,NA,NA,NA,NA,NA,NA
805094,S0413010402,OROMIA,Shawaa Kaabaa,abbichuuf nya'aa,abdallaa mahaagil,Rural,"12/17/2025, 10:27:01 PM","12/17/2025, 11:41:22 AM","12/17/2025, 10:29:03 PM",12/17/2025,72ea367b009c6cb8,1,T10603,NA,female,2 3 4,0,1,1,1,0,0,0,0,0,2,0,1,0,0,NA,3,NA,2,NA,1,NA,2010,2011,2,1,2,2,5,0,0,0,0,1,0,0,NA,1,NA,6,0,0,0,0,0,1,0,NA,1,1 3,1,0,1,0,0,0,NA,2 3 4,0,1,1,1,0,0,0,0,0,0,NA,2 5,0,1,0,0,1,0,0,0,0,0,NA,2 4,0,1,0,1,0,0,0,0,0,0,NA,2,2,1,2,2,2,1,1,4 7 8 9 11,0,0,0,1,0,0,1,1,1,0,1,0,0,NA,4,2,NA,97,0,0,0,0,0,0,0,0,0,0,0,1,0,Qabbiyye fi yero gubbu,4,3,3,3,3,3,4,3,3,4,5,4,2,4,5,4,2,1,1,1 2 5,1,1,0,0,1,0,0,0,NA,3,3,3,3,3,2,4,4,4,4,4,4,NA,4,4,4,4,4,1 2,1,1,0,0,0,NA,1,NA,1,0,1,1,1,1,0,1,1,1,0,NA,3,3,1,1,4,1,3,1,1,2,1,1,2,2,2,2,2,1,1 4,1,0,0,1,0,0,0,0,0,0,0,3,2,2,2,1,2,1,2,2,1,7,1,1,4,1,4,4,3,3,1,3,3,4,0,0,0,1,0,0,0,NA,1,1,3,3,1,2,2,3,3,Nothing,4,0,0,0,1,0,0,0,0,0,NA,30,NA,10000,Nothing,uuid:0a7c6078-f034-4e5d-a43c-a24d2295a181,2512030649,uuid:0a7c6078-f034-4e5d-a43c-a24d2295a181,NA,NA,NA,NA,NA,NA,NA,NA,NA,NA
805332,S0413040042,OROMIA,Shawaa Kaabaa,dabra libaanoos,xaree qachaa,Rural,"12/19/2025, 9:10:36 PM","12/19/2025, 9:24:29 AM","12/19/2025, 8:54:51 PM",12/19/2025,511b83623529c852,1,T35703,NA,male,3,0,0,1,0,0,0,0,0,0,1,1,0,0,0,NA,6,NA,2,NA,1,NA,1998,2017,5,1,3,3,5,0,0,0,0,1,0,0,NA,1,NA,2 4 6,0,1,0,1,0,1,0,NA,1,1 2 3,1,1,1,0,0,0,NA,2 4 7,0,1,0,1,0,0,1,0,0,0,NA,2 6,0,1,0,0,0,1,0,0,0,0,NA,4 5,0,0,0,1,1,0,0,0,0,0,NA,2,3,3,3,1,1,1,3,5 7 8 10,0,0,0,0,1,0,1,1,0,1,0,0,0,NA,4,2,NA,3 4 5 8,0,0,1,1,1,0,0,1,0,0,0,0,0,NA,3,2,2,3,3,2,4,1,2,4,5,4,2,4,5,5,2,2,2,5,0,0,0,0,1,0,0,0,NA,3,3,2,2,3,1,3,3,4,3,3,4,NA,4,3,3,3,2,2 3,0,1,1,0,0,NA,3,NA,0,1,0,1,0,0,1,1,0,0,0,NA,1,1,2,4,4,1,1,1,1,2,2,2,2,2,1,1,1,2,5 6,0,0,0,0,1,1,0,0,0,0,0,4,3,2,3,2,3,3,3,3,1,7,2,2,3,3,2,1,4,3,3,3,3,4,0,0,0,1,0,0,0,NA,0,NA,NA,NA,NA,NA,NA,NA,NA,NA,2,0,1,0,0,0,0,0,0,0,NA,45,NA,12030,No,uuid:dd1f3470-1bd6-47dc-af9c-5305600d136c,2512142209,uuid:dd1f3470-1bd6-47dc-af9c-5305600d136c,NA,NA,NA,NA,NA,NA,NA,NA,NA,NA
805332,S0413040042,OROMIA,Shawaa Kaabaa,dabra libaanoos,xaree qachaa,Rural,"12/20/2025, 6:03:18 AM","12/19/2025, 9:26:31 AM","12/20/2025, 6:05:14 AM",12/19/2025,72ea367b009c6cb8,1,T35701,NA,female,1 2 3 4,1,1,1,1,0,0,0,0,0,3,0,0,1,0,NA,4,NA,2,NA,1,NA,2005,2009,3,0,NA,NA,1,1,0,0,0,0,0,0,NA,1,NA,6,0,0,0,0,0,1,0,NA,0,NA,NA,NA,NA,NA,NA,NA,NA,NA,NA,NA,NA,NA,NA,NA,NA,NA,NA,NA,NA,4 5,0,0,0,1,1,0,0,0,0,0,NA,4 5,0,0,0,1,1,0,0,0,0,0,NA,3,3,3,3,2,2,2,2,4 7 8 9 11,0,0,0,1,0,0,1,1,1,0,1,0,0,NA,4,2,NA,9 10,0,0,0,0,0,0,0,0,1,1,0,0,0,NA,2,2,2,2,3,3,3,2,3,3,5,4,3,5,5,4,2,1,1,1 2 5,1,1,0,0,1,0,0,0,NA,3,3,2,2,2,3,4,4,3,4,3,2,NA,3,3,3,3,3,1 2,1,1,0,0,0,NA,3,NA,1,0,0,1,1,1,0,1,1,0,0,NA,3,2,1,2,3,1,2,2,2,2,3,1,2,2,3,3,2,2,2 11,0,1,0,0,0,0,0,0,0,0,1,3,1,3,2,1,3,1,3,3,1,7,3,3,3,3,3,3,3,3,3,3,3,4,0,0,0,1,0,0,0,NA,1,1,3,3,1,1,3,1,3,Nothing,4,0,0,0,1,0,0,0,0,0,NA,32,NA,12300,Nothing,uuid:a8b23c2e-b423-42db-a6c0-161b77cb60d4,2512142209,uuid:a8b23c2e-b423-42db-a6c0-161b77cb60d4,NA,NA,NA,NA,NA,NA,NA,NA,NA,NA
805332,S0413040042,OROMIA,Shawaa Kaabaa,dabra libaanoos,xaree qachaa,Rural,"12/20/2025, 6:03:18 AM","12/19/2025, 11:13:49 AM","12/20/2025, 6:03:16 AM",12/19/2025,72ea367b009c6cb8,1,T35702,NA,female,6 7 8,0,0,0,0,0,1,1,1,0,3,0,0,1,0,NA,6,NA,2,NA,1,NA,2002,2005,2,0,NA,NA,1,1,0,0,0,0,0,0,NA,1,NA,6,0,0,0,0,0,1,0,NA,1,1 3,1,0,1,0,0,0,NA,3 4 5,0,0,1,1,1,0,0,0,0,0,NA,4 5,0,0,0,1,1,0,0,0,0,0,NA,2 4,0,1,0,1,0,0,0,0,0,0,NA,2,3,3,3,2,2,2,2,4 7 8 9 11,0,0,0,1,0,0,1,1,1,0,1,0,0,NA,4,2,NA,5 6 9,0,0,0,0,1,1,0,0,1,0,0,0,0,NA,3,3,3,3,3,3,3,3,3,3,4,4,4,4,4,4,2,1,1,1 2 5,1,1,0,0,1,0,0,0,NA,3,3,3,3,3,3,3,3,3,3,3,2,NA,3,3,3,3,3,1 2,1,1,0,0,0,NA,3,NA,1,0,0,1,0,1,0,1,1,0,0,NA,2,3,1,1,4,3,3,1,1,2,1,1,2,2,3,3,2,3,8 11,0,0,0,0,0,0,0,1,0,0,1,3,1,3,1,1,3,1,2,2,1,7,3,2,4,3,3,3,3,3,3,3,3,4,0,0,0,1,0,0,0,NA,1,1,3,3,1,1,3,1,3,Nothing,4,0,0,0,1,0,0,0,0,0,NA,34,NA,12000,Nothing,uuid:faef4956-4052-47db-94f9-de361e219139,2512142209,uuid:faef4956-4052-47db-94f9-de361e219139,NA,NA,NA,NA,NA,NA,NA,NA,NA,NA
805949,S0413130232,OROMIA,Shawaa Kaabaa,waacaalee,muka xurii lakk 3,Urban,"12/18/2025, 9:24:28 PM","12/18/2025, 10:28:46 AM","12/18/2025, 9:20:26 PM",12/18/2025,72ea367b009c6cb8,1,T23201,NA,male,3 4,0,0,1,1,0,0,0,0,0,3,0,0,1,0,NA,7,NA,5,NA,1,NA,1990,2003,4,1,1,2,5,0,0,0,0,1,0,0,NA,1,NA,5 6,0,0,0,0,1,1,0,NA,1,2 3,0,1,1,0,0,0,NA,3 4,0,0,1,1,0,0,0,0,0,0,NA,4 5,0,0,0,1,1,0,0,0,0,0,NA,4 5,0,0,0,1,1,0,0,0,0,0,NA,2,3,3,3,2,2,2,2,4 7 8 9 11,0,0,0,1,0,0,1,1,1,0,1,0,0,NA,4,2,NA,97,0,0,0,0,0,0,0,0,0,0,0,1,0,Time,4,3,4,3,4,4,4,4,4,4,5,5,5,5,5,5,2,1,1,1 2 5,1,1,0,0,1,0,0,0,NA,3,3,3,3,3,3,4,4,4,4,4,2,NA,2,2,2,3,2,1 2,1,1,0,0,0,NA,2,NA,0,0,0,1,0,0,0,1,1,0,0,NA,1,1,1,1,4,1,1,3,3,2,1,1,2,2,3,3,3,1,1 5,1,0,0,0,1,0,0,0,0,0,0,3,1,3,3,2,4,1,2,2,1,8,2,4,1,4,4,3,3,3,3,3,3,4,0,0,0,1,0,0,0,NA,1,3,3,3,1,3,3,3,3,Training,4,0,0,0,1,0,0,0,0,0,NA,51,NA,23000,Nothing,uuid:456bb439-d482-42fe-9e0a-04787a59323c,2512111014,uuid:456bb439-d482-42fe-9e0a-04787a59323c,NA,NA,NA,NA,NA,NA,NA,NA,NA,NA
805949,S0413130232,OROMIA,Shawaa Kaabaa,waacaalee,muka xurii lakk 3,Urban,"12/18/2025, 9:24:29 PM","12/18/2025, 11:14:04 AM","12/18/2025, 9:21:38 PM",12/18/2025,72ea367b009c6cb8,1,T23202,NA,female,5 6 7 8,0,0,0,0,1,1,1,1,0,1,1,0,0,0,NA,5,NA,2,NA,1,NA,2005,2014,3,0,NA,NA,5,0,0,0,0,1,0,0,NA,1,NA,5 6,0,0,0,0,1,1,0,NA,1,1 3,1,0,1,0,0,0,NA,3 4,0,0,1,1,0,0,0,0,0,0,NA,4 5,0,0,0,1,1,0,0,0,0,0,NA,4 5,0,0,0,1,1,0,0,0,0,0,NA,3,2,2,2,1,1,1,1,7 8 9 11,0,0,0,0,0,0,1,1,1,0,1,0,0,NA,4,2,NA,9 97,0,0,0,0,0,0,0,0,1,0,0,1,0,Time,4,3,4,2,4,4,4,3,3,4,5,5,4,4,4,4,2,1,1,1 2 5,1,1,0,0,1,0,0,0,NA,4,4,4,4,3,3,4,4,4,4,2,1,NA,3,3,3,3,3,1 2,1,1,0,0,0,NA,2,NA,1,0,0,1,1,0,1,1,1,1,0,NA,3,3,1,1,4,1,1,1,1,1,1,1,1,1,2,2,1,2,8 11,0,0,0,0,0,0,0,1,0,0,1,3,3,2,3,3,2,1,2,2,1,7,1,4,1,3,4,3,4,4,4,4,4,4,0,0,0,1,0,0,0,NA,0,NA,NA,NA,NA,NA,NA,NA,NA,NA,4,0,0,0,1,0,0,0,0,0,NA,36,NA,12472,Nothing,uuid:226e55a7-1748-47ad-b146-9f9046d4af23,2512111014,uuid:226e55a7-1748-47ad-b146-9f9046d4af23,NA,NA,NA,NA,NA,NA,NA,NA,NA,NA
805949,S0413130232,OROMIA,Shawaa Kaabaa,waacaalee,muka xurii lakk 3,Urban,"12/18/2025, 10:16:16 PM","12/18/2025, 10:53:32 AM","12/18/2025, 7:30:02 PM",12/18/2025,511b83623529c852,1,T23203,NA,male,3,0,0,1,0,0,0,0,0,0,2,0,1,0,0,NA,6,NA,5,NA,1,NA,2000,2016,5,1,3,2,5,0,0,0,0,1,0,0,NA,1,NA,2 6,0,1,0,0,0,1,0,NA,1,1 2 3 4 5,1,1,1,1,1,0,NA,1 2 3 4 5 6 7 8,1,1,1,1,1,1,1,1,0,0,NA,2 6,0,1,0,0,0,1,0,0,0,0,NA,5 6,0,0,0,0,1,1,0,0,0,0,NA,4,3,3,3,1,1,1,1,8 9 10,0,0,0,0,0,0,0,1,1,1,0,0,0,NA,4,2,NA,1 2 3 4 9,1,1,1,1,0,0,0,0,1,0,0,0,0,NA,4,3,4,3,4,4,3,2,3,4,2,4,4,4,5,3,1,1,1,5,0,0,0,0,1,0,0,0,NA,2,3,2,2,2,1,2,3,2,3,3,4,NA,2,3,2,1,3,2 3,0,1,1,0,0,NA,3,NA,1,0,0,1,1,1,1,0,1,0,0,NA,1,2,2,1,4,3,3,3,2,2,1,3,2,2,3,3,1,3,1 6,1,0,0,0,0,1,0,0,0,0,0,3,1,3,2,3,3,2,2,2,1,8,2,4,3,3,2,3,4,4,3,4,4,2,0,1,0,0,0,0,0,NA,0,NA,NA,NA,NA,NA,NA,NA,NA,NA,2,0,1,0,0,0,0,0,0,0,NA,38,NA,15011,No,uuid:2895db60-9df5-4b2c-91aa-d19d2d630390,2512142209,uuid:2895db60-9df5-4b2c-91aa-d19d2d630390,NA,NA,NA,NA,NA,NA,NA,NA,NA,NA
806059,S0413150852,OROMIA,Shawaa Kaabaa,b/m/caancoo,caancoo lakk.2 (1-8),Urban,"12/21/2025, 8:09:04 PM","12/20/2025, 10:19:23 AM","12/21/2025, 8:09:21 PM",12/20/2025,72ea367b009c6cb8,1,T24701,NA,male,5 6 7 8,0,0,0,0,1,1,1,1,0,1,1,0,0,0,NA,6,NA,5,NA,1,NA,2001,2014,5,0,NA,NA,5,0,0,0,0,1,0,0,NA,1,NA,2 6,0,1,0,0,0,1,0,NA,1,1 3,1,0,1,0,0,0,NA,3 4,0,0,1,1,0,0,0,0,0,0,NA,4 5,0,0,0,1,1,0,0,0,0,0,NA,4 5,0,0,0,1,1,0,0,0,0,0,NA,4,4,2,3,2,2,2,2,4 7 8 9 11,0,0,0,1,0,0,1,1,1,0,1,0,0,NA,3,3,NA,97,0,0,0,0,0,0,0,0,0,0,0,1,0,Meshalle barenota,3,3,3,3,4,4,3,2,3,4,5,5,5,5,5,5,2,1,1,1 2 5,1,1,0,0,1,0,0,0,NA,3,3,3,3,2,3,4,4,4,4,4,1,NA,4,4,4,4,4,1 2,1,1,0,0,0,NA,2,NA,0,0,0,1,1,1,0,1,1,0,0,NA,3,3,1,1,4,1,2,1,2,2,2,1,2,2,2,2,2,2,1 2,1,1,0,0,0,0,0,0,0,0,0,4,2,2,3,1,4,1,3,3,1,8,1,4,1,4,4,2,3,3,3,3,3,4,0,0,0,1,0,0,0,NA,1,3,3,3,1,1,3,3,3,Nothing,4,0,0,0,1,0,0,0,0,0,NA,41,NA,14000,Xiyafanone kenema hin jirru baresisaf,uuid:44f30a8c-0570-4002-92cb-832be9d9887a,2512142209,uuid:44f30a8c-0570-4002-92cb-832be9d9887a,NA,NA,NA,NA,NA,NA,NA,NA,NA,NA
806059,S0413150852,OROMIA,Shawaa Kaabaa,b/m/caancoo,caancoo lakk.2 (1-8),Urban,"12/21/2025, 8:09:11 PM","12/20/2025, 10:48:50 AM","12/21/2025, 8:09:50 PM",12/20/2025,72ea367b009c6cb8,1,T24702,NA,male,1 2 3 4,1,1,1,1,0,0,0,0,0,2,0,1,0,0,NA,7,NA,5,NA,1,NA,1985,2001,6,0,NA,NA,5,0,0,0,0,1,0,0,NA,1,NA,6,0,0,0,0,0,1,0,NA,1,1 3,1,0,1,0,0,0,NA,3 4,0,0,1,1,0,0,0,0,0,0,NA,2 4,0,1,0,1,0,0,0,0,0,0,NA,2 4,0,1,0,1,0,0,0,0,0,0,NA,3,3,3,3,2,2,2,2,7 8 9 11,0,0,0,0,0,0,1,1,1,0,1,0,0,NA,3,2,NA,97,0,0,0,0,0,0,0,0,0,0,0,1,0,Karora guyya,4,3,4,3,3,3,4,4,4,4,5,5,5,5,5,5,1,1,1,1 2 5,1,1,0,0,1,0,0,0,NA,3,3,3,3,3,3,4,4,4,4,4,1,NA,2,4,3,3,3,1 2,1,1,0,0,0,NA,1,NA,0,0,0,1,0,0,0,1,1,0,0,NA,1,1,3,1,4,1,1,2,2,2,3,3,2,2,3,3,2,2,1 10,1,0,0,0,0,0,0,0,0,1,0,3,1,3,3,1,4,1,3,3,1,7,1,4,4,4,4,1,4,4,4,4,4,3,0,0,1,0,0,0,0,NA,0,NA,NA,NA,NA,NA,NA,NA,NA,NA,3 4,0,0,1,1,0,0,0,0,0,NA,54,NA,16700,Nothing,uuid:64c0ff76-6698-499a-ac44-3ce0d5852a64,2512142209,uuid:64c0ff76-6698-499a-ac44-3ce0d5852a64,NA,NA,NA,NA,NA,NA,NA,NA,NA,NA
806059,S0413150852,OROMIA,Shawaa Kaabaa,b/m/caancoo,caancoo lakk.2 (1-8),Urban,"12/21/2025, 8:09:14 PM","12/20/2025, 11:31:25 AM","12/21/2025, 8:10:23 PM",12/20/2025,72ea367b009c6cb8,1,T24703,NA,female,1 2 3 4,1,1,1,1,0,0,0,0,0,3,0,0,1,0,NA,6,NA,5,NA,1,NA,1999,2002,4,0,NA,NA,5,0,0,0,0,1,0,0,NA,1,NA,2 6,0,1,0,0,0,1,0,NA,1,1 3,1,0,1,0,0,0,NA,3 4,0,0,1,1,0,0,0,0,0,0,NA,4 5,0,0,0,1,1,0,0,0,0,0,NA,4 5,0,0,0,1,1,0,0,0,0,0,NA,2,3,3,3,2,2,2,2,4 7 8 9 11,0,0,0,1,0,0,1,1,1,0,1,0,0,NA,3,2,NA,9,0,0,0,0,0,0,0,0,1,0,0,0,0,NA,4,4,4,4,4,4,4,4,4,4,5,5,5,5,5,5,1,1,1,1 2 5,1,1,0,0,1,0,0,0,NA,3,3,3,3,3,3,4,4,4,4,4,1,NA,4,4,4,4,4,1 2,1,1,0,0,0,NA,1,NA,0,0,0,1,0,0,0,1,1,0,0,NA,1,1,1,1,4,1,1,2,2,2,2,2,2,2,3,3,3,3,1 2,1,1,0,0,0,0,0,0,0,0,0,3,1,3,4,1,4,1,3,3,1,8,1,4,1,4,4,2,4,4,4,4,4,4,0,0,0,1,0,0,0,NA,1,3,3,3,1,3,3,3,3,Nothing,3 4,0,0,1,1,0,0,0,0,0,NA,43,NA,14000,Nothing,uuid:89d069f1-5c8a-4231-be9c-cc0d4d63e1d8,2512142209,uuid:89d069f1-5c8a-4231-be9c-cc0d4d63e1d8,NA,NA,NA,NA,NA,NA,NA,NA,NA,NA
791665,S0413190212,OROMIA,Shawaa Kaabaa,barrak,hulluqqoo,Rural,"12/16/2025, 6:14:14 PM","12/15/2025, 3:16:20 PM","12/16/2025, 6:11:47 PM",12/15/2025,511b83623529c852,1,T12703,NA,female,3,0,0,1,0,0,0,0,0,0,1 2,1,1,0,0,NA,3,NA,5,NA,1,NA,2009,2016,3,1,3,3,5,0,0,0,0,1,0,0,NA,1,NA,2 6,0,1,0,0,0,1,0,NA,1,3,0,0,1,0,0,0,NA,2 3 4,0,1,1,1,0,0,0,0,0,0,NA,5 6,0,0,0,0,1,1,0,0,0,0,NA,4 6,0,0,0,1,0,1,0,0,0,0,NA,3,4,4,4,1,1,1,1,5 8 9,0,0,0,0,1,0,0,1,1,0,0,0,0,NA,4,2,NA,3 4 5 9,0,0,1,1,1,0,0,0,1,0,0,0,0,NA,3,2,3,3,3,3,3,2,2,4,4,3,2,5,5,2,2,1,1,1 2 5,1,1,0,0,1,0,0,0,NA,2,1,2,2,3,1,1,2,2,2,2,4,NA,2,1,2,4,4,2,0,1,0,0,0,NA,3,NA,0,0,1,1,1,0,0,1,1,0,0,NA,2,2,3,1,4,1,1,1,3,2,3,3,2,2,2,3,1,3,1 6,1,0,0,0,0,1,0,0,0,0,0,3,1,2,4,1,2,1,3,3,1,8,2,1,4,3,2,3,4,4,3,3,4,2 5,0,1,0,0,1,0,0,NA,0,NA,NA,NA,NA,NA,NA,NA,NA,NA,2 4,0,1,0,1,0,0,0,0,0,NA,35,NA,9843,No,uuid:f7e5bdc7-d16e-41e4-9fab-0a6d24fc9d0c,2512111014,uuid:f7e5bdc7-d16e-41e4-9fab-0a6d24fc9d0c,NA,NA,NA,NA,NA,NA,NA,NA,NA,NA
791665,S0413190212,OROMIA,Shawaa Kaabaa,barrak,hulluqqoo,Rural,"12/16/2025, 7:05:49 PM","12/15/2025, 12:17:03 PM","12/16/2025, 7:03:25 PM",12/15/2025,72ea367b009c6cb8,1,T12701,NA,male,7 8,0,0,0,0,0,0,1,1,0,1,1,0,0,0,NA,3,NA,2,NA,1,NA,2011,2011,1,0,NA,NA,5,0,0,0,0,1,0,0,NA,1,NA,6,0,0,0,0,0,1,0,NA,1,1 3,1,0,1,0,0,0,NA,3 4,0,0,1,1,0,0,0,0,0,0,NA,2 8,0,1,0,0,0,0,0,1,0,0,NA,1 7,1,0,0,0,0,0,1,0,0,0,NA,3,3,3,3,2,2,2,2,4 7 8 9,0,0,0,1,0,0,1,1,1,0,0,0,0,NA,4,3,NA,4,0,0,0,1,0,0,0,0,0,0,0,0,0,NA,3,2,4,3,4,4,3,1,3,4,5,5,4,5,4,4,1,1,1,2 5,0,1,0,0,1,0,0,0,NA,3,3,3,3,3,3,4,4,4,4,4,2,NA,4,4,4,4,4,2 4,0,1,0,1,0,NA,1,NA,0,0,0,1,0,1,0,1,1,0,0,NA,1,1,1,1,4,2,2,3,3,3,3,3,3,3,3,3,3,3,7 11,0,0,0,0,0,0,1,0,0,0,1,4,1,3,2,3,3,1,3,3,1,10,3,3,4,4,3,2,3,3,3,3,3,4,0,0,0,1,0,0,0,NA,1,3,3,3,1,1,3,3,1,Nothing,4,0,0,0,1,0,0,0,0,0,NA,26,NA,10400,Nothing,uuid:e96fcc88-6b3b-4dc9-a9cc-9fbfe9892137,2512030649,uuid:e96fcc88-6b3b-4dc9-a9cc-9fbfe9892137,NA,NA,NA,NA,NA,NA,NA,NA,NA,NA
791665,S0413190212,OROMIA,Shawaa Kaabaa,barrak,hulluqqoo,Rural,"12/16/2025, 7:05:50 PM","12/15/2025, 2:40:40 PM","12/16/2025, 7:00:12 PM",12/15/2025,72ea367b009c6cb8,1,T12702,NA,female,1 2 3 4,1,1,1,1,0,0,0,0,0,2,0,1,0,0,NA,3,NA,2,NA,1,NA,2013,2013,1,0,NA,NA,5,0,0,0,0,1,0,0,NA,1,NA,6,0,0,0,0,0,1,0,NA,1,1 3,1,0,1,0,0,0,NA,1 3 4 5,1,0,1,1,1,0,0,0,0,0,NA,4 5,0,0,0,1,1,0,0,0,0,0,NA,2 4,0,1,0,1,0,0,0,0,0,0,NA,2,2,3,3,2,2,2,2,2 7 8 9,0,1,0,0,0,0,1,1,1,0,0,0,0,NA,4,2,NA,4 9,0,0,0,1,0,0,0,0,1,0,0,0,0,NA,4,3,4,3,4,4,3,3,3,4,5,5,5,5,5,5,1,1,1,1 2 5,1,1,0,0,1,0,0,0,NA,3,3,3,3,3,3,3,4,3,4,4,2,NA,4,4,4,4,4,1 2,1,1,0,0,0,NA,1,NA,0,0,0,1,0,1,0,1,1,0,0,NA,1,1,1,1,4,2,4,3,3,2,3,1,2,2,3,3,2,2,1 11,1,0,0,0,0,0,0,0,0,0,1,3,2,3,3,2,3,1,3,3,1,7,2,3,3,3,3,3,3,3,3,3,3,4,0,0,0,1,0,0,0,NA,1,3,3,3,1,1,3,3,1,Lack of transportation,4,0,0,0,1,0,0,0,0,0,NA,23,NA,10000,Nothing,uuid:b392011e-7c66-4ff4-9a9d-39a70edd4654,2512030649,uuid:b392011e-7c66-4ff4-9a9d-39a70edd4654,NA,NA,NA,NA,NA,NA,NA,NA,NA,NA
104141,S0414010492,OROMIA,Shawaa Kibba Lixaa,ammayyaa,ammayyaa,Urban,"12/18/2025, 8:12:44 PM","12/18/2025, 9:30:33 AM","12/18/2025, 8:08:00 PM",12/18/2025,6b74f9d4edaa4c9a,1,T32702,NA,female,3,0,0,1,0,0,0,0,0,0,97,0,0,0,1,"Gada , Safu",6,NA,5,NA,1,NA,1997,2009,3,0,NA,NA,5,0,0,0,0,1,0,0,NA,1,NA,6,0,0,0,0,0,1,0,NA,1,1 3,1,0,1,0,0,0,NA,3 4 5,0,0,1,1,1,0,0,0,0,0,NA,2 5,0,1,0,0,1,0,0,0,0,0,NA,5 8,0,0,0,0,1,0,0,1,0,0,NA,2,2,3,3,4,4,3,1,5 6,0,0,0,0,1,1,0,0,0,0,0,0,0,NA,4,4,NA,3 5 9 10,0,0,1,0,1,0,0,0,1,1,0,0,0,NA,3,4,4,4,4,4,4,4,4,4,5,4,5,5,5,5,1,1,1,2 5,0,1,0,0,1,0,0,0,NA,3,3,2,3,2,3,3,2,2,5,2,4,NA,1,1,1,1,3,4,0,0,0,1,0,NA,4,NA,0,0,0,0,0,1,1,1,1,0,0,NA,4,3,1,1,4,1,1,3,2,2,3,3,3,3,3,3,3,3,1 8,1,0,0,0,0,0,0,1,0,0,0,4,1,3,4,1,4,1,2,1,1,10,1,4,1,4,4,1,4,4,3,4,4,1 4,1,0,0,1,0,0,0,NA,1,3,3,3,3,2,3,2,3,None,3 8,0,0,1,0,0,0,0,1,0,NA,38,NA,14236,NA,uuid:a2d1406a-2090-49b1-96e3-aa73e3249fce,2512142209,uuid:a2d1406a-2090-49b1-96e3-aa73e3249fce,NA,NA,NA,NA,NA,NA,NA,NA,NA,NA
104141,S0414010492,OROMIA,Shawaa Kibba Lixaa,ammayyaa,ammayyaa,Urban,"12/18/2025, 8:12:44 PM","12/18/2025, 12:38:46 PM","12/18/2025, 8:07:11 PM",12/18/2025,6b74f9d4edaa4c9a,1,T32701,NA,male,6 7,0,0,0,0,0,1,1,0,0,2,0,1,0,0,NA,4,NA,5,NA,1,NA,2003,2015,3,1,1,3,5,0,0,0,0,1,0,0,NA,1,NA,2 6,0,1,0,0,0,1,0,NA,1,1 3,1,0,1,0,0,0,NA,1 2 4,1,1,0,1,0,0,0,0,0,0,NA,4 5,0,0,0,1,1,0,0,0,0,0,NA,4 8,0,0,0,1,0,0,0,1,0,0,NA,3,3,3,3,3,3,3,1,2 4,0,1,0,1,0,0,0,0,0,0,0,0,0,NA,4,4,NA,2 3 4 5 7 9,0,1,1,1,1,0,1,0,1,0,0,0,0,NA,4,3,4,4,3,4,3,4,3,3,3,3,4,4,4,4,1,1,1,5,0,0,0,0,1,0,0,0,NA,3,2,3,3,2,3,2,1,2,2,1,4,NA,4,3,3,1,4,4,0,0,0,1,0,NA,4,NA,1,0,0,1,1,0,0,1,1,0,0,NA,4,4,1,1,4,1,1,3,2,2,3,3,2,3,3,3,3,3,2 8,0,1,0,0,0,0,0,1,0,0,0,4,1,4,4,1,2,1,2,1,2,7,1,3,4,4,4,4,4,4,4,4,4,1 4,1,0,0,1,0,0,0,NA,1,3,3,3,2,2,3,2,1,None,3 8,0,0,1,0,0,0,0,1,0,NA,31,NA,14000,NA,uuid:538bc653-87f4-486d-ae77-ec481e31034a,2512142209,uuid:538bc653-87f4-486d-ae77-ec481e31034a,NA,NA,NA,NA,NA,NA,NA,NA,NA,NA
104141,S0414010492,OROMIA,Shawaa Kibba Lixaa,ammayyaa,ammayyaa,Urban,"12/18/2025, 8:33:26 PM","12/18/2025, 11:26:26 AM","12/18/2025, 10:21:50 PM",12/18/2025,4b8dc9a715f0e7e5,1,S32703,NA,female,2 4,0,1,0,1,0,0,0,0,0,1,1,0,0,0,NA,4,NA,3,NA,0,NA,1998,2002,4,0,NA,NA,5,0,0,0,0,1,0,0,NA,1,NA,2 6,0,1,0,0,0,1,0,NA,1,2 3,0,1,1,0,0,0,NA,2 3 4,0,1,1,1,0,0,0,0,0,0,NA,2 5,0,1,0,0,1,0,0,0,0,0,NA,2 4,0,1,0,1,0,0,0,0,0,0,NA,2,3,3,3,3,3,1,3,6 9,0,0,0,0,0,1,0,0,1,0,0,0,0,NA,2,2,NA,3 4 6,0,0,1,1,0,1,0,0,0,0,0,0,0,NA,3,4,4,3,4,4,4,3,4,4,5,5,4,4,3,5,1,2,1,5,0,0,0,0,1,0,0,0,NA,2,3,3,3,3,2,3,3,3,3,1,3,NA,1,2,3,2,3,3 4,0,0,1,1,0,NA,2,NA,0,0,0,1,0,0,0,1,1,0,0,NA,3,1,1,1,3,1,1,3,3,2,3,3,3,2,2,3,3,2,1 2,1,1,0,0,0,0,0,0,0,0,0,4,1,4,2,1,3,1,3,1,1,10,1,4,3,3,4,2,4,4,4,4,4,4,0,0,0,1,0,0,0,NA,1,2,3,3,1,2,2,2,1,None,4 5,0,0,0,1,1,0,0,0,0,NA,38,NA,14080,None,uuid:83b4f512-c772-45b0-8068-062257f3c93c,2512142209,uuid:83b4f512-c772-45b0-8068-062257f3c93c,NA,NA,NA,NA,NA,NA,NA,NA,NA,NA
104259,S0414020292,OROMIA,Shawaa Kibba Lixaa,bacho,abdii guddinaa,Urban,"12/17/2025, 6:58:25 PM","12/17/2025, 12:01:38 PM","12/17/2025, 8:50:04 PM",12/17/2025,4b8dc9a715f0e7e5,1,T12303,NA,male,5,0,0,0,0,1,0,0,0,0,97,0,0,0,1,Natural science,6,NA,5,NA,1,NA,2001,2013,5,0,NA,NA,5,0,0,0,0,1,0,0,NA,1,NA,2 6,0,1,0,0,0,1,0,NA,1,1,1,0,0,0,0,0,NA,2 3 4,0,1,1,1,0,0,0,0,0,0,NA,2 5,0,1,0,0,1,0,0,0,0,0,NA,2 4,0,1,0,1,0,0,0,0,0,0,NA,2,3,3,3,1,2,2,3,3 6,0,0,1,0,0,1,0,0,0,0,0,0,0,NA,2,2,NA,3 4,0,0,1,1,0,0,0,0,0,0,0,0,0,NA,3,4,4,3,4,4,4,2,2,4,5,5,4,5,5,5,1,1,1,5,0,0,0,0,1,0,0,0,NA,3,3,3,3,2,1,1,2,4,3,2,3,NA,3,2,2,3,2,2 3,0,1,1,0,0,NA,2,NA,0,0,1,1,0,0,0,1,1,0,0,NA,1,1,1,1,4,1,1,3,2,2,2,3,2,2,2,3,3,3,1 2,1,1,0,0,0,0,0,0,0,0,0,3,1,3,4,1,4,1,3,3,2,8,1,3,4,4,4,1,3,4,4,4,4,4,0,0,0,1,0,0,0,NA,1,3,2,3,2,3,3,3,1,None,4 7,0,0,0,1,0,0,1,0,0,NA,33,NA,14000,NA,uuid:f505808b-c9af-44cc-aa59-15ab57980998,2512142209,uuid:f505808b-c9af-44cc-aa59-15ab57980998,NA,NA,NA,NA,NA,NA,NA,NA,NA,NA
104259,S0414020292,OROMIA,Shawaa Kibba Lixaa,bacho,abdii guddinaa,Urban,"12/17/2025, 7:03:13 PM","12/17/2025, 1:07:59 PM","12/17/2025, 6:38:03 PM",12/17/2025,6b74f9d4edaa4c9a,1,T12301,NA,male,2 6,0,1,0,0,0,1,0,0,0,2,0,1,0,0,NA,6,NA,5,NA,1,NA,2000,2012,3,0,NA,NA,5,0,0,0,0,1,0,0,NA,1,NA,6,0,0,0,0,0,1,0,NA,1,2 3,0,1,1,0,0,0,NA,4 7,0,0,0,1,0,0,1,0,0,0,NA,2 5,0,1,0,0,1,0,0,0,0,0,NA,4 5,0,0,0,1,1,0,0,0,0,0,NA,2,3,2,2,3,3,3,1,4 6 7,0,0,0,1,0,1,1,0,0,0,0,0,0,NA,3,4,NA,4 9,0,0,0,1,0,0,0,0,1,0,0,0,0,NA,4,3,3,4,3,4,4,4,3,4,5,4,5,5,5,5,1,2,1,2 5,0,1,0,0,1,0,0,0,NA,3,2,2,3,3,2,2,4,3,2,1,2,NA,4,4,4,2,4,4,0,0,0,1,0,NA,3,NA,1,0,0,1,1,0,0,1,1,1,0,NA,4,2,1,1,4,1,1,1,3,2,1,3,2,2,2,3,1,3,2 11,0,1,0,0,0,0,0,0,0,0,1,1,1,4,4,1,3,1,2,1,4,8,1,4,1,4,4,4,4,4,3,4,4,1 4,1,0,0,1,0,0,0,NA,1,2,3,3,1,2,2,2,1,None,3 4,0,0,1,1,0,0,0,0,0,NA,40,NA,15338,NA,uuid:5402122f-d85d-4a35-a83d-e1e6d73ac6ef,2512142209,uuid:5402122f-d85d-4a35-a83d-e1e6d73ac6ef,NA,NA,NA,NA,NA,NA,NA,NA,NA,NA
104259,S0414020292,OROMIA,Shawaa Kibba Lixaa,bacho,abdii guddinaa,Urban,"12/17/2025, 7:03:14 PM","12/17/2025, 10:07:28 AM","12/17/2025, 6:39:17 PM",12/17/2025,6b74f9d4edaa4c9a,1,T12302,NA,female,4 5,0,0,0,1,1,0,0,0,0,2,0,1,0,0,NA,5,NA,5,NA,1,NA,2000,2012,3,1,1,3,5,0,0,0,0,1,0,0,NA,1,NA,6,0,0,0,0,0,1,0,NA,1,1 3,1,0,1,0,0,0,NA,3 4,0,0,1,1,0,0,0,0,0,0,NA,3 5,0,0,1,0,1,0,0,0,0,0,NA,2 5,0,1,0,0,1,0,0,0,0,0,NA,2,3,2,2,2,3,3,3,2 4 7 8,0,1,0,1,0,0,1,1,0,0,0,0,0,NA,2,4,NA,3 9 10,0,0,1,0,0,0,0,0,1,1,0,0,0,NA,4,3,3,2,3,3,4,2,1,4,5,3,2,5,5,3,2,1,1,2 5,0,1,0,0,1,0,0,0,NA,4,4,3,1,3,2,3,3,4,4,2,1,NA,1,1,2,1,4,4,0,0,0,1,0,NA,3,NA,1,0,0,0,0,1,1,1,1,0,0,NA,1,2,1,1,4,1,1,2,2,2,2,3,2,2,2,3,1,3,1 2,1,1,0,0,0,0,0,0,0,0,0,3,3,4,4,1,4,3,2,1,4,10,1,4,1,4,4,4,4,4,2,4,4,1 4,1,0,0,1,0,0,0,NA,1,3,3,3,2,3,2,1,1,None,1 3,1,0,1,0,0,0,0,0,0,NA,38,NA,15396,NA,uuid:3881144b-d756-4afa-9f0b-e4bad96919ae,2512142209,uuid:3881144b-d756-4afa-9f0b-e4bad96919ae,NA,NA,NA,NA,NA,NA,NA,NA,NA,NA
104406,S0414040052,OROMIA,Shawaa Kibba Lixaa,gooroo,diimtuu,Rural,"12/19/2025, 8:13:34 PM","12/19/2025, 12:22:50 PM","12/19/2025, 10:08:27 PM",12/19/2025,4b8dc9a715f0e7e5,1,T17002,NA,male,3 4 5,0,0,1,1,1,0,0,0,0,1,1,0,0,0,NA,3,NA,2,NA,1,NA,2011,2017,2,0,NA,NA,1,1,0,0,0,0,0,0,NA,1,NA,2 5,0,1,0,0,1,0,0,NA,0,NA,NA,NA,NA,NA,NA,NA,NA,NA,NA,NA,NA,NA,NA,NA,NA,NA,NA,NA,NA,3 4,0,0,1,1,0,0,0,0,0,0,NA,3 4,0,0,1,1,0,0,0,0,0,0,NA,3,2,2,4,3,3,3,2,6 8,0,0,0,0,0,1,0,1,0,0,0,0,0,NA,1,2,NA,3 8,0,0,1,0,0,0,0,1,0,0,0,0,0,NA,3,3,3,4,4,4,4,3,3,4,5,5,4,5,5,5,2,1,1,5,0,0,0,0,1,0,0,0,NA,2,3,3,3,2,1,2,2,4,3,2,3,NA,3,4,4,3,4,2 3,0,1,1,0,0,NA,2,NA,1,1,0,1,0,0,0,1,1,0,0,NA,4,3,1,1,4,1,1,3,3,3,3,3,3,3,3,3,3,3,1 11,1,0,0,0,0,0,0,0,0,0,1,4,3,4,4,1,2,1,3,1,1,10,1,4,4,4,4,4,4,4,3,4,4,4,0,0,0,1,0,0,0,NA,1,2,3,3,1,2,2,2,1,None,4 5,0,0,0,1,1,0,0,0,0,NA,28,NA,10400,None,uuid:c9e6f3f5-4915-465a-8ef2-aa1c79394622,2512142209,uuid:c9e6f3f5-4915-465a-8ef2-aa1c79394622,NA,NA,NA,NA,NA,NA,NA,NA,NA,NA
104406,S0414040052,OROMIA,Shawaa Kibba Lixaa,gooroo,diimtuu,Rural,"12/19/2025, 8:13:34 PM","12/19/2025, 1:27:40 PM","12/19/2025, 10:09:46 PM",12/19/2025,4b8dc9a715f0e7e5,1,T17003,NA,female,3 4,0,0,1,1,0,0,0,0,0,1,1,0,0,0,NA,3,NA,3,NA,0,NA,2011,2013,2,1,1,3,5,0,0,0,0,1,0,0,NA,1,NA,2 6,0,1,0,0,0,1,0,NA,1,1,1,0,0,0,0,0,NA,2 3 4,0,1,1,1,0,0,0,0,0,0,NA,2 3,0,1,1,0,0,0,0,0,0,0,NA,2 4,0,1,0,1,0,0,0,0,0,0,NA,2,2,2,4,3,2,2,2,6 8,0,0,0,0,0,1,0,1,0,0,0,0,0,NA,4,2,NA,2 3 4,0,1,1,1,0,0,0,0,0,0,0,0,0,NA,4,3,4,3,3,4,4,1,3,4,5,5,1,4,5,5,1,1,1,3 5,0,0,1,0,1,0,0,0,NA,2,3,3,2,3,3,3,2,2,2,3,4,NA,4,4,3,3,3,3 4,0,0,1,1,0,NA,2,NA,0,0,0,0,0,1,1,1,1,0,0,NA,3,1,1,2,1,1,1,3,3,2,3,3,2,2,3,3,3,3,1 2,1,1,0,0,0,0,0,0,0,0,0,4,1,4,4,1,4,1,3,3,2,8,1,4,4,4,4,3,4,4,2,4,4,4,0,0,0,1,0,0,0,NA,1,3,3,3,3,2,1,3,1,None,6 7,0,0,0,0,0,1,1,0,0,NA,27,NA,10600,None,uuid:bb0e5c4d-5442-4fc2-a538-c5ef854fc354,2512142209,uuid:bb0e5c4d-5442-4fc2-a538-c5ef854fc354,NA,NA,NA,NA,NA,NA,NA,NA,NA,NA
104406,S0414040052,OROMIA,Shawaa Kibba Lixaa,gooroo,diimtuu,Rural,"12/19/2025, 9:50:04 PM","12/19/2025, 10:27:42 AM","12/19/2025, 9:45:07 PM",12/19/2025,6b74f9d4edaa4c9a,1,T17001,NA,female,5 6 7 8,0,0,0,0,1,1,1,1,0,97,0,0,0,1,"Gada , Geography and Safu",6,NA,5,NA,1,NA,2006,2012,3,0,NA,NA,5,0,0,0,0,1,0,0,NA,1,NA,6,0,0,0,0,0,1,0,NA,1,1 3,1,0,1,0,0,0,NA,3 4,0,0,1,1,0,0,0,0,0,0,NA,2 5,0,1,0,0,1,0,0,0,0,0,NA,2 5,0,1,0,0,1,0,0,0,0,0,NA,2,2,2,3,3,2,3,3,2 4 5,0,1,0,1,1,0,0,0,0,0,0,0,0,NA,4,4,NA,1 2 3 4 5 9 10,1,1,1,1,1,0,0,0,1,1,0,0,0,NA,4,3,3,3,4,4,4,3,3,3,5,5,3,4,5,5,1,1,1,5,0,0,0,0,1,0,0,0,NA,3,3,3,4,3,3,2,2,3,3,2,1,NA,4,4,4,4,3,4,0,0,0,1,0,NA,3,NA,1,0,0,1,0,1,1,1,1,0,0,NA,1,1,1,1,4,1,1,3,3,2,3,3,3,3,3,3,3,3,2 8,0,1,0,0,0,0,0,1,0,0,0,1,1,1,3,1,4,1,3,1,4,10,3,3,4,4,3,4,4,4,2,3,4,1 4 5,1,0,0,1,1,0,0,NA,1,1,3,3,1,3,2,2,1,None,3 4,0,0,1,1,0,0,0,0,0,NA,34,NA,12300,NA,uuid:05bc4fbd-fad0-4c02-b1cb-57289f2a1c22,2512142209,uuid:05bc4fbd-fad0-4c02-b1cb-57289f2a1c22,NA,NA,NA,NA,NA,NA,NA,NA,NA,NA
562620,S0414080272,OROMIA,Shawaa Kibba Lixaa,sooddoo daacii,tarree sillaasee,Urban,"12/23/2025, 7:42:17 PM","12/23/2025, 11:31:46 AM","12/23/2025, 7:41:29 PM",12/23/2025,6b74f9d4edaa4c9a,1,T22902,NA,female,1 2 3,1,1,1,0,0,0,0,0,0,1 2,1,1,0,0,NA,3,NA,2,NA,1,NA,2006,2012,2,1,1,3,5,0,0,0,0,1,0,0,NA,1,NA,6,0,0,0,0,0,1,0,NA,1,2 3,0,1,1,0,0,0,NA,2 3 4 7,0,1,1,1,0,0,1,0,0,0,NA,2 5,0,1,0,0,1,0,0,0,0,0,NA,4 5,0,0,0,1,1,0,0,0,0,0,NA,3,3,3,3,4,4,4,3,3 4 5,0,0,1,1,1,0,0,0,0,0,0,0,0,NA,4,4,NA,2 3 4 5 9 10,0,1,1,1,1,0,0,0,1,1,0,0,0,NA,4,4,4,4,3,4,4,3,3,4,5,5,5,5,5,5,1,1,1,2 5,0,1,0,0,1,0,0,0,NA,3,3,3,2,2,3,3,2,3,2,3,4,NA,2,1,1,1,3,4,0,0,0,1,0,NA,4,NA,0,0,0,0,0,0,0,1,1,0,0,NA,4,1,1,1,4,1,1,3,3,2,3,3,3,2,2,2,2,3,1 8,1,0,0,0,0,0,0,1,0,0,0,1,1,1,3,1,4,1,3,3,1,10,1,4,4,4,4,4,4,4,4,4,4,1 4,1,0,0,1,0,0,0,NA,1,3,3,3,2,2,1,2,2,None,2 3,0,1,1,0,0,0,0,0,0,NA,32,NA,10674,NA,uuid:7fbcdf84-f468-44be-b4c4-9fa6a755687a,2512142209,uuid:7fbcdf84-f468-44be-b4c4-9fa6a755687a,NA,NA,NA,NA,NA,NA,NA,NA,NA,NA
562620,S0414080272,OROMIA,Shawaa Kibba Lixaa,sooddoo daacii,tarree sillaasee,Urban,"12/23/2025, 7:42:18 PM","12/23/2025, 12:43:35 PM","12/23/2025, 7:41:44 PM",12/23/2025,6b74f9d4edaa4c9a,1,T22901,NA,female,1 6,1,0,0,0,0,1,0,0,0,1,1,0,0,0,NA,5,NA,5,NA,1,NA,1996,2003,5,0,NA,NA,5,0,0,0,0,1,0,0,NA,1,NA,6,0,0,0,0,0,1,0,NA,1,1 2 3,1,1,1,0,0,0,NA,2 3 4 7,0,1,1,1,0,0,1,0,0,0,NA,2 5,0,1,0,0,1,0,0,0,0,0,NA,2 8,0,1,0,0,0,0,0,1,0,0,NA,4,3,3,4,4,4,3,3,2 3 5 8 9,0,1,1,0,1,0,0,1,1,0,0,0,0,NA,4,4,NA,1 4 5 9,1,0,0,1,1,0,0,0,1,0,0,0,0,NA,4,3,4,3,3,4,4,4,4,4,5,5,5,5,5,5,1,1,1,5,0,0,0,0,1,0,0,0,NA,3,2,2,2,2,2,2,2,1,4,1,4,NA,2,4,4,1,3,4,0,0,0,1,0,NA,3,NA,0,0,0,1,1,1,0,1,1,0,0,NA,4,3,1,1,4,1,1,3,2,2,3,3,1,3,3,3,3,2,1 11,1,0,0,0,0,0,0,0,0,0,1,1,1,4,4,1,4,1,3,1,4,8,4,3,4,4,4,4,4,4,4,4,4,4,0,0,0,1,0,0,0,NA,0,NA,NA,NA,NA,NA,NA,NA,NA,NA,3 4,0,0,1,1,0,0,0,0,0,NA,40,NA,13400,NA,uuid:b5455bed-3c01-4043-a497-700a989432dd,2512142209,uuid:b5455bed-3c01-4043-a497-700a989432dd,NA,NA,NA,NA,NA,NA,NA,NA,NA,NA
562620,S0414080272,OROMIA,Shawaa Kibba Lixaa,sooddoo daacii,tarree sillaasee,Urban,"12/23/2025, 8:00:33 PM","12/23/2025, 2:21:02 PM","12/23/2025, 9:49:37 PM",12/23/2025,4b8dc9a715f0e7e5,1,T22903,NA,male,5 6 7 8,0,0,0,0,1,1,1,1,0,1,1,0,0,0,NA,4,NA,5,NA,1,NA,1998,2006,3,1,2,3,5,0,0,0,0,1,0,0,NA,1,NA,6,0,0,0,0,0,1,0,NA,1,1 2,1,1,0,0,0,0,NA,1 5,1,0,0,0,1,0,0,0,0,0,NA,2 4,0,1,0,1,0,0,0,0,0,0,NA,2 5,0,1,0,0,1,0,0,0,0,0,NA,4,4,4,4,3,3,3,1,5 6 7,0,0,0,0,1,1,1,0,0,0,0,0,0,NA,2,2,NA,3 4,0,0,1,1,0,0,0,0,0,0,0,0,0,NA,3,3,4,3,4,3,3,2,3,4,5,5,3,5,5,4,1,1,1,5,0,0,0,0,1,0,0,0,NA,3,3,3,3,3,2,4,3,2,3,2,3,NA,1,2,2,2,3,3 4,0,0,1,1,0,NA,4,NA,0,1,1,1,0,1,1,1,1,1,0,NA,4,1,3,1,4,1,1,2,2,2,3,2,1,2,3,2,3,2,1 8,1,0,0,0,0,0,0,1,0,0,0,4,1,4,4,1,4,1,3,3,1,5,4,4,4,3,4,3,3,3,3,4,4,5,0,0,0,0,1,0,0,NA,0,NA,NA,NA,NA,NA,NA,NA,NA,NA,4,0,0,0,1,0,0,0,0,0,NA,43,NA,15271,None,uuid:27ad19b9-0078-4d17-b8ba-47bdd81b5d16,2512142209,uuid:27ad19b9-0078-4d17-b8ba-47bdd81b5d16,NA,NA,NA,NA,NA,NA,NA,NA,NA,NA
89812,S0414120152,OROMIA,Shawaa Kibba Lixaa,sabbataa hawaas,booroo fi hiroo,Rural,"12/22/2025, 8:16:11 PM","12/22/2025, 11:38:37 AM","12/22/2025, 8:11:23 PM",12/22/2025,6b74f9d4edaa4c9a,1,T21402,NA,male,1 3 4 5,1,0,1,1,1,0,0,0,0,2,0,1,0,0,NA,3,NA,3,NA,1,NA,2009,2013,3,1,1,3,5,0,0,0,0,1,0,0,NA,1,NA,5 6,0,0,0,0,1,1,0,NA,1,1 3,1,0,1,0,0,0,NA,3 4 7,0,0,1,1,0,0,1,0,0,0,NA,2 5,0,1,0,0,1,0,0,0,0,0,NA,2 5,0,1,0,0,1,0,0,0,0,0,NA,3,3,3,3,4,3,3,2,3 4 5,0,0,1,1,1,0,0,0,0,0,0,0,0,NA,4,4,NA,1 2 3 4 9,1,1,1,1,0,0,0,0,1,0,0,0,0,NA,4,4,4,4,3,4,4,4,3,4,5,5,3,4,4,5,1,1,1,5,0,0,0,0,1,0,0,0,NA,4,4,3,3,2,4,2,2,3,4,1,1,NA,3,2,2,1,3,4,0,0,0,1,0,NA,4,NA,0,0,0,1,0,1,0,1,1,0,0,NA,4,2,1,1,4,1,1,3,2,2,3,3,3,3,3,3,3,3,1 4,1,0,0,1,0,0,0,0,0,0,0,1,1,3,4,1,4,1,2,1,4,10,1,4,4,4,4,4,4,4,2,4,4,1 4,1,0,0,1,0,0,0,NA,1,3,3,3,1,2,3,3,1,None,3 8,0,0,1,0,0,0,0,1,0,NA,27,NA,10600,NA,uuid:cbd4657a-4f11-4d31-a7ac-8ef34716f137,2512142209,uuid:cbd4657a-4f11-4d31-a7ac-8ef34716f137,NA,NA,NA,NA,NA,NA,NA,NA,NA,NA
89812,S0414120152,OROMIA,Shawaa Kibba Lixaa,sabbataa hawaas,booroo fi hiroo,Rural,"12/22/2025, 8:16:12 PM","12/22/2025, 12:18:08 PM","12/22/2025, 8:11:46 PM",12/22/2025,6b74f9d4edaa4c9a,1,T21401,NA,male,5 6 7 8,0,0,0,0,1,1,1,1,0,97,0,0,0,1,"Sport , og-art",3,NA,2,NA,1,NA,2006,2016,3,1,1,2,5,0,0,0,0,1,0,0,NA,1,NA,5 6,0,0,0,0,1,1,0,NA,1,1 3,1,0,1,0,0,0,NA,2 3 4 7,0,1,1,1,0,0,1,0,0,0,NA,2 5,0,1,0,0,1,0,0,0,0,0,NA,2 5,0,1,0,0,1,0,0,0,0,0,NA,3,3,3,3,4,3,3,2,5 7,0,0,0,0,1,0,1,0,0,0,0,0,0,NA,4,4,NA,1 2 3 4 5 9,1,1,1,1,1,0,0,0,1,0,0,0,0,NA,3,4,3,4,3,3,4,4,4,4,5,4,4,5,5,5,1,1,1,5,0,0,0,0,1,0,0,0,NA,3,2,2,2,2,3,3,3,3,4,1,1,NA,4,4,3,2,4,4,0,0,0,1,0,NA,2,NA,0,0,0,1,0,1,1,1,1,0,0,NA,1,1,1,1,4,1,1,1,1,1,1,3,2,2,2,1,1,2,4 8,0,0,0,1,0,0,0,1,0,0,0,1,1,1,3,1,4,1,3,1,1,10,4,4,4,4,4,4,4,4,3,4,4,4,0,0,0,1,0,0,0,NA,1,3,2,3,1,3,2,2,1,None,3 4,0,0,1,1,0,0,0,0,0,NA,29,NA,10632,NA,uuid:00b98259-98a2-40be-b56d-fcbd785d9fa5,2512142209,uuid:00b98259-98a2-40be-b56d-fcbd785d9fa5,NA,NA,NA,NA,NA,NA,NA,NA,NA,NA
89812,S0414120152,OROMIA,Shawaa Kibba Lixaa,sabbataa hawaas,booroo fi hiroo,Rural,"12/22/2025, 8:33:58 PM","12/22/2025, 12:17:56 PM","12/22/2025, 10:15:33 PM",12/22/2025,4b8dc9a715f0e7e5,1,T21403,NA,female,1 2 3 4 5,1,1,1,1,1,0,0,0,0,97,0,0,0,1,Geda Fi sefu,3,NA,3,NA,0,NA,2006,2011,3,1,1,3,5,0,0,0,0,1,0,0,NA,1,NA,2 6,0,1,0,0,0,1,0,NA,0,NA,NA,NA,NA,NA,NA,NA,NA,NA,NA,NA,NA,NA,NA,NA,NA,NA,NA,NA,NA,2 3,0,1,1,0,0,0,0,0,0,0,NA,2 5,0,1,0,0,1,0,0,0,0,0,NA,3,3,2,4,3,2,2,3,6 7 8,0,0,0,0,0,1,1,1,0,0,0,0,0,NA,4,2,NA,2 3,0,1,1,0,0,0,0,0,0,0,0,0,0,NA,3,3,3,3,4,4,4,3,3,4,4,4,3,5,4,5,1,1,1,5,0,0,0,0,1,0,0,0,NA,3,3,2,3,2,2,3,3,2,3,1,3,NA,3,3,4,2,3,2 3,0,1,1,0,0,NA,2,NA,0,0,0,1,1,1,0,1,1,0,0,NA,1,1,1,1,4,3,1,3,3,2,3,3,3,3,3,3,3,3,1 2,1,1,0,0,0,0,0,0,0,0,0,2,1,3,3,1,3,3,3,3,1,9,1,4,4,4,4,2,4,4,2,3,4,4,0,0,0,1,0,0,0,NA,1,3,3,3,2,3,3,2,1,None,4 7,0,0,0,1,0,0,1,0,0,NA,29,NA,10632,None,uuid:60f723d7-4a6e-4b94-ae69-4cc6044cc6e4,2512142209,uuid:60f723d7-4a6e-4b94-ae69-4cc6044cc6e4,NA,NA,NA,NA,NA,NA,NA,NA,NA,NA
105286,S0415020322,OROMIA,Shawaa Lixaa,ada'aa bargaa,siree bargaa,Rural,"12/12/2025, 6:02:43 PM","12/12/2025, 11:20:20 AM","12/12/2025, 5:44:29 PM",12/12/2025,6b74f9d4edaa4c9a,1,T24101,NA,male,6 7 8,0,0,0,0,0,1,1,1,0,2 97,0,1,0,1,"General Science , Art",3,NA,5,NA,1,NA,2007,2018,5,0,NA,NA,5,0,0,0,0,1,0,0,NA,1,NA,2,0,1,0,0,0,0,0,NA,1,1 3,1,0,1,0,0,0,NA,3 4,0,0,1,1,0,0,0,0,0,0,NA,3 5,0,0,1,0,1,0,0,0,0,0,NA,2 5,0,1,0,0,1,0,0,0,0,0,NA,2,4,3,4,1,4,1,1,2 5 10,0,1,0,0,1,0,0,0,0,1,0,0,0,NA,3,2,NA,3,0,0,1,0,0,0,0,0,0,0,0,0,0,NA,3,3,3,2,2,2,4,2,3,3,3,3,2,5,5,4,2,1,1,2 5,0,1,0,0,1,0,0,0,NA,3,4,2,2,3,3,2,1,2,2,1,2,NA,4,4,4,1,4,4,0,0,0,1,0,NA,5,NA,1,1,0,1,1,1,1,1,1,1,0,NA,4,1,1,1,4,1,1,3,3,1,3,3,3,2,3,3,3,3,7 8,0,0,0,0,0,0,1,1,0,0,0,1,1,4,4,3,4,1,3,1,1,5,1,3,4,3,4,4,4,4,1,3,4,1 2 3,1,1,1,0,0,0,0,NA,1,2,1,3,1,2,3,2,1,None,3 4,0,0,1,1,0,0,0,0,0,NA,32,NA,10600,NA,uuid:597598cc-ee81-4bf6-8a57-1e793a72a80c,2512111014,uuid:597598cc-ee81-4bf6-8a57-1e793a72a80c,NA,NA,NA,NA,NA,NA,NA,NA,NA,NA
105286,S0415020322,OROMIA,Shawaa Lixaa,ada'aa bargaa,siree bargaa,Rural,"12/12/2025, 6:02:44 PM","12/12/2025, 12:49:08 PM","12/12/2025, 5:49:05 PM",12/12/2025,6b74f9d4edaa4c9a,1,T24102,NA,female,1 2 3 4 5,1,1,1,1,1,0,0,0,0,97,0,0,0,1,"Safu, Art, Sport, Science",3,NA,3,NA,1,NA,2007,2018,3,0,NA,NA,1,1,0,0,0,0,0,0,NA,1,NA,2 6,0,1,0,0,0,1,0,NA,1,1 3,1,0,1,0,0,0,NA,1 3 4 7,1,0,1,1,0,0,1,0,0,0,NA,2 5,0,1,0,0,1,0,0,0,0,0,NA,2 8,0,1,0,0,0,0,0,1,0,0,NA,2,3,3,3,1,3,2,3,5 8 10,0,0,0,0,1,0,0,1,0,1,0,0,0,NA,3,4,NA,3 5,0,0,1,0,1,0,0,0,0,0,0,0,0,NA,3,3,4,3,3,4,4,2,4,4,5,5,3,5,5,5,1,1,1,2 5,0,1,0,0,1,0,0,0,NA,2,3,2,2,2,3,3,1,2,5,1,2,NA,4,4,4,1,4,2,0,1,0,0,0,NA,4,NA,0,0,0,0,0,0,0,0,0,0,0,NA,1,1,1,1,4,1,1,3,3,3,3,3,3,3,3,3,3,3,4 9,0,0,0,1,0,0,0,0,1,0,0,1,1,4,4,1,4,1,3,3,1,10,1,4,3,4,4,2,4,4,4,4,4,1,1,0,0,0,0,0,0,NA,0,NA,NA,NA,NA,NA,NA,NA,NA,NA,3 4,0,0,1,1,0,0,0,0,0,NA,32,NA,11000,NA,uuid:c3eedd47-01ee-4482-9e9a-720fe0ff8fe2,2512111014,uuid:c3eedd47-01ee-4482-9e9a-720fe0ff8fe2,NA,NA,NA,NA,NA,NA,NA,NA,NA,NA
105286,S0415020322,OROMIA,Shawaa Lixaa,ada'aa bargaa,siree bargaa,Rural,"12/12/2025, 6:05:36 PM","12/12/2025, 2:39:25 PM","12/12/2025, 8:01:17 PM",12/12/2025,4b8dc9a715f0e7e5,1,T24103,NA,female,1 2 3 4,1,1,1,1,0,0,0,0,0,1 97,1,0,0,1,Math's and Geda,3,NA,3,NA,0,NA,2010,2012,3,0,NA,NA,5,0,0,0,0,1,0,0,NA,1,NA,2 5 6,0,1,0,0,1,1,0,NA,1,1,1,0,0,0,0,0,NA,2 3 4,0,1,1,1,0,0,0,0,0,0,NA,2 4,0,1,0,1,0,0,0,0,0,0,NA,2 8,0,1,0,0,0,0,0,1,0,0,NA,2,2,3,3,4,1,2,2,4 7 9,0,0,0,1,0,0,1,0,1,0,0,0,0,NA,4,2,NA,4 8 9,0,0,0,1,0,0,0,1,1,0,0,0,0,NA,3,4,3,3,4,4,4,3,4,4,5,5,4,5,5,5,2,1,1,3 5,0,0,1,0,1,0,0,0,NA,4,3,3,3,2,2,2,3,3,3,1,4,NA,2,2,2,2,3,2 3,0,1,1,0,0,NA,2,NA,0,0,0,1,1,0,0,1,1,0,0,NA,3,3,3,1,4,2,1,3,3,2,3,3,3,3,3,3,3,3,1 7,1,0,0,0,0,0,1,0,0,0,0,4,1,4,3,1,4,1,3,3,1,9,3,3,4,4,4,3,4,4,3,4,4,1 4,1,0,0,1,0,0,0,NA,1,3,3,3,1,3,3,3,1,None,4 7,0,0,0,1,0,0,1,0,0,NA,31,NA,10250,None,uuid:faa13a02-df8d-4a90-9ba9-74effaaad8b4,2512111014,uuid:faa13a02-df8d-4a90-9ba9-74effaaad8b4,NA,NA,NA,NA,NA,NA,NA,NA,NA,NA
105692,S0415080472,OROMIA,Shawaa Lixaa,dandii,dandii birhaan,Rural,"12/26/2025, 6:07:43 AM","12/25/2025, 10:31:30 AM","12/25/2025, 1:07:07 PM",12/25/2025,7697c74e25302763,1,T15003,NA,male,5 6 7 8,0,0,0,0,1,1,1,1,0,97,0,0,0,1,Saayinsii,6,NA,5,NA,1,NA,2007,2016,4,1,2,3,5,0,0,0,0,1,0,0,NA,1,NA,5 6,0,0,0,0,1,1,0,NA,1,3,0,0,1,0,0,0,NA,3 4,0,0,1,1,0,0,0,0,0,0,NA,7 8,0,0,0,0,0,0,1,1,0,0,NA,2 8,0,1,0,0,0,0,0,1,0,0,NA,4,4,4,4,1,3,3,3,2 4 7 8,0,1,0,1,0,0,1,1,0,0,0,0,0,NA,4,4,NA,10,0,0,0,0,0,0,0,0,0,1,0,0,0,NA,4,4,4,4,4,4,4,2,2,4,5,5,5,5,5,5,1,1,1,1 2 5,1,1,0,0,1,0,0,0,NA,4,3,4,3,3,3,4,4,4,5,4,2,NA,4,4,4,2,4,2,0,1,0,0,0,NA,3,NA,0,0,0,1,1,1,1,1,1,1,0,NA,1,1,1,1,4,1,1,3,3,2,3,3,3,3,3,3,3,3,1 8,1,0,0,0,0,0,0,1,0,0,0,4,1,3,4,1,4,1,3,3,1,1,1,3,1,4,4,1,4,4,4,4,4,2,0,1,0,0,0,0,0,NA,0,NA,NA,NA,NA,NA,NA,NA,NA,NA,4 5,0,0,0,1,1,0,0,0,0,NA,29,NA,12396,Hin jiru,uuid:dd528ae9-3a18-4af6-8192-f7f93cccae38,2512142209,uuid:dd528ae9-3a18-4af6-8192-f7f93cccae38,NA,NA,NA,NA,NA,NA,NA,NA,NA,NA
105692,S0415080472,OROMIA,Shawaa Lixaa,dandii,dandii birhaan,Rural,"12/26/2025, 5:44:49 PM","12/25/2025, 9:22:22 AM","12/25/2025, 11:21:21 AM",12/25/2025,bbae1c343e73e9f2,1,T15001,NA,female,2 3 4,0,1,1,1,0,0,0,0,0,1,1,0,0,0,NA,3,NA,2,NA,0,NA,2010,2015,3,0,NA,NA,1 3,1,0,1,0,0,0,0,NA,1,NA,3 5 6,0,0,1,0,1,1,0,NA,1,1 3,1,0,1,0,0,0,NA,2 3 4 5 8,0,1,1,1,1,0,0,1,0,0,NA,4 8,0,0,0,1,0,0,0,1,0,0,NA,2 8,0,1,0,0,0,0,0,1,0,0,NA,3,3,3,3,3,3,3,3,5 7 9 11,0,0,0,0,1,0,1,0,1,0,1,0,0,NA,4,4,NA,2 4 6 9 10,0,1,0,1,0,1,0,0,1,1,0,0,0,NA,3,2,3,3,3,2,3,4,3,3,4,3,4,4,3,4,3,3,2,4 5,0,0,0,1,1,0,0,0,NA,3,4,3,3,3,4,4,3,4,3,4,2,NA,3,3,4,3,4,1 2 3,1,1,1,0,0,NA,4,NA,0,1,1,1,1,1,0,0,0,0,0,NA,3,2,3,2,3,3,2,1,2,3,1,3,2,3,3,2,3,3,1 8,1,0,0,0,0,0,0,1,0,0,0,3,4,3,3,3,2,3,3,3,1,3,2,3,3,2,3,3,3,4,3,4,3,2 4,0,1,0,1,0,0,0,NA,0,NA,NA,NA,NA,NA,NA,NA,NA,NA,4 6,0,0,0,1,0,1,0,0,0,NA,29,NA,10238,NA,uuid:d842fe19-c3eb-4d33-bc75-2e571bad743e,2512142209,uuid:d842fe19-c3eb-4d33-bc75-2e571bad743e,NA,NA,NA,NA,NA,NA,NA,NA,NA,NA
105692,S0415080472,OROMIA,Shawaa Lixaa,dandii,dandii birhaan,Rural,"12/26/2025, 5:44:50 PM","12/25/2025, 12:21:53 PM","12/25/2025, 12:54:17 PM",12/25/2025,bbae1c343e73e9f2,1,T15002,NA,female,1 2 3 4,1,1,1,1,0,0,0,0,0,2,0,1,0,0,NA,6,NA,3,NA,0,NA,2012,2012,1,0,NA,NA,1 2 3,1,1,1,0,0,0,0,NA,1,NA,1 2 3,1,1,1,0,0,0,0,NA,1,1 2 3,1,1,1,0,0,0,NA,1 3 6 8,1,0,1,0,0,1,0,1,0,0,NA,2 6,0,1,0,0,0,1,0,0,0,0,NA,5 6,0,0,0,0,1,1,0,0,0,0,NA,3,3,3,3,1,4,3,4,3 5 7 8 10,0,0,1,0,1,0,1,1,0,1,0,0,0,NA,4,4,NA,2 4 7 10,0,1,0,1,0,0,1,0,0,1,0,0,0,NA,1,4,3,3,3,4,1,3,2,3,4,4,4,3,2,4,1,1,1,3 5,0,0,1,0,1,0,0,0,NA,3,4,4,3,4,3,2,4,2,4,4,2,NA,3,2,3,2,3,1 2 3,1,1,1,0,0,NA,4,NA,0,0,0,1,0,0,1,0,1,0,0,NA,3,4,3,4,3,3,2,1,2,3,2,3,3,2,2,2,3,3,1 8,1,0,0,0,0,0,0,1,0,0,0,4,3,4,3,4,3,3,3,3,1,2,3,3,3,3,4,3,4,3,3,3,4,2 4,0,1,0,1,0,0,0,NA,0,NA,NA,NA,NA,NA,NA,NA,NA,NA,4 6,0,0,0,1,0,1,0,0,0,NA,27,NA,11250,NA,uuid:21246709-d1a5-4298-92b8-ae294b1dc908,2512142209,uuid:21246709-d1a5-4298-92b8-ae294b1dc908,NA,NA,NA,NA,NA,NA,NA,NA,NA,NA
105819,S0415100272,OROMIA,Shawaa Lixaa,ejeree,kusaayee,Rural,"12/15/2025, 5:57:10 PM","12/15/2025, 12:59:24 PM","12/15/2025, 5:52:43 PM",12/15/2025,6b74f9d4edaa4c9a,1,T16001,NA,female,1 3 4 5,1,0,1,1,1,0,0,0,0,1,1,0,0,0,NA,3,NA,3,NA,1,NA,2011,2015,2,1,2,3,1,1,0,0,0,0,0,0,NA,1,NA,6,0,0,0,0,0,1,0,NA,1,1 3,1,0,1,0,0,0,NA,3 4 7,0,0,1,1,0,0,1,0,0,0,NA,2 5,0,1,0,0,1,0,0,0,0,0,NA,2 5,0,1,0,0,1,0,0,0,0,0,NA,3,3,3,3,3,3,3,3,2 10,0,1,0,0,0,0,0,0,0,1,0,0,0,NA,4,2,NA,4 5 9,0,0,0,1,1,0,0,0,1,0,0,0,0,NA,4,4,4,4,4,4,4,3,3,3,5,5,3,5,5,5,1,1,1,2 5,0,1,0,0,1,0,0,0,NA,4,3,3,4,3,4,2,3,2,5,2,1,NA,4,4,2,1,4,4,0,0,0,1,0,NA,3,NA,0,0,0,0,0,1,1,1,1,0,0,NA,4,1,1,1,4,1,1,3,3,3,3,3,3,3,3,3,3,3,2 8,0,1,0,0,0,0,0,1,0,0,0,1,1,2,1,1,4,1,3,3,1,10,1,3,4,4,4,1,4,4,2,4,4,1,1,0,0,0,0,0,0,NA,1,3,3,3,1,3,3,3,1,None,4 5,0,0,0,1,1,0,0,0,0,NA,27,NA,10700,NA,uuid:4d51048e-cd19-4e84-bd48-35ebfda412b1,2512111014,uuid:4d51048e-cd19-4e84-bd48-35ebfda412b1,NA,NA,NA,NA,NA,NA,NA,NA,NA,NA
105819,S0415100272,OROMIA,Shawaa Lixaa,ejeree,kusaayee,Rural,"12/15/2025, 6:52:22 PM","12/15/2025, 1:49:24 PM","12/15/2025, 7:47:59 PM",12/15/2025,4b8dc9a715f0e7e5,1,T16002,NA,male,6 7 8,0,0,0,0,0,1,1,1,0,2 97,0,1,0,1,ICT,4,NA,3,NA,1,NA,2001,2010,2,1,1,3,5,0,0,0,0,1,0,0,NA,1,NA,2 6,0,1,0,0,0,1,0,NA,1,1,1,0,0,0,0,0,NA,2 4 5,0,1,0,1,1,0,0,0,0,0,NA,3 4,0,0,1,1,0,0,0,0,0,0,NA,3 5,0,0,1,0,1,0,0,0,0,0,NA,3,3,3,4,3,2,1,1,4 5 6,0,0,0,1,1,1,0,0,0,0,0,0,0,NA,2,2,NA,3 4,0,0,1,1,0,0,0,0,0,0,0,0,0,NA,3,3,4,4,4,4,4,3,3,4,5,5,3,5,5,5,1,1,1,5,0,0,0,0,1,0,0,0,NA,2,2,3,2,2,2,3,3,3,3,2,3,NA,3,4,3,3,3,2 3,0,1,1,0,0,NA,2,NA,0,0,0,1,1,0,0,1,1,0,0,NA,3,2,2,3,3,2,2,3,2,2,2,3,3,3,2,3,3,3,2 10,0,1,0,0,0,0,0,0,0,1,0,4,1,3,3,1,4,1,3,1,1,8,1,4,4,4,4,3,4,3,3,4,4,4,0,0,0,1,0,0,0,NA,1,3,2,3,1,2,3,3,2,None,4 5,0,0,0,1,1,0,0,0,0,NA,39,NA,13300,None,uuid:51f95932-4b4e-4487-abf1-11992a096723,2512111014,uuid:51f95932-4b4e-4487-abf1-11992a096723,NA,NA,NA,NA,NA,NA,NA,NA,NA,NA
105819,S0415100272,OROMIA,Shawaa Lixaa,ejeree,kusaayee,Rural,"12/15/2025, 6:52:23 PM","12/15/2025, 2:35:25 PM","12/15/2025, 7:48:34 PM",12/15/2025,4b8dc9a715f0e7e5,1,T16003,NA,female,1 2 3 4 5,1,1,1,1,1,0,0,0,0,97,0,0,0,1,Geda Fi sefu,4,NA,5,NA,1,NA,2003,2009,4,0,NA,NA,1,1,0,0,0,0,0,0,NA,1,NA,2 6,0,1,0,0,0,1,0,NA,1,1,1,0,0,0,0,0,NA,3 4 5,0,0,1,1,1,0,0,0,0,0,NA,2 4,0,1,0,1,0,0,0,0,0,0,NA,2 6,0,1,0,0,0,1,0,0,0,0,NA,3,4,2,4,3,1,2,2,8 9,0,0,0,0,0,0,0,1,1,0,0,0,0,NA,2,2,NA,3 9,0,0,1,0,0,0,0,0,1,0,0,0,0,NA,3,4,3,3,3,3,4,3,3,4,3,3,4,5,5,4,1,1,1,5,0,0,0,0,1,0,0,0,NA,3,3,3,2,2,2,2,3,2,2,3,4,NA,3,3,3,3,2,2 3,0,1,1,0,0,NA,2,NA,0,0,0,1,1,0,0,1,1,1,0,NA,3,2,2,1,4,3,1,1,1,2,3,3,2,3,1,3,3,3,1 4,1,0,0,1,0,0,0,0,0,0,0,4,1,3,3,1,4,3,1,1,1,8,1,3,4,3,4,3,3,2,2,4,3,4,0,0,0,1,0,0,0,NA,1,3,2,3,3,2,3,3,2,None,4 7,0,0,0,1,0,0,1,0,0,NA,36,NA,13300,None,uuid:bfbcfa15-fe1d-4916-9ef1-cb3c25d9a168,2512111014,uuid:bfbcfa15-fe1d-4916-9ef1-cb3c25d9a168,NA,NA,NA,NA,NA,NA,NA,NA,NA,NA
105830,S0415100372,OROMIA,Shawaa Lixaa,ejeree,waajituu sad.1ffaa,Rural,"12/16/2025, 6:39:33 PM","12/16/2025, 11:30:01 AM","12/16/2025, 6:33:35 PM",12/16/2025,6b74f9d4edaa4c9a,1,T16102,NA,male,6 7 8,0,0,0,0,0,1,1,1,0,2,0,1,0,0,NA,3,NA,5,NA,1,NA,2006,2016,3,1,3,3,5,0,0,0,0,1,0,0,NA,1,NA,6,0,0,0,0,0,1,0,NA,1,1 2,1,1,0,0,0,0,NA,3 4 7,0,0,1,1,0,0,1,0,0,0,NA,2 5,0,1,0,0,1,0,0,0,0,0,NA,2 8,0,1,0,0,0,0,0,1,0,0,NA,2,3,3,3,3,4,2,3,2 4 11,0,1,0,1,0,0,0,0,0,0,1,0,0,NA,4,4,NA,2 3 5,0,1,1,0,1,0,0,0,0,0,0,0,0,NA,3,3,3,3,3,4,3,4,4,3,5,4,5,5,5,5,1,1,1,2 5,0,1,0,0,1,0,0,0,NA,4,4,4,3,2,4,4,4,2,5,1,2,NA,1,1,4,1,4,4,0,0,0,1,0,NA,3,NA,0,0,0,1,0,0,0,1,1,0,0,NA,1,1,1,1,4,1,1,3,3,3,3,3,3,3,3,3,3,3,4 8,0,0,0,1,0,0,0,1,0,0,0,1,1,1,1,1,4,1,3,1,2,10,1,4,4,4,4,4,4,4,4,4,4,1 4,1,0,0,1,0,0,0,NA,1,3,3,3,1,3,3,2,1,None,3 4,0,0,1,1,0,0,0,0,0,NA,28,NA,10700,NA,uuid:cccb8afd-ddaf-4394-97cd-f5469214718d,2512142209,uuid:cccb8afd-ddaf-4394-97cd-f5469214718d,NA,NA,NA,NA,NA,NA,NA,NA,NA,NA
105830,S0415100372,OROMIA,Shawaa Lixaa,ejeree,waajituu sad.1ffaa,Rural,"12/16/2025, 6:39:34 PM","12/16/2025, 2:00:18 PM","12/16/2025, 6:32:26 PM",12/16/2025,6b74f9d4edaa4c9a,1,T16101,NA,female,1 3 4 5,1,0,1,1,1,0,0,0,0,97,0,0,0,1,"Geda , Og-art , Science",4,NA,3,NA,1,NA,2005,2016,3,0,NA,NA,5,0,0,0,0,1,0,0,NA,1,NA,5 6,0,0,0,0,1,1,0,NA,1,1,1,0,0,0,0,0,NA,3 4,0,0,1,1,0,0,0,0,0,0,NA,2 5,0,1,0,0,1,0,0,0,0,0,NA,4 8,0,0,0,1,0,0,0,1,0,0,NA,3,3,2,3,4,4,3,4,2 4 8,0,1,0,1,0,0,0,1,0,0,0,0,0,NA,4,4,NA,3 4 5,0,0,1,1,1,0,0,0,0,0,0,0,0,NA,4,3,4,4,4,4,4,4,4,4,5,5,5,5,5,5,1,1,1,2 5,0,1,0,0,1,0,0,0,NA,2,3,3,4,2,2,2,2,4,4,1,2,NA,4,4,4,1,4,4,0,0,0,1,0,NA,4,NA,0,0,0,0,0,0,0,1,1,0,0,NA,2,1,1,1,4,1,1,1,1,2,3,3,2,2,3,3,3,3,7 8,0,0,0,0,0,0,1,1,0,0,0,1,2,1,3,1,4,1,3,1,1,10,1,4,4,4,4,4,4,3,4,4,4,1,1,0,0,0,0,0,0,NA,1,1,3,3,1,2,3,3,2,None,3 7,0,0,1,0,0,0,1,0,0,NA,28,NA,12300,NA,uuid:dd3df24d-558c-4ce7-bd31-c6080c2f55d6,2512142209,uuid:dd3df24d-558c-4ce7-bd31-c6080c2f55d6,NA,NA,NA,NA,NA,NA,NA,NA,NA,NA
105830,S0415100372,OROMIA,Shawaa Lixaa,ejeree,waajituu sad.1ffaa,Rural,"12/16/2025, 7:05:26 PM","12/16/2025, 3:19:47 PM","12/16/2025, 8:58:58 PM",12/16/2025,4b8dc9a715f0e7e5,1,T16103,NA,female,1 2 3,1,1,1,0,0,0,0,0,0,2 97,0,1,0,1,Geda,4,NA,2,NA,1,NA,2007,2007,1,1,1,3,5,0,0,0,0,1,0,0,NA,1,NA,2 6,0,1,0,0,0,1,0,NA,1,1 2,1,1,0,0,0,0,NA,2 3 4,0,1,1,1,0,0,0,0,0,0,NA,3 4,0,0,1,1,0,0,0,0,0,0,NA,2 3,0,1,1,0,0,0,0,0,0,0,NA,3,3,2,3,2,2,1,1,8 9,0,0,0,0,0,0,0,1,1,0,0,0,0,NA,3,2,NA,3 4,0,0,1,1,0,0,0,0,0,0,0,0,0,NA,4,4,3,3,4,4,3,3,3,4,3,3,3,4,4,4,1,2,1,5,0,0,0,0,1,0,0,0,NA,3,3,3,2,2,3,3,3,4,3,4,3,NA,2,2,2,2,3,3 4,0,0,1,1,0,NA,2,NA,0,0,0,0,1,1,0,1,1,0,0,NA,3,1,1,1,4,3,1,3,3,2,3,3,3,2,2,3,3,3,1 3,1,0,1,0,0,0,0,0,0,0,0,4,3,1,4,1,4,1,3,3,1,8,3,4,3,4,4,2,4,4,3,4,4,4,0,0,0,1,0,0,0,NA,1,3,3,3,2,1,2,3,2,None,5 6,0,0,0,0,1,1,0,0,0,NA,31,NA,10740,None,uuid:e782b30a-1e4f-4e74-9571-897a68a5de06,2512142209,uuid:e782b30a-1e4f-4e74-9571-897a68a5de06,NA,NA,NA,NA,NA,NA,NA,NA,NA,NA
106327,S0415170012,OROMIA,Shawaa Lixaa,liiban jaawwii,caffee irreensaa,Rural,"12/24/2025, 7:53:50 PM","12/24/2025, 11:14:15 AM","12/24/2025, 11:55:19 AM",12/24/2025,7697c74e25302763,1,T19403,NA,male,5 6,0,0,0,0,1,1,0,0,0,1,1,0,0,0,NA,3,NA,2,NA,1,NA,2006,2006,1,0,NA,NA,1 5,1,0,0,0,1,0,0,NA,1,NA,5,0,0,0,0,1,0,0,NA,1,3,0,0,1,0,0,0,NA,3 4,0,0,1,1,0,0,0,0,0,0,NA,2 3,0,1,1,0,0,0,0,0,0,0,NA,2 8,0,1,0,0,0,0,0,1,0,0,NA,4,4,4,4,1,1,1,3,4 6 7,0,0,0,1,0,1,1,0,0,0,0,0,0,NA,4,4,NA,10,0,0,0,0,0,0,0,0,0,1,0,0,0,NA,4,3,4,3,4,4,3,2,2,4,5,5,5,5,5,5,1,1,1,1 2 5,1,1,0,0,1,0,0,0,NA,3,3,3,3,3,3,4,4,4,4,4,2,NA,3,3,3,3,3,2,0,1,0,0,0,NA,2,NA,0,0,0,1,0,1,1,0,1,0,0,NA,1,1,1,1,4,1,1,3,3,3,3,3,3,3,3,3,3,3,1 8,1,0,0,0,0,0,0,1,0,0,0,1,1,1,1,1,1,1,3,3,1,1,3,2,2,3,3,2,3,3,3,3,3,4,0,0,0,1,0,0,0,NA,0,NA,NA,NA,NA,NA,NA,NA,NA,NA,6 7,0,0,0,0,0,1,1,0,0,NA,32,NA,10974,Hin jiru,uuid:7d093593-db57-4af2-a570-1616bc12bdb9,2512142209,uuid:7d093593-db57-4af2-a570-1616bc12bdb9,NA,NA,NA,NA,NA,NA,NA,NA,NA,NA
106327,S0415170012,OROMIA,Shawaa Lixaa,liiban jaawwii,caffee irreensaa,Rural,"12/24/2025, 8:06:03 PM","12/24/2025, 10:06:53 AM","12/24/2025, 11:36:49 AM",12/24/2025,bbae1c343e73e9f2,1,T19401,NA,female,1 2 4,1,1,0,1,0,0,0,0,0,1,1,0,0,0,NA,3,NA,2,NA,0,NA,2008,2011,2,0,NA,NA,1 2 3,1,1,1,0,0,0,0,NA,1,NA,4 5 6,0,0,0,1,1,1,0,NA,1,1 2 3,1,1,1,0,0,0,NA,3 4 6 7 8,0,0,1,1,0,1,1,1,0,0,NA,2 5,0,1,0,0,1,0,0,0,0,0,NA,4 7,0,0,0,1,0,0,1,0,0,0,NA,3,4,3,3,1,1,4,3,3 7 8 9 11,0,0,1,0,0,0,1,1,1,0,1,0,0,NA,4,2,NA,2 6 8 9,0,1,0,0,0,1,0,1,1,0,0,0,0,NA,3,4,3,3,2,3,3,4,3,4,4,2,4,4,3,4,2,1,2,2 5,0,1,0,0,1,0,0,0,NA,3,4,3,3,4,3,4,3,4,4,3,2,NA,3,3,4,3,3,1 2 3,1,1,1,0,0,NA,2,NA,0,1,0,1,0,0,1,0,1,0,0,NA,3,4,3,4,3,4,3,2,3,2,3,2,2,3,2,2,3,3,1 8,1,0,0,0,0,0,0,1,0,0,0,2,3,2,3,2,3,2,2,2,1,3,3,2,3,2,3,3,4,3,4,3,4,2,0,1,0,0,0,0,0,NA,0,NA,NA,NA,NA,NA,NA,NA,NA,NA,2 5,0,1,0,0,1,0,0,0,0,NA,28,NA,9645,NA,uuid:ecc311ae-ae29-4ff6-9f6f-acc278a998a7,2512142209,uuid:ecc311ae-ae29-4ff6-9f6f-acc278a998a7,NA,NA,NA,NA,NA,NA,NA,NA,NA,NA
106327,S0415170012,OROMIA,Shawaa Lixaa,liiban jaawwii,caffee irreensaa,Rural,"12/24/2025, 8:06:04 PM","12/24/2025, 10:35:03 AM","12/24/2025, 11:06:43 AM",12/24/2025,bbae1c343e73e9f2,1,T19402,NA,female,1 2 3 4 5,1,1,1,1,1,0,0,0,0,1,1,0,0,0,NA,3,NA,5,NA,0,NA,2011,2014,3,0,NA,NA,1,1,0,0,0,0,0,0,NA,1,NA,2,0,1,0,0,0,0,0,NA,1,1 3,1,0,1,0,0,0,NA,1 3 5 6 7,1,0,1,0,1,1,1,0,0,0,NA,2 6,0,1,0,0,0,1,0,0,0,0,NA,2 6,0,1,0,0,0,1,0,0,0,0,NA,3,4,3,3,3,1,4,4,3 5 7 10,0,0,1,0,1,0,1,0,0,1,0,0,0,NA,4,2,NA,5 9 10 11,0,0,0,0,1,0,0,0,1,1,1,0,0,NA,3,3,4,2,3,3,3,2,2,3,3,4,2,3,3,4,1,1,1,5,0,0,0,0,1,0,0,0,NA,3,3,2,3,3,3,3,4,3,4,3,4,NA,3,2,3,2,3,1 2 3,1,1,1,0,0,NA,3,NA,0,0,0,1,0,0,0,1,0,0,0,NA,2,2,3,2,3,2,3,1,1,3,3,3,2,2,3,3,3,3,1 9,1,0,0,0,0,0,0,0,1,0,0,3,2,3,2,3,2,3,3,3,2,3,3,2,3,2,3,3,3,4,3,4,3,2 4,0,1,0,1,0,0,0,NA,0,NA,NA,NA,NA,NA,NA,NA,NA,NA,7 8,0,0,0,0,0,0,1,1,0,NA,25,NA,11435,NA,uuid:06561f7d-8e43-4ffd-ad93-6f2cc3ed3674,2512142209,uuid:06561f7d-8e43-4ffd-ad93-6f2cc3ed3674,NA,NA,NA,NA,NA,NA,NA,NA,NA,NA
562484,S0416090132,OROMIA,Wallagaa Bahaa,jimmaa arjoo,nimoonaa sad 1ffaa,Urban,"12/11/2025, 2:46:17 PM","12/8/2025, 11:27:52 AM","12/11/2025, 2:38:15 PM",12/8/2025,3.58E+14,1,T18303,NA,female,5,0,0,0,0,1,0,0,0,0,3,0,0,1,0,NA,6,NA,2,NA,1,NA,1999,2010,3,1,2,3,5,0,0,0,0,1,0,0,NA,1,NA,5,0,0,0,0,1,0,0,NA,1,3,0,0,1,0,0,0,NA,1 2 4,1,1,0,1,0,0,0,0,0,0,NA,2 6,0,1,0,0,0,1,0,0,0,0,NA,2 6,0,1,0,0,0,1,0,0,0,0,NA,4,4,4,4,1,1,1,1,2 10,0,1,0,0,0,0,0,0,0,1,0,0,0,NA,4,3,NA,2 3,0,1,1,0,0,0,0,0,0,0,0,0,0,NA,4,4,4,4,4,4,4,3,3,4,5,4,4,4,5,5,1,4,1,1 3,1,0,1,0,0,0,0,0,NA,3,4,4,4,4,4,5,5,5,5,5,2,NA,4,4,1,1,4,2 4,0,1,0,1,0,NA,2,NA,0,0,0,0,0,0,0,1,1,0,0,NA,1,1,1,1,4,1,1,3,3,3,3,3,3,3,3,3,3,3,1 4,1,0,0,1,0,0,0,0,0,0,0,1,1,1,1,1,4,1,3,3,1,9,1,4,3,4,4,1,4,4,4,4,4,1,1,0,0,0,0,0,0,NA,0,NA,NA,NA,NA,NA,NA,NA,NA,NA,7 8,0,0,0,0,0,0,1,1,0,NA,40,NA,13230,No,uuid:ce66e0ad-516d-4853-802e-22be9b589dfb,2512040829,uuid:ce66e0ad-516d-4853-802e-22be9b589dfb,NA,NA,NA,NA,NA,NA,NA,NA,NA,NA
562484,S0416090132,OROMIA,Wallagaa Bahaa,jimmaa arjoo,nimoonaa sad 1ffaa,Urban,"12/11/2025, 2:46:22 PM","12/8/2025, 11:22:59 AM","12/11/2025, 2:38:10 PM",12/8/2025,5709a80a20846068,1,T18301,NA,male,4 8,0,0,0,1,0,0,0,1,0,3,0,0,1,0,NA,3,NA,5,NA,1,NA,1998,2012,3,0,NA,NA,1 5,1,0,0,0,1,0,0,NA,1,NA,2 5,0,1,0,0,1,0,0,NA,0,NA,NA,NA,NA,NA,NA,NA,NA,NA,NA,NA,NA,NA,NA,NA,NA,NA,NA,NA,NA,2 5,0,1,0,0,1,0,0,0,0,0,NA,2 5,0,1,0,0,1,0,0,0,0,0,NA,3,3,3,3,1,1,1,1,5 11,0,0,0,0,1,0,0,0,0,0,1,0,0,NA,3,2,NA,2 3 5,0,1,1,0,1,0,0,0,0,0,0,0,0,NA,3,3,3,3,3,3,3,2,2,3,4,4,3,4,4,2,1,1,1,2 5,0,1,0,0,1,0,0,0,NA,2,3,2,2,3,3,4,4,2,4,3,2,NA,3,2,3,2,3,2 3,0,1,1,0,0,NA,3,NA,0,0,0,0,0,1,0,1,0,0,0,NA,1,1,1,1,3,2,1,3,3,3,3,3,3,3,3,3,3,3,1 4,1,0,0,1,0,0,0,0,0,0,0,3,3,2,3,3,2,3,3,3,1,6,2,2,2,3,3,3,4,4,2,3,4,4,0,0,0,1,0,0,0,NA,0,NA,NA,NA,NA,NA,NA,NA,NA,NA,4 5,0,0,0,1,1,0,0,0,0,NA,45,NA,16000,NA,uuid:618d1a1b-f6c3-472f-a443-070887c37691,2512030649,uuid:618d1a1b-f6c3-472f-a443-070887c37691,NA,NA,NA,NA,NA,NA,NA,NA,NA,NA
562484,S0416090132,OROMIA,Wallagaa Bahaa,jimmaa arjoo,nimoonaa sad 1ffaa,Urban,"12/11/2025, 2:46:23 PM","12/8/2025, 11:48:44 AM","12/11/2025, 2:12:20 PM",12/8/2025,5709a80a20846068,1,T18302,NA,male,2 7,0,1,0,0,0,0,1,0,0,3,0,0,1,0,NA,7,NA,5,NA,1,NA,1997,2013,3,0,NA,NA,5,0,0,0,0,1,0,0,NA,1,NA,2 6,0,1,0,0,0,1,0,NA,0,NA,NA,NA,NA,NA,NA,NA,NA,NA,NA,NA,NA,NA,NA,NA,NA,NA,NA,NA,NA,2 4,0,1,0,1,0,0,0,0,0,0,NA,2 5,0,1,0,0,1,0,0,0,0,0,NA,2,2,3,2,1,1,1,1,5 9,0,0,0,0,1,0,0,0,1,0,0,0,0,NA,1,2,NA,2 3 4 5,0,1,1,1,1,0,0,0,0,0,0,0,0,NA,3,2,2,3,3,3,3,3,3,2,4,4,3,4,3,3,1,1,1,2 5,0,1,0,0,1,0,0,0,NA,3,3,2,3,2,3,3,4,4,3,3,2,NA,2,2,3,3,2,2,0,1,0,0,0,NA,4,NA,0,0,0,0,0,0,0,1,1,0,0,NA,1,1,1,2,3,1,1,3,3,3,3,3,3,3,3,3,3,3,1 4,1,0,0,1,0,0,0,0,0,0,0,1,1,3,2,1,3,1,3,3,1,7,1,3,2,3,3,3,4,4,2,3,4,4 5,0,0,0,1,1,0,0,NA,0,NA,NA,NA,NA,NA,NA,NA,NA,NA,4 5,0,0,0,1,1,0,0,0,0,NA,48,NA,16599,NA,uuid:476c73b1-e4b9-4d02-8775-cdce0c707682,2512030649,uuid:476c73b1-e4b9-4d02-8775-cdce0c707682,NA,NA,NA,NA,NA,NA,NA,NA,NA,NA
107778,S0416170132,OROMIA,Wallagaa Bahaa,waayyuu tuqaa,baata baasaqaa,Rural,"12/23/2025, 6:58:58 PM","12/23/2025, 10:26:11 AM","12/23/2025, 11:07:21 AM",12/23/2025,7697c74e25302763,1,T35903,NA,male,7 8,0,0,0,0,0,0,1,1,0,97,0,0,0,1,Saayinsii waliigalaa,3,NA,2,NA,1,NA,2006,2008,2,1,1,3,5,0,0,0,0,1,0,0,NA,1,NA,6,0,0,0,0,0,1,0,NA,1,3,0,0,1,0,0,0,NA,3 4,0,0,1,1,0,0,0,0,0,0,NA,6 7,0,0,0,0,0,1,1,0,0,0,NA,2 3,0,1,1,0,0,0,0,0,0,0,NA,4,3,3,3,1,1,1,1,6 7 8 9,0,0,0,0,0,1,1,1,1,0,0,0,0,NA,2,2,NA,9,0,0,0,0,0,0,0,0,1,0,0,0,0,NA,3,3,3,2,3,3,3,2,1,4,5,5,5,5,5,5,1,1,1,2 5,0,1,0,0,1,0,0,0,NA,3,3,3,3,3,3,4,3,4,4,4,2,NA,3,3,3,3,3,2,0,1,0,0,0,NA,2,NA,0,0,0,1,0,1,1,1,1,0,0,NA,1,1,1,1,4,1,3,3,3,2,3,3,2,3,3,3,3,3,1 2,1,1,0,0,0,0,0,0,0,0,0,3,2,3,4,1,3,1,2,2,1,4,3,3,4,4,3,2,4,4,4,4,4,4,0,0,0,1,0,0,0,NA,0,NA,NA,NA,NA,NA,NA,NA,NA,NA,6 7,0,0,0,0,0,1,1,0,0,NA,33,NA,10300,Hin jiru,uuid:a30f4ef0-b39a-421b-90ed-21193ceae7a4,2512142209,uuid:a30f4ef0-b39a-421b-90ed-21193ceae7a4,NA,NA,NA,NA,NA,NA,NA,NA,NA,NA
107778,S0416170132,OROMIA,Wallagaa Bahaa,waayyuu tuqaa,baata baasaqaa,Rural,"12/23/2025, 7:00:36 PM","12/23/2025, 9:49:02 AM","12/23/2025, 10:25:34 AM",12/23/2025,bbae1c343e73e9f2,1,T35901,NA,female,1 2 5 6,1,1,0,0,1,1,0,0,0,97,0,0,0,1,Sport fi saayinis nannoo,3,NA,2,NA,1,NA,2010,2012,2,0,NA,NA,1 3 97,1,0,1,0,0,1,0,Management,1,NA,4 5 6,0,0,0,1,1,1,0,NA,1,3,0,0,1,0,0,0,NA,1 2 3 4 5 6 7 8 9,1,1,1,1,1,1,1,1,1,0,NA,2 5,0,1,0,0,1,0,0,0,0,0,NA,4 6,0,0,0,1,0,1,0,0,0,0,NA,4,4,4,3,1,3,3,2,2 4 6 10,0,1,0,1,0,1,0,0,0,1,0,0,0,NA,2,2,NA,2 9 10 11,0,1,0,0,0,0,0,0,1,1,1,0,0,NA,3,2,4,3,3,4,3,4,3,3,4,4,5,4,5,5,2,3,2,1 3 5,1,0,1,0,1,0,0,0,NA,2,3,2,4,2,3,4,4,5,4,4,97,Akkata tahumsa isaanittin,3,2,3,2,3,1 3 4 97,1,0,1,1,1,Bartoota sana adda bafnee bifa addattin barumsa lanaaf,2,NA,0,1,0,1,1,1,1,1,1,0,0,NA,2,2,3,2,3,2,2,1,1,3,3,2,2,3,3,3,3,3,8 9,0,0,0,0,0,0,0,1,1,0,0,3,2,3,3,3,3,3,2,2,4,2,3,3,2,3,3,3,4,4,4,4,4,2 4,0,1,0,1,0,0,0,NA,0,NA,NA,NA,NA,NA,NA,NA,NA,NA,3 4,0,0,1,1,0,0,0,0,0,NA,28,NA,10274,"1,hojii barsisuma gaarii gaaruu midhaa isatu caala Bakka nuyi jiraannu irra baayyee fagoodha",uuid:8a49de83-e549-4494-a676-7164d5ba3159,2512142209,uuid:8a49de83-e549-4494-a676-7164d5ba3159,NA,NA,NA,NA,NA,NA,NA,NA,NA,NA
107778,S0416170132,OROMIA,Wallagaa Bahaa,waayyuu tuqaa,baata baasaqaa,Rural,"12/23/2025, 7:00:36 PM","12/23/2025, 10:26:42 AM","12/23/2025, 6:22:55 PM",12/23/2025,bbae1c343e73e9f2,1,T35902,NA,female,4 5 7,0,0,0,1,1,0,1,0,0,2,0,1,0,0,NA,4,NA,5,NA,1,NA,1997,2016,5,0,NA,NA,1 3,1,0,1,0,0,0,0,NA,1,NA,3 4 6,0,0,1,1,0,1,0,NA,1,3 97,0,0,1,0,0,1,Department,4 6,0,0,0,1,0,1,0,0,0,0,NA,2 8,0,1,0,0,0,0,0,1,0,0,NA,6 8,0,0,0,0,0,1,0,1,0,0,NA,4,3,3,3,1,1,1,1,4 7 8 10,0,0,0,1,0,0,1,1,0,1,0,0,0,NA,4,2,NA,2 3 9 10,0,1,1,0,0,0,0,0,1,1,0,0,0,NA,4,3,3,3,4,3,3,4,3,4,4,5,4,4,5,5,1,2,1,3 5,0,0,1,0,1,0,0,0,NA,4,3,3,4,4,4,4,5,4,5,4,2,NA,3,4,4,3,4,2 3 4,0,1,1,1,0,NA,3,NA,1,0,0,1,1,0,1,1,0,0,0,NA,2,3,2,3,3,4,3,1,1,3,2,1,2,3,2,3,3,3,1 8,1,0,0,0,0,0,0,1,0,0,0,3,3,4,2,3,2,3,3,3,1,1,3,4,3,4,4,3,4,4,4,4,4,2,0,1,0,0,0,0,0,NA,1,3,2,3,1,1,2,2,1,"1,Haali naagenyaa,Faagenya Bakka Ani jiru",7 97,0,0,0,0,0,0,1,0,1,"1,Daagagina Ogummaa meetology , Kaarikulemi Fi kaarora Evaluation system ,  skill student development 
2,Hiraamana  haawasa fi haala arganno projects
Peedaagoji fi maadali kitaaba",38,NA,15300,"1,Ogummaa haaraa argachuf rakkoo gama financial nu muudate hama nuyi argannu fi hama nuyi baafnu gargari
2, baakki nu jiraannu haalli naagenyaa raakkisa fi taajila nu baarbachisu argachu dhabu.",uuid:285350da-3dd9-4163-8f87-c0c59781fef0,2512142209,uuid:285350da-3dd9-4163-8f87-c0c59781fef0,NA,NA,NA,NA,NA,NA,NA,NA,NA,NA
107916,S0417020122,OROMIA,Wallagaa Lixaa,b/m/gimbii,biiftuu gimbii sad 1ffaa,Urban,"12/15/2025, 6:00:58 PM","12/15/2025, 10:30:49 AM","12/15/2025, 11:02:29 AM",12/15/2025,bbae1c343e73e9f2,1,T33001,NA,female,2,0,1,0,0,0,0,0,0,0,2,0,1,0,0,NA,3,NA,2,NA,0,NA,2011,2015,2,0,NA,NA,2 4,0,1,0,1,0,0,0,NA,1,NA,5 6,0,0,0,0,1,1,0,NA,1,1 2 3 4,1,1,1,1,0,0,NA,1 2 3 4 5 6 7 8,1,1,1,1,1,1,1,1,0,0,NA,2 8,0,1,0,0,0,0,0,1,0,0,NA,4 8,0,0,0,1,0,0,0,1,0,0,NA,4,4,3,3,1,1,1,1,2 3 4 6 8 9,0,1,1,1,0,1,0,1,1,0,0,0,0,NA,4,2,NA,2 4 5 6 9 11,0,1,0,1,1,1,0,0,1,0,1,0,0,NA,4,4,4,4,4,4,4,4,4,4,4,5,5,5,4,5,2,1,2,5,0,0,0,0,1,0,0,0,NA,3,3,4,3,4,4,5,4,5,4,4,2,NA,4,3,4,3,4,1 2 3 4,1,1,1,1,0,NA,3,NA,0,0,1,1,1,1,1,1,0,0,0,NA,3,3,3,4,3,4,3,1,3,2,2,2,3,3,2,3,2,3,2 8,0,1,0,0,0,0,0,1,0,0,0,2,2,1,2,3,2,1,3,3,2,9,4,3,2,3,3,4,4,4,4,4,4,2 4,0,1,0,1,0,0,0,NA,0,NA,NA,NA,NA,NA,NA,NA,NA,NA,4 7,0,0,0,1,0,0,1,0,0,NA,27,NA,10700,999,uuid:58c6ed92-4a9e-4f0f-98b1-51f349b6adb5,2512111014,uuid:58c6ed92-4a9e-4f0f-98b1-51f349b6adb5,NA,NA,NA,NA,NA,NA,NA,NA,NA,NA
107916,S0417020122,OROMIA,Wallagaa Lixaa,b/m/gimbii,biiftuu gimbii sad 1ffaa,Urban,"12/15/2025, 6:00:58 PM","12/15/2025, 11:02:33 AM","12/15/2025, 11:42:12 AM",12/15/2025,bbae1c343e73e9f2,1,T33001,NA,male,3 4,0,0,1,1,0,0,0,0,0,1,1,0,0,0,NA,6,NA,5,NA,1,NA,1998,2017,4,0,NA,NA,2,0,1,0,0,0,0,0,NA,1,NA,5 6,0,0,0,0,1,1,0,NA,1,1 2 3 4,1,1,1,1,0,0,NA,1 2 3 5 7 8,1,1,1,0,1,0,1,1,0,0,NA,2 7,0,1,0,0,0,0,1,0,0,0,NA,6 8,0,0,0,0,0,1,0,1,0,0,NA,3,3,4,3,1,1,2,2,2 4 5 7 8 10 11,0,1,0,1,1,0,1,1,0,1,1,0,0,NA,4,2,NA,2 3 6 8 9 11,0,1,1,0,0,1,0,1,1,0,1,0,0,NA,4,4,4,4,4,4,4,3,4,4,5,5,5,5,5,5,2,1,2,5,0,0,0,0,1,0,0,0,NA,3,4,3,4,3,4,4,5,4,5,4,2,NA,3,4,3,4,3,1 2 4,1,1,0,1,0,NA,1,NA,0,1,0,1,1,1,1,1,0,0,0,NA,2,3,2,2,3,2,3,1,2,3,2,3,1,3,3,3,2,3,1 5,1,0,0,0,1,0,0,0,0,0,0,4,3,4,4,3,4,4,2,2,2,9,4,3,4,3,4,4,4,3,4,3,4,2 4,0,1,0,1,0,0,0,NA,0,NA,NA,NA,NA,NA,NA,NA,NA,NA,4 7,0,0,0,1,0,0,1,0,0,NA,40,NA,15400,"Iji barsisa tokko baarata isa  hundaa toochu qaba
In guudda dare keesaatti namunsi barata eegamudha",uuid:d4822059-3048-4047-958e-d8334aafb2a6,2512111014,uuid:d4822059-3048-4047-958e-d8334aafb2a6,NA,NA,NA,NA,NA,NA,NA,NA,NA,NA
107916,S0417020122,OROMIA,Wallagaa Lixaa,b/m/gimbii,biiftuu gimbii sad 1ffaa,Urban,"12/15/2025, 6:05:53 PM","12/15/2025, 10:39:31 AM","12/15/2025, 11:21:32 AM",12/15/2025,7697c74e25302763,1,T33002,NA,female,5,0,0,0,0,1,0,0,0,0,97,0,0,0,1,Saayinsii naannoo,4,NA,5,NA,1,NA,2006,2016,4,0,NA,NA,5,0,0,0,0,1,0,0,NA,1,NA,6,0,0,0,0,0,1,0,NA,1,3,0,0,1,0,0,0,NA,1 4 5,1,0,0,1,1,0,0,0,0,0,NA,2 8,0,1,0,0,0,0,0,1,0,0,NA,2 3,0,1,1,0,0,0,0,0,0,0,NA,4,4,4,4,1,2,2,2,2 6 7,0,1,0,0,0,1,1,0,0,0,0,0,0,NA,4,4,NA,8 10,0,0,0,0,0,0,0,1,0,1,0,0,0,NA,2,2,2,2,4,4,2,2,1,4,5,4,4,4,4,4,3,1,1,5,0,0,0,0,1,0,0,0,NA,1,4,4,3,3,3,2,4,4,4,4,2,NA,3,3,2,2,3,2,0,1,0,0,0,NA,1,NA,0,0,0,0,0,0,0,0,0,0,0,NA,1,1,1,1,4,1,1,3,3,2,3,3,3,3,3,3,3,3,2 8,0,1,0,0,0,0,0,1,0,0,0,1,1,1,1,1,4,1,3,3,1,1,4,4,1,4,4,2,4,4,4,4,4,4,0,0,0,1,0,0,0,NA,0,NA,NA,NA,NA,NA,NA,NA,NA,NA,4 7,0,0,0,1,0,0,1,0,0,NA,32,NA,13000,Hin jiru,uuid:fa069d0d-dd58-4d41-af40-ce98f33812d2,2512142209,uuid:fa069d0d-dd58-4d41-af40-ce98f33812d2,NA,NA,NA,NA,NA,NA,NA,NA,NA,NA
435813,S0417060282,OROMIA,Wallagaa Lixaa,beegii,boonii abshaalaa,Rural,"12/18/2025, 7:47:31 PM","12/18/2025, 10:47:21 AM","12/18/2025, 11:19:14 AM",12/18/2025,7697c74e25302763,1,T30003,NA,female,1 2 3 4,1,1,1,1,0,0,0,0,0,1,1,0,0,0,NA,3,NA,2,NA,1,NA,2007,2016,2,1,3,3,5,0,0,0,0,1,0,0,NA,1,NA,6,0,0,0,0,0,1,0,NA,1,3,0,0,1,0,0,0,NA,1 3 4,1,0,1,1,0,0,0,0,0,0,NA,2 3,0,1,1,0,0,0,0,0,0,0,NA,3 5,0,0,1,0,1,0,0,0,0,0,NA,4,4,4,4,3,3,3,3,6 7,0,0,0,0,0,1,1,0,0,0,0,0,0,NA,4,2,NA,3 9,0,0,1,0,0,0,0,0,1,0,0,0,0,NA,4,4,4,3,4,4,3,2,2,4,5,5,3,5,5,5,1,1,1,2 5,0,1,0,0,1,0,0,0,NA,3,3,3,3,3,3,4,3,4,4,4,2,NA,4,4,4,3,3,2,0,1,0,0,0,NA,3,NA,0,0,0,0,0,0,0,0,0,0,0,NA,3,3,1,1,4,1,1,1,2,2,3,3,2,2,2,2,2,2,1 9,1,0,0,0,0,0,0,0,1,0,0,2,2,3,3,1,3,1,1,1,1,1,2,3,2,4,3,2,4,4,4,4,4,4,0,0,0,1,0,0,0,NA,0,NA,NA,NA,NA,NA,NA,NA,NA,NA,3 5,0,0,1,0,1,0,0,0,0,NA,28,NA,10300,Hin jiru,uuid:6e846eb9-ceaf-47f6-b96a-86d721fc9b28,2512142209,uuid:6e846eb9-ceaf-47f6-b96a-86d721fc9b28,NA,NA,NA,NA,NA,NA,NA,NA,NA,NA
435813,S0417060282,OROMIA,Wallagaa Lixaa,beegii,boonii abshaalaa,Rural,"12/18/2025, 8:00:44 PM","12/18/2025, 9:58:24 AM","12/18/2025, 8:01:23 PM",12/18/2025,bbae1c343e73e9f2,1,T30001,NA,male,5 6 7 8,0,0,0,0,1,1,1,1,0,1,1,0,0,0,NA,4,NA,5,NA,1,NA,2006,2012,3,1,3,3,1,1,0,0,0,0,0,0,NA,1,NA,5 6,0,0,0,0,1,1,0,NA,1,1 3,1,0,1,0,0,0,NA,1 2 4 5 6 7,1,1,0,1,1,1,1,0,0,0,NA,2 8,0,1,0,0,0,0,0,1,0,0,NA,2 5,0,1,0,0,1,0,0,0,0,0,NA,4,4,4,4,1,1,2,2,3 4 7 9 11,0,0,1,1,0,0,1,0,1,0,1,0,0,NA,3,4,NA,2 3 5 10,0,1,1,0,1,0,0,0,0,1,0,0,0,NA,3,3,2,3,3,3,3,2,3,3,4,5,4,5,4,4,1,1,1,5 97,0,0,0,0,1,0,1,0,Jalqaba irratti rakkoo isa qubsa tahe adabin irraa kasa,4,3,4,3,4,3,4,4,4,4,5,2,NA,4,3,4,3,4,1 2,1,1,0,0,0,NA,5,NA,0,0,0,0,0,1,0,1,0,0,0,NA,1,2,1,1,3,3,2,3,2,3,3,3,3,3,3,3,3,3,4 8,0,0,0,1,0,0,0,1,0,0,0,3,4,3,2,3,3,3,3,3,1,3,2,4,2,4,3,3,4,4,4,4,4,2 4,0,1,0,1,0,0,0,NA,0,NA,NA,NA,NA,NA,NA,NA,NA,NA,4 8,0,0,0,1,0,0,0,1,0,NA,31,NA,12336,NA,uuid:e07116cd-db53-4cfb-8062-7e1c3c347e0f,2512111014,uuid:e07116cd-db53-4cfb-8062-7e1c3c347e0f,NA,NA,NA,NA,NA,NA,NA,NA,NA,NA
435813,S0417060282,OROMIA,Wallagaa Lixaa,beegii,boonii abshaalaa,Rural,"12/18/2025, 8:00:44 PM","12/18/2025, 10:39:21 AM","12/18/2025, 8:01:13 PM",12/18/2025,bbae1c343e73e9f2,1,T30002,NA,female,2 4 5 7,0,1,0,1,1,0,1,0,0,97,0,0,0,1,Saayinis naannoo,3,NA,2,NA,0,NA,2011,2015,5,1,1,3,1 3 97,1,0,1,0,0,1,0,Management,1,NA,5 6,0,0,0,0,1,1,0,NA,1,1 3,1,0,1,0,0,0,NA,2 4 6 8,0,1,0,1,0,1,0,1,0,0,NA,2 4,0,1,0,1,0,0,0,0,0,0,NA,5 8,0,0,0,0,1,0,0,1,0,0,NA,4,3,4,4,1,1,1,1,3 7 8 9,0,0,1,0,0,0,1,1,1,0,0,0,0,NA,4,2,NA,2 6 9,0,1,0,0,0,1,0,0,1,0,0,0,0,NA,4,2,4,3,4,3,4,2,4,4,4,5,4,5,4,5,1,1,1,5,0,0,0,0,1,0,0,0,NA,4,4,3,4,3,3,4,5,4,5,4,2,NA,4,3,4,3,3,1 2 3,1,1,1,0,0,NA,5,NA,0,0,0,1,1,1,0,0,1,0,0,NA,4,4,1,4,3,2,3,2,2,1,2,1,2,2,1,1,3,2,1 8,1,0,0,0,0,0,0,1,0,0,0,3,3,4,3,2,2,1,2,2,1,5,4,4,2,3,4,3,4,4,4,4,4,2 4,0,1,0,1,0,0,0,NA,1,3,3,3,1,1,3,3,3,Faagenya Bakka Ani jiru,3 4,0,0,1,1,0,0,0,0,0,NA,25,NA,10432,"1 Rakko finance ,Rakko karaa faagenya maati irraa adda bahani hoojechu",uuid:1aa3aad8-7960-4eb0-83f3-901a789ff6e6,2512111014,uuid:1aa3aad8-7960-4eb0-83f3-901a789ff6e6,NA,NA,NA,NA,NA,NA,NA,NA,NA,NA
435818,S0417060532,OROMIA,Wallagaa Lixaa,beegii,dhallaadduu dhagaa bookaa,Rural,"12/19/2025, 8:58:12 PM","12/19/2025, 9:38:27 AM","12/19/2025, 11:05:55 AM",12/19/2025,7697c74e25302763,1,T12903,NA,male,5 6 7 8,0,0,0,0,1,1,1,1,0,97,0,0,0,1,Saayinsii hawwaasaa,6,NA,2,NA,1,NA,2015,2015,1,0,NA,NA,5,0,0,0,0,1,0,0,NA,1,NA,6,0,0,0,0,0,1,0,NA,1,3,0,0,1,0,0,0,NA,3 4 6,0,0,1,1,0,1,0,0,0,0,NA,6 7,0,0,0,0,0,1,1,0,0,0,NA,2 5,0,1,0,0,1,0,0,0,0,0,NA,4,4,4,4,1,2,1,1,3 6 7 8,0,0,1,0,0,1,1,1,0,0,0,0,0,NA,4,4,NA,9,0,0,0,0,0,0,0,0,1,0,0,0,0,NA,3,3,4,3,2,4,4,2,1,4,5,3,4,5,5,5,1,1,1,2 5,0,1,0,0,1,0,0,0,NA,3,3,3,3,3,3,4,3,4,4,4,2,NA,2,3,4,3,3,2,0,1,0,0,0,NA,5,NA,0,0,0,0,0,0,0,0,0,0,0,NA,1,1,1,1,4,1,1,1,1,2,3,3,2,2,2,1,1,1,4 5,0,0,0,1,1,0,0,0,0,0,0,1,1,1,4,1,4,1,3,3,1,1,4,4,1,4,4,3,4,4,4,4,4,5,0,0,0,0,1,0,0,NA,0,NA,NA,NA,NA,NA,NA,NA,NA,NA,4 7,0,0,0,1,0,0,1,0,0,NA,32,NA,9173,Hinjiru,uuid:6a179e08-326c-4e08-83a8-ab666e3fa351,2512142209,uuid:6a179e08-326c-4e08-83a8-ab666e3fa351,NA,NA,NA,NA,NA,NA,NA,NA,NA,NA
435818,S0417060532,OROMIA,Wallagaa Lixaa,beegii,dhallaadduu dhagaa bookaa,Rural,"12/19/2025, 9:00:07 PM","12/19/2025, 8:59:55 AM","12/19/2025, 9:36:58 AM",12/19/2025,bbae1c343e73e9f2,1,T12901,NA,female,1 2 3 4,1,1,1,1,0,0,0,0,0,2,0,1,0,0,NA,4,NA,2,NA,0,NA,2007,2011,2,1,1,3,1,1,0,0,0,0,0,0,NA,1,NA,5 6,0,0,0,0,1,1,0,NA,1,1 3,1,0,1,0,0,0,NA,1 2 3 4 6 7,1,1,1,1,0,1,1,0,0,0,NA,5 8,0,0,0,0,1,0,0,1,0,0,NA,2 6,0,1,0,0,0,1,0,0,0,0,NA,3,4,4,4,1,3,3,1,4 7 8 9 11,0,0,0,1,0,0,1,1,1,0,1,0,0,NA,4,4,NA,2 8 9 10 97,0,1,0,0,0,0,0,1,1,1,0,1,0,"1 kaarora waaga fi torbe wal simu qaba
2 Mataa dure kaalessa baratame bartotan maal baaranee jenne yaadachisu",3,2,3,2,3,3,3,3,3,2,4,5,4,5,4,5,2,1,1,2 5,0,1,0,0,1,0,0,0,NA,3,4,3,4,3,4,4,5,4,4,5,1,NA,4,3,4,4,3,1 2 3,1,1,1,0,0,NA,5,NA,1,0,0,1,0,0,1,1,1,0,0,NA,2,3,2,3,2,3,2,1,2,3,3,3,2,3,3,2,3,3,1 9,1,0,0,0,0,0,0,0,1,0,0,3,4,2,3,2,3,3,2,2,1,3,3,3,4,3,4,4,4,4,4,4,4,2,0,1,0,0,0,0,0,NA,0,NA,NA,NA,NA,NA,NA,NA,NA,NA,4 5,0,0,0,1,1,0,0,0,0,NA,29,NA,10200,NA,uuid:ec5919cc-d849-4ce3-b680-f5cb0fe32b67,2512111014,uuid:ec5919cc-d849-4ce3-b680-f5cb0fe32b67,NA,NA,NA,NA,NA,NA,NA,NA,NA,NA
435818,S0417060532,OROMIA,Wallagaa Lixaa,beegii,dhallaadduu dhagaa bookaa,Rural,"12/19/2025, 9:00:11 PM","12/19/2025, 9:38:17 AM","12/19/2025, 10:15:59 AM",12/19/2025,bbae1c343e73e9f2,1,T12902,NA,male,1 4,1,0,0,1,0,0,0,0,0,1 97,1,0,0,1,Gadaa fi og arti,3,NA,5,NA,1,NA,2013,2013,2,1,2,3,1,1,0,0,0,0,0,0,NA,1,NA,5 6,0,0,0,0,1,1,0,NA,1,1 3,1,0,1,0,0,0,NA,1 2 3 4 5 7 8,1,1,1,1,1,0,1,1,0,0,NA,2 7,0,1,0,0,0,0,1,0,0,0,NA,2 6,0,1,0,0,0,1,0,0,0,0,NA,4,3,3,4,1,1,4,3,4 7 9 10,0,0,0,1,0,0,1,0,1,1,0,0,0,NA,4,4,NA,2 6 10 11,0,1,0,0,0,1,0,0,0,1,1,0,0,NA,4,3,4,1,4,3,4,3,4,4,4,5,4,5,5,4,2,1,1,2 5,0,1,0,0,1,0,0,0,NA,3,4,3,4,3,3,4,5,4,5,4,2,NA,3,3,4,4,4,1 2 3,1,1,1,0,0,NA,5,NA,0,0,1,1,1,1,1,0,0,0,0,NA,3,2,3,3,4,3,4,1,3,1,3,3,2,3,3,3,3,3,1 8,1,0,0,0,0,0,0,1,0,0,0,3,3,2,3,2,3,3,3,3,1,3,3,4,3,4,3,4,4,4,4,4,4,2 97,0,1,0,0,0,0,1,Kitaaba manxxassuu,1,3,3,3,1,2,1,2,1,1 Rakko nageenya,4 7,0,0,0,1,0,0,1,0,0,NA,29,NA,10600,1 haaqina meeshale rakkoo guudda nuti tahe,uuid:f51e44e2-9b07-49d1-892b-e1ca5da9e949,2512111014,uuid:f51e44e2-9b07-49d1-892b-e1ca5da9e949,NA,NA,NA,NA,NA,NA,NA,NA,NA,NA
430776,S0417100142,OROMIA,Wallagaa Lixaa,gimbii,laaloo usachee,Rural,"12/16/2025, 6:45:01 PM","12/16/2025, 9:41:27 AM","12/16/2025, 10:19:28 AM",12/16/2025,7697c74e25302763,1,T16503,NA,female,1 2 3,1,1,1,0,0,0,0,0,0,97,0,0,0,1,Saayinsii,4,NA,2,NA,1,NA,2003,2014,5,0,NA,NA,1,1,0,0,0,0,0,0,NA,1,NA,6,0,0,0,0,0,1,0,NA,1,3,0,0,1,0,0,0,NA,2 3 4 6,0,1,1,1,0,1,0,0,0,0,NA,2 8,0,1,0,0,0,0,0,1,0,0,NA,2 3,0,1,1,0,0,0,0,0,0,0,NA,4,4,4,4,1,3,3,1,6 7 9,0,0,0,0,0,1,1,0,1,0,0,0,0,NA,4,2,NA,9,0,0,0,0,0,0,0,0,1,0,0,0,0,NA,2,2,4,3,3,4,3,1,1,4,5,5,5,5,5,5,1,1,1,1 2 5,1,1,0,0,1,0,0,0,NA,3,4,3,3,3,3,4,4,4,4,4,2,NA,4,4,4,4,4,2,0,1,0,0,0,NA,1,NA,0,0,0,0,0,0,0,0,0,0,0,NA,1,1,1,1,4,1,1,1,1,2,3,3,2,2,2,3,3,3,2 8,0,1,0,0,0,0,0,1,0,0,0,3,1,3,3,1,3,1,1,1,1,1,3,1,4,4,4,1,4,4,4,4,4,2,0,1,0,0,0,0,0,NA,0,NA,NA,NA,NA,NA,NA,NA,NA,NA,4 7,0,0,0,1,0,0,1,0,0,NA,35,NA,13000,Hin jiru,uuid:1d519be0-8149-4fb2-a24b-ef5585348236,2512142209,uuid:1d519be0-8149-4fb2-a24b-ef5585348236,NA,NA,NA,NA,NA,NA,NA,NA,NA,NA
430776,S0417100142,OROMIA,Wallagaa Lixaa,gimbii,laaloo usachee,Rural,"12/17/2025, 4:27:54 AM","12/16/2025, 9:36:05 AM","12/16/2025, 11:46:54 AM",12/16/2025,bbae1c343e73e9f2,1,T16502,NA,female,8,0,0,0,0,0,0,0,1,0,97,0,0,0,1,Gadaa fi Hawaasa,4,NA,5,NA,1,NA,1996,2017,8,1,2,3,1,1,0,0,0,0,0,0,NA,1,NA,5 6,0,0,0,0,1,1,0,NA,1,1 3,1,0,1,0,0,0,NA,1 2 3 4 5 6 7 9,1,1,1,1,1,1,1,0,1,0,NA,2 6,0,1,0,0,0,1,0,0,0,0,NA,2 8,0,1,0,0,0,0,0,1,0,0,NA,4,3,3,3,1,1,1,1,2 8 10,0,1,0,0,0,0,0,1,0,1,0,0,0,NA,4,2,NA,2 4 5 6 8 9 10 11,0,1,0,1,1,1,0,1,1,1,1,0,0,NA,4,3,4,4,4,4,4,3,4,4,5,4,5,5,5,5,1,2,2,5,0,0,0,0,1,0,0,0,NA,4,3,4,3,4,3,5,5,4,5,4,2,NA,3,4,4,4,4,3 4,0,0,1,1,0,NA,2,NA,1,0,1,1,1,1,1,0,0,0,0,NA,1,1,1,1,1,1,1,2,2,2,3,2,2,2,2,3,3,3,1 2,1,1,0,0,0,0,0,0,0,0,0,3,1,4,3,4,4,4,2,2,4,2,4,3,4,4,4,4,4,4,4,4,4,4,0,0,0,1,0,0,0,NA,0,NA,NA,NA,NA,NA,NA,NA,NA,NA,3 4,0,0,1,1,0,0,0,0,0,NA,40,NA,15100,Mudaanno kan natti tahe sadarka guddina nu dhowaatani kun muudano hojiiko irratti narrati tahedha,uuid:68458e1d-afce-4c51-8c21-05282191dd0a,2512111014,uuid:68458e1d-afce-4c51-8c21-05282191dd0a,NA,NA,NA,NA,NA,NA,NA,NA,NA,NA
430776,S0417100142,OROMIA,Wallagaa Lixaa,gimbii,laaloo usachee,Rural,"12/17/2025, 4:27:55 AM","12/16/2025, 9:01:16 AM","12/16/2025, 9:35:57 AM",12/16/2025,bbae1c343e73e9f2,1,T16501,NA,male,8,0,0,0,0,0,0,0,1,0,1,1,0,0,0,NA,3,NA,2,NA,0,NA,2009,2017,3,1,1,3,1 3,1,0,1,0,0,0,0,NA,1,NA,5 6,0,0,0,0,1,1,0,NA,1,1 3 4,1,0,1,1,0,0,NA,1 2 3 4 5 6 7 8 9,1,1,1,1,1,1,1,1,1,0,NA,2 6,0,1,0,0,0,1,0,0,0,0,NA,2 5,0,1,0,0,1,0,0,0,0,0,NA,4,4,4,3,2,3,4,3,2 4 5 7 8 10,0,1,0,1,1,0,1,1,0,1,0,0,0,NA,4,2,NA,2 5 9 11,0,1,0,0,1,0,0,0,1,0,1,0,0,NA,3,4,3,3,4,3,3,4,3,4,4,5,4,5,4,5,3,3,4,5,0,0,0,0,1,0,0,0,NA,3,4,3,3,4,4,4,5,4,5,5,2,NA,3,3,4,4,3,1 2 3,1,1,1,0,0,NA,2,NA,0,1,0,1,1,0,1,1,0,0,0,NA,4,3,4,3,4,3,4,1,2,3,2,3,2,3,2,3,3,3,1 9,1,0,0,0,0,0,0,0,1,0,0,3,2,3,2,2,3,1,3,3,1,9,3,3,4,4,3,4,4,3,4,3,4,2 4,0,1,0,1,0,0,0,NA,0,NA,NA,NA,NA,NA,NA,NA,NA,NA,4 7,0,0,0,1,0,0,1,0,0,NA,32,NA,11350,NA,uuid:2f35ff02-6196-4e3a-a904-b3d9b1004459,2512111014,uuid:2f35ff02-6196-4e3a-a904-b3d9b1004459,NA,NA,NA,NA,NA,NA,NA,NA,NA,NA
430841,S0417110322,OROMIA,Wallagaa Lixaa,gullisoo,waayyuu guutee,Rural,"12/11/2025, 5:03:08 PM","12/11/2025, 9:55:20 AM","12/11/2025, 10:36:15 AM",12/11/2025,7697c74e25302763,1,T17301,NA,female,5 6 7 8,0,0,0,0,1,1,1,1,0,1,1,0,0,0,NA,3,NA,1,NA,1,NA,2011,2016,3,0,NA,NA,1,1,0,0,0,0,0,0,NA,1,NA,2 6,0,1,0,0,0,1,0,NA,1,3,0,0,1,0,0,0,NA,1 2 4,1,1,0,1,0,0,0,0,0,0,NA,2 8,0,1,0,0,0,0,0,1,0,0,NA,2 5,0,1,0,0,1,0,0,0,0,0,NA,3,3,1,3,1,3,1,3,2 4 7,0,1,0,1,0,0,1,0,0,0,0,0,0,NA,0,1,NA,NA,NA,NA,NA,NA,NA,NA,NA,NA,NA,NA,NA,NA,NA,NA,2,2,2,2,3,3,2,2,1,3,4,2,4,4,4,4,1,1,1,98,0,0,0,0,0,0,0,1,NA,3,3,3,3,3,3,4,2,1,4,4,2,NA,3,3,3,3,3,2,0,1,0,0,0,NA,2,NA,0,0,0,1,0,0,0,0,0,0,0,NA,1,1,1,1,4,1,1,2,2,2,3,2,1,2,2,2,2,2,1 5,1,0,0,0,1,0,0,0,0,0,0,4,1,4,4,1,4,4,2,3,1,3,3,3,2,3,3,2,4,4,4,4,4,4,0,0,0,1,0,0,0,NA,0,NA,NA,NA,NA,NA,NA,NA,NA,NA,3 5,0,0,1,0,1,0,0,0,0,NA,30,NA,10700,Hin jiru,uuid:2cff5132-526b-4b63-b971-60cded1e283b,2512040829,uuid:2cff5132-526b-4b63-b971-60cded1e283b,NA,NA,NA,NA,NA,NA,NA,NA,NA,NA
430841,S0417110322,OROMIA,Wallagaa Lixaa,gullisoo,waayyuu guutee,Rural,"12/11/2025, 5:04:28 PM","12/11/2025, 9:18:25 AM","12/11/2025, 10:02:36 AM",12/11/2025,bbae1c343e73e9f2,1,T17302,NA,male,3,0,0,1,0,0,0,0,0,0,97,0,0,0,1,Saayinis nannoo,3,NA,5,NA,0,NA,2015,2016,2,0,NA,NA,1,1,0,0,0,0,0,0,NA,1,NA,5 6,0,0,0,0,1,1,0,NA,1,1 3,1,0,1,0,0,0,NA,2 3 4 5 6 7 8,0,1,1,1,1,1,1,1,0,0,NA,2 8,0,1,0,0,0,0,0,1,0,0,NA,5 6,0,0,0,0,1,1,0,0,0,0,NA,3,4,4,4,1,2,4,1,3 7 8 9 10,0,0,1,0,0,0,1,1,1,1,0,0,0,NA,2,2,NA,2 4 6 8 9 10,0,1,0,1,0,1,0,1,1,1,0,0,0,NA,2,1,4,2,4,4,4,3,3,3,5,5,5,3,5,5,2,3,1,5,0,0,0,0,1,0,0,0,NA,2,3,2,3,2,2,3,3,3,3,3,2,NA,3,4,3,3,3,2 3,0,1,1,0,0,NA,2,NA,1,0,0,1,1,1,1,1,1,1,0,NA,3,4,2,3,3,1,2,1,2,2,3,2,2,2,3,1,1,3,2 4,0,1,0,1,0,0,0,0,0,0,0,3,2,3,3,2,3,3,3,3,1,9,4,3,2,3,4,4,4,4,4,4,4,4,0,0,0,1,0,0,0,NA,0,NA,NA,NA,NA,NA,NA,NA,NA,NA,4 7,0,0,0,1,0,0,1,0,0,NA,26,NA,10000,999,uuid:b9f246d9-f7bc-4aae-8126-3964d97ebff6,2512040829,uuid:b9f246d9-f7bc-4aae-8126-3964d97ebff6,NA,NA,NA,NA,NA,NA,NA,NA,NA,NA
430841,S0417110322,OROMIA,Wallagaa Lixaa,gullisoo,waayyuu guutee,Rural,"12/11/2025, 5:04:30 PM","12/11/2025, 10:08:14 AM","12/11/2025, 10:47:31 AM",12/11/2025,bbae1c343e73e9f2,1,T17303,NA,female,1 3,1,0,1,0,0,0,0,0,0,1,1,0,0,0,NA,3,NA,2,NA,0,NA,2007,2007,1,1,1,3,1,1,0,0,0,0,0,0,NA,1,NA,6,0,0,0,0,0,1,0,NA,1,1 3 4,1,0,1,1,0,0,NA,2 4 6 7 8,0,1,0,1,0,1,1,1,0,0,NA,2 5,0,1,0,0,1,0,0,0,0,0,NA,6 8,0,0,0,0,0,1,0,1,0,0,NA,3,3,3,3,1,1,4,2,2 5 8 9 10,0,1,0,0,1,0,0,1,1,1,0,0,0,NA,4,2,NA,2 3 5 6 8 9 10,0,1,1,0,1,1,0,1,1,1,0,0,0,NA,3,2,4,4,4,4,4,2,3,4,5,5,5,5,5,5,1,1,1,5,0,0,0,0,1,0,0,0,NA,3,3,2,3,4,3,3,4,5,4,4,1,NA,4,4,3,4,4,2 3,0,1,1,0,0,NA,3,NA,1,1,0,1,0,1,1,1,0,0,0,NA,3,2,3,3,3,4,4,1,1,1,3,3,2,2,2,3,3,1,1 9,1,0,0,0,0,0,0,0,1,0,0,4,3,3,4,3,3,3,2,2,2,9,4,2,4,4,4,4,4,4,4,4,4,4,0,0,0,1,0,0,0,NA,1,3,3,3,1,1,1,2,1,999,4 8,0,0,0,1,0,0,0,1,0,NA,33,NA,10700,999,uuid:c3eb9ed5-8262-46ae-9321-be9c934ef94d,2512040829,uuid:c3eb9ed5-8262-46ae-9321-be9c934ef94d,NA,NA,NA,NA,NA,NA,NA,NA,NA,NA
430807,S0417110332,OROMIA,Wallagaa Lixaa,gullisoo,biftuu gulisoo,Urban,"12/12/2025, 6:33:18 PM","12/12/2025, 9:15:38 AM","12/12/2025, 9:50:19 AM",12/12/2025,7697c74e25302763,1,T17203,NA,female,3,0,0,1,0,0,0,0,0,0,97,0,0,0,1,Saayinsii,6,NA,2,NA,1,NA,2004,2011,3,1,1,3,5,0,0,0,0,1,0,0,NA,1,NA,6,0,0,0,0,0,1,0,NA,1,3,0,0,1,0,0,0,NA,1 3 4,1,0,1,1,0,0,0,0,0,0,NA,2 3,0,1,1,0,0,0,0,0,0,0,NA,2 3,0,1,1,0,0,0,0,0,0,0,NA,3,3,4,4,1,1,1,3,7 9,0,0,0,0,0,0,1,0,1,0,0,0,0,NA,1,3,NA,8,0,0,0,0,0,0,0,1,0,0,0,0,0,NA,4,2,4,4,4,4,4,1,1,4,5,5,5,5,5,5,1,1,1,2 5,0,1,0,0,1,0,0,0,NA,3,4,4,4,4,4,4,4,1,5,5,2,NA,4,4,4,4,4,1 2 3,1,1,1,0,0,NA,3,NA,0,0,0,1,0,0,0,0,0,0,0,NA,1,1,1,1,4,1,1,1,1,2,3,3,2,3,2,3,3,3,1 9,1,0,0,0,0,0,0,0,1,0,0,4,1,1,4,1,1,1,3,3,1,1,2,3,3,3,4,2,4,4,4,4,4,4,0,0,0,1,0,0,0,NA,1,1,3,3,1,3,3,3,1,Haala nageenya naannoo,1 8,1,0,0,0,0,0,0,1,0,NA,32,NA,12348,Hin jiru,uuid:0d76ad53-a59e-40fb-b9b6-669537754ee9,2512111014,uuid:0d76ad53-a59e-40fb-b9b6-669537754ee9,NA,NA,NA,NA,NA,NA,NA,NA,NA,NA
430807,S0417110332,OROMIA,Wallagaa Lixaa,gullisoo,biftuu gulisoo,Urban,"12/13/2025, 4:54:29 AM","12/12/2025, 8:31:42 AM","12/12/2025, 11:32:45 AM",12/12/2025,bbae1c343e73e9f2,1,T17201,NA,female,1 4,1,0,0,1,0,0,0,0,0,1,1,0,0,0,NA,3,NA,2,NA,0,NA,2010,2017,2,0,NA,NA,1,1,0,0,0,0,0,0,NA,1,NA,5 6,0,0,0,0,1,1,0,NA,1,1 2 3,1,1,1,0,0,0,NA,1 2 3 4 5 6 7 8,1,1,1,1,1,1,1,1,0,0,NA,2 5,0,1,0,0,1,0,0,0,0,0,NA,6 8,0,0,0,0,0,1,0,1,0,0,NA,3,3,2,4,1,1,1,1,2 4 6 8 10,0,1,0,1,0,1,0,1,0,1,0,0,0,NA,3,2,NA,2 3 5 6 7 9,0,1,1,0,1,1,1,0,1,0,0,0,0,NA,4,4,4,4,4,4,3,3,4,4,5,4,4,4,5,4,1,2,1,2 5,0,1,0,0,1,0,0,0,NA,3,4,3,3,4,3,5,4,5,4,5,1,NA,3,4,3,4,3,1 2 3,1,1,1,0,0,NA,3,NA,0,0,0,1,1,1,1,1,0,1,0,NA,3,4,3,3,2,2,4,3,1,1,3,3,2,3,3,3,3,3,1 8,1,0,0,0,0,0,0,1,0,0,0,4,3,4,3,3,4,4,2,2,2,9,2,3,4,4,4,4,4,4,4,4,4,2,0,1,0,0,0,0,0,NA,0,NA,NA,NA,NA,NA,NA,NA,NA,NA,3 5,0,0,1,0,1,0,0,0,0,NA,28,NA,10600,"1,barsisa hundi wal qixa erga tahe  gara olitti in hoojetamu Mal taha osoo dhufe gara gadi hoojete",uuid:f7e69483-114a-4df2-9a4f-cfeaab60c5de,2512111014,uuid:f7e69483-114a-4df2-9a4f-cfeaab60c5de,NA,NA,NA,NA,NA,NA,NA,NA,NA,NA
430807,S0417110332,OROMIA,Wallagaa Lixaa,gullisoo,biftuu gulisoo,Urban,"12/13/2025, 4:54:29 AM","12/12/2025, 9:15:46 AM","12/12/2025, 9:55:03 AM",12/12/2025,bbae1c343e73e9f2,1,T17202,NA,male,6,0,0,0,0,0,1,0,0,0,1,1,0,0,0,NA,4,NA,5,NA,0,NA,1997,2004,3,1,1,3,1 97,1,0,0,0,0,1,0,Kooree sirna baranoota,1,NA,5 6,0,0,0,0,1,1,0,NA,1,1 3 4,1,0,1,1,0,0,NA,1 2 3 4 5 6 7 8 9,1,1,1,1,1,1,1,1,1,0,NA,2 5,0,1,0,0,1,0,0,0,0,0,NA,2 8,0,1,0,0,0,0,0,1,0,0,NA,4,4,4,4,1,1,1,1,2 6 7 9 10,0,1,0,0,0,1,1,0,1,1,0,0,0,NA,4,2,NA,2 3 6 9 10 11,0,1,1,0,0,1,0,0,1,1,1,0,0,NA,4,4,4,4,4,4,4,3,4,4,5,5,5,5,5,5,4,4,4,5 97,0,0,0,0,1,0,1,0,Jalqaba irratti haawasumma yoo qabate gafatama,4,4,4,4,4,4,4,5,4,5,5,2,NA,4,4,4,4,4,1 2 3 4,1,1,1,1,0,NA,3,NA,0,1,0,1,1,1,0,1,0,1,0,NA,1,4,3,1,2,1,2,3,2,3,1,3,3,2,2,3,3,3,1 11,1,0,0,0,0,0,0,0,0,0,1,4,3,3,4,4,3,4,3,3,1,9,3,3,2,3,3,3,4,4,4,4,4,2 4,0,1,0,1,0,0,0,NA,0,NA,NA,NA,NA,NA,NA,NA,NA,NA,1 3,1,0,1,0,0,0,0,0,0,NA,48,NA,16000,Waan dhuftani nu ilallatanif gaalatoma achumma kaayyoo dhufta fixan nu basa,uuid:8be4ee09-18a7-4aad-a139-10bab0b83f9c,2512111014,uuid:8be4ee09-18a7-4aad-a139-10bab0b83f9c,NA,NA,NA,NA,NA,NA,NA,NA,NA,NA
431752,S0417230112,OROMIA,Wallagaa Lixaa,yuubdoo,burqaa tosiyoo,Rural,"12/10/2025, 5:15:44 PM","12/10/2025, 9:32:19 AM","12/10/2025, 10:21:35 AM",12/10/2025,7697c74e25302763,1,T23901,NA,male,5 6 7 8,0,0,0,0,1,1,1,1,0,97,0,0,0,1,"Gadaa,lammummmaa",4,NA,5,NA,1,NA,1996,1996,1,1,1,3,5,0,0,0,0,1,0,0,NA,1,NA,6,0,0,0,0,0,1,0,NA,1,3,0,0,1,0,0,0,NA,1 4 5 7,1,0,0,1,1,0,1,0,0,0,NA,2 4,0,1,0,1,0,0,0,0,0,0,NA,7 8,0,0,0,0,0,0,1,1,0,0,NA,3,3,3,3,2,1,2,1,2 3 8,0,1,1,0,0,0,0,1,0,0,0,0,0,NA,4,4,NA,4 9,0,0,0,1,0,0,0,0,1,0,0,0,0,NA,3,4,3,4,4,4,3,2,1,3,5,5,4,4,5,5,1,1,1,1 2 5,1,1,0,0,1,0,0,0,NA,3,3,3,3,3,3,5,3,4,4,4,2,NA,4,3,4,3,3,2 3,0,1,1,0,0,NA,2,NA,0,0,0,1,0,0,0,0,0,0,0,NA,1,1,4,1,4,1,1,2,2,2,3,3,3,2,2,3,3,3,2 6,0,1,0,0,0,1,0,0,0,0,0,1,1,3,3,1,4,1,2,2,1,1,2,3,1,4,4,2,4,4,4,4,4,5,0,0,0,0,1,0,0,NA,1,3,3,3,1,3,3,3,3,Hanqina maallaqaa,5 7,0,0,0,0,1,0,1,0,0,NA,35,NA,15005,Hin jiru,uuid:ce37fce1-da7f-47f6-b11e-30e09fd56b59,2512040829,uuid:ce37fce1-da7f-47f6-b11e-30e09fd56b59,NA,NA,NA,NA,NA,NA,NA,NA,NA,NA
431752,S0417230112,OROMIA,Wallagaa Lixaa,yuubdoo,burqaa tosiyoo,Rural,"12/10/2025, 5:15:45 PM","12/10/2025, 10:23:44 AM","12/10/2025, 11:06:19 AM",12/10/2025,7697c74e25302763,1,T23902,NA,female,2 3 4,0,1,1,1,0,0,0,0,0,1,1,0,0,0,NA,3,NA,5,NA,1,NA,2011,2011,1,1,1,3,1,1,0,0,0,0,0,0,NA,1,NA,6,0,0,0,0,0,1,0,NA,1,3,0,0,1,0,0,0,NA,1 2 4,1,1,0,1,0,0,0,0,0,0,NA,2 7,0,1,0,0,0,0,1,0,0,0,NA,1 8,1,0,0,0,0,0,0,1,0,0,NA,3,3,3,3,1,3,3,3,5 8,0,0,0,0,1,0,0,1,0,0,0,0,0,NA,4,3,NA,8 9 10,0,0,0,0,0,0,0,1,1,1,0,0,0,NA,4,3,4,4,4,4,3,3,1,4,5,5,5,5,5,5,1,1,1,2 5,0,1,0,0,1,0,0,0,NA,3,3,3,3,3,3,4,4,1,4,2,2,NA,3,3,4,3,3,2,0,1,0,0,0,NA,2,NA,0,0,0,0,0,0,0,0,0,0,0,NA,1,1,1,1,4,1,1,1,3,1,3,3,2,2,3,3,3,3,1 4,1,0,0,1,0,0,0,0,0,0,0,4,1,4,4,3,4,1,3,3,1,1,1,3,4,3,3,1,4,4,4,4,4,2 4,0,1,0,1,0,0,0,NA,0,NA,NA,NA,NA,NA,NA,NA,NA,NA,3 4,0,0,1,1,0,0,0,0,0,NA,26,NA,11000,Hin jiru,uuid:be6cf8fb-ae9d-4c97-8b02-d119565d9157,2512040829,uuid:be6cf8fb-ae9d-4c97-8b02-d119565d9157,NA,NA,NA,NA,NA,NA,NA,NA,NA,NA
431752,S0417230112,OROMIA,Wallagaa Lixaa,yuubdoo,burqaa tosiyoo,Rural,"12/10/2025, 5:17:22 PM","12/10/2025, 9:31:48 AM","12/10/2025, 11:19:22 AM",12/10/2025,bbae1c343e73e9f2,1,T23903,NA,male,3 6,0,0,1,0,0,1,0,0,0,2,0,1,0,0,NA,3,NA,2,NA,1,NA,2007,2010,3,0,NA,NA,1 2,1,1,0,0,0,0,0,NA,1,NA,5 6,0,0,0,0,1,1,0,NA,1,1 2 3 4 5,1,1,1,1,1,0,NA,1 2 3 4 5 6 7 8,1,1,1,1,1,1,1,1,0,0,NA,2 6,0,1,0,0,0,1,0,0,0,0,NA,2 5,0,1,0,0,1,0,0,0,0,0,NA,4,4,4,4,1,1,3,3,2 5 8 9 10,0,1,0,0,1,0,0,1,1,1,0,0,0,NA,4,2,NA,2 3 5 8 97,0,1,1,0,1,0,0,1,0,0,0,1,0,Barataanko uuffatta seera hin uffanne,4,4,4,4,4,4,3,3,2,3,2,3,4,4,4,3,1,1,1,5,0,0,0,0,1,0,0,0,NA,3,4,4,4,4,4,5,3,4,5,5,2,NA,3,4,3,4,4,1 2,1,1,0,0,0,NA,1,NA,0,0,0,1,1,1,1,1,0,1,0,NA,3,1,1,1,4,1,1,1,3,2,3,1,2,2,2,3,3,1,4 8,0,0,0,1,0,0,0,1,0,0,0,3,3,3,3,2,4,3,3,3,1,9,4,4,1,4,4,4,4,4,4,4,4,2 3 4,0,1,1,1,0,0,0,NA,0,NA,NA,NA,NA,NA,NA,NA,NA,NA,3 4,0,0,1,1,0,0,0,0,0,NA,38,NA,11853,Barsisooni kaamiyyuu amanumman Akka hoojeta jedha,uuid:ddd0b1b7-01a6-46b2-b593-34ee0dfca048,2512040829,uuid:ddd0b1b7-01a6-46b2-b593-34ee0dfca048,NA,NA,NA,NA,NA,NA,NA,NA,NA,NA
89467,S0418010382,OROMIA,Magaala Shaggar,k/m/koyyee faccee,galaan arrabsaa,Urban,"12/4/2025, 5:35:14 PM","12/4/2025, 10:11:20 AM","12/4/2025, 5:32:14 PM",12/4/2025,6b74f9d4edaa4c9a,1,T18801,NA,male,4 5,0,0,0,1,1,0,0,0,0,97,0,0,0,1,General Science,4,NA,3,NA,1,NA,2009,2016,3,0,NA,NA,1,1,0,0,0,0,0,0,NA,1,NA,2,0,1,0,0,0,0,0,NA,1,1 3,1,0,1,0,0,0,NA,1 3 4 7,1,0,1,1,0,0,1,0,0,0,NA,1 5,1,0,0,0,1,0,0,0,0,0,NA,4 5,0,0,0,1,1,0,0,0,0,0,NA,3,4,3,4,1,1,1,1,2 10,0,1,0,0,0,0,0,0,0,1,0,0,0,NA,4,4,NA,5,0,0,0,0,1,0,0,0,0,0,0,0,0,NA,4,4,4,4,4,4,4,3,4,3,5,5,4,5,5,5,1,2,1,2 5,0,1,0,0,1,0,0,0,NA,4,2,2,4,2,3,3,2,2,5,1,2,NA,4,4,1,1,3,1 4,1,0,0,1,0,NA,3,NA,0,1,0,1,1,0,0,1,1,0,0,NA,3,1,1,1,4,1,1,1,3,2,2,1,2,1,2,1,1,2,1 8,1,0,0,0,0,0,0,1,0,0,0,3,1,1,3,4,4,1,2,1,4,8,1,3,4,4,4,4,4,4,2,4,4,2 4,0,1,0,1,0,0,0,NA,1,3,3,3,1,1,3,3,1,None,6 8,0,0,0,0,0,1,0,1,0,NA,29,NA,10740,NA,uuid:d9f789ce-bb7b-4e17-af50-043f4838f263,2512030649,uuid:d9f789ce-bb7b-4e17-af50-043f4838f263,NA,NA,NA,NA,NA,NA,NA,NA,NA,NA
89467,S0418010382,OROMIA,Magaala Shaggar,k/m/koyyee faccee,galaan arrabsaa,Urban,"12/4/2025, 5:35:14 PM","12/4/2025, 11:14:21 AM","12/4/2025, 5:32:28 PM",12/4/2025,6b74f9d4edaa4c9a,1,T18802,NA,male,1 2 3 4 5,1,1,1,1,1,0,0,0,0,1 2 97,1,1,0,1,Geda,3,NA,5,NA,1,NA,2009,2013,2,0,NA,NA,1,1,0,0,0,0,0,0,NA,1,NA,6,0,0,0,0,0,1,0,NA,1,1 3,1,0,1,0,0,0,NA,3 4,0,0,1,1,0,0,0,0,0,0,NA,2 5,0,1,0,0,1,0,0,0,0,0,NA,2 4,0,1,0,1,0,0,0,0,0,0,NA,4,3,3,2,3,1,1,1,6 7,0,0,0,0,0,1,1,0,0,0,0,0,0,NA,4,4,NA,1 3 5,1,0,1,0,1,0,0,0,0,0,0,0,0,NA,4,4,4,2,4,4,4,1,2,4,5,5,4,5,5,5,1,2,1,2 5,0,1,0,0,1,0,0,0,NA,4,3,3,3,2,4,3,4,3,4,1,4,NA,4,4,4,1,4,4,0,0,0,1,0,NA,5,NA,1,1,0,1,0,1,1,1,1,0,0,NA,4,4,1,1,4,1,1,1,1,1,2,1,1,1,1,1,1,1,8 11,0,0,0,0,0,0,0,1,0,0,1,3,3,4,4,1,4,1,1,1,2,10,1,4,4,4,4,3,4,4,2,4,4,1 4,1,0,0,1,0,0,0,NA,1,2,2,3,1,1,1,2,1,None,3 4,0,0,1,1,0,0,0,0,0,NA,30,NA,11531,NA,uuid:f74ffd3f-29c0-4b3c-b0f6-bfddb82eb489,2512030649,uuid:f74ffd3f-29c0-4b3c-b0f6-bfddb82eb489,NA,NA,NA,NA,NA,NA,NA,NA,NA,NA
89467,S0418010382,OROMIA,Magaala Shaggar,k/m/koyyee faccee,galaan arrabsaa,Urban,"12/4/2025, 10:05:39 PM","12/4/2025, 3:12:24 PM","12/4/2025, 10:01:37 PM",12/4/2025,4b8dc9a715f0e7e5,1,T18801,NA,female,6,0,0,0,0,0,1,0,0,0,1,1,0,0,0,NA,4,NA,5,NA,1,NA,2012,2015,2,1,1,3,1,1,0,0,0,0,0,0,NA,1,NA,2 6,0,1,0,0,0,1,0,NA,1,1,1,0,0,0,0,0,NA,3 4,0,0,1,1,0,0,0,0,0,0,NA,2 4,0,1,0,1,0,0,0,0,0,0,NA,2 4,0,1,0,1,0,0,0,0,0,0,NA,3,3,3,2,2,3,2,1,2 3,0,1,1,0,0,0,0,0,0,0,0,0,0,NA,3,2,NA,3 4,0,0,1,1,0,0,0,0,0,0,0,0,0,NA,3,3,3,3,4,4,3,3,3,3,3,3,2,4,5,4,3,3,1,2 5,0,1,0,0,1,0,0,0,NA,2,3,3,3,2,2,3,3,2,4,3,4,NA,4,3,4,4,3,2 3,0,1,1,0,0,NA,3,NA,0,0,0,0,1,1,0,1,1,0,1,None,3,3,2,1,3,1,1,1,3,2,3,1,2,2,2,3,1,1,2 8,0,1,0,0,0,0,0,1,0,0,0,3,2,4,4,1,4,1,3,1,1,6,3,3,1,4,4,2,3,3,2,4,3,2 4,0,1,0,1,0,0,0,NA,1,3,3,3,3,1,3,3,1,None,4 5,0,0,0,1,1,0,0,0,0,NA,26,NA,13740,None,uuid:de236b4c-3a18-489d-a6a6-ccf569b80c0b,2512030649,uuid:de236b4c-3a18-489d-a6a6-ccf569b80c0b,NA,NA,NA,NA,NA,NA,NA,NA,NA,NA
89702,S0418030362,OROMIA,Magaala Shaggar,k/m/kuraa jiddaa,warabbii,Urban,"12/3/2025, 5:17:52 PM","12/3/2025, 12:52:10 PM","12/3/2025, 5:14:15 PM",12/3/2025,6b74f9d4edaa4c9a,1,T18901,NA,male,5 6 7 8,0,0,0,0,1,1,1,1,0,1,1,0,0,0,NA,4,NA,2,NA,1,NA,2009,2016,4,0,NA,NA,1 5,1,0,0,0,1,0,0,NA,1,NA,6,0,0,0,0,0,1,0,NA,1,1,1,0,0,0,0,0,NA,3 7,0,0,1,0,0,0,1,0,0,0,NA,2 4,0,1,0,1,0,0,0,0,0,0,NA,4 5,0,0,0,1,1,0,0,0,0,0,NA,4,3,3,3,3,3,2,3,2 4 5 6,0,1,0,1,1,1,0,0,0,0,0,0,0,NA,3,4,NA,3 4,0,0,1,1,0,0,0,0,0,0,0,0,0,NA,3,3,4,4,3,3,4,1,3,3,4,4,2,3,3,5,3,2,1,1 2 5,1,1,0,0,1,0,0,0,NA,3,3,2,3,2,2,2,3,2,3,2,1,NA,1,1,4,1,4,4,0,0,0,1,0,NA,5,NA,1,0,0,1,1,1,0,1,1,0,0,NA,1,1,1,1,4,1,1,2,2,1,3,2,2,3,3,3,1,3,1 11,1,0,0,0,0,0,0,0,0,0,1,1,1,4,4,3,4,1,2,1,4,5,4,1,4,4,4,4,4,3,1,4,4,1 4,1,0,0,1,0,0,0,NA,1,2,2,3,1,2,1,2,1,None,3 5,0,0,1,0,1,0,0,0,0,NA,32,NA,10000,NA,uuid:82d33b2b-d746-4a09-9ab6-76183412eef0,2512030649,uuid:82d33b2b-d746-4a09-9ab6-76183412eef0,NA,NA,NA,NA,NA,NA,NA,NA,NA,NA
89828,S0418050202,OROMIA,Magaala Shaggar,k/m/sabbataa,haroo jilaa,Urban,"12/9/2025, 6:21:23 PM","12/9/2025, 11:51:40 AM","12/9/2025, 6:15:17 PM",12/9/2025,6b74f9d4edaa4c9a,1,T19001,NA,male,6 7,0,0,0,0,0,1,1,0,0,97,0,0,0,1,"General Science, Art , Sport",4,NA,5,NA,1,NA,2001,2008,3,0,NA,NA,5,0,0,0,0,1,0,0,NA,1,NA,2 6,0,1,0,0,0,1,0,NA,1,1 3 4,1,0,1,1,0,0,NA,3 4 7,0,0,1,1,0,0,1,0,0,0,NA,2 7,0,1,0,0,0,0,1,0,0,0,NA,4 5,0,0,0,1,1,0,0,0,0,0,NA,3,3,2,3,3,3,3,3,4 9 10,0,0,0,1,0,0,0,0,1,1,0,0,0,NA,4,4,NA,1 3 4 9 10 11,1,0,1,1,0,0,0,0,1,1,1,0,0,NA,4,3,4,3,4,4,4,3,3,4,5,5,4,4,5,5,1,1,1,2 5,0,1,0,0,1,0,0,0,NA,3,2,3,3,3,4,3,3,2,4,1,4,NA,3,4,4,2,4,4,0,0,0,1,0,NA,3,NA,0,0,0,1,0,1,1,1,1,0,0,NA,1,1,1,1,4,1,1,3,3,3,3,3,2,2,2,2,2,2,8 11,0,0,0,0,0,0,0,1,0,0,1,4,1,4,4,3,4,1,3,1,4,6,1,3,4,4,4,4,4,4,3,4,4,1 4 5,1,0,0,1,1,0,0,NA,1,3,3,3,1,3,3,2,1,None,3 4,0,0,1,1,0,0,0,0,0,NA,36,NA,12000,NA,uuid:5636f556-1bb3-429d-9a6c-f526a45e8bba,2512040829,uuid:5636f556-1bb3-429d-9a6c-f526a45e8bba,NA,NA,NA,NA,NA,NA,NA,NA,NA,NA
89828,S0418050202,OROMIA,Magaala Shaggar,k/m/sabbataa,haroo jilaa,Urban,"12/9/2025, 6:29:17 PM","12/9/2025, 11:22:50 AM","12/9/2025, 8:09:47 PM",12/9/2025,4b8dc9a715f0e7e5,1,T19002,NA,female,3 4 5,0,0,1,1,1,0,0,0,0,1 97,1,0,0,1,"Sport, arit",4,NA,5,NA,1,NA,1998,2011,3,1,6,3,1,1,0,0,0,0,0,0,NA,1,NA,2 5 6,0,1,0,0,1,1,0,NA,1,1,1,0,0,0,0,0,NA,1 2 4,1,1,0,1,0,0,0,0,0,0,NA,4 5,0,0,0,1,1,0,0,0,0,0,NA,2 8,0,1,0,0,0,0,0,1,0,0,NA,4,4,3,3,3,2,3,1,2 6 8,0,1,0,0,0,1,0,1,0,0,0,0,0,NA,3,3,NA,2 4,0,1,0,1,0,0,0,0,0,0,0,0,0,NA,4,4,4,3,4,4,4,3,4,4,5,5,3,5,5,5,2,1,1,5,0,0,0,0,1,0,0,0,NA,3,3,3,3,3,3,3,4,3,4,2,4,NA,2,3,3,3,3,2 3,0,1,1,0,0,NA,2,NA,0,0,0,1,1,1,0,1,1,1,0,NA,1,1,1,1,4,1,1,3,2,2,3,3,2,2,3,2,3,3,1 9,1,0,0,0,0,0,0,0,1,0,0,4,1,4,4,3,4,1,3,2,1,9,1,4,1,4,4,3,3,4,3,4,4,2 4,0,1,0,1,0,0,0,NA,1,3,2,3,1,2,2,3,1,None,1 4,1,0,0,1,0,0,0,0,0,NA,34,NA,15498,None,uuid:0ba20a38-d708-42ee-ac66-b481082a8128,2512040829,uuid:0ba20a38-d708-42ee-ac66-b481082a8128,NA,NA,NA,NA,NA,NA,NA,NA,NA,NA
89828,S0418050202,OROMIA,Magaala Shaggar,k/m/sabbataa,haroo jilaa,Urban,"12/9/2025, 6:29:18 PM","12/9/2025, 12:13:10 PM","12/9/2025, 8:10:04 PM",12/9/2025,4b8dc9a715f0e7e5,1,T19003,NA,female,1 2 3,1,1,1,0,0,0,0,0,0,1 97,1,0,0,1,Gada,7,NA,3,NA,1,NA,1997,2008,2,1,3,2,1,1,0,0,0,0,0,0,NA,1,NA,2 6,0,1,0,0,0,1,0,NA,1,1,1,0,0,0,0,0,NA,2 3 6,0,1,1,0,0,1,0,0,0,0,NA,4 5,0,0,0,1,1,0,0,0,0,0,NA,4 5,0,0,0,1,1,0,0,0,0,0,NA,4,3,3,4,3,2,3,1,7 8,0,0,0,0,0,0,1,1,0,0,0,0,0,NA,1,2,NA,2 3,0,1,1,0,0,0,0,0,0,0,0,0,0,NA,4,4,4,3,4,4,4,3,4,4,5,5,4,4,5,5,2,1,1,5,0,0,0,0,1,0,0,0,NA,3,3,3,2,3,3,4,3,4,3,2,1,NA,3,3,4,2,2,2 3,0,1,1,0,0,NA,2,NA,1,0,0,1,1,0,1,1,0,1,0,NA,1,1,1,1,4,4,1,3,3,2,2,2,2,2,2,3,3,3,1 5,1,0,0,0,1,0,0,0,0,0,0,4,1,4,4,3,4,4,3,2,1,8,2,4,4,4,4,3,3,3,3,4,4,2 4,0,1,0,1,0,0,0,NA,1,3,3,3,1,2,3,3,3,None,4 7,0,0,0,1,0,0,1,0,0,NA,38,NA,14000,None,uuid:cacddcef-be93-4e3e-8c61-e9e58c7cb341,2512040829,uuid:cacddcef-be93-4e3e-8c61-e9e58c7cb341,NA,NA,NA,NA,NA,NA,NA,NA,NA,NA
83608,S0419192082,OROMIA,B/M/Adaamaa,b/m/adaamaa,l/k/dajanee simee,Urban,"12/3/2025, 8:29:45 PM","12/3/2025, 10:56:38 AM","12/3/2025, 8:23:12 PM",12/3/2025,511b83623529c852,1,T11502,NA,female,3,0,0,1,0,0,0,0,0,0,1,1,0,0,0,NA,4,NA,5,NA,1,NA,1995,2013,4,1,5,3,2,0,1,0,0,0,0,0,NA,1,NA,2,0,1,0,0,0,0,0,NA,1,1 3,1,0,1,0,0,0,NA,4 5,0,0,0,1,1,0,0,0,0,0,NA,4 6,0,0,0,1,0,1,0,0,0,0,NA,2 4,0,1,0,1,0,0,0,0,0,0,NA,2,2,3,3,1,3,3,1,6 7,0,0,0,0,0,1,1,0,0,0,0,0,0,NA,2,1,NA,NA,NA,NA,NA,NA,NA,NA,NA,NA,NA,NA,NA,NA,NA,NA,3,2,2,4,3,4,2,2,2,4,4,2,2,5,5,2,4,4,1,5,0,0,0,0,1,0,0,0,NA,4,4,4,4,4,4,3,5,2,2,3,2,NA,3,4,4,1,3,2,0,1,0,0,0,NA,3,NA,1,1,0,0,0,0,0,1,1,0,0,NA,1,1,1,1,4,1,1,3,3,2,2,3,1,3,3,3,3,3,2 10,0,1,0,0,0,0,0,0,0,1,0,3,1,3,4,1,1,3,1,2,1,5,4,3,3,2,3,3,4,4,3,4,4,4,0,0,0,1,0,0,0,NA,1,3,2,3,1,1,2,2,1,No,4 5,0,0,0,1,1,0,0,0,0,NA,46,NA,14828,No,uuid:c1d2d5fe-ee93-4933-83e7-d5363392218a,2512030649,uuid:c1d2d5fe-ee93-4933-83e7-d5363392218a,NA,NA,NA,NA,NA,NA,NA,NA,NA,NA
83608,S0419192082,OROMIA,B/M/Adaamaa,b/m/adaamaa,l/k/dajanee simee,Urban,"12/3/2025, 8:29:50 PM","12/3/2025, 2:25:18 PM","12/3/2025, 8:19:47 PM",12/3/2025,511b83623529c852,1,T11503,NA,male,8,0,0,0,0,0,0,0,1,0,97,0,0,0,1,General Sayins,4,NA,5,NA,1,NA,2004,2014,5,1,4,3,5,0,0,0,0,1,0,0,NA,1,NA,2,0,1,0,0,0,0,0,NA,0,NA,NA,NA,NA,NA,NA,NA,NA,NA,NA,NA,NA,NA,NA,NA,NA,NA,NA,NA,NA,2 6,0,1,0,0,0,1,0,0,0,0,NA,2 6,0,1,0,0,0,1,0,0,0,0,NA,4,4,2,3,3,1,3,1,2 3 7,0,1,1,0,0,0,1,0,0,0,0,0,0,NA,2,2,NA,2 3,0,1,1,0,0,0,0,0,0,0,0,0,0,NA,4,4,4,4,2,3,3,2,2,4,5,4,3,4,4,5,1,1,1,2,0,1,0,0,0,0,0,0,NA,2,4,2,4,4,1,3,1,3,4,4,1,NA,4,4,4,1,4,2,0,1,0,0,0,NA,1,NA,0,0,0,1,1,0,0,0,0,1,0,NA,1,1,1,1,4,4,4,3,2,2,2,3,2,2,2,3,3,2,1 4,1,0,0,1,0,0,0,0,0,0,0,4,4,4,3,4,4,4,2,2,1,7,4,4,1,4,3,3,4,4,3,4,4,4,0,0,0,1,0,0,0,NA,0,NA,NA,NA,NA,NA,NA,NA,NA,NA,4,0,0,0,1,0,0,0,0,0,NA,30,NA,13332,No,uuid:83e42d04-672b-4316-a4f2-9403d7a036c8,2512030649,uuid:83e42d04-672b-4316-a4f2-9403d7a036c8,NA,NA,NA,NA,NA,NA,NA,NA,NA,NA
83608,S0419192082,OROMIA,B/M/Adaamaa,b/m/adaamaa,l/k/dajanee simee,Urban,"12/4/2025, 8:38:50 AM","12/3/2025, 10:59:02 AM","12/4/2025, 8:36:35 AM",12/3/2025,72ea367b009c6cb8,1,11501,NA,female,4 5,0,0,0,1,1,0,0,0,0,97,0,0,0,1,Art,4,NA,5,NA,1,NA,1999,2007,3,0,NA,NA,2,0,1,0,0,0,0,0,NA,1,NA,2,0,1,0,0,0,0,0,NA,1,1 2 3,1,1,1,0,0,0,NA,4 5,0,0,0,1,1,0,0,0,0,0,NA,4 5,0,0,0,1,1,0,0,0,0,0,NA,4 6,0,0,0,1,0,1,0,0,0,0,NA,3,4,3,1,2,2,2,2,6 7 8 9,0,0,0,0,0,1,1,1,1,0,0,0,0,NA,1,3,NA,2,0,1,0,0,0,0,0,0,0,0,0,0,0,NA,3,4,4,3,3,4,4,3,4,4,4,4,5,5,5,5,3,1,1,2 5,0,1,0,0,1,0,0,0,NA,4,3,3,4,4,4,5,5,2,2,2,1,NA,2,2,2,4,4,4,0,0,0,1,0,NA,1,NA,0,0,0,0,0,0,0,0,1,0,0,NA,3,2,1,1,4,1,1,3,3,2,2,2,3,3,2,3,3,2,1 6,1,0,0,0,0,1,0,0,0,0,0,4,1,4,4,1,4,4,3,3,1,10,4,4,1,1,2,3,4,4,4,4,4,4,0,0,0,1,0,0,0,NA,0,NA,NA,NA,NA,NA,NA,NA,NA,NA,7,0,0,0,0,0,0,1,0,0,NA,40,NA,14000,Nothing,uuid:6cb370e5-567a-4246-b28c-efc59616d1d5,2512030649,uuid:6cb370e5-567a-4246-b28c-efc59616d1d5,NA,NA,NA,NA,NA,NA,NA,NA,NA,NA
935102,S0425251612,OROMIA,Magaala Shaggar,k/m/buraayyuu,aannee diimaa sad.1ffaa,Urban,"12/8/2025, 5:15:56 PM","12/8/2025, 11:15:59 AM","12/8/2025, 5:03:53 PM",12/8/2025,6b74f9d4edaa4c9a,1,T18501,NA,male,5,0,0,0,0,1,0,0,0,0,97,0,0,0,1,Science,1,NA,5,NA,0,NA,2016,2016,1,0,NA,NA,2,0,1,0,0,0,0,0,NA,1,NA,6,0,0,0,0,0,1,0,NA,1,2 3,0,1,1,0,0,0,NA,4 7,0,0,0,1,0,0,1,0,0,0,NA,2 4,0,1,0,1,0,0,0,0,0,0,NA,4 5,0,0,0,1,1,0,0,0,0,0,NA,4,3,3,3,3,4,3,1,3 5 7 10,0,0,1,0,1,0,1,0,0,1,0,0,0,NA,4,4,NA,3 4 9 10,0,0,1,1,0,0,0,0,1,1,0,0,0,NA,3,3,3,4,4,4,4,3,2,4,5,4,4,5,5,4,2,2,1,1 2 5,1,1,0,0,1,0,0,0,NA,2,3,2,2,3,2,1,3,3,4,4,3,NA,2,3,3,1,3,3 4,0,0,1,1,0,NA,4,NA,1,0,0,1,0,0,0,1,1,1,0,NA,1,1,1,1,4,1,1,3,3,2,3,3,2,2,2,3,3,3,4 7,0,0,0,1,0,0,1,0,0,0,0,1,1,1,1,1,1,1,3,1,4,10,1,4,1,4,4,4,4,3,3,4,4,1 2 4,1,1,0,1,0,0,0,NA,1,2,1,3,1,3,3,1,2,None,1 4,1,0,0,1,0,0,0,0,0,NA,27,NA,9000,NA,uuid:12f1ee07-aca2-40c2-992b-70ff6fff40de,2512040829,uuid:12f1ee07-aca2-40c2-992b-70ff6fff40de,NA,NA,NA,NA,NA,NA,NA,NA,NA,NA
935102,S0425251612,OROMIA,Magaala Shaggar,k/m/buraayyuu,aannee diimaa sad.1ffaa,Urban,"12/8/2025, 5:15:57 PM","12/8/2025, 2:54:34 PM","12/8/2025, 5:02:29 PM",12/8/2025,6b74f9d4edaa4c9a,1,T18502,NA,female,2 4,0,1,0,1,0,0,0,0,0,97,0,0,0,1,"Sport , Art",3,NA,3,NA,1,NA,2010,2016,4,0,NA,NA,2 5,0,1,0,0,1,0,0,NA,1,NA,6,0,0,0,0,0,1,0,NA,1,1 2,1,1,0,0,0,0,NA,3 4,0,0,1,1,0,0,0,0,0,0,NA,2 5,0,1,0,0,1,0,0,0,0,0,NA,4 5,0,0,0,1,1,0,0,0,0,0,NA,3,3,4,4,4,3,2,3,4 6 10,0,0,0,1,0,1,0,0,0,1,0,0,0,NA,3,4,NA,3 4 11,0,0,1,1,0,0,0,0,0,0,1,0,0,NA,3,2,3,2,3,3,3,3,2,4,5,4,4,5,4,5,1,1,1,2 5,0,1,0,0,1,0,0,0,NA,2,3,2,2,2,2,1,2,3,4,2,1,NA,1,1,2,2,2,4,0,0,0,1,0,NA,5,NA,1,1,0,1,0,0,1,1,1,1,0,NA,1,1,1,1,4,1,1,3,2,1,3,1,2,2,1,3,1,1,1 11,1,0,0,0,0,0,0,0,0,0,1,4,1,4,4,1,4,1,3,1,1,10,1,3,1,4,3,4,4,3,2,4,3,1 5,1,0,0,0,1,0,0,NA,1,2,2,3,1,3,2,1,2,None,3 7,0,0,1,0,0,0,1,0,0,NA,28,NA,10000,NA,uuid:cb42671c-f48d-48de-8aa3-fe11c4e54480,2512040829,uuid:cb42671c-f48d-48de-8aa3-fe11c4e54480,NA,NA,NA,NA,NA,NA,NA,NA,NA,NA
935102,S0425251612,OROMIA,Magaala Shaggar,k/m/buraayyuu,aannee diimaa sad.1ffaa,Urban,"12/8/2025, 6:03:56 PM","12/8/2025, 5:01:39 PM","12/8/2025, 8:01:06 PM",12/8/2025,4b8dc9a715f0e7e5,1,T18503,NA,female,3 4 5,0,0,1,1,1,0,0,0,0,3,0,0,1,0,NA,4,NA,5,NA,1,NA,2001,2016,4,1,5,3,1 2,1,1,0,0,0,0,0,NA,1,NA,2 6,0,1,0,0,0,1,0,NA,1,1 2,1,1,0,0,0,0,NA,1 4 5,1,0,0,1,1,0,0,0,0,0,NA,2 3,0,1,1,0,0,0,0,0,0,0,NA,3 4,0,0,1,1,0,0,0,0,0,0,NA,4,4,4,3,3,3,4,1,1 2,1,1,0,0,0,0,0,0,0,0,0,0,0,NA,4,2,NA,2 3 4,0,1,1,1,0,0,0,0,0,0,0,0,0,NA,3,4,4,3,4,4,4,3,4,4,4,4,4,4,3,4,2,2,1,5,0,0,0,0,1,0,0,0,NA,3,3,3,4,4,3,2,4,1,3,2,3,NA,3,4,4,3,4,2 3,0,1,1,0,0,NA,3,NA,0,0,0,1,0,0,0,1,1,0,0,NA,3,2,2,1,3,1,1,1,2,3,3,3,2,2,2,3,2,2,1 7,1,0,0,0,0,0,1,0,0,0,0,3,2,3,3,1,3,1,3,3,1,9,1,3,3,3,3,3,4,4,3,4,4,2 4,0,1,0,1,0,0,0,NA,1,2,3,2,3,3,3,3,2,None,3 4,0,0,1,1,0,0,0,0,0,NA,35,NA,14172,None,uuid:faa7c937-d1fd-43e9-a0b7-0275b37fad27,2512040829,uuid:faa7c937-d1fd-43e9-a0b7-0275b37fad27,NA,NA,NA,NA,NA,NA,NA,NA,NA,NA
322957,S0426261212,OROMIA,Magaala Shaggar,k/m/furii,jammoo lakk 2,Urban,"12/10/2025, 5:34:05 PM","12/10/2025, 12:16:29 PM","12/10/2025, 5:33:50 PM",12/10/2025,6b74f9d4edaa4c9a,1,T18702,NA,male,1 2 3 4,1,1,1,1,0,0,0,0,0,97,0,0,0,1,Safu,3,NA,3,NA,1,NA,2012,2016,3,0,NA,NA,5,0,0,0,0,1,0,0,NA,1,NA,6,0,0,0,0,0,1,0,NA,1,1 2 3,1,1,1,0,0,0,NA,3 4,0,0,1,1,0,0,0,0,0,0,NA,2 5,0,1,0,0,1,0,0,0,0,0,NA,4 5,0,0,0,1,1,0,0,0,0,0,NA,3,3,3,3,3,3,3,3,2 4 7,0,1,0,1,0,0,1,0,0,0,0,0,0,NA,4,2,NA,3 4,0,0,1,1,0,0,0,0,0,0,0,0,0,NA,4,4,4,3,4,4,4,4,4,4,5,4,5,5,4,5,2,2,2,2 5,0,1,0,0,1,0,0,0,NA,2,3,2,3,2,1,2,3,3,4,4,2,NA,4,4,4,1,4,4,0,0,0,1,0,NA,3,NA,0,1,0,1,1,0,1,1,1,0,0,NA,1,1,1,1,4,1,1,1,1,2,3,3,2,2,3,3,1,3,2 7,0,1,0,0,0,0,1,0,0,0,0,1,1,3,1,1,4,1,3,1,4,9,1,4,1,4,4,1,4,4,4,4,4,5,0,0,0,0,1,0,0,NA,1,2,3,3,1,1,3,2,1,None,1 4,1,0,0,1,0,0,0,0,0,NA,25,NA,10000,NA,uuid:492e6154-d176-4a34-9c0d-7783d9be98c1,2512040829,uuid:492e6154-d176-4a34-9c0d-7783d9be98c1,NA,NA,NA,NA,NA,NA,NA,NA,NA,NA
322957,S0426261212,OROMIA,Magaala Shaggar,k/m/furii,jammoo lakk 2,Urban,"12/10/2025, 5:34:06 PM","12/10/2025, 1:24:32 PM","12/10/2025, 5:33:59 PM",12/10/2025,6b74f9d4edaa4c9a,1,T18701,NA,female,1 2 3,1,1,1,0,0,0,0,0,0,2 97,0,1,0,1,Science,3,NA,3,NA,1,NA,2013,2016,2,1,1,3,1 5,1,0,0,0,1,0,0,NA,1,NA,6,0,0,0,0,0,1,0,NA,1,1 2,1,1,0,0,0,0,NA,2 3 4 7,0,1,1,1,0,0,1,0,0,0,NA,2 6,0,1,0,0,0,1,0,0,0,0,NA,2 5,0,1,0,0,1,0,0,0,0,0,NA,3,3,3,3,3,4,4,4,2 4 10,0,1,0,1,0,0,0,0,0,1,0,0,0,NA,4,2,NA,3 4,0,0,1,1,0,0,0,0,0,0,0,0,0,NA,4,4,4,4,4,4,4,4,3,4,5,5,5,5,5,5,2,2,1,2 5,0,1,0,0,1,0,0,0,NA,3,3,4,3,4,2,3,4,5,5,2,4,NA,3,4,4,2,3,4,0,0,0,1,0,NA,3,NA,0,0,0,0,0,0,0,0,1,0,0,NA,1,1,1,1,1,1,1,1,2,3,3,3,2,3,3,3,3,3,8 11,0,0,0,0,0,0,0,1,0,0,1,1,1,1,4,1,4,1,3,3,1,10,3,4,1,4,4,4,4,4,4,4,4,4,0,0,0,1,0,0,0,NA,1,3,3,3,2,1,3,3,2,None,4 5,0,0,0,1,1,0,0,0,0,NA,24,NA,10700,NA,uuid:4f47d8e7-665b-445b-880d-3efc7531cf2e,2512040829,uuid:4f47d8e7-665b-445b-880d-3efc7531cf2e,NA,NA,NA,NA,NA,NA,NA,NA,NA,NA
322957,S0426261212,OROMIA,Magaala Shaggar,k/m/furii,jammoo lakk 2,Urban,"12/10/2025, 5:36:50 PM","12/10/2025, 2:11:13 PM","12/10/2025, 7:26:42 PM",12/10/2025,4b8dc9a715f0e7e5,1,T18703,NA,female,5 8,0,0,0,0,1,0,0,1,0,1,1,0,0,0,NA,7,NA,6,NA,1,NA,1988,2016,4,1,2,3,2,0,1,0,0,0,0,0,NA,1,NA,6,0,0,0,0,0,1,0,NA,1,1 2,1,1,0,0,0,0,NA,3 4,0,0,1,1,0,0,0,0,0,0,NA,2 3,0,1,1,0,0,0,0,0,0,0,NA,2 3,0,1,1,0,0,0,0,0,0,0,NA,4,4,3,4,3,3,3,3,6 8,0,0,0,0,0,1,0,1,0,0,0,0,0,NA,3,2,NA,3 4,0,0,1,1,0,0,0,0,0,0,0,0,0,NA,4,4,3,3,4,4,4,3,4,4,5,4,4,3,3,4,2,2,1,5,0,0,0,0,1,0,0,0,NA,3,3,2,3,2,3,3,3,3,3,2,3,NA,3,2,2,2,3,2 3,0,1,1,0,0,NA,2,NA,0,0,0,1,0,0,1,1,1,1,0,NA,1,1,3,1,3,1,2,2,2,2,3,3,1,3,3,3,3,2,1 4,1,0,0,1,0,0,0,0,0,0,0,4,2,4,3,1,4,2,3,1,1,9,3,4,2,3,4,3,4,4,2,4,4,4,0,0,0,1,0,0,0,NA,1,3,2,3,1,2,2,1,2,None,4 5,0,0,0,1,1,0,0,0,0,NA,50,NA,18250,None,uuid:e2e746ae-4794-49b1-8f3b-b9dbdcb073e5,2512040829,uuid:e2e746ae-4794-49b1-8f3b-b9dbdcb073e5,NA,NA,NA,NA,NA,NA,NA,NA,NA,NA
85075,S0426261412,OROMIA,Magaala Shaggar,k/m/furii,abdii biyyaa sad 1ffaa,Urban,"12/5/2025, 5:26:29 PM","12/5/2025, 2:07:30 PM","12/5/2025, 6:50:49 PM",12/5/2025,4b8dc9a715f0e7e5,1,T18602,NA,male,1 2 3 4 5,1,1,1,1,1,0,0,0,0,3,0,0,1,0,NA,5,NA,2,NA,1,NA,2008,2016,3,1,2,3,1 2,1,1,0,0,0,0,0,NA,2,NA,2 6,0,1,0,0,0,1,0,NA,1,1 2,1,1,0,0,0,0,NA,2 3 4,0,1,1,1,0,0,0,0,0,0,NA,2 5,0,1,0,0,1,0,0,0,0,0,NA,2 8,0,1,0,0,0,0,0,1,0,0,NA,3,4,3,3,3,3,1,1,2 3 5,0,1,1,0,1,0,0,0,0,0,0,0,0,NA,3,1,NA,NA,NA,NA,NA,NA,NA,NA,NA,NA,NA,NA,NA,NA,NA,NA,4,4,4,3,4,4,4,3,3,4,5,4,3,3,5,3,2,2,1,2 5,0,1,0,0,1,0,0,0,NA,3,3,2,3,2,2,2,3,2,4,4,3,NA,4,3,3,3,3,1 2,1,1,0,0,0,NA,2,NA,1,0,0,1,1,0,0,1,0,0,1,None,3,1,1,1,3,1,1,1,2,2,1,2,2,2,1,1,3,2,2 4,0,1,0,1,0,0,0,0,0,0,0,4,3,3,4,4,4,1,3,3,1,10,3,4,1,4,4,3,4,4,3,4,4,2 4,0,1,0,1,0,0,0,NA,0,NA,NA,NA,NA,NA,NA,NA,NA,NA,4 6,0,0,0,1,0,1,0,0,0,NA,28,NA,1343,Lack of transportation and economic,uuid:f5ecfa22-32f5-49f7-9eff-fd04c77bc2e5,2512040829,uuid:f5ecfa22-32f5-49f7-9eff-fd04c77bc2e5,NA,NA,NA,NA,NA,NA,NA,NA,NA,NA
85075,S0426261412,OROMIA,Magaala Shaggar,k/m/furii,abdii biyyaa sad 1ffaa,Urban,"12/5/2025, 6:45:51 PM","12/5/2025, 11:59:33 AM","12/5/2025, 6:36:30 PM",12/5/2025,6b74f9d4edaa4c9a,1,T18601,NA,female,1 2 3 4,1,1,1,1,0,0,0,0,0,2 97,0,1,0,1,General Science,4,NA,5,NA,1,NA,1987,2011,5,0,NA,NA,5,0,0,0,0,1,0,0,NA,1,NA,6,0,0,0,0,0,1,0,NA,1,1 2,1,1,0,0,0,0,NA,3 4,0,0,1,1,0,0,0,0,0,0,NA,2 5,0,1,0,0,1,0,0,0,0,0,NA,4 5,0,0,0,1,1,0,0,0,0,0,NA,4,4,3,3,3,3,3,2,3 7,0,0,1,0,0,0,1,0,0,0,0,0,0,NA,3,4,NA,3 4 5,0,0,1,1,1,0,0,0,0,0,0,0,0,NA,4,4,4,3,2,4,4,3,4,4,5,5,5,5,5,5,2,1,1,5,0,0,0,0,1,0,0,0,NA,4,2,2,3,2,3,3,3,3,4,2,2,NA,1,1,1,1,4,3 4,0,0,1,1,0,NA,3,NA,0,0,0,1,0,0,0,1,0,0,0,NA,4,4,1,1,4,1,1,1,1,2,2,2,2,2,2,2,2,2,6 8,0,0,0,0,0,1,0,1,0,0,0,4,1,4,4,1,4,1,2,1,4,10,1,4,3,4,4,4,4,4,2,4,4,4,0,0,0,1,0,0,0,NA,1,2,3,3,1,3,3,3,1,None,3 7,0,0,1,0,0,0,1,0,0,NA,43,NA,15000,NA,uuid:c9d87c80-5cc8-4e1f-b8af-351590bf0ae9,2512040829,uuid:c9d87c80-5cc8-4e1f-b8af-351590bf0ae9,NA,NA,NA,NA,NA,NA,NA,NA,NA,NA
85075,S0426261412,OROMIA,Magaala Shaggar,k/m/furii,abdii biyyaa sad 1ffaa,Urban,"12/5/2025, 6:45:51 PM","12/5/2025, 1:31:36 PM","12/5/2025, 6:36:56 PM",12/5/2025,6b74f9d4edaa4c9a,1,T18603,NA,male,5 6 7 8,0,0,0,0,1,1,1,1,0,97,0,0,0,1,"General Science , Sport science",6,NA,5,NA,1,NA,2004,2015,3,1,2,3,5,0,0,0,0,1,0,0,NA,1,NA,2,0,1,0,0,0,0,0,NA,1,2,0,1,0,0,0,0,NA,3 4,0,0,1,1,0,0,0,0,0,0,NA,2 5,0,1,0,0,1,0,0,0,0,0,NA,2 5,0,1,0,0,1,0,0,0,0,0,NA,4,4,3,3,2,1,1,1,2 6 7,0,1,0,0,0,1,1,0,0,0,0,0,0,NA,2,1,NA,NA,NA,NA,NA,NA,NA,NA,NA,NA,NA,NA,NA,NA,NA,NA,4,3,4,4,2,4,4,3,3,3,5,5,3,5,5,5,2,2,1,5,0,0,0,0,1,0,0,0,NA,2,2,2,4,2,3,2,5,3,5,2,3,NA,3,1,4,1,4,4,0,0,0,1,0,NA,5,NA,0,1,0,0,0,1,1,1,1,0,0,NA,1,1,1,1,4,1,1,3,3,3,3,3,2,2,3,3,3,3,7 11,0,0,0,0,0,0,1,0,0,0,1,4,1,1,4,1,4,1,3,1,4,7,4,4,1,4,3,4,4,3,2,4,4,1 4,1,0,0,1,0,0,0,NA,1,2,2,3,1,3,2,2,2,None,6 8,0,0,0,0,0,1,0,1,0,NA,36,NA,12000,NA,uuid:90852538-6fc7-42b4-9c2a-112766c8a5b6,2512040829,uuid:90852538-6fc7-42b4-9c2a-112766c8a5b6,NA,NA,NA,NA,NA,NA,NA,NA,NA,NA
84739,S0428280412,OROMIA,Magaala Shaggar,k/m/l/xaafoo l/daadhii,woboorii sad.1ffaa,Urban,"12/3/2025, 5:26:22 PM","12/3/2025, 3:59:22 PM","12/3/2025, 7:23:57 PM",12/3/2025,4b8dc9a715f0e7e5,1,T18903,NA,female,1 3 4 5,1,0,1,1,1,0,0,0,0,2 97,0,1,0,1,sport,4,NA,3,NA,1,NA,2006,2008,2,1,3,3,1,1,0,0,0,0,0,0,NA,1,NA,2 5,0,1,0,0,1,0,0,NA,1,1 3,1,0,1,0,0,0,NA,3 4 6,0,0,1,1,0,1,0,0,0,0,NA,4 5,0,0,0,1,1,0,0,0,0,0,NA,2 5,0,1,0,0,1,0,0,0,0,0,NA,4,3,3,3,3,3,3,1,1 3 4,1,0,1,1,0,0,0,0,0,0,0,0,0,NA,4,2,NA,2 3 8,0,1,1,0,0,0,0,1,0,0,0,0,0,NA,4,4,4,3,4,4,4,3,3,3,5,5,3,5,5,5,2,2,1,5,0,0,0,0,1,0,0,0,NA,4,3,2,3,2,2,2,2,2,4,3,3,NA,3,2,3,3,3,1 2,1,1,0,0,0,NA,3,NA,0,1,0,1,0,0,0,1,1,0,0,NA,1,3,2,1,4,2,1,3,3,2,3,3,2,1,3,3,3,3,1 8,1,0,0,0,0,0,0,1,0,0,0,3,3,3,4,1,4,1,3,1,1,10,1,2,4,4,4,2,3,4,4,4,4,2 5,0,1,0,0,1,0,0,NA,1,3,3,3,1,2,2,3,1,None,2 4,0,1,0,1,0,0,0,0,0,NA,30,NA,12000,None,uuid:ee22c539-05e1-4780-9c81-e51dbce622e8,2512030649,uuid:ee22c539-05e1-4780-9c81-e51dbce622e8,NA,NA,NA,NA,NA,NA,NA,NA,NA,NA
84739,S0428280412,OROMIA,Magaala Shaggar,k/m/l/xaafoo l/daadhii,woboorii sad.1ffaa,Urban,"12/3/2025, 5:26:23 PM","12/3/2025, 2:58:27 PM","12/3/2025, 7:21:52 PM",12/3/2025,4b8dc9a715f0e7e5,1,T18902,NA,female,1 3 4 5,1,0,1,1,1,0,0,0,0,2,0,1,0,0,NA,4,NA,5,NA,1,NA,2009,2009,1,1,2,2,1,1,0,0,0,0,0,0,NA,2,NA,2 3,0,1,1,0,0,0,0,NA,1,1,1,0,0,0,0,0,NA,2 4 6,0,1,0,1,0,1,0,0,0,0,NA,3 4,0,0,1,1,0,0,0,0,0,0,NA,4 5,0,0,0,1,1,0,0,0,0,0,NA,3,4,3,3,2,3,2,1,2 3,0,1,1,0,0,0,0,0,0,0,0,0,0,NA,3,2,NA,2 3,0,1,1,0,0,0,0,0,0,0,0,0,0,NA,4,3,3,3,3,3,3,3,3,4,4,5,2,5,5,4,3,2,1,5,0,0,0,0,1,0,0,0,NA,4,4,4,3,4,4,3,2,3,4,3,2,NA,3,2,3,3,3,2 3,0,1,1,0,0,NA,3,NA,0,1,0,1,1,0,0,1,1,0,0,NA,3,1,1,1,4,1,1,3,3,3,3,3,2,2,1,3,3,3,1 10,1,0,0,0,0,0,0,0,0,1,0,2,3,1,4,1,4,1,3,3,2,10,3,3,4,4,4,3,3,4,2,3,4,2 4,0,1,0,1,0,0,0,NA,1,3,2,3,1,2,2,2,2,Non,2 3,0,1,1,0,0,0,0,0,0,NA,32,NA,12100,None,uuid:49593fff-4d28-42dc-bd2a-6f43f6a858c5,2512030649,uuid:49593fff-4d28-42dc-bd2a-6f43f6a858c5,NA,NA,NA,NA,NA,NA,NA,NA,NA,NA
84739,S0428280412,OROMIA,Magaala Shaggar,k/m/l/xaafoo l/daadhii,woboorii sad.1ffaa,Urban,"12/11/2025, 7:10:08 PM","12/11/2025, 1:11:53 PM","12/11/2025, 7:05:04 PM",12/11/2025,6b74f9d4edaa4c9a,1,T33501,NA,female,1 2,1,1,0,0,0,0,0,0,0,1 2 97,1,1,0,1,Safu,3,NA,5,NA,1,NA,2005,2008,2,1,1,3,5,0,0,0,0,1,0,0,NA,1,NA,6,0,0,0,0,0,1,0,NA,1,1 2 3,1,1,1,0,0,0,NA,1 3 4,1,0,1,1,0,0,0,0,0,0,NA,2 5,0,1,0,0,1,0,0,0,0,0,NA,2 5,0,1,0,0,1,0,0,0,0,0,NA,3,3,3,3,3,3,2,2,4 10 11,0,0,0,1,0,0,0,0,0,1,1,0,0,NA,4,2,NA,3 5 9 10,0,0,1,0,1,0,0,0,1,1,0,0,0,NA,4,4,4,3,4,4,4,4,3,4,5,5,3,5,5,5,2,1,1,2 5,0,1,0,0,1,0,0,0,NA,3,3,2,2,2,2,3,4,3,5,2,1,NA,3,3,4,1,4,4,0,0,0,1,0,NA,2,NA,1,0,0,0,0,1,0,1,1,0,0,NA,1,1,1,1,4,1,1,3,3,2,3,3,3,3,3,3,3,3,3 11,0,0,1,0,0,0,0,0,0,0,1,1,1,1,1,1,1,1,2,1,1,10,1,4,4,4,4,2,4,4,4,4,4,4,0,0,0,1,0,0,0,NA,1,1,2,3,3,1,1,3,3,None,4 8,0,0,0,1,0,0,0,1,0,NA,33,NA,13300,NA,uuid:48a57b83-b197-42e9-8809-196663805498,2512040829,uuid:48a57b83-b197-42e9-8809-196663805498,NA,NA,NA,NA,NA,NA,NA,NA,NA,NA
84739,S0428280412,OROMIA,Magaala Shaggar,k/m/l/xaafoo l/daadhii,woboorii sad.1ffaa,Urban,"12/11/2025, 7:13:20 PM","12/11/2025, 1:40:13 PM","12/11/2025, 9:05:54 PM",12/11/2025,4b8dc9a715f0e7e5,1,T33502,NA,female,6 7 8,0,0,0,0,0,1,1,1,0,1,1,0,0,0,NA,4,NA,5,NA,1,NA,1990,2014,5,1,1,3,1,1,0,0,0,0,0,0,NA,1,NA,2 5,0,1,0,0,1,0,0,NA,1,1 2,1,1,0,0,0,0,NA,1 2 3,1,1,1,0,0,0,0,0,0,0,NA,3 4,0,0,1,1,0,0,0,0,0,0,NA,2 3,0,1,1,0,0,0,0,0,0,0,NA,3,3,3,3,1,1,1,1,2 6 7,0,1,0,0,0,1,1,0,0,0,0,0,0,NA,2,2,NA,8 9,0,0,0,0,0,0,0,1,1,0,0,0,0,NA,3,3,3,3,4,3,3,2,3,3,5,5,2,4,4,4,2,2,1,5,0,0,0,0,1,0,0,0,NA,3,3,3,3,3,2,3,3,3,3,1,3,NA,3,3,3,3,3,4,0,0,0,1,0,NA,2,NA,1,0,0,0,0,1,0,1,1,0,1,None,3,1,1,1,1,3,1,2,3,2,3,3,2,2,3,3,3,3,1 2,1,1,0,0,0,0,0,0,0,0,0,3,1,4,4,1,3,2,3,3,1,9,1,3,3,3,3,3,4,4,2,4,4,2 4,0,1,0,1,0,0,0,NA,1,2,3,3,2,3,1,3,2,None,3 4,0,0,1,1,0,0,0,0,0,NA,48,NA,16550,None,uuid:2e4165c4-0e09-484c-b325-8771942066fc,2512040829,uuid:2e4165c4-0e09-484c-b325-8771942066fc,NA,NA,NA,NA,NA,NA,NA,NA,NA,NA
84739,S0428280412,OROMIA,Magaala Shaggar,k/m/l/xaafoo l/daadhii,woboorii sad.1ffaa,Urban,"12/11/2025, 7:13:21 PM","12/11/2025, 3:11:45 PM","12/11/2025, 9:09:18 PM",12/11/2025,4b8dc9a715f0e7e5,1,T33503,NA,male,4 5,0,0,0,1,1,0,0,0,0,97,0,0,0,1,"Geda, art",3,NA,5,NA,0,NA,2009,2013,2,0,NA,NA,2,0,1,0,0,0,0,0,NA,1,NA,2 6,0,1,0,0,0,1,0,NA,1,2,0,1,0,0,0,0,NA,2 3 4,0,1,1,1,0,0,0,0,0,0,NA,2 5,0,1,0,0,1,0,0,0,0,0,NA,2 8,0,1,0,0,0,0,0,1,0,0,NA,3,3,4,3,2,1,1,1,6 7 8,0,0,0,0,0,1,1,1,0,0,0,0,0,NA,4,2,NA,3 4,0,0,1,1,0,0,0,0,0,0,0,0,0,NA,3,3,3,3,4,4,4,3,3,4,5,5,3,4,5,4,2,1,1,5,0,0,0,0,1,0,0,0,NA,3,3,4,3,3,2,3,3,4,4,4,4,NA,3,3,4,3,3,2 3,0,1,1,0,0,NA,2,NA,0,0,0,1,1,1,0,1,1,0,0,NA,1,1,2,1,3,2,1,3,3,3,3,3,3,3,3,3,3,3,1 4,1,0,0,1,0,0,0,0,0,0,0,2,1,1,1,1,3,1,3,3,1,10,1,4,4,3,4,3,4,3,3,4,4,2 4,0,1,0,1,0,0,0,NA,1,3,3,3,1,2,3,3,2,None,4 6,0,0,0,1,0,1,0,0,0,NA,30,NA,12348,None,uuid:a76181b7-3dbb-48fe-a622-201357bbce6d,2512040829,uuid:a76181b7-3dbb-48fe-a622-201357bbce6d,NA,NA,NA,NA,NA,NA,NA,NA,NA,NA
88760,S0435020452,OROMIA,Buunnoo Beeddeellee,beddellee,yabaallaa,Rural,"12/22/2025, 7:45:27 PM","12/22/2025, 10:37:09 AM","12/22/2025, 6:08:05 PM",12/22/2025,48ec0b9287834309,1,T12801,NA,female,1 2 6 8,1,1,0,0,0,1,0,1,0,1,1,0,0,0,NA,5,NA,5,NA,1,NA,2003,2010,2,0,NA,NA,1 2,1,1,0,0,0,0,0,NA,1,NA,5 6,0,0,0,0,1,1,0,NA,1,1 3,1,0,1,0,0,0,NA,2 3 5,0,1,1,0,1,0,0,0,0,0,NA,4 5,0,0,0,1,1,0,0,0,0,0,NA,2 4,0,1,0,1,0,0,0,0,0,0,NA,1,1,3,1,1,3,1,1,3 6,0,0,1,0,0,1,0,0,0,0,0,0,0,NA,2,4,NA,2 4 6,0,1,0,1,0,1,0,0,0,0,0,0,0,NA,4,3,4,3,4,3,4,4,4,3,5,4,3,5,4,4,3,1,1,2 5,0,1,0,0,1,0,0,0,NA,3,4,3,4,3,4,4,3,5,4,5,2,NA,4,3,4,3,4,1 3,1,0,1,0,0,NA,3,NA,1,1,0,1,1,1,1,1,1,0,1,Nothing,3,4,1,1,4,4,3,1,3,2,2,3,3,3,3,3,3,3,2 4,0,1,0,1,0,0,0,0,0,0,0,3,4,2,4,2,3,2,3,3,1,10,4,4,1,3,3,3,4,4,4,4,4,2,0,1,0,0,0,0,0,NA,0,NA,NA,NA,NA,NA,NA,NA,NA,NA,2 4,0,1,0,1,0,0,0,0,0,NA,39,NA,13241,Nothing,uuid:1bb76f61-1cf6-488a-bcd4-0d10dab79b7c,2512142209,uuid:1bb76f61-1cf6-488a-bcd4-0d10dab79b7c,NA,NA,NA,NA,NA,NA,NA,NA,NA,NA
88760,S0435020452,OROMIA,Buunnoo Beeddeellee,beddellee,yabaallaa,Rural,"12/22/2025, 7:45:27 PM","12/22/2025, 11:15:38 AM","12/22/2025, 6:15:00 PM",12/22/2025,48ec0b9287834309,1,T12802,NA,male,2 7 8,0,1,0,0,0,0,1,1,0,97,0,0,0,1,General science,5,NA,5,NA,1,NA,1999,2012,8,1,1,3,1 2 5,1,1,0,0,1,0,0,NA,1,NA,5 6,0,0,0,0,1,1,0,NA,1,1 2 3,1,1,1,0,0,0,NA,3 5,0,0,1,0,1,0,0,0,0,0,NA,3 4,0,0,1,1,0,0,0,0,0,0,NA,2 8,0,1,0,0,0,0,0,1,0,0,NA,1,1,1,1,1,1,1,1,2 5,0,1,0,0,1,0,0,0,0,0,0,0,0,NA,2,4,NA,3 6,0,0,1,0,0,1,0,0,0,0,0,0,0,NA,4,3,4,3,4,3,4,3,3,4,5,5,5,5,5,5,3,1,1,3 5,0,0,1,0,1,0,0,0,NA,3,3,4,3,4,3,5,4,3,4,4,3,NA,4,3,4,3,4,1 2,1,1,0,0,0,NA,3,NA,1,1,1,1,1,0,0,1,1,0,0,NA,3,2,3,3,4,3,4,2,2,3,1,1,1,1,1,2,2,1,4 6,0,0,0,1,0,1,0,0,0,0,0,2,3,2,3,3,4,3,3,3,1,10,4,2,2,3,3,4,4,4,3,4,4,2,0,1,0,0,0,0,0,NA,0,NA,NA,NA,NA,NA,NA,NA,NA,NA,2 7,0,1,0,0,0,0,1,0,0,NA,39,NA,15491,"As our school there is lack of enough learning tools like book, supportive materials",uuid:e59abc8d-6981-4380-a01f-39f3f83adc7f,2512142209,uuid:e59abc8d-6981-4380-a01f-39f3f83adc7f,NA,NA,NA,NA,NA,NA,NA,NA,NA,NA
88760,S0435020452,OROMIA,Buunnoo Beeddeellee,beddellee,yabaallaa,Rural,"12/22/2025, 7:45:28 PM","12/22/2025, 11:22:53 AM","12/22/2025, 6:11:18 PM",12/22/2025,48ec0b9287834309,1,T12803,NA,male,4 5 8,0,0,0,1,1,0,0,1,0,1,1,0,0,0,NA,7,NA,5,NA,1,NA,1999,2004,2,1,1,2,1 2,1,1,0,0,0,0,0,NA,1,NA,5 6,0,0,0,0,1,1,0,NA,1,1 2,1,1,0,0,0,0,NA,3 5,0,0,1,0,1,0,0,0,0,0,NA,4 7,0,0,0,1,0,0,1,0,0,0,NA,3 7,0,0,1,0,0,0,1,0,0,0,NA,1,3,3,1,1,1,1,1,2 5 7,0,1,0,0,1,0,1,0,0,0,0,0,0,NA,1,4,NA,3 5,0,0,1,0,1,0,0,0,0,0,0,0,0,NA,4,3,4,3,4,3,4,3,1,3,5,3,5,4,5,4,3,1,1,2 3 5,0,1,1,0,1,0,0,0,NA,4,3,4,3,3,4,4,4,3,4,4,2,NA,4,3,4,3,3,2 3,0,1,1,0,0,NA,3,NA,1,1,1,0,1,0,1,1,1,1,0,NA,2,3,4,3,4,3,4,1,2,3,2,3,3,3,2,2,2,2,4 7,0,0,0,1,0,0,1,0,0,0,0,2,3,4,3,4,4,3,3,3,1,9,4,3,2,3,4,3,4,4,4,4,4,2,0,1,0,0,0,0,0,NA,1,2,2,3,1,2,3,2,3,Nothing,2 5,0,1,0,0,1,0,0,0,0,NA,35,NA,14000,Nothing,uuid:22754d1c-cfab-4ab0-b2e1-c25517dee63f,2512142209,uuid:22754d1c-cfab-4ab0-b2e1-c25517dee63f,NA,NA,NA,NA,NA,NA,NA,NA,NA,NA
88843,S0435030042,OROMIA,Buunnoo Beeddeellee,boorachaa,toogoo gatamaa,Rural,"12/23/2025, 9:21:36 PM","12/23/2025, 11:31:36 AM","12/23/2025, 9:20:55 PM",12/23/2025,48ec0b9287834309,1,T13301,NA,female,1 3 4 5 8,1,0,1,1,1,0,0,1,0,1,1,0,0,0,NA,4,NA,3,NA,0,NA,2010,2010,1,0,NA,NA,1 5,1,0,0,0,1,0,0,NA,1,NA,5 6,0,0,0,0,1,1,0,NA,1,1 2 3,1,1,1,0,0,0,NA,3 5 7,0,0,1,0,1,0,1,0,0,0,NA,4 6,0,0,0,1,0,1,0,0,0,0,NA,2 4,0,1,0,1,0,0,0,0,0,0,NA,1,3,3,3,1,1,1,1,2 3 6,0,1,1,0,0,1,0,0,0,0,0,0,0,NA,2,2,NA,3 5 7,0,0,1,0,1,0,1,0,0,0,0,0,0,NA,4,3,4,3,4,3,3,4,3,4,5,4,5,4,5,4,1,1,1,2 6,0,1,0,0,0,1,0,0,NA,4,3,4,2,4,3,5,4,3,4,4,3,NA,4,3,2,4,3,2,0,1,0,0,0,NA,3,NA,0,0,1,1,1,1,1,1,1,0,0,NA,4,4,1,1,3,1,4,1,1,1,1,2,1,2,1,3,1,1,4 6,0,0,0,1,0,1,0,0,0,0,0,4,3,4,4,3,4,4,3,3,1,9,4,3,4,3,4,3,4,4,4,3,4,2,0,1,0,0,0,0,0,NA,0,NA,NA,NA,NA,NA,NA,NA,NA,NA,2 4,0,1,0,1,0,0,0,0,0,NA,26,NA,1070,Nothing,uuid:8277cf50-8702-4e6c-a8ac-0354372cdf84,2512142209,uuid:8277cf50-8702-4e6c-a8ac-0354372cdf84,NA,NA,NA,NA,NA,NA,NA,NA,NA,NA
88843,S0435030042,OROMIA,Buunnoo Beeddeellee,boorachaa,toogoo gatamaa,Rural,"12/23/2025, 9:21:36 PM","12/23/2025, 11:43:35 AM","12/23/2025, 9:20:10 PM",12/23/2025,48ec0b9287834309,1,T13302,NA,male,5 6 7 8,0,0,0,0,1,1,1,1,0,2,0,1,0,0,NA,1,NA,3,NA,0,NA,2017,2017,1,0,NA,NA,1,1,0,0,0,0,0,0,NA,1,NA,5 6,0,0,0,0,1,1,0,NA,1,1 3,1,0,1,0,0,0,NA,2 3 5,0,1,1,0,1,0,0,0,0,0,NA,4 6,0,0,0,1,0,1,0,0,0,0,NA,2 6,0,1,0,0,0,1,0,0,0,0,NA,3,3,4,2,2,3,3,2,3 5,0,0,1,0,1,0,0,0,0,0,0,0,0,NA,1,4,NA,4 7,0,0,0,1,0,0,1,0,0,0,0,0,0,NA,4,3,4,3,4,3,4,3,4,3,5,4,5,4,5,4,3,1,1,2 5,0,1,0,0,1,0,0,0,NA,4,3,4,3,3,4,4,4,3,4,5,3,NA,4,3,4,3,4,1 2 3,1,1,1,0,0,NA,3,NA,1,1,1,1,1,1,1,1,1,1,0,NA,3,4,3,4,3,4,3,2,3,3,3,3,3,1,1,1,1,1,3 6,0,0,1,0,0,1,0,0,0,0,0,4,3,4,3,4,4,4,3,3,1,10,4,3,4,3,4,3,3,4,3,2,4,2,0,1,0,0,0,0,0,NA,0,NA,NA,NA,NA,NA,NA,NA,NA,NA,2 4,0,1,0,1,0,0,0,0,0,NA,22,NA,8500,Nothing,uuid:199ca86a-c828-4c7a-8577-77422a9f16ce,2512142209,uuid:199ca86a-c828-4c7a-8577-77422a9f16ce,NA,NA,NA,NA,NA,NA,NA,NA,NA,NA
88843,S0435030042,OROMIA,Buunnoo Beeddeellee,boorachaa,toogoo gatamaa,Rural,"12/23/2025, 9:21:36 PM","12/23/2025, 11:55:14 AM","12/23/2025, 9:21:30 PM",12/23/2025,48ec0b9287834309,1,T13303,NA,male,3 4 6 7,0,0,1,1,0,1,1,0,0,97,0,0,0,1,General science,4,NA,2,NA,0,NA,2011,2014,4,0,NA,NA,1 97,1,0,0,0,0,1,0,Department,1,NA,5 6,0,0,0,0,1,1,0,NA,1,1 3,1,0,1,0,0,0,NA,2 3 5,0,1,1,0,1,0,0,0,0,0,NA,4 7,0,0,0,1,0,0,1,0,0,0,NA,3 4,0,0,1,1,0,0,0,0,0,0,NA,1,1,1,1,1,1,1,1,3 4 6,0,0,1,1,0,1,0,0,0,0,0,0,0,NA,1,4,NA,2 4,0,1,0,1,0,0,0,0,0,0,0,0,0,NA,4,3,3,4,3,3,4,3,4,3,5,4,5,4,4,5,2,1,1,2 5,0,1,0,0,1,0,0,0,NA,4,3,2,3,4,4,5,4,3,5,3,3,NA,4,3,4,3,4,2,0,1,0,0,0,NA,2,NA,0,0,0,1,1,1,1,1,1,0,0,NA,2,3,2,4,3,4,3,1,3,2,2,3,1,2,3,2,2,1,5 7,0,0,0,0,1,0,1,0,0,0,0,2,3,4,2,4,3,4,3,3,1,9,3,4,2,4,3,4,4,3,4,3,4,2,0,1,0,0,0,0,0,NA,0,NA,NA,NA,NA,NA,NA,NA,NA,NA,2 4,0,1,0,1,0,0,0,0,0,NA,27,NA,10740,Nothing,uuid:43661930-aaef-4004-ac66-4d31fcfe297f,2512142209,uuid:43661930-aaef-4004-ac66-4d31fcfe297f,NA,NA,NA,NA,NA,NA,NA,NA,NA,NA
88969,S0435050092,OROMIA,Buunnoo Beeddeellee,cooraa,beeroo sariitii,Rural,"12/25/2025, 6:41:27 AM","12/24/2025, 9:59:05 PM","12/24/2025, 10:04:19 PM",12/24/2025,48ec0b9287834309,1,T14301,NA,male,6 7 8,0,0,0,0,0,1,1,1,0,1,1,0,0,0,NA,4,NA,5,NA,1,NA,2010,2015,2,1,1,2,1 2,1,1,0,0,0,0,0,NA,1,NA,5 6,0,0,0,0,1,1,0,NA,1,1 3,1,0,1,0,0,0,NA,2 4 5,0,1,0,1,1,0,0,0,0,0,NA,4 5,0,0,0,1,1,0,0,0,0,0,NA,2 6,0,1,0,0,0,1,0,0,0,0,NA,2,1,1,1,1,1,1,1,5 6,0,0,0,0,1,1,0,0,0,0,0,0,0,NA,1,4,NA,3 5,0,0,1,0,1,0,0,0,0,0,0,0,0,NA,4,3,4,3,4,3,3,4,3,4,5,5,3,5,5,5,3,1,1,2 5 6,0,1,0,0,1,1,0,0,NA,4,3,4,3,4,3,5,4,4,3,5,3,NA,4,3,4,3,4,2 3,0,1,1,0,0,NA,2,NA,1,1,1,1,1,0,0,1,1,0,0,NA,4,4,3,4,3,4,3,3,3,3,3,3,3,2,3,3,3,3,4 5,0,0,0,1,1,0,0,0,0,0,0,4,3,4,3,2,3,3,3,3,1,10,4,3,4,3,4,3,4,3,4,4,3,2,0,1,0,0,0,0,0,NA,0,NA,NA,NA,NA,NA,NA,NA,NA,NA,2 4,0,1,0,1,0,0,0,0,0,NA,28,NA,11500,Nothing,uuid:ab4d4662-9336-4a36-9c04-7496725cf564,2512142209,uuid:ab4d4662-9336-4a36-9c04-7496725cf564,NA,NA,NA,NA,NA,NA,NA,NA,NA,NA
88969,S0435050092,OROMIA,Buunnoo Beeddeellee,cooraa,beeroo sariitii,Rural,"12/25/2025, 6:41:27 AM","12/24/2025, 10:04:25 PM","12/24/2025, 10:08:45 PM",12/24/2025,48ec0b9287834309,1,T14302,NA,female,1 2 3 5,1,1,1,0,1,0,0,0,0,3,0,0,1,0,NA,4,NA,2,NA,0,NA,2009,2012,3,0,NA,NA,1,1,0,0,0,0,0,0,NA,1,NA,5 6,0,0,0,0,1,1,0,NA,0,NA,NA,NA,NA,NA,NA,NA,NA,NA,NA,NA,NA,NA,NA,NA,NA,NA,NA,NA,NA,3 6,0,0,1,0,0,1,0,0,0,0,NA,2 4,0,1,0,1,0,0,0,0,0,0,NA,2,1,1,1,1,1,1,1,3 4 6,0,0,1,1,0,1,0,0,0,0,0,0,0,NA,2,4,NA,2 5,0,1,0,0,1,0,0,0,0,0,0,0,0,NA,4,3,3,4,3,4,4,3,4,3,5,5,5,4,5,3,3,1,1,3 5 6,0,0,1,0,1,1,0,0,NA,4,3,4,3,2,3,4,4,3,4,4,3,NA,4,3,4,3,3,1 2,1,1,0,0,0,NA,3,NA,1,1,0,1,1,1,0,0,1,1,0,NA,3,4,3,2,3,4,3,2,1,1,2,3,3,3,3,3,3,3,3 6,0,0,1,0,0,1,0,0,0,0,0,4,3,4,3,4,3,4,3,3,1,10,4,3,3,4,2,3,4,3,4,3,4,2,0,1,0,0,0,0,0,NA,0,NA,NA,NA,NA,NA,NA,NA,NA,NA,2 4,0,1,0,1,0,0,0,0,0,NA,28,NA,10500,Nothing,uuid:20c25252-ce64-4afa-8673-9346afd88d6b,2512142209,uuid:20c25252-ce64-4afa-8673-9346afd88d6b,NA,NA,NA,NA,NA,NA,NA,NA,NA,NA
88969,S0435050092,OROMIA,Buunnoo Beeddeellee,cooraa,beeroo sariitii,Rural,"12/25/2025, 6:41:27 AM","12/24/2025, 10:08:55 PM","12/25/2025, 6:41:22 AM",12/24/2025,48ec0b9287834309,1,T14303,NA,male,6 7 8,0,0,0,0,0,1,1,1,0,2,0,1,0,0,NA,5,NA,5,NA,1,NA,2005,2010,3,1,1,3,1,1,0,0,0,0,0,0,NA,1,NA,5 6,0,0,0,0,1,1,0,NA,1,1 3 4,1,0,1,1,0,0,NA,1 3 6,1,0,1,0,0,1,0,0,0,0,NA,3 5,0,0,1,0,1,0,0,0,0,0,NA,4 5,0,0,0,1,1,0,0,0,0,0,NA,1,1,1,1,1,1,1,1,2 3 6,0,1,1,0,0,1,0,0,0,0,0,0,0,NA,0,4,NA,4 5,0,0,0,1,1,0,0,0,0,0,0,0,0,NA,3,3,4,3,4,4,4,4,3,2,5,5,5,3,4,5,3,1,1,2 6,0,1,0,0,0,1,0,0,NA,4,3,4,3,4,2,5,4,5,3,4,2,NA,3,4,3,4,3,1,1,0,0,0,0,NA,2,NA,1,1,1,1,0,1,1,1,1,0,0,NA,4,3,4,4,3,4,3,3,3,3,3,3,3,3,3,3,3,2,6 7,0,0,0,0,0,1,1,0,0,0,0,4,3,2,1,2,3,4,3,3,1,10,4,3,1,4,3,4,4,4,3,4,3,2,0,1,0,0,0,0,0,NA,0,NA,NA,NA,NA,NA,NA,NA,NA,NA,2 4,0,1,0,1,0,0,0,0,0,NA,39,NA,16500,Nothing,uuid:53872442-3e2d-4ddb-b6f6-999d726cec2d,2512142209,uuid:53872442-3e2d-4ddb-b6f6-999d726cec2d,NA,NA,NA,NA,NA,NA,NA,NA,NA,NA
89314,S0435090152,OROMIA,Buunnoo Beeddeellee,gachii,digaja,Rural,"12/19/2025, 7:03:02 PM","12/19/2025, 10:18:40 AM","12/19/2025, 7:02:57 PM",12/19/2025,48ec0b9287834309,1,T16401,NA,male,3 4 5 6,0,0,1,1,1,1,0,0,0,1,1,0,0,0,NA,5,NA,5,NA,1,NA,1998,2007,4,0,NA,NA,1,1,0,0,0,0,0,0,NA,1,NA,5 6,0,0,0,0,1,1,0,NA,1,1 3,1,0,1,0,0,0,NA,3 4,0,0,1,1,0,0,0,0,0,0,NA,4 5,0,0,0,1,1,0,0,0,0,0,NA,2 6,0,1,0,0,0,1,0,0,0,0,NA,1,1,1,1,1,2,1,1,4 6,0,0,0,1,0,1,0,0,0,0,0,0,0,NA,0,4,NA,2 5,0,1,0,0,1,0,0,0,0,0,0,0,0,NA,2,3,4,3,4,4,2,3,3,4,2,1,2,2,5,3,1,2,2,2 5,0,1,0,0,1,0,0,0,NA,4,3,3,4,2,4,4,5,4,3,4,2,NA,4,3,4,3,4,2,0,1,0,0,0,NA,3,NA,1,1,0,1,1,0,0,1,1,1,0,NA,4,3,2,3,4,3,4,3,2,3,3,3,3,3,3,3,3,3,2 4,0,1,0,1,0,0,0,0,0,0,0,4,3,3,3,4,3,4,3,3,1,10,4,3,4,2,3,4,4,3,4,3,4,2,0,1,0,0,0,0,0,NA,1,3,2,1,1,2,2,1,2,Nothing,2 4,0,1,0,1,0,0,0,0,0,NA,40,NA,14500,Nothing,uuid:04dfcc03-fcdd-4e42-ac4d-5daa8e428421,2512142209,uuid:04dfcc03-fcdd-4e42-ac4d-5daa8e428421,NA,NA,NA,NA,NA,NA,NA,NA,NA,NA
89314,S0435090152,OROMIA,Buunnoo Beeddeellee,gachii,digaja,Rural,"12/19/2025, 7:03:02 PM","12/19/2025, 10:32:12 AM","12/19/2025, 7:02:20 PM",12/19/2025,48ec0b9287834309,1,T16402,NA,male,3 4 5 6,0,0,1,1,1,1,0,0,0,2,0,1,0,0,NA,4,NA,2,NA,0,NA,2009,2012,3,1,1,2,1,1,0,0,0,0,0,0,NA,1,NA,5 6,0,0,0,0,1,1,0,NA,1,1 3,1,0,1,0,0,0,NA,1 3 4,1,0,1,1,0,0,0,0,0,0,NA,4 5,0,0,0,1,1,0,0,0,0,0,NA,2 5,0,1,0,0,1,0,0,0,0,0,NA,1,1,1,1,1,1,1,1,2 4 7,0,1,0,1,0,0,1,0,0,0,0,0,0,NA,2,4,NA,2 4,0,1,0,1,0,0,0,0,0,0,0,0,0,NA,4,3,2,4,3,2,4,3,4,3,4,2,4,2,4,4,3,2,1,2 5,0,1,0,0,1,0,0,0,NA,4,3,4,3,4,3,4,5,3,5,4,2,NA,3,4,3,4,3,1 3,1,0,1,0,0,NA,3,NA,1,1,0,1,0,1,0,1,1,1,0,NA,3,3,4,3,2,4,4,3,2,2,3,3,1,1,1,1,1,1,5 8,0,0,0,0,1,0,0,1,0,0,0,2,3,4,2,4,4,3,3,3,1,9,4,4,1,3,1,3,4,4,4,4,4,2,0,1,0,0,0,0,0,NA,0,NA,NA,NA,NA,NA,NA,NA,NA,NA,3 5,0,0,1,0,1,0,0,0,0,NA,31,NA,16438,Nothing,uuid:eea0d0a3-91c7-4b27-9709-5016a439704b,2512142209,uuid:eea0d0a3-91c7-4b27-9709-5016a439704b,NA,NA,NA,NA,NA,NA,NA,NA,NA,NA
89314,S0435090152,OROMIA,Buunnoo Beeddeellee,gachii,digaja,Rural,"12/19/2025, 7:03:02 PM","12/19/2025, 10:42:06 AM","12/19/2025, 6:56:18 PM",12/19/2025,48ec0b9287834309,1,T16403,NA,female,1 2 3 4,1,1,1,1,0,0,0,0,0,1 97,1,0,0,1,Science,5,NA,3,NA,0,NA,2008,2012,2,0,NA,NA,1,1,0,0,0,0,0,0,NA,1,NA,5 6,0,0,0,0,1,1,0,NA,1,1 3,1,0,1,0,0,0,NA,1 3 4,1,0,1,1,0,0,0,0,0,0,NA,4 5,0,0,0,1,1,0,0,0,0,0,NA,2 4,0,1,0,1,0,0,0,0,0,0,NA,1,1,1,1,1,1,1,1,2 4 5,0,1,0,1,1,0,0,0,0,0,0,0,0,NA,2,4,NA,3 4 5,0,0,1,1,1,0,0,0,0,0,0,0,0,NA,4,3,1,3,2,3,4,3,3,4,4,2,5,4,5,5,3,1,1,2 4 5,0,1,0,1,1,0,0,0,NA,3,3,2,4,3,3,4,4,5,4,4,2,NA,4,3,2,3,4,2 3,0,1,1,0,0,NA,2,NA,1,1,0,1,1,1,0,1,0,1,0,NA,3,2,2,1,2,1,3,3,2,2,3,3,3,3,3,3,2,1,4 6,0,0,0,1,0,1,0,0,0,0,0,3,1,2,3,1,2,4,3,3,1,9,4,2,3,2,4,3,4,4,4,4,4,2,0,1,0,0,0,0,0,NA,1,1,1,2,1,1,2,2,1,Nothing,2 4,0,1,0,1,0,0,0,0,0,NA,36,NA,11300,Nothing,uuid:9eac5424-9e56-42f2-95f2-d8ce3ab70a75,2512142209,uuid:9eac5424-9e56-42f2-95f2-d8ce3ab70a75,NA,NA,NA,NA,NA,NA,NA,NA,NA,NA
91751,S0436010462,OROMIA,Gujii Lixaa,abbayaa,hafuursaa waaroo,Rural,"12/5/2025, 4:01:02 PM","12/5/2025, 8:23:04 AM","12/5/2025, 3:59:32 PM",12/5/2025,4794b43bebbd3e7c,1,T24301,NA,male,4 5 6 7 8,0,0,0,1,1,1,1,1,0,97,0,0,0,1,General science,2,NA,3,NA,1,NA,2011,2014,3,0,NA,NA,5,0,0,0,0,1,0,0,NA,1,NA,5 6,0,0,0,0,1,1,0,NA,1,1 2 4,1,1,0,1,0,0,NA,3 4 7,0,0,1,1,0,0,1,0,0,0,NA,2 6,0,1,0,0,0,1,0,0,0,0,NA,4 5,0,0,0,1,1,0,0,0,0,0,NA,4,3,2,3,4,1,1,1,6 8 11,0,0,0,0,0,1,0,1,0,0,1,0,0,NA,4,2,NA,2 3 9,0,1,1,0,0,0,0,0,1,0,0,0,0,NA,3,3,3,3,3,4,4,3,4,4,5,5,4,5,4,4,4,1,1,2 3 5,0,1,1,0,1,0,0,0,NA,4,2,2,2,2,3,2,1,1,5,2,2,NA,4,3,4,1,4,2 4,0,1,0,1,0,NA,3,NA,0,0,0,0,1,1,0,1,1,0,0,NA,2,1,1,1,4,1,1,3,2,1,2,3,2,2,3,3,3,3,1 4,1,0,0,1,0,0,0,0,0,0,0,2,2,3,4,1,4,4,3,3,1,8,1,4,3,4,4,4,4,4,2,3,4,1 2 4,1,1,0,1,0,0,0,NA,1,3,3,2,1,2,2,2,2,None,2 4,0,1,0,1,0,0,0,0,0,NA,34,NA,10700,No problem,uuid:783c528c-d0ea-4e5d-abfa-a14088196b0e,2512040829,uuid:783c528c-d0ea-4e5d-abfa-a14088196b0e,NA,NA,NA,NA,NA,NA,NA,NA,NA,NA
91751,S0436010462,OROMIA,Gujii Lixaa,abbayaa,hafuursaa waaroo,Rural,"12/5/2025, 5:45:18 PM","12/5/2025, 9:39:20 AM","12/5/2025, 5:41:08 PM",12/5/2025,31d542a9aea3f2c5,1,T24302,NA,female,1 2 3 4 5 6 7 8,1,1,1,1,1,1,1,1,0,1,1,0,0,0,NA,4,NA,3,NA,1,NA,2011,2011,1,1,1,2,5,0,0,0,0,1,0,0,NA,1,NA,6,0,0,0,0,0,1,0,NA,1,1 2 3,1,1,1,0,0,0,NA,2 3 4,0,1,1,1,0,0,0,0,0,0,NA,4 5,0,0,0,1,1,0,0,0,0,0,NA,5 7,0,0,0,0,1,0,1,0,0,0,NA,3,3,3,2,2,1,1,1,2 5 10 11,0,1,0,0,1,0,0,0,0,1,1,0,0,NA,4,2,NA,1 3 4 5 9 10,1,0,1,1,1,0,0,0,1,1,0,0,0,NA,4,3,3,2,4,4,3,2,3,4,5,5,3,5,4,4,2,1,1,5,0,0,0,0,1,0,0,0,NA,4,4,3,4,3,3,5,3,3,4,4,2,NA,4,3,3,1,4,2,0,1,0,0,0,NA,3,NA,0,0,0,0,1,1,1,1,1,0,0,NA,3,3,4,2,4,2,2,3,2,3,3,3,3,3,3,3,3,3,1 3,1,0,1,0,0,0,0,0,0,0,0,2,3,2,3,3,4,1,3,3,4,7,2,2,3,4,3,3,4,3,3,4,4,1 2 4,1,1,0,1,0,0,0,NA,1,2,3,3,1,2,2,2,1,None,7 8,0,0,0,0,0,0,1,1,0,NA,32,NA,10100,NA,uuid:3bc40953-3532-4f11-a01b-05c9585656a2,2512030649,uuid:3bc40953-3532-4f11-a01b-05c9585656a2,NA,NA,NA,NA,NA,NA,NA,NA,NA,NA
91751,S0436010462,OROMIA,Gujii Lixaa,abbayaa,hafuursaa waaroo,Rural,"12/5/2025, 5:45:19 PM","12/5/2025, 11:58:42 AM","12/5/2025, 5:40:44 PM",12/5/2025,31d542a9aea3f2c5,1,T24303,NA,male,3 4 5 7 8,0,0,1,1,1,0,1,1,0,1,1,0,0,0,NA,4,NA,3,NA,1,NA,2015,2015,1,1,1,2,5,0,0,0,0,1,0,0,NA,1,NA,2 5 6,0,1,0,0,1,1,0,NA,1,1 2 3,1,1,1,0,0,0,NA,2 3 4,0,1,1,1,0,0,0,0,0,0,NA,4 5,0,0,0,1,1,0,0,0,0,0,NA,4 7,0,0,0,1,0,0,1,0,0,0,NA,4,3,3,3,2,1,1,1,8 11,0,0,0,0,0,0,0,1,0,0,1,0,0,NA,3,2,NA,1 3 4 9 10,1,0,1,1,0,0,0,0,1,1,0,0,0,NA,4,3,3,3,4,4,3,3,2,4,5,5,3,5,4,4,2,2,1,5,0,0,0,0,1,0,0,0,NA,4,3,4,4,3,3,4,5,4,4,5,2,NA,3,3,3,2,4,2 3,0,1,1,0,0,NA,2,NA,0,0,0,1,0,0,0,1,0,0,0,NA,3,3,2,2,4,3,2,3,3,3,3,3,3,3,3,3,3,3,3 4,0,0,1,1,0,0,0,0,0,0,0,1,3,3,3,3,4,3,3,3,1,6,3,3,4,4,3,3,4,4,4,3,3,2 4,0,1,0,1,0,0,0,NA,1,2,3,3,1,2,3,2,1,None,2 5,0,1,0,0,1,0,0,0,0,NA,28,NA,10100,None,uuid:b13af294-b840-425f-a5ee-14e1278b8e41,2512030649,uuid:b13af294-b840-425f-a5ee-14e1278b8e41,NA,NA,NA,NA,NA,NA,NA,NA,NA,NA
91772,S0436010492,OROMIA,Gujii Lixaa,abbayaa,shaaraa,Rural,"12/4/2025, 4:16:22 PM","12/4/2025, 12:06:40 PM","12/4/2025, 4:14:49 PM",12/4/2025,4794b43bebbd3e7c,1,T10501,NA,female,2 3 4 5 8,0,1,1,1,1,0,0,1,0,2,0,1,0,0,NA,6,NA,5,NA,1,NA,2017,2017,1,1,1,3,5,0,0,0,0,1,0,0,NA,1,NA,6,0,0,0,0,0,1,0,NA,1,1 2 3 4,1,1,1,1,0,0,NA,1 2 4 5 6 7 8,1,1,0,1,1,1,1,1,0,0,NA,4 8,0,0,0,1,0,0,0,1,0,0,NA,4 5,0,0,0,1,1,0,0,0,0,0,NA,4,4,2,3,4,1,1,1,4 8 10,0,0,0,1,0,0,0,1,0,1,0,0,0,NA,0,2,NA,2 3 4,0,1,1,1,0,0,0,0,0,0,0,0,0,NA,4,4,3,2,4,4,3,2,3,4,4,4,3,5,5,5,2,1,1,2 3 4 5,0,1,1,1,1,0,0,0,NA,3,2,4,3,2,3,2,2,1,3,4,2,NA,1,1,1,1,4,1 2 4,1,1,0,1,0,NA,2,NA,0,0,0,0,1,1,1,1,1,0,0,NA,1,1,1,1,4,1,1,3,3,2,3,3,2,2,3,3,3,3,4 9,0,0,0,1,0,0,0,0,1,0,0,3,1,3,4,1,3,1,3,1,1,7,4,3,4,4,4,4,4,4,3,3,4,4 5,0,0,0,1,1,0,0,NA,1,3,3,3,3,1,1,2,2,None,4 6,0,0,0,1,0,1,0,0,0,NA,25,NA,9000,No problem,uuid:4527f5f1-833a-48bc-aaf8-2015b36bf225,2512030649,uuid:4527f5f1-833a-48bc-aaf8-2015b36bf225,NA,NA,NA,NA,NA,NA,NA,NA,NA,NA
91772,S0436010492,OROMIA,Gujii Lixaa,abbayaa,shaaraa,Rural,"12/4/2025, 8:23:01 PM","12/4/2025, 12:13:31 PM","12/4/2025, 4:10:23 PM",12/4/2025,31d542a9aea3f2c5,1,T10502,NA,male,3 4 5 6 7 8,0,0,1,1,1,1,1,1,0,1,1,0,0,0,NA,2,NA,3,NA,1,NA,2013,2017,2,1,1,2,5,0,0,0,0,1,0,0,NA,1,NA,2 6,0,1,0,0,0,1,0,NA,1,1 3,1,0,1,0,0,0,NA,2 3 4,0,1,1,1,0,0,0,0,0,0,NA,4 5,0,0,0,1,1,0,0,0,0,0,NA,2 4,0,1,0,1,0,0,0,0,0,0,NA,4,2,2,2,1,1,1,1,6 7 10 11,0,0,0,0,0,1,1,0,0,1,1,0,0,NA,3,2,NA,1 2 3 4 5 9 11,1,1,1,1,1,0,0,0,1,0,1,0,0,NA,4,4,4,3,4,4,3,3,2,3,5,5,4,5,5,4,2,4,1,2,0,1,0,0,0,0,0,0,NA,3,3,3,3,4,3,4,3,3,5,3,2,NA,3,4,3,4,4,2,0,1,0,0,0,NA,3,NA,0,0,0,1,0,0,1,1,1,0,0,NA,2,2,1,1,4,3,2,3,3,3,3,3,2,3,3,3,3,3,1 5,1,0,0,0,1,0,0,0,0,0,0,1,2,1,3,1,3,2,3,3,1,5,2,4,1,4,3,2,4,3,2,4,4,1 2 4,1,1,0,1,0,0,0,NA,1,1,2,3,1,1,3,2,1,No nearby university or college to get additional profession,3 5,0,0,1,0,1,0,0,0,0,NA,31,NA,9900,None,uuid:27fc5b0b-b830-493a-a14a-3880a99e412a,2512030649,uuid:27fc5b0b-b830-493a-a14a-3880a99e412a,NA,NA,NA,NA,NA,NA,NA,NA,NA,NA
91772,S0436010492,OROMIA,Gujii Lixaa,abbayaa,shaaraa,Rural,"12/4/2025, 8:23:01 PM","12/4/2025, 12:53:30 PM","12/4/2025, 4:13:15 PM",12/4/2025,31d542a9aea3f2c5,1,T10503,NA,male,5 6 7 8,0,0,0,0,1,1,1,1,0,1,1,0,0,0,NA,3,NA,3,NA,1,NA,2011,2016,3,0,NA,NA,5,0,0,0,0,1,0,0,NA,1,NA,6,0,0,0,0,0,1,0,NA,1,1 2 3,1,1,1,0,0,0,NA,3 4 6,0,0,1,1,0,1,0,0,0,0,NA,3 4,0,0,1,1,0,0,0,0,0,0,NA,3 4,0,0,1,1,0,0,0,0,0,0,NA,4,3,2,2,1,2,1,3,6 11,0,0,0,0,0,1,0,0,0,0,1,0,0,NA,2,2,NA,1 2 3 5 6 8 10 11,1,1,1,0,1,1,0,1,0,1,1,0,0,NA,3,2,2,3,3,3,3,2,2,2,4,2,3,3,4,3,2,1,1,5,0,0,0,0,1,0,0,0,NA,4,3,3,4,2,3,3,3,4,3,3,2,NA,3,3,2,2,3,2 3,0,1,1,0,0,NA,5,NA,0,0,0,1,0,0,1,1,1,0,0,NA,3,3,2,1,4,3,3,3,3,1,3,1,2,2,2,3,3,3,2 4,0,1,0,1,0,0,0,0,0,0,0,2,3,3,1,2,4,1,3,2,1,6,2,3,3,4,4,3,4,3,2,4,3,1 2 4,1,1,0,1,0,0,0,NA,1,2,3,3,1,1,2,2,1,None,3 7,0,0,1,0,0,0,1,0,0,NA,26,NA,10600,NA,uuid:d41b3d2b-f1ea-4c24-935b-13754b88f087,2512030649,uuid:d41b3d2b-f1ea-4c24-935b-13754b88f087,NA,NA,NA,NA,NA,NA,NA,NA,NA,NA
91854,S0436030152,OROMIA,Gujii Lixaa,birbirsa kojowaa,saakkee sugaalee,Rural,"12/12/2025, 4:48:52 PM","12/12/2025, 11:50:50 AM","12/12/2025, 4:40:56 PM",12/12/2025,4794b43bebbd3e7c,1,T13201,NA,female,1 2 3 4,1,1,1,1,0,0,0,0,0,2 97,0,1,0,1,General senice,3,NA,3,NA,1,NA,2011,2014,2,1,1,3,1 2,1,1,0,0,0,0,0,NA,1,NA,5 6,0,0,0,0,1,1,0,NA,1,1 2 3,1,1,1,0,0,0,NA,2 3 4 7,0,1,1,1,0,0,1,0,0,0,NA,2 8,0,1,0,0,0,0,0,1,0,0,NA,2 8,0,1,0,0,0,0,0,1,0,0,NA,3,3,2,2,1,1,1,1,2 6 8 9,0,1,0,0,0,1,0,1,1,0,0,0,0,NA,4,2,NA,2 3 4 5 8 9,0,1,1,1,1,0,0,1,1,0,0,0,0,NA,4,4,4,3,4,4,4,3,3,4,5,5,5,5,4,4,3,1,1,2 5,0,1,0,0,1,0,0,0,NA,2,4,4,4,4,4,4,3,1,4,4,2,NA,2,3,2,1,3,1 2 4,1,1,0,1,0,NA,1,NA,0,0,0,0,0,0,0,0,1,0,0,NA,1,1,1,1,4,2,1,3,3,3,3,3,3,3,3,3,3,3,3 6,0,0,1,0,0,1,0,0,0,0,0,2,1,2,2,1,4,2,3,3,1,9,1,4,2,4,4,3,3,3,3,4,4,1 2 4,1,1,0,1,0,0,0,NA,0,NA,NA,NA,NA,NA,NA,NA,NA,NA,4 5,0,0,0,1,1,0,0,0,0,NA,26,NA,10500,No problem,uuid:a5218778-2f5c-461c-9740-854405cd0383,2512040829,uuid:a5218778-2f5c-461c-9740-854405cd0383,NA,NA,NA,NA,NA,NA,NA,NA,NA,NA
91854,S0436030152,OROMIA,Gujii Lixaa,birbirsa kojowaa,saakkee sugaalee,Rural,"12/12/2025, 4:50:21 PM","12/12/2025, 12:29:54 PM","12/12/2025, 4:35:57 PM",12/12/2025,31d542a9aea3f2c5,1,T13202,NA,male,4 5 6 7 8,0,0,0,1,1,1,1,1,0,1,1,0,0,0,NA,1,NA,5,NA,0,NA,2017,2017,1,1,2017,3,5,0,0,0,0,1,0,0,NA,1,NA,5 6,0,0,0,0,1,1,0,NA,1,3,0,0,1,0,0,0,NA,3 4 5,0,0,1,1,1,0,0,0,0,0,NA,4 7,0,0,0,1,0,0,1,0,0,0,NA,3 4,0,0,1,1,0,0,0,0,0,0,NA,4,4,3,3,1,1,1,1,2 4 5 11,0,1,0,1,1,0,0,0,0,0,1,0,0,NA,3,2,NA,2 3 9 11,0,1,1,0,0,0,0,0,1,0,1,0,0,NA,4,2,3,2,4,3,4,3,3,4,5,5,3,5,5,5,2,1,1,5,0,0,0,0,1,0,0,0,NA,4,3,3,3,3,3,4,4,4,4,4,2,NA,3,3,2,2,3,2 3,0,1,1,0,0,NA,4,NA,0,0,1,1,0,1,0,1,0,0,0,NA,2,2,2,2,3,3,3,3,3,3,3,3,2,2,3,3,3,3,1 2 3 4 5 6 7 8 9 10 11,1,1,1,1,1,1,1,1,1,1,1,3,2,2,3,3,2,3,3,1,1,8,2,2,4,4,3,3,4,3,3,3,3,1 2 4,1,1,0,1,0,0,0,NA,1,2,3,3,1,3,2,1,1,Distance from higher education institution,3 4,0,0,1,1,0,0,0,0,0,NA,27,NA,9099,NA,uuid:d0ea61c7-6422-4196-8ef2-442171c5d7d2,2512111014,uuid:d0ea61c7-6422-4196-8ef2-442171c5d7d2,NA,NA,NA,NA,NA,NA,NA,NA,NA,NA
91854,S0436030152,OROMIA,Gujii Lixaa,birbirsa kojowaa,saakkee sugaalee,Rural,"12/12/2025, 4:50:36 PM","12/12/2025, 1:08:34 PM","12/12/2025, 4:34:44 PM",12/12/2025,31d542a9aea3f2c5,1,T13203,NA,male,1 2 3 4,1,1,1,1,0,0,0,0,0,1,1,0,0,0,NA,4,NA,3,NA,1,NA,2008,2017,7,0,NA,NA,5,0,0,0,0,1,0,0,NA,1,NA,5 6,0,0,0,0,1,1,0,NA,1,3,0,0,1,0,0,0,NA,3 4,0,0,1,1,0,0,0,0,0,0,NA,2 3,0,1,1,0,0,0,0,0,0,0,NA,2 7,0,1,0,0,0,0,1,0,0,0,NA,3,3,4,3,1,1,1,1,2 3 6 8 9 11,0,1,1,0,0,1,0,1,1,0,1,0,0,NA,3,2,NA,2 3 4 9 11,0,1,1,1,0,0,0,0,1,0,1,0,0,NA,4,4,3,3,4,3,3,2,3,3,5,4,5,5,4,4,4,1,1,5,0,0,0,0,1,0,0,0,NA,4,4,3,4,3,3,4,3,3,2,3,2,NA,3,3,2,3,3,2 3,0,1,1,0,0,NA,5,NA,1,0,0,1,0,1,0,1,0,0,0,NA,3,3,1,3,3,3,3,1,3,3,3,3,2,2,2,3,3,3,3 4,0,0,1,1,0,0,0,0,0,0,0,2,4,3,4,3,4,1,3,3,1,7,2,1,4,4,4,2,4,4,4,4,4,1 2 4,1,1,0,1,0,0,0,NA,1,2,3,3,1,3,3,3,3,None,4 5,0,0,0,1,1,0,0,0,0,NA,30,NA,10525,NA,uuid:47e0e984-1ef8-47ef-a507-c3e5aaa52c15,2512111014,uuid:47e0e984-1ef8-47ef-a507-c3e5aaa52c15,NA,NA,NA,NA,NA,NA,NA,NA,NA,NA
91838,S0436030212,OROMIA,Gujii Lixaa,birbirsa kojowaa,cabbichaa kojowaa,Rural,"12/13/2025, 7:06:52 PM","12/13/2025, 10:17:51 AM","12/13/2025, 7:05:02 PM",12/13/2025,4794b43bebbd3e7c,1,T13101,NA,female,1 2 6 7 8,1,1,0,0,0,1,1,1,0,2 97,0,1,0,1,Art and Technical,1,NA,3,NA,1,NA,2018,2018,1,0,NA,NA,1 2,1,1,0,0,0,0,0,NA,1,NA,5 6,0,0,0,0,1,1,0,NA,1,1 2 3,1,1,1,0,0,0,NA,3 4 5 7,0,0,1,1,1,0,1,0,0,0,NA,2 8,0,1,0,0,0,0,0,1,0,0,NA,5 8,0,0,0,0,1,0,0,1,0,0,NA,4,3,2,3,4,1,2,1,7 8,0,0,0,0,0,0,1,1,0,0,0,0,0,NA,4,2,NA,3 4 9,0,0,1,1,0,0,0,0,1,0,0,0,0,NA,4,3,4,3,4,4,4,3,3,4,5,5,4,5,4,5,3,1,1,2 5,0,1,0,0,1,0,0,0,NA,3,4,3,4,3,4,2,1,1,5,3,1,NA,3,2,3,1,4,1 2 3,1,1,1,0,0,NA,3,NA,0,0,0,0,0,1,0,1,1,0,0,NA,1,1,1,1,4,1,1,3,3,2,3,3,2,3,3,3,3,2,1 4,1,0,0,1,0,0,0,0,0,0,0,2,1,3,2,1,4,1,3,3,1,7,1,3,4,4,3,4,3,4,3,3,4,1 4,1,0,0,1,0,0,0,NA,0,NA,NA,NA,NA,NA,NA,NA,NA,NA,4 6,0,0,0,1,0,1,0,0,0,NA,22,NA,8440,None,uuid:0573058b-133c-4f76-94bf-f396e1acaa34,2512040829,uuid:0573058b-133c-4f76-94bf-f396e1acaa34,NA,NA,NA,NA,NA,NA,NA,NA,NA,NA
91838,S0436030212,OROMIA,Gujii Lixaa,birbirsa kojowaa,cabbichaa kojowaa,Rural,"12/13/2025, 7:06:53 PM","12/13/2025, 11:28:35 AM","12/13/2025, 7:05:38 PM",12/13/2025,4794b43bebbd3e7c,1,T13102,NA,male,1 2 3 4 7,1,1,1,1,0,0,1,0,0,2 97,0,1,0,1,General senice,1,NA,3,NA,1,NA,2017,2017,1,1,1,3,1,1,0,0,0,0,0,0,NA,1,NA,5 6,0,0,0,0,1,1,0,NA,1,1,1,0,0,0,0,0,NA,3 4 5 6 7,0,0,1,1,1,1,1,0,0,0,NA,2 6,0,1,0,0,0,1,0,0,0,0,NA,2 8,0,1,0,0,0,0,0,1,0,0,NA,4,3,2,2,4,1,1,1,2 7 8 9,0,1,0,0,0,0,1,1,1,0,0,0,0,NA,3,2,NA,3 4 8 9,0,0,1,1,0,0,0,1,1,0,0,0,0,NA,4,3,3,3,4,4,3,3,3,3,5,5,4,5,4,5,2,1,1,2 5,0,1,0,0,1,0,0,0,NA,2,4,3,2,1,3,3,1,1,4,4,2,NA,3,3,3,2,4,1 2 3,1,1,1,0,0,NA,3,NA,0,0,0,0,0,1,0,1,1,0,0,NA,3,3,2,1,4,2,2,3,3,3,3,3,3,3,3,3,3,3,1 11,1,0,0,0,0,0,0,0,0,0,1,2,2,2,2,2,4,2,3,3,1,6,1,4,2,4,3,3,4,4,3,3,4,1 4,1,0,0,1,0,0,0,NA,1,3,3,3,2,2,3,3,3,None,3 4,0,0,1,1,0,0,0,0,0,NA,29,NA,9090,No comment,uuid:71fddf91-99be-480c-a196-c55bec3641e5,2512040829,uuid:71fddf91-99be-480c-a196-c55bec3641e5,NA,NA,NA,NA,NA,NA,NA,NA,NA,NA
91838,S0436030212,OROMIA,Gujii Lixaa,birbirsa kojowaa,cabbichaa kojowaa,Rural,"12/13/2025, 8:41:35 PM","12/13/2025, 11:38:03 AM","12/13/2025, 8:25:03 PM",12/13/2025,31d542a9aea3f2c5,1,T13103,NA,male,1 2 3 4 5 6 7 8,1,1,1,1,1,1,1,1,0,97,0,0,0,1,Sport,4,NA,3,NA,1,NA,2013,2016,3,0,NA,NA,5,0,0,0,0,1,0,0,NA,1,NA,2 5 6,0,1,0,0,1,1,0,NA,1,1 3,1,0,1,0,0,0,NA,3 4 5,0,0,1,1,1,0,0,0,0,0,NA,2 7,0,1,0,0,0,0,1,0,0,0,NA,2 3,0,1,1,0,0,0,0,0,0,0,NA,4,3,2,3,1,1,1,1,2 8 11,0,1,0,0,0,0,0,1,0,0,1,0,0,NA,2,2,NA,1 2 3 9 11,1,1,1,0,0,0,0,0,1,0,1,0,0,NA,3,4,4,2,4,4,4,2,3,4,5,5,2,4,4,3,2,1,1,2 5,0,1,0,0,1,0,0,0,NA,4,3,3,3,2,3,4,3,2,4,4,2,NA,4,3,2,1,4,2,0,1,0,0,0,NA,1,NA,0,0,0,1,0,1,1,1,1,0,0,NA,2,3,2,3,4,2,2,3,1,3,3,3,2,3,3,2,3,3,3 10,0,0,1,0,0,0,0,0,0,1,0,2,2,2,3,2,4,1,3,3,1,8,2,2,3,4,4,3,4,3,4,4,3,1 2 4,1,1,0,1,0,0,0,NA,1,2,3,3,1,3,2,1,1,There is no nearby college or university,3 4,0,0,1,1,0,0,0,0,0,NA,25,NA,9800,NA,uuid:9792fdbf-5cee-4843-bec5-e1cf560f80f8,2512111014,uuid:9792fdbf-5cee-4843-bec5-e1cf560f80f8,NA,NA,NA,NA,NA,NA,NA,NA,NA,NA
91972,S0436040462,OROMIA,Gujii Lixaa,bulee horaa,dibbisaa oggoo,Urban,"12/11/2025, 7:10:20 PM","12/11/2025, 12:37:06 PM","12/11/2025, 6:57:23 PM",12/11/2025,4794b43bebbd3e7c,1,T33301,NA,female,1 2 3 4 5 6 8,1,1,1,1,1,1,0,1,0,97,0,0,0,1,Sport(HP) health and physical education,5,NA,3,NA,1,NA,2013,2015,2,0,NA,NA,2,0,1,0,0,0,0,0,NA,2,NA,5 6,0,0,0,0,1,1,0,NA,1,1 2 3,1,1,1,0,0,0,NA,3 4 5,0,0,1,1,1,0,0,0,0,0,NA,1 6,1,0,0,0,0,1,0,0,0,0,NA,2 3,0,1,1,0,0,0,0,0,0,0,NA,3,4,1,2,4,1,1,1,2 4 6 8 9,0,1,0,1,0,1,0,1,1,0,0,0,0,NA,4,2,NA,2 3 5 8,0,1,1,0,1,0,0,1,0,0,0,0,0,NA,4,3,4,2,4,3,4,3,3,3,4,5,4,5,4,4,4,1,1,5,0,0,0,0,1,0,0,0,NA,3,4,3,4,4,2,4,1,1,4,2,2,NA,2,2,1,1,4,3 4,0,0,1,1,0,NA,1,NA,0,0,0,0,0,0,0,0,1,0,0,NA,3,3,2,2,4,1,1,3,3,3,3,3,3,3,3,3,3,3,1 11,1,0,0,0,0,0,0,0,0,0,1,3,2,3,3,1,4,2,3,3,1,8,1,4,3,4,4,4,4,4,3,3,4,1 4,1,0,0,1,0,0,0,NA,0,NA,NA,NA,NA,NA,NA,NA,NA,NA,3 4,0,0,1,1,0,0,0,0,0,NA,24,NA,9571,Lack of school materia,uuid:32553c6b-3c34-435c-b471-519e07be3cd4,2512040829,uuid:32553c6b-3c34-435c-b471-519e07be3cd4,NA,NA,NA,NA,NA,NA,NA,NA,NA,NA
91972,S0436040462,OROMIA,Gujii Lixaa,bulee horaa,dibbisaa oggoo,Urban,"12/11/2025, 7:15:48 PM","12/11/2025, 1:11:03 PM","12/11/2025, 7:01:05 PM",12/11/2025,31d542a9aea3f2c5,1,T33303,NA,male,5 6 7 8,0,0,0,0,1,1,1,1,0,1,1,0,0,0,NA,3,NA,5,NA,0,NA,2016,2016,1,1,2017,2,5,0,0,0,0,1,0,0,NA,1,NA,2 5 6,0,1,0,0,1,1,0,NA,1,3,0,0,1,0,0,0,NA,3 4,0,0,1,1,0,0,0,0,0,0,NA,3 7,0,0,1,0,0,0,1,0,0,0,NA,2 4,0,1,0,1,0,0,0,0,0,0,NA,4,3,3,3,1,2,1,1,2 8 11,0,1,0,0,0,0,0,1,0,0,1,0,0,NA,2,2,NA,2 5 9 11,0,1,0,0,1,0,0,0,1,0,1,0,0,NA,4,2,3,1,3,4,3,2,2,3,5,5,2,4,5,4,2,2,1,2 5,0,1,0,0,1,0,0,0,NA,4,3,3,3,3,4,4,4,4,4,4,2,NA,4,3,3,3,4,2 3,0,1,1,0,0,NA,4,NA,0,0,0,1,0,0,1,1,0,0,0,NA,3,3,2,2,2,3,3,3,2,3,3,3,2,2,2,3,3,3,2 4,0,1,0,1,0,0,0,0,0,0,0,2,3,3,2,1,4,1,3,3,1,4,2,2,3,4,3,3,4,3,1,4,4,1 2 97,1,1,0,0,0,0,1,Additional job,1,2,3,3,1,3,2,1,1,Distance from town,4 7,0,0,0,1,0,0,1,0,0,NA,22,NA,9571,There no opportunity to get development chance in this career,uuid:5106906b-f546-4d39-9c3e-a5634d1d2f2b,2512040829,uuid:5106906b-f546-4d39-9c3e-a5634d1d2f2b,NA,NA,NA,NA,NA,NA,NA,NA,NA,NA
91972,S0436040462,OROMIA,Gujii Lixaa,bulee horaa,dibbisaa oggoo,Urban,"12/11/2025, 7:15:49 PM","12/11/2025, 1:54:38 PM","12/11/2025, 6:57:43 PM",12/11/2025,31d542a9aea3f2c5,1,T33302,NA,male,1 2 3 5 8,1,1,1,0,1,0,0,1,0,97,0,0,0,1,General science,3,NA,3,NA,1,NA,2012,2012,1,0,NA,NA,5,0,0,0,0,1,0,0,NA,1,NA,2 6,0,1,0,0,0,1,0,NA,1,3,0,0,1,0,0,0,NA,3 4,0,0,1,1,0,0,0,0,0,0,NA,2 4,0,1,0,1,0,0,0,0,0,0,NA,4 5,0,0,0,1,1,0,0,0,0,0,NA,4,3,3,3,1,1,1,1,11,0,0,0,0,0,0,0,0,0,0,1,0,0,NA,2,2,NA,5 9 11,0,0,0,0,1,0,0,0,1,0,1,0,0,NA,4,3,3,4,3,4,3,2,3,3,5,4,4,3,4,4,2,2,1,2 5,0,1,0,0,1,0,0,0,NA,3,4,4,4,3,3,5,4,3,4,4,2,NA,3,3,2,3,4,2,0,1,0,0,0,NA,5,NA,1,0,0,1,0,1,1,1,0,0,0,NA,3,3,2,3,3,3,3,1,3,1,1,1,2,2,1,1,1,1,4 5,0,0,0,1,1,0,0,0,0,0,0,2,2,2,1,3,4,1,3,1,1,5,3,1,4,4,3,4,4,4,1,4,4,1 2 4,1,1,0,1,0,0,0,NA,1,1,3,3,1,3,2,1,1,None,4 5,0,0,0,1,1,0,0,0,0,NA,30,NA,10264,NA,uuid:f69d8628-1126-4e64-ad5f-61fef270cdaa,2512040829,uuid:f69d8628-1126-4e64-ad5f-61fef270cdaa,NA,NA,NA,NA,NA,NA,NA,NA,NA,NA
92512,S0436070222,OROMIA,Gujii Lixaa,hambalaa waamannaa,coorsoo liishaa,Rural,"12/19/2025, 7:37:32 PM","12/19/2025, 9:38:24 AM","12/19/2025, 7:26:23 PM",12/19/2025,4794b43bebbd3e7c,1,T30201,NA,male,1 2 3 4 5 6,1,1,1,1,1,1,0,0,0,2 97,0,1,0,1,"General senice ,Art,Geda,",3,NA,3,NA,1,NA,2009,2017,2,1,1,2,1,1,0,0,0,0,0,0,NA,1,NA,5 6,0,0,0,0,1,1,0,NA,1,1 3,1,0,1,0,0,0,NA,3 4 7 9,0,0,1,1,0,0,1,0,1,0,NA,2 4,0,1,0,1,0,0,0,0,0,0,NA,5 8,0,0,0,0,1,0,0,1,0,0,NA,4,4,2,3,2,1,1,1,2 8 9,0,1,0,0,0,0,0,1,1,0,0,0,0,NA,4,2,NA,2 3 8 9,0,1,1,0,0,0,0,1,1,0,0,0,0,NA,3,4,3,3,4,4,3,3,3,3,4,4,2,4,4,4,3,2,1,2 5,0,1,0,0,1,0,0,0,NA,2,3,4,4,2,3,4,4,2,5,5,2,NA,4,1,4,1,4,1 2,1,1,0,0,0,NA,1,NA,0,0,0,0,0,0,0,1,1,0,0,NA,3,2,2,1,4,3,2,3,3,3,3,3,3,3,3,3,3,3,1 2,1,1,0,0,0,0,0,0,0,0,0,2,1,1,2,1,4,1,3,3,1,7,1,4,4,4,4,3,3,3,3,3,3,1 4,1,0,0,1,0,0,0,NA,1,2,2,3,1,2,2,2,2,None,5 6,0,0,0,0,1,1,0,0,0,NA,32,NA,10500,No comment,uuid:fccc40b0-151e-4d3b-a3b9-e4edfea8c34b,2512142209,uuid:fccc40b0-151e-4d3b-a3b9-e4edfea8c34b,NA,NA,NA,NA,NA,NA,NA,NA,NA,NA
92512,S0436070222,OROMIA,Gujii Lixaa,hambalaa waamannaa,coorsoo liishaa,Rural,"12/19/2025, 7:37:33 PM","12/19/2025, 11:41:11 AM","12/19/2025, 7:28:25 PM",12/19/2025,4794b43bebbd3e7c,1,T30202,NA,male,1 2 3 4 5 6,1,1,1,1,1,1,0,0,0,1 97,1,0,0,1,",social ethics, Geda",3,NA,3,NA,1,NA,2011,2012,3,1,1,2,1 5,1,0,0,0,1,0,0,NA,1,NA,2,0,1,0,0,0,0,0,NA,1,1 3,1,0,1,0,0,0,NA,3 4 5 7 9,0,0,1,1,1,0,1,0,1,0,NA,2 8,0,1,0,0,0,0,0,1,0,0,NA,5 8,0,0,0,0,1,0,0,1,0,0,NA,3,3,2,3,1,1,1,1,2 8 9,0,1,0,0,0,0,0,1,1,0,0,0,0,NA,4,4,NA,3 4 5 8 9,0,0,1,1,1,0,0,1,1,0,0,0,0,NA,4,3,4,3,4,4,4,3,4,4,5,5,4,5,4,4,3,1,1,5,0,0,0,0,1,0,0,0,NA,4,3,3,4,4,3,4,2,1,5,4,2,NA,4,4,4,1,4,2 3,0,1,1,0,0,NA,3,NA,0,0,0,0,0,1,1,1,1,0,0,NA,2,2,1,1,4,2,1,3,3,3,3,3,3,2,3,3,3,3,2 11,0,1,0,0,0,0,0,0,0,0,1,1,1,1,1,1,4,1,3,3,1,8,1,3,4,4,4,4,4,3,3,4,3,1 4,1,0,0,1,0,0,0,NA,1,3,2,3,2,2,2,2,2,None,1 7,1,0,0,0,0,0,1,0,0,NA,29,NA,10578,No comment,uuid:87e6a271-ed22-4507-a5ff-8a58b03645ce,2512142209,uuid:87e6a271-ed22-4507-a5ff-8a58b03645ce,NA,NA,NA,NA,NA,NA,NA,NA,NA,NA
92512,S0436070222,OROMIA,Gujii Lixaa,hambalaa waamannaa,coorsoo liishaa,Rural,"12/19/2025, 7:38:09 PM","12/19/2025, 11:48:52 AM","12/19/2025, 7:24:56 PM",12/19/2025,31d542a9aea3f2c5,1,T30203,NA,male,1 2 3 4 5 6,1,1,1,1,1,1,0,0,0,97,0,0,0,1,"Gadaa,Safuu,sport, General science",3,NA,3,NA,1,NA,2012,2017,3,0,NA,NA,5,0,0,0,0,1,0,0,NA,1,NA,2,0,1,0,0,0,0,0,NA,1,1 3,1,0,1,0,0,0,NA,3 4 7,0,0,1,1,0,0,1,0,0,0,NA,4 5,0,0,0,1,1,0,0,0,0,0,NA,2 6,0,1,0,0,0,1,0,0,0,0,NA,3,4,1,2,1,1,1,1,2 5 6 8 9 11,0,1,0,0,1,1,0,1,1,0,1,0,0,NA,4,2,NA,3 4 5 6 9 10 11,0,0,1,1,1,1,0,0,1,1,1,0,0,NA,2,3,4,2,4,4,4,2,3,3,5,5,1,5,5,5,3,1,1,5,0,0,0,0,1,0,0,0,NA,4,3,3,3,2,2,3,3,1,3,2,2,NA,2,2,1,2,3,2,0,1,0,0,0,NA,5,NA,1,0,0,1,1,1,1,1,1,0,0,NA,3,3,2,1,4,3,3,3,3,3,3,2,2,2,3,1,3,3,4 11,0,0,0,1,0,0,0,0,0,0,1,2,1,2,3,3,4,2,2,1,1,7,3,1,4,4,4,4,4,4,1,4,4,1 2 4,1,1,0,1,0,0,0,NA,1,2,2,3,1,2,1,1,1,None,3 8,0,0,1,0,0,0,0,1,0,NA,28,NA,10598,NA,uuid:5caa7b4f-c826-4c96-bbfd-cc9e46446012,2512142209,uuid:5caa7b4f-c826-4c96-bbfd-cc9e46446012,NA,NA,NA,NA,NA,NA,NA,NA,NA,NA
92517,S0436070392,OROMIA,Gujii Lixaa,hambalaa waamannaa,daansee horaa,Rural,"12/17/2025, 9:41:44 PM","12/17/2025, 11:16:27 AM","12/17/2025, 9:37:35 PM",12/17/2025,31d542a9aea3f2c5,1,T24603,NA,male,1 3 4 5 6 7 8,1,0,1,1,1,1,1,1,0,1 97,1,0,0,1,"Gadaa,safuu, General science",3,NA,3,NA,1,NA,2012,2012,1,0,NA,NA,1 5,1,0,0,0,1,0,0,NA,1,NA,2,0,1,0,0,0,0,0,NA,1,1 3,1,0,1,0,0,0,NA,3 4 5,0,0,1,1,1,0,0,0,0,0,NA,3 6,0,0,1,0,0,1,0,0,0,0,NA,2 4,0,1,0,1,0,0,0,0,0,0,NA,4,4,2,3,1,1,1,1,2 4 8 9 11,0,1,0,1,0,0,0,1,1,0,1,0,0,NA,3,2,NA,2 3 4 9 11,0,1,1,1,0,0,0,0,1,0,1,0,0,NA,4,3,4,2,4,4,4,2,3,4,5,5,2,4,5,5,4,1,1,2 5,0,1,0,0,1,0,0,0,NA,4,4,3,4,2,3,3,4,4,4,4,2,NA,4,4,4,2,4,2 4,0,1,0,1,0,NA,1,NA,1,0,0,1,1,1,1,1,1,0,0,NA,4,3,2,2,4,2,2,3,3,3,3,3,2,2,3,3,3,3,1 2 3 4 5 6 7 8 9 10 11,1,1,1,1,1,1,1,1,1,1,1,1,3,2,4,2,4,1,3,1,1,6,3,2,4,4,3,2,4,4,2,4,4,1 2 4 5,1,1,0,1,1,0,0,NA,1,2,3,3,1,2,1,1,1,Distance from the town to get nearby college or university to upgrade my profession.,4 7,0,0,0,1,0,0,1,0,0,NA,32,NA,10465,NA,uuid:3d887c4a-090d-400d-8a1a-be263f3f93d1,2512142209,uuid:3d887c4a-090d-400d-8a1a-be263f3f93d1,NA,NA,NA,NA,NA,NA,NA,NA,NA,NA
92517,S0436070392,OROMIA,Gujii Lixaa,hambalaa waamannaa,daansee horaa,Rural,"12/18/2025, 7:06:08 AM","12/17/2025, 8:40:23 AM","12/17/2025, 4:35:38 PM",12/17/2025,4794b43bebbd3e7c,1,T24601,NA,female,1 2 3 4 6 7,1,1,1,1,0,1,1,0,0,1 97,1,0,0,1,"General senice, Geda,sefu, Art",2,NA,3,NA,1,NA,2011,2011,1,0,NA,NA,1,1,0,0,0,0,0,0,NA,1,NA,5 6,0,0,0,0,1,1,0,NA,1,1,1,0,0,0,0,0,NA,3 4 7 9,0,0,1,1,0,0,1,0,1,0,NA,5 8,0,0,0,0,1,0,0,1,0,0,NA,4 6,0,0,0,1,0,1,0,0,0,0,NA,4,4,3,4,1,1,1,1,2 8 9,0,1,0,0,0,0,0,1,1,0,0,0,0,NA,4,4,NA,3 5 6 8 9 11,0,0,1,0,1,1,0,1,1,0,1,0,0,NA,4,3,4,3,4,4,4,3,3,4,5,5,5,5,4,5,3,1,1,2 5,0,1,0,0,1,0,0,0,NA,2,4,4,4,3,4,5,2,2,5,5,2,NA,2,2,2,2,4,1 2 3 4,1,1,1,1,0,NA,3,NA,0,0,0,0,0,0,0,1,1,0,0,NA,3,3,1,2,3,3,3,3,3,3,3,1,2,2,3,3,3,3,1 2,1,1,0,0,0,0,0,0,0,0,0,2,2,2,2,2,3,2,3,3,1,5,1,4,4,4,3,3,4,4,3,4,4,1 2 4,1,1,0,1,0,0,0,NA,1,3,3,3,2,3,2,3,3,None,5 8,0,0,0,0,1,0,0,1,0,NA,32,NA,11000,Lack of material and education class room,uuid:aa07f62f-a171-4994-9425-b271e21b25c2,2512142209,uuid:aa07f62f-a171-4994-9425-b271e21b25c2,NA,NA,NA,NA,NA,NA,NA,NA,NA,NA
92517,S0436070392,OROMIA,Gujii Lixaa,hambalaa waamannaa,daansee horaa,Rural,"12/18/2025, 7:06:12 AM","12/17/2025, 10:56:58 AM","12/17/2025, 4:36:46 PM",12/17/2025,4794b43bebbd3e7c,1,T24602,NA,male,1 3 4 5 6 7 8,1,0,1,1,1,1,1,1,0,2 97,0,1,0,1,"General senice, sport",3,NA,3,NA,1,NA,2013,2015,3,1,1,2,1 5,1,0,0,0,1,0,0,NA,2,NA,6,0,0,0,0,0,1,0,NA,1,1 3,1,0,1,0,0,0,NA,3 4 5 6 7,0,0,1,1,1,1,1,0,0,0,NA,2 5,0,1,0,0,1,0,0,0,0,0,NA,2 4,0,1,0,1,0,0,0,0,0,0,NA,3,3,2,3,1,1,4,1,2 3 6 7 8 9 10,0,1,1,0,0,1,1,1,1,1,0,0,0,NA,4,4,NA,2 3 5 8 9 10,0,1,1,0,1,0,0,1,1,1,0,0,0,NA,2,3,3,3,3,4,4,3,3,4,5,4,4,4,3,4,3,1,1,5,0,0,0,0,1,0,0,0,NA,4,4,4,4,2,2,2,1,2,5,3,2,NA,2,3,4,1,4,1 2,1,1,0,0,0,NA,3,NA,0,0,0,1,1,1,1,1,1,0,0,NA,3,3,1,1,4,3,2,3,3,3,3,3,3,3,3,3,3,3,7 8,0,0,0,0,0,0,1,1,0,0,0,2,1,2,1,1,4,2,3,3,1,8,3,3,4,4,4,3,3,4,3,4,3,1 2 4,1,1,0,1,0,0,0,NA,1,3,3,3,1,2,2,2,2,None,3 5,0,0,1,0,1,0,0,0,0,NA,32,NA,9882,No comment,uuid:17ebaac3-a206-4c82-b30a-4ebd009c7e25,2512142209,uuid:17ebaac3-a206-4c82-b30a-4ebd009c7e25,NA,NA,NA,NA,NA,NA,NA,NA,NA,NA
92524,S0436070432,OROMIA,Gujii Lixaa,hambalaa waamannaa,dhaki boor sariitii,Rural,"12/18/2025, 7:02:28 PM","12/18/2025, 10:51:48 AM","12/18/2025, 6:57:13 PM",12/18/2025,4794b43bebbd3e7c,1,T17901,NA,male,2 3 4 5 6,0,1,1,1,1,1,0,0,0,2,0,1,0,0,NA,6,NA,3,NA,1,NA,2001,2013,4,0,NA,NA,5,0,0,0,0,1,0,0,NA,1,NA,2,0,1,0,0,0,0,0,NA,1,1 3,1,0,1,0,0,0,NA,1 4 5 6 7 9,1,0,0,1,1,1,1,0,1,0,NA,1 8,1,0,0,0,0,0,0,1,0,0,NA,1 5,1,0,0,0,1,0,0,0,0,0,NA,3,2,2,2,4,1,1,1,2 6 8,0,1,0,0,0,1,0,1,0,0,0,0,0,NA,4,2,NA,2 3 4 8 9 10,0,1,1,1,0,0,0,1,1,1,0,0,0,NA,4,4,4,3,4,4,4,3,3,4,3,5,3,5,3,3,4,2,1,2 3 5,0,1,1,0,1,0,0,0,NA,3,2,2,4,4,4,4,3,2,5,5,2,NA,2,2,2,2,4,1 2 3,1,1,1,0,0,NA,1,NA,0,0,0,1,1,1,0,1,1,0,0,NA,3,3,1,1,4,2,2,3,3,3,3,3,3,3,3,3,3,3,5 11,0,0,0,0,1,0,0,0,0,0,1,2,1,2,2,1,4,3,3,3,1,7,3,2,4,4,3,4,4,4,2,4,4,1 2 4 5,1,1,0,1,1,0,0,NA,1,2,2,3,1,3,2,2,2,None,3 7,0,0,1,0,0,0,1,0,0,NA,38,NA,13339,No comment,uuid:75031b7e-dd7b-4699-9dea-590387efe887,2512142209,uuid:75031b7e-dd7b-4699-9dea-590387efe887,NA,NA,NA,NA,NA,NA,NA,NA,NA,NA
92524,S0436070432,OROMIA,Gujii Lixaa,hambalaa waamannaa,dhaki boor sariitii,Rural,"12/18/2025, 7:02:47 PM","12/18/2025, 11:39:21 AM","12/18/2025, 6:57:32 PM",12/18/2025,4794b43bebbd3e7c,1,T17902,NA,female,1 2 3 4 5 6,1,1,1,1,1,1,0,0,0,1 97,1,0,0,1,"English,and art",3,NA,3,NA,1,NA,2013,2018,3,0,NA,NA,1 5,1,0,0,0,1,0,0,NA,1,NA,5 6,0,0,0,0,1,1,0,NA,1,1 3,1,0,1,0,0,0,NA,3 4 5,0,0,1,1,1,0,0,0,0,0,NA,4 5,0,0,0,1,1,0,0,0,0,0,NA,2 5,0,1,0,0,1,0,0,0,0,0,NA,4,4,2,4,4,1,1,1,4 7 8 9,0,0,0,1,0,0,1,1,1,0,0,0,0,NA,3,2,NA,2 3 8 9,0,1,1,0,0,0,0,1,1,0,0,0,0,NA,4,3,4,3,4,4,4,3,4,4,5,5,4,5,3,5,3,1,1,2 5,0,1,0,0,1,0,0,0,NA,2,4,4,4,4,2,2,3,1,2,5,2,NA,4,4,4,1,4,1 2,1,1,0,0,0,NA,4,NA,1,0,0,0,0,1,0,1,1,0,1,Facilities of education  means water class room  electricity  etc,3,3,2,1,4,2,3,3,2,3,3,3,3,2,3,2,3,3,4 9,0,0,0,1,0,0,0,0,1,0,0,2,1,2,2,1,4,1,3,1,1,9,1,4,2,4,3,4,4,4,2,4,4,1 2 4,1,1,0,1,0,0,0,NA,0,NA,NA,NA,NA,NA,NA,NA,NA,NA,1 3,1,0,1,0,0,0,0,0,0,NA,24,NA,9176,No comment,uuid:6257aa24-0998-43df-9ed8-8f08cfbdfca5,2512142209,uuid:6257aa24-0998-43df-9ed8-8f08cfbdfca5,NA,NA,NA,NA,NA,NA,NA,NA,NA,NA
92524,S0436070432,OROMIA,Gujii Lixaa,hambalaa waamannaa,dhaki boor sariitii,Rural,"12/18/2025, 7:15:17 PM","12/18/2025, 11:36:38 AM","12/18/2025, 12:30:52 PM",12/18/2025,31d542a9aea3f2c5,1,T17903,NA,male,1 2 3 4 5 6,1,1,1,1,1,1,0,0,0,1 2 97,1,1,0,1,"Safuu,sport,Gadaa",5,NA,3,NA,1,NA,2002,2005,2,1,1,3,5,0,0,0,0,1,0,0,NA,5,NA,2 6,0,1,0,0,0,1,0,NA,1,1 3,1,0,1,0,0,0,NA,3 4 5,0,0,1,1,1,0,0,0,0,0,NA,2 4,0,1,0,1,0,0,0,0,0,0,NA,3 6,0,0,1,0,0,1,0,0,0,0,NA,3,4,3,4,1,1,1,1,2 4 7 8 9 11,0,1,0,1,0,0,1,1,1,0,1,0,0,NA,3,2,NA,2 3 4 5 9 11,0,1,1,1,1,0,0,0,1,0,1,0,0,NA,4,4,4,4,4,4,4,2,2,4,5,5,3,5,4,5,3,2,1,5,0,0,0,0,1,0,0,0,NA,3,4,4,4,3,4,5,3,3,4,5,2,NA,4,4,4,2,4,2 4,0,1,0,1,0,NA,3,NA,0,0,0,1,1,1,1,1,1,0,0,NA,2,3,1,2,4,3,3,3,2,2,2,3,2,2,2,3,3,3,1 7,1,0,0,0,0,0,1,0,0,0,0,4,2,4,4,2,4,2,3,1,1,8,2,3,2,4,3,3,4,4,3,4,4,1 2 4,1,1,0,1,0,0,0,NA,1,3,3,3,1,1,2,2,1,None,3 4,0,0,1,1,0,0,0,0,0,NA,38,NA,13239,Teaching unmatched subject learned in college.,uuid:d5eda68e-0b53-4801-a7ed-70d8361700d3,2512142209,uuid:d5eda68e-0b53-4801-a7ed-70d8361700d3,NA,NA,NA,NA,NA,NA,NA,NA,NA,NA
92494,S0436070462,OROMIA,Gujii Lixaa,hambalaa waamannaa,asgorii,Rural,"12/15/2025, 7:39:56 PM","12/15/2025, 11:30:06 AM","12/15/2025, 7:22:11 PM",12/15/2025,4794b43bebbd3e7c,1,T25003,NA,female,1 2 3,1,1,1,0,0,0,0,0,0,2 97,0,1,0,1,General senice,2,NA,3,NA,1,NA,2014,2014,1,1,1,2,1,1,0,0,0,0,0,0,NA,1,NA,6,0,0,0,0,0,1,0,NA,1,1 3,1,0,1,0,0,0,NA,2 3 4,0,1,1,1,0,0,0,0,0,0,NA,2 5,0,1,0,0,1,0,0,0,0,0,NA,1 8,1,0,0,0,0,0,0,1,0,0,NA,3,3,1,2,1,1,1,1,2 4 7,0,1,0,1,0,0,1,0,0,0,0,0,0,NA,3,2,NA,3 4 5 8 9 10,0,0,1,1,1,0,0,1,1,1,0,0,0,NA,3,3,3,3,3,3,3,3,3,3,4,4,5,4,4,4,3,2,1,5,0,0,0,0,1,0,0,0,NA,3,4,3,2,1,2,2,1,1,3,2,2,NA,3,3,2,2,4,1 2,1,1,0,0,0,NA,3,NA,0,0,0,1,1,1,1,1,1,0,0,NA,3,2,1,1,4,2,2,2,2,2,3,3,2,2,3,3,3,3,4 10,0,0,0,1,0,0,0,0,0,1,0,3,2,3,3,1,3,3,3,3,1,7,2,3,3,3,4,3,4,3,3,3,3,1 2 4,1,1,0,1,0,0,0,NA,1,2,3,3,1,2,2,2,2,None,3 7,0,0,1,0,0,0,1,0,0,NA,27,NA,10000,No comment,uuid:9f034926-11da-408b-9c50-a0c21e679023,2512142209,uuid:9f034926-11da-408b-9c50-a0c21e679023,NA,NA,NA,NA,NA,NA,NA,NA,NA,NA
92494,S0436070462,OROMIA,Gujii Lixaa,hambalaa waamannaa,asgorii,Rural,"12/15/2025, 7:39:56 PM","12/15/2025, 8:45:24 AM","12/15/2025, 7:22:43 PM",12/15/2025,31d542a9aea3f2c5,1,T25001,NA,male,3 4 5 6 7 8,0,0,1,1,1,1,1,1,0,1,1,0,0,0,NA,3,NA,3,NA,1,NA,2011,2014,3,0,NA,NA,3 4 5,0,0,1,1,1,0,0,NA,1,NA,2 6,0,1,0,0,0,1,0,NA,1,3,0,0,1,0,0,0,NA,3 4,0,0,1,1,0,0,0,0,0,0,NA,4 5,0,0,0,1,1,0,0,0,0,0,NA,4 5,0,0,0,1,1,0,0,0,0,0,NA,3,3,3,3,1,1,1,1,2 6 7 8 9 11,0,1,0,0,0,1,1,1,1,0,1,0,0,NA,3,2,NA,1 2 3 4 9 11,1,1,1,1,0,0,0,0,1,0,1,0,0,NA,3,3,3,2,3,4,3,3,3,4,4,4,1,5,5,4,2,1,1,2 5,0,1,0,0,1,0,0,0,NA,3,4,4,4,4,4,4,3,4,2,3,2,NA,4,2,2,3,4,2,0,1,0,0,0,NA,3,NA,1,0,0,1,1,1,1,1,1,0,0,NA,3,3,1,2,4,3,3,3,3,3,3,3,2,3,3,3,3,3,1 2,1,1,0,0,0,0,0,0,0,0,0,3,4,1,3,2,3,1,3,3,1,9,2,2,3,4,4,3,4,3,2,4,3,1 2 4,1,1,0,1,0,0,0,NA,1,2,3,3,1,2,2,2,1,None,4 5,0,0,0,1,1,0,0,0,0,NA,32,NA,10568,I haven't got any training till now,uuid:e7ac2db4-4d3e-40da-9b54-9d37c682800d,2512142209,uuid:e7ac2db4-4d3e-40da-9b54-9d37c682800d,NA,NA,NA,NA,NA,NA,NA,NA,NA,NA
92494,S0436070462,OROMIA,Gujii Lixaa,hambalaa waamannaa,asgorii,Rural,"12/15/2025, 7:39:57 PM","12/15/2025, 11:15:15 AM","12/15/2025, 7:23:18 PM",12/15/2025,31d542a9aea3f2c5,1,T25002,NA,male,1 2 3 4 5 6 7,1,1,1,1,1,1,1,0,0,1 97,1,0,0,1,"Gadaa,civics",3,NA,3,NA,1,NA,2010,2011,3,1,1,3,3 5,0,0,1,0,1,0,0,NA,1,NA,2,0,1,0,0,0,0,0,NA,1,3,0,0,1,0,0,0,NA,3 4,0,0,1,1,0,0,0,0,0,0,NA,2 3,0,1,1,0,0,0,0,0,0,0,NA,2 7,0,1,0,0,0,0,1,0,0,0,NA,3,4,1,2,1,1,1,1,2 4 7 9 11,0,1,0,1,0,0,1,0,1,0,1,0,0,NA,3,2,NA,1 2 3 4 9 10 11,1,1,1,1,0,0,0,0,1,1,1,0,0,NA,4,3,3,3,4,4,4,2,3,3,5,5,2,5,5,5,3,1,1,2 5,0,1,0,0,1,0,0,0,NA,4,4,3,3,2,3,5,4,4,4,4,2,NA,4,3,3,2,4,2,0,1,0,0,0,NA,4,NA,0,0,0,1,1,1,0,1,1,0,0,NA,3,3,1,1,4,3,2,3,3,3,3,3,3,3,3,3,3,3,1 2,1,1,0,0,0,0,0,0,0,0,0,1,3,2,3,3,3,1,3,1,4,6,4,2,3,4,3,3,4,4,1,4,4,1 2 4,1,1,0,1,0,0,0,NA,1,1,3,3,1,1,2,1,1,No colleges and university nearby to upgrade my qualification.,4 7,0,0,0,1,0,0,1,0,0,NA,37,NA,10568,NA,uuid:a897129e-75f5-4f2d-8e8b-66d315491ac8,2512142209,uuid:a897129e-75f5-4f2d-8e8b-66d315491ac8,NA,NA,NA,NA,NA,NA,NA,NA,NA,NA
92519,S0436070692,OROMIA,Gujii Lixaa,hambalaa waamannaa,darii dasii,Rural,"12/16/2025, 5:48:05 PM","12/16/2025, 10:16:01 AM","12/16/2025, 5:45:37 PM",12/16/2025,4794b43bebbd3e7c,1,T17801,NA,female,1 2 3 4 5 6,1,1,1,1,1,1,0,0,0,1 97,1,0,0,1,"Civics,geda and General senice ,art",4,NA,3,NA,1,NA,2011,2014,2,0,NA,NA,1,1,0,0,0,0,0,0,NA,1,NA,5 6,0,0,0,0,1,1,0,NA,1,1 3,1,0,1,0,0,0,NA,3 4 7,0,0,1,1,0,0,1,0,0,0,NA,2 5,0,1,0,0,1,0,0,0,0,0,NA,4 5,0,0,0,1,1,0,0,0,0,0,NA,4,4,3,4,2,1,1,1,2 6 7 8 9,0,1,0,0,0,1,1,1,1,0,0,0,0,NA,4,3,NA,3 5 8 9,0,0,1,0,1,0,0,1,1,0,0,0,0,NA,4,4,4,4,3,4,4,4,3,4,5,5,4,5,4,5,2,1,1,5,0,0,0,0,1,0,0,0,NA,4,4,4,4,3,4,4,1,1,4,5,2,NA,4,4,3,2,4,1 2 4,1,1,0,1,0,NA,2,NA,0,0,0,0,0,1,0,0,0,0,0,NA,3,3,2,2,4,3,2,3,3,3,3,3,3,3,3,3,3,3,1 2,1,1,0,0,0,0,0,0,0,0,0,2,2,2,3,1,4,3,3,3,1,6,1,4,3,4,4,2,4,4,2,4,4,1,1,0,0,0,0,0,0,NA,0,NA,NA,NA,NA,NA,NA,NA,NA,NA,4 6,0,0,0,1,0,1,0,0,0,NA,26,NA,10498,No comment,uuid:97fd27a4-ff07-40f7-9ea1-8d407e6c8307,2512142209,uuid:97fd27a4-ff07-40f7-9ea1-8d407e6c8307,NA,NA,NA,NA,NA,NA,NA,NA,NA,NA
92519,S0436070692,OROMIA,Gujii Lixaa,hambalaa waamannaa,darii dasii,Rural,"12/16/2025, 5:48:07 PM","12/16/2025, 11:53:54 AM","12/16/2025, 5:46:04 PM",12/16/2025,4794b43bebbd3e7c,1,T17802,NA,male,3 4 5 6 7 8,0,0,1,1,1,1,1,1,0,1 97,1,0,0,1,Geda,4,NA,3,NA,1,NA,2010,2011,2,1,2,3,1,1,0,0,0,0,0,0,NA,1,NA,6,0,0,0,0,0,1,0,NA,1,1 3,1,0,1,0,0,0,NA,4 5 6 7,0,0,0,1,1,1,1,0,0,0,NA,4 5,0,0,0,1,1,0,0,0,0,0,NA,1 8,1,0,0,0,0,0,0,1,0,0,NA,4,4,2,2,4,1,1,1,3 4 5 8 9,0,0,1,1,1,0,0,1,1,0,0,0,0,NA,4,2,NA,2 3 5 9 10,0,1,1,0,1,0,0,0,1,1,0,0,0,NA,3,3,3,3,3,4,4,3,3,4,5,4,4,5,4,5,2,1,1,5,0,0,0,0,1,0,0,0,NA,3,4,3,4,3,3,4,1,1,5,5,2,NA,4,4,4,2,4,1 2 3,1,1,1,0,0,NA,2,NA,0,0,0,1,1,1,1,1,1,0,0,NA,3,3,1,1,4,3,2,1,3,3,3,3,3,3,3,3,3,3,1 9,1,0,0,0,0,0,0,0,1,0,0,2,3,2,2,1,3,4,3,3,1,5,1,4,4,4,4,4,4,4,4,4,4,1 2 4,1,1,0,1,0,0,0,NA,0,NA,NA,NA,NA,NA,NA,NA,NA,NA,2 4,0,1,0,1,0,0,0,0,0,NA,32,NA,10500,No comment,uuid:4bff4be3-cf47-4f96-8344-020fee663d8d,2512142209,uuid:4bff4be3-cf47-4f96-8344-020fee663d8d,NA,NA,NA,NA,NA,NA,NA,NA,NA,NA
92519,S0436070692,OROMIA,Gujii Lixaa,hambalaa waamannaa,darii dasii,Rural,"12/16/2025, 5:51:37 PM","12/16/2025, 11:35:09 AM","12/16/2025, 5:40:37 PM",12/16/2025,31d542a9aea3f2c5,1,T17803,NA,male,1 2 3 4 5 6 7 8,1,1,1,1,1,1,1,1,0,1 97,1,0,0,1,General science,3,NA,3,NA,1,NA,2011,2013,3,0,NA,NA,1 5,1,0,0,0,1,0,0,NA,1,NA,2 6,0,1,0,0,0,1,0,NA,1,3,0,0,1,0,0,0,NA,3 4,0,0,1,1,0,0,0,0,0,0,NA,2 4,0,1,0,1,0,0,0,0,0,0,NA,4 6,0,0,0,1,0,1,0,0,0,0,NA,4,4,3,4,1,1,1,1,2 4 5 7 8 9 11,0,1,0,1,1,0,1,1,1,0,1,0,0,NA,4,2,NA,2 3 9 11,0,1,1,0,0,0,0,0,1,0,1,0,0,NA,4,4,4,2,4,4,4,2,3,4,5,5,4,5,5,3,3,2,1,2 3 5,0,1,1,0,1,0,0,0,NA,3,4,4,4,4,4,3,4,3,4,5,2,NA,4,4,4,1,4,2 3,0,1,1,0,0,NA,1,NA,1,0,0,1,1,1,1,1,1,0,0,NA,3,4,1,3,4,2,2,2,2,3,3,3,2,2,2,2,3,2,1 2,1,1,0,0,0,0,0,0,0,0,0,3,2,3,4,3,3,2,2,1,1,8,4,2,4,4,4,4,4,4,2,4,4,1 2 4,1,1,0,1,0,0,0,NA,1,1,2,3,1,2,1,1,1,None,4 8,0,0,0,1,0,0,0,1,0,NA,31,NA,10500,As a teacher IAM faced many challenges in case of unmatched my payment and infliction to overcome my life.,uuid:67f044cb-15fa-45e1-90b5-b0e6a09fe691,2512142209,uuid:67f044cb-15fa-45e1-90b5-b0e6a09fe691,NA,NA,NA,NA,NA,NA,NA,NA,NA,NA
791679,S0449490132,OROMIA,B/M/Sandaafaa Bakkee,b/m/sandaafaa bakkee,muudaa,Rural,"12/12/2025, 7:14:23 PM","12/12/2025, 1:12:25 PM","12/12/2025, 7:04:10 PM",12/12/2025,511b83623529c852,1,T12103,NA,male,7,0,0,0,0,0,0,1,0,0,97,0,0,0,1,Saayinsii Waliigalaa(integrated Sayins,6,NA,5,NA,1,NA,2001,2014,5,1,8,3,5,0,0,0,0,1,0,0,NA,1,NA,2 6,0,1,0,0,0,1,0,NA,1,3,0,0,1,0,0,0,NA,1 3 4 6,1,0,1,1,0,1,0,0,0,0,NA,2 4,0,1,0,1,0,0,0,0,0,0,NA,2 5,0,1,0,0,1,0,0,0,0,0,NA,4,4,2,3,1,1,1,1,1 4 7,1,0,0,1,0,0,1,0,0,0,0,0,0,NA,4,2,NA,2 3 4 5 9 10,0,1,1,1,1,0,0,0,1,1,0,0,0,NA,4,4,4,4,3,4,4,2,2,4,5,5,5,5,5,5,2,2,1,5,0,0,0,0,1,0,0,0,NA,4,4,4,4,4,1,2,4,2,5,5,2,NA,2,2,2,1,4,2,0,1,0,0,0,NA,3,NA,0,0,0,0,0,0,0,1,1,0,0,NA,1,1,1,1,4,1,1,3,3,2,3,3,2,3,2,3,3,3,4 9,0,0,0,1,0,0,0,0,1,0,0,1,1,1,2,1,4,1,3,2,1,8,3,4,4,4,4,1,4,4,4,4,4,4,0,0,0,1,0,0,0,NA,0,NA,NA,NA,NA,NA,NA,NA,NA,NA,2,0,1,0,0,0,0,0,0,0,NA,38,NA,14264,No,uuid:18a24d64-c4b5-4c7d-8ce3-8b40a39e3b9d,2512040829,uuid:18a24d64-c4b5-4c7d-8ce3-8b40a39e3b9d,NA,NA,NA,NA,NA,NA,NA,NA,NA,NA
791679,S0449490132,OROMIA,B/M/Sandaafaa Bakkee,b/m/sandaafaa bakkee,muudaa,Rural,"12/13/2025, 7:24:32 AM","12/12/2025, 10:23:34 AM","12/12/2025, 7:19:37 PM",12/12/2025,72ea367b009c6cb8,1,T12101,NA,female,1 3 4,1,0,1,1,0,0,0,0,0,2,0,1,0,0,NA,3,NA,2,NA,1,NA,2008,2016,2,0,NA,NA,5,0,0,0,0,1,0,0,NA,1,NA,2,0,1,0,0,0,0,0,NA,1,1 3,1,0,1,0,0,0,NA,4,0,0,0,1,0,0,0,0,0,0,NA,1 4,1,0,0,1,0,0,0,0,0,0,NA,2 3,0,1,1,0,0,0,0,0,0,0,NA,2,2,2,2,2,2,2,2,8 9 11,0,0,0,0,0,0,0,1,1,0,1,0,0,NA,3,2,NA,9,0,0,0,0,0,0,0,0,1,0,0,0,0,NA,4,3,4,3,4,4,3,3,3,4,5,5,4,4,5,5,1,1,1,1 2 5,1,1,0,0,1,0,0,0,NA,4,3,3,3,3,3,4,4,4,4,4,2,NA,4,4,4,4,4,2,0,1,0,0,0,NA,1,NA,0,0,0,1,0,0,0,1,1,0,0,NA,1,1,1,1,4,1,1,3,1,2,3,1,3,3,3,3,3,3,4 11,0,0,0,1,0,0,0,0,0,0,1,3,1,3,3,2,3,1,3,3,1,10,3,3,3,3,3,3,3,3,3,3,3,4,0,0,0,1,0,0,0,NA,1,1,3,3,1,1,3,3,3,Nothing,4,0,0,0,1,0,0,0,0,0,NA,24,NA,11300,NA,uuid:47a2997e-dcb7-4854-a188-75639f9956a1,2512030649,uuid:47a2997e-dcb7-4854-a188-75639f9956a1,NA,NA,NA,NA,NA,NA,NA,NA,NA,NA
791679,S0449490132,OROMIA,B/M/Sandaafaa Bakkee,b/m/sandaafaa bakkee,muudaa,Rural,"12/13/2025, 7:24:34 AM","12/12/2025, 11:13:09 AM","12/12/2025, 7:21:17 PM",12/12/2025,72ea367b009c6cb8,1,T12102,NA,female,1 2 3 4,1,1,1,1,0,0,0,0,0,3,0,0,1,0,NA,4,NA,2,NA,1,NA,2005,2014,4,0,NA,NA,5,0,0,0,0,1,0,0,NA,1,NA,6,0,0,0,0,0,1,0,NA,1,1 3,1,0,1,0,0,0,NA,4 7,0,0,0,1,0,0,1,0,0,0,NA,5 6,0,0,0,0,1,1,0,0,0,0,NA,1 2,1,1,0,0,0,0,0,0,0,0,NA,3,3,2,3,2,2,2,2,4 8 9,0,0,0,1,0,0,0,1,1,0,0,0,0,NA,3,2,NA,9,0,0,0,0,0,0,0,0,1,0,0,0,0,NA,3,3,3,3,3,3,4,3,3,4,5,5,4,4,5,5,1,1,1,1 2 5,1,1,0,0,1,0,0,0,NA,4,4,4,4,4,4,4,4,4,4,4,4,NA,4,4,4,4,4,2,0,1,0,0,0,NA,2,NA,1,0,0,1,0,0,0,1,1,0,0,NA,1,1,1,1,4,1,1,3,3,3,2,2,2,2,2,2,2,2,4 11,0,0,0,1,0,0,0,0,0,0,1,3,1,3,4,2,4,1,2,2,1,10,1,4,4,3,4,2,3,3,3,3,3,2 4,0,1,0,1,0,0,0,NA,1,3,3,3,1,1,3,1,3,Nothing,4,0,0,0,1,0,0,0,0,0,NA,31,NA,12000,Nothing,uuid:4ca717d7-593a-4130-9094-23bace08849e,2512030649,uuid:4ca717d7-593a-4130-9094-23bace08849e,NA,NA,NA,NA,NA,NA,NA,NA,NA,NA
791543,S0449490262,OROMIA,B/M/Sandaafaa Bakkee,b/m/sandaafaa bakkee,"daabee muudaa sad,1ffaa",Urban,"12/14/2025, 3:16:21 PM","12/13/2025, 8:34:03 AM","12/14/2025, 2:47:02 PM",12/13/2025,72ea367b009c6cb8,1,T33202,NA,male,1 2 3 4,1,1,1,1,0,0,0,0,0,3,0,0,1,0,NA,6,NA,2,NA,1,NA,2000,2010,5,0,NA,NA,1,1,0,0,0,0,0,0,NA,1,NA,6,0,0,0,0,0,1,0,NA,0,NA,NA,NA,NA,NA,NA,NA,NA,NA,NA,NA,NA,NA,NA,NA,NA,NA,NA,NA,NA,4 5,0,0,0,1,1,0,0,0,0,0,NA,1 4,1,0,0,1,0,0,0,0,0,0,NA,3,3,2,3,2,2,2,2,4 6 7 8 9 11,0,0,0,1,0,1,1,1,1,0,1,0,0,NA,3,2,NA,9,0,0,0,0,0,0,0,0,1,0,0,0,0,NA,3,3,3,3,3,3,4,4,3,3,5,4,5,5,5,4,1,1,1,1 3 5,1,0,1,0,1,0,0,0,NA,3,3,3,3,3,3,4,4,4,4,4,2,NA,4,4,4,3,3,2 3,0,1,1,0,0,NA,3,NA,0,0,0,1,1,1,0,1,1,0,0,NA,1,1,1,1,4,1,1,2,2,2,2,2,2,2,2,2,2,2,8 11,0,0,0,0,0,0,0,1,0,0,1,3,1,3,4,1,4,1,2,2,1,8,3,3,3,3,3,1,3,3,3,3,3,4,0,0,0,1,0,0,0,NA,1,3,3,3,1,1,3,3,3,Nothing,4,0,0,0,1,0,0,0,0,0,NA,42,NA,12000,NA,uuid:5e203f3f-2283-47d4-82ad-15398c3fbbcd,2512030649,uuid:5e203f3f-2283-47d4-82ad-15398c3fbbcd,NA,NA,NA,NA,NA,NA,NA,NA,NA,NA
791543,S0449490262,OROMIA,B/M/Sandaafaa Bakkee,b/m/sandaafaa bakkee,"daabee muudaa sad,1ffaa",Urban,"12/14/2025, 3:16:21 PM","12/13/2025, 9:18:03 AM","12/14/2025, 2:48:31 PM",12/13/2025,72ea367b009c6cb8,1,T33203,NA,female,3 4,0,0,1,1,0,0,0,0,0,97,0,0,0,1,Gada and Safu,4,NA,2,NA,1,NA,1997,2004,4,0,NA,NA,1,1,0,0,0,0,0,0,NA,1,NA,6,0,0,0,0,0,1,0,NA,0,NA,NA,NA,NA,NA,NA,NA,NA,NA,NA,NA,NA,NA,NA,NA,NA,NA,NA,NA,NA,2 8,0,1,0,0,0,0,0,1,0,0,NA,3 6,0,0,1,0,0,1,0,0,0,0,NA,3,3,3,3,2,2,2,2,7 8 9,0,0,0,0,0,0,1,1,1,0,0,0,0,NA,4,2,NA,9,0,0,0,0,0,0,0,0,1,0,0,0,0,NA,3,2,3,3,3,3,3,3,3,4,4,4,4,4,4,4,2,2,1,2 5,0,1,0,0,1,0,0,0,NA,3,3,3,3,3,3,4,4,4,4,4,3,NA,4,4,4,4,4,2 3,0,1,1,0,0,NA,2,NA,1,0,0,1,0,1,0,1,1,0,0,NA,1,1,3,1,3,1,1,2,2,1,3,3,2,2,3,3,3,1,4 11,0,0,0,1,0,0,0,0,0,0,1,2,2,3,3,3,2,1,2,2,1,7,1,3,1,3,3,1,3,3,3,3,3,4,0,0,0,1,0,0,0,NA,1,3,3,3,1,1,3,3,3,Nothing,4,0,0,0,1,0,0,0,0,0,NA,38,NA,14000,NA,uuid:4c42af7c-c8f5-41b7-a25c-c76b0939b387,2512030649,uuid:4c42af7c-c8f5-41b7-a25c-c76b0939b387,NA,NA,NA,NA,NA,NA,NA,NA,NA,NA
791543,S0449490262,OROMIA,B/M/Sandaafaa Bakkee,b/m/sandaafaa bakkee,"daabee muudaa sad,1ffaa",Urban,"12/14/2025, 3:22:31 PM","12/13/2025, 8:36:05 AM","12/14/2025, 1:54:43 PM",12/13/2025,511b83623529c852,1,T33201,NA,male,7,0,0,0,0,0,0,1,0,0,97,0,0,0,1,Maths,4,NA,2,NA,1,NA,1998,2017,6,1,2,3,5,0,0,0,0,1,0,0,NA,1,NA,2 3 6,0,1,1,0,0,1,0,NA,1,1 2 3,1,1,1,0,0,0,NA,1 2 3 4 5,1,1,1,1,1,0,0,0,0,0,NA,2 5,0,1,0,0,1,0,0,0,0,0,NA,4 8,0,0,0,1,0,0,0,1,0,0,NA,4,4,3,4,1,1,1,1,6 7 10,0,0,0,0,0,1,1,0,0,1,0,0,0,NA,4,2,NA,4,0,0,0,1,0,0,0,0,0,0,0,0,0,NA,3,3,3,3,3,4,3,2,2,3,4,4,4,5,4,5,2,1,1,5,0,0,0,0,1,0,0,0,NA,3,3,3,3,2,1,3,2,2,3,2,4,NA,3,4,2,1,3,2 3 4,0,1,1,1,0,NA,3,NA,0,0,0,1,1,1,1,1,1,0,0,NA,1,2,1,1,4,1,2,1,1,2,2,2,2,1,3,3,3,3,1 2,1,1,0,0,0,0,0,0,0,0,0,3,3,2,3,2,3,2,3,3,1,9,3,3,1,3,3,2,4,3,3,3,3,1,1,0,0,0,0,0,0,NA,1,2,2,3,2,2,2,2,3,No,1,1,0,0,0,0,0,0,0,0,NA,38,NA,13339,No,uuid:9897583e-dc79-462f-9ab8-0ea6504ce48b,2512111014,uuid:9897583e-dc79-462f-9ab8-0ea6504ce48b,NA,NA,NA,NA,NA,NA,NA,NA,NA,NA
805865,S0451510492,OROMIA,B/M/Shanoo,b/m/shanoo,kaarl shanoo sad 1ffaa,Urban,"12/16/2025, 7:05:50 PM","12/16/2025, 9:28:25 AM","12/16/2025, 6:59:03 PM",12/16/2025,72ea367b009c6cb8,1,T12201,NA,male,1 2 3 4,1,1,1,1,0,0,0,0,0,1,1,0,0,0,NA,6,NA,5,NA,1,NA,1998,2005,4,1,4,3,5,0,0,0,0,1,0,0,NA,1,NA,6,0,0,0,0,0,1,0,NA,0,NA,NA,NA,NA,NA,NA,NA,NA,NA,NA,NA,NA,NA,NA,NA,NA,NA,NA,NA,NA,2 5,0,1,0,0,1,0,0,0,0,0,NA,2 4,0,1,0,1,0,0,0,0,0,0,NA,3,3,3,3,2,2,2,1,4 8 9 11,0,0,0,1,0,0,0,1,1,0,1,0,0,NA,4,2,NA,3,0,0,1,0,0,0,0,0,0,0,0,0,0,NA,4,4,4,4,4,4,4,4,4,3,5,5,5,5,5,5,2,2,1,1 2 5,1,1,0,0,1,0,0,0,NA,3,3,3,3,3,3,4,4,4,4,4,1,NA,2,3,3,3,3,2 3,0,1,1,0,0,NA,3,NA,1,0,0,1,1,1,0,1,1,0,0,NA,1,1,1,1,4,1,1,3,3,3,3,3,3,3,3,3,3,3,1 10,1,0,0,0,0,0,0,0,0,1,0,3,1,1,4,1,4,1,2,2,1,8,3,4,1,3,4,3,3,3,3,3,3,4,0,0,0,1,0,0,0,NA,1,3,3,3,1,1,1,3,3,Nothing,4,0,0,0,1,0,0,0,0,0,NA,39,NA,15220,Nothing,uuid:1c134a3e-207d-4a47-a6ea-9a1d983e6e67,2512030649,uuid:1c134a3e-207d-4a47-a6ea-9a1d983e6e67,NA,NA,NA,NA,NA,NA,NA,NA,NA,NA
805865,S0451510492,OROMIA,B/M/Shanoo,b/m/shanoo,kaarl shanoo sad 1ffaa,Urban,"12/16/2025, 7:05:51 PM","12/16/2025, 10:14:22 AM","12/16/2025, 6:59:22 PM",12/16/2025,72ea367b009c6cb8,1,T12202,NA,female,1 2 3 4,1,1,1,1,0,0,0,0,0,2,0,1,0,0,NA,5,NA,6,NA,1,NA,1995,2004,5,0,NA,NA,5,0,0,0,0,1,0,0,NA,1,NA,6,0,0,0,0,0,1,0,NA,0,NA,NA,NA,NA,NA,NA,NA,NA,NA,NA,NA,NA,NA,NA,NA,NA,NA,NA,NA,NA,2 5,0,1,0,0,1,0,0,0,0,0,NA,2 4,0,1,0,1,0,0,0,0,0,0,NA,3,3,3,3,2,2,2,2,4 5 8 9 11,0,0,0,1,1,0,0,1,1,0,1,0,0,NA,4,2,NA,1 11,1,0,0,0,0,0,0,0,0,0,1,0,0,NA,4,4,4,4,4,4,3,3,4,4,5,5,5,4,5,5,1,1,1,1 2 5,1,1,0,0,1,0,0,0,NA,3,3,3,3,3,3,4,4,4,4,4,2,NA,4,4,4,4,4,1 2,1,1,0,0,0,NA,3,NA,0,0,0,1,1,1,0,1,1,0,0,NA,1,1,1,1,4,1,1,3,3,3,2,3,3,3,3,3,3,3,6 8,0,0,0,0,0,1,0,1,0,0,0,4,1,4,4,1,4,1,2,2,1,8,1,4,1,4,4,1,3,3,3,3,3,2,0,1,0,0,0,0,0,NA,1,3,3,3,3,3,3,3,3,Nothing,4,0,0,0,1,0,0,0,0,0,NA,40,NA,16715,Nothing,uuid:8bb0279d-3bdd-46bf-bdaf-6fce0f8ccdaa,2512030649,uuid:8bb0279d-3bdd-46bf-bdaf-6fce0f8ccdaa,NA,NA,NA,NA,NA,NA,NA,NA,NA,NA
805865,S0451510492,OROMIA,B/M/Shanoo,b/m/shanoo,kaarl shanoo sad 1ffaa,Urban,"12/16/2025, 7:05:51 PM","12/16/2025, 12:18:05 PM","12/16/2025, 6:59:40 PM",12/16/2025,72ea367b009c6cb8,1,T12203,NA,female,7 8,0,0,0,0,0,0,1,1,0,2,0,1,0,0,NA,7,NA,5,NA,1,NA,1992,2005,6,0,NA,NA,5,0,0,0,0,1,0,0,NA,1,NA,6,0,0,0,0,0,1,0,NA,1,1 3,1,0,1,0,0,0,NA,3 4,0,0,1,1,0,0,0,0,0,0,NA,2 4,0,1,0,1,0,0,0,0,0,0,NA,2 4,0,1,0,1,0,0,0,0,0,0,NA,3,3,2,4,1,1,1,1,4 11,0,0,0,1,0,0,0,0,0,0,1,0,0,NA,4,1,NA,NA,NA,NA,NA,NA,NA,NA,NA,NA,NA,NA,NA,NA,NA,NA,4,4,4,3,3,3,4,3,4,4,4,4,4,4,4,4,2,2,1,1 2 5,1,1,0,0,1,0,0,0,NA,3,3,3,3,3,3,4,4,3,4,4,2,NA,4,4,4,4,4,1 2,1,1,0,0,0,NA,2,NA,1,0,0,1,0,1,0,1,1,0,0,NA,1,3,2,1,4,1,1,2,2,2,2,3,3,3,3,2,3,2,1 4,1,0,0,1,0,0,0,0,0,0,0,4,1,4,4,1,4,1,2,2,1,7,2,4,4,4,4,3,3,3,3,3,3,4,0,0,0,1,0,0,0,NA,1,3,3,3,1,1,1,1,1,Nothing,4,0,0,0,1,0,0,0,0,0,NA,45,NA,16700,Nothing,uuid:737a73df-0c6a-4b24-9f2f-6a78093b53f6,2512030649,uuid:737a73df-0c6a-4b24-9f2f-6a78093b53f6,NA,NA,NA,NA,NA,NA,NA,NA,NA,NA
600032,S0601010072,BENISHANGUL-GUMUZ,Assosa,abrhamo,komeshiga 27,Rural,"12/6/2025, 7:30:55 PM","12/5/2025, 3:11:51 PM","12/6/2025, 4:19:30 PM",12/5/2025,8.62E+14,1,T401,NA,male,5 6,0,0,0,0,1,1,0,0,0,97,0,0,0,1,General Science,5,NA,2,NA,1,NA,1999,1999,1,0,NA,NA,5,0,0,0,0,1,0,0,NA,1,NA,2 6,0,1,0,0,0,1,0,NA,1,3,0,0,1,0,0,0,NA,4 8,0,0,0,1,0,0,0,1,0,0,NA,4 8,0,0,0,1,0,0,0,1,0,0,NA,4 6,0,0,0,1,0,1,0,0,0,0,NA,4,4,4,2,2,2,2,1,7,0,0,0,0,0,0,1,0,0,0,0,0,0,NA,4,3,NA,1 2 3 4 5 6 8 9 10 11,1,1,1,1,1,1,0,1,1,1,1,0,0,NA,4,4,4,4,4,4,4,3,3,4,5,5,4,5,5,5,1,1,1,5,0,0,0,0,1,0,0,0,NA,2,2,2,4,4,4,4,5,4,4,5,3,NA,1,4,4,1,3,2,0,1,0,0,0,NA,1,NA,0,0,0,0,0,0,0,0,0,0,0,NA,3,1,1,1,4,1,2,3,3,3,3,3,3,3,3,3,3,3,1 4,1,0,0,1,0,0,0,0,0,0,0,3,1,3,1,1,4,3,1,1,1,10,3,4,3,4,4,3,4,4,3,4,4,4,0,0,0,1,0,0,0,NA,0,NA,NA,NA,NA,NA,NA,NA,NA,NA,1 7,1,0,0,0,0,0,1,0,0,NA,36,NA,13319,NA,uuid:0b2bd5da-9798-4847-a2fd-5b7ee41f4e01,2512040829,uuid:0b2bd5da-9798-4847-a2fd-5b7ee41f4e01,NA,NA,NA,NA,NA,NA,NA,NA,NA,NA
600032,S0601010072,BENISHANGUL-GUMUZ,Assosa,abrhamo,komeshiga 27,Rural,"12/6/2025, 7:30:57 PM","12/5/2025, 3:49:05 PM","12/6/2025, 7:29:37 PM",12/5/2025,8.62E+14,1,T402,NA,male,3 4,0,0,1,1,0,0,0,0,0,1,1,0,0,0,NA,3,NA,5,NA,0,NA,2011,2015,2,0,NA,NA,5,0,0,0,0,1,0,0,NA,5,NA,6,0,0,0,0,0,1,0,NA,1,3,0,0,1,0,0,0,NA,4,0,0,0,1,0,0,0,0,0,0,NA,1 6,1,0,0,0,0,1,0,0,0,0,NA,6 7,0,0,0,0,0,1,1,0,0,0,NA,4,4,3,1,2,1,2,1,2,0,1,0,0,0,0,0,0,0,0,0,0,0,NA,4,3,NA,1 2 4 5 6 7 8 10 11,1,1,0,1,1,1,1,1,0,1,1,0,0,NA,3,3,3,3,3,3,3,2,3,3,4,4,5,5,5,5,1,1,1,2 5,0,1,0,0,1,0,0,0,NA,4,2,4,4,4,4,5,4,2,4,2,1,NA,4,3,3,4,3,2,0,1,0,0,0,NA,3,NA,1,0,0,1,1,1,1,1,1,0,0,NA,4,3,1,3,4,4,1,3,3,3,3,3,3,3,3,3,3,3,1 3,1,0,1,0,0,0,0,0,0,0,0,3,3,1,1,1,1,4,3,3,2,1,1,1,4,4,4,4,4,4,4,4,4,1 2,1,1,0,0,0,0,0,NA,0,NA,NA,NA,NA,NA,NA,NA,NA,NA,4,0,0,0,1,0,0,0,0,0,NA,31,NA,10740,NA,uuid:4407ec40-f0cc-4b66-a41f-914a063cc441,2512040829,uuid:4407ec40-f0cc-4b66-a41f-914a063cc441,NA,NA,NA,NA,NA,NA,NA,NA,NA,NA
600032,S0601010072,BENISHANGUL-GUMUZ,Assosa,abrhamo,komeshiga 27,Rural,"12/6/2025, 7:30:58 PM","12/5/2025, 4:19:12 PM","12/6/2025, 6:14:17 PM",12/5/2025,8.62E+14,1,T403,NA,female,1 2 3 4,1,1,1,1,0,0,0,0,0,1 2,1,1,0,0,NA,3,NA,2,NA,0,NA,2013,2014,2,1,3,3,1,1,0,0,0,0,0,0,NA,5,NA,6,0,0,0,0,0,1,0,NA,1,1,1,0,0,0,0,0,NA,1 5,1,0,0,0,1,0,0,0,0,0,NA,1 8,1,0,0,0,0,0,0,1,0,0,NA,4 8,0,0,0,1,0,0,0,1,0,0,NA,2,2,3,2,2,2,2,2,5,0,0,0,0,1,0,0,0,0,0,0,0,0,NA,4,3,NA,1 2 3 4 5 8 9 10 11,1,1,1,1,1,0,0,1,1,1,1,0,0,NA,3,4,4,4,4,4,4,4,4,4,5,3,3,5,5,3,2,3,1,2 5,0,1,0,0,1,0,0,0,NA,4,4,2,4,4,4,2,2,3,2,4,4,NA,1,3,4,3,4,2,0,1,0,0,0,NA,3,NA,0,0,0,0,0,1,0,0,1,0,0,NA,2,2,2,2,4,4,4,3,3,3,3,3,3,1,1,1,3,3,3 4,0,0,1,1,0,0,0,0,0,0,0,4,3,4,3,3,4,4,3,3,1,5,4,4,2,4,4,2,4,4,4,4,4,6,0,0,0,0,0,1,0,NA,0,NA,NA,NA,NA,NA,NA,NA,NA,NA,1 3,1,0,1,0,0,0,0,0,0,NA,27,NA,9000,NA,uuid:dd5a57f6-df22-470c-9e18-d64ea3aa541a,2512040829,uuid:dd5a57f6-df22-470c-9e18-d64ea3aa541a,NA,NA,NA,NA,NA,NA,NA,NA,NA,NA
600320,S0601010772,BENISHANGUL-GUMUZ,Assosa,oura,hoha no. 9,Rural,"12/8/2025, 6:49:16 PM","12/8/2025, 12:53:00 PM","12/8/2025, 6:46:56 PM",12/8/2025,0229e796513b8b37,1,T1801,NA,male,5 6 7 8,0,0,0,0,1,1,1,1,0,97,0,0,0,1,Civics,5,NA,5,NA,1,NA,1998,2012,4,1,1,2,5,0,0,0,0,1,0,0,NA,5,NA,2 3,0,1,1,0,0,0,0,NA,1,3,0,0,1,0,0,0,NA,4 7 9,0,0,0,1,0,0,1,0,1,0,NA,1 2,1,1,0,0,0,0,0,0,0,0,NA,4 6,0,0,0,1,0,1,0,0,0,0,NA,3,3,3,2,2,2,2,1,5 6,0,0,0,0,1,1,0,0,0,0,0,0,0,NA,1,2,NA,11,0,0,0,0,0,0,0,0,0,0,1,0,0,NA,4,4,4,3,4,4,4,3,3,3,5,5,4,5,4,5,2,1,1,2,0,1,0,0,0,0,0,0,NA,4,2,2,2,2,2,2,2,1,2,1,1,NA,3,4,4,2,3,2,0,1,0,0,0,NA,4,NA,0,0,0,1,1,1,1,1,1,0,0,NA,2,1,1,2,4,4,2,3,3,3,3,3,3,3,3,3,3,3,3 4,0,0,1,1,0,0,0,0,0,0,0,3,2,3,3,1,3,3,3,3,1,5,2,3,3,3,3,3,3,2,2,4,4,2,0,1,0,0,0,0,0,NA,1,1,2,3,2,2,1,2,1,የለም,3,0,0,1,0,0,0,0,0,0,NA,35,NA,14300,የለኝም,uuid:d9a2abeb-dc35-46c4-9d1e-e13760f28059,2512040829,uuid:d9a2abeb-dc35-46c4-9d1e-e13760f28059,NA,NA,NA,NA,NA,NA,NA,NA,NA,NA
600320,S0601010772,BENISHANGUL-GUMUZ,Assosa,oura,hoha no. 9,Rural,"12/8/2025, 6:49:16 PM","12/8/2025, 2:34:35 PM","12/8/2025, 6:47:28 PM",12/8/2025,0229e796513b8b37,1,T1802,NA,female,1 4 5 6,1,0,0,1,1,1,0,0,0,1,1,0,0,0,NA,1,NA,2,NA,0,NA,2017,2017,1,1,1,3,1,1,0,0,0,0,0,0,NA,5,NA,5,0,0,0,0,1,0,0,NA,1,1 3,1,0,1,0,0,0,NA,2 3 4,0,1,1,1,0,0,0,0,0,0,NA,2 4,0,1,0,1,0,0,0,0,0,0,NA,1 4,1,0,0,1,0,0,0,0,0,0,NA,3,3,2,1,2,2,2,1,2 5 6,0,1,0,0,1,1,0,0,0,0,0,0,0,NA,2,2,NA,3 8 9 11,0,0,1,0,0,0,0,1,1,0,1,0,0,NA,4,4,4,3,4,4,3,3,3,4,4,5,4,4,4,5,2,2,1,2 4,0,1,0,1,0,0,0,0,NA,2,2,2,2,2,2,3,3,4,3,1,2,NA,4,3,3,3,3,2 4,0,1,0,1,0,NA,3,NA,0,0,0,0,0,1,1,1,1,0,0,NA,4,3,1,2,4,3,1,3,3,3,3,3,3,3,3,3,3,3,2 3,0,1,1,0,0,0,0,0,0,0,0,3,1,3,3,2,2,1,3,3,1,7,3,3,3,3,3,3,3,3,3,3,4,2,0,1,0,0,0,0,0,NA,0,NA,NA,NA,NA,NA,NA,NA,NA,NA,3,0,0,1,0,0,0,0,0,0,NA,23,NA,9200,የለም,uuid:34234a95-2fda-4b2a-a921-f4b6f9c68152,2512040829,uuid:34234a95-2fda-4b2a-a921-f4b6f9c68152,NA,NA,NA,NA,NA,NA,NA,NA,NA,NA
600320,S0601010772,BENISHANGUL-GUMUZ,Assosa,oura,hoha no. 9,Rural,"12/8/2025, 7:57:15 PM","12/6/2025, 7:29:39 PM","12/8/2025, 7:07:51 PM",12/6/2025,8.62E+14,1,T1803,NA,female,1 2 3 4,1,1,1,1,0,0,0,0,0,2,0,1,0,0,NA,3,NA,2,NA,0,NA,2014,2015,2,0,NA,NA,1,1,0,0,0,0,0,0,NA,1,NA,6,0,0,0,0,0,1,0,NA,1,3,0,0,1,0,0,0,NA,3 4 5 6,0,0,1,1,1,1,0,0,0,0,NA,6 8,0,0,0,0,0,1,0,1,0,0,NA,4 6,0,0,0,1,0,1,0,0,0,0,NA,3,3,3,2,1,2,1,1,2 6 7,0,1,0,0,0,1,1,0,0,0,0,0,0,NA,3,5,NA,1 2 3 4 5 6 7 9 10 11,1,1,1,1,1,1,1,0,1,1,1,0,0,NA,4,4,4,4,4,4,3,3,4,4,5,5,5,5,5,5,1,1,1,2 5,0,1,0,0,1,0,0,0,NA,4,2,4,4,4,4,5,5,4,5,5,1,NA,4,4,4,1,4,2,0,1,0,0,0,NA,3,NA,1,1,0,0,0,0,0,1,1,0,0,NA,4,3,1,1,4,1,1,3,3,3,3,3,3,3,3,3,3,3,1 3,1,0,1,0,0,0,0,0,0,0,0,3,1,3,1,1,4,4,3,3,1,10,4,4,1,4,4,1,4,4,4,4,4,1 2 4,1,1,0,1,0,0,0,NA,0,NA,NA,NA,NA,NA,NA,NA,NA,NA,3 4,0,0,1,1,0,0,0,0,0,NA,30,NA,10001,no,uuid:3e8792f7-342e-43cd-81d2-8009949bf245,2512040829,uuid:3e8792f7-342e-43cd-81d2-8009949bf245,NA,NA,NA,NA,NA,NA,NA,NA,NA,NA
600035,S0601010842,BENISHANGUL-GUMUZ,Assosa,abrhamo,komoshiga 28,Rural,"12/9/2025, 6:16:10 PM","12/9/2025, 12:10:52 PM","12/9/2025, 4:07:51 PM",12/9/2025,94cf2bbcc2bba848,1,T502,NA,male,5 6,0,0,0,0,1,1,0,0,0,2,0,1,0,0,NA,3,NA,2,NA,0,NA,2012,2015,2,1,2,2,1 2,1,1,0,0,0,0,0,NA,6,NA,5 6,0,0,0,0,1,1,0,NA,1,1,1,0,0,0,0,0,NA,3 4 5,0,0,1,1,1,0,0,0,0,0,NA,1 4,1,0,0,1,0,0,0,0,0,0,NA,4 7,0,0,0,1,0,0,1,0,0,0,NA,2,2,2,2,2,3,3,2,3,0,0,1,0,0,0,0,0,0,0,0,0,0,NA,1,2,NA,1 3 7,1,0,1,0,0,0,1,0,0,0,0,0,0,NA,4,4,4,4,4,4,3,3,4,3,3,4,4,5,5,5,1,1,1,5,0,0,0,0,1,0,0,0,NA,4,3,1,2,2,4,2,2,2,2,2,2,NA,4,3,4,3,4,2,0,1,0,0,0,NA,4,NA,1,1,1,1,0,1,1,1,1,1,1,ስልጠና,4,3,1,1,4,3,1,3,3,1,3,3,2,1,1,1,3,1,1,1,0,0,0,0,0,0,0,0,0,0,3,2,3,3,3,4,3,1,2,2,1,4,3,3,3,4,3,3,3,3,4,4,4,0,0,0,1,0,0,0,NA,1,1,2,3,1,1,2,1,1,የለም,3 5,0,0,1,0,1,0,0,0,0,NA,29,NA,10740,የለም,uuid:a2ac6175-7d90-4e40-b6eb-bbbaec7734de,2512040829,uuid:a2ac6175-7d90-4e40-b6eb-bbbaec7734de,NA,NA,NA,NA,NA,NA,NA,NA,NA,NA
600035,S0601010842,BENISHANGUL-GUMUZ,Assosa,abrhamo,komoshiga 28,Rural,"12/9/2025, 6:16:17 PM","12/9/2025, 1:23:11 PM","12/9/2025, 4:08:32 PM",12/9/2025,94cf2bbcc2bba848,1,T503,NA,male,2 3 4,0,1,1,1,0,0,0,0,0,2 3,0,1,1,0,NA,3,NA,2,NA,0,NA,2007,2017,5,0,NA,NA,1,1,0,0,0,0,0,0,NA,5,NA,5 6,0,0,0,0,1,1,0,NA,1,3,0,0,1,0,0,0,NA,1 4 5,1,0,0,1,1,0,0,0,0,0,NA,4 8,0,0,0,1,0,0,0,1,0,0,NA,4 5,0,0,0,1,1,0,0,0,0,0,NA,3,3,2,1,3,4,4,2,6 7 11,0,0,0,0,0,1,1,0,0,0,1,0,0,NA,4,3,NA,1 2 3 4 5 6 7 8 9 10 11,1,1,1,1,1,1,1,1,1,1,1,0,0,NA,4,4,4,3,4,4,4,4,4,4,5,5,5,5,5,5,1,1,1,2 4 5,0,1,0,1,1,0,0,0,NA,2,4,2,4,2,3,4,5,2,2,2,3,NA,4,4,4,1,4,2 3,0,1,1,0,0,NA,1,NA,0,0,0,0,0,0,0,1,1,0,0,NA,3,3,1,1,4,1,1,3,2,1,3,3,3,3,3,3,3,3,3 4,0,0,1,1,0,0,0,0,0,0,0,1,1,3,1,1,2,1,3,3,1,10,1,4,1,3,4,1,4,4,4,4,4,2 4,0,1,0,1,0,0,0,NA,0,NA,NA,NA,NA,NA,NA,NA,NA,NA,1 4,1,0,0,1,0,0,0,0,0,NA,29,NA,11531,no,uuid:e0456162-db4f-4edc-ad53-dd5a87a0901a,2512040829,uuid:e0456162-db4f-4edc-ad53-dd5a87a0901a,NA,NA,NA,NA,NA,NA,NA,NA,NA,NA
600035,S0601010842,BENISHANGUL-GUMUZ,Assosa,abrhamo,komoshiga 28,Rural,"12/9/2025, 6:17:53 PM","12/9/2025, 12:48:19 PM","12/9/2025, 5:47:00 PM",12/9/2025,8.62E+14,1,T501,NA,female,2 3 4,0,1,1,1,0,0,0,0,0,1,1,0,0,0,NA,3,NA,5,NA,0,NA,2006,2017,3,0,NA,NA,5,0,0,0,0,1,0,0,NA,1,NA,5,0,0,0,0,1,0,0,NA,1,3,0,0,1,0,0,0,NA,2 4 5 6,0,1,0,1,1,1,0,0,0,0,NA,1 4,1,0,0,1,0,0,0,0,0,0,NA,4 6,0,0,0,1,0,1,0,0,0,0,NA,3,3,2,2,3,3,3,3,2 5,0,1,0,0,1,0,0,0,0,0,0,0,0,NA,3,3,NA,1 2 3 4 5 6 7 8 9 10 11,1,1,1,1,1,1,1,1,1,1,1,0,0,NA,4,4,4,4,4,4,4,4,4,4,5,5,5,5,5,5,1,1,1,5,0,0,0,0,1,0,0,0,NA,4,4,4,4,2,4,5,4,4,4,1,2,NA,4,4,4,2,4,2,0,1,0,0,0,NA,1,NA,0,1,0,0,0,0,0,0,0,0,0,NA,3,3,1,1,4,4,3,3,3,2,2,3,2,3,3,2,3,3,1 6,1,0,0,0,0,1,0,0,0,0,0,4,1,3,4,1,4,1,3,3,1,9,3,4,1,4,3,1,4,4,4,4,4,2 4,0,1,0,1,0,0,0,NA,0,NA,NA,NA,NA,NA,NA,NA,NA,NA,4 5,0,0,0,1,1,0,0,0,0,NA,34,NA,12000,No,uuid:5eb3c8f8-7521-49a6-ad19-b2d61cc8ba38,2512040829,uuid:5eb3c8f8-7521-49a6-ad19-b2d61cc8ba38,NA,NA,NA,NA,NA,NA,NA,NA,NA,NA
600046,S0601011082,BENISHANGUL-GUMUZ,Assosa,abrhamo,rubalgeda,Rural,"12/4/2025, 7:34:41 PM","12/4/2025, 11:01:52 AM","12/4/2025, 7:33:14 PM",12/4/2025,8.62E+14,1,T2101,NA,female,1 2 3,1,1,1,0,0,0,0,0,0,1,1,0,0,0,NA,1,NA,2,NA,0,NA,2017,2017,1,0,NA,NA,5,0,0,0,0,1,0,0,NA,1,NA,6,0,0,0,0,0,1,0,NA,1,1,1,0,0,0,0,0,NA,1 4,1,0,0,1,0,0,0,0,0,0,NA,1 8,1,0,0,0,0,0,0,1,0,0,NA,1 5,1,0,0,0,1,0,0,0,0,0,NA,3,2,3,3,3,3,3,3,3 4 11,0,0,1,1,0,0,0,0,0,0,1,0,0,NA,1,3,NA,1 2 3 4 5 6 8 9 10 11,1,1,1,1,1,1,0,1,1,1,1,0,0,NA,3,3,3,4,3,4,3,3,2,3,5,5,4,5,4,5,2,2,1,2 4 5,0,1,0,1,1,0,0,0,NA,4,4,4,4,4,4,2,2,3,2,2,4,NA,2,4,1,1,3,2 3 4,0,1,1,1,0,NA,3,NA,0,0,0,0,0,0,0,1,0,0,0,NA,3,1,1,1,3,1,1,3,3,3,3,3,3,3,3,3,3,3,1 4,1,0,0,1,0,0,0,0,0,0,0,3,1,3,3,1,3,1,3,3,1,10,3,3,2,3,3,2,2,2,2,2,2,1 2 4,1,1,0,1,0,0,0,NA,1,2,2,3,2,1,2,2,1,no,1 2,1,1,0,0,0,0,0,0,0,NA,26,NA,9200,NA,uuid:bf6b3c59-b2f0-4f42-8610-287e7862cc18,2512030649,uuid:bf6b3c59-b2f0-4f42-8610-287e7862cc18,NA,NA,NA,NA,NA,NA,NA,NA,NA,NA
600046,S0601011082,BENISHANGUL-GUMUZ,Assosa,abrhamo,rubalgeda,Rural,"12/4/2025, 7:34:46 PM","12/4/2025, 11:59:15 AM","12/4/2025, 7:34:11 PM",12/4/2025,8.62E+14,1,T2102,NA,male,6,0,0,0,0,0,1,0,0,0,1 2,1,1,0,0,NA,3,NA,2,NA,0,NA,2012,2015,2,0,NA,NA,5,0,0,0,0,1,0,0,NA,5,NA,5 6,0,0,0,0,1,1,0,NA,1,1 2 3 4 5,1,1,1,1,1,0,NA,4 5,0,0,0,1,1,0,0,0,0,0,NA,4 6,0,0,0,1,0,1,0,0,0,0,NA,4 6,0,0,0,1,0,1,0,0,0,0,NA,3,3,2,1,2,1,4,2,5,0,0,0,0,1,0,0,0,0,0,0,0,0,NA,1,3,NA,1 2 3 6 8 9 10 11,1,1,1,0,0,1,0,1,1,1,1,0,0,NA,3,3,4,3,3,4,4,2,3,3,4,5,4,5,5,4,2,2,1,2 5,0,1,0,0,1,0,0,0,NA,4,2,2,4,4,2,2,4,1,2,2,4,NA,3,3,4,3,3,2 3,0,1,1,0,0,NA,3,NA,0,1,0,1,0,0,0,1,1,0,0,NA,3,3,2,2,2,3,2,3,3,3,3,3,3,3,3,3,3,3,3 5,0,0,1,0,1,0,0,0,0,0,0,1,3,2,3,3,3,3,3,3,2,10,2,3,3,3,3,3,4,4,4,3,4,2 4,0,1,0,1,0,0,0,NA,0,NA,NA,NA,NA,NA,NA,NA,NA,NA,1 7,1,0,0,0,0,0,1,0,0,NA,28,NA,14368,NA,uuid:2031e9fb-cc45-45d6-97d9-a1878d989108,2512030649,uuid:2031e9fb-cc45-45d6-97d9-a1878d989108,NA,NA,NA,NA,NA,NA,NA,NA,NA,NA
600046,S0601011082,BENISHANGUL-GUMUZ,Assosa,abrhamo,rubalgeda,Rural,"12/4/2025, 7:34:48 PM","12/4/2025, 12:41:40 PM","12/4/2025, 7:33:24 PM",12/4/2025,8.62E+14,1,T2103,NA,male,3 4,0,0,1,1,0,0,0,0,0,1 3,1,0,1,0,NA,3,NA,2,NA,0,NA,2012,2015,2,0,NA,NA,1 4,1,0,0,1,0,0,0,NA,5,NA,5 6,0,0,0,0,1,1,0,NA,1,1,1,0,0,0,0,0,NA,1 3 4,1,0,1,1,0,0,0,0,0,0,NA,4 8,0,0,0,1,0,0,0,1,0,0,NA,4 5,0,0,0,1,1,0,0,0,0,0,NA,3,3,4,1,3,2,2,2,6,0,0,0,0,0,1,0,0,0,0,0,0,0,NA,3,2,NA,1 2 3 5 6 7 8 9 10 11,1,1,1,0,1,1,1,1,1,1,1,0,0,NA,4,4,3,4,4,4,3,3,3,3,4,5,2,5,3,3,2,3,1,2 5,0,1,0,0,1,0,0,0,NA,2,4,4,4,2,2,2,2,3,2,3,2,NA,4,3,3,3,3,2,0,1,0,0,0,NA,3,NA,0,1,0,0,1,1,1,1,1,1,0,NA,3,3,1,3,3,3,3,1,1,2,3,2,2,1,1,1,1,1,2 5,0,1,0,0,1,0,0,0,0,0,0,3,4,3,3,3,4,3,1,3,2,10,3,3,3,3,3,3,3,3,2,3,2,3 4,0,0,1,1,0,0,0,NA,0,NA,NA,NA,NA,NA,NA,NA,NA,NA,1 7,1,0,0,0,0,0,1,0,0,NA,30,NA,10200,NA,uuid:9b415bbc-9558-4c2c-838c-2ba4d104c19c,2512030649,uuid:9b415bbc-9558-4c2c-838c-2ba4d104c19c,NA,NA,NA,NA,NA,NA,NA,NA,NA,NA
600387,S0601020022,BENISHANGUL-GUMUZ,Assosa,undulu,fudundu,Rural,"12/29/2025, 7:54:47 PM","12/29/2025, 1:00:54 PM","12/29/2025, 7:46:21 PM",12/29/2025,0229e796513b8b37,1,T36502,NA,female,2 3 4,0,1,1,1,0,0,0,0,0,97,0,0,0,1,ማህበራዊ ሣይንስ,3,NA,2,NA,0,NA,2012,2012,1,1,2,3,1,1,0,0,0,0,0,0,NA,5,NA,5,0,0,0,0,1,0,0,NA,1,3,0,0,1,0,0,0,NA,2 5,0,1,0,0,1,0,0,0,0,0,NA,4 6,0,0,0,1,0,1,0,0,0,0,NA,4 5,0,0,0,1,1,0,0,0,0,0,NA,3,3,2,2,2,2,3,1,7 11,0,0,0,0,0,0,1,0,0,0,1,0,0,NA,1,2,NA,3 7,0,0,1,0,0,0,1,0,0,0,0,0,0,NA,3,4,4,2,4,4,4,2,2,3,5,5,4,4,3,3,1,1,1,2 5,0,1,0,0,1,0,0,0,NA,1,3,3,4,2,1,2,2,1,2,1,2,NA,3,3,3,3,3,2,0,1,0,0,0,NA,4,NA,1,0,1,1,1,1,1,1,1,0,0,NA,3,4,3,3,4,3,2,1,2,2,3,2,2,3,1,1,3,2,1 3,1,0,1,0,0,0,0,0,0,0,0,3,3,3,3,2,3,3,1,1,1,6,3,2,4,3,3,3,3,3,2,3,3,2 4,0,1,0,1,0,0,0,NA,1,2,2,2,1,1,1,2,2,የለም,1 2,1,1,0,0,0,0,0,0,0,NA,26,NA,13700,የአግልግሎት ዘመን አመመጣጠን።,uuid:d413e779-bda0-473e-a702-0e4daab88233,2512142209,uuid:d413e779-bda0-473e-a702-0e4daab88233,NA,NA,NA,NA,NA,NA,NA,NA,NA,NA
600387,S0601020022,BENISHANGUL-GUMUZ,Assosa,undulu,fudundu,Rural,"12/29/2025, 7:54:50 PM","12/29/2025, 12:14:06 PM","12/29/2025, 7:29:01 PM",12/29/2025,0229e796513b8b37,1,T36501,NA,male,5,0,0,0,0,1,0,0,0,0,1,1,0,0,0,NA,6,NA,3,NA,1,NA,2014,2017,3,0,NA,NA,1,1,0,0,0,0,0,0,NA,1,NA,5,0,0,0,0,1,0,0,NA,1,3,0,0,1,0,0,0,NA,4 6,0,0,0,1,0,1,0,0,0,0,NA,5 6,0,0,0,0,1,1,0,0,0,0,NA,1 4,1,0,0,1,0,0,0,0,0,0,NA,3,3,3,3,2,2,2,1,9 10,0,0,0,0,0,0,0,0,1,1,0,0,0,NA,1,2,NA,2 11,0,1,0,0,0,0,0,0,0,0,1,0,0,NA,3,3,4,2,4,4,3,4,4,4,5,4,5,5,4,4,1,1,1,2 3,0,1,1,0,0,0,0,0,NA,4,2,3,2,3,2,2,4,2,1,1,1,NA,4,4,4,1,4,2,0,1,0,0,0,NA,3,NA,0,1,0,1,1,0,0,1,1,1,0,NA,3,3,2,1,4,4,3,3,3,3,3,3,3,3,3,3,3,3,1 5,1,0,0,0,1,0,0,0,0,0,0,3,1,3,3,1,4,3,3,3,2,10,3,4,4,4,4,3,4,4,3,3,4,2,0,1,0,0,0,0,0,NA,1,3,3,3,2,2,2,2,2,የለም,1 3,1,0,1,0,0,0,0,0,0,NA,24,NA,12000,የለም,uuid:4129146c-6333-473b-b3aa-7baea2d31626,2512142209,uuid:4129146c-6333-473b-b3aa-7baea2d31626,NA,NA,NA,NA,NA,NA,NA,NA,NA,NA
600387,S0601020022,BENISHANGUL-GUMUZ,Assosa,undulu,fudundu,Rural,"12/29/2025, 8:09:15 PM","12/29/2025, 1:05:46 PM","12/29/2025, 7:49:44 PM",12/29/2025,8.62E+14,1,T36503,NA,male,3 4 5,0,0,1,1,1,0,0,0,0,2,0,1,0,0,NA,3,NA,5,NA,1,NA,2013,2016,2,0,NA,NA,5,0,0,0,0,1,0,0,NA,1,NA,5 6,0,0,0,0,1,1,0,NA,1,1 3,1,0,1,0,0,0,NA,2 3 4 5,0,1,1,1,1,0,0,0,0,0,NA,3 4,0,0,1,1,0,0,0,0,0,0,NA,4 7,0,0,0,1,0,0,1,0,0,0,NA,3,3,2,1,4,3,4,3,5 11,0,0,0,0,1,0,0,0,0,0,1,0,0,NA,4,3,NA,1 2 3 4 5 6 7 8 9,1,1,1,1,1,1,1,1,1,0,0,0,0,NA,3,4,4,4,4,4,4,4,3,4,5,5,5,4,5,5,2,2,1,5,0,0,0,0,1,0,0,0,NA,4,4,4,4,4,2,5,5,2,5,2,1,NA,2,4,4,1,3,2,0,1,0,0,0,NA,2,NA,0,1,0,1,0,1,1,0,1,0,0,NA,4,3,1,3,3,4,2,1,2,1,2,2,2,3,1,2,1,1,1 3,1,0,1,0,0,0,0,0,0,0,0,1,1,3,4,2,4,1,3,1,1,10,4,4,3,4,4,4,4,4,3,4,4,4,0,0,0,1,0,0,0,NA,0,NA,NA,NA,NA,NA,NA,NA,NA,NA,3 4,0,0,1,1,0,0,0,0,0,NA,28,NA,12700,no,uuid:d3840075-6f90-430f-ac88-f8540a9998d9,2512142209,uuid:d3840075-6f90-430f-ac88-f8540a9998d9,NA,NA,NA,NA,NA,NA,NA,NA,NA,NA
600237,S0601030102,BENISHANGUL-GUMUZ,Assosa,kurmuk,ashishire,Rural,"12/19/2025, 7:30:19 AM","12/18/2025, 12:13:55 PM","12/18/2025, 9:18:34 PM",12/18/2025,94cf2bbcc2bba848,1,T1501,NA,male,1 2 4,1,1,0,1,0,0,0,0,0,1,1,0,0,0,NA,3,NA,2,NA,0,NA,2014,2018,3,0,NA,NA,1 5,1,0,0,0,1,0,0,NA,1,NA,5 6,0,0,0,0,1,1,0,NA,1,1 2 3,1,1,1,0,0,0,NA,1 2 3 4 5 6,1,1,1,1,1,1,0,0,0,0,NA,1 4,1,0,0,1,0,0,0,0,0,0,NA,1 4,1,0,0,1,0,0,0,0,0,0,NA,2,2,2,2,2,2,2,1,1 2 3 4 5 7,1,1,1,1,1,0,1,0,0,0,0,0,0,NA,1,3,NA,1 2 5 7 8 10 11,1,1,0,0,1,0,1,1,0,1,1,0,0,NA,3,3,4,3,3,3,3,3,2,3,4,4,4,4,5,4,2,1,1,2 5,0,1,0,0,1,0,0,0,NA,2,2,2,2,2,2,2,2,3,2,1,1,NA,1,3,3,4,3,2 4,0,1,0,1,0,NA,4,NA,1,1,0,1,0,0,1,1,1,0,0,NA,1,1,1,3,4,1,3,3,3,2,3,3,3,3,3,3,3,3,1 9,1,0,0,0,0,0,0,0,1,0,0,3,1,4,3,1,4,3,3,3,1,10,3,3,4,3,3,3,4,3,3,2,4,1 4,1,0,0,1,0,0,0,NA,1,3,2,3,1,2,2,2,2,የለም,3 6,0,0,1,0,0,1,0,0,0,NA,24,NA,13900,የለም,uuid:6161ef66-1b90-4159-acd3-a20574fac58b,2512142209,uuid:6161ef66-1b90-4159-acd3-a20574fac58b,NA,NA,NA,NA,NA,NA,NA,NA,NA,NA
600237,S0601030102,BENISHANGUL-GUMUZ,Assosa,kurmuk,ashishire,Rural,"12/19/2025, 7:30:20 AM","12/18/2025, 5:44:28 PM","12/18/2025, 9:18:48 PM",12/18/2025,94cf2bbcc2bba848,1,T1502,NA,male,1 2 3 4,1,1,1,1,0,0,0,0,0,1,1,0,0,0,NA,3,NA,2,NA,1,NA,2010,2016,4,1,2,3,1,1,0,0,0,0,0,0,NA,1,NA,5 6,0,0,0,0,1,1,0,NA,1,1 2 3,1,1,1,0,0,0,NA,1 2 3 4 5 6 7 9,1,1,1,1,1,1,1,0,1,0,NA,1 4,1,0,0,1,0,0,0,0,0,0,NA,1 5,1,0,0,0,1,0,0,0,0,0,NA,2,2,2,2,2,2,2,1,1 2 4 7,1,1,0,1,0,0,1,0,0,0,0,0,0,NA,1,3,NA,1 2 3 4 5 7 9 10 11,1,1,1,1,1,0,1,0,1,1,1,0,0,NA,3,4,3,3,3,3,3,3,3,3,4,4,4,5,4,4,1,1,1,2 5,0,1,0,0,1,0,0,0,NA,2,2,2,2,2,3,2,2,2,2,1,1,NA,1,2,3,1,3,2 4,0,1,0,1,0,NA,4,NA,0,0,0,1,0,0,0,1,1,0,0,NA,3,3,2,3,3,1,1,3,3,3,3,3,3,3,3,3,3,3,1 3,1,0,1,0,0,0,0,0,0,0,0,3,2,3,3,1,3,3,3,3,1,10,3,3,3,3,3,1,3,4,2,3,3,1 4,1,0,0,1,0,0,0,NA,1,3,2,3,1,3,2,2,1,የለም,1 3,1,0,1,0,0,0,0,0,0,NA,29,NA,13450,የለም,uuid:af9a46f6-7eea-499a-b715-62e1e561ce40,2512142209,uuid:af9a46f6-7eea-499a-b715-62e1e561ce40,NA,NA,NA,NA,NA,NA,NA,NA,NA,NA
600237,S0601030102,BENISHANGUL-GUMUZ,Assosa,kurmuk,ashishire,Rural,"12/19/2025, 8:13:11 AM","12/18/2025, 12:41:40 PM","12/18/2025, 1:17:32 PM",12/18/2025,8.62E+14,1,T1503,NA,female,1 2 3 5 6,1,1,1,0,1,1,0,0,0,1,1,0,0,0,NA,7,NA,2,NA,0,NA,1998,2018,3,0,NA,NA,1 5,1,0,0,0,1,0,0,NA,1,NA,6,0,0,0,0,0,1,0,NA,1,3,0,0,1,0,0,0,NA,3 4,0,0,1,1,0,0,0,0,0,0,NA,4 8,0,0,0,1,0,0,0,1,0,0,NA,2 4,0,1,0,1,0,0,0,0,0,0,NA,2,3,3,2,4,2,2,2,4,0,0,0,1,0,0,0,0,0,0,0,0,0,NA,4,3,NA,1 2 3 4 5 6 7 8 9 10,1,1,1,1,1,1,1,1,1,1,0,0,0,NA,3,4,4,3,3,3,4,3,4,3,4,5,1,4,4,5,2,1,1,5,0,0,0,0,1,0,0,0,NA,4,2,4,2,4,2,5,3,2,5,4,1,NA,3,3,4,3,4,1,1,0,0,0,0,NA,4,NA,1,1,0,0,1,1,1,1,1,1,0,NA,4,4,1,3,3,4,4,3,3,3,3,3,3,3,3,3,3,3,1 4,1,0,0,1,0,0,0,0,0,0,0,3,3,3,3,3,4,4,3,3,1,10,4,4,3,4,4,3,4,4,3,4,4,1,1,0,0,0,0,0,0,NA,0,NA,NA,NA,NA,NA,NA,NA,NA,NA,3 4,0,0,1,1,0,0,0,0,0,NA,43,NA,21238,NA,uuid:a156f4a1-591f-4078-8a63-a2d02a9159ae,2512142209,uuid:a156f4a1-591f-4078-8a63-a2d02a9159ae,NA,NA,NA,NA,NA,NA,NA,NA,NA,NA
600242,S0601030132,BENISHANGUL-GUMUZ,Assosa,kurmuk,dul hode,Rural,"12/19/2025, 6:12:05 PM","12/19/2025, 10:19:30 AM","12/19/2025, 10:58:19 AM",12/19/2025,8.62E+14,1,T36303,NA,male,1 2 3 4,1,1,1,1,0,0,0,0,0,1,1,0,0,0,NA,3,NA,2,NA,0,NA,2014,2018,4,0,NA,NA,1 5,1,0,0,0,1,0,0,NA,1,NA,5 6,0,0,0,0,1,1,0,NA,1,3,0,0,1,0,0,0,NA,2 4,0,1,0,1,0,0,0,0,0,0,NA,1 4,1,0,0,1,0,0,0,0,0,0,NA,2 4,0,1,0,1,0,0,0,0,0,0,NA,2,3,2,1,2,2,1,2,5,0,0,0,0,1,0,0,0,0,0,0,0,0,NA,3,3,NA,1 2 5 6 8 9,1,1,0,0,1,1,0,1,1,0,0,0,0,NA,3,3,3,3,4,4,4,3,3,4,4,4,3,5,3,3,2,1,1,2 5,0,1,0,0,1,0,0,0,NA,4,2,1,4,3,2,2,2,3,5,3,2,NA,3,4,4,1,3,2,0,1,0,0,0,NA,3,NA,0,0,0,1,0,1,0,0,1,0,0,NA,1,2,4,4,4,1,1,2,2,2,1,1,2,2,1,2,1,3,4 7,0,0,0,1,0,0,1,0,0,0,0,4,3,4,2,4,4,3,1,1,4,10,3,4,1,4,4,2,3,3,3,4,4,1 4,1,0,0,1,0,0,0,NA,0,NA,NA,NA,NA,NA,NA,NA,NA,NA,2 4,0,1,0,1,0,0,0,0,0,NA,24,NA,13780,No,uuid:90ec7cd9-04ce-435d-834b-63f52d843efa,2512142209,uuid:90ec7cd9-04ce-435d-834b-63f52d843efa,NA,NA,NA,NA,NA,NA,NA,NA,NA,NA
600242,S0601030132,BENISHANGUL-GUMUZ,Assosa,kurmuk,dul hode,Rural,"12/19/2025, 8:17:34 PM","12/19/2025, 9:11:45 AM","12/19/2025, 8:12:37 PM",12/19/2025,94cf2bbcc2bba848,1,T36301,NA,male,1 2 3 4,1,1,1,1,0,0,0,0,0,1 2 3,1,1,1,0,NA,4,NA,2,NA,1,NA,2007,2016,4,1,2,3,1 2 5,1,1,0,0,1,0,0,NA,1,NA,6,0,0,0,0,0,1,0,NA,1,1,1,0,0,0,0,0,NA,1 3 4 6,1,0,1,1,0,1,0,0,0,0,NA,1 4,1,0,0,1,0,0,0,0,0,0,NA,5 6,0,0,0,0,1,1,0,0,0,0,NA,2,2,2,2,2,4,2,2,1 3 7 8 9,1,0,1,0,0,0,1,1,1,0,0,0,0,NA,1,2,NA,1 4 5,1,0,0,1,1,0,0,0,0,0,0,0,0,NA,3,3,3,3,3,3,3,3,3,3,3,5,3,3,5,3,1,1,1,5,0,0,0,0,1,0,0,0,NA,2,4,4,2,4,2,2,4,3,2,1,1,NA,3,3,3,1,3,2,0,1,0,0,0,NA,3,NA,1,1,1,1,1,1,1,1,1,1,0,NA,1,1,1,1,3,3,1,3,2,1,1,3,3,2,1,3,3,3,1 4,1,0,0,1,0,0,0,0,0,0,0,3,3,3,3,1,3,1,3,3,2,10,3,3,3,3,3,1,2,2,2,4,2,4,0,0,0,1,0,0,0,NA,1,2,1,2,1,2,2,2,1,የለም,3,0,0,1,0,0,0,0,0,0,NA,35,NA,16050,የለም,uuid:2abc4315-f60a-42fd-a177-c920f2894b68,2512142209,uuid:2abc4315-f60a-42fd-a177-c920f2894b68,NA,NA,NA,NA,NA,NA,NA,NA,NA,NA
600242,S0601030132,BENISHANGUL-GUMUZ,Assosa,kurmuk,dul hode,Rural,"12/19/2025, 8:17:34 PM","12/19/2025, 9:55:32 AM","12/19/2025, 8:12:50 PM",12/19/2025,94cf2bbcc2bba848,1,T36302,NA,female,7,0,0,0,0,0,0,1,0,0,97,0,0,0,1,Gnaral since,1,NA,2,NA,1,NA,2018,2018,1,0,NA,NA,1 5,1,0,0,0,1,0,0,NA,1,NA,5 6,0,0,0,0,1,1,0,NA,1,1 3,1,0,1,0,0,0,NA,1 2 3 4 5 6 7 8 9,1,1,1,1,1,1,1,1,1,0,NA,1 5,1,0,0,0,1,0,0,0,0,0,NA,1 4,1,0,0,1,0,0,0,0,0,0,NA,1,2,2,1,1,1,2,1,2,0,1,0,0,0,0,0,0,0,0,0,0,0,NA,0,2,NA,1 2 3,1,1,1,0,0,0,0,0,0,0,0,0,0,NA,3,3,3,3,3,3,3,3,3,3,4,4,5,4,4,5,2,2,1,5,0,0,0,0,1,0,0,0,NA,2,4,2,2,2,2,2,4,2,5,2,1,NA,3,4,4,2,3,1 2,1,1,0,0,0,NA,3,NA,1,0,0,0,0,1,1,1,1,1,0,NA,3,4,1,1,3,1,3,3,2,3,3,3,3,3,3,3,3,3,1 3,1,0,1,0,0,0,0,0,0,0,0,4,3,3,3,1,3,3,3,3,1,10,4,4,1,3,4,3,4,4,2,3,2,4,0,0,0,1,0,0,0,NA,1,3,3,3,1,2,2,2,1,የለም,1 4,1,0,0,1,0,0,0,0,0,NA,25,NA,12500,የለም,uuid:4bd860fd-b010-43dc-96f5-9227de0b44c1,2512142209,uuid:4bd860fd-b010-43dc-96f5-9227de0b44c1,NA,NA,NA,NA,NA,NA,NA,NA,NA,NA
600117,S0601050102,BENISHANGUL-GUMUZ,Assosa,bambasi,mutsa yako,Rural,"12/11/2025, 7:22:38 PM","12/11/2025, 10:34:12 AM","12/11/2025, 11:04:43 AM",12/11/2025,8.62E+14,1,T2401,NA,male,1 2 3 4,1,1,1,1,0,0,0,0,0,1,1,0,0,0,NA,3,NA,3,NA,0,NA,2011,2016,3,1,3,3,1 5,1,0,0,0,1,0,0,NA,1,NA,6,0,0,0,0,0,1,0,NA,1,3,0,0,1,0,0,0,NA,1 2 4,1,1,0,1,0,0,0,0,0,0,NA,1 4,1,0,0,1,0,0,0,0,0,0,NA,1 4,1,0,0,1,0,0,0,0,0,0,NA,4,2,3,1,3,3,4,3,2 5 6,0,1,0,0,1,1,0,0,0,0,0,0,0,NA,3,3,NA,1 2 3 4 5 6 7 8 9 10 11,1,1,1,1,1,1,1,1,1,1,1,0,0,NA,4,4,4,4,4,4,4,4,2,4,4,5,5,5,5,5,1,1,1,2 4 5,0,1,0,1,1,0,0,0,NA,4,2,4,3,2,4,5,5,5,5,2,2,NA,4,4,4,3,4,2,0,1,0,0,0,NA,3,NA,0,0,0,1,1,1,1,1,1,1,0,NA,1,1,1,4,4,1,1,3,3,3,3,3,3,3,3,3,3,3,1 2,1,1,0,0,0,0,0,0,0,0,0,4,1,4,3,3,4,4,3,3,1,10,4,4,1,4,4,1,4,4,4,4,4,1 4,1,0,0,1,0,0,0,NA,1,1,2,3,1,1,2,1,1,no,2 4,0,1,0,1,0,0,0,0,0,NA,34,NA,13732,no,uuid:8fed1c84-9e8d-4a7f-9a78-52bdff96d915,2512040829,uuid:8fed1c84-9e8d-4a7f-9a78-52bdff96d915,NA,NA,NA,NA,NA,NA,NA,NA,NA,NA
600117,S0601050102,BENISHANGUL-GUMUZ,Assosa,bambasi,mutsa yako,Rural,"12/11/2025, 7:22:39 PM","12/11/2025, 11:04:54 AM","12/11/2025, 11:39:18 AM",12/11/2025,8.62E+14,1,T2402,NA,male,5 6 7 8,0,0,0,0,1,1,1,1,0,1,1,0,0,0,NA,3,NA,2,NA,0,NA,2010,2012,2,0,NA,NA,1 5,1,0,0,0,1,0,0,NA,1,NA,6,0,0,0,0,0,1,0,NA,1,3,0,0,1,0,0,0,NA,1 4 5,1,0,0,1,1,0,0,0,0,0,NA,2 4,0,1,0,1,0,0,0,0,0,0,NA,3 8,0,0,1,0,0,0,0,1,0,0,NA,3,3,2,1,4,2,4,2,5,0,0,0,0,1,0,0,0,0,0,0,0,0,NA,4,3,NA,1 2 3 5 7 8 9 10,1,1,1,0,1,0,1,1,1,1,0,0,0,NA,3,3,3,3,4,3,3,3,3,4,4,4,5,5,5,5,1,1,1,5,0,0,0,0,1,0,0,0,NA,4,4,4,4,4,2,2,5,2,5,2,3,NA,4,4,4,3,3,2,0,1,0,0,0,NA,3,NA,0,0,0,1,1,1,0,1,1,1,0,NA,3,3,1,3,2,3,1,3,3,3,3,3,1,1,1,3,3,3,5 11,0,0,0,0,1,0,0,0,0,0,1,4,3,3,3,3,4,1,3,3,4,10,4,1,4,3,4,4,3,4,3,4,4,4,0,0,0,1,0,0,0,NA,1,3,3,3,1,3,3,2,1,no,1 3,1,0,1,0,0,0,0,0,0,NA,33,NA,10700,no,uuid:14124d1e-9b49-49c6-a312-998707b764fc,2512040829,uuid:14124d1e-9b49-49c6-a312-998707b764fc,NA,NA,NA,NA,NA,NA,NA,NA,NA,NA
600117,S0601050102,BENISHANGUL-GUMUZ,Assosa,bambasi,mutsa yako,Rural,"12/11/2025, 9:06:42 PM","12/11/2025, 11:57:11 AM","12/11/2025, 8:18:41 PM",12/11/2025,94cf2bbcc2bba848,1,T2403,NA,female,1 2,1,1,0,0,0,0,0,0,0,1 2,1,1,0,0,NA,1,NA,1,NA,0,NA,2017,2017,1,0,NA,NA,2,0,1,0,0,0,0,0,NA,1,NA,2 5 6,0,1,0,0,1,1,0,NA,1,1 2 3 4 5,1,1,1,1,1,0,NA,1 2 3 4 9,1,1,1,1,0,0,0,0,1,0,NA,1 4,1,0,0,1,0,0,0,0,0,0,NA,1 2,1,1,0,0,0,0,0,0,0,0,NA,2,2,2,1,3,2,3,2,1 2 3 4 6 7 8 9 10,1,1,1,1,0,1,1,1,1,1,0,0,0,NA,1,3,NA,2 3 5,0,1,1,0,1,0,0,0,0,0,0,0,0,NA,4,4,4,4,4,4,4,4,4,4,5,5,5,5,5,5,1,1,1,2 5,0,1,0,0,1,0,0,0,NA,4,4,3,3,3,3,5,4,1,2,2,1,NA,4,4,4,4,4,2 3 4,0,1,1,1,0,NA,1,NA,0,1,0,1,1,0,0,1,1,0,0,NA,3,3,1,1,4,3,1,3,3,3,3,3,3,2,3,3,3,3,1 6,1,0,0,0,0,1,0,0,0,0,0,4,1,3,3,1,4,4,3,3,1,10,4,4,1,4,4,3,3,4,4,4,4,1 2,1,1,0,0,0,0,0,NA,1,2,1,3,1,1,1,3,1,የለም,1,1,0,0,0,0,0,0,0,0,NA,24,NA,7789,No,uuid:6e2b144f-a8d6-4c92-9276-3157ce918379,2512040829,uuid:6e2b144f-a8d6-4c92-9276-3157ce918379,NA,NA,NA,NA,NA,NA,NA,NA,NA,NA
600119,S0601050152,BENISHANGUL-GUMUZ,Assosa,bambasi,selama,Rural,"12/10/2025, 7:30:08 PM","12/10/2025, 1:00:47 PM","12/10/2025, 1:44:21 PM",12/10/2025,8.62E+14,1,T803,NA,male,1 2 3 4,1,1,1,1,0,0,0,0,0,1 3,1,0,1,0,NA,3,NA,2,NA,0,NA,2014,2017,2,1,1,3,1 5,1,0,0,0,1,0,0,NA,1,NA,6,0,0,0,0,0,1,0,NA,1,3,0,0,1,0,0,0,NA,1 4 9,1,0,0,1,0,0,0,0,1,0,NA,4 6,0,0,0,1,0,1,0,0,0,0,NA,6 7,0,0,0,0,0,1,1,0,0,0,NA,2,3,3,2,4,2,3,4,5 8 9,0,0,0,0,1,0,0,1,1,0,0,0,0,NA,4,3,NA,1 2 3 4 5 6 7 8 9 10 11,1,1,1,1,1,1,1,1,1,1,1,0,0,NA,3,4,3,4,3,3,3,3,3,4,5,5,5,5,5,5,1,1,1,5,0,0,0,0,1,0,0,0,NA,2,4,2,4,4,4,5,2,2,2,2,2,NA,3,3,3,3,3,1 2,1,1,0,0,0,NA,2,NA,1,1,0,1,1,1,1,1,1,0,0,NA,4,4,4,1,4,3,3,1,1,1,1,3,3,3,1,3,3,3,1 2,1,1,0,0,0,0,0,0,0,0,0,4,3,3,3,4,4,4,1,1,2,9,4,4,3,3,3,3,4,4,3,4,3,2 5,0,1,0,0,1,0,0,NA,1,2,1,3,3,1,2,2,3,no,7 8,0,0,0,0,0,0,1,1,0,NA,26,NA,13732,no,uuid:d67df5b4-ce02-49a5-91cd-66bd35c1c781,2512040829,uuid:d67df5b4-ce02-49a5-91cd-66bd35c1c781,NA,NA,NA,NA,NA,NA,NA,NA,NA,NA
600119,S0601050152,BENISHANGUL-GUMUZ,Assosa,bambasi,selama,Rural,"12/10/2025, 8:22:05 PM","12/10/2025, 12:25:22 PM","12/10/2025, 8:02:48 PM",12/10/2025,94cf2bbcc2bba848,1,T801,NA,female,3 7,0,0,1,0,0,0,1,0,0,1,1,0,0,0,NA,3,NA,2,NA,0,NA,2010,2016,4,1,2,3,1,1,0,0,0,0,0,0,NA,1,NA,5,0,0,0,0,1,0,0,NA,1,3,0,0,1,0,0,0,NA,1 2,1,1,0,0,0,0,0,0,0,0,NA,1 4,1,0,0,1,0,0,0,0,0,0,NA,4 6,0,0,0,1,0,1,0,0,0,0,NA,3,3,3,3,2,2,2,2,1 2,1,1,0,0,0,0,0,0,0,0,0,0,0,NA,1,3,NA,1 4,1,0,0,1,0,0,0,0,0,0,0,0,0,NA,3,3,3,3,3,3,4,3,3,3,4,4,5,4,4,4,1,1,1,5,0,0,0,0,1,0,0,0,NA,4,4,3,3,3,3,4,2,3,3,2,1,NA,3,4,3,3,3,4,0,0,0,1,0,NA,3,NA,1,0,0,1,0,0,0,1,1,0,1,የለም,4,3,3,1,4,3,2,3,1,3,3,3,3,2,3,3,3,2,3 4,0,0,1,1,0,0,0,0,0,0,0,4,3,3,4,4,4,3,1,3,1,10,1,4,3,3,3,2,3,3,3,3,3,4,0,0,0,1,0,0,0,NA,1,1,3,3,3,2,2,2,1,የሥልጠና,1 3,1,0,1,0,0,0,0,0,0,NA,30,NA,10700,የሴቶ ንጽህና መጠበቂያ,uuid:3b224834-165c-44cb-bb00-9a75f801ad0b,2512040829,uuid:3b224834-165c-44cb-bb00-9a75f801ad0b,NA,NA,NA,NA,NA,NA,NA,NA,NA,NA
600119,S0601050152,BENISHANGUL-GUMUZ,Assosa,bambasi,selama,Rural,"12/10/2025, 8:22:34 PM","12/10/2025, 1:41:18 PM","12/10/2025, 8:03:11 PM",12/10/2025,94cf2bbcc2bba848,1,T802,NA,male,5 6 7 8,0,0,0,0,1,1,1,1,0,97,0,0,0,1,General sceince and sport,3,NA,2,NA,0,NA,2012,2012,1,0,NA,NA,1 5,1,0,0,0,1,0,0,NA,1,NA,6,0,0,0,0,0,1,0,NA,1,1,1,0,0,0,0,0,NA,1 4,1,0,0,1,0,0,0,0,0,0,NA,1 4,1,0,0,1,0,0,0,0,0,0,NA,1 4,1,0,0,1,0,0,0,0,0,0,NA,4,4,4,3,2,3,3,3,4,0,0,0,1,0,0,0,0,0,0,0,0,0,NA,1,3,NA,1 2 3 4 5 6 7 8 9 10 11,1,1,1,1,1,1,1,1,1,1,1,0,0,NA,3,4,4,4,4,4,4,4,4,4,5,5,4,5,5,5,2,1,1,2 4 5,0,1,0,1,1,0,0,0,NA,4,4,4,4,4,4,4,5,2,5,3,4,NA,4,4,4,4,4,4,0,0,0,1,0,NA,2,NA,1,1,0,1,0,0,0,1,1,0,0,NA,4,1,1,4,4,4,4,2,2,1,3,3,3,3,3,3,3,3,2 3,0,1,1,0,0,0,0,0,0,0,0,4,1,4,4,4,4,4,3,3,2,10,4,4,4,4,4,4,4,4,4,4,4,3,0,0,1,0,0,0,0,NA,1,1,2,3,1,2,1,2,1,የለም,3 4,0,0,1,1,0,0,0,0,0,NA,26,NA,10740,የለም,uuid:6ab8328d-3014-4415-b36c-6f803c50b302,2512040829,uuid:6ab8328d-3014-4415-b36c-6f803c50b302,NA,NA,NA,NA,NA,NA,NA,NA,NA,NA
600090,S0601050822,BENISHANGUL-GUMUZ,Assosa,bambasi,bisna,Urban,"12/12/2025, 7:53:31 PM","12/12/2025, 2:31:30 PM","12/12/2025, 3:04:34 PM",12/12/2025,8.62E+14,1,T603,NA,male,6 7 8,0,0,0,0,0,1,1,1,0,97,0,0,0,1,Geography and General science,4,NA,2,NA,1,NA,1997,2014,5,1,2,2,5,0,0,0,0,1,0,0,NA,1,NA,2,0,1,0,0,0,0,0,NA,1,1 2 3,1,1,1,0,0,0,NA,4,0,0,0,1,0,0,0,0,0,0,NA,1 4,1,0,0,1,0,0,0,0,0,0,NA,1 6,1,0,0,0,0,1,0,0,0,0,NA,3,3,3,1,2,4,2,3,4 5,0,0,0,1,1,0,0,0,0,0,0,0,0,NA,4,3,NA,1 2 3 5 6 7 8 9,1,1,1,0,1,1,1,1,1,0,0,0,0,NA,3,4,4,4,4,4,4,4,3,4,5,5,4,4,4,5,2,1,1,2 5,0,1,0,0,1,0,0,0,NA,2,4,4,4,4,4,5,4,4,5,3,1,NA,4,4,4,1,4,1 2,1,1,0,0,0,NA,2,NA,0,1,0,1,0,0,0,1,1,0,0,NA,3,4,4,4,4,4,3,3,3,3,3,3,3,3,2,3,3,3,1 3,1,0,1,0,0,0,0,0,0,0,0,4,2,3,3,1,2,1,1,1,4,9,4,3,1,4,4,4,4,4,2,4,4,2 5,0,1,0,0,1,0,0,NA,1,3,3,3,1,1,1,1,1,no,4,0,0,0,1,0,0,0,0,0,NA,38,NA,14686,no,uuid:5d0b2f59-8316-4b5d-99cc-358def856055,2512111014,uuid:5d0b2f59-8316-4b5d-99cc-358def856055,NA,NA,NA,NA,NA,NA,NA,NA,NA,NA
600090,S0601050822,BENISHANGUL-GUMUZ,Assosa,bambasi,bisna,Urban,"12/13/2025, 7:53:31 AM","12/12/2025, 9:30:28 AM","12/12/2025, 4:13:42 PM",12/12/2025,94cf2bbcc2bba848,1,T601,NA,male,1 2 3 4,1,1,1,1,0,0,0,0,0,3,0,0,1,0,NA,4,NA,5,NA,1,NA,1999,2010,5,1,8,3,1 2 5,1,1,0,0,1,0,0,NA,1,NA,5 6,0,0,0,0,1,1,0,NA,1,1 2 3,1,1,1,0,0,0,NA,1 2 3 4 5 6 7 9,1,1,1,1,1,1,1,0,1,0,NA,1 4,1,0,0,1,0,0,0,0,0,0,NA,1 4,1,0,0,1,0,0,0,0,0,0,NA,3,2,3,2,2,2,2,2,1 2 3 6 7 8,1,1,1,0,0,1,1,1,0,0,0,0,0,NA,1,3,NA,2 3 4 5 7 9 11,0,1,1,1,1,0,1,0,1,0,1,0,0,NA,4,3,4,4,4,4,4,4,4,3,5,4,4,5,4,4,3,3,1,2 5,0,1,0,0,1,0,0,0,NA,4,2,2,3,2,3,4,2,1,3,4,3,NA,4,4,4,1,3,2,0,1,0,0,0,NA,1,NA,1,0,0,1,0,0,0,1,1,0,0,NA,3,4,1,1,4,1,1,3,3,3,3,3,3,3,3,3,3,3,1 5 6,1,0,0,0,1,1,0,0,0,0,0,3,1,3,3,3,3,3,3,3,4,10,4,4,1,4,3,1,4,4,4,4,4,1 4,1,0,0,1,0,0,0,NA,1,2,2,3,1,2,2,2,1,የለም,3 4,0,0,1,1,0,0,0,0,0,NA,49,NA,13300,የተማሪ መማሪያ መጸሃፍ እጥርት የመምህር እጥረት ጥምርታ።የክላስ ጥበት።ቤተ መጸሃፍት አለመኖር።,uuid:b422327d-7f9d-476e-b12d-a16bc8db1c49,2512040829,uuid:b422327d-7f9d-476e-b12d-a16bc8db1c49,NA,NA,NA,NA,NA,NA,NA,NA,NA,NA
600090,S0601050822,BENISHANGUL-GUMUZ,Assosa,bambasi,bisna,Urban,"12/13/2025, 7:53:31 AM","12/12/2025, 10:18:52 AM","12/12/2025, 4:14:21 PM",12/12/2025,94cf2bbcc2bba848,1,T602,NA,female,3 4,0,0,1,1,0,0,0,0,0,97,0,0,0,1,ሳይንስ ትምህርት,3,NA,5,NA,0,NA,2009,2014,3,1,3,3,2,0,1,0,0,0,0,0,NA,1,NA,5 6,0,0,0,0,1,1,0,NA,1,2 3,0,1,1,0,0,0,NA,1 2 3 4 5 6 9,1,1,1,1,1,1,0,0,1,0,NA,1 4,1,0,0,1,0,0,0,0,0,0,NA,1 4,1,0,0,1,0,0,0,0,0,0,NA,3,2,3,2,1,2,3,2,2 3 5 6 7,0,1,1,0,1,1,1,0,0,0,0,0,0,NA,1,2,NA,2 4 7 9 10,0,1,0,1,0,0,1,0,1,1,0,0,0,NA,4,4,4,4,3,4,3,4,3,3,5,4,4,5,5,5,1,1,1,5,0,0,0,0,1,0,0,0,NA,2,2,2,2,3,1,3,2,2,2,2,1,NA,4,3,4,4,4,1 2 3 4,1,1,1,1,0,NA,3,NA,1,0,0,0,0,0,0,1,0,0,0,NA,3,3,1,1,4,1,1,3,3,3,3,3,3,3,3,3,3,3,1 2 3 4 5 6 7 8 9 10,1,1,1,1,1,1,1,1,1,1,0,3,1,3,3,3,3,1,1,1,1,10,4,4,4,3,4,1,3,3,3,4,4,1 4,1,0,0,1,0,0,0,NA,1,3,3,3,1,2,2,1,1,ሌላ የመማሪ መጸሃፍ።የኑሮ ውድነት,3 4,0,0,1,1,0,0,0,0,0,NA,32,NA,10700,የለም,uuid:dc3524da-93c4-4ca4-b435-19e8ba4e2ec7,2512040829,uuid:dc3524da-93c4-4ca4-b435-19e8ba4e2ec7,NA,NA,NA,NA,NA,NA,NA,NA,NA,NA
600199,S0601070062,BENISHANGUL-GUMUZ,Assosa,homosha,ashura,Rural,"12/15/2025, 7:41:43 PM","12/15/2025, 4:48:29 PM","12/15/2025, 5:48:48 PM",12/15/2025,8.62E+14,1,T1303,NA,female,1 2 3 4,1,1,1,1,0,0,0,0,0,1,1,0,0,0,NA,3,NA,2,NA,0,NA,2013,2013,1,0,NA,NA,5,0,0,0,0,1,0,0,NA,1,NA,6,0,0,0,0,0,1,0,NA,1,3,0,0,1,0,0,0,NA,1 2 3 4 5,1,1,1,1,1,0,0,0,0,0,NA,1 6,1,0,0,0,0,1,0,0,0,0,NA,3 6,0,0,1,0,0,1,0,0,0,0,NA,3,3,3,1,2,1,2,2,2 6 7,0,1,0,0,0,1,1,0,0,0,0,0,0,NA,1,3,NA,1 2 3 5 6 7 8 9 10,1,1,1,0,1,1,1,1,1,1,0,0,0,NA,4,4,4,4,4,4,4,4,4,4,5,5,5,5,5,5,1,1,1,1 5,1,0,0,0,1,0,0,0,NA,4,4,4,4,4,3,5,5,5,5,5,2,NA,4,4,4,4,4,2 3,0,1,1,0,0,NA,2,NA,0,0,0,1,0,1,0,1,1,0,0,NA,2,3,4,4,4,4,4,3,3,2,2,3,3,3,3,3,3,3,1 11,1,0,0,0,0,0,0,0,0,0,1,3,2,3,4,4,4,1,3,3,1,10,3,4,1,4,4,1,4,4,4,4,4,1 4,1,0,0,1,0,0,0,NA,0,NA,NA,NA,NA,NA,NA,NA,NA,NA,1 4,1,0,0,1,0,0,0,0,0,NA,25,NA,12500,No,uuid:de01bf4e-dcf8-46cc-8048-606548edfe74,2512142209,uuid:de01bf4e-dcf8-46cc-8048-606548edfe74,NA,NA,NA,NA,NA,NA,NA,NA,NA,NA
600199,S0601070062,BENISHANGUL-GUMUZ,Assosa,homosha,ashura,Rural,"12/15/2025, 7:53:35 PM","12/15/2025, 12:46:10 PM","12/15/2025, 7:46:39 PM",12/15/2025,94cf2bbcc2bba848,1,T1301,NA,male,4 5 6,0,0,0,1,1,1,0,0,0,1 3,1,0,1,0,NA,3,NA,2,NA,1,NA,2007,2010,4,1,3,2,1 2 5,1,1,0,0,1,0,0,NA,3,NA,4 5 6,0,0,0,1,1,1,0,NA,1,1 2 3,1,1,1,0,0,0,NA,1 2 3 4 5 6 7 8,1,1,1,1,1,1,1,1,0,0,NA,1 2,1,1,0,0,0,0,0,0,0,0,NA,2 4,0,1,0,1,0,0,0,0,0,0,NA,3,2,3,3,3,2,2,2,1 2 5,1,1,0,0,1,0,0,0,0,0,0,0,0,NA,1,3,NA,1 2 4 5,1,1,0,1,1,0,0,0,0,0,0,0,0,NA,4,4,3,4,4,4,4,4,3,4,5,5,4,5,5,5,1,1,1,2 5,0,1,0,0,1,0,0,0,NA,2,2,2,2,2,4,2,4,2,2,2,3,NA,1,3,3,3,4,1 2 4,1,1,0,1,0,NA,3,NA,0,1,0,0,1,0,0,0,1,0,0,NA,1,1,1,1,4,1,3,3,3,3,3,3,3,3,3,3,3,3,1 2,1,1,0,0,0,0,0,0,0,0,0,3,3,3,3,1,3,3,3,3,2,9,3,4,3,3,3,3,3,4,3,3,3,1 4,1,0,0,1,0,0,0,NA,1,2,2,2,1,2,2,2,2,የለም,1 3,1,0,1,0,0,0,0,0,0,NA,29,NA,16000,የለም,uuid:d2c1dc5b-776e-431f-ab19-51d94f20862e,2512111014,uuid:d2c1dc5b-776e-431f-ab19-51d94f20862e,NA,NA,NA,NA,NA,NA,NA,NA,NA,NA
600199,S0601070062,BENISHANGUL-GUMUZ,Assosa,homosha,ashura,Rural,"12/15/2025, 7:53:35 PM","12/15/2025, 6:48:36 PM","12/15/2025, 7:48:45 PM",12/15/2025,94cf2bbcc2bba848,1,T1302,NA,male,6,0,0,0,0,0,1,0,0,0,1 3,1,0,1,0,NA,3,NA,2,NA,1,NA,2009,2013,4,1,3,3,1 5,1,0,0,0,1,0,0,NA,1,NA,5 6,0,0,0,0,1,1,0,NA,1,2 3,0,1,1,0,0,0,NA,1 2 3 4 5 6 7 8,1,1,1,1,1,1,1,1,0,0,NA,1 4,1,0,0,1,0,0,0,0,0,0,NA,1 4,1,0,0,1,0,0,0,0,0,0,NA,2,2,2,3,2,2,3,2,1 2 4,1,1,0,1,0,0,0,0,0,0,0,0,0,NA,2,3,NA,1 2 3 4 5 7 8 9,1,1,1,1,1,0,1,1,1,0,0,0,0,NA,3,3,3,3,3,3,3,4,3,4,5,5,4,4,4,5,1,1,1,2 5,0,1,0,0,1,0,0,0,NA,2,2,2,2,2,2,2,2,2,2,2,3,NA,1,3,2,1,3,1 2 4,1,1,0,1,0,NA,3,NA,0,0,0,1,1,1,0,1,1,0,0,NA,4,3,1,1,4,1,1,3,3,3,3,3,3,3,3,3,1,3,1 3 5,1,0,1,0,1,0,0,0,0,0,0,3,1,1,3,1,3,3,3,3,4,10,3,3,3,3,3,3,3,3,3,3,3,1 2 4,1,1,0,1,0,0,0,NA,1,2,2,3,1,3,2,2,2,የለም,1 4,1,0,0,1,0,0,0,0,0,NA,35,NA,10700,የለም,uuid:cc4affbd-820a-4bab-97de-e0136ef85b1b,2512111014,uuid:cc4affbd-820a-4bab-97de-e0136ef85b1b,NA,NA,NA,NA,NA,NA,NA,NA,NA,NA
600212,S0601070132,BENISHANGUL-GUMUZ,Assosa,homosha,tsorearumela,Rural,"12/23/2025, 5:29:18 PM","12/22/2025, 11:53:49 AM","12/23/2025, 2:05:33 PM",12/22/2025,8.62E+14,1,T36201,NA,female,1 2,1,1,0,0,0,0,0,0,0,1,1,0,0,0,NA,1,NA,2,NA,0,NA,2017,2017,1,0,NA,NA,1 5,1,0,0,0,1,0,0,NA,1,NA,6,0,0,0,0,0,1,0,NA,1,3,0,0,1,0,0,0,NA,1,1,0,0,0,0,0,0,0,0,0,NA,4 5,0,0,0,1,1,0,0,0,0,0,NA,6 8,0,0,0,0,0,1,0,1,0,0,NA,4,3,3,4,2,2,2,2,4 5,0,0,0,1,1,0,0,0,0,0,0,0,0,NA,1,3,NA,1 2 3 5 6 7 8 9,1,1,1,0,1,1,1,1,1,0,0,0,0,NA,4,4,4,4,4,4,3,3,3,4,5,5,4,5,5,4,1,1,1,2,0,1,0,0,0,0,0,0,NA,4,4,4,4,2,4,4,2,2,5,2,2,NA,3,4,4,3,4,2,0,1,0,0,0,NA,4,NA,0,0,0,0,0,0,0,0,0,0,0,NA,3,3,3,2,4,4,2,3,3,3,3,3,3,3,1,1,3,3,4 9,0,0,0,1,0,0,0,0,1,0,0,3,3,4,3,2,4,3,3,3,1,10,1,4,1,4,4,4,4,4,3,4,4,4,0,0,0,1,0,0,0,NA,0,NA,NA,NA,NA,NA,NA,NA,NA,NA,4,0,0,0,1,0,0,0,0,0,NA,27,NA,11650,NA,uuid:922e75d9-3311-4354-a89d-34b9261d665d,2512142209,uuid:922e75d9-3311-4354-a89d-34b9261d665d,NA,NA,NA,NA,NA,NA,NA,NA,NA,NA
600212,S0601070132,BENISHANGUL-GUMUZ,Assosa,homosha,tsorearumela,Rural,"12/23/2025, 6:03:54 PM","12/22/2025, 12:38:25 PM","12/23/2025, 2:30:59 PM",12/22/2025,94cf2bbcc2bba848,1,T36202,NA,female,1 2 3 4,1,1,1,1,0,0,0,0,0,1,1,0,0,0,NA,3,NA,1,NA,0,NA,2017,2017,1,1,1,2,1 2,1,1,0,0,0,0,0,NA,1,NA,2 6,0,1,0,0,0,1,0,NA,1,1 2 3,1,1,1,0,0,0,NA,1 2 3 4 5 6 7 8,1,1,1,1,1,1,1,1,0,0,NA,1 4,1,0,0,1,0,0,0,0,0,0,NA,4 8,0,0,0,1,0,0,0,1,0,0,NA,2,2,2,2,2,2,2,2,2 5 7,0,1,0,0,1,0,1,0,0,0,0,0,0,NA,1,2,NA,1 4,1,0,0,1,0,0,0,0,0,0,0,0,0,NA,3,3,3,3,3,3,3,3,3,3,4,4,4,4,4,4,1,1,1,2 5,0,1,0,0,1,0,0,0,NA,3,2,2,2,2,2,2,2,2,2,2,1,NA,3,3,3,1,3,2,0,1,0,0,0,NA,1,NA,1,1,0,1,0,1,1,1,1,0,0,NA,3,3,2,2,3,1,1,3,3,3,3,3,3,3,3,3,3,3,1 3,1,0,1,0,0,0,0,0,0,0,0,3,1,3,3,1,3,3,3,3,1,10,3,3,1,3,3,1,3,3,3,3,3,1,1,0,0,0,0,0,0,NA,1,3,2,2,2,3,3,2,2,የለም,1 3,1,0,1,0,0,0,0,0,0,NA,20,NA,6500,የለም,uuid:73eea159-2917-4e4b-8b74-124d50a3e3bf,2512142209,uuid:73eea159-2917-4e4b-8b74-124d50a3e3bf,NA,NA,NA,NA,NA,NA,NA,NA,NA,NA
600212,S0601070132,BENISHANGUL-GUMUZ,Assosa,homosha,tsorearumela,Rural,"12/23/2025, 6:11:29 PM","12/23/2025, 11:54:37 AM","12/23/2025, 2:33:43 PM",12/23/2025,94cf2bbcc2bba848,1,T36203,NA,male,6 7 8,0,0,0,0,0,1,1,1,0,1,1,0,0,0,NA,3,NA,2,NA,1,NA,2007,2014,5,1,3,3,1,1,0,0,0,0,0,0,NA,1,NA,5 6,0,0,0,0,1,1,0,NA,1,1 3,1,0,1,0,0,0,NA,1 2 3 4 5 7 8 9,1,1,1,1,1,0,1,1,1,0,NA,4 8,0,0,0,1,0,0,0,1,0,0,NA,1 5,1,0,0,0,1,0,0,0,0,0,NA,2,2,2,3,2,2,2,1,1 2 3 4,1,1,1,1,0,0,0,0,0,0,0,0,0,NA,1,3,NA,1 4,1,0,0,1,0,0,0,0,0,0,0,0,0,NA,3,3,3,3,3,3,3,3,3,3,4,4,4,4,4,3,1,1,1,2 5,0,1,0,0,1,0,0,0,NA,2,2,2,2,2,2,2,2,3,2,1,2,NA,1,2,3,1,3,2,0,1,0,0,0,NA,3,NA,1,0,0,1,0,1,1,1,1,0,0,NA,3,1,1,2,3,1,1,3,3,3,3,3,3,2,3,3,3,3,1 3,1,0,1,0,0,0,0,0,0,0,0,3,2,3,3,2,3,3,3,3,1,10,3,3,2,3,3,2,3,3,3,3,3,1 4,1,0,0,1,0,0,0,NA,1,3,2,3,1,2,2,2,2,የለኝም,1 4,1,0,0,1,0,0,0,0,0,NA,35,NA,13700,የለኝም,uuid:6627066a-5095-4ea8-8be0-5717fc043915,2512142209,uuid:6627066a-5095-4ea8-8be0-5717fc043915,NA,NA,NA,NA,NA,NA,NA,NA,NA,NA
600200,S0601070142,BENISHANGUL-GUMUZ,Assosa,homosha,bamadon,Rural,"12/16/2025, 5:12:07 PM","12/16/2025, 11:26:57 AM","12/16/2025, 12:08:06 PM",12/16/2025,8.62E+14,1,T1403,NA,male,1 2 3 4,1,1,1,1,0,0,0,0,0,1,1,0,0,0,NA,1,NA,3,NA,0,NA,2017,2017,1,1,1,2,5,0,0,0,0,1,0,0,NA,1,NA,6,0,0,0,0,0,1,0,NA,1,3,0,0,1,0,0,0,NA,1 4 5,1,0,0,1,1,0,0,0,0,0,NA,4 6,0,0,0,1,0,1,0,0,0,0,NA,1 4,1,0,0,1,0,0,0,0,0,0,NA,3,3,3,1,3,3,3,2,5,0,0,0,0,1,0,0,0,0,0,0,0,0,NA,3,3,NA,1 2 3 5 6 7,1,1,1,0,1,1,1,0,0,0,0,0,0,NA,4,4,4,4,4,4,4,3,3,3,3,5,1,5,5,5,2,1,1,2,0,1,0,0,0,0,0,0,NA,4,2,2,2,2,2,2,4,2,3,2,2,NA,4,3,4,3,4,1 4,1,0,0,1,0,NA,1,NA,0,1,0,0,1,1,0,1,1,1,0,NA,3,3,3,3,4,3,3,3,3,3,3,3,3,3,3,3,3,3,1 9,1,0,0,0,0,0,0,0,1,0,0,3,3,3,3,4,4,3,3,3,1,7,4,3,4,4,4,1,3,3,2,3,3,4,0,0,0,1,0,0,0,NA,0,NA,NA,NA,NA,NA,NA,NA,NA,NA,1 4,1,0,0,1,0,0,0,0,0,NA,20,NA,7400,no,uuid:e32547bc-f39a-4ff9-ad4d-60793e858462,2512142209,uuid:e32547bc-f39a-4ff9-ad4d-60793e858462,NA,NA,NA,NA,NA,NA,NA,NA,NA,NA
600200,S0601070142,BENISHANGUL-GUMUZ,Assosa,homosha,bamadon,Rural,"12/16/2025, 6:21:40 PM","12/16/2025, 10:15:42 AM","12/16/2025, 4:59:53 PM",12/16/2025,94cf2bbcc2bba848,1,T1401,NA,female,7,0,0,0,0,0,0,1,0,0,1 97,1,0,0,1,ሶሻል ሳይንስ,2,NA,2,NA,1,NA,2013,2017,3,0,NA,NA,1 4 5,1,0,0,1,1,0,0,NA,4,NA,3 6,0,0,1,0,0,1,0,NA,1,3,0,0,1,0,0,0,NA,2 3 4 5 6 7 8 9,0,1,1,1,1,1,1,1,1,0,NA,4 5,0,0,0,1,1,0,0,0,0,0,NA,4 6,0,0,0,1,0,1,0,0,0,0,NA,2,3,2,2,2,2,2,1,2,0,1,0,0,0,0,0,0,0,0,0,0,0,NA,1,2,NA,1 3 4 5 6 7 8 9 10 11,1,0,1,1,1,1,1,1,1,1,1,0,0,NA,4,4,4,4,4,4,4,3,3,3,5,5,4,5,5,5,1,1,1,2 5,0,1,0,0,1,0,0,0,NA,4,4,4,3,3,3,4,4,2,5,1,1,NA,1,1,1,1,4,2 4,0,1,0,1,0,NA,1,NA,1,1,0,1,0,1,1,1,1,0,0,NA,4,3,2,1,4,1,1,3,3,3,3,3,3,3,3,3,3,3,4 6 7 8 9,0,0,0,1,0,1,1,1,1,0,0,4,1,4,1,1,4,3,3,3,4,10,4,4,1,4,4,4,4,4,3,4,4,1 2 4,1,1,0,1,0,0,0,NA,0,NA,NA,NA,NA,NA,NA,NA,NA,NA,1 3,1,0,1,0,0,0,0,0,0,NA,27,NA,12600,የለም,uuid:2cc23197-9322-4741-9d75-739236ab083c,2512142209,uuid:2cc23197-9322-4741-9d75-739236ab083c,NA,NA,NA,NA,NA,NA,NA,NA,NA,NA
600200,S0601070142,BENISHANGUL-GUMUZ,Assosa,homosha,bamadon,Rural,"12/16/2025, 6:21:40 PM","12/16/2025, 10:57:09 AM","12/16/2025, 5:01:00 PM",12/16/2025,94cf2bbcc2bba848,1,T1401,NA,male,7,0,0,0,0,0,0,1,0,0,97,0,0,0,1,ስፖርት ሳይንስ,1,NA,2,NA,1,NA,2018,2018,1,0,NA,NA,1 2,1,1,0,0,0,0,0,NA,5,NA,5 6,0,0,0,0,1,1,0,NA,1,1 3,1,0,1,0,0,0,NA,1 4 7,1,0,0,1,0,0,1,0,0,0,NA,1 4,1,0,0,1,0,0,0,0,0,0,NA,1 4,1,0,0,1,0,0,0,0,0,0,NA,2,2,2,3,2,1,2,2,1 2 5,1,1,0,0,1,0,0,0,0,0,0,0,0,NA,1,2,NA,1 4 5,1,0,0,1,1,0,0,0,0,0,0,0,0,NA,4,4,4,3,4,4,4,3,3,4,4,4,3,5,4,5,1,1,1,5,0,0,0,0,1,0,0,0,NA,3,2,2,2,3,3,2,2,2,2,3,2,NA,1,1,1,3,4,2,0,1,0,0,0,NA,3,NA,1,0,0,0,0,0,0,1,1,0,0,NA,4,3,1,1,4,1,1,3,3,3,3,3,3,1,1,3,3,3,1 3 5 6 8 9,1,0,1,0,1,1,0,1,1,0,0,3,2,2,1,3,3,3,3,3,4,10,4,4,3,3,3,1,3,4,2,2,3,4,0,0,0,1,0,0,0,NA,1,1,2,3,1,1,2,3,2,የለም,1,1,0,0,0,0,0,0,0,0,NA,23,NA,11666,የለም,uuid:8ccd3950-661f-4d38-9d3c-3d70e6ecd46b,2512142209,uuid:8ccd3950-661f-4d38-9d3c-3d70e6ecd46b,NA,NA,NA,NA,NA,NA,NA,NA,NA,NA
600987,S0603010262,BENISHANGUL-GUMUZ,Metekel,wombera,wogdi,Rural,"12/16/2025, 3:34:59 PM","12/15/2025, 3:14:53 PM","12/16/2025, 3:26:45 PM",12/15/2025,8.62E+14,1,T31301,NA,female,4 6 8,0,0,0,1,0,1,0,1,0,97,0,0,0,1,social science,3,NA,2,NA,1,NA,2012,2013,2,0,NA,NA,1 5,1,0,0,0,1,0,0,NA,1,NA,2 6,0,1,0,0,0,1,0,NA,1,1 2,1,1,0,0,0,0,NA,1 2 4,1,1,0,1,0,0,0,0,0,0,NA,4 8,0,0,0,1,0,0,0,1,0,0,NA,6 8,0,0,0,0,0,1,0,1,0,0,NA,4,3,2,2,3,2,3,2,1 2,1,1,0,0,0,0,0,0,0,0,0,0,0,NA,1,3,NA,2 4 8 9 10,0,1,0,1,0,0,0,1,1,1,0,0,0,NA,3,3,4,3,3,3,4,3,3,3,4,5,4,5,5,5,1,2,1,3 5,0,0,1,0,1,0,0,0,NA,3,2,2,2,4,4,4,4,3,2,2,3,NA,1,3,1,2,3,2,0,1,0,0,0,NA,2,NA,0,0,0,1,0,0,0,1,1,0,0,NA,2,2,3,1,4,2,2,1,1,3,1,3,3,1,1,3,3,3,1 5,1,0,0,0,1,0,0,0,0,0,0,2,1,2,3,1,3,2,2,2,1,6,4,2,2,4,2,3,3,3,3,4,4,2 4,0,1,0,1,0,0,0,NA,0,NA,NA,NA,NA,NA,NA,NA,NA,NA,7 8,0,0,0,0,0,0,1,1,0,NA,25,NA,14983,ylem Amesegenahalu,uuid:74e05b29-6474-4423-9693-58ec3751f6d8,2512111014,uuid:74e05b29-6474-4423-9693-58ec3751f6d8,NA,NA,NA,NA,NA,NA,NA,NA,NA,NA
600987,S0603010262,BENISHANGUL-GUMUZ,Metekel,wombera,wogdi,Rural,"12/16/2025, 3:35:08 PM","12/15/2025, 3:34:36 PM","12/16/2025, 3:33:43 PM",12/15/2025,8.62E+14,1,T31303,NA,male,1 5,1,0,0,0,1,0,0,0,0,97,0,0,0,1,Akababi Science,3,NA,2,NA,1,NA,2008,2013,3,0,NA,NA,5,0,0,0,0,1,0,0,NA,4,NA,2 5,0,1,0,0,1,0,0,NA,1,1 3,1,0,1,0,0,0,NA,4 8,0,0,0,1,0,0,0,1,0,0,NA,1 8,1,0,0,0,0,0,0,1,0,0,NA,4 6,0,0,0,1,0,1,0,0,0,0,NA,3,3,2,1,2,1,2,1,1 4 6,1,0,0,1,0,1,0,0,0,0,0,0,0,NA,1,2,NA,1 3 5 7 9,1,0,1,0,1,0,1,0,1,0,0,0,0,NA,3,4,4,3,3,4,3,2,4,3,5,5,2,5,4,4,3,2,1,4 5,0,0,0,1,1,0,0,0,NA,3,2,3,4,3,3,4,4,4,3,2,4,NA,1,2,3,2,1,1 2,1,1,0,0,0,NA,3,NA,0,1,0,1,0,1,1,1,1,0,0,NA,1,2,1,1,4,1,2,1,3,2,1,1,3,1,1,3,3,1,1 5,1,0,0,0,1,0,0,0,0,0,0,3,2,3,3,1,3,4,3,3,2,8,3,4,1,4,3,4,4,4,1,2,4,4,0,0,0,1,0,0,0,NA,1,3,2,3,1,3,3,2,1,Ylem,4 5,0,0,0,1,1,0,0,0,0,NA,24,NA,11531,ylem amesegenahalu,uuid:a120ea22-001e-4b61-aeb1-405d8d6d856c,2512111014,uuid:a120ea22-001e-4b61-aeb1-405d8d6d856c,NA,NA,NA,NA,NA,NA,NA,NA,NA,NA
600987,S0603010262,BENISHANGUL-GUMUZ,Metekel,wombera,wogdi,Rural,"12/16/2025, 3:47:02 PM","12/15/2025, 3:09:21 PM","12/16/2025, 1:31:43 PM",12/15/2025,70c2c0f162b52b0c,1,T31302,NA,female,2 8,0,1,0,0,0,0,0,1,0,2,0,1,0,0,NA,3,NA,3,NA,1,NA,2012,2015,3,0,NA,NA,5,0,0,0,0,1,0,0,NA,1,NA,2 3 6,0,1,1,0,0,1,0,NA,1,1 3,1,0,1,0,0,0,NA,2 4 5 6 7,0,1,0,1,1,1,1,0,0,0,NA,1 2,1,1,0,0,0,0,0,0,0,0,NA,1 4,1,0,0,1,0,0,0,0,0,0,NA,2,3,2,1,2,2,2,1,2 3 7 9 11,0,1,1,0,0,0,1,0,1,0,1,0,0,NA,3,4,NA,1 2 3 4 5 7 8 9 10,1,1,1,1,1,0,1,1,1,1,0,0,0,NA,3,4,4,4,4,4,3,3,3,3,5,5,4,5,5,5,1,1,1,2 5,0,1,0,0,1,0,0,0,NA,4,4,1,3,2,4,4,2,2,4,2,2,NA,4,3,4,1,4,1 2 3,1,1,1,0,0,NA,3,NA,0,1,0,0,1,0,0,1,1,0,0,NA,3,3,1,1,4,1,3,1,1,3,3,1,1,1,3,3,1,1,1 4,1,0,0,1,0,0,0,0,0,0,0,3,1,3,3,1,3,1,3,3,2,10,3,4,3,3,4,3,4,3,3,3,3,2 4,0,1,0,1,0,0,0,NA,1,3,2,3,3,2,2,3,2,Yelam,3 7,0,0,1,0,0,0,1,0,0,NA,27,NA,10409,Amsegenalehu,uuid:81e4658b-db13-4074-95ae-a7dca977bba9,2512142209,uuid:81e4658b-db13-4074-95ae-a7dca977bba9,NA,NA,NA,NA,NA,NA,NA,NA,NA,NA
600964,S0603010562,BENISHANGUL-GUMUZ,Metekel,wombera,gombobidu,Rural,"12/15/2025, 7:49:16 PM","12/15/2025, 11:40:36 AM","12/15/2025, 7:48:24 PM",12/15/2025,8.62E+14,1,T2202,NA,female,1 2 3 4 5 6,1,1,1,1,1,1,0,0,0,1,1,0,0,0,NA,1,NA,3,NA,1,NA,2017,2018,2,0,NA,NA,1 5,1,0,0,0,1,0,0,NA,1,NA,2 6,0,1,0,0,0,1,0,NA,1,1 2,1,1,0,0,0,0,NA,1 3 4,1,0,1,1,0,0,0,0,0,0,NA,4 6,0,0,0,1,0,1,0,0,0,0,NA,1 4,1,0,0,1,0,0,0,0,0,0,NA,4,4,4,1,2,2,1,1,1 4,1,0,0,1,0,0,0,0,0,0,0,0,0,NA,1,3,NA,1 2 3 4,1,1,1,1,0,0,0,0,0,0,0,0,0,NA,3,3,3,4,4,4,3,2,4,3,5,5,5,5,5,5,1,2,1,4 5,0,0,0,1,1,0,0,0,NA,4,3,3,4,4,3,4,2,2,4,2,2,NA,2,2,1,2,1,1 2,1,1,0,0,0,NA,3,NA,0,0,0,1,0,0,0,0,1,0,0,NA,1,1,1,1,3,2,2,3,3,2,3,3,3,3,1,3,3,3,1 5,1,0,0,0,1,0,0,0,0,0,0,2,1,4,3,1,3,3,1,1,1,7,3,4,2,4,4,3,3,3,3,4,4,1,1,0,0,0,0,0,0,NA,1,3,3,3,2,3,3,1,2,Ylem,4 6,0,0,0,1,0,1,0,0,0,NA,23,NA,9266,Amesegenagalu,uuid:4edb88c0-903d-40ec-8fd2-037906d0a360,2512111014,uuid:4edb88c0-903d-40ec-8fd2-037906d0a360,NA,NA,NA,NA,NA,NA,NA,NA,NA,NA
600964,S0603010562,BENISHANGUL-GUMUZ,Metekel,wombera,gombobidu,Rural,"12/15/2025, 8:13:39 PM","12/15/2025, 12:24:38 PM","12/15/2025, 8:13:23 PM",12/15/2025,70c2c0f162b52b0c,1,S2203,NA,male,4 5 6,0,0,0,1,1,1,0,0,0,2,0,1,0,0,NA,2,NA,3,NA,1,NA,2015,2015,1,1,1,3,4 5,0,0,0,1,1,0,0,NA,5,NA,2 3 6,0,1,1,0,0,1,0,NA,1,1 3,1,0,1,0,0,0,NA,4 5 6,0,0,0,1,1,1,0,0,0,0,NA,1 4,1,0,0,1,0,0,0,0,0,0,NA,4 8,0,0,0,1,0,0,0,1,0,0,NA,2,2,3,2,2,2,2,1,2 3 4 6 7 9 11,0,1,1,1,0,1,1,0,1,0,1,0,0,NA,3,4,NA,1 2 3 4 7 8 9 10,1,1,1,1,0,0,1,1,1,1,0,0,0,NA,4,4,4,4,4,4,4,3,3,3,5,5,5,5,5,5,1,1,1,2 5,0,1,0,0,1,0,0,0,NA,4,4,2,3,2,3,5,4,2,4,5,2,NA,3,3,4,1,3,1 2 3,1,1,1,0,0,NA,1,NA,0,0,0,0,0,0,0,1,1,0,0,NA,4,4,1,1,4,1,2,3,1,2,3,3,2,2,1,2,3,3,1 4,1,0,0,1,0,0,0,0,0,0,0,3,1,1,1,2,4,1,3,3,2,8,4,4,1,4,4,1,4,3,3,4,4,2 4,0,1,0,1,0,0,0,NA,1,3,2,3,3,3,3,3,2,Yelam,3 7,0,0,1,0,0,0,1,0,0,NA,24,NA,10001,Amsegenalehu,uuid:4010b19a-7a5c-415a-8d2c-09e14ce8936e,2512142209,uuid:4010b19a-7a5c-415a-8d2c-09e14ce8936e,NA,NA,NA,NA,NA,NA,NA,NA,NA,NA
600964,S0603010562,BENISHANGUL-GUMUZ,Metekel,wombera,gombobidu,Rural,"12/15/2025, 8:13:40 PM","12/15/2025, 11:44:18 AM","12/15/2025, 8:00:05 PM",12/15/2025,70c2c0f162b52b0c,1,T2201,NA,female,2 3 4 6,0,1,1,1,0,1,0,0,0,97,0,0,0,1,Mahibarawi science,3,NA,3,NA,1,NA,2011,2014,4,0,NA,NA,4 5,0,0,0,1,1,0,0,NA,1,NA,2 6,0,1,0,0,0,1,0,NA,1,3,0,0,1,0,0,0,NA,2 4 5 6,0,1,0,1,1,1,0,0,0,0,NA,2 6,0,1,0,0,0,1,0,0,0,0,NA,1 4,1,0,0,1,0,0,0,0,0,0,NA,3,3,2,2,2,2,2,1,3 5 7 8 9 11,0,0,1,0,1,0,1,1,1,0,1,0,0,NA,1,4,NA,1 2 3 4 5 6 7 8 9 10 11,1,1,1,1,1,1,1,1,1,1,1,0,0,NA,3,3,4,3,4,4,3,3,3,3,5,5,4,5,5,5,1,1,1,5,0,0,0,0,1,0,0,0,NA,4,3,3,3,2,3,5,2,2,4,2,2,NA,1,1,1,1,4,1 2 3,1,1,1,0,0,NA,3,NA,1,1,0,0,0,1,1,1,1,0,0,NA,4,4,1,1,4,1,1,3,1,2,2,3,2,2,2,2,1,1,1 3,1,0,1,0,0,0,0,0,0,0,0,2,3,3,4,1,4,1,2,1,2,10,3,1,4,4,4,3,4,4,2,4,4,2 4,0,1,0,1,0,0,0,NA,1,2,2,3,3,3,2,3,2,Yelam,7 8,0,0,0,0,0,0,1,1,0,NA,30,NA,10700,Amesegenalu,uuid:75c74436-50ff-4b4e-90d0-1f122cc9e8b9,2512142209,uuid:75c74436-50ff-4b4e-90d0-1f122cc9e8b9,NA,NA,NA,NA,NA,NA,NA,NA,NA,NA
600806,S0603040182,BENISHANGUL-GUMUZ,Metekel,mandura,ajehi,Rural,"12/3/2025, 7:45:07 PM","12/3/2025, 2:00:40 PM","12/3/2025, 7:42:42 PM",12/3/2025,8.62E+14,1,T1601,NA,female,4 5 6 7,0,0,0,1,1,1,1,0,0,97,0,0,0,1,TEFATERO SCIENCE,2,NA,2,NA,1,NA,2014,2014,1,0,NA,NA,1,1,0,0,0,0,0,0,NA,4,NA,2,0,1,0,0,0,0,0,NA,1,1,1,0,0,0,0,0,NA,1 4 6,1,0,0,1,0,1,0,0,0,0,NA,1 4,1,0,0,1,0,0,0,0,0,0,NA,3 4,0,0,1,1,0,0,0,0,0,0,NA,2,2,3,2,2,1,1,1,2 7 10,0,1,0,0,0,0,1,0,0,1,0,0,0,NA,2,2,NA,1 2 3 5,1,1,1,0,1,0,0,0,0,0,0,0,0,NA,2,1,4,4,2,3,3,1,4,4,5,4,1,4,4,4,1,2,3,2 3,0,1,1,0,0,0,0,0,NA,3,2,3,3,2,4,4,3,3,4,1,2,NA,1,1,2,2,4,2 3,0,1,1,0,0,NA,3,NA,0,0,0,0,1,0,1,1,1,0,0,NA,4,4,1,1,4,1,1,1,1,3,3,1,2,1,1,3,1,1,1 5,1,0,0,0,1,0,0,0,0,0,0,3,4,2,2,2,1,4,3,2,1,10,4,1,4,4,4,4,3,3,4,4,3,2,0,1,0,0,0,0,0,NA,0,NA,NA,NA,NA,NA,NA,NA,NA,NA,1 4,1,0,0,1,0,0,0,0,0,NA,28,NA,9980,YLEM AMESEGENAHALU,uuid:3628fc9f-79cc-4e41-bceb-435f29a35094,2512030649,uuid:3628fc9f-79cc-4e41-bceb-435f29a35094,NA,NA,NA,NA,NA,NA,NA,NA,NA,NA
600806,S0603040182,BENISHANGUL-GUMUZ,Metekel,mandura,ajehi,Rural,"12/3/2025, 7:47:41 PM","12/3/2025, 3:27:38 PM","12/3/2025, 7:44:42 PM",12/3/2025,70c2c0f162b52b0c,1,T1602,NA,male,1 2 3 4 6 7,1,1,1,1,0,1,1,0,0,97,0,0,0,1,"Gebera geb, akebabe science ,hebertesb",3,NA,2,NA,1,NA,2009,2016,3,1,1,3,5,0,0,0,0,1,0,0,NA,1,NA,2,0,1,0,0,0,0,0,NA,1,1 3,1,0,1,0,0,0,NA,4 5,0,0,0,1,1,0,0,0,0,0,NA,1 4,1,0,0,1,0,0,0,0,0,0,NA,4 6,0,0,0,1,0,1,0,0,0,0,NA,3,3,2,1,2,1,1,1,6 11,0,0,0,0,0,1,0,0,0,0,1,0,0,NA,4,4,NA,1 3 4 5 6 7 8 9 10 11,1,0,1,1,1,1,1,1,1,1,1,0,0,NA,3,3,3,3,3,3,3,3,3,4,5,5,4,5,5,5,1,1,1,2 5,0,1,0,0,1,0,0,0,NA,4,4,4,4,4,4,4,3,1,4,2,2,NA,3,3,3,4,3,1 2 4,1,1,0,1,0,NA,2,NA,0,0,1,1,0,1,0,1,1,1,0,NA,3,3,1,1,4,1,1,3,1,2,3,1,2,1,1,2,1,1,3 4,0,0,1,1,0,0,0,0,0,0,0,3,1,4,3,1,4,4,1,3,1,6,3,3,3,4,3,3,2,4,3,3,3,2 4 5,0,1,0,1,1,0,0,NA,1,2,3,3,2,3,2,2,2,yelam,3 4,0,0,1,1,0,0,0,0,0,NA,30,NA,11500,Yelam,uuid:22b12d29-d251-4ef9-b1cd-a4e27080f9c8,2512030649,uuid:22b12d29-d251-4ef9-b1cd-a4e27080f9c8,NA,NA,NA,NA,NA,NA,NA,NA,NA,NA
600806,S0603040182,BENISHANGUL-GUMUZ,Metekel,mandura,ajehi,Rural,"12/3/2025, 7:47:43 PM","12/3/2025, 2:07:25 PM","12/3/2025, 7:14:09 PM",12/3/2025,70c2c0f162b52b0c,1,T1603,NA,female,1 2 5 7,1,1,0,0,1,0,1,0,0,1,1,0,0,0,NA,3,NA,3,NA,1,NA,2014,2016,2,0,NA,NA,1 4 5,1,0,0,1,1,0,0,NA,1,NA,4 5 6,0,0,0,1,1,1,0,NA,1,2 3 5,0,1,1,0,1,0,NA,2 3 4 5 6,0,1,1,1,1,1,0,0,0,0,NA,4 6,0,0,0,1,0,1,0,0,0,0,NA,3 5,0,0,1,0,1,0,0,0,0,0,NA,4,2,2,2,3,1,1,1,2 3 4 8 9 11,0,1,1,1,0,0,0,1,1,0,1,0,0,NA,4,4,NA,1 2 3 4 5 6 7 8 9 10 11,1,1,1,1,1,1,1,1,1,1,1,0,0,NA,3,3,3,3,3,3,3,4,3,3,5,4,4,5,5,4,1,1,1,2 5,0,1,0,0,1,0,0,0,NA,4,4,2,3,2,4,2,2,2,2,2,2,NA,3,1,2,4,4,1 2 3,1,1,1,0,0,NA,3,NA,1,0,0,0,0,1,1,1,0,0,0,NA,3,4,2,1,3,1,1,3,1,2,2,3,2,1,1,3,3,1,1 5,1,0,0,0,1,0,0,0,0,0,0,4,1,4,1,1,4,1,3,3,4,8,3,3,4,3,4,1,4,4,2,4,4,2 4,0,1,0,1,0,0,0,NA,1,2,2,3,2,2,3,2,2,Yelam,3 7,0,0,1,0,0,0,1,0,0,NA,25,NA,10001,"Yelam , amsegenalehu",uuid:12c70ee6-1f8c-40b8-813b-9c1effd7717d,2512030649,uuid:12c70ee6-1f8c-40b8-813b-9c1effd7717d,NA,NA,NA,NA,NA,NA,NA,NA,NA,NA
600816,S0603040252,BENISHANGUL-GUMUZ,Metekel,mandura,duhanzbeguna,Rural,"12/17/2025, 5:49:16 PM","12/17/2025, 3:39:54 PM","12/17/2025, 4:48:46 PM",12/17/2025,8.62E+14,1,T1703,NA,female,2 3 4,0,1,1,1,0,0,0,0,0,97,0,0,0,1,civics and ethical education,3,NA,2,NA,1,NA,2014,2015,2,0,NA,NA,5,0,0,0,0,1,0,0,NA,1,NA,6,0,0,0,0,0,1,0,NA,1,1,1,0,0,0,0,0,NA,2 4 7,0,1,0,1,0,0,1,0,0,0,NA,2 5,0,1,0,0,1,0,0,0,0,0,NA,1 2,1,1,0,0,0,0,0,0,0,0,NA,1,2,2,1,2,2,1,1,1 4,1,0,0,1,0,0,0,0,0,0,0,0,0,NA,1,4,NA,3 4 8 10 11,0,0,1,1,0,0,0,1,0,1,1,0,0,NA,2,3,1,1,4,4,3,2,4,2,4,3,1,5,4,3,2,1,1,1 4,1,0,0,1,0,0,0,0,NA,3,2,3,2,2,3,2,4,2,2,2,4,NA,1,2,3,1,4,2,0,1,0,0,0,NA,5,NA,1,1,0,1,0,1,1,1,1,0,0,NA,4,3,1,1,4,2,3,1,3,1,2,3,2,3,2,1,3,1,4 11,0,0,0,1,0,0,0,0,0,0,1,3,4,2,3,2,4,3,1,1,2,8,4,1,4,4,3,3,3,3,1,3,4,4,0,0,0,1,0,0,0,NA,1,3,2,3,3,3,2,1,1,ylem,4 7,0,0,0,1,0,0,1,0,0,NA,27,NA,9800,ylem amesegenahalu,uuid:b716fcd6-cde1-4744-a436-e64e1ee307b6,2512142209,uuid:b716fcd6-cde1-4744-a436-e64e1ee307b6,NA,NA,NA,NA,NA,NA,NA,NA,NA,NA
600816,S0603040252,BENISHANGUL-GUMUZ,Metekel,mandura,duhanzbeguna,Rural,"12/17/2025, 5:49:18 PM","12/17/2025, 9:25:03 AM","12/17/2025, 12:35:44 PM",12/17/2025,8.62E+14,1,T1702,NA,male,7 8,0,0,0,0,0,0,1,1,0,97,0,0,0,1,Mathematics ena ICT,4,NA,5,NA,1,NA,2006,2012,3,0,NA,NA,5,0,0,0,0,1,0,0,NA,1,NA,2 6,0,1,0,0,0,1,0,NA,1,1 3,1,0,1,0,0,0,NA,2 3 4 5 7,0,1,1,1,1,0,1,0,0,0,NA,1 4,1,0,0,1,0,0,0,0,0,0,NA,4 6,0,0,0,1,0,1,0,0,0,0,NA,4,2,2,1,1,1,2,2,1 4,1,0,0,1,0,0,0,0,0,0,0,0,0,NA,1,4,NA,2 3 8 9 10 11,0,1,1,0,0,0,0,1,1,1,1,0,0,NA,2,1,3,1,3,4,4,2,3,1,5,1,4,5,5,4,1,1,1,2 3 4,0,1,1,1,0,0,0,0,NA,4,3,2,4,3,3,5,2,2,4,2,4,NA,2,1,3,3,4,1 2,1,1,0,0,0,NA,3,NA,0,1,0,1,1,1,1,0,1,0,0,NA,4,4,2,1,4,2,3,1,1,1,1,1,2,1,1,3,3,3,3 6,0,0,1,0,0,1,0,0,0,0,0,4,3,3,3,4,3,4,1,1,2,8,4,2,4,3,4,4,2,3,2,4,4,4,0,0,0,1,0,0,0,NA,1,2,2,3,1,1,1,2,1,ylem,4 6,0,0,0,1,0,1,0,0,0,NA,33,NA,13300,ylem Amesegenahalu,uuid:cb93b50a-b7bd-49ce-b115-d75237a050cb,2512142209,uuid:cb93b50a-b7bd-49ce-b115-d75237a050cb,NA,NA,NA,NA,NA,NA,NA,NA,NA,NA
600816,S0603040252,BENISHANGUL-GUMUZ,Metekel,mandura,duhanzbeguna,Rural,"12/17/2025, 5:49:19 PM","12/17/2025, 8:03:42 AM","12/17/2025, 12:45:09 PM",12/17/2025,8.62E+14,1,T1701,NA,female,1 3 4 5,1,0,1,1,1,0,0,0,0,1,1,0,0,0,NA,3,NA,2,NA,1,NA,2007,2016,3,1,1,3,5,0,0,0,0,1,0,0,NA,4,NA,2 6,0,1,0,0,0,1,0,NA,1,1,1,0,0,0,0,0,NA,2 4 7,0,1,0,1,0,0,1,0,0,0,NA,4 6,0,0,0,1,0,1,0,0,0,0,NA,2 6,0,1,0,0,0,1,0,0,0,0,NA,4,1,2,1,3,2,1,1,1 7 10,1,0,0,0,0,0,1,0,0,1,0,0,0,NA,1,3,NA,1 3 4 5 6 9 10 11,1,0,1,1,1,1,0,0,1,1,1,0,0,NA,3,4,3,2,4,4,4,1,4,2,2,1,2,5,5,3,2,1,2,4 5,0,0,0,1,1,0,0,0,NA,2,2,2,4,4,3,2,4,2,4,2,2,NA,2,1,2,2,3,1 2,1,1,0,0,0,NA,4,NA,1,1,0,1,0,1,1,1,1,0,0,NA,4,3,1,1,4,2,3,1,1,1,2,1,3,1,1,3,1,1,4 9,0,0,0,1,0,0,0,0,1,0,0,3,3,2,3,2,4,3,1,1,2,7,3,1,4,4,3,3,3,3,2,3,4,4,0,0,0,1,0,0,0,NA,1,2,2,3,2,1,2,2,1,ylem,3 4,0,0,1,1,0,0,0,0,0,NA,31,NA,11495,Ylem amesegenahalu,uuid:92701776-44db-4441-9cba-357d7c16d1b2,2512142209,uuid:92701776-44db-4441-9cba-357d7c16d1b2,NA,NA,NA,NA,NA,NA,NA,NA,NA,NA
600746,S0603050292,BENISHANGUL-GUMUZ,Metekel,dibati,kidoh,Rural,"12/10/2025, 7:26:46 AM","12/8/2025, 11:57:40 AM","12/9/2025, 5:02:38 PM",12/8/2025,70c2c0f162b52b0c,1,T1203,NA,female,9,0,0,0,0,0,0,0,0,1,3,0,0,1,0,NA,1,NA,1,NA,0,NA,2009,2015,2,0,NA,NA,2,0,1,0,0,0,0,0,NA,1,NA,2 5 6,0,1,0,0,1,1,0,NA,1,1 3,1,0,1,0,0,0,NA,2 5 7,0,1,0,0,1,0,1,0,0,0,NA,5 6,0,0,0,0,1,1,0,0,0,0,NA,4 6,0,0,0,1,0,1,0,0,0,0,NA,2,2,2,1,2,1,2,1,3 4 7 9 11,0,0,1,1,0,0,1,0,1,0,1,0,0,NA,1,2,NA,1 2 3 4 5 6 7 8 10,1,1,1,1,1,1,1,1,0,1,0,0,0,NA,4,4,4,4,4,4,3,3,2,3,5,5,4,5,5,4,2,1,1,2 5,0,1,0,0,1,0,0,0,NA,3,3,1,2,1,3,3,2,2,4,2,1,NA,2,2,2,3,4,1 3 4,1,0,1,1,0,NA,4,NA,1,1,0,1,0,1,1,1,1,0,0,NA,4,4,1,2,4,1,3,1,1,2,1,1,2,2,1,1,1,1,3 5,0,0,1,0,1,0,0,0,0,0,0,1,3,3,1,2,2,4,2,2,2,8,2,4,4,4,4,3,4,4,3,3,3,1 2 4,1,1,0,1,0,0,0,NA,1,1,1,3,1,3,2,2,2,Yelam,2 4,0,1,0,1,0,0,0,0,0,NA,30,NA,7500,Amsegnalehu,uuid:8fafe786-f01e-4268-b7ea-32363309fb16,2512040829,uuid:8fafe786-f01e-4268-b7ea-32363309fb16,NA,NA,NA,NA,NA,NA,NA,NA,NA,NA
600746,S0603050292,BENISHANGUL-GUMUZ,Metekel,dibati,kidoh,Rural,"12/10/2025, 7:26:48 AM","12/8/2025, 11:41:26 AM","12/9/2025, 5:22:49 PM",12/8/2025,70c2c0f162b52b0c,1,T1202,NA,male,1 2 3 5,1,1,1,0,1,0,0,0,0,1,1,0,0,0,NA,3,NA,2,NA,1,NA,2012,2017,2,0,NA,NA,5,0,0,0,0,1,0,0,NA,1,NA,2 6,0,1,0,0,0,1,0,NA,1,1 3,1,0,1,0,0,0,NA,2 4 5,0,1,0,1,1,0,0,0,0,0,NA,4 6,0,0,0,1,0,1,0,0,0,0,NA,1 4,1,0,0,1,0,0,0,0,0,0,NA,2,2,3,2,2,2,2,2,3 7 9 11,0,0,1,0,0,0,1,0,1,0,1,0,0,NA,3,2,NA,1 3 4 6 7 8 9 10,1,0,1,1,0,1,1,1,1,1,0,0,0,NA,3,3,3,3,3,3,4,3,3,3,5,4,5,5,5,5,2,2,1,2 5,0,1,0,0,1,0,0,0,NA,3,3,2,2,1,2,2,2,2,3,2,2,NA,3,3,3,1,4,1 2 3,1,1,1,0,0,NA,4,NA,1,1,1,1,1,1,1,1,1,0,0,NA,3,3,2,1,4,1,3,1,1,2,1,1,2,3,1,1,1,1,4 11,0,0,0,1,0,0,0,0,0,0,1,1,4,1,1,2,2,4,1,1,2,7,4,3,3,3,3,3,3,3,3,3,3,2 3 4,0,1,1,1,0,0,0,NA,1,2,2,2,1,3,2,2,2,Yelam,3 5,0,0,1,0,1,0,0,0,0,NA,39,NA,10000,Amsegenalehu,uuid:44289a9b-3b20-4f48-9d04-b7d7b76cb0e3,2512040829,uuid:44289a9b-3b20-4f48-9d04-b7d7b76cb0e3,NA,NA,NA,NA,NA,NA,NA,NA,NA,NA
600746,S0603050292,BENISHANGUL-GUMUZ,Metekel,dibati,kidoh,Rural,"12/10/2025, 7:26:50 AM","12/8/2025, 11:03:24 AM","12/9/2025, 5:47:15 PM",12/8/2025,70c2c0f162b52b0c,1,T1201,NA,male,2 3 4 5 6,0,1,1,1,1,1,0,0,0,1 2,1,1,0,0,NA,2,NA,5,NA,0,NA,2017,2018,2,0,NA,NA,5,0,0,0,0,1,0,0,NA,1,NA,6,0,0,0,0,0,1,0,NA,1,1 3,1,0,1,0,0,0,NA,2 3 4 5 6 7,0,1,1,1,1,1,1,0,0,0,NA,4 8,0,0,0,1,0,0,0,1,0,0,NA,1 6,1,0,0,0,0,1,0,0,0,0,NA,2,2,3,2,1,3,2,2,2 4 6 7 9 11,0,1,0,1,0,1,1,0,1,0,1,0,0,NA,0,2,NA,1 3 6 7 8 9,1,0,1,0,0,1,1,1,1,0,0,0,0,NA,3,3,3,3,4,4,3,2,2,2,5,4,4,4,4,5,2,1,1,2 5,0,1,0,0,1,0,0,0,NA,3,3,3,3,2,3,2,2,2,2,1,2,NA,3,3,3,1,4,2 3 4,0,1,1,1,0,NA,3,NA,1,0,0,1,0,1,1,1,1,0,0,NA,3,3,2,1,4,4,3,2,1,1,2,1,2,1,1,1,1,1,3 8,0,0,1,0,0,0,0,1,0,0,0,2,3,2,1,2,3,2,3,3,2,9,2,4,1,4,4,2,4,3,4,4,4,2 4,0,1,0,1,0,0,0,NA,1,2,2,3,2,3,2,2,2,Yelam,3 7,0,0,1,0,0,0,1,0,0,NA,35,NA,9200,Amsegenalehu,uuid:2aee388e-649b-48e7-a978-846b3180fbe0,2512040829,uuid:2aee388e-649b-48e7-a978-846b3180fbe0,NA,NA,NA,NA,NA,NA,NA,NA,NA,NA
601185,S0603050432,BENISHANGUL-GUMUZ,Metekel,dibati,gipo,Rural,"12/10/2025, 5:48:30 PM","12/10/2025, 9:36:50 AM","12/10/2025, 5:33:09 PM",12/10/2025,70c2c0f162b52b0c,1,S31203,NA,female,1 4 7,1,0,0,1,0,0,1,0,0,97,0,0,0,1,Mahebarawi science,2,NA,5,NA,0,NA,2015,2015,1,0,NA,NA,5,0,0,0,0,1,0,0,NA,1,NA,2 6,0,1,0,0,0,1,0,NA,1,3,0,0,1,0,0,0,NA,2 4,0,1,0,1,0,0,0,0,0,0,NA,1 8,1,0,0,0,0,0,0,1,0,0,NA,5 8,0,0,0,0,1,0,0,1,0,0,NA,3,2,2,2,1,2,2,1,3 6,0,0,1,0,0,1,0,0,0,0,0,0,0,NA,2,2,NA,4,0,0,0,1,0,0,0,0,0,0,0,0,0,NA,4,3,4,4,3,4,3,3,2,3,5,5,4,4,4,5,1,1,1,2 5,0,1,0,0,1,0,0,0,NA,3,2,2,2,2,3,4,4,4,4,4,2,NA,2,2,2,2,2,1 2 3,1,1,1,0,0,NA,3,NA,1,1,0,1,1,1,1,1,1,1,0,NA,3,3,3,3,3,3,3,3,1,1,1,3,3,3,3,3,3,2,2 3,0,1,1,0,0,0,0,0,0,0,0,3,3,3,3,3,3,3,1,1,2,9,4,4,4,4,4,4,3,3,3,3,3,2,0,1,0,0,0,0,0,NA,0,NA,NA,NA,NA,NA,NA,NA,NA,NA,2,0,1,0,0,0,0,0,0,0,NA,27,NA,10700,Amsegenalehu,uuid:4fcd6f56-2d8d-4dbe-8292-629aa7aa90ba,2512040829,uuid:4fcd6f56-2d8d-4dbe-8292-629aa7aa90ba,NA,NA,NA,NA,NA,NA,NA,NA,NA,NA
601185,S0603050432,BENISHANGUL-GUMUZ,Metekel,dibati,gipo,Rural,"12/10/2025, 5:48:31 PM","12/9/2025, 3:40:48 PM","12/10/2025, 5:33:24 PM",12/9/2025,70c2c0f162b52b0c,1,T31201,NA,female,1 7 8,1,0,0,0,0,0,1,1,0,97,0,0,0,1,Mahibarawi science,3,NA,2,NA,1,NA,2011,2017,3,1,1,3,5,0,0,0,0,1,0,0,NA,1,NA,2 3 6,0,1,1,0,0,1,0,NA,1,1 3,1,0,1,0,0,0,NA,2 4 5 6 7,0,1,0,1,1,1,1,0,0,0,NA,4 8,0,0,0,1,0,0,0,1,0,0,NA,4 8,0,0,0,1,0,0,0,1,0,0,NA,3,3,2,2,2,1,1,1,2 6 7 8 9 11,0,1,0,0,0,1,1,1,1,0,1,0,0,NA,3,3,NA,1 2 3 4 5 6 7 8 9 10,1,1,1,1,1,1,1,1,1,1,0,0,0,NA,4,4,4,3,4,4,3,3,2,3,5,5,5,5,5,4,1,2,1,2 5,0,1,0,0,1,0,0,0,NA,3,4,2,2,2,3,5,3,2,4,2,2,NA,2,2,2,1,4,1 2 3,1,1,1,0,0,NA,2,NA,1,1,0,1,0,1,0,1,1,0,0,NA,3,3,1,1,4,1,3,3,1,2,3,1,2,1,1,1,1,1,4 9,0,0,0,1,0,0,0,0,1,0,0,1,2,3,1,1,4,1,2,2,2,9,2,3,3,3,4,3,4,4,3,4,3,2 4,0,1,0,1,0,0,0,NA,1,2,3,3,2,3,2,3,2,Akababew Ye selam chiger,7 8,0,0,0,0,0,0,1,1,0,NA,28,NA,10700,Sele Kale meteyeku amsegenalehu,uuid:a82b935e-882f-428b-b6e2-1191bf277ffb,2512040829,uuid:a82b935e-882f-428b-b6e2-1191bf277ffb,NA,NA,NA,NA,NA,NA,NA,NA,NA,NA
601185,S0603050432,BENISHANGUL-GUMUZ,Metekel,dibati,gipo,Rural,"12/10/2025, 6:07:21 PM","12/9/2025, 4:25:01 PM","12/10/2025, 5:37:37 PM",12/9/2025,8.62E+14,1,T31202,NA,male,7 8,0,0,0,0,0,0,1,1,0,97,0,0,0,1,Akababi science,2,NA,2,NA,1,NA,2015,2015,1,1,1,3,1 5,1,0,0,0,1,0,0,NA,1,NA,2 6,0,1,0,0,0,1,0,NA,1,1 3,1,0,1,0,0,0,NA,1 4 5,1,0,0,1,1,0,0,0,0,0,NA,5 8,0,0,0,0,1,0,0,1,0,0,NA,4 5,0,0,0,1,1,0,0,0,0,0,NA,2,3,3,1,4,3,1,2,1 2,1,1,0,0,0,0,0,0,0,0,0,0,0,NA,3,3,NA,1 2 3 5 6 11,1,1,1,0,1,1,0,0,0,0,1,0,0,NA,4,4,4,3,4,4,3,3,4,4,4,4,2,4,3,4,3,2,3,2 4,0,1,0,1,0,0,0,0,NA,3,2,2,3,3,3,3,3,4,2,2,4,NA,1,1,2,2,3,2,0,1,0,0,0,NA,3,NA,0,0,1,1,1,0,1,1,1,0,0,NA,1,1,2,1,4,1,2,1,1,3,1,1,3,1,1,3,3,1,1 5,1,0,0,0,1,0,0,0,0,0,0,2,2,3,2,1,2,2,1,1,4,5,4,3,2,4,3,3,3,4,3,3,3,2 4,0,1,0,1,0,0,0,NA,1,3,2,2,2,3,3,3,1,ylem,4 6,0,0,0,1,0,1,0,0,0,NA,31,NA,9981,Amesegenahalu,uuid:a425de24-58af-4f22-97f7-ebdeea785355,2512040829,uuid:a425de24-58af-4f22-97f7-ebdeea785355,NA,NA,NA,NA,NA,NA,NA,NA,NA,NA
600683,S0603060142,BENISHANGUL-GUMUZ,Metekel,dangur,borenja,Rural,"12/5/2025, 9:17:14 PM","12/5/2025, 10:32:18 AM","12/5/2025, 9:16:34 PM",12/5/2025,70c2c0f162b52b0c,1,T1101,NA,male,2 4 5 7 8,0,1,0,1,1,0,1,1,0,2 97,0,1,0,1,Information technology teacher,3,NA,2,NA,1,NA,2012,2016,3,0,NA,NA,5,0,0,0,0,1,0,0,NA,5,NA,6,0,0,0,0,0,1,0,NA,1,1 3 5,1,0,1,0,1,0,NA,1 2 4 5 6,1,1,0,1,1,1,0,0,0,0,NA,4 7,0,0,0,1,0,0,1,0,0,0,NA,4 6,0,0,0,1,0,1,0,0,0,0,NA,3,4,3,1,1,2,3,1,2 3 7 8 9 11,0,1,1,0,0,0,1,1,1,0,1,0,0,NA,3,2,NA,1 2 3 4 5 7 8 9 10 11,1,1,1,1,1,0,1,1,1,1,1,0,0,NA,4,4,4,3,4,4,4,4,4,4,5,5,2,4,4,4,2,1,1,2 5,0,1,0,0,1,0,0,0,NA,4,4,3,2,2,3,5,2,2,5,4,2,NA,1,1,1,1,4,1 2 3 4,1,1,1,1,0,NA,1,NA,0,0,0,1,0,1,0,1,1,0,0,NA,4,3,1,1,4,1,1,3,3,3,3,3,2,1,1,3,3,2,3 6,0,0,1,0,0,1,0,0,0,0,0,1,1,1,1,1,4,1,3,3,2,10,1,4,1,4,4,1,4,4,3,4,4,1 2 4,1,1,0,1,0,0,0,NA,0,NA,NA,NA,NA,NA,NA,NA,NA,NA,3 4,0,0,1,1,0,0,0,0,0,NA,26,NA,10700,Temhert betu yetaleyeya degafe alemegegnete,uuid:73ed111f-cbe2-4f74-965b-71ec0e624867,2512030649,uuid:73ed111f-cbe2-4f74-965b-71ec0e624867,NA,NA,NA,NA,NA,NA,NA,NA,NA,NA
600683,S0603060142,BENISHANGUL-GUMUZ,Metekel,dangur,borenja,Rural,"12/5/2025, 9:42:52 PM","12/5/2025, 10:29:46 AM","12/5/2025, 9:13:12 PM",12/5/2025,8.62E+14,1,T1102,NA,female,1 2 3 6 7 8,1,1,1,0,0,1,1,1,0,97,0,0,0,1,akababi scince,3,NA,3,NA,1,NA,2009,2016,4,1,3,3,1,1,0,0,0,0,0,0,NA,1,NA,2 5,0,1,0,0,1,0,0,NA,1,1 3,1,0,1,0,0,0,NA,3 4 6,0,0,1,1,0,1,0,0,0,0,NA,4 5,0,0,0,1,1,0,0,0,0,0,NA,4 6,0,0,0,1,0,1,0,0,0,0,NA,2,2,2,1,3,3,2,4,1 3,1,0,1,0,0,0,0,0,0,0,0,0,0,NA,4,2,NA,2 3 5,0,1,1,0,1,0,0,0,0,0,0,0,0,NA,4,1,3,2,3,3,3,2,3,3,5,4,2,4,4,4,2,1,1,2 5,0,1,0,0,1,0,0,0,NA,2,2,3,2,2,3,2,3,2,4,2,3,NA,1,2,1,1,3,2,0,1,0,0,0,NA,3,NA,0,1,0,0,0,0,0,1,1,1,0,NA,1,1,3,1,3,1,3,3,1,3,3,3,2,1,1,3,3,1,1 8,1,0,0,0,0,0,0,1,0,0,0,1,1,3,3,1,3,1,3,1,1,8,4,4,1,4,3,1,3,3,2,2,2,2 4,0,1,0,1,0,0,0,NA,1,2,2,3,3,3,2,2,2,ylem,2 4,0,1,0,1,0,0,0,0,0,NA,28,NA,12358,ylem amsegenahalu,uuid:e4967e8e-8821-44b4-9ecd-2cea5f246648,2512040829,uuid:e4967e8e-8821-44b4-9ecd-2cea5f246648,NA,NA,NA,NA,NA,NA,NA,NA,NA,NA
600683,S0603060142,BENISHANGUL-GUMUZ,Metekel,dangur,borenja,Rural,"12/5/2025, 9:43:04 PM","12/5/2025, 11:09:16 AM","12/5/2025, 9:22:32 PM",12/5/2025,8.62E+14,1,T1103,NA,female,1 2 3 4 5 6 7 8,1,1,1,1,1,1,1,1,0,1,1,0,0,0,NA,1,NA,2,NA,1,NA,2014,2018,3,0,NA,NA,1,1,0,0,0,0,0,0,NA,1,NA,2 5,0,1,0,0,1,0,0,NA,1,3,0,0,1,0,0,0,NA,3 4 5,0,0,1,1,1,0,0,0,0,0,NA,4 5,0,0,0,1,1,0,0,0,0,0,NA,4 6,0,0,0,1,0,1,0,0,0,0,NA,2,2,2,1,2,3,3,2,1 3,1,0,1,0,0,0,0,0,0,0,0,0,0,NA,4,2,NA,2 3 4,0,1,1,1,0,0,0,0,0,0,0,0,0,NA,2,3,3,1,2,4,2,3,3,2,4,4,3,4,2,4,2,1,1,2 5,0,1,0,0,1,0,0,0,NA,3,2,4,4,2,3,4,4,4,2,3,3,NA,1,1,1,1,3,2,0,1,0,0,0,NA,3,NA,0,1,0,0,1,0,1,1,1,0,0,NA,1,1,1,1,4,1,1,3,3,3,3,1,2,1,1,3,3,2,5 8,0,0,0,0,1,0,0,1,0,0,0,3,1,1,3,1,4,1,3,3,1,7,3,4,1,3,3,1,3,3,2,3,3,2 4,0,1,0,1,0,0,0,NA,0,NA,NA,NA,NA,NA,NA,NA,NA,NA,1 3,1,0,1,0,0,0,0,0,0,NA,25,NA,9700,amesegenehalu,uuid:2f88b37f-3fe7-4477-8ab5-226256f005c5,2512040829,uuid:2f88b37f-3fe7-4477-8ab5-226256f005c5,NA,NA,NA,NA,NA,NA,NA,NA,NA,NA
600668,S0603060212,BENISHANGUL-GUMUZ,Metekel,dangur,anekasha gebreal,Rural,"12/13/2025, 10:25:01 AM","12/12/2025, 4:07:58 PM","12/13/2025, 10:19:36 AM",12/12/2025,8.62E+14,1,T901,NA,female,6 7,0,0,0,0,0,1,1,0,0,1,1,0,0,0,NA,1,NA,2,NA,1,NA,2014,2015,2,1,1,2,1 5,1,0,0,0,1,0,0,NA,1,NA,2,0,1,0,0,0,0,0,NA,1,1 3,1,0,1,0,0,0,NA,3 4 7,0,0,1,1,0,0,1,0,0,0,NA,4 6,0,0,0,1,0,1,0,0,0,0,NA,2 4,0,1,0,1,0,0,0,0,0,0,NA,2,2,2,1,2,1,1,1,1 5 6,1,0,0,0,1,1,0,0,0,0,0,0,0,NA,4,4,NA,2 3 5 6 8 9 10 11,0,1,1,0,1,1,0,1,1,1,1,0,0,NA,4,4,3,3,3,4,3,2,3,4,4,4,2,5,4,5,2,1,1,2 5,0,1,0,0,1,0,0,0,NA,2,4,4,4,2,4,3,2,5,5,2,3,NA,2,1,1,1,3,2,0,1,0,0,0,NA,3,NA,0,0,0,0,1,1,1,0,1,1,0,NA,1,3,2,1,3,1,3,1,3,3,3,3,3,3,3,3,3,3,1 5,1,0,0,0,1,0,0,0,0,0,0,2,2,1,2,1,4,1,3,3,1,8,4,4,2,4,4,3,3,3,2,4,4,4,0,0,0,1,0,0,0,NA,1,3,3,3,3,2,2,2,1,YLEM,2 3,0,1,1,0,0,0,0,0,0,NA,25,NA,9971,AMESEGENAHALU,uuid:698d39af-498b-4cea-8918-1ced39eb7e23,2512111014,uuid:698d39af-498b-4cea-8918-1ced39eb7e23,NA,NA,NA,NA,NA,NA,NA,NA,NA,NA
600668,S0603060212,BENISHANGUL-GUMUZ,Metekel,dangur,anekasha gebreal,Rural,"12/13/2025, 10:25:03 AM","12/12/2025, 5:10:12 PM","12/13/2025, 10:24:11 AM",12/12/2025,8.62E+14,1,T903,NA,female,1 3 4,1,0,1,1,0,0,0,0,0,97,0,0,0,1,Akababi Science,3,NA,2,NA,1,NA,2010,2012,3,0,NA,NA,1 5,1,0,0,0,1,0,0,NA,1,NA,2 6,0,1,0,0,0,1,0,NA,1,1 3,1,0,1,0,0,0,NA,3 4 7,0,0,1,1,0,0,1,0,0,0,NA,4 5,0,0,0,1,1,0,0,0,0,0,NA,4 8,0,0,0,1,0,0,0,1,0,0,NA,2,2,3,1,3,3,2,1,1 3 5,1,0,1,0,1,0,0,0,0,0,0,0,0,NA,4,2,NA,1 2 3 4 7 8 10,1,1,1,1,0,0,1,1,0,1,0,0,0,NA,2,4,4,3,3,4,4,4,4,4,5,5,2,5,4,5,1,2,1,1 5,1,0,0,0,1,0,0,0,NA,2,3,3,3,2,3,2,4,4,3,3,3,NA,1,1,2,2,2,2,0,1,0,0,0,NA,3,NA,0,0,1,0,1,0,0,1,1,1,0,NA,1,1,1,1,4,1,1,3,1,3,3,1,3,3,1,3,3,3,1 8,1,0,0,0,0,0,0,1,0,0,0,2,2,1,2,3,4,1,3,3,2,10,4,4,1,4,4,1,3,4,2,3,4,2 4,0,1,0,1,0,0,0,NA,1,3,3,3,3,3,2,2,1,ylem,4 7,0,0,0,1,0,0,1,0,0,NA,26,NA,10704,ylem amesegenahalu,uuid:20cd318e-e783-4736-8e3b-ff4b80c49907,2512111014,uuid:20cd318e-e783-4736-8e3b-ff4b80c49907,NA,NA,NA,NA,NA,NA,NA,NA,NA,NA
600668,S0603060212,BENISHANGUL-GUMUZ,Metekel,dangur,anekasha gebreal,Rural,"12/13/2025, 1:05:34 PM","12/12/2025, 4:27:40 PM","12/13/2025, 10:33:49 AM",12/12/2025,70c2c0f162b52b0c,1,T902,NA,male,5 8,0,0,0,0,1,0,0,1,0,1,1,0,0,0,NA,3,NA,2,NA,1,NA,2013,2017,2,0,NA,NA,4 5,0,0,0,1,1,0,0,NA,1,NA,5 6,0,0,0,0,1,1,0,NA,1,3,0,0,1,0,0,0,NA,2 3 4 5 6,0,1,1,1,1,1,0,0,0,0,NA,4 6,0,0,0,1,0,1,0,0,0,0,NA,1 4,1,0,0,1,0,0,0,0,0,0,NA,3,2,3,2,2,2,2,1,2 3 5 6 7 11,0,1,1,0,1,1,1,0,0,0,1,0,0,NA,1,4,NA,1 2 3 4 5 6 7 8 9 10 11,1,1,1,1,1,1,1,1,1,1,1,0,0,NA,4,4,4,4,4,4,4,4,3,4,5,5,5,5,5,5,1,1,1,2 5,0,1,0,0,1,0,0,0,NA,4,4,3,4,3,4,4,4,2,5,2,2,NA,1,1,1,1,4,1 2 3,1,1,1,0,0,NA,1,NA,1,1,0,1,0,0,0,1,0,0,0,NA,3,4,1,1,4,1,1,1,1,1,1,1,1,1,1,3,3,1,1 6,1,0,0,0,0,1,0,0,0,0,0,1,1,1,1,1,1,1,1,1,1,9,1,4,3,3,4,1,4,4,3,4,4,2 4,0,1,0,1,0,0,0,NA,1,2,2,3,2,3,2,3,3,Yelam,3 7,0,0,1,0,0,0,1,0,0,NA,26,NA,9971,Yelam,uuid:3ea1eb9e-e010-4139-bb00-2e6b81a97f39,2512111014,uuid:3ea1eb9e-e010-4139-bb00-2e6b81a97f39,NA,NA,NA,NA,NA,NA,NA,NA,NA,NA
600675,S0603060472,BENISHANGUL-GUMUZ,Metekel,dangur,bakusta,Rural,"12/8/2025, 6:50:16 PM","12/5/2025, 4:47:57 PM","12/8/2025, 6:49:38 PM",12/5/2025,70c2c0f162b52b0c,1,T1002,NA,female,2 3 4 6,0,1,1,1,0,1,0,0,0,1 97,1,0,0,1,"Gebera gebe , sena tebib",3,NA,2,NA,1,NA,2010,2017,3,1,1,3,4 5,0,0,0,1,1,0,0,NA,1,NA,2 3 6,0,1,1,0,0,1,0,NA,1,1 3,1,0,1,0,0,0,NA,2 4 5 7,0,1,0,1,1,0,1,0,0,0,NA,4 6,0,0,0,1,0,1,0,0,0,0,NA,1 4,1,0,0,1,0,0,0,0,0,0,NA,1,2,2,2,1,1,2,1,2 3 4 7 11,0,1,1,1,0,0,1,0,0,0,1,0,0,NA,4,2,NA,1 2 3 4 5 7 8 9 10 11,1,1,1,1,1,0,1,1,1,1,1,0,0,NA,4,4,4,4,4,4,4,4,3,3,4,4,4,5,5,5,1,1,1,2 5,0,1,0,0,1,0,0,0,NA,4,4,3,4,4,4,5,3,4,4,5,2,NA,3,4,4,1,4,1 2 3,1,1,1,0,0,NA,1,NA,1,0,0,1,0,1,1,1,1,1,0,NA,4,4,2,1,4,1,3,1,1,2,1,3,2,1,1,1,1,3,3 4,0,0,1,1,0,0,0,0,0,0,0,1,3,3,3,1,4,4,1,1,2,8,1,1,4,4,4,3,3,4,4,4,4,1 4,1,0,0,1,0,0,0,NA,1,3,3,3,2,3,1,1,1,Yelam,4 8,0,0,0,1,0,0,0,1,0,NA,26,NA,10707,Amsegenalehu,uuid:b904c38f-a1cd-4c87-bd0d-3b1869bfa0e2,2512040829,uuid:b904c38f-a1cd-4c87-bd0d-3b1869bfa0e2,NA,NA,NA,NA,NA,NA,NA,NA,NA,NA
600675,S0603060472,BENISHANGUL-GUMUZ,Metekel,dangur,bakusta,Rural,"12/8/2025, 8:00:28 PM","12/5/2025, 2:34:55 PM","12/8/2025, 7:25:20 PM",12/5/2025,8.62E+14,1,T1001,NA,male,5 6,0,0,0,0,1,1,0,0,0,97,0,0,0,1,Akababi Science,4,NA,5,NA,1,NA,2007,2014,2,1,2,3,1 3,1,0,1,0,0,0,0,NA,1,NA,2 5,0,1,0,0,1,0,0,NA,1,1 3,1,0,1,0,0,0,NA,3 4 5,0,0,1,1,1,0,0,0,0,0,NA,2 4,0,1,0,1,0,0,0,0,0,0,NA,1 4,1,0,0,1,0,0,0,0,0,0,NA,2,3,3,1,3,2,2,1,1 3 7,1,0,1,0,0,0,1,0,0,0,0,0,0,NA,3,3,NA,2 3 4,0,1,1,1,0,0,0,0,0,0,0,0,0,NA,3,3,4,1,3,4,3,1,4,3,2,2,4,4,3,4,1,1,1,2 5,0,1,0,0,1,0,0,0,NA,2,3,2,3,2,2,2,3,4,5,2,4,NA,1,2,1,2,2,1 2,1,1,0,0,0,NA,3,NA,0,0,0,1,0,1,1,1,1,1,0,NA,1,1,4,1,4,1,1,2,2,2,2,3,3,3,2,3,3,2,1 5,1,0,0,0,1,0,0,0,0,0,0,3,1,1,3,3,2,4,2,2,1,3,4,3,2,2,3,2,3,3,2,3,3,4,0,0,0,1,0,0,0,NA,1,3,3,3,3,2,3,2,1,Ylem,1 3,1,0,1,0,0,0,0,0,0,NA,36,NA,12358,Amesegenahalu,uuid:e9e7a495-75d1-4572-897e-3b69e74258b6,2512040829,uuid:e9e7a495-75d1-4572-897e-3b69e74258b6,NA,NA,NA,NA,NA,NA,NA,NA,NA,NA
600675,S0603060472,BENISHANGUL-GUMUZ,Metekel,dangur,bakusta,Rural,"12/8/2025, 9:06:41 PM","12/8/2025, 8:43:08 PM","12/8/2025, 9:06:19 PM",12/8/2025,70c2c0f162b52b0c,1,T1003,NA,female,1 2 3 4 5,1,1,1,1,1,0,0,0,0,1,1,0,0,0,NA,3,NA,2,NA,1,NA,2009,2016,5,0,NA,NA,2 4 5,0,1,0,1,1,0,0,NA,1,NA,2 3 6,0,1,1,0,0,1,0,NA,1,1 3,1,0,1,0,0,0,NA,2 4 5 6 7,0,1,0,1,1,1,1,0,0,0,NA,1 4,1,0,0,1,0,0,0,0,0,0,NA,1 4,1,0,0,1,0,0,0,0,0,0,NA,3,3,2,2,1,2,3,2,3 4 6 11,0,0,1,1,0,1,0,0,0,0,1,0,0,NA,1,2,NA,1 3 4 5 7 8 9 10,1,0,1,1,1,0,1,1,1,1,0,0,0,NA,3,4,4,4,3,3,3,3,2,3,5,4,3,4,5,4,1,1,1,2 5,0,1,0,0,1,0,0,0,NA,3,3,1,2,2,3,4,4,2,4,2,3,NA,2,3,2,3,4,1 2 3,1,1,1,0,0,NA,3,NA,0,1,0,0,0,1,1,1,1,0,0,NA,3,4,2,1,4,1,1,1,1,2,2,1,2,2,1,1,1,1,3 6,0,0,1,0,0,1,0,0,0,0,0,1,1,4,3,1,3,4,3,3,2,9,1,4,1,4,4,2,4,4,3,4,4,1 2 4,1,1,0,1,0,0,0,NA,1,2,2,2,1,3,2,2,2,Yelam,4 7,0,0,0,1,0,0,1,0,0,NA,30,NA,11500,Amsegenalehu,uuid:6150745d-7311-4787-8693-9d698e2ee424,2512040829,uuid:6150745d-7311-4787-8693-9d698e2ee424,NA,NA,NA,NA,NA,NA,NA,NA,NA,NA
705928,S0701010062,CENTRAL ETHIOPIA,Kebena Sp.,kebena,wesherebe legedima,Rural,"12/10/2025, 2:00:24 PM","12/10/2025, 10:37:28 AM","12/10/2025, 12:50:05 PM",12/10/2025,283bb7b7f4ef185f,1,T5001,NA,male,6,0,0,0,0,0,1,0,0,0,3,0,0,1,0,NA,1,NA,5,NA,1,NA,2017,2017,2,1,1,3,1,1,0,0,0,0,0,0,NA,1,NA,2,0,1,0,0,0,0,0,NA,1,1,1,0,0,0,0,0,NA,1 2 3 4,1,1,1,1,0,0,0,0,0,0,NA,4 7,0,0,0,1,0,0,1,0,0,0,NA,1 6,1,0,0,0,0,1,0,0,0,0,NA,4,4,4,4,3,4,3,3,2 4 7,0,1,0,1,0,0,1,0,0,0,0,0,0,NA,4,4,NA,1 2 3,1,1,1,0,0,0,0,0,0,0,0,0,0,NA,4,4,4,4,4,4,4,4,4,4,4,5,5,5,5,5,1,1,1,2 5,0,1,0,0,1,0,0,0,NA,2,3,4,2,2,2,4,4,4,4,4,3,NA,3,3,3,3,3,1 2 4,1,1,0,1,0,NA,1,NA,1,1,1,1,1,1,1,1,1,1,0,NA,1,1,3,3,2,3,3,1,1,3,3,1,3,1,1,1,3,1,4 11,0,0,0,1,0,0,0,0,0,0,1,3,3,2,2,3,3,4,1,1,1,6,3,2,3,3,3,3,3,3,3,3,3,1 2 3 4 5,1,1,1,1,1,0,0,NA,1,1,1,1,1,1,1,1,1,Yelem,4 8,0,0,0,1,0,0,0,1,0,NA,27,NA,9800,Enamesegenalen bertu,uuid:4f5a2297-0f79-4b18-80f2-1667b17cd294,2512040829,uuid:4f5a2297-0f79-4b18-80f2-1667b17cd294,NA,NA,NA,NA,NA,NA,NA,NA,NA,NA
705928,S0701010062,CENTRAL ETHIOPIA,Kebena Sp.,kebena,wesherebe legedima,Rural,"12/10/2025, 2:00:25 PM","12/10/2025, 11:14:00 AM","12/10/2025, 1:59:36 PM",12/10/2025,283bb7b7f4ef185f,1,T5003,NA,female,4 6,0,0,0,1,0,1,0,0,0,1,1,0,0,0,NA,2,NA,2,NA,0,NA,2016,2016,3,0,NA,NA,1,1,0,0,0,0,0,0,NA,3,NA,2 5 6,0,1,0,0,1,1,0,NA,1,1 3,1,0,1,0,0,0,NA,1 2 3 4 5 6 7,1,1,1,1,1,1,1,0,0,0,NA,1 7,1,0,0,0,0,0,1,0,0,0,NA,4 8,0,0,0,1,0,0,0,1,0,0,NA,4,3,2,2,4,4,4,3,2 4 6 7,0,1,0,1,0,1,1,0,0,0,0,0,0,NA,1,2,NA,1 2 3,1,1,1,0,0,0,0,0,0,0,0,0,0,NA,4,4,4,4,3,3,3,3,3,3,5,5,4,5,5,5,1,1,1,2 5,0,1,0,0,1,0,0,0,NA,4,4,4,4,4,4,4,4,4,4,4,1,NA,4,4,4,4,4,1 2,1,1,0,0,0,NA,1,NA,0,0,1,0,0,1,0,1,1,0,0,NA,1,1,1,1,4,1,1,1,2,3,3,3,3,3,3,3,3,3,1 4,1,0,0,1,0,0,0,0,0,0,0,4,1,3,3,3,4,4,3,3,1,10,3,3,2,3,4,4,4,4,4,4,4,1 2 4,1,1,0,1,0,0,0,NA,1,3,3,2,2,3,3,3,2,Yelem,3 4,0,0,1,1,0,0,0,0,0,NA,24,NA,9020,"Seltena bisete agegneten anawkem, yekelase eteret ale yelewm yemeheran betna Weha yelenem betamechachulen.",uuid:8604e2e2-b0e2-4975-b3a8-02bd0fe434a9,2512040829,uuid:8604e2e2-b0e2-4975-b3a8-02bd0fe434a9,NA,NA,NA,NA,NA,NA,NA,NA,NA,NA
705928,S0701010062,CENTRAL ETHIOPIA,Kebena Sp.,kebena,wesherebe legedima,Rural,"12/10/2025, 2:02:01 PM","12/10/2025, 10:37:22 AM","12/10/2025, 1:56:00 PM",12/10/2025,3618c5f2ca206d06,1,T5002,NA,female,7 8,0,0,0,0,0,0,1,1,0,97,0,0,0,1,Social,3,NA,2,NA,1,NA,2012,2012,1,0,NA,NA,1,1,0,0,0,0,0,0,NA,1,NA,2 6,0,1,0,0,0,1,0,NA,1,1 3,1,0,1,0,0,0,NA,1 3 4 5,1,0,1,1,1,0,0,0,0,0,NA,1 5,1,0,0,0,1,0,0,0,0,0,NA,4 97,0,0,0,1,0,0,0,0,1,0,Give certificates to acknowledge achievement,4,4,3,2,3,1,1,2,4 11,0,0,0,1,0,0,0,0,0,0,1,0,0,NA,3,3,NA,1 2 3 4 5 6 7 8 9 10,1,1,1,1,1,1,1,1,1,1,0,0,0,NA,4,4,4,3,4,4,3,3,1,4,5,5,3,3,4,4,1,1,1,5,0,0,0,0,1,0,0,0,NA,4,4,2,3,4,4,4,4,3,4,2,1,NA,4,3,3,3,3,2,0,1,0,0,0,NA,2,NA,0,0,0,1,1,1,1,1,1,0,1,Distance away from the town,4,3,1,4,4,1,1,1,1,2,3,1,2,2,1,3,1,1,1 4,1,0,0,1,0,0,0,0,0,0,0,2,1,4,3,1,4,2,3,1,1,10,3,1,4,4,4,2,4,4,3,4,4,1 2,1,1,0,0,0,0,0,NA,1,3,3,3,1,2,2,2,1,None,1 7,1,0,0,0,0,0,1,0,0,NA,24,NA,10500,None,uuid:888b5283-c90e-45d7-9a3c-6cfd68bb1e85,2512030649,uuid:888b5283-c90e-45d7-9a3c-6cfd68bb1e85,NA,NA,NA,NA,NA,NA,NA,NA,NA,NA
705907,S0701010122,CENTRAL ETHIOPIA,Kebena Sp.,kebena,beriyo mulu andegna dereja,Rural,"12/12/2025, 1:16:25 PM","12/12/2025, 8:54:46 AM","12/12/2025, 1:15:04 PM",12/12/2025,283bb7b7f4ef185f,1,T4801,NA,male,6 7,0,0,0,0,0,1,1,0,0,3,0,0,1,0,NA,2,NA,3,NA,0,NA,2011,2011,6,0,NA,NA,1 5,1,0,0,0,1,0,0,NA,1,NA,2 4 6,0,1,0,1,0,1,0,NA,1,1 2 3 4 5,1,1,1,1,1,0,NA,1 2 3 4 5 6 7,1,1,1,1,1,1,1,0,0,0,NA,3 7,0,0,1,0,0,0,1,0,0,0,NA,4 7,0,0,0,1,0,0,1,0,0,0,NA,3,3,3,3,3,3,3,2,4 5 6 7,0,0,0,1,1,1,1,0,0,0,0,0,0,NA,1,4,NA,1 2 3 5 9,1,1,1,0,1,0,0,0,1,0,0,0,0,NA,4,4,4,4,4,4,4,4,4,4,5,5,5,5,5,5,1,1,1,2 5,0,1,0,0,1,0,0,0,NA,4,4,4,4,4,4,3,2,4,3,2,2,NA,4,4,4,4,4,1 2,1,1,0,0,0,NA,1,NA,1,1,1,1,1,1,1,1,1,1,0,NA,2,1,3,1,4,1,3,1,2,2,1,1,2,2,1,1,1,1,7 11,0,0,0,0,0,0,1,0,0,0,1,4,4,4,4,1,4,4,1,1,2,8,3,2,4,3,4,3,3,3,3,3,3,2 4 5,0,1,0,1,1,0,0,NA,1,1,1,1,1,1,1,1,1,Yelem,4 7,0,0,0,1,0,0,1,0,0,NA,27,NA,10400,Muyayen mashashl eflegalehu hulum betmarebet biyasetemer teru new,uuid:2ff2dc8a-56f9-43fb-be7d-2309a40785c8,2512111014,uuid:2ff2dc8a-56f9-43fb-be7d-2309a40785c8,NA,NA,NA,NA,NA,NA,NA,NA,NA,NA
705907,S0701010122,CENTRAL ETHIOPIA,Kebena Sp.,kebena,beriyo mulu andegna dereja,Rural,"12/12/2025, 1:16:25 PM","12/12/2025, 9:16:49 AM","12/12/2025, 1:15:20 PM",12/12/2025,283bb7b7f4ef185f,1,T4803,NA,female,1 2 3 4 5 6,1,1,1,1,1,1,0,0,0,3,0,0,1,0,NA,3,NA,3,NA,0,NA,2011,2011,2,0,NA,NA,1 5,1,0,0,0,1,0,0,NA,4,NA,2 5 6,0,1,0,0,1,1,0,NA,1,1 2 3 4 5,1,1,1,1,1,0,NA,1 2 3 4 5 6 7 8,1,1,1,1,1,1,1,1,0,0,NA,4 8,0,0,0,1,0,0,0,1,0,0,NA,2 6,0,1,0,0,0,1,0,0,0,0,NA,4,4,4,3,4,4,3,3,4 5 6 7 8 9 10 11,0,0,0,1,1,1,1,1,1,1,1,0,0,NA,4,2,NA,1 2 3 11,1,1,1,0,0,0,0,0,0,0,1,0,0,NA,4,4,4,4,4,4,4,4,4,4,5,5,5,5,5,5,1,1,1,2 5,0,1,0,0,1,0,0,0,NA,4,4,4,4,4,4,4,4,3,3,3,1,NA,4,4,4,4,4,1 2,1,1,0,0,0,NA,1,NA,1,1,1,1,1,1,1,1,1,1,0,NA,3,1,1,1,4,1,1,3,1,1,3,3,1,1,3,2,1,3,3 5,0,0,1,0,1,0,0,0,0,0,0,4,4,4,4,3,4,4,1,1,4,8,1,4,4,4,4,4,4,4,4,4,4,2 3 4 5,0,1,1,1,1,0,0,NA,1,1,1,1,1,1,1,1,1,Yelem,4 8,0,0,0,1,0,0,0,1,0,NA,28,NA,10700,Genbi nachew teru nachew yeteykenew teyake tegebarawi biderge elalehu,uuid:66336d70-356f-4241-8524-a063a4b1a0ad,2512111014,uuid:66336d70-356f-4241-8524-a063a4b1a0ad,NA,NA,NA,NA,NA,NA,NA,NA,NA,NA
705907,S0701010122,CENTRAL ETHIOPIA,Kebena Sp.,kebena,beriyo mulu andegna dereja,Rural,"12/12/2025, 6:28:12 PM","12/12/2025, 9:37:14 AM","12/12/2025, 6:27:46 PM",12/12/2025,3618c5f2ca206d06,1,T4802,NA,male,1 2 3 4 5 6 7 8,1,1,1,1,1,1,1,1,0,1 97,1,0,0,1,Sport science and Art,3,NA,2,NA,1,NA,2010,2014,2,0,NA,NA,1,1,0,0,0,0,0,0,NA,1,NA,2 6,0,1,0,0,0,1,0,NA,1,1 3,1,0,1,0,0,0,NA,1 3 4 7,1,0,1,1,0,0,1,0,0,0,NA,4 5,0,0,0,1,1,0,0,0,0,0,NA,2 7,0,1,0,0,0,0,1,0,0,0,NA,4,4,4,2,2,1,3,1,4 5 6 7 10 11,0,0,0,1,1,1,1,0,0,1,1,0,0,NA,4,3,NA,1 2 3 5 6 7 8 9 10 11,1,1,1,0,1,1,1,1,1,1,1,0,0,NA,3,4,3,2,4,4,4,3,3,4,5,4,4,5,5,5,1,1,1,2 5,0,1,0,0,1,0,0,0,NA,3,3,3,4,2,4,4,4,2,4,2,1,NA,4,4,4,3,3,1 2 3,1,1,1,0,0,NA,1,NA,0,0,0,1,0,1,1,1,1,0,1,"An inadequate number of classrooms, with many lacking doors, windows, or proper walls",1,1,1,1,4,1,1,2,3,2,2,2,3,1,2,3,3,2,3 6,0,0,1,0,0,1,0,0,0,0,0,3,1,4,4,3,4,4,2,2,1,3,3,3,4,3,4,1,4,4,3,4,4,2 4,0,1,0,1,0,0,0,NA,1,3,3,3,1,3,3,1,1,None,1 7,1,0,0,0,0,0,1,0,0,NA,35,NA,11180,No opportunity to transfer to schools in better areas,uuid:b68a8137-3686-400f-9a53-06110292e736,2512030649,uuid:b68a8137-3686-400f-9a53-06110292e736,NA,NA,NA,NA,NA,NA,NA,NA,NA,NA
705922,S0701010242,CENTRAL ETHIOPIA,Kebena Sp.,kebena,lenicha,Rural,"12/9/2025, 3:43:08 PM","12/9/2025, 8:19:57 AM","12/9/2025, 12:42:17 PM",12/9/2025,3618c5f2ca206d06,1,T4902,NA,male,4 6 7 8,0,0,0,1,0,1,1,1,0,97,0,0,0,1,Sport Science,4,NA,5,NA,1,NA,2009,2016,2,1,1,2,1,1,0,0,0,0,0,0,NA,1,NA,2 6,0,1,0,0,0,1,0,NA,1,1 3,1,0,1,0,0,0,NA,3 4 5 97,0,0,1,1,1,0,0,0,0,1,Enhancing students’ behaviour,2 5,0,1,0,0,1,0,0,0,0,0,NA,4 7,0,0,0,1,0,0,1,0,0,0,NA,3,3,2,1,2,1,1,2,4 11 12,0,0,0,1,0,0,0,0,0,0,1,1,0,Practical activity,3,3,NA,6 8,0,0,0,0,0,1,0,1,0,0,0,0,0,NA,4,3,3,4,4,4,4,3,3,4,4,4,4,5,5,5,1,1,1,5,0,0,0,0,1,0,0,0,NA,2,3,2,3,3,4,4,3,2,4,1,1,NA,3,3,4,3,2,2,0,1,0,0,0,NA,2,NA,0,0,0,1,1,1,0,1,1,0,1,Travel time to reach the school,1,1,1,1,4,1,1,3,3,2,3,2,3,1,3,2,3,2,7 8,0,0,0,0,0,0,1,1,0,0,0,1,1,1,1,1,4,1,3,3,1,7,3,3,4,3,3,2,4,4,2,4,4,1 5,1,0,0,0,1,0,0,NA,1,3,2,3,2,2,2,3,2,Absence of educational opportunity,4 7,0,0,0,1,0,0,1,0,0,NA,29,NA,12396,None,uuid:941c2c9b-0911-4fdd-b91d-8603129d6086,2512030649,uuid:941c2c9b-0911-4fdd-b91d-8603129d6086,NA,NA,NA,NA,NA,NA,NA,NA,NA,NA
705922,S0701010242,CENTRAL ETHIOPIA,Kebena Sp.,kebena,lenicha,Rural,"12/9/2025, 5:25:00 PM","12/9/2025, 8:15:21 AM","12/9/2025, 5:24:01 PM",12/9/2025,283bb7b7f4ef185f,1,T4901,NA,male,8,0,0,0,0,0,0,0,1,0,3,0,0,1,0,NA,3,NA,3,NA,0,NA,2010,2010,2,0,NA,NA,1,1,0,0,0,0,0,0,NA,1,NA,2 5 6,0,1,0,0,1,1,0,NA,1,1,1,0,0,0,0,0,NA,1 2 3 4 5 6 7 8 9,1,1,1,1,1,1,1,1,1,0,NA,1 4,1,0,0,1,0,0,0,0,0,0,NA,1 5,1,0,0,0,1,0,0,0,0,0,NA,4,3,2,3,2,2,2,2,3 7,0,0,1,0,0,0,1,0,0,0,0,0,0,NA,1,4,NA,1 2 3 5 9,1,1,1,0,1,0,0,0,1,0,0,0,0,NA,2,4,4,1,2,4,4,2,2,4,4,4,3,4,4,4,1,1,1,2 5,0,1,0,0,1,0,0,0,NA,2,2,4,2,2,2,4,2,1,2,1,2,NA,3,3,4,4,4,2 4,0,1,0,1,0,NA,3,NA,0,0,1,1,1,1,1,1,1,1,0,NA,1,1,1,4,4,4,3,1,2,2,1,1,1,1,1,2,3,3,4 6,0,0,0,1,0,1,0,0,0,0,0,4,2,1,3,1,3,3,2,3,2,7,4,3,4,3,4,3,3,4,4,4,4,2 4,0,1,0,1,0,0,0,NA,1,2,2,2,1,2,2,2,2,Yelwm,1 4,1,0,0,1,0,0,0,0,0,NA,31,NA,11300,Yelem amsegenalehu betenat bucha endatekeru werdachu eyun,uuid:1f158572-1ca3-4a0f-8441-e05d12a1283d,2512040829,uuid:1f158572-1ca3-4a0f-8441-e05d12a1283d,NA,NA,NA,NA,NA,NA,NA,NA,NA,NA
705922,S0701010242,CENTRAL ETHIOPIA,Kebena Sp.,kebena,lenicha,Rural,"12/9/2025, 5:25:00 PM","12/9/2025, 10:20:26 AM","12/9/2025, 5:24:16 PM",12/9/2025,283bb7b7f4ef185f,1,T4903,NA,female,6,0,0,0,0,0,1,0,0,0,1,1,0,0,0,NA,4,NA,3,NA,0,NA,2008,2008,10,0,NA,NA,1,1,0,0,0,0,0,0,NA,1,NA,2,0,1,0,0,0,0,0,NA,1,1 3,1,0,1,0,0,0,NA,1 2 3 4 5,1,1,1,1,1,0,0,0,0,0,NA,3 4,0,0,1,1,0,0,0,0,0,0,NA,4 6,0,0,0,1,0,1,0,0,0,0,NA,4,4,3,3,3,2,3,2,4 6 7,0,0,0,1,0,1,1,0,0,0,0,0,0,NA,1,4,NA,1 2 3 5,1,1,1,0,1,0,0,0,0,0,0,0,0,NA,4,4,4,3,3,3,4,3,4,4,4,4,4,4,4,4,1,1,1,2 5,0,1,0,0,1,0,0,0,NA,4,4,4,4,4,4,4,4,4,4,4,2,NA,3,3,3,3,3,1 2,1,1,0,0,0,NA,1,NA,1,1,1,1,1,1,1,1,1,1,0,NA,4,4,1,4,3,2,1,3,2,3,2,3,3,2,3,3,3,3,5 11,0,0,0,0,1,0,0,0,0,0,1,4,2,4,4,2,4,4,1,2,1,7,3,3,3,3,3,3,3,4,4,3,4,1 2 4 5,1,1,0,1,1,0,0,NA,1,1,1,1,1,3,1,1,1,Yelem,1 6,1,0,0,0,0,1,0,0,0,NA,26,NA,11300,10Q ymisera memher dimo bayederge zewewr lay cheger ale,uuid:c3da3a06-8cf9-4d0c-bc68-6fe4d044766f,2512040829,uuid:c3da3a06-8cf9-4d0c-bc68-6fe4d044766f,NA,NA,NA,NA,NA,NA,NA,NA,NA,NA
704467,S0701020042,CENTRAL ETHIOPIA,Guraghe,abeshge,hole milliniyem,Rural,"12/4/2025, 6:08:46 PM","12/4/2025, 10:33:22 AM","12/4/2025, 4:11:01 PM",12/4/2025,3618c5f2ca206d06,1,T2501,NA,female,1 2 3 4 7 8,1,1,1,1,0,0,1,1,0,1 97,1,0,0,1,Visual and acting education,3,NA,2,NA,1,NA,2012,2014,2,0,NA,NA,1 2,1,1,0,0,0,0,0,NA,97,It depends on the ability of the teacher,6,0,0,0,0,0,1,0,NA,1,1 3,1,0,1,0,0,0,NA,3 4 7 97,0,0,1,1,0,0,1,0,0,1,To build positive behavior that will benefit them in the future.,1 4,1,0,0,1,0,0,0,0,0,0,NA,1 4,1,0,0,1,0,0,0,0,0,0,NA,4,4,4,4,4,2,1,2,1 4 7 8,1,0,0,1,0,0,1,1,0,0,0,0,0,NA,4,3,NA,1 2 3 4 9 10 11,1,1,1,1,0,0,0,0,1,1,1,0,0,NA,4,4,4,3,3,3,3,3,3,3,4,4,3,5,5,5,1,1,1,2 5,0,1,0,0,1,0,0,0,NA,4,3,2,2,4,2,3,3,2,4,2,1,NA,3,3,3,2,2,2 3,0,1,1,0,0,NA,2,NA,0,0,0,0,0,0,0,1,1,1,0,NA,1,1,1,1,4,1,1,3,2,1,3,2,1,1,3,1,1,3,2 5,0,1,0,0,1,0,0,0,0,0,0,3,1,4,3,1,1,4,1,1,1,10,4,4,1,1,4,3,4,4,3,3,4,2 4,0,1,0,1,0,0,0,NA,1,3,3,3,2,3,2,2,2,None,3 4,0,0,1,1,0,0,0,0,0,NA,28,NA,10100,None,uuid:7604dad4-9347-47da-a93f-37f64f44cc23,2512030649,uuid:7604dad4-9347-47da-a93f-37f64f44cc23,NA,NA,NA,NA,NA,NA,NA,NA,NA,NA
704467,S0701020042,CENTRAL ETHIOPIA,Guraghe,abeshge,hole milliniyem,Rural,"12/4/2025, 6:30:49 PM","12/4/2025, 10:35:16 AM","12/4/2025, 6:19:42 PM",12/4/2025,283bb7b7f4ef185f,1,T2502,NA,female,4,0,0,0,1,0,0,0,0,0,2,0,1,0,0,NA,3,NA,2,NA,1,NA,2008,2008,10,1,1,3,1 2 4 5,1,1,0,1,1,0,0,NA,1,NA,2 5 6,0,1,0,0,1,1,0,NA,1,3,0,0,1,0,0,0,NA,1 3 4 5,1,0,1,1,1,0,0,0,0,0,NA,4 5,0,0,0,1,1,0,0,0,0,0,NA,6 7,0,0,0,0,0,1,1,0,0,0,NA,3,4,3,2,3,3,3,3,2 4 7,0,1,0,1,0,0,1,0,0,0,0,0,0,NA,4,4,NA,2 3 5 8 9,0,1,1,0,1,0,0,1,1,0,0,0,0,NA,3,4,4,4,3,4,3,2,3,3,5,5,4,5,5,5,1,1,1,2 5,0,1,0,0,1,0,0,0,NA,4,4,4,3,4,4,5,4,4,4,4,2,NA,3,3,2,2,3,1 2 4,1,1,0,1,0,NA,3,NA,1,1,1,0,1,1,1,1,1,1,0,NA,1,4,1,1,4,1,1,2,2,2,2,2,1,3,2,3,3,2,3 7,0,0,1,0,0,0,1,0,0,0,0,4,2,4,4,1,4,4,2,2,4,10,4,4,1,3,4,4,4,4,3,4,4,2 4,0,1,0,1,0,0,0,NA,1,1,1,1,3,1,1,1,1,Yelem,3 7,0,0,1,0,0,0,1,0,0,NA,38,NA,10000,Yegterun t/t betoche bitayu,uuid:b9d4b00f-f2d3-415b-8aff-93261b776519,2512040829,uuid:b9d4b00f-f2d3-415b-8aff-93261b776519,NA,NA,NA,NA,NA,NA,NA,NA,NA,NA
704467,S0701020042,CENTRAL ETHIOPIA,Guraghe,abeshge,hole milliniyem,Rural,"12/4/2025, 6:30:50 PM","12/4/2025, 11:50:29 AM","12/4/2025, 6:29:48 PM",12/4/2025,283bb7b7f4ef185f,1,T2503,NA,male,7,0,0,0,0,0,0,1,0,0,3,0,0,1,0,NA,3,NA,5,NA,1,NA,2009,2015,9,1,1,2,1 2 4 5,1,1,0,1,1,0,0,NA,1,NA,1 5 6,1,0,0,0,1,1,0,NA,1,1 2 3 4 5,1,1,1,1,1,0,NA,1 3 4 5,1,0,1,1,1,0,0,0,0,0,NA,4 8,0,0,0,1,0,0,0,1,0,0,NA,6 7,0,0,0,0,0,1,1,0,0,0,NA,4,3,3,3,3,3,3,3,2 4 7,0,1,0,1,0,0,1,0,0,0,0,0,0,NA,4,4,NA,2 3 9,0,1,1,0,0,0,0,0,1,0,0,0,0,NA,4,4,4,4,4,4,4,4,4,4,5,5,5,5,5,5,1,1,1,2 5,0,1,0,0,1,0,0,0,NA,4,4,4,4,3,4,4,4,4,4,4,2,NA,4,4,4,4,4,2,0,1,0,0,0,NA,1,NA,1,1,1,1,0,1,1,1,1,1,0,NA,3,3,3,1,3,1,1,2,2,3,3,3,2,3,3,3,3,3,1 11,1,0,0,0,0,0,0,0,0,0,1,3,4,3,3,1,4,4,2,3,1,10,4,4,4,4,4,2,3,3,3,4,4,2 4,0,1,0,1,0,0,0,NA,1,1,1,1,1,3,1,1,1,Yelem,4 7,0,0,0,1,0,0,1,0,0,NA,28,NA,12350,Betam teru teyaq new letemert bet yetkemal,uuid:b1812954-6493-4220-a6c8-6b55311c74b1,2512040829,uuid:b1812954-6493-4220-a6c8-6b55311c74b1,NA,NA,NA,NA,NA,NA,NA,NA,NA,NA
704485,S0701020262,CENTRAL ETHIOPIA,Guraghe,abeshge,tachgnaw fenta,Rural,"12/5/2025, 4:52:38 PM","12/5/2025, 8:27:01 AM","12/5/2025, 4:44:35 PM",12/5/2025,3618c5f2ca206d06,1,T2801,NA,female,1 2 3 4,1,1,1,1,0,0,0,0,0,1,1,0,0,0,NA,4,NA,5,NA,1,NA,1998,2010,7,1,1,3,5,0,0,0,0,1,0,0,NA,1,NA,6,0,0,0,0,0,1,0,NA,1,1 3,1,0,1,0,0,0,NA,2 4 5,0,1,0,1,1,0,0,0,0,0,NA,1 4,1,0,0,1,0,0,0,0,0,0,NA,1 4,1,0,0,1,0,0,0,0,0,0,NA,4,4,4,3,4,1,4,3,4 6 7,0,0,0,1,0,1,1,0,0,0,0,0,0,NA,4,3,NA,1 2 5 9 11,1,1,0,0,1,0,0,0,1,0,1,0,0,NA,4,4,4,4,4,4,4,1,3,4,5,5,2,5,5,5,1,1,1,5,0,0,0,0,1,0,0,0,NA,3,4,2,3,3,4,4,2,1,5,4,1,NA,2,3,3,3,3,2 3,0,1,1,0,0,NA,5,NA,1,0,0,0,1,0,0,1,1,1,1,The lack of strong parental follow-up on students,1,1,1,1,4,1,4,2,2,2,2,2,3,3,3,3,3,2,5 8,0,0,0,0,1,0,0,1,0,0,0,3,1,3,4,1,4,4,3,3,1,9,3,3,4,1,1,3,4,4,2,4,4,4,0,0,0,1,0,0,0,NA,1,1,3,3,2,1,1,3,1,"Lack of recreational spaces for teachers, such as a cafe within the school compound",3 97,0,0,1,0,0,0,0,0,1,None,42,NA,14500,"There is a lack of infrastructure such as water, a library, and recreational facilities in the compound of the school",uuid:f8b72c60-8661-453a-a633-45fbc1731acb,2512030649,uuid:f8b72c60-8661-453a-a633-45fbc1731acb,NA,NA,NA,NA,NA,NA,NA,NA,NA,NA
704485,S0701020262,CENTRAL ETHIOPIA,Guraghe,abeshge,tachgnaw fenta,Rural,"12/5/2025, 4:52:38 PM","12/5/2025, 9:35:15 AM","12/5/2025, 4:33:16 PM",12/5/2025,3618c5f2ca206d06,1,T2802,NA,male,5 6 7 8,0,0,0,0,1,1,1,1,0,97,0,0,0,1,Citizenship and social science,3,NA,5,NA,1,NA,2013,2017,2,1,1,3,1 5,1,0,0,0,1,0,0,NA,1,NA,6,0,0,0,0,0,1,0,NA,1,1 3,1,0,1,0,0,0,NA,4 5,0,0,0,1,1,0,0,0,0,0,NA,1 5,1,0,0,0,1,0,0,0,0,0,NA,1 97,1,0,0,0,0,0,0,0,1,0,His surprise class observation,3,4,4,2,4,4,4,3,1 4 6 7,1,0,0,1,0,1,1,0,0,0,0,0,0,NA,4,3,NA,2 3 8 9,0,1,1,0,0,0,0,1,1,0,0,0,0,NA,4,4,4,4,4,4,4,3,4,4,5,5,3,5,5,5,1,1,1,5,0,0,0,0,1,0,0,0,NA,2,4,4,3,3,4,5,5,2,5,3,2,NA,4,3,4,2,3,3 97,0,0,1,0,1,Offer advice,3,NA,0,0,0,1,0,0,0,0,1,0,1,"Lack of infrastructure such as a computer laboratory, mini-media, water supply, etc.",4,3,3,1,4,1,1,2,2,2,2,2,2,1,1,3,3,2,4 6,0,0,0,1,0,1,0,0,0,0,0,3,1,4,3,1,4,1,2,1,1,8,4,3,3,4,3,1,4,4,2,4,4,1 4,1,0,0,1,0,0,0,NA,1,3,3,3,1,3,2,3,1,None,3 8,0,0,1,0,0,0,0,1,0,NA,29,NA,10500,Providing educational opportunities is essential for strengthening teachers’ skills.,uuid:09efe3dd-24b1-48b8-bd23-b9b839681f6e,2512030649,uuid:09efe3dd-24b1-48b8-bd23-b9b839681f6e,NA,NA,NA,NA,NA,NA,NA,NA,NA,NA
704485,S0701020262,CENTRAL ETHIOPIA,Guraghe,abeshge,tachgnaw fenta,Rural,"12/5/2025, 6:39:12 PM","12/5/2025, 11:20:51 AM","12/5/2025, 6:37:34 PM",12/5/2025,283bb7b7f4ef185f,1,T2803,NA,male,8,0,0,0,0,0,0,0,1,0,3,0,0,1,0,NA,6,NA,5,NA,1,NA,2000,2000,5,0,NA,NA,1 5,1,0,0,0,1,0,0,NA,2,NA,2 6,0,1,0,0,0,1,0,NA,1,1 4,1,0,0,1,0,0,NA,1 4 5,1,0,0,1,1,0,0,0,0,0,NA,4 8,0,0,0,1,0,0,0,1,0,0,NA,3 6,0,0,1,0,0,1,0,0,0,0,NA,3,2,2,2,2,2,3,3,2,0,1,0,0,0,0,0,0,0,0,0,0,0,NA,1,4,NA,2 3 5 9 11,0,1,1,0,1,0,0,0,1,0,1,0,0,NA,4,4,4,4,4,4,4,2,3,4,5,5,4,5,5,5,1,1,1,2 5,0,1,0,0,1,0,0,0,NA,4,4,4,4,4,4,3,3,1,4,1,2,NA,4,4,4,3,3,1 2,1,1,0,0,0,NA,3,NA,1,1,1,1,1,1,1,1,1,1,0,NA,1,1,1,1,4,1,1,2,2,2,2,2,2,1,2,2,2,2,4 6,0,0,0,1,0,1,0,0,0,0,0,4,4,4,4,2,4,4,2,1,2,5,2,4,4,4,4,4,4,4,4,4,4,2 4,0,1,0,1,0,0,0,NA,1,1,1,1,2,2,1,1,1,Yelem,3 4,0,0,1,1,0,0,0,0,0,NA,34,NA,13337,Ymahbersebu testefo bitaklbet,uuid:4f5c828f-b8ba-4155-baef-2ed48e8588c0,2512040829,uuid:4f5c828f-b8ba-4155-baef-2ed48e8588c0,NA,NA,NA,NA,NA,NA,NA,NA,NA,NA
704483,S0701020322,CENTRAL ETHIOPIA,Guraghe,abeshge,shambel kamp,Rural,"12/8/2025, 3:37:07 PM","12/8/2025, 8:13:39 AM","12/8/2025, 3:22:34 PM",12/8/2025,3618c5f2ca206d06,1,T2701,NA,female,2 4 5 7 8,0,1,0,1,1,0,1,1,0,97,0,0,0,1,Citizenship,2,NA,2,NA,1,NA,2012,2015,2,0,NA,NA,1 5,1,0,0,0,1,0,0,NA,1,NA,2 6,0,1,0,0,0,1,0,NA,1,1 3,1,0,1,0,0,0,NA,1 4 97,1,0,0,1,0,0,0,0,0,1,Prepared supporting materials such as worksheet,5 7,0,0,0,0,1,0,1,0,0,0,NA,1 6,1,0,0,0,0,1,0,0,0,0,NA,4,4,4,3,4,1,3,1,4 5 11,0,0,0,1,1,0,0,0,0,0,1,0,0,NA,4,3,NA,2 3 7 9 11,0,1,1,0,0,0,1,0,1,0,1,0,0,NA,4,4,4,4,4,4,4,4,3,4,5,5,5,5,5,5,1,1,1,5,0,0,0,0,1,0,0,0,NA,4,4,2,3,4,4,5,4,2,4,4,1,NA,4,4,4,3,3,1 2,1,1,0,0,0,NA,1,NA,0,0,0,0,0,0,0,1,1,0,0,NA,1,1,1,1,4,1,1,3,3,3,3,3,3,3,3,3,3,3,6 8,0,0,0,0,0,1,0,1,0,0,0,3,1,3,3,1,4,4,1,3,1,7,4,3,3,1,3,1,4,4,4,4,4,4,0,0,0,1,0,0,0,NA,1,3,3,3,2,3,3,3,2,None,3 4,0,0,1,1,0,0,0,0,0,NA,25,NA,10000,None,uuid:49fddf55-ebd6-47d1-8345-09bc626b32e1,2512030649,uuid:49fddf55-ebd6-47d1-8345-09bc626b32e1,NA,NA,NA,NA,NA,NA,NA,NA,NA,NA
704483,S0701020322,CENTRAL ETHIOPIA,Guraghe,abeshge,shambel kamp,Rural,"12/8/2025, 5:56:26 PM","12/8/2025, 8:11:59 AM","12/8/2025, 5:55:05 PM",12/8/2025,283bb7b7f4ef185f,1,T2702,NA,male,8,0,0,0,0,0,0,0,1,0,1,1,0,0,0,NA,3,NA,3,NA,0,NA,2011,2011,6,1,3,3,1 5,1,0,0,0,1,0,0,NA,3,NA,2 3,0,1,1,0,0,0,0,NA,1,1 2 3 4 5,1,1,1,1,1,0,NA,1 2 3 4 5,1,1,1,1,1,0,0,0,0,0,NA,3 5,0,0,1,0,1,0,0,0,0,0,NA,4 5,0,0,0,1,1,0,0,0,0,0,NA,4,4,3,3,3,2,2,2,1 3 4 7 9,1,0,1,1,0,0,1,0,1,0,0,0,0,NA,3,4,NA,2 3 5,0,1,1,0,1,0,0,0,0,0,0,0,0,NA,2,2,2,2,2,2,2,2,2,2,5,3,5,5,5,3,1,1,1,2 5,0,1,0,0,1,0,0,0,NA,3,4,4,4,2,3,5,5,5,5,5,1,NA,2,4,4,2,4,1 2 4,1,1,0,1,0,NA,1,NA,0,0,0,0,0,0,1,1,1,1,0,NA,1,1,1,1,4,1,1,1,2,2,3,3,2,1,1,3,1,3,4 11,0,0,0,1,0,0,0,0,0,0,1,4,1,1,4,3,3,3,1,1,2,10,4,4,1,4,4,4,4,4,4,4,4,1 2 4 5,1,1,0,1,1,0,0,NA,1,3,3,1,3,1,1,1,1,Yelem,5 7,0,0,0,0,1,0,1,0,0,NA,27,NA,10600,Afe mefcha yeamarigna temhrt  yememheran medba lay cheger ale bitay,uuid:cef520b2-e4c9-4d90-8569-af777557996f,2512040829,uuid:cef520b2-e4c9-4d90-8569-af777557996f,NA,NA,NA,NA,NA,NA,NA,NA,NA,NA
704483,S0701020322,CENTRAL ETHIOPIA,Guraghe,abeshge,shambel kamp,Rural,"12/8/2025, 5:56:27 PM","12/8/2025, 10:55:21 AM","12/8/2025, 5:55:37 PM",12/8/2025,283bb7b7f4ef185f,1,T2703,NA,male,6,0,0,0,0,0,1,0,0,0,3,0,0,1,0,NA,4,NA,5,NA,1,NA,2007,2011,11,1,2,3,1 5,1,0,0,0,1,0,0,NA,98,NA,2,0,1,0,0,0,0,0,NA,1,1 3,1,0,1,0,0,0,NA,1 2 3 4 5,1,1,1,1,1,0,0,0,0,0,NA,7 8,0,0,0,0,0,0,1,1,0,0,NA,6 7,0,0,0,0,0,1,1,0,0,0,NA,3,4,3,2,2,2,2,3,4,0,0,0,1,0,0,0,0,0,0,0,0,0,NA,1,4,NA,2 3,0,1,1,0,0,0,0,0,0,0,0,0,0,NA,2,2,2,1,2,2,2,3,2,3,4,3,4,4,5,4,1,1,1,2 5,0,1,0,0,1,0,0,0,NA,2,2,2,2,2,2,4,4,1,4,2,1,NA,2,2,2,2,3,1 2,1,1,0,0,0,NA,2,NA,1,1,1,1,1,1,1,1,1,1,0,NA,1,1,1,1,4,1,1,3,1,2,2,3,2,2,1,3,3,1,1 5,1,0,0,0,1,0,0,0,0,0,0,3,2,2,3,2,1,4,1,1,1,6,1,4,1,3,4,2,3,3,2,3,3,2 4,0,1,0,1,0,0,0,NA,1,1,1,1,1,1,1,1,1,Yelem,7 8,0,0,0,0,0,0,1,1,0,NA,30,NA,12369,Tekew teru new bektelen wedachu betayut elalehu,uuid:2757a8c8-9971-4cd4-b98f-ede48548dc92,2512040829,uuid:2757a8c8-9971-4cd4-b98f-ede48548dc92,NA,NA,NA,NA,NA,NA,NA,NA,NA,NA
705429,S0701030022,CENTRAL ETHIOPIA,Guraghe,ezha,yekimene,Rural,"12/19/2025, 4:43:17 PM","12/16/2025, 10:35:17 AM","12/19/2025, 4:16:30 PM",12/16/2025,283bb7b7f4ef185f,1,T3801,NA,female,4,0,0,0,1,0,0,0,0,0,3,0,0,1,0,NA,4,NA,3,NA,0,NA,2004,2018,4,0,NA,NA,1 5,1,0,0,0,1,0,0,NA,2,NA,2 5 6,0,1,0,0,1,1,0,NA,1,1 3 4,1,0,1,1,0,0,NA,2 3 4 5 6 7,0,1,1,1,1,1,1,0,0,0,NA,1 4,1,0,0,1,0,0,0,0,0,0,NA,4 7,0,0,0,1,0,0,1,0,0,0,NA,4,4,4,3,3,3,4,2,4 5 6 7,0,0,0,1,1,1,1,0,0,0,0,0,0,NA,4,2,NA,1 2 3 5 9,1,1,1,0,1,0,0,0,1,0,0,0,0,NA,4,4,4,4,4,4,4,4,4,4,5,5,5,5,5,5,1,1,1,2 5,0,1,0,0,1,0,0,0,NA,4,4,4,4,4,4,5,5,5,5,5,2,NA,4,4,4,4,4,1 2 3 4,1,1,1,1,0,NA,1,NA,1,1,1,1,1,1,1,1,1,1,0,NA,1,1,1,1,4,2,1,1,2,2,2,3,2,2,1,2,2,3,1 4,1,0,0,1,0,0,0,0,0,0,0,4,4,4,4,1,4,4,3,3,3,10,4,4,4,4,4,4,4,4,4,4,4,1 2 4,1,1,0,1,0,0,0,NA,1,1,1,1,1,1,1,1,1,Terat yalew class matat and yememeher etert bikerfe,4 7,0,0,0,1,0,0,1,0,0,NA,28,NA,12350,Ye O class temariwoche lay biserabachew yeru new,uuid:e86b1750-b513-473c-a162-6d33c66308eb,2512142209,uuid:e86b1750-b513-473c-a162-6d33c66308eb,NA,NA,NA,NA,NA,NA,NA,NA,NA,NA
705429,S0701030022,CENTRAL ETHIOPIA,Guraghe,ezha,yekimene,Rural,"12/19/2025, 4:43:17 PM","12/16/2025, 11:15:17 AM","12/19/2025, 4:16:41 PM",12/16/2025,283bb7b7f4ef185f,1,T3802,NA,male,4 5 6 7 8,0,0,0,1,1,1,1,1,0,3,0,0,1,0,NA,7,NA,5,NA,1,NA,1992,2014,5,0,NA,NA,1 5,1,0,0,0,1,0,0,NA,1,NA,2 5 6,0,1,0,0,1,1,0,NA,1,1 3 4,1,0,1,1,0,0,NA,1 2 4 5,1,1,0,1,1,0,0,0,0,0,NA,1 4,1,0,0,1,0,0,0,0,0,0,NA,5 6,0,0,0,0,1,1,0,0,0,0,NA,4,4,4,3,4,4,4,4,4 5 6 7,0,0,0,1,1,1,1,0,0,0,0,0,0,NA,4,2,NA,1 2 3 5 9,1,1,1,0,1,0,0,0,1,0,0,0,0,NA,4,4,4,4,4,4,4,4,4,4,5,5,5,5,5,5,1,1,1,2 5,0,1,0,0,1,0,0,0,NA,4,4,4,4,4,4,5,5,5,5,5,1,NA,4,4,4,4,4,1 2 3 4,1,1,1,1,0,NA,1,NA,1,1,1,1,1,1,1,1,1,1,0,NA,1,1,1,1,4,1,3,1,2,2,1,2,1,1,1,3,1,3,1 11,1,0,0,0,0,0,0,0,0,0,1,4,1,4,4,4,4,4,1,1,2,10,4,4,4,4,4,4,4,4,4,4,4,1 2 3 4,1,1,1,1,0,0,0,NA,1,1,1,1,1,1,1,1,1,Yelem,4 7,0,0,0,1,0,0,1,0,0,NA,45,NA,25000,Teru teyake new bertu,uuid:c9273e08-2568-46d7-ad27-13df8c6fe67c,2512142209,uuid:c9273e08-2568-46d7-ad27-13df8c6fe67c,NA,NA,NA,NA,NA,NA,NA,NA,NA,NA
705429,S0701030022,CENTRAL ETHIOPIA,Guraghe,ezha,yekimene,Rural,"12/19/2025, 6:40:28 PM","12/19/2025, 6:24:22 PM","12/19/2025, 6:39:57 PM",12/19/2025,3618c5f2ca206d06,1,T3803,NA,female,5 6 7 8,0,0,0,0,1,1,1,1,0,2,0,1,0,0,NA,3,NA,5,NA,1,NA,2012,2014,2,0,NA,NA,5,0,0,0,0,1,0,0,NA,1,NA,2 6,0,1,0,0,0,1,0,NA,1,1 3,1,0,1,0,0,0,NA,1 2 3 4 5 7,1,1,1,1,1,0,1,0,0,0,NA,1 4,1,0,0,1,0,0,0,0,0,0,NA,2 6,0,1,0,0,0,1,0,0,0,0,NA,3,3,3,2,3,2,1,1,4 5 6 11,0,0,0,1,1,1,0,0,0,0,1,0,0,NA,3,3,NA,1 2 3 5 6 7 8 9 10,1,1,1,0,1,1,1,1,1,1,0,0,0,NA,4,4,4,3,4,4,4,4,3,4,5,5,4,5,5,4,1,1,1,5,0,0,0,0,1,0,0,0,NA,3,3,2,4,2,4,4,3,2,5,1,1,NA,4,4,4,3,3,1 2 3,1,1,1,0,0,NA,2,NA,0,0,0,1,0,0,0,1,1,0,0,NA,1,1,1,1,4,1,1,3,2,2,2,2,2,3,1,3,3,3,5 6,0,0,0,0,1,1,0,0,0,0,0,4,1,3,3,1,4,3,3,3,1,8,2,3,3,2,3,1,4,4,3,4,4,4,0,0,0,1,0,0,0,NA,1,3,3,3,1,3,3,3,2,None,3 7,0,0,1,0,0,0,1,0,0,NA,27,NA,12000,None,uuid:82631a83-75db-4e37-82e6-c19977c921e4,2512030649,uuid:82631a83-75db-4e37-82e6-c19977c921e4,NA,NA,NA,NA,NA,NA,NA,NA,NA,NA
705401,S0701030092,CENTRAL ETHIOPIA,Guraghe,ezha,aguaje terehe,Rural,"12/15/2025, 5:29:13 PM","12/15/2025, 8:45:21 AM","12/15/2025, 5:28:14 PM",12/15/2025,3618c5f2ca206d06,1,T31701,NA,male,1 2 3 4,1,1,1,1,0,0,0,0,0,2,0,1,0,0,NA,4,NA,2,NA,1,NA,1999,2004,2,1,1,3,2 5,0,1,0,0,1,0,0,NA,1,NA,5 6,0,0,0,0,1,1,0,NA,1,2 3,0,1,1,0,0,0,NA,1 3 4 7,1,0,1,1,0,0,1,0,0,0,NA,4 5,0,0,0,1,1,0,0,0,0,0,NA,4 97,0,0,0,1,0,0,0,0,1,0,Providing certificate of recognition,4,4,4,3,2,1,2,1,4 5 7 8,0,0,0,1,1,0,1,1,0,0,0,0,0,NA,3,3,NA,2 3 5 6 9,0,1,1,0,1,1,0,0,1,0,0,0,0,NA,4,4,4,4,3,4,4,4,3,4,5,5,2,4,4,4,1,1,1,5,0,0,0,0,1,0,0,0,NA,3,3,2,4,2,4,4,4,2,4,4,2,NA,4,4,4,3,3,1 2,1,1,0,0,0,NA,1,NA,1,1,0,1,1,1,1,1,1,0,1,Lack of sufficient class rooms,1,1,3,1,4,1,1,2,2,2,2,2,2,2,2,2,2,2,4 8,0,0,0,1,0,0,0,1,0,0,0,4,3,1,1,3,3,1,1,1,1,10,4,4,1,4,4,1,4,4,3,4,4,1 4,1,0,0,1,0,0,0,NA,1,2,2,3,2,2,2,2,1,None,3,0,0,1,0,0,0,0,0,0,NA,55,NA,12000,Lack of the opportunity to upgrade education level,uuid:97d55aff-4487-4f20-9e69-faec714cd9ec,2512030649,uuid:97d55aff-4487-4f20-9e69-faec714cd9ec,NA,NA,NA,NA,NA,NA,NA,NA,NA,NA
705401,S0701030092,CENTRAL ETHIOPIA,Guraghe,ezha,aguaje terehe,Rural,"12/15/2025, 5:29:15 PM","12/15/2025, 9:27:34 AM","12/15/2025, 5:25:59 PM",12/15/2025,3618c5f2ca206d06,1,T31702,NA,female,1 2 7 8,1,1,0,0,0,0,1,1,0,97,0,0,0,1,"English, and Citizenship",4,NA,2,NA,1,NA,2004,2011,3,1,2,3,5,0,0,0,0,1,0,0,NA,1,NA,2 5 6,0,1,0,0,1,1,0,NA,1,1 3,1,0,1,0,0,0,NA,3 4 7 97,0,0,1,1,0,0,1,0,0,1,Improving students reading and writing skills,4 5,0,0,0,1,1,0,0,0,0,0,NA,4 5,0,0,0,1,1,0,0,0,0,0,NA,4,4,4,2,2,1,1,1,4 5 6 11,0,0,0,1,1,1,0,0,0,0,1,0,0,NA,3,3,NA,1 2 3 4 5 6 7 8 9 10 11,1,1,1,1,1,1,1,1,1,1,1,0,0,NA,4,4,4,4,3,4,4,3,4,4,5,5,4,5,5,5,1,1,2,5,0,0,0,0,1,0,0,0,NA,4,4,2,2,2,4,5,2,2,5,4,2,NA,1,1,1,1,2,2 3,0,1,1,0,0,NA,2,NA,0,0,0,1,0,0,0,1,0,0,0,NA,1,1,1,1,4,1,1,3,2,2,2,2,2,2,2,3,3,2,1 6,1,0,0,0,0,1,0,0,0,0,0,3,1,3,3,3,3,3,3,3,4,6,4,1,4,3,3,1,4,4,4,4,4,1 4,1,0,0,1,0,0,0,NA,0,NA,NA,NA,NA,NA,NA,NA,NA,NA,7 97,0,0,0,0,0,0,1,0,1,Continous professional development (CPD),30,NA,11000,None,uuid:350679f9-ca83-479c-a79f-97c13de5f746,2512030649,uuid:350679f9-ca83-479c-a79f-97c13de5f746,NA,NA,NA,NA,NA,NA,NA,NA,NA,NA
705401,S0701030092,CENTRAL ETHIOPIA,Guraghe,ezha,aguaje terehe,Rural,"12/16/2025, 4:47:28 PM","12/16/2025, 3:13:48 PM","12/16/2025, 3:33:33 PM",12/16/2025,3618c5f2ca206d06,1,T31703,NA,male,3 4 7 8,0,0,1,1,0,0,1,1,0,2,0,1,0,0,NA,4,NA,2,NA,1,NA,2007,2011,3,1,1,3,5,0,0,0,0,1,0,0,NA,1,NA,2 6,0,1,0,0,0,1,0,NA,1,1 3,1,0,1,0,0,0,NA,1 2 3 4 5 6 7,1,1,1,1,1,1,1,0,0,0,NA,1 5,1,0,0,0,1,0,0,0,0,0,NA,4 6,0,0,0,1,0,1,0,0,0,0,NA,3,2,4,2,1,2,2,1,4 5 11,0,0,0,1,1,0,0,0,0,0,1,0,0,NA,3,3,NA,3 4 5 7 8 10 11,0,0,1,1,1,0,1,1,0,1,1,0,0,NA,4,4,4,4,3,4,4,4,3,4,5,5,4,5,5,5,1,1,1,5,0,0,0,0,1,0,0,0,NA,2,3,3,4,3,3,5,3,2,4,3,1,NA,3,3,3,2,3,1 2,1,1,0,0,0,NA,2,NA,0,0,0,1,0,0,0,1,1,0,0,NA,2,1,1,4,4,2,1,3,2,2,2,3,2,3,3,3,3,3,5 9,0,0,0,0,1,0,0,0,1,0,0,3,1,1,3,3,3,2,3,3,1,8,4,4,4,2,3,1,4,4,4,4,4,1 4,1,0,0,1,0,0,0,NA,1,3,3,3,1,3,3,3,2,None,7,0,0,0,0,0,0,1,0,0,NA,31,NA,12000,None,uuid:7ff4ca2f-f3a7-4014-888d-314831a660bc,2512030649,uuid:7ff4ca2f-f3a7-4014-888d-314831a660bc,NA,NA,NA,NA,NA,NA,NA,NA,NA,NA
706542,S0701050062,CENTRAL ETHIOPIA,Misrak Guraghe,sodo,adazer primary,Rural,"12/8/2025, 4:05:28 PM","12/8/2025, 10:10:18 AM","12/8/2025, 4:03:43 PM",12/8/2025,1f2e7526f0d594aa,1,T6301,NA,female,1 2 5,1,1,0,0,1,0,0,0,0,2,0,1,0,0,NA,7,NA,3,NA,1,NA,1997,2017,5,0,NA,NA,1,1,0,0,0,0,0,0,NA,1,NA,5 6,0,0,0,0,1,1,0,NA,1,3,0,0,1,0,0,0,NA,1 3 4 5 7,1,0,1,1,1,0,1,0,0,0,NA,3 8,0,0,1,0,0,0,0,1,0,0,NA,4 6,0,0,0,1,0,1,0,0,0,0,NA,4,3,2,1,4,2,2,2,1 2 4 6 8 11,1,1,0,1,0,1,0,1,0,0,1,0,0,NA,3,4,NA,1 2 3 4 5 7 8 9 10 11,1,1,1,1,1,0,1,1,1,1,1,0,0,NA,4,4,4,3,4,4,4,4,4,3,5,4,3,5,4,5,1,1,1,2 4 5,0,1,0,1,1,0,0,0,NA,4,4,2,2,4,4,5,3,2,2,2,5,NA,1,4,1,1,3,2 4,0,1,0,1,0,NA,4,NA,0,1,0,0,0,0,0,1,0,1,0,NA,3,1,3,1,4,1,1,3,2,2,2,2,1,3,2,3,3,2,1 4,1,0,0,1,0,0,0,0,0,0,0,4,1,4,4,2,4,4,2,2,1,8,4,3,4,4,2,1,4,4,4,4,4,1 2 4,1,1,0,1,0,0,0,NA,1,3,3,3,2,3,2,3,2,የለም,2 7,0,1,0,0,0,0,1,0,0,NA,35,NA,14331,የለም,uuid:ded1ade3-2b0b-4f6d-83d0-dfc1f20cc9d2,2512040829,uuid:ded1ade3-2b0b-4f6d-83d0-dfc1f20cc9d2,NA,NA,NA,NA,NA,NA,NA,NA,NA,NA
706542,S0701050062,CENTRAL ETHIOPIA,Misrak Guraghe,sodo,adazer primary,Rural,"12/8/2025, 4:05:28 PM","12/8/2025, 11:02:31 AM","12/8/2025, 4:04:02 PM",12/8/2025,1f2e7526f0d594aa,1,T6302,NA,male,1 2 3,1,1,1,0,0,0,0,0,0,97,0,0,0,1,Science,3,NA,3,NA,1,NA,2006,2006,1,0,NA,NA,1,1,0,0,0,0,0,0,NA,1,NA,2 6,0,1,0,0,0,1,0,NA,1,3,0,0,1,0,0,0,NA,1 4 7,1,0,0,1,0,0,1,0,0,0,NA,4 8,0,0,0,1,0,0,0,1,0,0,NA,4 8,0,0,0,1,0,0,0,1,0,0,NA,3,3,3,1,1,3,3,3,2 8 11,0,1,0,0,0,0,0,1,0,0,1,0,0,NA,1,4,NA,1 2 3 4 5 8 9,1,1,1,1,1,0,0,1,1,0,0,0,0,NA,2,3,3,1,2,3,3,3,2,4,5,4,3,5,4,4,1,1,1,2 5,0,1,0,0,1,0,0,0,NA,2,3,2,3,3,3,2,2,2,4,2,1,NA,4,4,4,1,4,2,0,1,0,0,0,NA,4,NA,0,1,0,0,0,1,1,1,1,0,0,NA,4,3,2,1,4,3,3,1,1,2,2,1,2,1,1,1,1,2,1 4,1,0,0,1,0,0,0,0,0,0,0,3,3,4,4,3,3,4,2,2,1,7,3,3,4,3,4,3,4,4,3,3,4,1 2 4 5,1,1,0,1,1,0,0,NA,1,2,2,3,2,3,2,1,1,የለም,3 4,0,0,1,1,0,0,0,0,0,NA,29,NA,10001,የለም,uuid:75c9483a-7eed-47f2-adc4-baf72fa0cfb7,2512040829,uuid:75c9483a-7eed-47f2-adc4-baf72fa0cfb7,NA,NA,NA,NA,NA,NA,NA,NA,NA,NA
706542,S0701050062,CENTRAL ETHIOPIA,Misrak Guraghe,sodo,adazer primary,Rural,"12/8/2025, 4:05:29 PM","12/8/2025, 11:38:18 AM","12/8/2025, 4:04:52 PM",12/8/2025,1f2e7526f0d594aa,1,T6303,NA,female,5 7 8,0,0,0,0,1,0,1,1,0,97,0,0,0,1,"Social science, ግብረ ገብ",5,NA,3,NA,1,NA,2006,2014,3,0,NA,NA,1,1,0,0,0,0,0,0,NA,1,NA,2 6,0,1,0,0,0,1,0,NA,1,3,0,0,1,0,0,0,NA,1 2 4 5 7,1,1,0,1,1,0,1,0,0,0,NA,2 6,0,1,0,0,0,1,0,0,0,0,NA,4 8,0,0,0,1,0,0,0,1,0,0,NA,4,2,2,1,4,3,3,3,1 4 7 9 11,1,0,0,1,0,0,1,0,1,0,1,0,0,NA,3,4,NA,1 2 3 4 5 6 7 8 9,1,1,1,1,1,1,1,1,1,0,0,0,0,NA,3,4,3,2,3,2,3,3,3,3,4,4,5,4,4,4,3,3,1,1 2 5,1,1,0,0,1,0,0,0,NA,2,4,3,3,2,2,2,4,2,4,2,1,NA,1,2,2,2,4,1 2,1,1,0,0,0,NA,1,NA,1,1,0,1,1,1,1,1,1,1,0,NA,4,3,2,1,1,1,1,3,2,1,2,3,1,2,2,1,3,2,1 11,1,0,0,0,0,0,0,0,0,0,1,4,2,4,4,2,4,4,3,3,1,7,4,1,4,2,3,2,4,4,3,4,4,1 2 4 5,1,1,0,1,1,0,0,NA,1,2,2,3,1,2,2,2,1,የለም,4 6,0,0,0,1,0,1,0,0,0,NA,25,NA,10001,የለም,uuid:4e4666ef-029c-4d65-b29c-89e406e1c1b0,2512040829,uuid:4e4666ef-029c-4d65-b29c-89e406e1c1b0,NA,NA,NA,NA,NA,NA,NA,NA,NA,NA
706566,S0701050162,CENTRAL ETHIOPIA,Misrak Guraghe,sodo,firshi abo,Rural,"12/15/2025, 3:36:18 PM","12/15/2025, 10:06:29 AM","12/15/2025, 3:12:29 PM",12/15/2025,283bb7b7f4ef185f,1,T39101,NA,male,8,0,0,0,0,0,0,0,1,0,3,0,0,1,0,NA,7,NA,3,NA,0,NA,1989,2011,29,0,NA,NA,1 5,1,0,0,0,1,0,0,NA,2,NA,2 5 6,0,1,0,0,1,1,0,NA,1,1 3 4,1,0,1,1,0,0,NA,1 2 3 4 5 6 7 8,1,1,1,1,1,1,1,1,0,0,NA,3 4,0,0,1,1,0,0,0,0,0,0,NA,1 8,1,0,0,0,0,0,0,1,0,0,NA,4,4,4,3,3,4,4,3,4 5 6 7 8,0,0,0,1,1,1,1,1,0,0,0,0,0,NA,4,4,NA,1 2 3 5,1,1,1,0,1,0,0,0,0,0,0,0,0,NA,4,4,4,4,4,4,4,2,4,4,5,5,5,5,5,5,1,1,1,2 5,0,1,0,0,1,0,0,0,NA,4,4,4,4,4,4,4,4,2,4,4,2,NA,4,4,4,4,4,1 2 3,1,1,1,0,0,NA,1,NA,1,1,1,1,1,1,1,1,1,1,0,NA,1,2,3,1,4,3,3,1,2,2,3,3,2,3,3,2,1,1,1 7,1,0,0,0,0,0,1,0,0,0,0,3,4,4,4,4,4,4,3,1,1,10,4,4,1,3,4,3,4,4,4,4,4,1 2 4,1,1,0,1,0,0,0,NA,1,1,1,1,1,1,1,1,1,Yelem,4 7,0,0,0,1,0,0,1,0,0,NA,49,NA,11036,Yetemari metsehaf yelenm,uuid:50fdecd5-f3fc-445f-b9eb-d755b08f3b09,2512142209,uuid:50fdecd5-f3fc-445f-b9eb-d755b08f3b09,NA,NA,NA,NA,NA,NA,NA,NA,NA,NA
706566,S0701050162,CENTRAL ETHIOPIA,Misrak Guraghe,sodo,firshi abo,Rural,"12/16/2025, 4:49:02 PM","12/15/2025, 11:17:23 AM","12/16/2025, 4:47:51 PM",12/15/2025,283bb7b7f4ef185f,1,T39103,NA,female,6 8,0,0,0,0,0,1,0,1,0,1,1,0,0,0,NA,3,NA,5,NA,1,NA,2006,2018,12,1,1,3,1 5,1,0,0,0,1,0,0,NA,2,NA,2 6,0,1,0,0,0,1,0,NA,1,1 3 4,1,0,1,1,0,0,NA,1 2 3 4 5 6 7 8,1,1,1,1,1,1,1,1,0,0,NA,3 4,0,0,1,1,0,0,0,0,0,0,NA,6 7,0,0,0,0,0,1,1,0,0,0,NA,4,4,4,3,4,4,4,2,3 4 5 6 7,0,0,1,1,1,1,1,0,0,0,0,0,0,NA,1,2,NA,1 2 3 5 6 7 8 9,1,1,1,0,1,1,1,1,1,0,0,0,0,NA,2,1,3,3,3,3,3,3,3,3,5,4,4,5,4,4,1,1,1,2 5,0,1,0,0,1,0,0,0,NA,4,4,2,3,2,2,4,4,1,3,4,2,NA,4,4,4,4,4,1 2 3,1,1,1,0,0,NA,1,NA,1,1,1,1,1,1,1,1,1,1,0,NA,3,3,1,1,4,3,1,3,3,3,3,3,3,2,3,2,3,2,3 11,0,0,1,0,0,0,0,0,0,0,1,4,3,4,4,3,4,4,2,2,1,10,4,3,4,4,4,4,4,4,4,4,4,2 4,0,1,0,1,0,0,0,NA,1,1,1,1,1,1,1,1,1,Yetemari yetemeheret felagot manese yetayal ena mahebersebum letemehert yalew amelekaktna degafe yewerd mehonu,4 7,0,0,0,1,0,0,1,0,0,NA,32,NA,12300,10Q you,uuid:aa350668-6a2d-413d-8737-4d399bac599f,2512142209,uuid:aa350668-6a2d-413d-8737-4d399bac599f,NA,NA,NA,NA,NA,NA,NA,NA,NA,NA
706566,S0701050162,CENTRAL ETHIOPIA,Misrak Guraghe,sodo,firshi abo,Rural,"12/16/2025, 4:49:02 PM","12/15/2025, 10:47:06 AM","12/16/2025, 4:47:24 PM",12/15/2025,283bb7b7f4ef185f,1,T39102,NA,female,6,0,0,0,0,0,1,0,0,0,3,0,0,1,0,NA,4,NA,5,NA,1,NA,2003,2012,16,0,NA,NA,1,1,0,0,0,0,0,0,NA,1,NA,2 5,0,1,0,0,1,0,0,NA,1,1 3,1,0,1,0,0,0,NA,1 2 3 4 5 6 7 8,1,1,1,1,1,1,1,1,0,0,NA,6 8,0,0,0,0,0,1,0,1,0,0,NA,4 8,0,0,0,1,0,0,0,1,0,0,NA,4,4,4,3,4,4,4,3,1 4 5 6 7,1,0,0,1,1,1,1,0,0,0,0,0,0,NA,4,4,NA,1 2 3 5 9,1,1,1,0,1,0,0,0,1,0,0,0,0,NA,4,4,4,4,4,4,4,4,4,4,5,5,5,5,5,5,1,1,1,2 5,0,1,0,0,1,0,0,0,NA,3,4,4,4,4,4,4,4,1,5,2,2,NA,4,4,4,4,4,1 2 3,1,1,1,0,0,NA,1,NA,1,1,1,1,1,1,1,1,1,1,0,NA,4,4,4,1,4,1,1,3,2,3,3,2,2,2,1,2,3,3,1 5,1,0,0,0,1,0,0,0,0,0,0,4,1,4,4,4,4,4,2,2,1,10,4,3,4,4,1,4,4,4,2,4,4,2 4,0,1,0,1,0,0,0,NA,1,1,1,1,1,1,1,1,1,Yelem,4 7,0,0,0,1,0,0,1,0,0,NA,34,NA,13227,Amsgenalehu,uuid:5b2d6bbb-ddbb-4103-9724-9fcb691f0b0c,2512142209,uuid:5b2d6bbb-ddbb-4103-9724-9fcb691f0b0c,NA,NA,NA,NA,NA,NA,NA,NA,NA,NA
706586,S0701054372,CENTRAL ETHIOPIA,Misrak Guraghe,sodo,wacho hibiret,Rural,"12/12/2025, 7:12:54 PM","12/12/2025, 10:35:40 AM","12/12/2025, 7:11:33 PM",12/12/2025,1f2e7526f0d594aa,1,T5601,NA,female,1 6 7 8,1,0,0,0,0,1,1,1,0,1,1,0,0,0,NA,3,NA,3,NA,1,NA,2012,2016,3,0,NA,NA,1,1,0,0,0,0,0,0,NA,1,NA,2 5,0,1,0,0,1,0,0,NA,1,1 3,1,0,1,0,0,0,NA,4 5,0,0,0,1,1,0,0,0,0,0,NA,4 5,0,0,0,1,1,0,0,0,0,0,NA,4 6,0,0,0,1,0,1,0,0,0,0,NA,3,3,3,2,3,3,2,2,1 2 4 5 6 7 9 10 11,1,1,0,1,1,1,1,0,1,1,1,0,0,NA,1,2,NA,1 4 5 6 10 11,1,0,0,1,1,1,0,0,0,1,1,0,0,NA,4,4,4,3,4,4,4,4,4,4,5,5,1,4,4,5,1,1,1,2 4 5,0,1,0,1,1,0,0,0,NA,4,3,1,4,2,4,4,4,1,4,2,4,NA,2,1,2,1,4,1 2,1,1,0,0,0,NA,2,NA,1,0,0,0,1,0,0,1,1,0,0,NA,4,3,1,1,4,1,1,3,1,3,2,2,2,1,1,3,1,1,4 11,0,0,0,1,0,0,0,0,0,0,1,4,2,4,4,1,4,3,3,1,2,8,4,1,4,3,4,1,4,4,3,4,4,1 2 4,1,1,0,1,0,0,0,NA,1,2,3,3,3,2,1,1,1,የለም,6 7,0,0,0,0,0,1,1,0,0,NA,28,NA,10700,የለም,uuid:9f05e803-4579-445f-bcd1-323affd00788,2512111014,uuid:9f05e803-4579-445f-bcd1-323affd00788,NA,NA,NA,NA,NA,NA,NA,NA,NA,NA
706586,S0701054372,CENTRAL ETHIOPIA,Misrak Guraghe,sodo,wacho hibiret,Rural,"12/12/2025, 7:12:54 PM","12/12/2025, 11:45:21 AM","12/12/2025, 7:11:57 PM",12/12/2025,1f2e7526f0d594aa,1,T6502,NA,female,7 8,0,0,0,0,0,0,1,1,0,97,0,0,0,1,IT,1,NA,3,NA,0,NA,2015,2015,1,0,NA,NA,1,1,0,0,0,0,0,0,NA,1,NA,5 6,0,0,0,0,1,1,0,NA,1,1 3,1,0,1,0,0,0,NA,1 2 4,1,1,0,1,0,0,0,0,0,0,NA,4 5,0,0,0,1,1,0,0,0,0,0,NA,4 7,0,0,0,1,0,0,1,0,0,0,NA,3,4,3,1,4,2,1,2,1 2 4 7 9 10 11,1,1,0,1,0,0,1,0,1,1,1,0,0,NA,3,2,NA,1 2 4 5 6 8 9 10,1,1,0,1,1,1,0,1,1,1,0,0,0,NA,4,4,4,3,4,4,4,4,4,4,4,5,3,5,4,4,2,2,1,1 2 5,1,1,0,0,1,0,0,0,NA,4,2,3,2,2,3,4,3,2,3,1,5,NA,4,4,4,1,4,3,0,0,1,0,0,NA,4,NA,0,0,0,1,0,1,1,1,1,0,0,NA,4,2,1,1,4,1,1,1,2,2,3,3,2,2,1,2,2,1,1 5,1,0,0,0,1,0,0,0,0,0,0,2,1,4,4,1,4,4,1,1,2,8,2,3,4,1,4,2,3,4,3,4,4,1 2 4,1,1,0,1,0,0,0,NA,1,2,2,3,1,2,2,2,1,የለም,4 7,0,0,0,1,0,0,1,0,0,NA,23,NA,6615,የለም,uuid:769cb008-0c3f-4f65-bb9d-118199b7a074,2512111014,uuid:769cb008-0c3f-4f65-bb9d-118199b7a074,NA,NA,NA,NA,NA,NA,NA,NA,NA,NA
706586,S0701054372,CENTRAL ETHIOPIA,Misrak Guraghe,sodo,wacho hibiret,Rural,"12/15/2025, 8:35:46 PM","12/15/2025, 4:06:29 PM","12/15/2025, 7:36:17 PM",12/15/2025,1f2e7526f0d594aa,1,T6503,NA,male,1 2 3 4,1,1,1,1,0,0,0,0,0,2,0,1,0,0,NA,5,NA,3,NA,0,NA,2006,2016,3,0,NA,NA,1,1,0,0,0,0,0,0,NA,1,NA,2 6,0,1,0,0,0,1,0,NA,1,3,0,0,1,0,0,0,NA,1 2,1,1,0,0,0,0,0,0,0,0,NA,3 5,0,0,1,0,1,0,0,0,0,0,NA,4 6,0,0,0,1,0,1,0,0,0,0,NA,3,4,3,3,3,3,3,3,1 2 4 10 11,1,1,0,1,0,0,0,0,0,1,1,0,0,NA,1,4,NA,1 2 3 4 5 6 8 9 10 11,1,1,1,1,1,1,0,1,1,1,1,0,0,NA,3,3,3,2,3,2,3,4,3,4,4,3,3,5,5,4,2,2,1,1 2 4 5,1,1,0,1,1,0,0,0,NA,3,4,4,3,2,4,5,2,3,3,2,2,NA,2,2,2,1,2,2,0,1,0,0,0,NA,3,NA,1,1,0,1,1,1,1,1,1,0,0,NA,3,3,4,1,1,1,1,1,2,3,3,3,2,3,1,3,3,2,1 4,1,0,0,1,0,0,0,0,0,0,0,2,2,3,3,2,4,4,1,1,1,8,3,2,4,3,4,2,4,4,3,3,4,1 2 4 5,1,1,0,1,1,0,0,NA,1,2,2,3,1,2,1,1,1,የለም,7 8,0,0,0,0,0,0,1,1,0,NA,29,NA,10001,የለም,uuid:64f101b0-413e-4a15-8cef-54b9ef8bec11,2512142209,uuid:64f101b0-413e-4a15-8cef-54b9ef8bec11,NA,NA,NA,NA,NA,NA,NA,NA,NA,NA
706355,S0701060032,CENTRAL ETHIOPIA,Misrak Guraghe,meskan,debube sherishera,Rural,"12/5/2025, 6:17:15 PM","12/5/2025, 9:18:07 AM","12/5/2025, 6:11:43 PM",12/5/2025,1f2e7526f0d594aa,1,T5403,NA,male,2 3 4,0,1,1,1,0,0,0,0,0,1 97,1,0,0,1,ስነ ጥበብ እና ግብረ ገብ,7,NA,3,NA,1,NA,1984,2008,6,1,2,3,1 2 4 5,1,1,0,1,1,0,0,NA,1,NA,2,0,1,0,0,0,0,0,NA,1,1 2 3,1,1,1,0,0,0,NA,1 3 5 7 9,1,0,1,0,1,0,1,0,1,0,NA,7 8,0,0,0,0,0,0,1,1,0,0,NA,3 4,0,0,1,1,0,0,0,0,0,0,NA,1,3,2,2,3,2,2,2,1 2 3 4 8,1,1,1,1,0,0,0,1,0,0,0,0,0,NA,4,4,NA,1 2 3 4 5 6 8 9 10 11,1,1,1,1,1,1,0,1,1,1,1,0,0,NA,2,3,2,2,2,3,4,3,3,3,4,4,5,4,4,4,1,2,1,1 2 5,1,1,0,0,1,0,0,0,NA,3,4,1,4,2,4,3,4,1,5,2,2,NA,1,2,2,1,4,1 2,1,1,0,0,0,NA,3,NA,0,1,0,0,0,0,0,1,1,0,0,NA,3,4,1,1,4,1,1,3,2,2,3,3,3,1,1,1,1,2,1 11,1,0,0,0,0,0,0,0,0,0,1,3,3,3,4,2,4,4,3,3,4,9,4,4,1,4,2,3,4,3,3,4,4,1 2 4,1,1,0,1,0,0,0,NA,1,3,3,3,2,2,2,2,2,አይ,1 3,1,0,1,0,0,0,0,0,0,NA,54,NA,15490,የለም,uuid:6843548a-ee65-468d-aedd-ce7c10489b8f,2512040829,uuid:6843548a-ee65-468d-aedd-ce7c10489b8f,NA,NA,NA,NA,NA,NA,NA,NA,NA,NA
706355,S0701060032,CENTRAL ETHIOPIA,Misrak Guraghe,meskan,debube sherishera,Rural,"12/5/2025, 9:25:59 PM","12/5/2025, 10:31:38 AM","12/5/2025, 6:40:54 PM",12/5/2025,fef309259d139ee0,1,T5402,NA,female,7 8,0,0,0,0,0,0,1,1,0,97,0,0,0,1,Information comencation technology,4,NA,5,NA,1,NA,2000,2012,5,0,NA,NA,1,1,0,0,0,0,0,0,NA,1,NA,6,0,0,0,0,0,1,0,NA,0,NA,NA,NA,NA,NA,NA,NA,NA,NA,NA,NA,NA,NA,NA,NA,NA,NA,NA,NA,NA,1 6,1,0,0,0,0,1,0,0,0,0,NA,1 6,1,0,0,0,0,1,0,0,0,0,NA,4,4,3,4,2,1,2,1,8 9,0,0,0,0,0,0,0,1,1,0,0,0,0,NA,1,4,NA,3 4,0,0,1,1,0,0,0,0,0,0,0,0,0,NA,4,4,4,3,4,4,4,4,4,4,4,5,2,5,5,5,1,1,1,98,0,0,0,0,0,0,0,1,NA,4,3,3,3,3,2,4,4,4,4,4,5,NA,3,3,3,3,3,4,0,0,0,1,0,NA,3,NA,1,1,0,1,1,1,1,1,1,0,0,NA,2,3,3,3,3,3,3,2,1,2,2,2,2,2,2,2,2,2,2 5,0,1,0,0,1,0,0,0,0,0,0,3,3,3,3,3,3,3,3,3,1,10,1,3,1,3,3,3,4,4,4,4,4,2,0,1,0,0,0,0,0,NA,0,NA,NA,NA,NA,NA,NA,NA,NA,NA,2 3,0,1,1,0,0,0,0,0,0,NA,42,NA,15350,NA,uuid:ee111d93-b2a5-43d9-af69-8a250c7b2e2d,2512040829,uuid:ee111d93-b2a5-43d9-af69-8a250c7b2e2d,NA,NA,NA,NA,NA,NA,NA,NA,NA,NA
706355,S0701060032,CENTRAL ETHIOPIA,Misrak Guraghe,meskan,debube sherishera,Rural,"12/5/2025, 9:26:00 PM","12/5/2025, 9:35:13 AM","12/5/2025, 6:41:06 PM",12/5/2025,fef309259d139ee0,1,T5401,NA,male,5 6 7 8,0,0,0,0,1,1,1,1,0,97,0,0,0,1,Piscal edicatiation,5,NA,3,NA,0,NA,1986,2009,7,1,1,3,1 2,1,1,0,0,0,0,0,NA,1,NA,6,0,0,0,0,0,1,0,NA,1,3,0,0,1,0,0,0,NA,2 4,0,1,0,1,0,0,0,0,0,0,NA,5 6,0,0,0,0,1,1,0,0,0,0,NA,3 4,0,0,1,1,0,0,0,0,0,0,NA,3,3,3,2,3,3,3,2,8,0,0,0,0,0,0,0,1,0,0,0,0,0,NA,4,2,NA,1 2 3 4 5 6 7 8 9 10 11,1,1,1,1,1,1,1,1,1,1,1,0,0,NA,3,3,2,2,3,3,3,3,4,4,5,4,5,4,4,4,2,2,1,2 5,0,1,0,0,1,0,0,0,NA,3,3,3,3,2,3,2,4,2,4,3,5,NA,4,4,4,4,3,2 3,0,1,1,0,0,NA,1,NA,1,1,0,1,0,1,1,0,1,1,0,NA,3,3,1,1,4,3,3,1,2,2,2,2,1,2,1,1,1,1,1 6 7,1,0,0,0,0,1,1,0,0,0,0,4,3,3,3,3,3,3,3,3,2,10,3,3,3,3,4,2,4,4,4,4,4,4,0,0,0,1,0,0,0,NA,0,NA,NA,NA,NA,NA,NA,NA,NA,NA,1 2,1,1,0,0,0,0,0,0,0,NA,54,NA,15200,No,uuid:025ab375-b94c-4edf-b8eb-723a0791bd34,2512040829,uuid:025ab375-b94c-4edf-b8eb-723a0791bd34,NA,NA,NA,NA,NA,NA,NA,NA,NA,NA
706440,S0701060092,CENTRAL ETHIOPIA,Misrak Guraghe,misirak meskan,ealle,Rural,"12/26/2025, 6:20:47 PM","12/26/2025, 10:55:16 AM","12/26/2025, 1:59:13 PM",12/26/2025,1f2e7526f0d594aa,1,T38903,NA,male,5 6,0,0,0,0,1,1,0,0,0,1,1,0,0,0,NA,5,NA,3,NA,1,NA,1998,2014,4,0,NA,NA,2,0,1,0,0,0,0,0,NA,1,NA,2 6,0,1,0,0,0,1,0,NA,1,1 2 3,1,1,1,0,0,0,NA,1 2 3 4 5 6,1,1,1,1,1,1,0,0,0,0,NA,3 5,0,0,1,0,1,0,0,0,0,0,NA,3 4,0,0,1,1,0,0,0,0,0,0,NA,3,3,3,3,3,3,1,3,1 2 4 7,1,1,0,1,0,0,1,0,0,0,0,0,0,NA,3,4,NA,1 2 3 4 5 6 8 10 11,1,1,1,1,1,1,0,1,0,1,1,0,0,NA,4,4,4,3,4,4,4,3,3,4,5,5,4,4,5,4,1,1,1,2 5,0,1,0,0,1,0,0,0,NA,4,3,1,2,3,4,3,4,2,2,1,3,NA,4,4,4,4,4,1 2,1,1,0,0,0,NA,2,NA,0,0,0,0,0,0,0,1,1,0,0,NA,1,2,1,2,3,1,1,3,2,1,3,3,3,3,3,3,3,3,1 4,1,0,0,1,0,0,0,0,0,0,0,2,1,4,4,1,3,4,3,3,1,10,2,4,4,3,3,1,4,4,4,4,4,1 2 4 5,1,1,0,1,1,0,0,NA,0,NA,NA,NA,NA,NA,NA,NA,NA,NA,4 7,0,0,0,1,0,0,1,0,0,NA,36,NA,13930,የለም,uuid:f23d1eca-2bb2-419b-ac31-b55a49f65d36,2512142209,uuid:f23d1eca-2bb2-419b-ac31-b55a49f65d36,NA,NA,NA,NA,NA,NA,NA,NA,NA,NA
706440,S0701060092,CENTRAL ETHIOPIA,Misrak Guraghe,misirak meskan,ealle,Rural,"12/26/2025, 7:01:06 PM","12/26/2025, 11:05:47 AM","12/26/2025, 6:59:07 PM",12/26/2025,fef309259d139ee0,1,T38902,NA,female,3 4,0,0,1,1,0,0,0,0,0,1 97,1,0,0,1,Individual art,5,NA,2,NA,0,NA,1998,1998,1,0,NA,NA,1,1,0,0,0,0,0,0,NA,1,NA,6,0,0,0,0,0,1,0,NA,1,3,0,0,1,0,0,0,NA,1 2 3 5,1,1,1,0,1,0,0,0,0,0,NA,4 6,0,0,0,1,0,1,0,0,0,0,NA,4 6,0,0,0,1,0,1,0,0,0,0,NA,4,4,3,2,2,1,2,1,6,0,0,0,0,0,1,0,0,0,0,0,0,0,NA,3,3,NA,1 2 3,1,1,1,0,0,0,0,0,0,0,0,0,0,NA,3,4,4,3,4,4,4,3,3,3,4,5,4,5,4,5,1,1,1,2 5,0,1,0,0,1,0,0,0,NA,3,3,3,3,3,3,5,5,5,5,5,2,NA,3,4,3,3,3,1 2,1,1,0,0,0,NA,1,NA,0,1,0,1,0,0,0,1,1,0,0,NA,3,3,3,3,3,3,3,3,2,2,2,2,2,2,2,2,3,2,2 4,0,1,0,1,0,0,0,0,0,0,0,4,1,4,4,1,4,4,3,3,1,9,1,4,1,3,3,3,4,4,4,4,4,4,0,0,0,1,0,0,0,NA,1,1,3,3,1,1,1,2,1,No,1 2,1,1,0,0,0,0,0,0,0,NA,45,NA,14000,NA,uuid:062251e5-19ee-4bad-8114-5ccda8864570,2512142209,uuid:062251e5-19ee-4bad-8114-5ccda8864570,NA,NA,NA,NA,NA,NA,NA,NA,NA,NA
706440,S0701060092,CENTRAL ETHIOPIA,Misrak Guraghe,misirak meskan,ealle,Rural,"12/26/2025, 7:01:07 PM","12/26/2025, 10:44:20 AM","12/26/2025, 6:09:58 PM",12/26/2025,fef309259d139ee0,1,T3801,NA,male,1 2,1,1,0,0,0,0,0,0,0,1,1,0,0,0,NA,4,NA,2,NA,1,NA,1997,1999,2,0,NA,NA,1 2,1,1,0,0,0,0,0,NA,1,NA,6,0,0,0,0,0,1,0,NA,1,3,0,0,1,0,0,0,NA,3,0,0,1,0,0,0,0,0,0,0,NA,1 4,1,0,0,1,0,0,0,0,0,0,NA,4 6,0,0,0,1,0,1,0,0,0,0,NA,3,3,3,3,3,4,4,4,5,0,0,0,0,1,0,0,0,0,0,0,0,0,NA,2,2,NA,1,1,0,0,0,0,0,0,0,0,0,0,0,0,NA,4,4,4,4,4,4,4,3,3,3,5,5,4,4,4,5,1,1,1,2 5,0,1,0,0,1,0,0,0,NA,3,3,3,3,3,3,3,3,3,3,3,5,NA,3,3,3,3,3,2,0,1,0,0,0,NA,1,NA,0,0,0,0,0,0,0,1,0,0,0,NA,3,3,3,3,3,3,3,3,3,3,3,1,2,2,3,1,1,3,3 4,0,0,1,1,0,0,0,0,0,0,0,4,1,4,4,4,4,4,3,3,1,9,3,4,1,3,3,3,4,4,4,4,4,4,0,0,0,1,0,0,0,NA,0,NA,NA,NA,NA,NA,NA,NA,NA,NA,1 2,1,1,0,0,0,0,0,0,0,NA,38,NA,14000,NA,uuid:81d1f8c5-368e-4c3c-824a-1e41e2cfffab,2512142209,uuid:81d1f8c5-368e-4c3c-824a-1e41e2cfffab,NA,NA,NA,NA,NA,NA,NA,NA,NA,NA
706452,S0701060572,CENTRAL ETHIOPIA,Misrak Guraghe,misirak meskan,yimerwacho2k1,Rural,"12/23/2025, 6:55:31 PM","12/23/2025, 1:00:08 PM","12/23/2025, 6:26:54 PM",12/23/2025,1f2e7526f0d594aa,1,T6201,NA,male,1 2 3 4,1,1,1,1,0,0,0,0,0,2,0,1,0,0,NA,2,NA,3,NA,1,NA,2013,2015,2,0,NA,NA,1 5,1,0,0,0,1,0,0,NA,1,NA,2,0,1,0,0,0,0,0,NA,1,1 3,1,0,1,0,0,0,NA,1 2 7,1,1,0,0,0,0,1,0,0,0,NA,4 5,0,0,0,1,1,0,0,0,0,0,NA,2 4,0,1,0,1,0,0,0,0,0,0,NA,3,3,2,1,1,3,1,3,2 4 9,0,1,0,1,0,0,0,0,1,0,0,0,0,NA,1,2,NA,1 2 3 4 5 6 8 10 11,1,1,1,1,1,1,0,1,0,1,1,0,0,NA,3,3,3,3,3,3,3,4,3,4,5,4,3,4,4,5,1,1,1,2 5,0,1,0,0,1,0,0,0,NA,4,2,1,2,2,4,2,3,3,4,2,2,NA,2,2,2,1,4,1 2,1,1,0,0,0,NA,4,NA,1,0,0,1,0,1,1,1,1,1,0,NA,3,3,1,2,4,1,2,1,1,3,3,1,2,2,1,2,1,2,1 6,1,0,0,0,0,1,0,0,0,0,0,2,3,3,3,1,3,4,1,3,4,8,3,3,4,2,3,3,4,3,3,4,4,1 2 4,1,1,0,1,0,0,0,NA,1,2,2,3,2,3,2,2,1,የለም,4 7,0,0,0,1,0,0,1,0,0,NA,27,NA,10001,የለም,uuid:2b982175-f8d5-4c09-9693-d14d140a3a34,2512142209,uuid:2b982175-f8d5-4c09-9693-d14d140a3a34,NA,NA,NA,NA,NA,NA,NA,NA,NA,NA
706452,S0701060572,CENTRAL ETHIOPIA,Misrak Guraghe,misirak meskan,yimerwacho2k1,Rural,"12/23/2025, 6:55:31 PM","12/23/2025, 1:57:29 PM","12/23/2025, 6:29:10 PM",12/23/2025,1f2e7526f0d594aa,1,T6202,NA,male,1 2 5 7,1,1,0,0,1,0,1,0,0,1,1,0,0,0,NA,4,NA,5,NA,0,NA,2014,2014,1,0,NA,NA,1 5,1,0,0,0,1,0,0,NA,1,NA,2 6,0,1,0,0,0,1,0,NA,1,3,0,0,1,0,0,0,NA,1 2 7,1,1,0,0,0,0,1,0,0,0,NA,5 8,0,0,0,0,1,0,0,1,0,0,NA,4 6,0,0,0,1,0,1,0,0,0,0,NA,3,3,3,2,3,3,2,3,2 4 7 9 11,0,1,0,1,0,0,1,0,1,0,1,0,0,NA,1,4,NA,1 2 3 4 5 6 7 8,1,1,1,1,1,1,1,1,0,0,0,0,0,NA,3,4,4,3,3,3,4,3,3,4,4,4,4,5,5,5,2,2,1,2 5,0,1,0,0,1,0,0,0,NA,3,2,2,3,2,4,4,2,3,3,1,2,NA,2,2,1,1,4,1 4,1,0,0,1,0,NA,2,NA,0,0,0,1,0,1,1,1,1,1,0,NA,3,3,1,2,4,1,2,3,1,2,3,3,2,3,3,3,1,2,2 7,0,1,0,0,0,0,1,0,0,0,0,1,4,3,2,1,3,4,3,3,1,7,2,3,4,1,2,4,4,3,3,4,4,1 2 3 4 5,1,1,1,1,1,0,0,NA,1,2,2,3,2,3,2,1,1,የለም,7 8,0,0,0,0,0,0,1,1,0,NA,29,NA,10740,የለም,uuid:5bb1a173-61e5-4722-b9cf-c9ad25f91040,2512142209,uuid:5bb1a173-61e5-4722-b9cf-c9ad25f91040,NA,NA,NA,NA,NA,NA,NA,NA,NA,NA
706452,S0701060572,CENTRAL ETHIOPIA,Misrak Guraghe,misirak meskan,yimerwacho2k1,Rural,"12/24/2025, 8:11:37 PM","12/24/2025, 8:43:08 AM","12/24/2025, 3:50:58 PM",12/24/2025,1f2e7526f0d594aa,1,T6203,NA,female,1 2 3 4,1,1,1,1,0,0,0,0,0,1,1,0,0,0,NA,4,NA,3,NA,1,NA,2009,2018,2,0,NA,NA,1 5,1,0,0,0,1,0,0,NA,1,NA,2 6,0,1,0,0,0,1,0,NA,1,1 3,1,0,1,0,0,0,NA,4 9,0,0,0,1,0,0,0,0,1,0,NA,8 97,0,0,0,0,0,0,0,1,1,0,ቅንነት,3 4,0,0,1,1,0,0,0,0,0,0,NA,2,3,3,1,2,3,2,2,1 2 3 4 5 6 7 9,1,1,1,1,1,1,1,0,1,0,0,0,0,NA,2,2,NA,1 2 3 4 5 6 8 9,1,1,1,1,1,1,0,1,1,0,0,0,0,NA,4,4,4,4,4,4,3,4,4,4,5,5,4,5,4,5,1,1,1,2 5,0,1,0,0,1,0,0,0,NA,4,3,3,3,4,4,5,4,1,5,2,2,NA,1,1,1,1,4,1 2,1,1,0,0,0,NA,2,NA,1,0,0,1,0,1,1,1,1,0,0,NA,4,4,1,2,4,1,3,1,2,2,2,2,2,2,3,2,2,2,1 4,1,0,0,1,0,0,0,0,0,0,0,4,3,4,4,1,4,4,2,2,1,10,4,4,4,3,4,1,4,4,4,4,4,1 2 4,1,1,0,1,0,0,0,NA,0,NA,NA,NA,NA,NA,NA,NA,NA,NA,4 8,0,0,0,1,0,0,0,1,0,NA,27,NA,9200,የለም,uuid:073a0616-ae93-47c6-b5fc-2766a9ae8761,2512142209,uuid:073a0616-ae93-47c6-b5fc-2766a9ae8761,NA,NA,NA,NA,NA,NA,NA,NA,NA,NA
706378,S0701061122,CENTRAL ETHIOPIA,Misrak Guraghe,meskan,limuche mekicho kutir 01,Rural,"12/25/2025, 8:06:39 PM","12/24/2025, 11:45:48 AM","12/25/2025, 8:06:04 PM",12/24/2025,1f2e7526f0d594aa,1,T31901,NA,female,1 2 3,1,1,1,0,0,0,0,0,0,2 97,0,1,0,1,አካበቢ ሳይንስ,7,NA,3,NA,1,NA,1990,2014,5,0,NA,NA,1,1,0,0,0,0,0,0,NA,1,NA,2 6,0,1,0,0,0,1,0,NA,1,3,0,0,1,0,0,0,NA,1 4,1,0,0,1,0,0,0,0,0,0,NA,4 8,0,0,0,1,0,0,0,1,0,0,NA,1 4,1,0,0,1,0,0,0,0,0,0,NA,3,4,3,1,4,3,1,3,1 2 4 5 8 10 11,1,1,0,1,1,0,0,1,0,1,1,0,0,NA,2,2,NA,1 2 3 4 5 6 7 8,1,1,1,1,1,1,1,1,0,0,0,0,0,NA,4,4,4,3,4,4,4,4,4,4,5,5,4,5,3,5,3,3,1,5,0,0,0,0,1,0,0,0,NA,3,3,1,4,2,3,5,3,1,5,2,1,NA,1,4,1,1,4,2,0,1,0,0,0,NA,1,NA,0,0,0,0,0,0,0,1,1,0,0,NA,4,4,1,1,4,1,1,3,2,2,2,2,2,3,3,2,2,3,2 10,0,1,0,0,0,0,0,0,0,1,0,1,1,4,4,3,4,4,2,2,4,10,1,4,1,4,4,3,4,4,4,4,4,1 4,1,0,0,1,0,0,0,NA,1,3,3,3,3,3,2,3,1,የለም,4 8,0,0,0,1,0,0,0,1,0,NA,48,NA,15490,የለም,uuid:b2ce3f1c-2637-4443-8078-5f17856715c1,2512142209,uuid:b2ce3f1c-2637-4443-8078-5f17856715c1,NA,NA,NA,NA,NA,NA,NA,NA,NA,NA
706378,S0701061122,CENTRAL ETHIOPIA,Misrak Guraghe,meskan,limuche mekicho kutir 01,Rural,"12/25/2025, 8:36:28 PM","12/25/2025, 4:06:13 PM","12/25/2025, 8:31:54 PM",12/25/2025,fef309259d139ee0,1,T31903,NA,male,4 5 6,0,0,0,1,1,1,0,0,0,97,0,0,0,1,Ganaral saince,3,NA,5,NA,1,NA,2010,2012,2,0,NA,NA,2,0,1,0,0,0,0,0,NA,1,NA,1 2 3 4,1,1,1,1,0,0,0,NA,1,3,0,0,1,0,0,0,NA,1 2 3 4,1,1,1,1,0,0,0,0,0,0,NA,1 2,1,1,0,0,0,0,0,0,0,0,NA,3 4,0,0,1,1,0,0,0,0,0,0,NA,3,3,3,3,3,2,2,3,1 2 3 4,1,1,1,1,0,0,0,0,0,0,0,0,0,NA,2,3,NA,1 2 3,1,1,1,0,0,0,0,0,0,0,0,0,0,NA,3,3,3,3,3,3,3,3,3,3,4,4,4,4,4,4,1,1,1,2 5,0,1,0,0,1,0,0,0,NA,3,3,3,3,3,3,4,4,4,4,4,2,NA,3,3,3,3,3,1 2 3,1,1,1,0,0,NA,1,NA,0,0,0,1,0,0,0,1,0,0,0,NA,3,3,3,1,3,3,3,3,3,2,3,3,2,3,2,3,2,2,1 2,1,1,0,0,0,0,0,0,0,0,0,3,3,3,3,3,3,3,3,3,1,9,3,4,2,3,3,3,3,3,3,3,3,2 3 4 5,0,1,1,1,1,0,0,NA,0,NA,NA,NA,NA,NA,NA,NA,NA,NA,1 2,1,1,0,0,0,0,0,0,0,NA,30,NA,13300,NA,uuid:5bf28fcb-d866-4e78-9e9c-2686b7cee301,2512142209,uuid:5bf28fcb-d866-4e78-9e9c-2686b7cee301,NA,NA,NA,NA,NA,NA,NA,NA,NA,NA
706378,S0701061122,CENTRAL ETHIOPIA,Misrak Guraghe,meskan,limuche mekicho kutir 01,Rural,"12/25/2025, 8:36:28 PM","12/25/2025, 3:57:58 PM","12/25/2025, 8:31:19 PM",12/25/2025,fef309259d139ee0,1,T31902,NA,female,1 2,1,1,0,0,0,0,0,0,0,2,0,1,0,0,NA,3,NA,5,NA,1,NA,2006,2007,2,0,NA,NA,2,0,1,0,0,0,0,0,NA,1,NA,6,0,0,0,0,0,1,0,NA,1,1 2 3,1,1,1,0,0,0,NA,1 2,1,1,0,0,0,0,0,0,0,0,NA,1 2,1,1,0,0,0,0,0,0,0,0,NA,1 2,1,1,0,0,0,0,0,0,0,0,NA,3,3,3,3,3,3,3,3,1 2 3,1,1,1,0,0,0,0,0,0,0,0,0,0,NA,2,2,NA,1 2 3,1,1,1,0,0,0,0,0,0,0,0,0,0,NA,3,3,3,3,3,3,3,3,3,3,4,4,4,4,4,4,3,3,3,2 5,0,1,0,0,1,0,0,0,NA,3,3,3,3,3,3,3,3,3,3,3,2,NA,3,3,3,3,3,1 2 3,1,1,1,0,0,NA,1,NA,0,0,0,1,0,1,0,1,1,1,0,NA,3,3,3,3,3,3,3,3,3,2,3,3,3,3,3,2,3,3,1 2,1,1,0,0,0,0,0,0,0,0,0,3,3,3,3,3,3,3,3,3,1,9,3,3,3,3,3,3,4,4,4,4,4,2 3 4 5,0,1,1,1,1,0,0,NA,0,NA,NA,NA,NA,NA,NA,NA,NA,NA,1 2,1,1,0,0,0,0,0,0,0,NA,25,NA,10500,NA,uuid:8ef6ffaa-5f44-4361-a115-d8273f27eddd,2512142209,uuid:8ef6ffaa-5f44-4361-a115-d8273f27eddd,NA,NA,NA,NA,NA,NA,NA,NA,NA,NA
706361,S0701061542,CENTRAL ETHIOPIA,Misrak Guraghe,meskan,eme meskan amcha,Rural,"12/3/2025, 4:21:07 PM","12/3/2025, 11:22:19 AM","12/3/2025, 12:14:14 PM",12/3/2025,fef309259d139ee0,1,1,NA,female,2 7,0,1,0,0,0,0,1,0,0,1 97,1,0,0,1,Ceriyal teknikal education,97,Diploma,97,Diploma,0,NA,2004,2013,3,1,1,3,1,1,0,0,0,0,0,0,NA,2,NA,2 5,0,1,0,0,1,0,0,NA,1,3,0,0,1,0,0,0,NA,4 6,0,0,0,1,0,1,0,0,0,0,NA,1 3,1,0,1,0,0,0,0,0,0,0,NA,4 8,0,0,0,1,0,0,0,1,0,0,NA,4,3,3,4,1,1,2,1,4 5,0,0,0,1,1,0,0,0,0,0,0,0,0,NA,4,3,NA,3 6,0,0,1,0,0,1,0,0,0,0,0,0,0,NA,4,4,4,4,4,4,4,4,4,4,5,5,5,5,5,5,1,1,1,5,0,0,0,0,1,0,0,0,NA,4,4,2,4,4,4,5,5,5,5,1,4,NA,4,4,4,4,4,2,0,1,0,0,0,NA,2,NA,0,1,0,1,1,0,0,0,0,0,0,NA,4,4,4,1,4,4,2,2,2,2,2,2,2,2,1,1,3,2,1 4,1,0,0,1,0,0,0,0,0,0,0,4,1,4,4,1,4,4,3,2,1,10,3,1,1,4,4,1,4,4,4,4,4,2 4,0,1,0,1,0,0,0,NA,1,1,2,3,1,2,2,3,1,No,3 4,0,0,1,1,0,0,0,0,0,NA,30,NA,7200,No,uuid:b50b4d57-e6a2-4213-be15-232e7bd493ff,2512030649,uuid:b50b4d57-e6a2-4213-be15-232e7bd493ff,NA,NA,NA,NA,NA,NA,NA,NA,NA,NA
706361,S0701061542,CENTRAL ETHIOPIA,Misrak Guraghe,meskan,eme meskan amcha,Rural,"12/3/2025, 5:45:04 PM","12/3/2025, 1:20:00 PM","12/3/2025, 5:13:51 PM",12/3/2025,1f2e7526f0d594aa,1,T5503,NA,male,4 5 6 7,0,0,0,1,1,1,1,0,0,2,0,1,0,0,NA,3,NA,3,NA,1,NA,2004,2009,4,1,4,3,1,1,0,0,0,0,0,0,NA,1,NA,2 6,0,1,0,0,0,1,0,NA,1,1 3,1,0,1,0,0,0,NA,1 3,1,0,1,0,0,0,0,0,0,0,NA,4 5,0,0,0,1,1,0,0,0,0,0,NA,1 4,1,0,0,1,0,0,0,0,0,0,NA,4,3,3,2,2,4,4,3,1 2 4 7 8 11,1,1,0,1,0,0,1,1,0,0,1,0,0,NA,4,2,NA,3 4 5 6 7 8,0,0,1,1,1,1,1,1,0,0,0,0,0,NA,4,3,4,3,3,4,4,4,4,4,4,4,4,5,4,5,1,2,1,2 4 5,0,1,0,1,1,0,0,0,NA,4,4,4,4,3,4,5,4,2,4,2,2,NA,1,1,1,1,4,1 2,1,1,0,0,0,NA,2,NA,1,1,0,1,0,0,0,1,1,1,0,NA,3,3,1,1,4,1,1,1,2,1,2,3,3,3,3,2,1,3,1 10,1,0,0,0,0,0,0,0,0,1,0,4,2,2,2,1,4,4,3,1,1,10,4,3,3,3,3,2,4,3,4,4,4,1 2 4,1,1,0,1,0,0,0,NA,1,2,2,3,2,2,2,2,1,No,4 7,0,0,0,1,0,0,1,0,0,NA,35,NA,12396,የለም,uuid:8a03f618-8324-49b0-b94e-9baa46a5cad1,2512030649,uuid:8a03f618-8324-49b0-b94e-9baa46a5cad1,NA,NA,NA,NA,NA,NA,NA,NA,NA,NA
706361,S0701061542,CENTRAL ETHIOPIA,Misrak Guraghe,meskan,eme meskan amcha,Rural,"12/3/2025, 6:22:45 PM","12/3/2025, 10:32:25 AM","12/3/2025, 6:22:13 PM",12/3/2025,fef309259d139ee0,1,Tsso1,NA,female,3 4 5 6,0,0,1,1,1,1,0,0,0,2 97,0,1,0,1,Environmental since,3,NA,1,NA,0,NA,2007,2015,3,0,NA,NA,1,1,0,0,0,0,0,0,NA,1,NA,5 6,0,0,0,0,1,1,0,NA,1,1 3,1,0,1,0,0,0,NA,1 3 4,1,0,1,1,0,0,0,0,0,0,NA,4 6,0,0,0,1,0,1,0,0,0,0,NA,4 5,0,0,0,1,1,0,0,0,0,0,NA,4,4,4,3,2,1,3,1,4 8 9,0,0,0,1,0,0,0,1,1,0,0,0,0,NA,4,3,NA,4 5,0,0,0,1,1,0,0,0,0,0,0,0,0,NA,4,4,4,4,4,4,4,4,4,4,5,5,5,5,5,5,1,1,1,2,0,1,0,0,0,0,0,0,NA,4,4,4,4,4,4,4,4,2,3,1,2,NA,1,1,2,2,3,2 4,0,1,0,1,0,NA,1,NA,0,1,0,1,1,0,1,1,1,1,0,NA,1,1,1,1,4,1,3,3,2,2,2,3,3,3,2,3,3,2,1 4,1,0,0,1,0,0,0,0,0,0,0,1,1,2,3,1,4,1,1,1,1,8,3,2,2,1,4,2,4,4,4,4,4,1 4,1,0,0,1,0,0,0,NA,1,2,2,3,2,2,2,2,2,No,1 5,1,0,0,0,1,0,0,0,0,NA,27,NA,7200,No,uuid:7038ce66-8401-490e-98cd-b5e4de2e6aaf,2512030649,uuid:7038ce66-8401-490e-98cd-b5e4de2e6aaf,NA,NA,NA,NA,NA,NA,NA,NA,NA,NA
706383,S0701061552,CENTRAL ETHIOPIA,Misrak Guraghe,meskan,mesrake meskan atu,Rural,"12/4/2025, 1:38:21 PM","12/4/2025, 10:03:49 AM","12/4/2025, 1:37:17 PM",12/4/2025,1f2e7526f0d594aa,1,T5603,NA,female,1 2 3 4 6,1,1,1,1,0,1,0,0,0,2 97,0,1,0,1,Science for grade 6 and 4,5,NA,5,NA,1,NA,1988,2007,8,1,2,3,1 4 5,1,0,0,1,1,0,0,NA,1,NA,2 6,0,1,0,0,0,1,0,NA,1,1 3,1,0,1,0,0,0,NA,1 3 5 7,1,0,1,0,1,0,1,0,0,0,NA,1 4,1,0,0,1,0,0,0,0,0,0,NA,1 4,1,0,0,1,0,0,0,0,0,0,NA,3,4,3,2,4,3,3,3,2 3 4 5 9,0,1,1,1,1,0,0,0,1,0,0,0,0,NA,3,4,NA,1 2 3 4 5 6 9,1,1,1,1,1,1,0,0,1,0,0,0,0,NA,4,4,4,4,4,3,3,3,3,4,4,4,4,5,4,5,2,2,1,1 2 5,1,1,0,0,1,0,0,0,NA,3,4,1,2,2,4,5,4,2,5,2,2,NA,2,3,2,1,4,1 2,1,1,0,0,0,NA,3,NA,0,1,1,1,1,0,0,1,1,1,0,NA,2,3,1,1,4,1,1,3,2,2,3,3,3,2,3,3,1,3,3 4,0,0,1,1,0,0,0,0,0,0,0,2,3,3,3,3,4,3,3,2,1,9,1,3,4,3,4,2,4,4,3,3,4,1 2 4,1,1,0,1,0,0,0,NA,1,3,2,2,1,2,3,2,2,No,1 3,1,0,1,0,0,0,0,0,0,NA,48,NA,16715,No,uuid:7132afa1-4327-47a4-a27c-73687f89f736,2512040829,uuid:7132afa1-4327-47a4-a27c-73687f89f736,NA,NA,NA,NA,NA,NA,NA,NA,NA,NA
706383,S0701061552,CENTRAL ETHIOPIA,Misrak Guraghe,meskan,mesrake meskan atu,Rural,"12/4/2025, 4:11:54 PM","12/4/2025, 8:56:55 AM","12/4/2025, 4:08:32 PM",12/4/2025,fef309259d139ee0,1,T5601,NA,female,1 4 5 6,1,0,0,1,1,1,0,0,0,2 97,0,1,0,1,Amharic,6,NA,1,NA,0,NA,1986,2006,3,1,3,3,1,1,0,0,0,0,0,0,NA,1,NA,2,0,1,0,0,0,0,0,NA,1,3,0,0,1,0,0,0,NA,1 2 3,1,1,1,0,0,0,0,0,0,0,NA,4 8,0,0,0,1,0,0,0,1,0,0,NA,4 6,0,0,0,1,0,1,0,0,0,0,NA,4,4,4,2,4,1,1,1,3 8,0,0,1,0,0,0,0,1,0,0,0,0,0,NA,4,2,NA,3 5,0,0,1,0,1,0,0,0,0,0,0,0,0,NA,4,4,4,3,4,4,4,4,4,4,5,5,5,5,5,5,1,1,1,2 5,0,1,0,0,1,0,0,0,NA,4,2,2,4,2,3,4,3,2,5,1,2,NA,1,1,1,4,3,2,0,1,0,0,0,NA,2,NA,1,1,0,0,0,0,0,0,0,1,0,NA,3,3,4,1,4,3,3,1,1,2,1,1,2,2,1,2,1,1,1 4,1,0,0,1,0,0,0,0,0,0,0,4,3,3,3,3,4,4,3,3,1,10,4,2,2,1,4,4,4,4,4,4,4,4,0,0,0,1,0,0,0,NA,0,NA,NA,NA,NA,NA,NA,NA,NA,NA,7,0,0,0,0,0,0,1,0,0,NA,50,NA,15490,No,uuid:dd7944cf-46a8-42b6-8d26-d4e840c4c2a0,2512030649,uuid:dd7944cf-46a8-42b6-8d26-d4e840c4c2a0,NA,NA,NA,NA,NA,NA,NA,NA,NA,NA
706383,S0701061552,CENTRAL ETHIOPIA,Misrak Guraghe,meskan,mesrake meskan atu,Rural,"12/4/2025, 4:11:55 PM","12/4/2025, 9:59:34 AM","12/4/2025, 4:08:44 PM",12/4/2025,fef309259d139ee0,1,T5602,NA,male,9,0,0,0,0,0,0,0,0,1,1 2 3,1,1,1,0,NA,7,NA,5,NA,0,NA,1984,2017,5,0,NA,NA,1,1,0,0,0,0,0,0,NA,1,NA,5 6,0,0,0,0,1,1,0,NA,1,3,0,0,1,0,0,0,NA,4 5,0,0,0,1,1,0,0,0,0,0,NA,1 6,1,0,0,0,0,1,0,0,0,0,NA,1 6,1,0,0,0,0,1,0,0,0,0,NA,4,4,2,2,2,2,2,2,2 4,0,1,0,1,0,0,0,0,0,0,0,0,0,NA,4,3,NA,8 11,0,0,0,0,0,0,0,1,0,0,1,0,0,NA,3,3,4,3,3,3,4,3,3,4,5,5,4,4,4,5,1,1,1,5,0,0,0,0,1,0,0,0,NA,4,4,4,4,2,3,3,4,1,4,2,2,NA,3,4,4,3,4,2,0,1,0,0,0,NA,2,NA,1,1,0,1,0,0,0,1,0,0,0,NA,3,3,1,1,4,3,3,3,2,1,2,2,2,2,1,2,2,1,1 4,1,0,0,1,0,0,0,0,0,0,0,3,3,3,3,3,3,4,3,3,1,10,3,3,3,1,4,3,4,3,3,3,4,4,0,0,0,1,0,0,0,NA,0,NA,NA,NA,NA,NA,NA,NA,NA,NA,2,0,1,0,0,0,0,0,0,0,NA,45,NA,16450,No,uuid:8a2ff9c7-1b33-4e64-a74e-e1a04e9518e4,2512030649,uuid:8a2ff9c7-1b33-4e64-a74e-e1a04e9518e4,NA,NA,NA,NA,NA,NA,NA,NA,NA,NA
706445,S0701061742,CENTRAL ETHIOPIA,Misrak Guraghe,misirak meskan,eallequ2,Rural,"12/19/2025, 6:41:12 PM","12/19/2025, 9:31:52 AM","12/19/2025, 6:38:48 PM",12/19/2025,1f2e7526f0d594aa,1,T6101,NA,female,1 2 6 9,1,1,0,0,0,1,0,0,1,1,1,0,0,0,NA,4,NA,3,NA,1,NA,2003,2011,4,1,3,3,5,0,0,0,0,1,0,0,NA,1,NA,97,0,0,0,0,0,0,1,ምንም አይደረግም የመምህራን እጥረት ስላለ,1,3,0,0,1,0,0,0,NA,2 4,0,1,0,1,0,0,0,0,0,0,NA,1 4,1,0,0,1,0,0,0,0,0,0,NA,2 4,0,1,0,1,0,0,0,0,0,0,NA,2,3,2,3,3,3,3,1,1 2 3 4 5 7,1,1,1,1,1,0,1,0,0,0,0,0,0,NA,0,2,NA,1 4,1,0,0,1,0,0,0,0,0,0,0,0,0,NA,2,2,3,1,2,2,4,3,4,4,4,4,4,4,3,3,3,3,1,5,0,0,0,0,1,0,0,0,NA,3,2,1,3,2,4,2,2,1,3,1,1,NA,4,4,3,1,4,2,0,1,0,0,0,NA,2,NA,0,0,0,0,1,1,1,1,1,0,0,NA,4,4,1,3,4,1,1,1,2,2,2,2,3,2,1,2,2,3,1 2,1,1,0,0,0,0,0,0,0,0,0,4,3,4,4,1,4,4,2,2,2,8,4,4,4,1,4,4,4,4,3,4,4,1 2 3 4,1,1,1,1,0,0,0,NA,1,2,2,3,1,2,2,2,2,የለም,1 4,1,0,0,1,0,0,0,0,0,NA,40,NA,10430,የለም,uuid:475c650a-c80e-4811-aaa1-e4386a6cc061,2512142209,uuid:475c650a-c80e-4811-aaa1-e4386a6cc061,NA,NA,NA,NA,NA,NA,NA,NA,NA,NA
706445,S0701061742,CENTRAL ETHIOPIA,Misrak Guraghe,misirak meskan,eallequ2,Rural,"12/19/2025, 6:41:13 PM","12/19/2025, 12:33:24 PM","12/19/2025, 6:39:10 PM",12/19/2025,1f2e7526f0d594aa,1,T6102,NA,male,1 2 3 4,1,1,1,1,0,0,0,0,0,2,0,1,0,0,NA,3,NA,3,NA,1,NA,2009,2014,2,0,NA,NA,1 5,1,0,0,0,1,0,0,NA,1,NA,1,1,0,0,0,0,0,0,NA,1,3,0,0,1,0,0,0,NA,1 2,1,1,0,0,0,0,0,0,0,0,NA,4 5,0,0,0,1,1,0,0,0,0,0,NA,4 6,0,0,0,1,0,1,0,0,0,0,NA,2,2,2,1,2,1,2,1,1 2 4 7,1,1,0,1,0,0,1,0,0,0,0,0,0,NA,1,4,NA,1 2 3 4 5,1,1,1,1,1,0,0,0,0,0,0,0,0,NA,3,3,3,2,3,2,4,4,3,4,5,3,3,4,4,4,3,3,1,2 5,0,1,0,0,1,0,0,0,NA,3,2,1,3,2,4,2,3,1,2,1,2,NA,2,2,1,1,4,2,0,1,0,0,0,NA,4,NA,0,0,0,1,1,1,1,1,1,0,0,NA,3,3,3,2,4,1,1,1,2,3,3,1,2,3,1,3,1,2,1 5,1,0,0,0,1,0,0,0,0,0,0,2,3,4,4,1,4,4,3,2,1,7,3,3,4,2,3,4,4,3,3,4,4,1 2 4,1,1,0,1,0,0,0,NA,1,3,2,2,1,1,1,1,1,የለም,4 8,0,0,0,1,0,0,0,1,0,NA,32,NA,10001,የለም,uuid:2d22e810-b0fe-49e3-8a84-7e58a83a8477,2512142209,uuid:2d22e810-b0fe-49e3-8a84-7e58a83a8477,NA,NA,NA,NA,NA,NA,NA,NA,NA,NA
706445,S0701061742,CENTRAL ETHIOPIA,Misrak Guraghe,misirak meskan,eallequ2,Rural,"12/19/2025, 6:41:13 PM","12/19/2025, 2:47:06 PM","12/19/2025, 6:39:49 PM",12/19/2025,1f2e7526f0d594aa,1,T6103,NA,male,2 4 5 6,0,1,0,1,1,1,0,0,0,97,0,0,0,1,አካባቢ ሳይንስ,4,NA,3,NA,1,NA,2010,2016,2,0,NA,NA,1 5,1,0,0,0,1,0,0,NA,5,NA,1 2,1,1,0,0,0,0,0,NA,1,1 3,1,0,1,0,0,0,NA,1 2 7,1,1,0,0,0,0,1,0,0,0,NA,5 8,0,0,0,0,1,0,0,1,0,0,NA,4 7,0,0,0,1,0,0,1,0,0,0,NA,2,2,1,1,1,2,2,1,1 2 4 9,1,1,0,1,0,0,0,0,1,0,0,0,0,NA,1,2,NA,1 2 3 4,1,1,1,1,0,0,0,0,0,0,0,0,0,NA,2,3,3,2,3,2,3,3,4,4,4,4,3,4,4,4,2,2,1,2 4 5,0,1,0,1,1,0,0,0,NA,3,2,1,3,2,4,2,2,1,2,1,2,NA,2,4,3,2,4,2,0,1,0,0,0,NA,4,NA,1,1,0,0,0,1,1,1,1,0,0,NA,3,3,1,2,4,1,1,1,2,2,3,3,2,3,3,3,2,3,1 8,1,0,0,0,0,0,0,1,0,0,0,2,2,3,3,1,2,4,3,3,4,8,3,2,4,1,3,3,4,3,3,3,4,1 2 4 5,1,1,0,1,1,0,0,NA,1,2,2,3,2,2,2,2,1,none,5 7,0,0,0,0,1,0,1,0,0,NA,36,NA,10740,No,uuid:81b56aee-a94f-40d6-884c-8c2b8496eb22,2512142209,uuid:81b56aee-a94f-40d6-884c-8c2b8496eb22,NA,NA,NA,NA,NA,NA,NA,NA,NA,NA
705273,S0701110122,CENTRAL ETHIOPIA,Guraghe,enor ener,anizeche,Rural,"12/23/2025, 9:02:03 PM","12/23/2025, 8:11:14 AM","12/23/2025, 9:00:56 PM",12/23/2025,283bb7b7f4ef185f,1,T3701,NA,male,5 6 7 8,0,0,0,0,1,1,1,1,0,3,0,0,1,0,NA,3,NA,3,NA,0,NA,2014,2014,5,0,NA,NA,1 2 5,1,1,0,0,1,0,0,NA,1,NA,2 5 6,0,1,0,0,1,1,0,NA,1,1 2 3 4,1,1,1,1,0,0,NA,1 2 3 4 7 8,1,1,1,1,0,0,1,1,0,0,NA,1 4,1,0,0,1,0,0,0,0,0,0,NA,7 8,0,0,0,0,0,0,1,1,0,0,NA,4,4,3,2,4,3,4,3,4,0,0,0,1,0,0,0,0,0,0,0,0,0,NA,4,2,NA,1 2 3 5 9,1,1,1,0,1,0,0,0,1,0,0,0,0,NA,4,4,4,4,4,4,4,4,4,4,5,5,5,5,5,5,1,1,1,2 5,0,1,0,0,1,0,0,0,NA,4,4,4,4,4,4,4,4,3,4,4,1,NA,4,4,4,4,4,1 2 3,1,1,1,0,0,NA,1,NA,1,1,1,1,0,1,1,1,1,1,0,NA,1,1,1,1,4,1,2,1,2,1,3,3,3,3,3,3,3,3,5 8,0,0,0,0,1,0,0,1,0,0,0,4,1,4,4,3,4,4,3,3,4,8,4,4,4,4,4,4,4,4,4,4,4,1 2 4,1,1,0,1,0,0,0,NA,1,2,2,1,1,2,1,2,1,Yelem,4 7,0,0,0,1,0,0,1,0,0,NA,26,NA,9800,"Metsehafe begize al3magegnet neger yetayal bitasebebet 
Memeher yelelachew sebjetoche ale memher bimala",uuid:a593176a-8cae-413f-a9d8-56809c47bc18,2512142209,uuid:a593176a-8cae-413f-a9d8-56809c47bc18,NA,NA,NA,NA,NA,NA,NA,NA,NA,NA
705273,S0701110122,CENTRAL ETHIOPIA,Guraghe,enor ener,anizeche,Rural,"12/23/2025, 9:02:03 PM","12/23/2025, 10:49:43 AM","12/23/2025, 9:00:24 PM",12/23/2025,283bb7b7f4ef185f,1,T3702,NA,female,2 3 4 5 6 7 8,0,1,1,1,1,1,1,1,0,3,0,0,1,0,NA,3,NA,5,NA,1,NA,2015,2016,4,1,1,3,1 2,1,1,0,0,0,0,0,NA,1,NA,2 5 6,0,1,0,0,1,1,0,NA,1,1 2 3 4,1,1,1,1,0,0,NA,1 2 3 4 5 6 7 8,1,1,1,1,1,1,1,1,0,0,NA,1 4,1,0,0,1,0,0,0,0,0,0,NA,4 7,0,0,0,1,0,0,1,0,0,0,NA,4,4,3,2,4,2,2,3,4,0,0,0,1,0,0,0,0,0,0,0,0,0,NA,2,3,NA,1 2 3 5 9,1,1,1,0,1,0,0,0,1,0,0,0,0,NA,4,4,4,4,4,4,4,4,4,4,5,5,5,5,5,5,1,1,1,2 5,0,1,0,0,1,0,0,0,NA,4,4,4,4,4,4,4,4,2,4,4,1,NA,4,4,4,4,4,1 2 3,1,1,1,0,0,NA,1,NA,0,0,1,0,1,1,1,1,1,1,0,NA,1,1,1,1,4,1,1,3,2,2,3,2,2,2,2,2,3,3,6 11,0,0,0,0,0,1,0,0,0,0,1,4,1,4,4,1,4,4,2,1,2,10,4,4,4,4,4,4,4,4,4,4,4,2 3 4,0,1,1,1,0,0,0,NA,1,2,2,1,1,1,1,1,1,Ksabject wechi mazetmarachen bistekakel,4 8,0,0,0,1,0,0,0,1,0,NA,25,NA,10480,Amsrgenalehu,uuid:7b8266f0-d6a5-4238-ba93-f73f2ea17075,2512142209,uuid:7b8266f0-d6a5-4238-ba93-f73f2ea17075,NA,NA,NA,NA,NA,NA,NA,NA,NA,NA
705273,S0701110122,CENTRAL ETHIOPIA,Guraghe,enor ener,anizeche,Rural,"12/23/2025, 9:34:12 PM","12/23/2025, 6:45:56 PM","12/23/2025, 9:02:31 PM",12/23/2025,3618c5f2ca206d06,1,T3703,NA,male,5 6 7 8,0,0,0,0,1,1,1,1,0,1,1,0,0,0,NA,4,NA,5,NA,1,NA,2008,2014,2,1,1,3,1 5,1,0,0,0,1,0,0,NA,1,NA,6,0,0,0,0,0,1,0,NA,1,1 3,1,0,1,0,0,0,NA,1 3 4 5 7,1,0,1,1,1,0,1,0,0,0,NA,4 5,0,0,0,1,1,0,0,0,0,0,NA,2 6,0,1,0,0,0,1,0,0,0,0,NA,3,3,3,2,2,2,1,1,4 5 6,0,0,0,1,1,1,0,0,0,0,0,0,0,NA,3,3,NA,1 2 3 4 5 6 7 8 9,1,1,1,1,1,1,1,1,1,0,0,0,0,NA,4,4,4,3,4,4,4,3,3,4,5,5,4,5,5,5,1,1,1,5,0,0,0,0,1,0,0,0,NA,3,3,2,4,3,4,5,4,2,5,2,1,NA,3,3,3,3,3,1 2,1,1,0,0,0,NA,2,NA,0,0,0,1,0,0,0,1,1,0,0,NA,1,2,1,1,4,1,1,3,2,2,3,3,2,3,3,3,3,3,4 6,0,0,0,1,0,1,0,0,0,0,0,3,1,3,3,1,4,3,3,3,1,9,3,4,3,2,3,2,4,4,3,4,4,2 4,0,1,0,1,0,0,0,NA,1,3,3,3,2,3,3,3,2,None,7,0,0,0,0,0,0,1,0,0,NA,31,NA,12360,None,uuid:c2306f01-5d76-49a6-a85c-cc3874f098d2,2512142209,uuid:c2306f01-5d76-49a6-a85c-cc3874f098d2,NA,NA,NA,NA,NA,NA,NA,NA,NA,NA
705180,S0701110182,CENTRAL ETHIOPIA,Guraghe,enemor,shebira ber,Urban,"12/22/2025, 2:44:09 PM","12/22/2025, 10:05:50 AM","12/22/2025, 2:42:58 PM",12/22/2025,283bb7b7f4ef185f,1,T3501,NA,male,2 3 4 5,0,1,1,1,1,0,0,0,0,2,0,1,0,0,NA,3,NA,5,NA,1,NA,2007,2017,3,0,NA,NA,1 2 5,1,1,0,0,1,0,0,NA,1,NA,2 5 6,0,1,0,0,1,1,0,NA,1,1 2 3 4,1,1,1,1,0,0,NA,1 2 3 4 5 6 7,1,1,1,1,1,1,1,0,0,0,NA,4 8,0,0,0,1,0,0,0,1,0,0,NA,4 8,0,0,0,1,0,0,0,1,0,0,NA,4,4,3,3,2,3,3,3,4 5 6 7,0,0,0,1,1,1,1,0,0,0,0,0,0,NA,4,2,NA,1 2 3 5 9 11,1,1,1,0,1,0,0,0,1,0,1,0,0,NA,4,4,4,4,4,4,4,4,4,4,5,5,5,5,5,5,1,1,1,2 5,0,1,0,0,1,0,0,0,NA,4,4,4,4,4,4,4,4,4,4,4,2,NA,4,4,4,4,4,1 2 3,1,1,1,0,0,NA,1,NA,1,1,1,1,1,1,1,1,1,1,0,NA,1,1,1,4,4,1,1,1,2,1,2,2,2,3,2,3,2,2,1 4,1,0,0,1,0,0,0,0,0,0,0,4,1,4,4,3,4,4,1,1,4,10,4,4,4,4,4,4,4,4,4,4,4,2 4,0,1,0,1,0,0,0,NA,1,1,1,2,1,2,1,2,1,Yelem,1 4,1,0,0,1,0,0,0,0,0,NA,30,NA,11500,Teyakew memar masetemaru lay yatekuru nachew bertu amesegenalehu,uuid:fdd55682-8985-4cb6-a45b-2d256ae33d86,2512142209,uuid:fdd55682-8985-4cb6-a45b-2d256ae33d86,NA,NA,NA,NA,NA,NA,NA,NA,NA,NA
705180,S0701110182,CENTRAL ETHIOPIA,Guraghe,enemor,shebira ber,Urban,"12/22/2025, 2:44:09 PM","12/22/2025, 11:38:55 AM","12/22/2025, 2:43:18 PM",12/22/2025,283bb7b7f4ef185f,1,T3502,NA,male,4 5,0,0,0,1,1,0,0,0,0,3,0,0,1,0,NA,4,NA,3,NA,0,NA,2006,2012,3,1,2,3,1 2 5,1,1,0,0,1,0,0,NA,1,NA,2 5 6,0,1,0,0,1,1,0,NA,1,1 2 3 4,1,1,1,1,0,0,NA,1 2 4 5 6,1,1,0,1,1,1,0,0,0,0,NA,4 6,0,0,0,1,0,1,0,0,0,0,NA,4 6,0,0,0,1,0,1,0,0,0,0,NA,4,3,2,2,2,2,2,3,4,0,0,0,1,0,0,0,0,0,0,0,0,0,NA,3,3,NA,1 2 3 5 9,1,1,1,0,1,0,0,0,1,0,0,0,0,NA,4,4,4,4,4,4,4,4,4,4,5,5,5,5,5,5,1,1,1,2 3 5,0,1,1,0,1,0,0,0,NA,4,4,4,4,4,4,4,4,4,4,4,1,NA,4,4,4,4,4,1 2 3,1,1,1,0,0,NA,1,NA,1,1,1,1,1,1,1,1,1,1,0,NA,2,3,1,1,4,1,3,2,2,2,2,2,2,3,2,2,3,3,4 8,0,0,0,1,0,0,0,1,0,0,0,4,1,4,4,2,4,4,3,3,1,10,3,4,1,4,4,4,4,4,4,4,4,1 2 4,1,1,0,1,0,0,0,NA,1,2,2,2,2,2,2,2,2,Metenagna new yemaheberseb degaf betenaker,4 7,0,0,0,1,0,0,1,0,0,NA,34,NA,12396,Hulum memeher tenkero bisera yelabun biyagegne teru senemegebar bisetekakel mmasetmaru lay,uuid:2dcfc6f3-0fee-41ad-a296-ad2bcb1ec52b,2512142209,uuid:2dcfc6f3-0fee-41ad-a296-ad2bcb1ec52b,NA,NA,NA,NA,NA,NA,NA,NA,NA,NA
705180,S0701110182,CENTRAL ETHIOPIA,Guraghe,enemor,shebira ber,Urban,"12/22/2025, 8:00:29 PM","12/22/2025, 6:32:04 PM","12/22/2025, 6:57:20 PM",12/22/2025,3618c5f2ca206d06,1,3503,NA,female,4 5 6 7 8 9,0,0,0,1,1,1,1,1,1,1,1,0,0,0,NA,4,NA,5,NA,1,NA,2012,2015,3,1,1,3,5,0,0,0,0,1,0,0,NA,1,NA,2 6,0,1,0,0,0,1,0,NA,1,1 3,1,0,1,0,0,0,NA,1 2 3 4 5 6 7,1,1,1,1,1,1,1,0,0,0,NA,4 5,0,0,0,1,1,0,0,0,0,0,NA,1 4,1,0,0,1,0,0,0,0,0,0,NA,3,3,3,3,2,1,1,1,4 5 7 8,0,0,0,1,1,0,1,1,0,0,0,0,0,NA,3,3,NA,1 2 3 4 5 7 8 9 10,1,1,1,1,1,0,1,1,1,1,0,0,0,NA,4,4,4,3,4,4,4,4,3,4,5,5,4,5,5,5,1,1,1,5,0,0,0,0,1,0,0,0,NA,3,3,3,3,2,4,5,4,2,5,2,1,NA,4,4,4,3,4,1 2,1,1,0,0,0,NA,2,NA,0,0,0,1,0,0,0,1,1,0,0,NA,1,1,1,1,4,1,1,3,2,2,2,3,3,3,3,3,3,3,4 6,0,0,0,1,0,1,0,0,0,0,0,3,1,3,3,1,4,3,3,3,1,8,3,4,2,4,4,1,4,4,3,4,4,2 4,0,1,0,1,0,0,0,NA,0,NA,NA,NA,NA,NA,NA,NA,NA,NA,7 8,0,0,0,0,0,0,1,1,0,NA,27,NA,12200,None,uuid:bc71ae9f-a048-458a-a4d0-a00188b89dcd,2512030649,uuid:bc71ae9f-a048-458a-a4d0-a00188b89dcd,NA,NA,NA,NA,NA,NA,NA,NA,NA,NA
705182,S0701110262,CENTRAL ETHIOPIA,Guraghe,enemor,terihogne,Urban,"12/11/2025, 1:38:58 PM","12/11/2025, 10:05:54 AM","12/11/2025, 12:38:06 PM",12/11/2025,3618c5f2ca206d06,1,T3603,NA,female,7 8,0,0,0,0,0,0,1,1,0,97,0,0,0,1,Social,4,NA,5,NA,1,NA,1998,2005,2,0,NA,NA,2,0,1,0,0,0,0,0,NA,1,NA,5 6,0,0,0,0,1,1,0,NA,1,2 3,0,1,1,0,0,0,NA,1 2 3 4 5 7,1,1,1,1,1,0,1,0,0,0,NA,5 7,0,0,0,0,1,0,1,0,0,0,NA,1 7,1,0,0,0,0,0,1,0,0,0,NA,4,4,4,4,3,3,1,3,4 5,0,0,0,1,1,0,0,0,0,0,0,0,0,NA,4,3,NA,1 2 3 4 5 7 9,1,1,1,1,1,0,1,0,1,0,0,0,0,NA,4,3,2,3,3,3,4,3,3,4,5,4,5,5,5,4,1,1,1,2 5,0,1,0,0,1,0,0,0,NA,4,3,3,3,2,4,2,4,2,4,4,3,NA,4,4,4,2,3,2,0,1,0,0,0,NA,1,NA,0,0,0,0,1,0,0,1,1,0,0,NA,1,1,3,1,4,1,1,2,3,2,2,2,2,3,3,3,3,2,3 4,0,0,1,1,0,0,0,0,0,0,0,1,1,4,4,1,4,4,3,3,1,7,1,3,4,3,4,3,4,4,3,4,4,2 4,0,1,0,1,0,0,0,NA,1,3,3,3,2,2,2,3,1,None,3 4,0,0,1,1,0,0,0,0,0,NA,35,NA,14000,"Due to the lack of Visual Arts teachers, I am delivering this subject even though it is not my area of specialization.",uuid:f4d9cb22-7497-4595-bfc1-8e2bd25aa2be,2512030649,uuid:f4d9cb22-7497-4595-bfc1-8e2bd25aa2be,NA,NA,NA,NA,NA,NA,NA,NA,NA,NA
705182,S0701110262,CENTRAL ETHIOPIA,Guraghe,enemor,terihogne,Urban,"12/11/2025, 4:09:41 PM","12/11/2025, 10:00:12 AM","12/11/2025, 3:55:17 PM",12/11/2025,283bb7b7f4ef185f,1,T3601,NA,female,8,0,0,0,0,0,0,0,1,0,1,1,0,0,0,NA,4,NA,5,NA,1,NA,2007,2018,2,1,1,3,1 2 5,1,1,0,0,1,0,0,NA,1,NA,2 5 6,0,1,0,0,1,1,0,NA,1,1 2 3,1,1,1,0,0,0,NA,1 2 3 4 5 6 7 8,1,1,1,1,1,1,1,1,0,0,NA,2 8,0,1,0,0,0,0,0,1,0,0,NA,6 7,0,0,0,0,0,1,1,0,0,0,NA,4,4,2,2,4,3,3,3,3 4 6 8,0,0,1,1,0,1,0,1,0,0,0,0,0,NA,1,4,NA,1 2 3 9,1,1,1,0,0,0,0,0,1,0,0,0,0,NA,4,4,4,3,4,4,3,4,4,4,5,5,4,5,5,5,1,1,1,2 5,0,1,0,0,1,0,0,0,NA,2,2,2,2,2,2,4,4,4,4,4,3,NA,4,4,4,4,4,1 2 4,1,1,0,1,0,NA,2,NA,1,1,1,1,1,1,1,1,1,1,0,NA,4,4,1,2,4,1,1,1,2,2,3,2,2,1,1,1,1,2,1 8,1,0,0,0,0,0,0,1,0,0,0,4,4,2,4,2,4,4,2,1,1,10,4,4,3,4,4,3,3,4,4,4,4,2 4,0,1,0,1,0,0,0,NA,1,1,1,1,1,1,1,1,1,Yelem,4 7,0,0,0,1,0,0,1,0,0,NA,35,NA,9096,Yelegnem amesegenalehu,uuid:a9317d14-5462-4490-99c1-5776410686af,2512040829,uuid:a9317d14-5462-4490-99c1-5776410686af,NA,NA,NA,NA,NA,NA,NA,NA,NA,NA
705182,S0701110262,CENTRAL ETHIOPIA,Guraghe,enemor,terihogne,Urban,"12/11/2025, 4:09:42 PM","12/11/2025, 10:43:03 AM","12/11/2025, 3:55:58 PM",12/11/2025,283bb7b7f4ef185f,1,T3602,NA,male,7,0,0,0,0,0,0,1,0,0,3,0,0,1,0,NA,6,NA,5,NA,1,NA,2000,2013,5,0,NA,NA,1 2 5,1,1,0,0,1,0,0,NA,4,NA,2 5 6,0,1,0,0,1,1,0,NA,1,1 2 3,1,1,1,0,0,0,NA,1 2 3 4 5 6 7 8,1,1,1,1,1,1,1,1,0,0,NA,4 6,0,0,0,1,0,1,0,0,0,0,NA,4 8,0,0,0,1,0,0,0,1,0,0,NA,4,4,4,2,4,2,2,2,4 5 6 7,0,0,0,1,1,1,1,0,0,0,0,0,0,NA,1,2,NA,1 2 3 5,1,1,1,0,1,0,0,0,0,0,0,0,0,NA,4,4,3,3,3,4,4,4,4,4,5,5,5,5,5,5,1,1,1,2 5,0,1,0,0,1,0,0,0,NA,4,4,4,4,4,4,5,5,5,5,5,1,NA,4,4,4,4,4,1 2,1,1,0,0,0,NA,3,NA,1,1,0,1,1,1,1,1,1,1,0,NA,1,1,1,1,4,1,1,3,2,2,2,2,1,3,3,1,3,2,4 11,0,0,0,1,0,0,0,0,0,0,1,4,1,4,4,3,4,3,1,1,2,10,4,4,1,4,4,3,4,4,4,4,4,2 4,0,1,0,1,0,0,0,NA,1,1,1,1,1,1,1,1,1,Yelem,4 7,0,0,0,1,0,0,1,0,0,NA,32,NA,8600,Kemetechachet kerbe belo keftetachenen beseletena betabekun betedegefun yetshale new yeyakew temchetognale bertu,uuid:b55665ed-9c03-4391-8eb2-78ec3edb6620,2512040829,uuid:b55665ed-9c03-4391-8eb2-78ec3edb6620,NA,NA,NA,NA,NA,NA,NA,NA,NA,NA
707795,S0702010022,CENTRAL ETHIOPIA,Hadiya,misha,morsito level1 primaryschool,Urban,"12/16/2025, 8:05:37 PM","12/16/2025, 11:13:55 AM","12/16/2025, 7:52:54 PM",12/16/2025,402aa563e792bb9b,1,T6902,NA,male,2,0,1,0,0,0,0,0,0,0,1,1,0,0,0,NA,3,NA,3,NA,1,NA,2013,2013,1,0,NA,NA,2,0,1,0,0,0,0,0,NA,1,NA,6,0,0,0,0,0,1,0,NA,1,2 3,0,1,1,0,0,0,NA,1 2 3 4 5,1,1,1,1,1,0,0,0,0,0,NA,4 7,0,0,0,1,0,0,1,0,0,0,NA,1 5,1,0,0,0,1,0,0,0,0,0,NA,3,2,3,3,3,2,2,2,2 3 4 8 9 11,0,1,1,1,0,0,0,1,1,0,1,0,0,NA,4,2,NA,1 2 3 4 5 6 7 8 9 10 11,1,1,1,1,1,1,1,1,1,1,1,0,0,NA,4,4,4,4,4,4,4,4,4,4,4,4,5,5,5,5,1,1,1,2 5,0,1,0,0,1,0,0,0,NA,4,2,3,4,2,2,4,4,2,4,2,2,NA,3,4,4,1,4,2,0,1,0,0,0,NA,3,NA,1,1,0,0,0,1,0,1,1,0,0,NA,1,2,4,1,4,1,1,3,1,3,3,3,3,3,3,3,3,3,1 11,1,0,0,0,0,0,0,0,0,0,1,4,3,3,4,4,4,1,3,1,2,10,3,4,4,4,4,1,4,4,3,4,4,2 4,0,1,0,1,0,0,0,NA,1,2,2,3,3,2,1,3,1,No,3 6,0,0,1,0,0,1,0,0,0,NA,25,NA,10001,Nothing,uuid:a7edf838-9c52-4793-bebc-2dd28f711149,2512142209,uuid:a7edf838-9c52-4793-bebc-2dd28f711149,NA,NA,NA,NA,NA,NA,NA,NA,NA,NA
707795,S0702010022,CENTRAL ETHIOPIA,Hadiya,misha,morsito level1 primaryschool,Urban,"12/17/2025, 4:50:37 AM","12/16/2025, 11:03:41 AM","12/17/2025, 4:49:19 AM",12/16/2025,f9d6a239f0ca8566,1,T6901,NA,female,1 3,1,0,1,0,0,0,0,0,0,97,0,0,0,1,HP(sport),5,NA,3,NA,1,NA,1992,2011,4,1,2,2,2,0,1,0,0,0,0,0,NA,1,NA,2,0,1,0,0,0,0,0,NA,1,3,0,0,1,0,0,0,NA,1 2 4 5,1,1,0,1,1,0,0,0,0,0,NA,1 7,1,0,0,0,0,0,1,0,0,0,NA,4 8,0,0,0,1,0,0,0,1,0,0,NA,2,2,2,1,1,1,1,1,12,0,0,0,0,0,0,0,0,0,0,0,1,0,Class work home work  grupe work,2,2,NA,1 3 4 6 7 8 9 10 11,1,0,1,1,0,1,1,1,1,1,1,0,0,NA,3,4,4,3,4,4,4,4,3,4,5,5,5,5,5,5,1,1,1,2 5,0,1,0,0,1,0,0,0,NA,2,3,1,3,2,3,2,3,1,2,1,5,NA,4,4,4,1,4,2,0,1,0,0,0,NA,3,NA,0,0,0,0,1,1,0,0,0,0,0,NA,1,1,1,1,4,1,1,3,2,3,3,3,2,2,3,3,3,3,3 8,0,0,1,0,0,0,0,1,0,0,0,4,1,4,4,1,4,1,3,3,1,10,1,4,1,4,4,1,4,4,4,4,4,1 4,1,0,0,1,0,0,0,NA,0,NA,NA,NA,NA,NA,NA,NA,NA,NA,1 4,1,0,0,1,0,0,0,0,0,NA,44,NA,15490,No any other challenge,uuid:cdfd2037-34ef-4024-8955-1fca8f95db90,2512142209,uuid:cdfd2037-34ef-4024-8955-1fca8f95db90,NA,NA,NA,NA,NA,NA,NA,NA,NA,NA
707795,S0702010022,CENTRAL ETHIOPIA,Hadiya,misha,morsito level1 primaryschool,Urban,"12/17/2025, 4:50:38 AM","12/16/2025, 11:54:14 AM","12/17/2025, 4:50:21 AM",12/16/2025,f9d6a239f0ca8566,1,T6903,NA,male,7 8,0,0,0,0,0,0,1,1,0,97,0,0,0,1,General science,5,NA,5,NA,1,NA,2000,2017,4,0,NA,NA,2,0,1,0,0,0,0,0,NA,1,NA,3,0,0,1,0,0,0,0,NA,1,3,0,0,1,0,0,0,NA,4,0,0,0,1,0,0,0,0,0,0,NA,2 4,0,1,0,1,0,0,0,0,0,0,NA,4 8,0,0,0,1,0,0,0,1,0,0,NA,3,4,4,1,2,1,1,1,6 11,0,0,0,0,0,1,0,0,0,0,1,0,0,NA,2,2,NA,1 5 6 7 8 9 10 11,1,0,0,0,1,1,1,1,1,1,1,0,0,NA,3,4,4,4,4,4,4,4,4,4,4,5,5,5,5,5,1,1,1,2 5,0,1,0,0,1,0,0,0,NA,2,2,1,2,3,2,2,4,2,2,1,3,NA,1,3,1,1,4,1 2,1,1,0,0,0,NA,4,NA,1,0,1,0,1,0,0,0,1,1,0,NA,1,1,1,1,4,1,1,1,1,2,2,2,2,2,2,1,1,3,5 8,0,0,0,0,1,0,0,1,0,0,0,3,1,4,4,3,4,1,3,3,1,10,4,4,1,4,4,2,4,4,4,4,4,1 4,1,0,0,1,0,0,0,NA,1,3,3,3,3,1,3,3,3,No,5 7,0,0,0,0,1,0,1,0,0,NA,28,NA,16200,No any other challenge,uuid:fdddf329-d316-45c0-9d4e-e87681fe1f51,2512142209,uuid:fdddf329-d316-45c0-9d4e-e87681fe1f51,NA,NA,NA,NA,NA,NA,NA,NA,NA,NA
707786,S0702013582,CENTRAL ETHIOPIA,Hadiya,misha,guna no2 primary school,Rural,"12/15/2025, 5:36:11 PM","12/15/2025, 11:12:20 AM","12/15/2025, 5:24:32 PM",12/15/2025,f9d6a239f0ca8566,1,T5801,NA,female,1 2 3 4,1,1,1,1,0,0,0,0,0,1,1,0,0,0,NA,1,NA,3,NA,1,NA,2010,2012,2,0,NA,NA,1,1,0,0,0,0,0,0,NA,1,NA,2 3,0,1,1,0,0,0,0,NA,1,1 3,1,0,1,0,0,0,NA,1 2 4,1,1,0,1,0,0,0,0,0,0,NA,4 5,0,0,0,1,1,0,0,0,0,0,NA,4 8,0,0,0,1,0,0,0,1,0,0,NA,4,4,2,1,1,1,1,1,6 7 12,0,0,0,0,0,1,1,0,0,0,0,1,0,Home work and class work,4,2,NA,1 2 3 4 5 6 7 8 9 10 11,1,1,1,1,1,1,1,1,1,1,1,0,0,NA,4,4,4,3,4,4,4,2,2,4,5,5,2,3,4,4,1,1,1,2 5,0,1,0,0,1,0,0,0,NA,3,2,1,2,2,2,2,4,1,2,1,3,NA,4,1,4,1,3,2 3,0,1,1,0,0,NA,5,NA,0,0,0,0,0,0,0,0,0,0,0,NA,3,3,1,1,4,1,1,3,3,3,3,3,2,2,3,3,3,3,6 11,0,0,0,0,0,1,0,0,0,0,1,4,1,3,4,3,4,3,3,1,1,10,2,3,4,4,4,3,4,4,2,4,4,1 2,1,1,0,0,0,0,0,NA,1,3,3,3,2,3,3,2,1,No,1 4,1,0,0,1,0,0,0,0,0,NA,27,NA,11035,No any other challenge,uuid:3e526581-3ac3-4188-b0c7-1179d96d51d6,2512111014,uuid:3e526581-3ac3-4188-b0c7-1179d96d51d6,NA,NA,NA,NA,NA,NA,NA,NA,NA,NA
707786,S0702013582,CENTRAL ETHIOPIA,Hadiya,misha,guna no2 primary school,Rural,"12/16/2025, 12:32:57 AM","12/15/2025, 11:11:55 AM","12/16/2025, 12:30:43 AM",12/15/2025,402aa563e792bb9b,1,T5802,NA,male,1 2 3 4,1,1,1,1,0,0,0,0,0,97,0,0,0,1,Environmental science,1,NA,3,NA,1,NA,2014,2014,1,1,1,3,1,1,0,0,0,0,0,0,NA,1,NA,5 6,0,0,0,0,1,1,0,NA,1,1,1,0,0,0,0,0,NA,4,0,0,0,1,0,0,0,0,0,0,NA,5 6,0,0,0,0,1,1,0,0,0,0,NA,4 6,0,0,0,1,0,1,0,0,0,0,NA,3,3,2,2,2,2,2,1,2 4 5 7 8 10,0,1,0,1,1,0,1,1,0,1,0,0,0,NA,3,4,NA,1 2 3 4 5 7 8 9 10 11,1,1,1,1,1,0,1,1,1,1,1,0,0,NA,3,3,4,4,4,4,4,3,3,3,5,3,3,5,3,5,2,3,3,2,0,1,0,0,0,0,0,0,NA,2,2,1,2,2,2,2,2,3,2,2,2,NA,4,4,4,1,4,2,0,1,0,0,0,NA,3,NA,1,1,0,1,1,1,1,1,1,0,0,NA,3,3,1,1,3,4,1,1,3,1,1,3,2,3,3,3,3,3,1 3,1,0,1,0,0,0,0,0,0,0,0,4,3,4,3,3,4,1,3,1,2,8,3,1,4,4,4,3,4,4,2,2,3,1,1,0,0,0,0,0,0,NA,1,1,1,3,1,2,2,2,1,No,4 7,0,0,0,1,0,0,1,0,0,NA,29,NA,10001,Nothing,uuid:88fecfeb-0d2a-4f5d-9c6d-769fc7b672a2,2512111014,uuid:88fecfeb-0d2a-4f5d-9c6d-769fc7b672a2,NA,NA,NA,NA,NA,NA,NA,NA,NA,NA
707786,S0702013582,CENTRAL ETHIOPIA,Hadiya,misha,guna no2 primary school,Rural,"12/16/2025, 12:32:57 AM","12/15/2025, 12:10:29 PM","12/16/2025, 12:30:51 AM",12/15/2025,402aa563e792bb9b,1,T5803,NA,male,5 6 7 8,0,0,0,0,1,1,1,1,0,2,0,1,0,0,NA,4,NA,3,NA,1,NA,2009,2012,2,0,NA,NA,5,0,0,0,0,1,0,0,NA,1,NA,6,0,0,0,0,0,1,0,NA,1,1,1,0,0,0,0,0,NA,3 4,0,0,1,1,0,0,0,0,0,0,NA,4 5,0,0,0,1,1,0,0,0,0,0,NA,3 4,0,0,1,1,0,0,0,0,0,0,NA,2,2,2,1,4,2,2,1,5 11,0,0,0,0,1,0,0,0,0,0,1,0,0,NA,3,4,NA,1 5 6 9 10,1,0,0,0,1,1,0,0,1,1,0,0,0,NA,4,4,4,3,4,4,3,3,4,4,4,5,3,5,5,3,1,1,2,5,0,0,0,0,1,0,0,0,NA,2,2,2,2,2,2,2,3,1,3,1,1,NA,4,4,3,1,4,2,0,1,0,0,0,NA,1,NA,0,1,0,1,1,1,0,1,1,1,0,NA,1,1,1,1,4,1,2,3,2,3,3,3,2,3,3,3,3,3,9 11,0,0,0,0,0,0,0,0,1,0,1,3,3,3,3,4,3,1,3,1,1,4,1,3,4,3,4,3,3,2,3,3,4,1 4,1,0,0,1,0,0,0,NA,0,NA,NA,NA,NA,NA,NA,NA,NA,NA,4 8,0,0,0,1,0,0,0,1,0,NA,31,NA,11531,"Family comments me to go to South Africa, I was faced a lot of challenges at that time.",uuid:3062de4a-3521-4ce3-ab93-c62559d112c6,2512111014,uuid:3062de4a-3521-4ce3-ab93-c62559d112c6,NA,NA,NA,NA,NA,NA,NA,NA,NA,NA
707142,S0702020352,CENTRAL ETHIOPIA,Hadiya,gibe,omochora-andinet,Rural,"12/12/2025, 7:56:42 PM","12/12/2025, 10:34:04 AM","12/12/2025, 7:55:32 PM",12/12/2025,f9d6a239f0ca8566,1,T4101,NA,male,2 3 4 7,0,1,1,1,0,0,1,0,0,1 97,1,0,0,1,Enviromental science,7,NA,5,NA,1,NA,1997,2002,3,0,NA,NA,1,1,0,0,0,0,0,0,NA,1,NA,3 6,0,0,1,0,0,1,0,NA,1,3,0,0,1,0,0,0,NA,4 7,0,0,0,1,0,0,1,0,0,0,NA,4 8,0,0,0,1,0,0,0,1,0,0,NA,3 8,0,0,1,0,0,0,0,1,0,0,NA,2,1,2,1,1,2,1,1,8 11,0,0,0,0,0,0,0,1,0,0,1,0,0,NA,2,2,NA,1 2 3 5 6 7 8 9 10 11,1,1,1,0,1,1,1,1,1,1,1,0,0,NA,4,4,4,4,4,4,4,4,3,4,5,5,4,5,5,5,1,1,1,2 5,0,1,0,0,1,0,0,0,NA,3,2,1,2,1,2,2,3,1,2,1,5,NA,4,4,4,3,4,2,0,1,0,0,0,NA,4,NA,1,0,0,1,0,0,1,1,1,0,0,NA,3,3,1,1,4,1,3,3,3,3,3,3,3,3,3,3,3,3,1 4,1,0,0,1,0,0,0,0,0,0,0,4,3,4,4,4,4,1,2,3,1,10,4,4,1,4,4,1,4,4,3,4,4,1 4,1,0,0,1,0,0,0,NA,1,3,3,3,1,3,1,1,1,No,4 7,0,0,0,1,0,0,1,0,0,NA,45,NA,14200,No any other challenge,uuid:6678d5db-ac1a-4e35-968c-17ec4899bdf4,2512111014,uuid:6678d5db-ac1a-4e35-968c-17ec4899bdf4,NA,NA,NA,NA,NA,NA,NA,NA,NA,NA
707142,S0702020352,CENTRAL ETHIOPIA,Hadiya,gibe,omochora-andinet,Rural,"12/12/2025, 7:56:42 PM","12/12/2025, 11:20:21 AM","12/12/2025, 7:56:12 PM",12/12/2025,f9d6a239f0ca8566,1,T4102,NA,female,5 6 7 8,0,0,0,0,1,1,1,1,0,1,1,0,0,0,NA,3,NA,5,NA,1,NA,1999,2005,3,0,NA,NA,2,0,1,0,0,0,0,0,NA,1,NA,3 6,0,0,1,0,0,1,0,NA,1,1 3,1,0,1,0,0,0,NA,2 4,0,1,0,1,0,0,0,0,0,0,NA,4 8,0,0,0,1,0,0,0,1,0,0,NA,4 8,0,0,0,1,0,0,0,1,0,0,NA,2,2,1,1,2,1,1,1,6 7 8 11,0,0,0,0,0,1,1,1,0,0,1,0,0,NA,3,2,NA,1 2 3 4 5 6 7 8 9 10 11,1,1,1,1,1,1,1,1,1,1,1,0,0,NA,4,4,4,3,4,3,4,4,3,4,5,5,5,5,4,5,1,1,1,2 4 5,0,1,0,1,1,0,0,0,NA,3,3,1,3,2,3,2,3,1,3,1,3,NA,4,4,4,1,3,1 2 3,1,1,1,0,0,NA,3,NA,0,0,0,1,0,0,0,1,0,0,0,NA,4,3,1,1,4,1,1,3,3,3,3,3,3,2,3,3,3,3,1 4,1,0,0,1,0,0,0,0,0,0,0,4,1,4,4,4,4,1,3,1,1,10,2,4,1,4,4,2,4,4,4,4,4,1 2 4,1,1,0,1,0,0,0,NA,1,3,3,3,1,3,3,3,3,No,1 7,1,0,0,0,0,0,1,0,0,NA,39,NA,9064,No any other challenge,uuid:19d41258-e99e-4298-89ea-636113e62689,2512111014,uuid:19d41258-e99e-4298-89ea-636113e62689,NA,NA,NA,NA,NA,NA,NA,NA,NA,NA
707142,S0702020352,CENTRAL ETHIOPIA,Hadiya,gibe,omochora-andinet,Rural,"12/12/2025, 7:56:43 PM","12/12/2025, 12:16:11 PM","12/12/2025, 7:56:29 PM",12/12/2025,f9d6a239f0ca8566,1,T4103,NA,female,1 4,1,0,0,1,0,0,0,0,0,1,1,0,0,0,NA,5,NA,5,NA,1,NA,2005,2010,3,0,NA,NA,1 2,1,1,0,0,0,0,0,NA,1,NA,3 6,0,0,1,0,0,1,0,NA,1,3,0,0,1,0,0,0,NA,1 2 4 5,1,1,0,1,1,0,0,0,0,0,NA,3 8,0,0,1,0,0,0,0,1,0,0,NA,3 8,0,0,1,0,0,0,0,1,0,0,NA,2,3,2,1,1,1,1,1,6 8 11 12,0,0,0,0,0,1,0,1,0,0,1,1,0,Class work and home work,3,2,NA,1 2 3 4 5 6 7 8 9 10,1,1,1,1,1,1,1,1,1,1,0,0,0,NA,4,4,4,3,4,4,4,3,4,4,5,5,4,5,5,5,1,1,1,2 5,0,1,0,0,1,0,0,0,NA,2,3,1,3,2,2,3,3,1,3,2,3,NA,2,3,2,1,3,2 3 4,0,1,1,1,0,NA,3,NA,0,1,0,0,1,0,0,1,1,0,0,NA,4,4,1,1,4,1,1,3,1,2,1,1,2,2,1,2,3,3,2 9,0,1,0,0,0,0,0,0,1,0,0,4,1,4,4,4,4,3,3,3,1,10,4,3,2,4,4,3,4,4,3,4,4,1 4,1,0,0,1,0,0,0,NA,1,3,2,3,1,2,1,3,1,No any other challenge,4 7,0,0,0,1,0,0,1,0,0,NA,32,NA,19046,No any other challenge,uuid:a9ff3705-d073-4bc2-84dd-23ed71d2e53b,2512111014,uuid:a9ff3705-d073-4bc2-84dd-23ed71d2e53b,NA,NA,NA,NA,NA,NA,NA,NA,NA,NA
707133,S0702021342,CENTRAL ETHIOPIA,Hadiya,gibe,janjecho,Rural,"12/11/2025, 8:21:16 PM","12/11/2025, 10:42:34 AM","12/11/2025, 8:19:45 PM",12/11/2025,f9d6a239f0ca8566,1,T4001,NA,female,3 4 7,0,0,1,1,0,0,1,0,0,1 97,1,0,0,1,Citing ship,3,NA,5,NA,1,NA,2008,2012,2,0,NA,NA,1,1,0,0,0,0,0,0,NA,1,NA,3 6,0,0,1,0,0,1,0,NA,1,3,0,0,1,0,0,0,NA,1 4 7,1,0,0,1,0,0,1,0,0,0,NA,4 8,0,0,0,1,0,0,0,1,0,0,NA,3 8,0,0,1,0,0,0,0,1,0,0,NA,1,1,3,1,1,1,1,1,6 7 8 9,0,0,0,0,0,1,1,1,1,0,0,0,0,NA,2,2,NA,1 2 3 4 5 6 7 8 9 10 11,1,1,1,1,1,1,1,1,1,1,1,0,0,NA,4,4,4,3,4,4,4,4,3,4,5,5,5,4,4,4,1,1,1,2 5,0,1,0,0,1,0,0,0,NA,4,4,1,4,2,4,2,3,3,3,2,3,NA,4,4,4,1,4,1 2,1,1,0,0,0,NA,3,NA,1,1,0,1,1,0,0,0,1,0,0,NA,2,3,1,1,4,1,1,1,2,1,1,1,2,2,2,2,2,1,1 9,1,0,0,0,0,0,0,0,1,0,0,4,4,4,4,4,4,3,2,3,2,10,4,3,4,4,4,3,4,4,4,3,4,2 3 4,0,1,1,1,0,0,0,NA,1,1,1,2,1,1,1,2,1,No,4 8,0,0,0,1,0,0,0,1,0,NA,35,NA,12300,No any other challenge,uuid:5af70589-01e4-4724-a786-7db4b0d9a1d4,2512040829,uuid:5af70589-01e4-4724-a786-7db4b0d9a1d4,NA,NA,NA,NA,NA,NA,NA,NA,NA,NA
707133,S0702021342,CENTRAL ETHIOPIA,Hadiya,gibe,janjecho,Rural,"12/11/2025, 8:21:16 PM","12/11/2025, 12:05:31 PM","12/11/2025, 8:20:04 PM",12/11/2025,f9d6a239f0ca8566,1,T4002,NA,male,4,0,0,0,1,0,0,0,0,0,1,1,0,0,0,NA,3,NA,5,NA,1,NA,2004,2004,1,0,NA,NA,5,0,0,0,0,1,0,0,NA,1,NA,3,0,0,1,0,0,0,0,NA,1,1 3,1,0,1,0,0,0,NA,2 4 5,0,1,0,1,1,0,0,0,0,0,NA,4 5,0,0,0,1,1,0,0,0,0,0,NA,4 8,0,0,0,1,0,0,0,1,0,0,NA,2,3,1,2,1,1,1,1,6 10 11,0,0,0,0,0,1,0,0,0,1,1,0,0,NA,2,2,NA,1 2 3 4 5 6 7 8 9 10 11,1,1,1,1,1,1,1,1,1,1,1,0,0,NA,4,4,4,3,4,4,4,3,3,4,5,5,4,4,5,5,1,1,1,2 5,0,1,0,0,1,0,0,0,NA,2,3,1,2,2,2,5,2,2,2,1,3,NA,3,3,3,1,4,1 2,1,1,0,0,0,NA,5,NA,0,0,0,0,0,0,0,1,1,0,0,NA,3,3,1,1,4,1,1,3,3,3,3,3,3,3,3,3,3,3,1 7,1,0,0,0,0,0,1,0,0,0,0,4,1,1,1,3,3,1,3,3,1,10,3,4,1,4,4,1,4,4,3,4,4,2 4,0,1,0,1,0,0,0,NA,1,3,3,3,1,2,1,2,1,No,3 4,0,0,1,1,0,0,0,0,0,NA,42,NA,13000,No any challenge,uuid:a553676a-54ef-42a5-bec7-16f9ac310dc3,2512111014,uuid:a553676a-54ef-42a5-bec7-16f9ac310dc3,NA,NA,NA,NA,NA,NA,NA,NA,NA,NA
707133,S0702021342,CENTRAL ETHIOPIA,Hadiya,gibe,janjecho,Rural,"12/11/2025, 8:21:17 PM","12/11/2025, 1:28:21 PM","12/11/2025, 8:20:59 PM",12/11/2025,f9d6a239f0ca8566,1,T4003,NA,male,6 8,0,0,0,0,0,1,0,1,0,2,0,1,0,0,NA,3,NA,3,NA,1,NA,2008,2014,2,0,NA,NA,1,1,0,0,0,0,0,0,NA,1,NA,5,0,0,0,0,1,0,0,NA,1,1,1,0,0,0,0,0,NA,1 2 4,1,1,0,1,0,0,0,0,0,0,NA,4 7,0,0,0,1,0,0,1,0,0,0,NA,3 8,0,0,1,0,0,0,0,1,0,0,NA,3,3,2,1,1,1,1,1,8 10 11,0,0,0,0,0,0,0,1,0,1,1,0,0,NA,1,2,NA,1 2 3 6 7 9 11,1,1,1,0,0,1,1,0,1,0,1,0,0,NA,4,4,4,3,3,4,3,3,3,4,5,5,3,5,5,4,1,1,1,2 5,0,1,0,0,1,0,0,0,NA,3,2,1,3,1,1,2,2,1,2,1,3,NA,4,4,4,1,3,1 2,1,1,0,0,0,NA,5,NA,0,0,0,0,1,0,1,1,1,0,0,NA,4,4,1,1,4,1,1,3,2,2,1,3,2,1,2,1,2,1,9 11,0,0,0,0,0,0,0,0,1,0,1,4,1,4,4,1,1,1,3,2,1,10,4,4,1,4,4,4,4,4,3,4,4,1 4,1,0,0,1,0,0,0,NA,0,NA,NA,NA,NA,NA,NA,NA,NA,NA,4 8,0,0,0,1,0,0,0,1,0,NA,27,NA,11023,No,uuid:2e3b189d-0e08-4172-8b08-505831a6356c,2512111014,uuid:2e3b189d-0e08-4172-8b08-505831a6356c,NA,NA,NA,NA,NA,NA,NA,NA,NA,NA
707574,S0702030332,CENTRAL ETHIOPIA,Hadiya,lemo,kalisha 1st,Rural,"12/24/2025, 4:57:20 PM","12/24/2025, 8:41:57 AM","12/24/2025, 4:56:12 PM",12/24/2025,283bb7b7f4ef185f,1,T7401,NA,female,6 7,0,0,0,0,0,1,1,0,0,2,0,1,0,0,NA,4,NA,3,NA,0,NA,2006,2014,12,1,1,2,2 5,0,1,0,0,1,0,0,NA,1,NA,2 5 6,0,1,0,0,1,1,0,NA,1,2 3 4,0,1,1,1,0,0,NA,2 4 5 6 7 8,0,1,0,1,1,1,1,1,0,0,NA,5 8,0,0,0,0,1,0,0,1,0,0,NA,1 4,1,0,0,1,0,0,0,0,0,0,NA,3,3,3,2,2,3,3,3,4 5 6 7,0,0,0,1,1,1,1,0,0,0,0,0,0,NA,3,2,NA,1 2 3 5 9,1,1,1,0,1,0,0,0,1,0,0,0,0,NA,4,4,4,4,4,4,4,4,4,4,5,5,5,5,5,5,1,1,1,2 5,0,1,0,0,1,0,0,0,NA,4,4,4,4,4,4,4,4,2,4,4,1,NA,4,4,4,4,4,1 2 3,1,1,1,0,0,NA,3,NA,1,1,1,1,1,1,1,1,1,1,0,NA,4,4,1,1,4,1,1,3,2,2,2,3,2,1,3,3,3,2,1 11,1,0,0,0,0,0,0,0,0,0,1,4,2,4,4,4,4,4,2,1,1,10,4,4,1,4,4,4,4,4,4,4,4,1 2 4,1,1,0,1,0,0,0,NA,1,1,1,1,1,1,1,1,1,Yelem,3 7,0,0,1,0,0,0,1,0,0,NA,32,NA,12369,Teru new werdo biserabet,uuid:a1fe4667-22ce-44d8-a238-826f9de4dd03,2512142209,uuid:a1fe4667-22ce-44d8-a238-826f9de4dd03,NA,NA,NA,NA,NA,NA,NA,NA,NA,NA
707574,S0702030332,CENTRAL ETHIOPIA,Hadiya,lemo,kalisha 1st,Rural,"12/24/2025, 4:57:21 PM","12/24/2025, 11:26:15 AM","12/24/2025, 4:56:24 PM",12/24/2025,283bb7b7f4ef185f,1,T7402,NA,male,5 6 7 8,0,0,0,0,1,1,1,1,0,1,1,0,0,0,NA,4,NA,5,NA,1,NA,2004,2013,13,0,NA,NA,1 2 5,1,1,0,0,1,0,0,NA,1,NA,2 5 6,0,1,0,0,1,1,0,NA,1,1 2 3,1,1,1,0,0,0,NA,1 2 3 4 5 6 7,1,1,1,1,1,1,1,0,0,0,NA,1 4,1,0,0,1,0,0,0,0,0,0,NA,4 7,0,0,0,1,0,0,1,0,0,0,NA,4,3,3,2,3,3,4,2,4 5 6 7,0,0,0,1,1,1,1,0,0,0,0,0,0,NA,4,2,NA,1 2 3 5 9,1,1,1,0,1,0,0,0,1,0,0,0,0,NA,4,4,4,4,4,4,4,4,4,4,5,5,5,5,5,5,1,1,1,2 5,0,1,0,0,1,0,0,0,NA,4,4,4,4,4,4,4,4,4,4,4,1,NA,4,4,4,4,4,1 2 3,1,1,1,0,0,NA,2,NA,1,1,1,1,1,1,1,1,1,1,0,NA,2,3,2,1,4,1,3,1,2,3,1,3,2,2,3,3,1,3,4 11,0,0,0,1,0,0,0,0,0,0,1,4,4,4,4,4,4,4,3,3,4,10,4,4,4,4,4,4,4,4,4,4,4,1 2 4,1,1,0,1,0,0,0,NA,1,1,2,2,1,2,1,2,1,Yelem,3 4,0,0,1,1,0,0,0,0,0,NA,32,NA,13339,Mastemar kebad new yerasun manent beku yehon becha bimedeb,uuid:dedc801d-a738-4373-b689-dd33056bc031,2512142209,uuid:dedc801d-a738-4373-b689-dd33056bc031,NA,NA,NA,NA,NA,NA,NA,NA,NA,NA
707574,S0702030332,CENTRAL ETHIOPIA,Hadiya,lemo,kalisha 1st,Rural,"12/24/2025, 6:59:12 PM","12/24/2025, 5:34:40 PM","12/24/2025, 6:58:57 PM",12/24/2025,3618c5f2ca206d06,1,T7403,NA,female,6 7 8,0,0,0,0,0,1,1,1,0,2,0,1,0,0,NA,4,NA,5,NA,1,NA,2008,2016,2,1,1,3,2 5,0,1,0,0,1,0,0,NA,1,NA,6,0,0,0,0,0,1,0,NA,1,1 3,1,0,1,0,0,0,NA,3 4 6 7,0,0,1,1,0,1,1,0,0,0,NA,1 4,1,0,0,1,0,0,0,0,0,0,NA,1 4,1,0,0,1,0,0,0,0,0,0,NA,3,3,3,3,2,1,1,1,4 5 11,0,0,0,1,1,0,0,0,0,0,1,0,0,NA,3,3,NA,2 3 5 11,0,1,1,0,1,0,0,0,0,0,1,0,0,NA,4,4,4,4,4,4,4,3,3,4,5,5,4,5,5,5,1,1,1,5,0,0,0,0,1,0,0,0,NA,3,4,2,4,2,4,4,4,2,5,1,1,NA,3,3,4,3,3,3,0,0,1,0,0,NA,3,NA,0,0,0,1,0,0,0,1,1,0,0,NA,1,1,1,1,4,1,1,3,2,2,3,3,2,3,3,3,3,3,4 5,0,0,0,1,1,0,0,0,0,0,0,3,1,2,3,1,4,3,3,3,1,8,1,3,4,3,3,1,4,4,3,4,4,2 4,0,1,0,1,0,0,0,NA,0,NA,NA,NA,NA,NA,NA,NA,NA,NA,3 8,0,0,1,0,0,0,0,1,0,NA,28,NA,1269,None,uuid:3ac79899-b804-4d75-8035-3bd348061f78,2512142209,uuid:3ac79899-b804-4d75-8035-3bd348061f78,NA,NA,NA,NA,NA,NA,NA,NA,NA,NA
707553,S0702030352,CENTRAL ETHIOPIA,Hadiya,lemo,alala,Rural,"12/26/2025, 7:28:05 PM","12/26/2025, 6:39:24 PM","12/26/2025, 7:22:40 PM",12/26/2025,283bb7b7f4ef185f,1,T38601,NA,male,4 5 6 7 8,0,0,0,1,1,1,1,1,0,1,1,0,0,0,NA,4,NA,5,NA,1,NA,2000,2006,5,1,2,3,1 2 5,1,1,0,0,1,0,0,NA,1,NA,2 5 6,0,1,0,0,1,1,0,NA,1,1 2 3,1,1,1,0,0,0,NA,1 2 3 4 5 6 7 8,1,1,1,1,1,1,1,1,0,0,NA,4 5,0,0,0,1,1,0,0,0,0,0,NA,6 7,0,0,0,0,0,1,1,0,0,0,NA,4,4,3,2,3,3,2,3,4 5 6 7,0,0,0,1,1,1,1,0,0,0,0,0,0,NA,4,2,NA,1 2 3 5 9,1,1,1,0,1,0,0,0,1,0,0,0,0,NA,4,4,4,4,4,4,4,4,4,4,5,5,5,5,5,5,1,1,1,2 5,0,1,0,0,1,0,0,0,NA,4,4,4,4,4,4,4,4,2,4,4,1,NA,4,4,4,4,4,1 2 3 4,1,1,1,1,0,NA,2,NA,1,1,1,1,1,1,1,1,1,1,0,NA,1,1,1,1,4,1,3,3,2,2,3,3,3,3,3,3,1,3,1 4,1,0,0,1,0,0,0,0,0,0,0,4,4,4,4,4,4,4,3,3,4,8,4,4,4,4,4,4,4,4,4,4,4,2 4,0,1,0,1,0,0,0,NA,1,2,2,1,1,2,2,2,1,Yelem,4 7,0,0,0,1,0,0,1,0,0,NA,45,NA,15490,Teru new bertu,uuid:3cc58d82-17c9-4204-8a3d-ffa0790e08fa,2512142209,uuid:3cc58d82-17c9-4204-8a3d-ffa0790e08fa,NA,NA,NA,NA,NA,NA,NA,NA,NA,NA
707553,S0702030352,CENTRAL ETHIOPIA,Hadiya,lemo,alala,Rural,"12/26/2025, 8:08:07 PM","12/26/2025, 3:56:55 PM","12/26/2025, 8:07:00 PM",12/26/2025,3618c5f2ca206d06,1,T38602,NA,female,1 2 3 4,1,1,1,1,0,0,0,0,0,1,1,0,0,0,NA,2,NA,5,NA,1,NA,2016,2016,1,0,NA,NA,5,0,0,0,0,1,0,0,NA,1,NA,2 6,0,1,0,0,0,1,0,NA,1,1 3,1,0,1,0,0,0,NA,1 2 3 4 7,1,1,1,1,0,0,1,0,0,0,NA,4 5,0,0,0,1,1,0,0,0,0,0,NA,1 4,1,0,0,1,0,0,0,0,0,0,NA,4,4,4,2,2,1,1,1,6 8,0,0,0,0,0,1,0,1,0,0,0,0,0,NA,3,3,NA,2 3 4 5 6 8 10,0,1,1,1,1,1,0,1,0,1,0,0,0,NA,4,4,4,3,4,4,4,4,4,4,5,5,5,5,5,5,1,1,1,5,0,0,0,0,1,0,0,0,NA,3,4,2,4,2,4,5,4,2,4,2,1,NA,4,4,4,3,3,1 2,1,1,0,0,0,NA,2,NA,0,0,0,0,0,0,0,1,1,0,0,NA,1,1,1,1,4,1,1,3,2,2,3,3,3,3,2,3,3,3,4 6,0,0,0,1,0,1,0,0,0,0,0,3,1,3,3,1,4,3,3,3,1,9,2,3,3,3,3,1,4,4,2,4,4,1 4,1,0,0,1,0,0,0,NA,0,NA,NA,NA,NA,NA,NA,NA,NA,NA,3 8,0,0,1,0,0,0,0,1,0,NA,24,NA,9266,None,uuid:861f5442-283a-425d-b72d-bad5c53035d4,2512142209,uuid:861f5442-283a-425d-b72d-bad5c53035d4,NA,NA,NA,NA,NA,NA,NA,NA,NA,NA
707553,S0702030352,CENTRAL ETHIOPIA,Hadiya,lemo,alala,Rural,"12/26/2025, 8:08:07 PM","12/26/2025, 7:45:39 PM","12/26/2025, 8:06:43 PM",12/26/2025,3618c5f2ca206d06,1,T38603,NA,female,4 5 6,0,0,0,1,1,1,0,0,0,2,0,1,0,0,NA,4,NA,5,NA,1,NA,2013,2013,1,1,2017,3,5,0,0,0,0,1,0,0,NA,1,NA,2 6,0,1,0,0,0,1,0,NA,1,1 3,1,0,1,0,0,0,NA,3 4 5 7,0,0,1,1,1,0,1,0,0,0,NA,4 5,0,0,0,1,1,0,0,0,0,0,NA,1 4,1,0,0,1,0,0,0,0,0,0,NA,3,4,4,3,3,2,1,1,4 5,0,0,0,1,1,0,0,0,0,0,0,0,0,NA,3,3,NA,1 2 3 4 5 6 7 8 9 10,1,1,1,1,1,1,1,1,1,1,0,0,0,NA,3,4,4,3,3,4,4,4,3,4,5,5,4,5,5,5,1,1,1,5,0,0,0,0,1,0,0,0,NA,3,4,2,4,2,4,5,3,2,5,2,3,NA,3,3,2,3,3,2 3,0,1,1,0,0,NA,2,NA,0,0,0,1,0,0,0,1,1,0,0,NA,2,1,1,1,4,1,1,3,3,2,3,3,3,3,3,3,3,3,5 6,0,0,0,0,1,1,0,0,0,0,0,3,2,3,3,1,4,4,3,3,1,9,3,4,1,3,3,1,4,4,3,4,4,4,0,0,0,1,0,0,0,NA,0,NA,NA,NA,NA,NA,NA,NA,NA,NA,3 4,0,0,1,1,0,0,0,0,0,NA,30,NA,10000,None,uuid:afffef82-3749-470f-bde3-ab0ae6b606bd,2512142209,uuid:afffef82-3749-470f-bde3-ab0ae6b606bd,NA,NA,NA,NA,NA,NA,NA,NA,NA,NA
707575,S0702030792,CENTRAL ETHIOPIA,Hadiya,lemo,kidigisa,Rural,"12/25/2025, 2:40:32 PM","12/25/2025, 7:51:56 AM","12/25/2025, 2:25:02 PM",12/25/2025,283bb7b7f4ef185f,1,T5301,NA,female,5 6 7 8,0,0,0,0,1,1,1,1,0,2,0,1,0,0,NA,3,NA,5,NA,1,NA,2007,2017,4,1,2,2,1 2 5,1,1,0,0,1,0,0,NA,1,NA,2 5 6,0,1,0,0,1,1,0,NA,1,1 2 3,1,1,1,0,0,0,NA,1 2 3 5 6 7 8,1,1,1,0,1,1,1,1,0,0,NA,4 5,0,0,0,1,1,0,0,0,0,0,NA,6 7,0,0,0,0,0,1,1,0,0,0,NA,4,4,3,2,4,3,3,2,4 5 6 7,0,0,0,1,1,1,1,0,0,0,0,0,0,NA,4,2,NA,1 2 3 5 9,1,1,1,0,1,0,0,0,1,0,0,0,0,NA,4,4,4,4,4,4,4,4,4,4,5,5,5,5,5,5,1,1,1,2 5,0,1,0,0,1,0,0,0,NA,4,4,4,4,4,4,4,4,2,4,3,1,NA,4,4,4,4,4,1 2 3 4,1,1,1,1,0,NA,1,NA,1,1,1,1,1,1,1,1,1,1,0,NA,1,1,1,1,4,1,2,3,2,2,3,3,2,3,3,2,3,3,1 11,1,0,0,0,0,0,0,0,0,0,1,4,4,4,4,4,4,4,3,3,4,10,3,4,4,4,4,4,4,4,4,4,4,2 4,0,1,0,1,0,0,0,NA,1,2,2,1,1,2,2,2,1,Yelem,3 4,0,0,1,1,0,0,0,0,0,NA,34,NA,13369,Bertu arif new,uuid:9df01e54-85aa-43b6-8dbb-6b91d8a88044,2512142209,uuid:9df01e54-85aa-43b6-8dbb-6b91d8a88044,NA,NA,NA,NA,NA,NA,NA,NA,NA,NA
707575,S0702030792,CENTRAL ETHIOPIA,Hadiya,lemo,kidigisa,Rural,"12/25/2025, 2:40:33 PM","12/25/2025, 2:25:39 PM","12/25/2025, 2:39:09 PM",12/25/2025,283bb7b7f4ef185f,1,T5302,NA,male,7 8,0,0,0,0,0,0,1,1,0,3,0,0,1,0,NA,4,NA,5,NA,1,NA,2006,2015,4,1,2,3,1 2 5,1,1,0,0,1,0,0,NA,1,NA,2 5 6,0,1,0,0,1,1,0,NA,1,1 2 3,1,1,1,0,0,0,NA,1 2 4 5 6 7 8,1,1,0,1,1,1,1,1,0,0,NA,3 4,0,0,1,1,0,0,0,0,0,0,NA,6 7,0,0,0,0,0,1,1,0,0,0,NA,4,4,3,2,3,3,3,3,4 5 7 9,0,0,0,1,1,0,1,0,1,0,0,0,0,NA,4,2,NA,1 2 3,1,1,1,0,0,0,0,0,0,0,0,0,0,NA,4,4,4,4,4,4,4,4,4,4,5,5,5,5,5,5,1,1,1,2 5,0,1,0,0,1,0,0,0,NA,4,4,4,4,4,4,4,4,1,4,2,1,NA,4,4,4,4,4,1 2 3 4,1,1,1,1,0,NA,2,NA,1,1,1,1,1,1,1,1,1,1,0,NA,4,4,4,4,4,4,4,3,2,2,3,3,2,2,3,3,1,3,1 4,1,0,0,1,0,0,0,0,0,0,0,4,1,4,4,2,4,4,3,3,4,9,4,4,4,4,4,4,4,4,4,4,4,2 4,0,1,0,1,0,0,0,NA,1,2,2,1,1,2,2,2,1,Yelem,3 7,0,0,1,0,0,0,1,0,0,NA,38,NA,13339,Teru new bertu,uuid:6e5b98a2-3c95-45c0-98c3-73aa9eb7dfdb,2512142209,uuid:6e5b98a2-3c95-45c0-98c3-73aa9eb7dfdb,NA,NA,NA,NA,NA,NA,NA,NA,NA,NA
707575,S0702030792,CENTRAL ETHIOPIA,Hadiya,lemo,kidigisa,Rural,"12/25/2025, 9:33:20 PM","12/25/2025, 9:18:01 PM","12/25/2025, 9:32:14 PM",12/25/2025,3618c5f2ca206d06,1,T5304,NA,female,7 8,0,0,0,0,0,0,1,1,0,97,0,0,0,1,Biology,4,NA,5,NA,1,NA,1998,2016,3,1,1,3,2 5,0,1,0,0,1,0,0,NA,1,NA,6,0,0,0,0,0,1,0,NA,1,1 3,1,0,1,0,0,0,NA,2 3 4 7,0,1,1,1,0,0,1,0,0,0,NA,4 5,0,0,0,1,1,0,0,0,0,0,NA,1 4,1,0,0,1,0,0,0,0,0,0,NA,3,3,3,2,2,1,1,1,4 5 11,0,0,0,1,1,0,0,0,0,0,1,0,0,NA,3,3,NA,1 3 4 5 8 10 11,1,0,1,1,1,0,0,1,0,1,1,0,0,NA,4,4,4,3,4,4,4,3,3,4,5,5,4,5,5,5,1,1,1,5,0,0,0,0,1,0,0,0,NA,3,3,2,4,2,4,5,3,2,2,3,1,NA,4,4,4,3,3,1 3,1,0,1,0,0,NA,3,NA,0,0,0,1,0,0,0,1,1,0,0,NA,2,1,1,1,4,1,2,3,3,2,3,3,2,3,3,3,3,3,4 6,0,0,0,1,0,1,0,0,0,0,0,3,1,2,1,1,4,3,3,3,1,9,4,3,4,3,3,3,4,4,3,4,4,2 4,0,1,0,1,0,0,0,NA,0,NA,NA,NA,NA,NA,NA,NA,NA,NA,7 8,0,0,0,0,0,0,1,1,0,NA,36,NA,14500,None,uuid:13e49890-b606-4f4f-bd25-0086de9b17f3,2512142209,uuid:13e49890-b606-4f4f-bd25-0086de9b17f3,NA,NA,NA,NA,NA,NA,NA,NA,NA,NA
707943,S0702040332,CENTRAL ETHIOPIA,Hadiya,shashogo,doesha gola,Rural,"12/10/2025, 1:02:32 PM","12/10/2025, 9:49:46 AM","12/10/2025, 12:59:20 PM",12/10/2025,fef309259d139ee0,1,T7602,NA,male,1 2 3 4,1,1,1,1,0,0,0,0,0,2 97,0,1,0,1,"Mather
Tank",5,NA,5,NA,1,NA,2002,2014,5,0,NA,NA,2,0,1,0,0,0,0,0,NA,3,NA,6,0,0,0,0,0,1,0,NA,1,3,0,0,1,0,0,0,NA,1 3,1,0,1,0,0,0,0,0,0,0,NA,1 4,1,0,0,1,0,0,0,0,0,0,NA,1 6,1,0,0,0,0,1,0,0,0,0,NA,3,3,3,3,2,2,2,1,4 5,0,0,0,1,1,0,0,0,0,0,0,0,0,NA,1,3,NA,4 5,0,0,0,1,1,0,0,0,0,0,0,0,0,NA,4,3,4,4,4,4,4,4,4,4,5,5,5,5,5,5,1,1,1,2 5,0,1,0,0,1,0,0,0,NA,3,2,2,3,2,2,1,4,1,2,1,1,NA,4,4,4,4,4,2 3,0,1,1,0,0,NA,2,NA,0,0,0,1,1,1,1,1,1,0,0,NA,3,3,3,3,3,3,3,1,2,2,1,1,2,2,1,1,1,1,2 3,0,1,1,0,0,0,0,0,0,0,0,4,3,2,2,2,2,3,3,3,1,10,3,4,1,3,3,3,4,4,4,4,4,2,0,1,0,0,0,0,0,NA,0,NA,NA,NA,NA,NA,NA,NA,NA,NA,1 2,1,1,0,0,0,0,0,0,0,NA,30,NA,14000,NA,uuid:6bea501e-f764-4ef9-80e9-025760889ce4,2512040829,uuid:6bea501e-f764-4ef9-80e9-025760889ce4,NA,NA,NA,NA,NA,NA,NA,NA,NA,NA
707943,S0702040332,CENTRAL ETHIOPIA,Hadiya,shashogo,doesha gola,Rural,"12/10/2025, 1:02:34 PM","12/10/2025, 9:03:20 AM","12/10/2025, 12:58:21 PM",12/10/2025,fef309259d139ee0,1,T7601,NA,female,1 2 3 4,1,1,1,1,0,0,0,0,0,97,0,0,0,1,PBA(art) sport,2,NA,2,NA,0,NA,2013,2013,1,0,NA,NA,2,0,1,0,0,0,0,0,NA,1,NA,6,0,0,0,0,0,1,0,NA,1,3,0,0,1,0,0,0,NA,2 3 4,0,1,1,1,0,0,0,0,0,0,NA,1 2,1,1,0,0,0,0,0,0,0,0,NA,1 8,1,0,0,0,0,0,0,1,0,0,NA,3,3,3,3,2,1,2,2,4 5,0,0,0,1,1,0,0,0,0,0,0,0,0,NA,1,3,NA,4 5,0,0,0,1,1,0,0,0,0,0,0,0,0,NA,4,4,4,3,4,3,4,4,3,3,4,5,5,5,4,4,1,1,1,2 5,0,1,0,0,1,0,0,0,NA,4,3,3,3,2,3,4,3,1,3,1,2,NA,4,4,4,4,4,2 3,0,1,1,0,0,NA,2,NA,0,1,0,1,0,1,0,1,1,0,0,NA,3,3,1,1,4,3,2,2,1,2,1,1,1,1,1,1,1,1,1 2,1,1,0,0,0,0,0,0,0,0,0,4,3,3,3,4,4,4,2,2,1,10,3,1,4,3,3,4,3,4,3,3,3,2 4,0,1,0,1,0,0,0,NA,0,NA,NA,NA,NA,NA,NA,NA,NA,NA,1 2,1,1,0,0,0,0,0,0,0,NA,32,NA,10500,NA,uuid:fd52c669-4ece-4f30-97a8-24c5d6fad898,2512040829,uuid:fd52c669-4ece-4f30-97a8-24c5d6fad898,NA,NA,NA,NA,NA,NA,NA,NA,NA,NA
707943,S0702040332,CENTRAL ETHIOPIA,Hadiya,shashogo,doesha gola,Rural,"12/10/2025, 6:12:11 PM","12/10/2025, 10:58:38 AM","12/10/2025, 12:59:32 PM",12/10/2025,1f2e7526f0d594aa,1,T7603,NA,female,5 6 7 8,0,0,0,0,1,1,1,1,0,1,1,0,0,0,NA,7,NA,3,NA,1,NA,2001,2011,3,0,NA,NA,5,0,0,0,0,1,0,0,NA,1,NA,6,0,0,0,0,0,1,0,NA,1,3,0,0,1,0,0,0,NA,1 2 4,1,1,0,1,0,0,0,0,0,0,NA,4 5,0,0,0,1,1,0,0,0,0,0,NA,4 6,0,0,0,1,0,1,0,0,0,0,NA,3,4,3,2,1,1,2,3,1 2 4 5 7 9,1,1,0,1,1,0,1,0,1,0,0,0,0,NA,3,2,NA,1 2 3 4 5 6 7 8 9,1,1,1,1,1,1,1,1,1,0,0,0,0,NA,3,3,4,3,3,4,3,3,3,3,4,4,4,4,4,4,2,2,1,1 4 5,1,0,0,1,1,0,0,0,NA,4,3,2,4,2,4,2,4,2,5,2,2,NA,2,2,4,1,4,2,0,1,0,0,0,NA,3,NA,1,1,0,1,1,1,1,1,1,1,0,NA,4,3,2,1,4,1,1,3,2,2,3,2,2,2,2,1,3,1,1 4,1,0,0,1,0,0,0,0,0,0,0,4,2,4,4,3,4,4,2,2,1,9,4,3,4,3,2,3,4,4,3,3,4,2 3 4 5,0,1,1,1,1,0,0,NA,1,1,1,3,1,1,1,1,1,የለም,3 4,0,0,1,1,0,0,0,0,0,NA,35,NA,13339,የለም,uuid:b7ca6009-768c-4b5d-bde7-28eb37346a41,2512040829,uuid:b7ca6009-768c-4b5d-bde7-28eb37346a41,NA,NA,NA,NA,NA,NA,NA,NA,NA,NA
707858,S0702050042,CENTRAL ETHIOPIA,Hadiya,misirak badewacho,badewacho ajeba,Rural,"12/17/2025, 4:50:28 PM","12/17/2025, 10:29:32 AM","12/17/2025, 4:49:43 PM",12/17/2025,13ff9fddb6200dd2,1,S6003,NA,male,7 8,0,0,0,0,0,0,1,1,0,97,0,0,0,1,General science,5,NA,5,NA,1,NA,2002,2016,4,0,NA,NA,1,1,0,0,0,0,0,0,NA,1,NA,2 5,0,1,0,0,1,0,0,NA,1,1 3,1,0,1,0,0,0,NA,3 4 5 7,0,0,1,1,1,0,1,0,0,0,NA,4 5,0,0,0,1,1,0,0,0,0,0,NA,4 6,0,0,0,1,0,1,0,0,0,0,NA,2,1,2,3,2,1,2,1,2 3 4 11,0,1,1,1,0,0,0,0,0,0,1,0,0,NA,3,2,NA,2 4 5 8,0,1,0,1,1,0,0,1,0,0,0,0,0,NA,4,4,4,2,4,4,3,2,2,3,3,4,3,5,5,3,2,2,1,1 2 3 4 5,1,1,1,1,1,0,0,0,NA,2,2,1,2,2,3,2,3,2,4,3,4,NA,3,2,2,1,4,1 2 3,1,1,1,0,0,NA,3,NA,0,1,0,1,1,1,1,1,1,0,0,NA,4,4,1,2,4,1,2,3,3,3,3,3,3,3,3,3,3,3,1 11,1,0,0,0,0,0,0,0,0,0,1,3,2,1,1,2,2,1,1,1,1,10,3,3,4,3,4,2,4,4,3,4,4,4,0,0,0,1,0,0,0,NA,1,2,3,3,2,2,2,2,2,None,4,0,0,0,1,0,0,0,0,0,NA,45,NA,13339,None,uuid:ed843b90-0f58-4c69-817e-1089d3076111,2512142209,uuid:ed843b90-0f58-4c69-817e-1089d3076111,NA,NA,NA,NA,NA,NA,NA,NA,NA,NA
707858,S0702050042,CENTRAL ETHIOPIA,Hadiya,misirak badewacho,badewacho ajeba,Rural,"12/18/2025, 7:11:13 AM","12/17/2025, 10:29:13 AM","12/17/2025, 4:33:19 PM",12/17/2025,15aee2f9fc7423e8,1,T6001,NA,female,1 2 3,1,1,1,0,0,0,0,0,0,1,1,0,0,0,NA,3,NA,2,NA,1,NA,2009,2009,1,0,NA,NA,1,1,0,0,0,0,0,0,NA,1,NA,6,0,0,0,0,0,1,0,NA,1,1 3,1,0,1,0,0,0,NA,2,0,1,0,0,0,0,0,0,0,0,NA,2 5,0,1,0,0,1,0,0,0,0,0,NA,4 7,0,0,0,1,0,0,1,0,0,0,NA,2,1,1,1,1,1,2,1,6 7 11,0,0,0,0,0,1,1,0,0,0,1,0,0,NA,2,2,NA,1 2 3 8,1,1,1,0,0,0,0,1,0,0,0,0,0,NA,4,4,4,4,4,4,4,3,4,4,5,5,5,5,4,5,1,1,1,2 5,0,1,0,0,1,0,0,0,NA,3,3,2,2,4,3,4,4,2,3,2,4,NA,4,1,1,1,4,2,0,1,0,0,0,NA,3,NA,0,0,0,0,1,0,0,1,1,0,0,NA,4,3,1,1,4,1,1,1,3,2,3,2,2,3,1,3,3,1,3 6,0,0,1,0,0,1,0,0,0,0,0,4,1,4,3,1,4,1,3,3,1,10,4,4,4,4,4,1,4,4,4,4,4,1 4,1,0,0,1,0,0,0,NA,1,3,3,3,3,3,2,3,1,No,3 4,0,0,1,1,0,0,0,0,0,NA,38,NA,12300,No,uuid:5002f452-b508-4836-aa55-99f6187ef7fd,2512142209,uuid:5002f452-b508-4836-aa55-99f6187ef7fd,NA,NA,NA,NA,NA,NA,NA,NA,NA,NA
707858,S0702050042,CENTRAL ETHIOPIA,Hadiya,misirak badewacho,badewacho ajeba,Rural,"12/18/2025, 7:11:13 AM","12/17/2025, 11:08:35 AM","12/17/2025, 4:34:00 PM",12/17/2025,15aee2f9fc7423e8,1,T6002,NA,male,7 8,0,0,0,0,0,0,1,1,0,2,0,1,0,0,NA,5,NA,5,NA,1,NA,2006,2009,3,0,NA,NA,1,1,0,0,0,0,0,0,NA,1,NA,6,0,0,0,0,0,1,0,NA,1,1 3,1,0,1,0,0,0,NA,1 2,1,1,0,0,0,0,0,0,0,0,NA,1 6,1,0,0,0,0,1,0,0,0,0,NA,4 5,0,0,0,1,1,0,0,0,0,0,NA,2,2,1,1,3,3,2,1,6 7 11,0,0,0,0,0,1,1,0,0,0,1,0,0,NA,3,2,NA,1 2 3 4 6 7 8 9,1,1,1,1,0,1,1,1,1,0,0,0,0,NA,4,4,4,4,4,4,3,3,3,4,5,5,4,5,5,5,1,1,1,2 5,0,1,0,0,1,0,0,0,NA,3,2,2,2,1,2,2,3,2,2,1,3,NA,4,3,4,1,4,2,0,1,0,0,0,NA,3,NA,1,1,0,1,1,1,1,1,1,1,0,NA,4,4,3,1,4,1,1,3,3,3,3,3,3,3,3,3,3,3,5 6,0,0,0,0,1,1,0,0,0,0,0,4,1,4,3,1,4,1,3,3,1,10,4,4,3,3,4,1,4,4,4,4,4,4,0,0,0,1,0,0,0,NA,1,3,3,3,1,2,1,1,1,No,3 4,0,0,1,1,0,0,0,0,0,NA,38,NA,12000,No,uuid:159a39b9-8a79-4a41-8759-c07de4f9c0c4,2512142209,uuid:159a39b9-8a79-4a41-8759-c07de4f9c0c4,NA,NA,NA,NA,NA,NA,NA,NA,NA,NA
707439,S0702060032,CENTRAL ETHIOPIA,Hadiya,jajura town ad.,jajura no1,Urban,"12/4/2025, 9:46:55 PM","12/4/2025, 10:36:06 AM","12/4/2025, 9:16:07 PM",12/4/2025,402aa563e792bb9b,1,T4602,NA,female,1,1,0,0,0,0,0,0,0,0,1,1,0,0,0,NA,3,NA,2,NA,1,NA,2012,2017,2,0,NA,NA,2,0,1,0,0,0,0,0,NA,1,NA,6,0,0,0,0,0,1,0,NA,1,2,0,1,0,0,0,0,NA,2 3 4,0,1,1,1,0,0,0,0,0,0,NA,2 4,0,1,0,1,0,0,0,0,0,0,NA,4 8,0,0,0,1,0,0,0,1,0,0,NA,4,3,4,1,1,4,2,1,2 3 4 7 11,0,1,1,1,0,0,1,0,0,0,1,0,0,NA,4,1,NA,NA,NA,NA,NA,NA,NA,NA,NA,NA,NA,NA,NA,NA,NA,NA,4,4,4,3,3,4,4,4,4,4,5,5,5,4,5,5,2,1,2,5,0,0,0,0,1,0,0,0,NA,4,4,1,4,4,2,4,4,4,4,2,3,NA,4,4,4,1,3,2,0,1,0,0,0,NA,3,NA,1,1,0,0,0,0,1,1,1,1,0,NA,4,1,1,1,4,4,1,3,1,1,3,3,3,2,3,3,3,3,1 4,1,0,0,1,0,0,0,0,0,0,0,4,3,3,4,1,4,2,1,3,1,10,3,4,1,4,4,1,4,4,2,4,4,1 2 4,1,1,0,1,0,0,0,NA,1,2,1,1,1,2,2,1,1,No,1 3,1,0,1,0,0,0,0,0,0,NA,27,NA,10740,No,uuid:c0c13cf3-995b-418c-9292-9c345840d0c5,2512030649,uuid:c0c13cf3-995b-418c-9292-9c345840d0c5,NA,NA,NA,NA,NA,NA,NA,NA,NA,NA
707439,S0702060032,CENTRAL ETHIOPIA,Hadiya,jajura town ad.,jajura no1,Urban,"12/4/2025, 9:58:42 PM","12/4/2025, 12:37:49 PM","12/4/2025, 9:58:23 PM",12/4/2025,f9d6a239f0ca8566,1,T4603,NA,male,6,0,0,0,0,0,1,0,0,0,2,0,1,0,0,NA,3,NA,5,NA,1,NA,2000,2015,3,0,NA,NA,2 5,0,1,0,0,1,0,0,NA,3,NA,3 97,0,0,1,0,0,0,1,Students are encouraged to study together,1,3,0,0,1,0,0,0,NA,2 4 5,0,1,0,1,1,0,0,0,0,0,NA,3 8,0,0,1,0,0,0,0,1,0,0,NA,4 6,0,0,0,1,0,1,0,0,0,0,NA,3,2,2,1,4,1,1,1,2 8 9,0,1,0,0,0,0,0,1,1,0,0,0,0,NA,3,2,NA,1 2 3 4 5 6 7 9 10 11,1,1,1,1,1,1,1,0,1,1,1,0,0,NA,4,4,4,3,4,4,4,4,4,4,5,5,4,4,4,5,1,2,1,5,0,0,0,0,1,0,0,0,NA,2,4,2,3,2,2,2,5,2,2,2,3,NA,2,2,2,4,4,1,1,0,0,0,0,NA,1,NA,0,1,0,1,1,1,0,1,1,0,0,NA,3,3,2,1,4,1,1,1,2,3,1,3,2,1,1,3,1,3,5 9,0,0,0,0,1,0,0,0,1,0,0,4,3,2,3,1,4,1,3,3,1,10,4,3,2,4,4,3,4,4,4,4,4,1 4,1,0,0,1,0,0,0,NA,1,3,3,3,3,2,2,2,2,No any other barrier,1 4,1,0,0,1,0,0,0,0,0,NA,45,NA,1540,No any challenge,uuid:75027558-d36d-49d8-8746-83233379f92f,2512030649,uuid:75027558-d36d-49d8-8746-83233379f92f,NA,NA,NA,NA,NA,NA,NA,NA,NA,NA
707439,S0702060032,CENTRAL ETHIOPIA,Hadiya,jajura town ad.,jajura no1,Urban,"12/4/2025, 9:58:43 PM","12/4/2025, 10:34:31 AM","12/4/2025, 9:52:23 PM",12/4/2025,f9d6a239f0ca8566,1,T4601,NA,female,3,0,0,1,0,0,0,0,0,0,1,1,0,0,0,NA,2,NA,2,NA,1,NA,2002,2012,3,1,4,3,1 2,1,1,0,0,0,0,0,NA,1,NA,2 97,0,1,0,0,0,0,1,Other talented students taught the students,1,3,0,0,1,0,0,0,NA,2 4,0,1,0,1,0,0,0,0,0,0,NA,4 8,0,0,0,1,0,0,0,1,0,0,NA,3 8,0,0,1,0,0,0,0,1,0,0,NA,4,3,3,1,1,1,4,1,3 5 6,0,0,1,0,1,1,0,0,0,0,0,0,0,NA,3,4,NA,1 2 3 4 5 6 7 8 9 10 11,1,1,1,1,1,1,1,1,1,1,1,0,0,NA,4,4,4,4,4,4,4,4,4,4,5,5,5,4,4,5,1,2,1,2 5,0,1,0,0,1,0,0,0,NA,4,3,4,3,3,4,5,4,3,4,3,3,NA,2,4,4,3,3,1 2,1,1,0,0,0,NA,1,NA,0,1,0,0,0,0,0,1,0,0,0,NA,3,1,1,1,4,1,1,3,1,3,3,3,2,2,2,2,3,3,3 5 11,0,0,1,0,1,0,0,0,0,0,1,3,1,4,4,1,4,4,1,1,1,10,3,4,1,3,4,1,4,4,2,4,4,1 4,1,0,0,1,0,0,0,NA,0,NA,NA,NA,NA,NA,NA,NA,NA,NA,4,0,0,0,1,0,0,0,0,0,NA,35,NA,7977,cultural challenge,uuid:db840eb9-9e1b-4ef9-a3d0-fa4be7d95ed7,2512030649,uuid:db840eb9-9e1b-4ef9-a3d0-fa4be7d95ed7,NA,NA,NA,NA,NA,NA,NA,NA,NA,NA
708190,S0702060462,CENTRAL ETHIOPIA,Hadiya,soro,mareka,Rural,"12/10/2025, 7:36:13 PM","12/10/2025, 10:32:14 AM","12/10/2025, 7:35:40 PM",12/10/2025,f9d6a239f0ca8566,1,T6601,NA,female,4 5 6 7,0,0,0,1,1,1,1,0,0,97,0,0,0,1,Citizens ship,1,NA,5,NA,1,NA,2015,2015,1,1,2,3,1,1,0,0,0,0,0,0,NA,1,NA,3 5,0,0,1,0,1,0,0,NA,1,1,1,0,0,0,0,0,NA,4,0,0,0,1,0,0,0,0,0,0,NA,4 8,0,0,0,1,0,0,0,1,0,0,NA,4 8,0,0,0,1,0,0,0,1,0,0,NA,3,1,2,3,1,1,3,1,6 7 8 9,0,0,0,0,0,1,1,1,1,0,0,0,0,NA,3,2,NA,1 2 3 5 6 7 9 10 11,1,1,1,0,1,1,1,0,1,1,1,0,0,NA,4,4,4,3,4,4,4,3,4,3,3,5,1,5,5,5,1,1,1,2 5,0,1,0,0,1,0,0,0,NA,3,3,2,2,2,3,3,3,1,3,3,1,NA,4,3,4,1,3,2 3,0,1,1,0,0,NA,5,NA,0,0,0,1,0,0,0,1,1,0,0,NA,3,3,1,1,4,1,1,1,1,3,3,3,2,1,3,3,3,2,4 10,0,0,0,1,0,0,0,0,0,1,0,4,3,4,4,1,4,1,2,2,2,10,3,4,1,4,3,2,4,4,2,4,4,1 4,1,0,0,1,0,0,0,NA,1,3,3,3,3,3,3,1,3,Shortage of Information,1 4,1,0,0,1,0,0,0,0,0,NA,23,NA,10000,No any other challenge,uuid:e93a367a-396a-400d-9092-6bac43a0a63e,2512040829,uuid:e93a367a-396a-400d-9092-6bac43a0a63e,NA,NA,NA,NA,NA,NA,NA,NA,NA,NA
708190,S0702060462,CENTRAL ETHIOPIA,Hadiya,soro,mareka,Rural,"12/10/2025, 7:36:13 PM","12/10/2025, 11:30:23 AM","12/10/2025, 7:35:59 PM",12/10/2025,f9d6a239f0ca8566,1,T6602,NA,male,5 7,0,0,0,0,1,0,1,0,0,2,0,1,0,0,NA,1,NA,2,NA,1,NA,2015,2016,2,0,NA,NA,1,1,0,0,0,0,0,0,NA,1,NA,3 5,0,0,1,0,1,0,0,NA,1,1,1,0,0,0,0,0,NA,2 4,0,1,0,1,0,0,0,0,0,0,NA,3 4,0,0,1,1,0,0,0,0,0,0,NA,4 8,0,0,0,1,0,0,0,1,0,0,NA,3,1,1,1,1,2,2,1,6 8 9,0,0,0,0,0,1,0,1,1,0,0,0,0,NA,4,2,NA,1 3 4 5 6 7 8 9 10 11,1,0,1,1,1,1,1,1,1,1,1,0,0,NA,4,4,4,4,3,4,3,3,3,3,1,4,1,4,4,5,1,1,1,2 5,0,1,0,0,1,0,0,0,NA,2,2,1,2,3,1,3,3,1,2,1,3,NA,4,4,4,1,4,2,0,1,0,0,0,NA,5,NA,0,0,0,0,0,0,0,0,0,1,0,NA,4,4,1,1,4,1,1,3,3,3,3,3,3,3,3,1,3,3,5 9,0,0,0,0,1,0,0,0,1,0,0,4,1,1,1,1,4,1,3,1,1,10,1,4,1,4,4,1,4,4,1,3,4,1 2,1,1,0,0,0,0,0,NA,0,NA,NA,NA,NA,NA,NA,NA,NA,NA,1 4,1,0,0,1,0,0,0,0,0,NA,28,NA,10001,No any other challenge,uuid:259f7378-bb60-4560-8e7c-c2e3e33adc12,2512040829,uuid:259f7378-bb60-4560-8e7c-c2e3e33adc12,NA,NA,NA,NA,NA,NA,NA,NA,NA,NA
708190,S0702060462,CENTRAL ETHIOPIA,Hadiya,soro,mareka,Rural,"12/10/2025, 9:50:52 PM","12/10/2025, 12:10:06 PM","12/10/2025, 8:50:07 PM",12/10/2025,402aa563e792bb9b,1,T6603,NA,male,4 5 8,0,0,0,1,1,0,0,1,0,1,1,0,0,0,NA,6,NA,5,NA,0,NA,2012,2014,2,0,NA,NA,1 97,1,0,0,0,0,1,0,Department leader,1,NA,6,0,0,0,0,0,1,0,NA,1,2,0,1,0,0,0,0,NA,4,0,0,0,1,0,0,0,0,0,0,NA,4 8,0,0,0,1,0,0,0,1,0,0,NA,4 8,0,0,0,1,0,0,0,1,0,0,NA,3,3,3,2,1,1,2,1,2 8 11,0,1,0,0,0,0,0,1,0,0,1,0,0,NA,4,1,NA,NA,NA,NA,NA,NA,NA,NA,NA,NA,NA,NA,NA,NA,NA,NA,3,4,4,3,4,3,3,3,3,3,4,5,4,5,4,5,1,1,1,2 5,0,1,0,0,1,0,0,0,NA,2,2,2,2,2,2,2,2,3,3,2,3,NA,4,4,4,1,4,4,0,0,0,1,0,NA,2,NA,0,1,1,0,1,0,0,1,1,1,0,NA,1,2,1,1,4,1,1,3,3,3,3,3,3,3,3,3,3,3,1 4,1,0,0,1,0,0,0,0,0,0,0,3,2,1,1,1,3,1,3,3,1,10,3,2,3,4,4,3,4,4,2,4,2,2 4,0,1,0,1,0,0,0,NA,0,NA,NA,NA,NA,NA,NA,NA,NA,NA,1 4,1,0,0,1,0,0,0,0,0,NA,27,NA,10740,"Transportation problem, training related with new circular.",uuid:d26233ee-64f7-4624-a126-889565ac0ff2,2512040829,uuid:d26233ee-64f7-4624-a126-889565ac0ff2,NA,NA,NA,NA,NA,NA,NA,NA,NA,NA
708201,S0702060952,CENTRAL ETHIOPIA,Hadiya,jajura town ad.,sundusa,Rural,"12/5/2025, 8:16:30 PM","12/5/2025, 12:33:06 PM","12/5/2025, 8:04:32 PM",12/5/2025,402aa563e792bb9b,1,T7302,NA,female,4,0,0,0,1,0,0,0,0,0,1,1,0,0,0,NA,1,NA,2,NA,1,NA,2015,2015,1,0,NA,NA,2,0,1,0,0,0,0,0,NA,1,NA,6,0,0,0,0,0,1,0,NA,1,3,0,0,1,0,0,0,NA,1 2 4,1,1,0,1,0,0,0,0,0,0,NA,4 5,0,0,0,1,1,0,0,0,0,0,NA,1 4,1,0,0,1,0,0,0,0,0,0,NA,2,3,3,2,3,1,2,1,4 5 7,0,0,0,1,1,0,1,0,0,0,0,0,0,NA,2,1,NA,NA,NA,NA,NA,NA,NA,NA,NA,NA,NA,NA,NA,NA,NA,NA,4,4,4,4,4,4,3,4,3,4,4,5,5,5,5,4,1,1,1,2 3 5,0,1,1,0,1,0,0,0,NA,3,3,1,3,2,3,4,2,2,4,2,3,NA,4,4,3,1,4,97,0,0,0,0,1,I want to meet them separately,2,NA,1,1,0,1,1,1,1,1,1,1,0,NA,3,4,2,1,4,1,1,2,2,2,2,2,2,2,2,2,2,2,5 11,0,0,0,0,1,0,0,0,0,0,1,4,3,4,4,4,4,1,2,2,1,9,3,4,4,4,4,1,4,4,4,4,4,1 2 4,1,1,0,1,0,0,0,NA,1,2,1,2,1,2,2,2,2,No,7 8,0,0,0,0,0,0,1,1,0,NA,26,NA,10001,"Student management, their knowledge level, distance from my home, and my approach with teachers before I became experienced.",uuid:1f10987b-b8bd-4560-972b-355976b2a804,2512040829,uuid:1f10987b-b8bd-4560-972b-355976b2a804,NA,NA,NA,NA,NA,NA,NA,NA,NA,NA
708201,S0702060952,CENTRAL ETHIOPIA,Hadiya,jajura town ad.,sundusa,Rural,"12/5/2025, 8:18:13 PM","12/5/2025, 11:39:01 AM","12/5/2025, 8:12:06 PM",12/5/2025,f9d6a239f0ca8566,1,T7301,NA,male,2 3 4 5,0,1,1,1,1,0,0,0,0,1 97,1,0,0,1,Environmental science (mes),3,NA,2,NA,1,NA,2012,2015,3,0,NA,NA,2 5,0,1,0,0,1,0,0,NA,4,NA,3,0,0,1,0,0,0,0,NA,1,1 2,1,1,0,0,0,0,NA,2 4 5,0,1,0,1,1,0,0,0,0,0,NA,3 6,0,0,1,0,0,1,0,0,0,0,NA,1 4,1,0,0,1,0,0,0,0,0,0,NA,4,4,4,1,3,1,1,1,6 8,0,0,0,0,0,1,0,1,0,0,0,0,0,NA,1,2,NA,1 2 3 4 5 6 7 8 9 10 11,1,1,1,1,1,1,1,1,1,1,1,0,0,NA,4,4,4,4,4,4,4,4,3,4,5,5,5,5,5,5,1,1,1,5,0,0,0,0,1,0,0,0,NA,4,3,3,3,3,4,4,2,2,5,2,2,NA,4,4,4,1,4,2,0,1,0,0,0,NA,3,NA,1,0,0,1,1,1,0,1,1,1,0,NA,3,4,1,1,4,1,1,3,3,3,3,3,3,3,2,3,3,3,9 11,0,0,0,0,0,0,0,0,1,0,1,4,1,4,4,1,4,1,3,2,1,10,1,4,1,4,3,4,4,4,4,4,4,2 3 4,0,1,1,1,0,0,0,NA,1,3,3,3,1,1,1,1,1,No,4 8,0,0,0,1,0,0,0,1,0,NA,30,NA,10700,No any other challenge,uuid:75035f2c-7035-4788-b444-37ebd61fac09,2512040829,uuid:75035f2c-7035-4788-b444-37ebd61fac09,NA,NA,NA,NA,NA,NA,NA,NA,NA,NA
708201,S0702060952,CENTRAL ETHIOPIA,Hadiya,jajura town ad.,sundusa,Rural,"12/6/2025, 12:25:32 PM","12/5/2025, 12:29:23 PM","12/6/2025, 12:25:25 PM",12/5/2025,f9d6a239f0ca8566,1,T7303,NA,male,8,0,0,0,0,0,0,0,1,0,2,0,1,0,0,NA,3,NA,5,NA,1,NA,2001,2010,4,0,NA,NA,2,0,1,0,0,0,0,0,NA,1,NA,3,0,0,1,0,0,0,0,NA,1,2,0,1,0,0,0,0,NA,4 97,0,0,0,1,0,0,0,0,0,1,Timhirt indiwodo,4 7,0,0,0,1,0,0,1,0,0,0,NA,4 8,0,0,0,1,0,0,0,1,0,0,NA,4,3,2,1,2,1,1,2,4 6,0,0,0,1,0,1,0,0,0,0,0,0,0,NA,2,2,NA,1 2 3 4 5 6 7 8 9 10 11,1,1,1,1,1,1,1,1,1,1,1,0,0,NA,4,4,4,4,4,4,4,4,3,4,5,5,5,5,5,5,1,1,1,2 5,0,1,0,0,1,0,0,0,NA,4,3,3,3,3,3,2,2,1,2,2,5,NA,4,4,4,1,4,2,0,1,0,0,0,NA,1,NA,0,0,0,0,1,0,0,1,1,0,0,NA,4,4,1,1,4,1,1,3,1,3,2,3,2,3,1,2,3,3,1 9,1,0,0,0,0,0,0,0,1,0,0,4,3,1,4,4,4,1,3,3,1,10,4,4,4,4,4,1,4,4,4,4,4,1 4,1,0,0,1,0,0,0,NA,0,NA,NA,NA,NA,NA,NA,NA,NA,NA,3 4,0,0,1,1,0,0,0,0,0,NA,37,NA,13029,No any other challenge,uuid:9eb0ec12-5bab-4026-89ef-d9320e7e18e1,2512040829,uuid:9eb0ec12-5bab-4026-89ef-d9320e7e18e1,NA,NA,NA,NA,NA,NA,NA,NA,NA,NA
707051,S0702070472,CENTRAL ETHIOPIA,Hadiya,duna,olawa,Rural,"12/8/2025, 8:12:53 PM","12/8/2025, 10:01:43 AM","12/8/2025, 7:54:42 PM",12/8/2025,402aa563e792bb9b,1,T7202,NA,female,4,0,0,0,1,0,0,0,0,0,1,1,0,0,0,NA,3,NA,2,NA,1,NA,2013,2013,1,0,NA,NA,2,0,1,0,0,0,0,0,NA,1,NA,2 6,0,1,0,0,0,1,0,NA,1,3,0,0,1,0,0,0,NA,2 3 4 5,0,1,1,1,1,0,0,0,0,0,NA,4 8,0,0,0,1,0,0,0,1,0,0,NA,5 8,0,0,0,0,1,0,0,1,0,0,NA,3,3,2,1,4,4,4,4,2 7 8 10 11,0,1,0,0,0,0,1,1,0,1,1,0,0,NA,2,3,NA,1 3 10,1,0,1,0,0,0,0,0,0,1,0,0,0,NA,3,4,4,4,4,4,4,4,4,4,3,5,5,5,4,4,2,1,1,2,0,1,0,0,0,0,0,0,NA,4,3,2,4,2,4,4,2,4,5,2,4,NA,3,4,4,1,4,2 4,0,1,0,1,0,NA,3,NA,1,1,1,1,1,1,1,1,1,1,0,NA,4,1,1,3,3,3,3,1,2,1,1,3,1,3,1,2,1,1,2 4,0,1,0,1,0,0,0,0,0,0,0,4,2,4,4,4,4,1,1,1,1,10,4,4,3,4,4,1,4,3,4,4,4,1 4,1,0,0,1,0,0,0,NA,0,NA,NA,NA,NA,NA,NA,NA,NA,NA,3 4,0,0,1,1,0,0,0,0,0,NA,26,NA,10001,Nothing,uuid:012e5524-07fe-4c93-a1d0-11b51da354fe,2512040829,uuid:012e5524-07fe-4c93-a1d0-11b51da354fe,NA,NA,NA,NA,NA,NA,NA,NA,NA,NA
707051,S0702070472,CENTRAL ETHIOPIA,Hadiya,duna,olawa,Rural,"12/8/2025, 8:49:26 PM","12/8/2025, 10:01:32 AM","12/8/2025, 8:48:25 PM",12/8/2025,f9d6a239f0ca8566,1,T7201,NA,female,3 4,0,0,1,1,0,0,0,0,0,1,1,0,0,0,NA,6,NA,5,NA,1,NA,2004,2004,1,0,NA,NA,1 2,1,1,0,0,0,0,0,NA,1,NA,3 5,0,0,1,0,1,0,0,NA,1,2 3,0,1,1,0,0,0,NA,1 4 5,1,0,0,1,1,0,0,0,0,0,NA,4 7,0,0,0,1,0,0,1,0,0,0,NA,4 8,0,0,0,1,0,0,0,1,0,0,NA,4,3,2,2,4,4,1,1,2 6 7 8 9 11,0,1,0,0,0,1,1,1,1,0,1,0,0,NA,1,2,NA,1 2 3 4 5 6 7 8 9 10 11,1,1,1,1,1,1,1,1,1,1,1,0,0,NA,4,4,4,4,4,4,4,4,3,4,5,4,4,5,4,4,2,1,1,2 5,0,1,0,0,1,0,0,0,NA,2,2,2,2,2,3,2,3,2,2,3,5,NA,1,4,1,1,4,2 4,0,1,0,1,0,NA,1,NA,1,1,0,0,1,1,0,1,1,1,0,NA,3,3,1,1,4,1,1,3,3,3,3,3,1,2,1,1,1,1,4 9,0,0,0,1,0,0,0,0,1,0,0,4,3,2,4,3,4,1,2,1,1,10,1,3,4,4,3,3,4,4,4,4,4,1 2 4,1,1,0,1,0,0,0,NA,1,1,2,3,1,1,1,2,2,No,4 7,0,0,0,1,0,0,1,0,0,NA,31,NA,8023,No,uuid:743309c2-5a72-45ef-ad1f-ab56cfa78a1e,2512040829,uuid:743309c2-5a72-45ef-ad1f-ab56cfa78a1e,NA,NA,NA,NA,NA,NA,NA,NA,NA,NA
707051,S0702070472,CENTRAL ETHIOPIA,Hadiya,duna,olawa,Rural,"12/8/2025, 8:49:26 PM","12/8/2025, 1:08:06 PM","12/8/2025, 8:49:06 PM",12/8/2025,f9d6a239f0ca8566,1,T7203,NA,male,5 6 7,0,0,0,0,1,1,1,0,0,1 97,1,0,0,1,Sport,5,NA,5,NA,1,NA,1995,1996,2,0,NA,NA,2,0,1,0,0,0,0,0,NA,1,NA,3,0,0,1,0,0,0,0,NA,1,1,1,0,0,0,0,0,NA,1 4 6,1,0,0,1,0,1,0,0,0,0,NA,4 8,0,0,0,1,0,0,0,1,0,0,NA,4 8,0,0,0,1,0,0,0,1,0,0,NA,4,4,3,1,1,4,1,1,2,0,1,0,0,0,0,0,0,0,0,0,0,0,NA,3,2,NA,1 2 3 4 5 6 7 8 9 10 11,1,1,1,1,1,1,1,1,1,1,1,0,0,NA,4,4,4,4,4,4,4,4,4,4,5,5,4,5,4,5,1,2,1,5 97,0,0,0,0,1,0,1,0,Disiplin,3,3,2,2,2,2,4,4,2,3,3,5,NA,4,4,4,4,4,2,0,1,0,0,0,NA,3,NA,0,0,0,0,0,0,0,1,0,0,0,NA,3,4,1,1,4,1,1,3,3,3,3,3,2,3,3,3,3,3,1 2,1,1,0,0,0,0,0,0,0,0,0,4,1,4,4,1,4,1,3,3,1,10,4,3,3,4,4,1,4,4,4,4,4,1 4,1,0,0,1,0,0,0,NA,0,NA,NA,NA,NA,NA,NA,NA,NA,NA,3 7,0,0,1,0,0,0,1,0,0,NA,42,NA,15490,No,uuid:86336a9f-5af6-486d-bc2d-d274ed33fb8d,2512040829,uuid:86336a9f-5af6-486d-bc2d-d274ed33fb8d,NA,NA,NA,NA,NA,NA,NA,NA,NA,NA
707052,S0702072182,CENTRAL ETHIOPIA,Hadiya,duna,otoro,Rural,"12/9/2025, 6:39:52 PM","12/9/2025, 11:04:02 AM","12/9/2025, 6:39:25 PM",12/9/2025,f9d6a239f0ca8566,1,T3301,NA,female,1 2 3,1,1,1,0,0,0,0,0,0,1,1,0,0,0,NA,3,NA,3,NA,1,NA,2014,2014,1,0,NA,NA,2,0,1,0,0,0,0,0,NA,1,NA,3,0,0,1,0,0,0,0,NA,1,3,0,0,1,0,0,0,NA,1 2,1,1,0,0,0,0,0,0,0,0,NA,4 8,0,0,0,1,0,0,0,1,0,0,NA,5 8,0,0,0,0,1,0,0,1,0,0,NA,3,3,1,3,3,1,1,1,2 6 7,0,1,0,0,0,1,1,0,0,0,0,0,0,NA,1,2,NA,1 2 4 5 6 7 8 9 10 11,1,1,0,1,1,1,1,1,1,1,1,0,0,NA,4,4,4,3,4,4,4,4,4,4,5,5,5,5,5,5,1,1,1,2 5,0,1,0,0,1,0,0,0,NA,3,2,2,2,2,2,2,2,1,2,1,3,NA,1,1,3,4,3,2,0,1,0,0,0,NA,5,NA,1,0,0,0,0,0,0,1,1,0,0,NA,3,1,1,1,4,1,1,3,3,3,3,3,3,3,3,3,3,3,1 3,1,0,1,0,0,0,0,0,0,0,0,3,3,2,3,1,4,1,2,2,1,10,4,4,1,4,4,1,4,4,2,4,4,2 4,0,1,0,1,0,0,0,NA,0,NA,NA,NA,NA,NA,NA,NA,NA,NA,1 5,1,0,0,0,1,0,0,0,0,NA,26,NA,10001,No,uuid:1399ffd4-ce8b-4951-99f3-82185fb7a6bc,2512040829,uuid:1399ffd4-ce8b-4951-99f3-82185fb7a6bc,NA,NA,NA,NA,NA,NA,NA,NA,NA,NA
707052,S0702072182,CENTRAL ETHIOPIA,Hadiya,duna,otoro,Rural,"12/9/2025, 8:47:23 PM","12/9/2025, 11:05:35 AM","12/9/2025, 8:20:24 PM",12/9/2025,402aa563e792bb9b,1,T3302,NA,male,4,0,0,0,1,0,0,0,0,0,1,1,0,0,0,NA,6,NA,5,NA,1,NA,1978,1986,6,1,5,3,5,0,0,0,0,1,0,0,NA,1,NA,2 6,0,1,0,0,0,1,0,NA,1,1 2 3,1,1,1,0,0,0,NA,4 8,0,0,0,1,0,0,0,1,0,0,NA,5 8,0,0,0,0,1,0,0,1,0,0,NA,1 97 98,1,0,0,0,0,0,0,0,1,1,Mekabeber,3,4,3,3,3,3,2,1,2 3 4 6 7 9,0,1,1,1,0,1,1,0,1,0,0,0,0,NA,3,2,NA,1 4 5 7 8 9 10 11,1,0,0,1,1,0,1,1,1,1,1,0,0,NA,4,4,4,3,4,4,4,4,3,4,5,5,5,5,5,5,1,1,1,2 5,0,1,0,0,1,0,0,0,NA,4,3,3,4,4,4,4,4,4,5,4,2,NA,2,2,2,1,4,2 97,0,1,0,0,1,Counciling,2,NA,0,0,0,0,0,0,1,1,1,0,0,NA,1,1,1,1,4,1,1,3,3,3,3,3,2,3,3,2,3,3,9 11,0,0,0,0,0,0,0,0,1,0,1,3,1,4,4,4,4,3,3,2,2,9,1,4,1,1,4,1,4,4,4,4,4,4,0,0,0,1,0,0,0,NA,1,3,3,3,2,3,3,3,2,No,4 7,0,0,0,1,0,0,1,0,0,NA,59,NA,16071,"Financial problem, personal health problem, community participation",uuid:78798c54-a982-4ed1-8637-a9223bfef1e2,2512040829,uuid:78798c54-a982-4ed1-8637-a9223bfef1e2,NA,NA,NA,NA,NA,NA,NA,NA,NA,NA
707052,S0702072182,CENTRAL ETHIOPIA,Hadiya,duna,otoro,Rural,"12/9/2025, 8:47:26 PM","12/9/2025, 12:44:40 PM","12/9/2025, 8:19:35 PM",12/9/2025,402aa563e792bb9b,1,T3303,NA,male,7,0,0,0,0,0,0,1,0,0,97,0,0,0,1,Social science,7,NA,5,NA,1,NA,2002,2004,2,0,NA,NA,2,0,1,0,0,0,0,0,NA,1,NA,6 97,0,0,0,0,0,1,1,They send to Library,1,2 3 5,0,1,1,0,1,0,NA,1 2 4,1,1,0,1,0,0,0,0,0,0,NA,4 7,0,0,0,1,0,0,1,0,0,0,NA,4 8,0,0,0,1,0,0,0,1,0,0,NA,3,3,1,2,4,3,3,4,2 3 5 7 9 10,0,1,1,0,1,0,1,0,1,1,0,0,0,NA,4,2,NA,1 2 3 4 5 6 7 8 9 10 11,1,1,1,1,1,1,1,1,1,1,1,0,0,NA,4,4,4,4,4,4,4,3,4,4,5,5,5,5,5,5,1,1,1,5,0,0,0,0,1,0,0,0,NA,4,4,4,4,4,4,5,5,4,5,4,1,NA,1,1,1,1,4,2 4,0,1,0,1,0,NA,1,NA,0,0,0,0,0,0,0,1,1,0,0,NA,1,1,1,1,4,1,1,3,3,3,3,3,3,3,3,3,3,3,1 4,1,0,0,1,0,0,0,0,0,0,0,1,1,1,1,1,4,1,3,3,1,10,4,4,3,4,4,1,4,4,4,4,4,1 4,1,0,0,1,0,0,0,NA,0,NA,NA,NA,NA,NA,NA,NA,NA,NA,4 7,0,0,0,1,0,0,1,0,0,NA,37,NA,14350,No,uuid:d3205654-d9a4-412f-b8a8-c84baeedb4dc,2512040829,uuid:d3205654-d9a4-412f-b8a8-c84baeedb4dc,NA,NA,NA,NA,NA,NA,NA,NA,NA,NA
706836,S0702080062,CENTRAL ETHIOPIA,Hadiya,anlemo,wasela,Rural,"12/11/2025, 5:34:14 PM","12/11/2025, 11:37:21 AM","12/11/2025, 5:05:14 PM",12/11/2025,fef309259d139ee0,1,S3103,NA,female,1 2 4,1,1,0,1,0,0,0,0,0,97,0,0,0,1,Ganaral since,6,NA,5,NA,1,NA,2004,2016,5,0,NA,NA,1,1,0,0,0,0,0,0,NA,1,NA,6,0,0,0,0,0,1,0,NA,1,1 3,1,0,1,0,0,0,NA,3 4 5,0,0,1,1,1,0,0,0,0,0,NA,1 2,1,1,0,0,0,0,0,0,0,0,NA,1 2,1,1,0,0,0,0,0,0,0,0,NA,3,3,4,4,1,2,2,1,4 5,0,0,0,1,1,0,0,0,0,0,0,0,0,NA,4,3,NA,2 3 4,0,1,1,1,0,0,0,0,0,0,0,0,0,NA,4,4,4,4,4,4,4,4,4,4,5,5,5,5,5,5,1,1,1,2 5,0,1,0,0,1,0,0,0,NA,3,3,3,3,3,3,4,4,4,4,4,2,NA,3,3,3,3,3,2,0,1,0,0,0,NA,1,NA,0,1,0,1,0,1,1,1,1,1,0,NA,3,3,1,1,4,3,3,3,3,2,1,1,2,2,1,1,1,1,1 2,1,1,0,0,0,0,0,0,0,0,0,3,3,2,3,4,3,3,3,3,1,10,3,2,2,3,4,2,4,4,4,4,4,2,0,1,0,0,0,0,0,NA,0,NA,NA,NA,NA,NA,NA,NA,NA,NA,1 3,1,0,1,0,0,0,0,0,0,NA,38,NA,13311,NA,uuid:5a8f1f19-85f7-4bb8-ba30-ae8a15c9f663,2512040829,uuid:5a8f1f19-85f7-4bb8-ba30-ae8a15c9f663,NA,NA,NA,NA,NA,NA,NA,NA,NA,NA
706836,S0702080062,CENTRAL ETHIOPIA,Hadiya,anlemo,wasela,Rural,"12/11/2025, 5:34:15 PM","12/11/2025, 10:41:41 AM","12/11/2025, 5:06:01 PM",12/11/2025,fef309259d139ee0,1,T3102,NA,male,2 3 4,0,1,1,1,0,0,0,0,0,2,0,1,0,0,NA,4,NA,2,NA,1,NA,2009,2013,3,1,3,2,1,1,0,0,0,0,0,0,NA,1,NA,6,0,0,0,0,0,1,0,NA,1,3,0,0,1,0,0,0,NA,1 3 4,1,0,1,1,0,0,0,0,0,0,NA,1 6,1,0,0,0,0,1,0,0,0,0,NA,1 4,1,0,0,1,0,0,0,0,0,0,NA,4,3,2,2,3,2,4,2,4,0,0,0,1,0,0,0,0,0,0,0,0,0,NA,1,3,NA,5 6 7 8,0,0,0,0,1,1,1,1,0,0,0,0,0,NA,4,4,4,4,4,4,4,3,4,4,5,5,5,5,5,5,1,1,1,2 5,0,1,0,0,1,0,0,0,NA,3,3,2,2,2,3,4,1,5,4,2,2,NA,3,3,3,4,3,2,0,1,0,0,0,NA,2,NA,0,1,0,1,1,0,0,1,1,1,0,NA,3,3,1,1,4,4,4,3,3,2,1,3,2,2,2,1,2,1,1 4,1,0,0,1,0,0,0,0,0,0,0,3,3,3,3,3,3,4,3,3,2,9,3,3,3,3,4,4,4,4,4,4,4,2,0,1,0,0,0,0,0,NA,0,NA,NA,NA,NA,NA,NA,NA,NA,NA,1 4,1,0,0,1,0,0,0,0,0,NA,26,NA,11531,NA,uuid:0f4ffa51-6df3-4e8f-a883-857784145191,2512040829,uuid:0f4ffa51-6df3-4e8f-a883-857784145191,NA,NA,NA,NA,NA,NA,NA,NA,NA,NA
706836,S0702080062,CENTRAL ETHIOPIA,Hadiya,anlemo,wasela,Rural,"12/11/2025, 8:01:17 PM","12/11/2025, 9:54:41 AM","12/11/2025, 6:14:06 PM",12/11/2025,1f2e7526f0d594aa,1,T3101,NA,male,8,0,0,0,0,0,0,0,1,0,2,0,1,0,0,NA,3,NA,3,NA,0,NA,2013,2016,2,1,1,3,1,1,0,0,0,0,0,0,NA,1,NA,6,0,0,0,0,0,1,0,NA,1,3,0,0,1,0,0,0,NA,2 4 7,0,1,0,1,0,0,1,0,0,0,NA,4 8,0,0,0,1,0,0,0,1,0,0,NA,4 8,0,0,0,1,0,0,0,1,0,0,NA,3,2,3,2,3,3,4,2,1 2 3 4 5 6 7 8 9 10 11,1,1,1,1,1,1,1,1,1,1,1,0,0,NA,3,2,NA,1 2 3 4 5 6 7 8 9 10,1,1,1,1,1,1,1,1,1,1,0,0,0,NA,4,4,4,3,4,4,4,4,4,4,4,5,5,5,5,5,1,1,1,1 2 5,1,1,0,0,1,0,0,0,NA,3,3,2,4,2,4,4,3,2,4,2,2,NA,4,4,4,1,4,1 2,1,1,0,0,0,NA,3,NA,1,1,0,1,1,1,1,1,1,0,0,NA,3,3,1,1,4,1,1,1,2,3,3,3,3,3,3,3,3,3,1 4,1,0,0,1,0,0,0,0,0,0,0,3,1,3,3,2,4,2,3,3,2,10,4,3,4,4,4,1,4,4,3,3,4,1 2 4 5,1,1,0,1,1,0,0,NA,0,NA,NA,NA,NA,NA,NA,NA,NA,NA,3 8,0,0,1,0,0,0,0,1,0,NA,25,NA,10001,የለም,uuid:bcea0827-dda6-45fe-813d-91c78298d01e,2512040829,uuid:bcea0827-dda6-45fe-813d-91c78298d01e,NA,NA,NA,NA,NA,NA,NA,NA,NA,NA
707684,S0702090242,CENTRAL ETHIOPIA,Hadiya,mierab badewacho,danema no 2 primary school,Urban,"12/20/2025, 6:45:42 AM","12/19/2025, 10:18:09 AM","12/20/2025, 6:45:28 AM",12/19/2025,13ff9fddb6200dd2,1,T5703,NA,male,7,0,0,0,0,0,0,1,0,0,1,1,0,0,0,NA,7,NA,5,NA,0,NA,1997,2017,5,0,NA,NA,2,0,1,0,0,0,0,0,NA,1,NA,6 97,0,0,0,0,0,1,1,Other teacher teaches his or her own subject,1,1 3,1,0,1,0,0,0,NA,2 4 5 7,0,1,0,1,1,0,1,0,0,0,NA,4 5,0,0,0,1,1,0,0,0,0,0,NA,3 4,0,0,1,1,0,0,0,0,0,0,NA,4,3,2,1,1,1,1,1,2 3 4 5 6 11,0,1,1,1,1,1,0,0,0,0,1,0,0,NA,3,2,NA,1 2 10 11,1,1,0,0,0,0,0,0,0,1,1,0,0,NA,4,4,4,4,4,4,4,4,3,3,3,5,5,5,5,5,1,1,1,1 2 3 4 5,1,1,1,1,1,0,0,0,NA,2,2,1,2,2,3,4,4,2,4,3,2,NA,1,1,1,1,4,2 3,0,1,1,0,0,NA,3,NA,0,0,0,0,1,1,1,1,1,0,0,NA,1,1,1,1,4,1,1,3,3,3,3,3,2,3,3,3,3,3,1 4,1,0,0,1,0,0,0,0,0,0,0,1,1,3,3,1,4,1,3,3,1,10,4,4,1,3,4,3,4,4,3,4,4,1 4,1,0,0,1,0,0,0,NA,1,3,3,3,2,3,3,3,2,None,3 7,0,0,1,0,0,0,1,0,0,NA,36,NA,14200,None,uuid:6018721e-0522-4107-9411-17ed0a12a2c2,2512142209,uuid:6018721e-0522-4107-9411-17ed0a12a2c2,NA,NA,NA,NA,NA,NA,NA,NA,NA,NA
707684,S0702090242,CENTRAL ETHIOPIA,Hadiya,mierab badewacho,danema no 2 primary school,Urban,"12/20/2025, 6:47:17 AM","12/19/2025, 10:13:21 AM","12/20/2025, 6:47:01 AM",12/19/2025,15aee2f9fc7423e8,1,T5701,NA,female,2 3 6 8,0,1,1,0,0,1,0,1,0,97,0,0,0,1,Sport,7,NA,5,NA,1,NA,1999,2004,4,0,NA,NA,1,1,0,0,0,0,0,0,NA,1,NA,6,0,0,0,0,0,1,0,NA,1,1 3,1,0,1,0,0,0,NA,1 2,1,1,0,0,0,0,0,0,0,0,NA,5 6,0,0,0,0,1,1,0,0,0,0,NA,1 5,1,0,0,0,1,0,0,0,0,0,NA,3,2,2,1,2,1,2,1,5 6 11,0,0,0,0,1,1,0,0,0,0,1,0,0,NA,3,2,NA,1 3 4 5 8 9 10,1,0,1,1,1,0,0,1,1,1,0,0,0,NA,4,4,3,2,3,3,3,1,3,3,3,3,3,5,4,4,1,1,1,2,0,1,0,0,0,0,0,0,NA,3,3,1,3,3,2,4,4,3,4,4,3,NA,1,1,1,1,4,2,0,1,0,0,0,NA,1,NA,1,0,0,1,0,1,1,1,1,1,0,NA,4,3,1,1,4,1,1,3,3,3,3,3,3,3,3,3,3,3,3 4,0,0,1,1,0,0,0,0,0,0,0,4,1,1,1,1,4,1,3,3,1,10,1,4,1,4,4,4,4,4,4,4,4,4,0,0,0,1,0,0,0,NA,1,2,2,2,1,1,1,1,1,No,3 4,0,0,1,1,0,0,0,0,0,NA,36,NA,15480,No,uuid:0bad10b5-650c-4b9f-b9e0-41544c154233,2512142209,uuid:0bad10b5-650c-4b9f-b9e0-41544c154233,NA,NA,NA,NA,NA,NA,NA,NA,NA,NA
707684,S0702090242,CENTRAL ETHIOPIA,Hadiya,mierab badewacho,danema no 2 primary school,Urban,"12/20/2025, 6:47:17 AM","12/19/2025, 10:56:41 AM","12/20/2025, 6:47:09 AM",12/19/2025,15aee2f9fc7423e8,1,T5702,NA,female,1 2,1,1,0,0,0,0,0,0,0,97,0,0,0,1,General science,1,NA,2,NA,1,NA,2001,2009,3,0,NA,NA,1,1,0,0,0,0,0,0,NA,1,NA,6,0,0,0,0,0,1,0,NA,1,3,0,0,1,0,0,0,NA,1 2,1,1,0,0,0,0,0,0,0,0,NA,4 6,0,0,0,1,0,1,0,0,0,0,NA,4 8,0,0,0,1,0,0,0,1,0,0,NA,3,3,3,1,2,2,2,1,7 9 10,0,0,0,0,0,0,1,0,1,1,0,0,0,NA,3,2,NA,1 2 3 4 9 10,1,1,1,1,0,0,0,0,1,1,0,0,0,NA,4,4,4,3,4,4,3,3,4,4,4,3,3,5,4,4,1,1,1,2,0,1,0,0,0,0,0,0,NA,3,2,1,2,2,2,2,2,2,2,1,5,NA,3,4,4,1,3,2,0,1,0,0,0,NA,3,NA,0,0,1,1,0,0,1,1,1,0,0,NA,1,1,1,1,4,1,1,3,3,3,3,3,3,3,3,3,3,3,4 6,0,0,0,1,0,1,0,0,0,0,0,4,1,4,4,1,4,1,3,3,2,10,4,4,1,4,4,4,3,4,4,3,3,1,1,0,0,0,0,0,0,NA,1,3,3,3,2,2,2,2,1,No,6 8,0,0,0,0,0,1,0,1,0,NA,34,NA,13200,No,uuid:a7b235b6-ccec-4f0b-86eb-b78f9b65b4f6,2512142209,uuid:a7b235b6-ccec-4f0b-86eb-b78f9b65b4f6,NA,NA,NA,NA,NA,NA,NA,NA,NA,NA
709283,S0703010292,CENTRAL ETHIOPIA,Tembaro Sp.,tembaro,bohe,Rural,"12/23/2025, 8:46:21 PM","12/23/2025, 11:39:54 AM","12/23/2025, 8:45:57 PM",12/23/2025,13ff9fddb6200dd2,1,T39303,NA,male,2 5 8,0,1,0,0,1,0,0,1,0,1,1,0,0,0,NA,4,NA,5,NA,1,NA,1998,2010,5,0,NA,NA,5,0,0,0,0,1,0,0,NA,1,NA,2 6,0,1,0,0,0,1,0,NA,1,1 3,1,0,1,0,0,0,NA,4 7,0,0,0,1,0,0,1,0,0,0,NA,7 8,0,0,0,0,0,0,1,1,0,0,NA,4 7,0,0,0,1,0,0,1,0,0,0,NA,2,3,1,1,1,3,2,2,2 3 4 5,0,1,1,1,1,0,0,0,0,0,0,0,0,NA,3,2,NA,4 5 7,0,0,0,1,1,0,1,0,0,0,0,0,0,NA,4,4,4,3,3,4,4,4,3,4,5,5,3,5,5,5,1,1,1,2 4 5,0,1,0,1,1,0,0,0,NA,4,4,1,4,4,2,4,5,3,5,2,4,NA,1,1,1,1,4,2,0,1,0,0,0,NA,3,NA,0,0,0,0,0,1,1,0,1,0,0,NA,1,1,1,1,3,1,1,3,3,3,3,3,2,3,1,3,1,3,1 5,1,0,0,0,1,0,0,0,0,0,0,1,1,2,2,3,4,1,3,1,1,7,2,4,1,1,4,3,4,4,4,4,4,4,0,0,0,1,0,0,0,NA,1,3,3,3,2,3,3,2,2,None,3 4,0,0,1,1,0,0,0,0,0,NA,32,NA,15429,None,uuid:3de88957-aa8c-4211-b7fa-a69cd186d661,2512142209,uuid:3de88957-aa8c-4211-b7fa-a69cd186d661,NA,NA,NA,NA,NA,NA,NA,NA,NA,NA
709283,S0703010292,CENTRAL ETHIOPIA,Tembaro Sp.,tembaro,bohe,Rural,"12/25/2025, 6:53:15 PM","12/23/2025, 11:44:13 AM","12/23/2025, 12:15:00 PM",12/23/2025,f4f7c86f9b157d85,1,T39301,NA,female,1 2 3 4,1,1,1,1,0,0,0,0,0,1,1,0,0,0,NA,4,NA,5,NA,1,NA,2001,2007,3,0,NA,NA,1,1,0,0,0,0,0,0,NA,1,NA,6,0,0,0,0,0,1,0,NA,1,1,1,0,0,0,0,0,NA,4 9,0,0,0,1,0,0,0,0,1,0,NA,4 8,0,0,0,1,0,0,0,1,0,0,NA,4 7,0,0,0,1,0,0,1,0,0,0,NA,2,2,2,1,3,1,1,1,4 11,0,0,0,1,0,0,0,0,0,0,1,0,0,NA,2,2,NA,3,0,0,1,0,0,0,0,0,0,0,0,0,0,NA,4,4,3,4,4,4,4,4,4,4,5,5,5,5,5,5,1,1,1,2 5,0,1,0,0,1,0,0,0,NA,4,4,2,2,2,2,2,2,1,2,2,3,NA,3,4,4,1,4,2 4,0,1,0,1,0,NA,3,NA,0,0,0,0,0,0,0,0,0,0,0,NA,3,3,1,1,4,4,4,1,1,1,3,3,3,3,3,3,3,3,1 4,1,0,0,1,0,0,0,0,0,0,0,4,1,3,4,1,4,1,3,3,1,10,4,4,4,4,4,1,4,4,4,4,4,2 4,0,1,0,1,0,0,0,NA,0,NA,NA,NA,NA,NA,NA,NA,NA,NA,97,0,0,0,0,0,0,0,0,1,None,39,NA,11400,None,uuid:1827b8ae-4a3b-4b36-8a67-5f8b61944aac,2512142209,uuid:1827b8ae-4a3b-4b36-8a67-5f8b61944aac,NA,NA,NA,NA,NA,NA,NA,NA,NA,NA
709283,S0703010292,CENTRAL ETHIOPIA,Tembaro Sp.,tembaro,bohe,Rural,"12/25/2025, 6:53:16 PM","12/23/2025, 12:15:04 PM","12/23/2025, 1:08:41 PM",12/23/2025,f4f7c86f9b157d85,1,T39302,NA,male,5 6 7 8,0,0,0,0,1,1,1,1,0,97,0,0,0,1,Civic,3,NA,5,NA,0,NA,2012,2012,1,0,NA,NA,1,1,0,0,0,0,0,0,NA,1,NA,97,0,0,0,0,0,0,1,Library,1,2,0,1,0,0,0,0,NA,2 4,0,1,0,1,0,0,0,0,0,0,NA,4 6,0,0,0,1,0,1,0,0,0,0,NA,3 6,0,0,1,0,0,1,0,0,0,0,NA,3,3,4,1,3,2,2,1,3 10 11,0,0,1,0,0,0,0,0,0,1,1,0,0,NA,3,3,NA,1 2 3 5 6 7 8 9 10,1,1,1,0,1,1,1,1,1,1,0,0,0,NA,4,4,4,4,4,4,4,4,4,4,5,5,5,5,5,5,1,1,1,2 5,0,1,0,0,1,0,0,0,NA,4,4,2,2,2,1,2,2,1,2,2,1,NA,4,4,4,1,4,1 3 4,1,0,1,1,0,NA,3,NA,1,0,0,1,0,1,0,1,1,1,0,NA,1,1,1,1,4,4,1,3,1,3,3,3,3,3,3,3,3,3,1 11,1,0,0,0,0,0,0,0,0,0,1,4,1,4,4,4,4,4,3,3,1,10,1,4,1,4,4,1,4,4,4,4,4,2 4,0,1,0,1,0,0,0,NA,1,2,3,3,1,3,2,2,1,None,97,0,0,0,0,0,0,0,0,1,None,29,NA,11500,"Lack of school Budget,Lack  of Students textbook,There's no opportunities of Teacher professional updates,There's no Teacher benefits(Transport access),Lack of learning resources,Lack of laboratory materials,There's no Teachers training.",uuid:b9beced8-3096-468f-b55f-a3d1a090f396,2512142209,uuid:b9beced8-3096-468f-b55f-a3d1a090f396,NA,NA,NA,NA,NA,NA,NA,NA,NA,NA
709225,S0703030442,CENTRAL ETHIOPIA,Kembata,kedida gamela,fulas milinium,Rural,"12/23/2025, 8:49:49 PM","12/23/2025, 11:14:15 AM","12/23/2025, 5:58:36 PM",12/23/2025,f9d6a239f0ca8566,1,T5201,NA,male,2 3,0,1,1,0,0,0,0,0,0,1 97,1,0,0,1,Sport,7,NA,5,NA,1,NA,1980,1998,5,1,1,3,1 5,1,0,0,0,1,0,0,NA,1,NA,3 6,0,0,1,0,0,1,0,NA,1,1,1,0,0,0,0,0,NA,4,0,0,0,1,0,0,0,0,0,0,NA,4 7,0,0,0,1,0,0,1,0,0,0,NA,3 4,0,0,1,1,0,0,0,0,0,0,NA,2,2,1,1,1,1,2,1,4 6 11,0,0,0,1,0,1,0,0,0,0,1,0,0,NA,2,2,NA,1 3 4 5 7 8 9 11,1,0,1,1,1,0,1,1,1,0,1,0,0,NA,4,4,4,3,4,4,4,4,2,4,5,5,5,5,4,5,1,1,1,2 5,0,1,0,0,1,0,0,0,NA,1,1,1,2,2,1,1,2,1,1,1,3,NA,4,4,4,1,4,2,0,1,0,0,0,NA,5,NA,1,1,1,0,0,0,0,1,1,1,0,NA,4,4,1,1,4,1,1,3,3,3,2,2,2,1,3,3,3,3,6 7,0,0,0,0,0,1,1,0,0,0,0,4,1,4,4,1,4,4,3,2,1,10,4,4,1,4,4,1,4,4,4,4,4,1 4,1,0,0,1,0,0,0,NA,1,3,1,1,1,3,2,3,1,No,7 8,0,0,0,0,0,0,1,1,0,NA,57,NA,16715,No any other challenge,uuid:140e29de-7e1e-43cc-89de-97ca4f990ac6,2512142209,uuid:140e29de-7e1e-43cc-89de-97ca4f990ac6,NA,NA,NA,NA,NA,NA,NA,NA,NA,NA
709225,S0703030442,CENTRAL ETHIOPIA,Kembata,kedida gamela,fulas milinium,Rural,"12/23/2025, 11:10:53 PM","12/23/2025, 11:29:04 AM","12/23/2025, 11:08:07 PM",12/23/2025,402aa563e792bb9b,1,T5202,NA,male,6 7 8,0,0,0,0,0,1,1,1,0,2,0,1,0,0,NA,4,NA,5,NA,1,NA,1984,2004,6,1,6,3,2 5,0,1,0,0,1,0,0,NA,1,NA,2 6,0,1,0,0,0,1,0,NA,1,3,0,0,1,0,0,0,NA,4,0,0,0,1,0,0,0,0,0,0,NA,4 5,0,0,0,1,1,0,0,0,0,0,NA,4 5,0,0,0,1,1,0,0,0,0,0,NA,2,2,1,1,1,1,1,1,2 3 4 5 6 7 8 9 10 11,0,1,1,1,1,1,1,1,1,1,1,0,0,NA,2,2,NA,1 2 3 5 6 7 8 9 10 11,1,1,1,0,1,1,1,1,1,1,1,0,0,NA,4,4,4,3,4,4,4,3,3,4,5,5,4,4,4,4,1,1,2,2 5,0,1,0,0,1,0,0,0,NA,2,4,4,4,2,2,3,2,2,4,2,3,NA,4,4,4,1,4,97,0,0,0,0,1,I will follow them when I teach a class,3,NA,0,0,0,0,0,0,0,1,1,0,0,NA,4,4,1,1,4,1,1,3,2,2,3,3,2,3,3,3,3,3,3 4,0,0,1,1,0,0,0,0,0,0,0,3,3,3,4,1,4,4,3,3,1,10,4,3,3,4,4,1,4,4,4,4,4,1 4,1,0,0,1,0,0,0,NA,0,NA,NA,NA,NA,NA,NA,NA,NA,NA,4 6,0,0,0,1,0,1,0,0,0,NA,53,NA,16168,No,uuid:d27fbd15-6093-4e76-bea2-743a780f2c69,2512142209,uuid:d27fbd15-6093-4e76-bea2-743a780f2c69,NA,NA,NA,NA,NA,NA,NA,NA,NA,NA
709225,S0703030442,CENTRAL ETHIOPIA,Kembata,kedida gamela,fulas milinium,Rural,"12/23/2025, 11:10:55 PM","12/23/2025, 12:19:07 PM","12/23/2025, 11:07:53 PM",12/23/2025,402aa563e792bb9b,1,T5203,NA,female,1 2 3 4,1,1,1,1,0,0,0,0,0,97,0,0,0,1,Environmental science,6,NA,5,NA,1,NA,1999,2004,3,0,NA,NA,1 4,1,0,0,1,0,0,0,NA,5,NA,6,0,0,0,0,0,1,0,NA,1,3,0,0,1,0,0,0,NA,2 4 5,0,1,0,1,1,0,0,0,0,0,NA,4 5,0,0,0,1,1,0,0,0,0,0,NA,5 6,0,0,0,0,1,1,0,0,0,0,NA,3,3,3,2,3,3,2,2,1 2 4 8 9 10 11,1,1,0,1,0,0,0,1,1,1,1,0,0,NA,1,2,NA,1 2 3 4 5 6 7 8 9 10 11,1,1,1,1,1,1,1,1,1,1,1,0,0,NA,4,4,4,3,4,4,4,3,4,4,5,5,3,5,5,5,2,2,1,2 5,0,1,0,0,1,0,0,0,NA,3,4,3,4,4,3,4,4,2,4,5,3,NA,4,4,4,1,4,1 2,1,1,0,0,0,NA,1,NA,0,0,0,1,0,0,0,0,1,0,0,NA,3,3,1,3,4,3,1,2,2,2,3,2,2,2,2,3,2,3,1 6,1,0,0,0,0,1,0,0,0,0,0,4,1,4,4,4,4,4,2,2,1,10,4,3,3,4,4,1,4,4,4,4,4,1 2,1,1,0,0,0,0,0,NA,1,3,3,3,2,2,2,3,2,No,1 7,1,0,0,0,0,0,1,0,0,NA,38,NA,15490,NA,uuid:eaa45637-d7d0-402d-9de8-e5c374d83ded,2512142209,uuid:eaa45637-d7d0-402d-9de8-e5c374d83ded,NA,NA,NA,NA,NA,NA,NA,NA,NA,NA
708529,S0703030462,CENTRAL ETHIOPIA,Kembata,adilo zuria,geshgola,Rural,"12/22/2025, 7:01:44 PM","12/22/2025, 11:17:25 AM","12/22/2025, 7:00:01 PM",12/22/2025,f9d6a239f0ca8566,1,T2901,NA,female,1,1,0,0,0,0,0,0,0,0,3,0,0,1,0,NA,3,NA,5,NA,1,NA,2012,2015,2,0,NA,NA,2,0,1,0,0,0,0,0,NA,1,NA,2 3,0,1,1,0,0,0,0,NA,1,3 4,0,0,1,1,0,0,NA,2 4,0,1,0,1,0,0,0,0,0,0,NA,4 8,0,0,0,1,0,0,0,1,0,0,NA,3 4,0,0,1,1,0,0,0,0,0,0,NA,4,2,1,1,1,1,1,1,4 12,0,0,0,1,0,0,0,0,0,0,0,1,0,Home work  class work,4,2,NA,1 3 5 7 10 11,1,0,1,0,1,0,1,0,0,1,1,0,0,NA,4,4,3,3,3,4,3,4,4,4,5,5,4,5,4,4,1,1,1,2 5,0,1,0,0,1,0,0,0,NA,3,2,1,1,2,2,2,4,1,2,2,4,NA,1,3,3,1,4,2,0,1,0,0,0,NA,1,NA,1,1,1,1,0,1,1,1,1,1,0,NA,3,3,1,1,4,1,1,2,1,3,3,3,3,3,3,3,3,3,1 4,1,0,0,1,0,0,0,0,0,0,0,3,1,3,3,3,4,1,3,3,1,10,3,3,4,3,4,3,4,4,3,3,4,1 4,1,0,0,1,0,0,0,NA,1,3,2,2,1,3,3,2,1,No,4 8,0,0,0,1,0,0,0,1,0,NA,26,NA,10400,No any other challenge,uuid:2c3dc0b0-8e3c-475e-9e40-5eb17950098f,2512142209,uuid:2c3dc0b0-8e3c-475e-9e40-5eb17950098f,NA,NA,NA,NA,NA,NA,NA,NA,NA,NA
708529,S0703030462,CENTRAL ETHIOPIA,Kembata,adilo zuria,geshgola,Rural,"12/22/2025, 7:01:45 PM","12/22/2025, 2:53:49 PM","12/22/2025, 7:01:27 PM",12/22/2025,f9d6a239f0ca8566,1,T2903,NA,male,7 8,0,0,0,0,0,0,1,1,0,2 97,0,1,0,1,Information tecnology,5,NA,5,NA,1,NA,2003,2007,5,0,NA,NA,2,0,1,0,0,0,0,0,NA,1,NA,3 6,0,0,1,0,0,1,0,NA,1,1 2,1,1,0,0,0,0,NA,2 4,0,1,0,1,0,0,0,0,0,0,NA,4 5,0,0,0,1,1,0,0,0,0,0,NA,4 8,0,0,0,1,0,0,0,1,0,0,NA,3,1,1,1,2,1,1,1,3 4 6 7 11,0,0,1,1,0,1,1,0,0,0,1,0,0,NA,3,2,NA,1 2 3 5 6 8 9 10 11,1,1,1,0,1,1,0,1,1,1,1,0,0,NA,4,3,3,4,3,4,4,3,4,3,4,4,3,5,5,4,1,1,1,2 5,0,1,0,0,1,0,0,0,NA,2,2,1,2,1,2,2,2,1,2,2,3,NA,3,3,3,1,3,2,0,1,0,0,0,NA,5,NA,0,1,0,0,1,1,1,1,1,1,0,NA,4,4,1,1,4,1,1,3,3,2,2,2,2,3,1,3,3,2,1 7,1,0,0,0,0,0,1,0,0,0,0,1,1,3,3,3,4,1,2,2,4,10,4,4,1,4,4,1,4,4,3,4,4,1 2 4,1,1,0,1,0,0,0,NA,1,2,2,1,2,2,2,2,2,No,1 7,1,0,0,0,0,0,1,0,0,NA,37,NA,14000,No any other challenge,uuid:469174f4-8fc1-4d2c-b412-94b4ed0eba11,2512142209,uuid:469174f4-8fc1-4d2c-b412-94b4ed0eba11,NA,NA,NA,NA,NA,NA,NA,NA,NA,NA
708529,S0703030462,CENTRAL ETHIOPIA,Kembata,adilo zuria,geshgola,Rural,"12/22/2025, 11:27:18 PM","12/22/2025, 10:08:13 AM","12/22/2025, 11:17:32 PM",12/22/2025,402aa563e792bb9b,1,T2901,NA,male,1 3,1,0,1,0,0,0,0,0,0,1,1,0,0,0,NA,3,NA,5,NA,1,NA,2011,2011,1,1,2,3,2,0,1,0,0,0,0,0,NA,1,NA,2 6,0,1,0,0,0,1,0,NA,1,2 3,0,1,1,0,0,0,NA,4 6 7 8,0,0,0,1,0,1,1,1,0,0,NA,4 5,0,0,0,1,1,0,0,0,0,0,NA,5 8,0,0,0,0,1,0,0,1,0,0,NA,4,3,2,1,1,2,2,2,1 2 4 5 7 9 10 11,1,1,0,1,1,0,1,0,1,1,1,0,0,NA,3,2,NA,1 2 3 5 6 7 9 10 11,1,1,1,0,1,1,1,0,1,1,1,0,0,NA,4,4,4,4,4,4,4,4,4,4,5,5,5,5,5,5,1,1,1,2 5,0,1,0,0,1,0,0,0,NA,2,4,2,4,2,2,2,3,3,3,5,2,NA,4,2,4,1,4,1 2,1,1,0,0,0,NA,3,NA,0,0,0,0,0,0,0,0,0,0,0,NA,1,1,1,2,3,2,1,3,3,3,2,3,2,3,3,3,3,3,1 4,1,0,0,1,0,0,0,0,0,0,0,4,3,4,4,3,4,3,3,3,2,10,4,4,2,4,4,1,4,4,3,4,4,1 2,1,1,0,0,0,0,0,NA,0,NA,NA,NA,NA,NA,NA,NA,NA,NA,4 8,0,0,0,1,0,0,0,1,0,NA,28,NA,9047,NA,uuid:6b57f453-d13a-4275-9a81-109768534b18,2512142209,uuid:6b57f453-d13a-4275-9a81-109768534b18,NA,NA,NA,NA,NA,NA,NA,NA,NA,NA
709223,S0703031042,CENTRAL ETHIOPIA,Kembata,kedida gamela,dega kedida,Urban,"12/18/2025, 11:11:00 PM","12/18/2025, 10:15:41 AM","12/18/2025, 5:52:53 PM",12/18/2025,402aa563e792bb9b,1,T5101,NA,female,6 7,0,0,0,0,0,1,1,0,0,1,1,0,0,0,NA,4,NA,5,NA,1,NA,2002,2012,4,1,1,3,1 2,1,1,0,0,0,0,0,NA,1,NA,2 6,0,1,0,0,0,1,0,NA,1,3,0,0,1,0,0,0,NA,1 2 3 4 5 7,1,1,1,1,1,0,1,0,0,0,NA,5 6,0,0,0,0,1,1,0,0,0,0,NA,5 6,0,0,0,0,1,1,0,0,0,0,NA,3,3,1,1,2,2,1,1,1 2 4 5 7 8 9 10 11,1,1,0,1,1,0,1,1,1,1,1,0,0,NA,3,4,NA,1 2 3 5 6 7 8 9 10 11,1,1,1,0,1,1,1,1,1,1,1,0,0,NA,4,4,2,3,4,4,1,1,1,3,3,3,1,5,5,4,2,1,1,2 5,0,1,0,0,1,0,0,0,NA,4,3,2,4,2,2,2,3,1,5,2,2,NA,4,4,4,1,4,1 2,1,1,0,0,0,NA,4,NA,0,1,0,1,1,1,0,1,1,0,1,"Distance from home, and transportation problem",4,3,1,1,4,1,1,1,1,3,2,3,2,1,2,3,1,1,3 8,0,0,1,0,0,0,0,1,0,0,0,4,3,3,4,1,4,1,3,1,2,3,1,1,4,3,4,1,4,4,2,4,4,3 5,0,0,1,0,1,0,0,NA,1,3,1,3,1,2,2,3,2,No,3 4,0,0,1,1,0,0,0,0,0,NA,30,NA,13392,"Community attitudes when you became teacher, decrease professional interest.  Students behaviour, teacher's are changing their profession because.",uuid:9a173b45-801e-41ae-a3bf-58c9d9838c2a,2512142209,uuid:9a173b45-801e-41ae-a3bf-58c9d9838c2a,NA,NA,NA,NA,NA,NA,NA,NA,NA,NA
709223,S0703031042,CENTRAL ETHIOPIA,Kembata,kedida gamela,dega kedida,Urban,"12/18/2025, 11:11:00 PM","12/18/2025, 2:01:27 PM","12/18/2025, 5:52:35 PM",12/18/2025,402aa563e792bb9b,1,T5102,NA,female,3 4,0,0,1,1,0,0,0,0,0,1,1,0,0,0,NA,5,NA,5,NA,1,NA,2004,2009,4,0,NA,NA,5,0,0,0,0,1,0,0,NA,1,NA,6,0,0,0,0,0,1,0,NA,1,1 2 3,1,1,1,0,0,0,NA,1 3 4,1,0,1,1,0,0,0,0,0,0,NA,4 8,0,0,0,1,0,0,0,1,0,0,NA,4 5,0,0,0,1,1,0,0,0,0,0,NA,3,3,1,1,2,2,2,2,1 5 8 9 11,1,0,0,0,1,0,0,1,1,0,1,0,0,NA,2,2,NA,1 3 4 5 10 11,1,0,1,1,1,0,0,0,0,1,1,0,0,NA,4,4,4,3,3,3,3,1,1,3,3,3,3,4,4,3,2,2,1,2 5,0,1,0,0,1,0,0,0,NA,3,2,1,4,1,2,3,2,1,3,1,5,NA,3,3,3,1,4,4,0,0,0,1,0,NA,5,NA,0,0,0,0,0,0,0,0,1,0,0,NA,4,4,1,4,4,1,1,1,1,3,1,3,2,1,1,1,3,1,1 11,1,0,0,0,0,0,0,0,0,0,1,2,1,3,3,3,4,3,3,3,2,5,2,2,4,4,4,3,4,3,3,3,4,4,0,0,0,1,0,0,0,NA,1,1,2,3,1,3,2,3,2,No,3 7,0,0,1,0,0,0,1,0,0,NA,35,NA,13300,No,uuid:d96038aa-859b-4630-abd4-043119a0c2f4,2512142209,uuid:d96038aa-859b-4630-abd4-043119a0c2f4,NA,NA,NA,NA,NA,NA,NA,NA,NA,NA
709223,S0703031042,CENTRAL ETHIOPIA,Kembata,kedida gamela,dega kedida,Urban,"12/18/2025, 11:11:01 PM","12/18/2025, 3:22:55 PM","12/18/2025, 5:50:00 PM",12/18/2025,402aa563e792bb9b,1,T5103,NA,male,1 3 4,1,0,1,1,0,0,0,0,0,1 97,1,0,0,1,HP,7,NA,5,NA,1,NA,2000,2006,3,0,NA,NA,5,0,0,0,0,1,0,0,NA,1,NA,6,0,0,0,0,0,1,0,NA,1,3,0,0,1,0,0,0,NA,3 4,0,0,1,1,0,0,0,0,0,0,NA,5 7,0,0,0,0,1,0,1,0,0,0,NA,5 8,0,0,0,0,1,0,0,1,0,0,NA,3,3,3,3,4,3,4,4,2 6 8 9 10 11,0,1,0,0,0,1,0,1,1,1,1,0,0,NA,4,3,NA,1 2 3 4 5 6 7 8 9 10 11,1,1,1,1,1,1,1,1,1,1,1,0,0,NA,4,4,4,4,4,4,4,4,4,4,5,5,5,5,5,5,1,1,1,2 3 4 5,0,1,1,1,1,0,0,0,NA,4,2,2,2,3,2,2,2,2,2,2,4,NA,4,4,4,1,4,1 2,1,1,0,0,0,NA,3,NA,0,0,0,0,0,1,0,1,1,0,0,NA,4,4,1,1,4,4,1,3,3,3,3,3,3,3,3,3,3,3,3 5,0,0,1,0,1,0,0,0,0,0,0,2,4,4,4,1,4,3,3,2,4,10,4,3,3,3,4,1,4,3,4,4,4,4,0,0,0,1,0,0,0,NA,0,NA,NA,NA,NA,NA,NA,NA,NA,NA,4 8,0,0,0,1,0,0,0,1,0,NA,40,NA,14238,I waited for one year after graduation without work due to female affirmative action,uuid:00d84946-d631-46e2-b13a-71610ed00eba,2512142209,uuid:00d84946-d631-46e2-b13a-71610ed00eba,NA,NA,NA,NA,NA,NA,NA,NA,NA,NA
709163,S0703040022,CENTRAL ETHIOPIA,Kembata,kachabira,hobchaka mejmriya,Rural,"12/26/2025, 6:57:58 PM","12/26/2025, 10:54:05 AM","12/26/2025, 6:57:36 PM",12/26/2025,f9d6a239f0ca8566,1,T4701,NA,female,1 2 4,1,1,0,1,0,0,0,0,0,1,1,0,0,0,NA,6,NA,5,NA,1,NA,1998,2012,3,1,1,3,1,1,0,0,0,0,0,0,NA,4,NA,3 6,0,0,1,0,0,1,0,NA,1,1 3,1,0,1,0,0,0,NA,1 2 4,1,1,0,1,0,0,0,0,0,0,NA,4 5,0,0,0,1,1,0,0,0,0,0,NA,3 8,0,0,1,0,0,0,0,1,0,0,NA,3,2,1,1,2,1,2,1,4 11 12,0,0,0,1,0,0,0,0,0,0,1,1,0,Class work  home work,2,2,NA,1 2 3 4 5 6 7 8 9 10 11,1,1,1,1,1,1,1,1,1,1,1,0,0,NA,4,4,4,4,4,4,4,4,3,4,5,5,5,5,5,5,1,1,1,2 5,0,1,0,0,1,0,0,0,NA,3,2,1,2,2,2,2,4,1,2,2,4,NA,3,3,3,1,4,2,0,1,0,0,0,NA,2,NA,0,0,0,0,0,0,0,1,1,0,0,NA,3,3,1,1,4,1,1,3,2,3,2,2,2,3,3,2,3,3,1 3,1,0,1,0,0,0,0,0,0,0,0,3,1,4,4,1,4,4,2,1,1,10,4,4,1,4,3,3,3,3,4,4,4,3 4,0,0,1,1,0,0,0,NA,1,3,3,3,1,1,3,3,1,No,1 4,1,0,0,1,0,0,0,0,0,NA,45,NA,16000,No any other challenge,uuid:a9bfcb47-b028-4ca6-a467-726b94a84500,2512142209,uuid:a9bfcb47-b028-4ca6-a467-726b94a84500,NA,NA,NA,NA,NA,NA,NA,NA,NA,NA
709163,S0703040022,CENTRAL ETHIOPIA,Kembata,kachabira,hobchaka mejmriya,Rural,"12/26/2025, 8:57:43 PM","12/26/2025, 10:53:51 AM","12/26/2025, 8:18:10 PM",12/26/2025,402aa563e792bb9b,1,T4702,NA,female,5 6 8,0,0,0,0,1,1,0,1,0,1,1,0,0,0,NA,6,NA,5,NA,1,NA,1986,1986,2,0,NA,NA,5,0,0,0,0,1,0,0,NA,1,NA,6,0,0,0,0,0,1,0,NA,1,2,0,1,0,0,0,0,NA,2 4 8,0,1,0,1,0,0,0,1,0,0,NA,4 7,0,0,0,1,0,0,1,0,0,0,NA,5 8,0,0,0,0,1,0,0,1,0,0,NA,4,3,1,1,4,4,4,4,2 4 5 7 8 9 10 11,0,1,0,1,1,0,1,1,1,1,1,0,0,NA,3,2,NA,1 2 3 4 5 6 7 8 9 10 11,1,1,1,1,1,1,1,1,1,1,1,0,0,NA,4,4,4,4,4,4,4,3,4,4,5,5,3,5,5,5,1,1,1,2 5,0,1,0,0,1,0,0,0,NA,2,2,1,4,2,4,2,3,1,4,2,2,NA,4,4,4,1,4,2,0,1,0,0,0,NA,5,NA,0,0,0,0,0,0,0,0,0,0,0,NA,3,4,1,1,4,1,1,1,2,2,2,2,3,1,3,3,3,3,4 11,0,0,0,1,0,0,0,0,0,0,1,4,4,4,4,4,4,4,1,1,4,10,3,4,1,4,4,3,4,4,2,3,4,4,0,0,0,1,0,0,0,NA,0,NA,NA,NA,NA,NA,NA,NA,NA,NA,1 7,1,0,0,0,0,0,1,0,0,NA,40,NA,16585,Nothing,uuid:de94bf4a-5ae4-4e71-826e-e1ca0747ab65,2512142209,uuid:de94bf4a-5ae4-4e71-826e-e1ca0747ab65,NA,NA,NA,NA,NA,NA,NA,NA,NA,NA
709163,S0703040022,CENTRAL ETHIOPIA,Kembata,kachabira,hobchaka mejmriya,Rural,"12/26/2025, 8:57:44 PM","12/26/2025, 12:04:59 PM","12/26/2025, 8:16:44 PM",12/26/2025,402aa563e792bb9b,1,T4703,NA,male,1 4,1,0,0,1,0,0,0,0,0,1,1,0,0,0,NA,4,NA,5,NA,1,NA,2003,2011,3,1,1,3,2 5,0,1,0,0,1,0,0,NA,1,NA,2 6,0,1,0,0,0,1,0,NA,1,1 3,1,0,1,0,0,0,NA,1 4 8,1,0,0,1,0,0,0,1,0,0,NA,4 6,0,0,0,1,0,1,0,0,0,0,NA,1 4,1,0,0,1,0,0,0,0,0,0,NA,3,4,2,3,4,4,4,4,2 4 5 7 9 10 11,0,1,0,1,1,0,1,0,1,1,1,0,0,NA,3,2,NA,1 2 3 4 5 6 7 8 9 10 11,1,1,1,1,1,1,1,1,1,1,1,0,0,NA,4,4,4,4,4,4,4,3,4,4,3,3,3,4,4,4,2,2,1,1 2 5,1,1,0,0,1,0,0,0,NA,4,4,4,2,2,3,4,5,2,4,4,3,NA,4,4,4,1,4,1 2,1,1,0,0,0,NA,1,NA,1,1,1,1,1,1,1,1,1,1,0,NA,4,4,3,1,1,4,1,1,1,2,3,3,3,3,3,3,3,3,9 11,0,0,0,0,0,0,0,0,1,0,1,4,4,4,4,4,3,1,2,1,4,9,1,4,3,4,4,4,4,4,3,3,4,2 4,0,1,0,1,0,0,0,NA,1,2,2,1,1,1,1,1,1,No,4 7,0,0,0,1,0,0,1,0,0,NA,36,NA,13334,"Unemployed for one year, they said we don't accept you, you have to compute at your birth place, due to this we faced alot of challenges we gone 3 hours without transportation the woreda leaders told for police they try to arrest us for our question. Such things are still there.",uuid:4ca3bade-2cae-49f8-9fa8-cb38a5938bac,2512142209,uuid:4ca3bade-2cae-49f8-9fa8-cb38a5938bac,NA,NA,NA,NA,NA,NA,NA,NA,NA,NA
709075,S0703050022,CENTRAL ETHIOPIA,Kembata,haderona tunto,mugunja,Rural,"12/25/2025, 8:06:08 PM","12/25/2025, 10:38:16 AM","12/25/2025, 5:49:13 PM",12/25/2025,f9d6a239f0ca8566,1,T4201,NA,female,2,0,1,0,0,0,0,0,0,0,1,1,0,0,0,NA,5,NA,5,NA,1,NA,1994,2014,2,1,1,3,2,0,1,0,0,0,0,0,NA,1,NA,3 6,0,0,1,0,0,1,0,NA,1,1 3,1,0,1,0,0,0,NA,2 4,0,1,0,1,0,0,0,0,0,0,NA,4 5,0,0,0,1,1,0,0,0,0,0,NA,3 8,0,0,1,0,0,0,0,1,0,0,NA,2,4,3,1,1,1,1,1,5 12,0,0,0,0,1,0,0,0,0,0,0,1,0,Class work  group work,3,2,NA,1 2 4 5 6 7 8 9 10 11,1,1,0,1,1,1,1,1,1,1,1,0,0,NA,4,4,4,4,4,4,4,3,4,4,5,5,5,5,5,5,1,1,1,5,0,0,0,0,1,0,0,0,NA,2,2,1,2,1,3,2,5,2,2,2,4,NA,4,4,3,1,4,1 2,1,1,0,0,0,NA,1,NA,1,0,0,0,0,1,1,1,1,1,0,NA,4,1,1,1,4,1,1,3,3,3,3,3,3,3,3,3,3,3,1 4,1,0,0,1,0,0,0,0,0,0,0,4,1,4,4,1,4,4,3,3,1,10,4,4,4,4,4,1,4,4,3,4,4,2 4,0,1,0,1,0,0,0,NA,0,NA,NA,NA,NA,NA,NA,NA,NA,NA,7 8,0,0,0,0,0,0,1,1,0,NA,39,NA,15000,No any other challenge,uuid:cddbd6fa-bec8-4a08-aaab-da146b0564a1,2512142209,uuid:cddbd6fa-bec8-4a08-aaab-da146b0564a1,NA,NA,NA,NA,NA,NA,NA,NA,NA,NA
709075,S0703050022,CENTRAL ETHIOPIA,Kembata,haderona tunto,mugunja,Rural,"12/25/2025, 9:54:56 PM","12/25/2025, 10:38:18 AM","12/25/2025, 9:42:39 PM",12/25/2025,402aa563e792bb9b,1,T4202,NA,male,2,0,1,0,0,0,0,0,0,0,2,0,1,0,0,NA,4,NA,5,NA,1,NA,2005,2014,4,0,NA,NA,2,0,1,0,0,0,0,0,NA,1,NA,6,0,0,0,0,0,1,0,NA,1,1 3,1,0,1,0,0,0,NA,3 4,0,0,1,1,0,0,0,0,0,0,NA,1 4,1,0,0,1,0,0,0,0,0,0,NA,4 98,0,0,0,1,0,0,0,0,0,1,NA,4,4,2,1,1,1,2,1,1 2 4 8 9 10 11,1,1,0,1,0,0,0,1,1,1,1,0,0,NA,3,5,NA,1 3 5 6 7 8 9 10 11,1,0,1,0,1,1,1,1,1,1,1,0,0,NA,4,4,4,4,3,3,3,1,3,3,4,5,2,4,3,4,2,1,2,2 5,0,1,0,0,1,0,0,0,NA,2,2,2,2,1,2,4,2,2,2,2,1,NA,3,4,4,4,3,2,0,1,0,0,0,NA,4,NA,0,1,1,1,1,1,1,1,1,1,0,NA,4,4,2,4,3,3,3,2,2,2,1,1,2,2,1,1,2,3,4 9,0,0,0,1,0,0,0,0,1,0,0,3,4,3,3,3,3,3,2,1,2,6,1,3,1,1,3,4,4,4,2,2,4,2 5,0,1,0,0,1,0,0,NA,1,1,1,2,1,2,2,2,1,No,4 6,0,0,0,1,0,1,0,0,0,NA,30,NA,13338,Nothing but at present the distance from my family is very far again the transportation is very costly which minimise my satisfaction of this profession.,uuid:e299fb1a-ca6b-43bc-a1c1-a461a5620b51,2512142209,uuid:e299fb1a-ca6b-43bc-a1c1-a461a5620b51,NA,NA,NA,NA,NA,NA,NA,NA,NA,NA
709075,S0703050022,CENTRAL ETHIOPIA,Kembata,haderona tunto,mugunja,Rural,"12/25/2025, 9:55:10 PM","12/25/2025, 12:46:10 PM","12/25/2025, 9:37:45 PM",12/25/2025,402aa563e792bb9b,1,T4203,NA,female,1 4,1,0,0,1,0,0,0,0,0,1,1,0,0,0,NA,5,NA,5,NA,1,NA,1999,2014,7,0,NA,NA,2,0,1,0,0,0,0,0,NA,1,NA,6,0,0,0,0,0,1,0,NA,1,2 3,0,1,1,0,0,0,NA,4,0,0,0,1,0,0,0,0,0,0,NA,4 8,0,0,0,1,0,0,0,1,0,0,NA,4 5,0,0,0,1,1,0,0,0,0,0,NA,4,3,3,1,4,4,2,1,2 3 4 5 6 7 8 9 10 11,0,1,1,1,1,1,1,1,1,1,1,0,0,NA,4,2,NA,1 2 3 4 5 6 7 8 9 10 11,1,1,1,1,1,1,1,1,1,1,1,0,0,NA,4,4,4,3,4,4,4,4,4,4,5,5,5,5,5,5,1,2,1,1 2 4 5,1,1,0,1,1,0,0,0,NA,4,4,2,2,4,4,2,5,1,5,2,2,NA,4,4,4,4,4,1 2,1,1,0,0,0,NA,2,NA,1,1,0,1,1,1,0,1,1,0,0,NA,4,4,2,1,4,4,4,3,2,3,3,3,2,3,3,3,3,3,6 11,0,0,0,0,0,1,0,0,0,0,1,4,4,4,4,1,4,4,3,1,1,10,4,4,3,3,4,2,4,4,3,4,4,4 5,0,0,0,1,1,0,0,NA,1,1,2,3,1,1,1,2,1,No,6 8,0,0,0,0,0,1,0,1,0,NA,43,NA,14260,"Unemployment years after graduation, transportation problems, house problems,",uuid:9742396d-d6cd-4277-b38b-1a29f38955d3,2512142209,uuid:9742396d-d6cd-4277-b38b-1a29f38955d3,NA,NA,NA,NA,NA,NA,NA,NA,NA,NA
709077,S0703052202,CENTRAL ETHIOPIA,Kembata,haderona tunto,seba,Rural,"12/24/2025, 8:10:19 PM","12/24/2025, 11:02:44 AM","12/24/2025, 4:47:24 PM",12/24/2025,f9d6a239f0ca8566,1,T4301,NA,female,3 4,0,0,1,1,0,0,0,0,0,1,1,0,0,0,NA,3,NA,3,NA,1,NA,2012,2012,1,0,NA,NA,1,1,0,0,0,0,0,0,NA,1,NA,3 6,0,0,1,0,0,1,0,NA,1,3,0,0,1,0,0,0,NA,2 4 5,0,1,0,1,1,0,0,0,0,0,NA,5 8,0,0,0,0,1,0,0,1,0,0,NA,4 5,0,0,0,1,1,0,0,0,0,0,NA,1,2,1,1,1,1,1,1,6 12,0,0,0,0,0,1,0,0,0,0,0,1,0,Class work and assignment,1,2,NA,1 2 3 4 5 6 7 8 10 11,1,1,1,1,1,1,1,1,0,1,1,0,0,NA,4,4,3,3,3,3,4,4,4,3,5,3,5,5,5,5,1,2,1,5,0,0,0,0,1,0,0,0,NA,2,1,1,1,2,1,2,1,2,2,2,3,NA,1,4,3,1,3,2 3,0,1,1,0,0,NA,4,NA,0,1,1,1,1,0,1,0,1,0,0,NA,3,4,1,1,4,1,1,3,1,3,3,3,3,2,3,3,3,3,3 11,0,0,1,0,0,0,0,0,0,0,1,4,1,3,4,1,3,1,1,3,1,6,1,1,4,1,3,3,4,4,3,4,4,2 3 4,0,1,1,1,0,0,0,NA,1,2,3,1,1,1,1,2,1,No,4 8,0,0,0,1,0,0,0,1,0,NA,27,NA,14740,No any other challenge,uuid:67549c1d-4164-48e3-819d-29c0ce759bfb,2512142209,uuid:67549c1d-4164-48e3-819d-29c0ce759bfb,NA,NA,NA,NA,NA,NA,NA,NA,NA,NA
709077,S0703052202,CENTRAL ETHIOPIA,Kembata,haderona tunto,seba,Rural,"12/24/2025, 8:55:53 PM","12/24/2025, 11:13:07 AM","12/24/2025, 8:53:25 PM",12/24/2025,402aa563e792bb9b,1,T4302,NA,male,5 6 7 8,0,0,0,0,1,1,1,1,0,1 97,1,0,0,1,"Citizenship, gibrageb",7,NA,5,NA,1,NA,1991,2008,6,0,NA,NA,4 5,0,0,0,1,1,0,0,NA,1,NA,6,0,0,0,0,0,1,0,NA,1,3,0,0,1,0,0,0,NA,3 4,0,0,1,1,0,0,0,0,0,0,NA,4 5,0,0,0,1,1,0,0,0,0,0,NA,5 8,0,0,0,0,1,0,0,1,0,0,NA,3,3,2,1,2,2,1,1,2 3 4 5 7 8 10,0,1,1,1,1,0,1,1,0,1,0,0,0,NA,3,1,NA,NA,NA,NA,NA,NA,NA,NA,NA,NA,NA,NA,NA,NA,NA,NA,4,4,4,4,4,4,4,3,4,3,5,5,5,5,5,5,1,1,2,5,0,0,0,0,1,0,0,0,NA,4,3,3,4,3,2,4,2,3,2,2,3,NA,4,4,4,1,4,1 2,1,1,0,0,0,NA,1,NA,0,0,0,0,0,1,0,0,1,0,0,NA,3,3,1,1,4,1,4,3,2,2,3,2,2,1,2,2,2,1,1 11,1,0,0,0,0,0,0,0,0,0,1,4,3,3,4,3,4,4,3,3,4,10,4,4,3,4,4,3,4,4,3,4,4,2 4,0,1,0,1,0,0,0,NA,1,3,2,3,1,3,3,3,1,No,2 8,0,1,0,0,0,0,0,1,0,NA,49,NA,16753,NA,uuid:a389140b-de37-4a15-8b2d-3faa54b85afd,2512142209,uuid:a389140b-de37-4a15-8b2d-3faa54b85afd,NA,NA,NA,NA,NA,NA,NA,NA,NA,NA
709077,S0703052202,CENTRAL ETHIOPIA,Kembata,haderona tunto,seba,Rural,"12/24/2025, 8:55:54 PM","12/24/2025, 12:11:59 PM","12/24/2025, 8:55:15 PM",12/24/2025,402aa563e792bb9b,1,T4303,NA,male,1 4,1,0,0,1,0,0,0,0,0,1 2 97,1,1,0,1,General science,3,NA,3,NA,1,NA,2014,2017,2,1,1,2,5,0,0,0,0,1,0,0,NA,1,NA,2,0,1,0,0,0,0,0,NA,1,3,0,0,1,0,0,0,NA,1 2 4,1,1,0,1,0,0,0,0,0,0,NA,5 7,0,0,0,0,1,0,1,0,0,0,NA,5 98,0,0,0,0,1,0,0,0,0,1,NA,2,1,2,1,2,3,2,4,1 2 3 4 5 7 8 9 11,1,1,1,1,1,0,1,1,1,0,1,0,0,NA,4,3,NA,1 2 3 4 5 6 7 8 9 10 11,1,1,1,1,1,1,1,1,1,1,1,0,0,NA,4,4,4,4,4,4,4,3,3,4,5,5,3,3,5,5,1,2,1,4 5,0,0,0,1,1,0,0,0,NA,3,4,2,2,1,3,4,2,1,4,2,2,NA,4,4,4,1,4,1 2,1,1,0,0,0,NA,3,NA,1,0,0,1,0,0,1,1,1,0,0,NA,3,1,3,3,4,4,1,1,1,1,3,3,3,3,3,1,3,3,1 11,1,0,0,0,0,0,0,0,0,0,1,4,3,3,1,1,4,1,3,1,1,8,4,3,3,4,4,3,4,3,4,4,4,1 2,1,1,0,0,0,0,0,NA,1,1,2,1,2,2,2,1,1,No,3 4,0,0,1,1,0,0,0,0,0,NA,25,NA,10001,"Health problem, lack of materials.",uuid:93958eca-e6ba-4ab0-bad9-233d6e03af54,2512142209,uuid:93958eca-e6ba-4ab0-bad9-233d6e03af54,NA,NA,NA,NA,NA,NA,NA,NA,NA,NA
709080,S0703053862,CENTRAL ETHIOPIA,Kembata,haderona tunto,shano,Rural,"12/22/2025, 6:08:39 PM","12/22/2025, 11:57:15 AM","12/22/2025, 6:07:34 PM",12/22/2025,f4f7c86f9b157d85,1,T4402,NA,female,5 6 7 8,0,0,0,0,1,1,1,1,0,1,1,0,0,0,NA,3,NA,5,NA,1,NA,2011,2016,3,0,NA,NA,1,1,0,0,0,0,0,0,NA,1,NA,6,0,0,0,0,0,1,0,NA,1,1,1,0,0,0,0,0,NA,1 4,1,0,0,1,0,0,0,0,0,0,NA,1 4,1,0,0,1,0,0,0,0,0,0,NA,4 8,0,0,0,1,0,0,0,1,0,0,NA,3,3,2,1,3,3,2,1,5 10 11,0,0,0,0,1,0,0,0,0,1,1,0,0,NA,2,2,NA,1 2 3 6 8,1,1,1,0,0,1,0,1,0,0,0,0,0,NA,4,4,4,3,4,4,4,4,3,4,5,5,5,5,5,5,2,2,1,2 5,0,1,0,0,1,0,0,0,NA,4,1,2,2,2,2,2,3,1,2,2,3,NA,1,4,4,1,1,3 4,0,0,1,1,0,NA,3,NA,0,0,0,1,1,1,0,1,1,0,0,NA,4,4,1,1,4,4,1,1,3,3,3,3,3,2,1,1,1,1,4 11,0,0,0,1,0,0,0,0,0,0,1,4,3,3,4,1,4,3,2,3,1,7,1,3,4,1,4,3,4,3,3,4,4,5,0,0,0,0,1,0,0,NA,1,2,2,2,1,2,1,1,2,None,97,0,0,0,0,0,0,0,0,1,None,30,NA,11538,"Lack of Budget,lack of learning resources",uuid:3b2dbc17-4bb2-4db1-9281-2bf147e38c56,2512142209,uuid:3b2dbc17-4bb2-4db1-9281-2bf147e38c56,NA,NA,NA,NA,NA,NA,NA,NA,NA,NA
709080,S0703053862,CENTRAL ETHIOPIA,Kembata,haderona tunto,shano,Rural,"12/22/2025, 6:08:44 PM","12/22/2025, 11:06:24 AM","12/22/2025, 6:06:45 PM",12/22/2025,f4f7c86f9b157d85,1,T4401,NA,female,1 2 3 4 6,1,1,1,1,0,1,0,0,0,1,1,0,0,0,NA,4,NA,3,NA,1,NA,1997,2013,3,0,NA,NA,1,1,0,0,0,0,0,0,NA,1,NA,5 6,0,0,0,0,1,1,0,NA,1,1,1,0,0,0,0,0,NA,2 4,0,1,0,1,0,0,0,0,0,0,NA,4 6,0,0,0,1,0,1,0,0,0,0,NA,4 5,0,0,0,1,1,0,0,0,0,0,NA,3,3,2,1,3,1,2,1,8 10 11,0,0,0,0,0,0,0,1,0,1,1,0,0,NA,2,2,NA,5 6 9 10,0,0,0,0,1,1,0,0,1,1,0,0,0,NA,4,4,4,3,4,4,4,4,4,4,5,5,3,3,3,5,2,2,2,5,0,0,0,0,1,0,0,0,NA,4,1,4,2,2,4,2,2,1,2,2,3,NA,4,4,4,1,4,3 4,0,0,1,1,0,NA,3,NA,0,0,0,0,1,1,1,1,1,0,0,NA,1,1,1,1,4,1,1,3,3,2,3,3,3,3,1,3,3,3,3 8,0,0,1,0,0,0,0,1,0,0,0,4,1,4,3,1,4,4,3,3,1,10,4,3,1,4,4,1,3,4,3,4,3,1 4,1,0,0,1,0,0,0,NA,1,3,2,3,2,3,2,2,1,None,97,0,0,0,0,0,0,0,0,1,None,52,NA,14239,"There's no female personal hygiene material &room.lack of student textbook,  lack of student Toilet,Lack of Students Classroom and chairs.",uuid:16fffa2e-ab66-40da-9b8e-3ff1b014948a,2512142209,uuid:16fffa2e-ab66-40da-9b8e-3ff1b014948a,NA,NA,NA,NA,NA,NA,NA,NA,NA,NA
709080,S0703053862,CENTRAL ETHIOPIA,Kembata,haderona tunto,shano,Rural,"12/22/2025, 8:30:54 PM","12/22/2025, 10:58:07 AM","12/22/2025, 6:24:06 PM",12/22/2025,13ff9fddb6200dd2,1,T4403,NA,male,3 4 6 7,0,0,1,1,0,1,1,0,0,97,0,0,0,1,Genera science and citizinship,7,NA,5,NA,1,NA,1999,2012,3,0,NA,NA,1,1,0,0,0,0,0,0,NA,1,NA,2 6,0,1,0,0,0,1,0,NA,1,1 3,1,0,1,0,0,0,NA,1 4 7,1,0,0,1,0,0,1,0,0,0,NA,4 5,0,0,0,1,1,0,0,0,0,0,NA,4 8,0,0,0,1,0,0,0,1,0,0,NA,3,2,1,1,1,1,3,1,2 3 4 5 11,0,1,1,1,1,0,0,0,0,0,1,0,0,NA,3,2,NA,8 9,0,0,0,0,0,0,0,1,1,0,0,0,0,NA,4,4,4,4,4,4,4,3,3,4,5,5,5,5,5,5,1,1,1,2 3 4 5,0,1,1,1,1,0,0,0,NA,4,4,1,4,4,4,2,3,2,5,2,4,NA,1,1,1,1,4,2 3,0,1,1,0,0,NA,2,NA,0,0,0,0,0,0,0,1,1,0,0,NA,1,1,1,1,4,1,1,3,3,3,3,3,3,3,3,3,3,3,1 4,1,0,0,1,0,0,0,0,0,0,0,1,1,1,1,1,4,1,3,3,1,10,4,4,1,3,4,2,4,4,4,4,4,4,0,0,0,1,0,0,0,NA,1,3,3,3,3,3,3,3,2,None,3 4,0,0,1,1,0,0,0,0,0,NA,56,NA,15490,Nene,uuid:f2c9cda2-20d0-458d-8b10-97c95fcb805e,2512142209,uuid:f2c9cda2-20d0-458d-8b10-97c95fcb805e,NA,NA,NA,NA,NA,NA,NA,NA,NA,NA
708919,S0703060262,CENTRAL ETHIOPIA,Kembata,doyogena,lemigewada,Rural,"12/17/2025, 8:01:49 PM","12/17/2025, 10:21:31 AM","12/17/2025, 7:56:09 PM",12/17/2025,402aa563e792bb9b,1,T3201,NA,male,5 6 7 8,0,0,0,0,1,1,1,1,0,2 97,0,1,0,1,ICT,4,NA,3,NA,1,NA,2012,2015,2,1,1,3,1,1,0,0,0,0,0,0,NA,1,NA,6,0,0,0,0,0,1,0,NA,1,1,1,0,0,0,0,0,NA,1 3 4,1,0,1,1,0,0,0,0,0,0,NA,4 8,0,0,0,1,0,0,0,1,0,0,NA,4 5,0,0,0,1,1,0,0,0,0,0,NA,2,3,2,1,1,3,1,1,2 8 10 11,0,1,0,0,0,0,0,1,0,1,1,0,0,NA,2,3,NA,1 3 5 7 9 10 11,1,0,1,0,1,0,1,0,1,1,1,0,0,NA,4,4,4,4,4,4,4,3,3,3,5,5,4,5,5,4,1,1,1,1 2 5,1,1,0,0,1,0,0,0,NA,4,3,1,2,4,4,3,2,3,5,2,2,NA,4,4,4,1,4,2,0,1,0,0,0,NA,2,NA,0,0,0,0,1,1,0,1,0,0,0,NA,4,4,1,1,4,4,4,3,1,3,3,3,3,3,3,3,3,3,1 11,1,0,0,0,0,0,0,0,0,0,1,3,3,3,4,4,3,3,3,3,2,7,4,4,1,4,4,1,3,4,4,3,4,4,0,0,0,1,0,0,0,NA,0,NA,NA,NA,NA,NA,NA,NA,NA,NA,4 5,0,0,0,1,1,0,0,0,0,NA,29,NA,10783,No,uuid:e78b2958-6198-4af8-8b1d-0f9c41aaa548,2512142209,uuid:e78b2958-6198-4af8-8b1d-0f9c41aaa548,NA,NA,NA,NA,NA,NA,NA,NA,NA,NA
708919,S0703060262,CENTRAL ETHIOPIA,Kembata,doyogena,lemigewada,Rural,"12/17/2025, 8:01:49 PM","12/17/2025, 11:33:49 AM","12/17/2025, 7:55:42 PM",12/17/2025,402aa563e792bb9b,1,T3202,NA,female,4,0,0,0,1,0,0,0,0,0,97,0,0,0,1,Hp,6,NA,3,NA,1,NA,2012,2012,1,0,NA,NA,1,1,0,0,0,0,0,0,NA,1,NA,6,0,0,0,0,0,1,0,NA,1,1 2,1,1,0,0,0,0,NA,2 5,0,1,0,0,1,0,0,0,0,0,NA,5 6,0,0,0,0,1,1,0,0,0,0,NA,4 5,0,0,0,1,1,0,0,0,0,0,NA,1,3,4,3,1,1,1,1,2 3 6 9 10 11,0,1,1,0,0,1,0,0,1,1,1,0,0,NA,4,1,NA,NA,NA,NA,NA,NA,NA,NA,NA,NA,NA,NA,NA,NA,NA,NA,4,3,4,3,3,3,4,4,3,3,5,5,5,5,4,3,1,2,2,1 2 5,1,1,0,0,1,0,0,0,NA,2,2,2,4,2,2,2,2,1,2,1,1,NA,1,3,4,3,3,4,0,0,0,1,0,NA,3,NA,1,0,0,0,0,0,0,1,1,0,0,NA,4,4,1,1,4,1,3,3,1,2,3,2,2,3,1,3,1,3,5 9,0,0,0,0,1,0,0,0,1,0,0,4,2,3,4,3,4,3,1,2,2,9,2,3,3,4,3,3,4,3,4,3,4,1,1,0,0,0,0,0,0,NA,0,NA,NA,NA,NA,NA,NA,NA,NA,NA,6 8,0,0,0,0,0,1,0,1,0,NA,26,NA,13000,No,uuid:f102f226-2e1c-4052-9aca-b8ccd9e2d51c,2512142209,uuid:f102f226-2e1c-4052-9aca-b8ccd9e2d51c,NA,NA,NA,NA,NA,NA,NA,NA,NA,NA
708919,S0703060262,CENTRAL ETHIOPIA,Kembata,doyogena,lemigewada,Rural,"12/17/2025, 8:01:50 PM","12/17/2025, 12:36:53 PM","12/17/2025, 7:55:18 PM",12/17/2025,402aa563e792bb9b,1,S3203,NA,male,3,0,0,1,0,0,0,0,0,0,97,0,0,0,1,Environmental science,3,NA,3,NA,1,NA,2011,2015,3,0,NA,NA,5,0,0,0,0,1,0,0,NA,1,NA,2 6,0,1,0,0,0,1,0,NA,1,1 3,1,0,1,0,0,0,NA,4 6,0,0,0,1,0,1,0,0,0,0,NA,4 5,0,0,0,1,1,0,0,0,0,0,NA,2 5,0,1,0,0,1,0,0,0,0,0,NA,3,3,3,1,4,4,2,2,2 3 4 10 11,0,1,1,1,0,0,0,0,0,1,1,0,0,NA,3,2,NA,1 3 4 5 6 8 9 10 11,1,0,1,1,1,1,0,1,1,1,1,0,0,NA,4,4,4,4,4,4,4,3,3,4,5,5,4,5,5,5,2,2,2,2 4 5,0,1,0,1,1,0,0,0,NA,2,4,2,4,2,4,2,5,3,5,4,1,NA,4,4,4,1,4,2,0,1,0,0,0,NA,3,NA,0,1,1,0,1,0,0,1,1,0,0,NA,3,3,2,2,4,2,2,3,2,2,3,3,3,3,3,3,3,3,6 9,0,0,0,0,0,1,0,0,1,0,0,4,3,4,3,3,4,4,3,1,1,9,3,3,3,4,4,3,3,4,3,4,4,2 4,0,1,0,1,0,0,0,NA,1,2,2,3,1,2,3,3,1,No,4 8,0,0,0,1,0,0,0,1,0,NA,28,NA,10735,NA,uuid:b264cb9d-1212-4a59-ab30-b8d0557a0b25,2512142209,uuid:b264cb9d-1212-4a59-ab30-b8d0557a0b25,NA,NA,NA,NA,NA,NA,NA,NA,NA,NA
708785,S0703070132,CENTRAL ETHIOPIA,Kembata,damboya,hamancho,Rural,"12/19/2025, 8:51:23 PM","12/19/2025, 11:35:18 AM","12/19/2025, 8:43:39 PM",12/19/2025,402aa563e792bb9b,1,T3202,NA,male,5 6 7,0,0,0,0,1,1,1,0,0,1,1,0,0,0,NA,4,NA,5,NA,1,NA,2003,2007,2,0,NA,NA,1,1,0,0,0,0,0,0,NA,1,NA,2 6,0,1,0,0,0,1,0,NA,1,1 2 3,1,1,1,0,0,0,NA,1 4 5,1,0,0,1,1,0,0,0,0,0,NA,5 6,0,0,0,0,1,1,0,0,0,0,NA,4 5,0,0,0,1,1,0,0,0,0,0,NA,3,3,2,1,4,4,3,1,2 3 4 5 6 8 9 10 11,0,1,1,1,1,1,0,1,1,1,1,0,0,NA,2,3,NA,1 2 3 4 5 6 7 8 9 10 11,1,1,1,1,1,1,1,1,1,1,1,0,0,NA,4,4,4,4,3,3,4,3,4,4,4,5,5,5,4,5,1,1,1,2 5,0,1,0,0,1,0,0,0,NA,4,4,3,4,3,3,5,2,4,4,5,5,NA,1,3,4,1,4,2,0,1,0,0,0,NA,3,NA,1,0,0,0,0,0,0,1,1,0,0,NA,3,3,2,1,4,1,1,1,3,3,3,3,2,3,3,3,1,3,1 11,1,0,0,0,0,0,0,0,0,0,1,4,3,4,4,3,4,2,3,3,4,8,1,4,2,4,4,3,4,4,4,4,4,1 4,1,0,0,1,0,0,0,NA,1,2,3,3,3,1,1,3,1,No,3 4,0,0,1,1,0,0,0,0,0,NA,36,NA,14328,Nothing.,uuid:3ce4f189-4be5-4c66-a0b2-ac128425008e,2512142209,uuid:3ce4f189-4be5-4c66-a0b2-ac128425008e,NA,NA,NA,NA,NA,NA,NA,NA,NA,NA
708785,S0703070132,CENTRAL ETHIOPIA,Kembata,damboya,hamancho,Rural,"12/20/2025, 7:20:51 AM","12/19/2025, 11:26:55 AM","12/19/2025, 6:00:08 PM",12/19/2025,f9d6a239f0ca8566,1,T3201,NA,female,2 3 4,0,1,1,1,0,0,0,0,0,1,1,0,0,0,NA,4,NA,5,NA,1,NA,2003,2010,4,0,NA,NA,2,0,1,0,0,0,0,0,NA,1,NA,3 5,0,0,1,0,1,0,0,NA,1,3,0,0,1,0,0,0,NA,1 2 4,1,1,0,1,0,0,0,0,0,0,NA,4 5,0,0,0,1,1,0,0,0,0,0,NA,4 8,0,0,0,1,0,0,0,1,0,0,NA,3,3,1,2,2,1,2,1,11 12,0,0,0,0,0,0,0,0,0,0,1,1,0,Class work  home work grup work,2,2,NA,1 2 3 4 5 8 9 10 11,1,1,1,1,1,0,0,1,1,1,1,0,0,NA,3,3,4,4,3,4,4,3,4,4,5,4,3,5,5,4,1,1,1,2 5,0,1,0,0,1,0,0,0,NA,2,2,1,3,2,2,2,2,2,2,2,3,NA,1,1,1,1,4,1 2,1,1,0,0,0,NA,2,NA,1,1,1,1,1,1,1,1,1,0,0,NA,3,3,1,1,4,1,1,3,3,3,3,3,3,3,1,3,3,1,1 3,1,0,1,0,0,0,0,0,0,0,0,4,1,3,4,1,3,3,1,1,4,8,4,3,4,3,3,3,4,4,3,4,4,1 2 4,1,1,0,1,0,0,0,NA,1,2,2,3,3,2,2,2,2,No,3 7,0,0,1,0,0,0,1,0,0,NA,34,NA,14363,No any other challenge,uuid:1b50c855-6daf-4835-8bf5-5a24da266fed,2512142209,uuid:1b50c855-6daf-4835-8bf5-5a24da266fed,NA,NA,NA,NA,NA,NA,NA,NA,NA,NA
708785,S0703070132,CENTRAL ETHIOPIA,Kembata,damboya,hamancho,Rural,"12/20/2025, 7:20:51 AM","12/19/2025, 12:24:53 PM","12/19/2025, 6:02:47 PM",12/19/2025,f9d6a239f0ca8566,1,T3203,NA,female,1 2 3 4,1,1,1,1,0,0,0,0,0,97,0,0,0,1,Art,1,NA,5,NA,1,NA,2011,2012,2,0,NA,NA,1 2,1,1,0,0,0,0,0,NA,1,NA,3,0,0,1,0,0,0,0,NA,1,3,0,0,1,0,0,0,NA,1 2 4,1,1,0,1,0,0,0,0,0,0,NA,4 6,0,0,0,1,0,1,0,0,0,0,NA,3 4,0,0,1,1,0,0,0,0,0,0,NA,4,3,2,2,1,1,1,1,6 8 11,0,0,0,0,0,1,0,1,0,0,1,0,0,NA,3,2,NA,1 2 3 4 5 6 7 8 10 11,1,1,1,1,1,1,1,1,0,1,1,0,0,NA,4,4,4,4,4,4,4,4,4,4,5,5,5,5,5,5,1,1,1,2 5,0,1,0,0,1,0,0,0,NA,3,2,2,2,2,2,2,2,1,2,2,3,NA,1,1,1,1,1,2,0,1,0,0,0,NA,5,NA,0,0,0,0,0,0,0,0,0,0,0,NA,1,1,1,1,4,1,1,3,3,3,3,3,3,3,3,3,3,3,3 11,0,0,1,0,0,0,0,0,0,0,1,4,1,4,4,1,4,1,3,2,2,10,4,4,1,4,4,1,4,4,4,4,4,2 3 4,0,1,1,1,0,0,0,NA,0,NA,NA,NA,NA,NA,NA,NA,NA,NA,3 4,0,0,1,1,0,0,0,0,0,NA,25,NA,11532,No any other challenge,uuid:fe3f88f7-e92d-43b7-a0a3-f85dced34557,2512142209,uuid:fe3f88f7-e92d-43b7-a0a3-f85dced34557,NA,NA,NA,NA,NA,NA,NA,NA,NA,NA
708968,s0703080022,CENTRAL ETHIOPIA,Kembata,durame town ad.,durame no.1,Urban,"12/18/2025, 5:46:23 PM","12/18/2025, 9:20:17 AM","12/18/2025, 5:43:33 PM",12/18/2025,15aee2f9fc7423e8,1,T3401,NA,female,3 4,0,0,1,1,0,0,0,0,0,97,0,0,0,1,Ethical education,5,NA,5,NA,1,NA,2004,2008,4,1,1,2,2,0,1,0,0,0,0,0,NA,1,NA,5,0,0,0,0,1,0,0,NA,1,2 3,0,1,1,0,0,0,NA,2 4,0,1,0,1,0,0,0,0,0,0,NA,4 5,0,0,0,1,1,0,0,0,0,0,NA,4 8,0,0,0,1,0,0,0,1,0,0,NA,4,1,2,1,3,1,1,1,8 10 11,0,0,0,0,0,0,0,1,0,1,1,0,0,NA,2,2,NA,1 2 3 5 9 10,1,1,1,0,1,0,0,0,1,1,0,0,0,NA,4,4,4,1,3,4,4,3,1,4,4,3,3,5,3,3,1,1,1,2,0,1,0,0,0,0,0,0,NA,2,2,1,4,2,2,5,5,1,5,1,5,NA,1,1,3,1,4,2,0,1,0,0,0,NA,3,NA,1,0,0,0,1,1,1,1,1,0,0,NA,4,1,1,1,4,1,1,1,3,2,1,3,2,3,3,2,3,3,1 4,1,0,0,1,0,0,0,0,0,0,0,4,1,3,4,1,4,1,3,3,2,8,1,4,1,4,4,3,4,3,3,4,4,4,0,0,0,1,0,0,0,NA,1,3,2,3,3,2,2,2,1,No,4 7,0,0,0,1,0,0,1,0,0,NA,32,NA,13324,No,uuid:a88130d5-c51c-4941-aaee-11e11bda6d6a,2512142209,uuid:a88130d5-c51c-4941-aaee-11e11bda6d6a,NA,NA,NA,NA,NA,NA,NA,NA,NA,NA
708968,s0703080022,CENTRAL ETHIOPIA,Kembata,durame town ad.,durame no.1,Urban,"12/18/2025, 5:46:24 PM","12/18/2025, 12:18:13 PM","12/18/2025, 5:45:19 PM",12/18/2025,15aee2f9fc7423e8,1,T3402,NA,female,6 8,0,0,0,0,0,1,0,1,0,1,1,0,0,0,NA,3,NA,5,NA,1,NA,2011,2016,2,0,NA,NA,2,0,1,0,0,0,0,0,NA,1,NA,5 6,0,0,0,0,1,1,0,NA,1,2 3,0,1,1,0,0,0,NA,4 5,0,0,0,1,1,0,0,0,0,0,NA,4 5,0,0,0,1,1,0,0,0,0,0,NA,3 4,0,0,1,1,0,0,0,0,0,0,NA,4,1,2,1,3,2,3,1,8 9 11,0,0,0,0,0,0,0,1,1,0,1,0,0,NA,3,2,NA,1 3 5 7 8 9 11,1,0,1,0,1,0,1,1,1,0,1,0,0,NA,3,4,4,3,4,4,3,3,3,4,4,5,4,4,4,5,1,1,1,5,0,0,0,0,1,0,0,0,NA,3,3,1,2,3,2,4,2,2,4,2,3,NA,1,3,4,1,4,2,0,1,0,0,0,NA,2,NA,0,0,0,1,0,0,1,1,1,1,0,NA,4,4,1,3,3,3,1,1,3,3,3,1,2,3,1,2,2,1,5 11,0,0,0,0,1,0,0,0,0,0,1,4,3,3,3,4,4,1,2,2,4,6,1,4,4,4,4,3,4,4,2,4,4,4,0,0,0,1,0,0,0,NA,1,3,3,3,3,2,2,1,1,No,3 6,0,0,1,0,0,1,0,0,0,NA,28,NA,10750,No,uuid:43d89fb2-6211-471d-b546-6e9f9adf6dde,2512142209,uuid:43d89fb2-6211-471d-b546-6e9f9adf6dde,NA,NA,NA,NA,NA,NA,NA,NA,NA,NA
708968,s0703080022,CENTRAL ETHIOPIA,Kembata,durame town ad.,durame no.1,Urban,"12/18/2025, 7:58:43 PM","12/18/2025, 12:07:49 PM","12/18/2025, 6:09:47 PM",12/18/2025,13ff9fddb6200dd2,1,T3403,NA,male,7 8,0,0,0,0,0,0,1,1,0,1,1,0,0,0,NA,4,NA,5,NA,1,NA,2010,2016,3,0,NA,NA,2,0,1,0,0,0,0,0,NA,1,NA,2 6 97,0,1,0,0,0,1,1,Liabrery,1,1 3,1,0,1,0,0,0,NA,4,0,0,0,1,0,0,0,0,0,0,NA,4 8,0,0,0,1,0,0,0,1,0,0,NA,4 6,0,0,0,1,0,1,0,0,0,0,NA,3,3,2,1,2,1,3,2,2 3 4 5 11,0,1,1,1,1,0,0,0,0,0,1,0,0,NA,4,2,NA,3 4 5,0,0,1,1,1,0,0,0,0,0,0,0,0,NA,3,3,4,3,3,4,4,4,3,4,4,4,5,5,3,5,1,1,1,1 2 3 4 5,1,1,1,1,1,0,0,0,NA,4,2,2,4,4,4,2,2,4,4,2,2,NA,3,1,1,1,4,1 2,1,1,0,0,0,NA,3,NA,0,0,0,0,1,1,1,1,1,0,0,NA,3,3,3,1,4,1,1,3,3,3,3,3,3,3,3,3,3,3,5 11,0,0,0,0,1,0,0,0,0,0,1,1,1,3,3,1,4,1,3,3,1,10,3,4,4,1,4,3,4,4,4,4,4,2 4,0,1,0,1,0,0,0,NA,1,3,3,3,2,3,3,2,1,None,3 7,0,0,1,0,0,0,1,0,0,NA,32,NA,11523,None,uuid:f4ccf5eb-8245-4354-b05f-0dbf7e7dd7e7,2512142209,uuid:f4ccf5eb-8245-4354-b05f-0dbf7e7dd7e7,NA,NA,NA,NA,NA,NA,NA,NA,NA,NA
703668,S0705020232,SOUTH ETHIOPIA,Gedeo,yirgachefe woreda,chelba,Rural,"12/4/2025, 9:42:29 PM","12/4/2025, 11:25:26 AM","12/4/2025, 9:27:30 PM",12/4/2025,70e4adbae02adb29,1,T28203,NA,male,6 7,0,0,0,0,0,1,1,0,0,2,0,1,0,0,NA,3,NA,2,NA,0,NA,2011,2012,2,1,1,3,5,0,0,0,0,1,0,0,NA,1,NA,2,0,1,0,0,0,0,0,NA,1,1 3,1,0,1,0,0,0,NA,3 4,0,0,1,1,0,0,0,0,0,0,NA,2 4,0,1,0,1,0,0,0,0,0,0,NA,2 4,0,1,0,1,0,0,0,0,0,0,NA,3,3,3,1,2,3,4,3,2 3 6,0,1,1,0,0,1,0,0,0,0,0,0,0,NA,1,2,NA,5 9,0,0,0,0,1,0,0,0,1,0,0,0,0,NA,3,4,4,4,3,4,3,1,3,3,5,4,1,5,5,4,1,1,1,4 5,0,0,0,1,1,0,0,0,NA,3,2,2,3,2,3,3,3,4,2,4,2,NA,4,4,4,3,3,1 4,1,0,0,1,0,NA,4,NA,1,1,0,1,0,1,1,1,1,0,0,NA,4,3,1,1,4,4,3,3,3,3,3,3,2,2,3,3,3,3,6 9 11,0,0,0,0,0,1,0,0,1,0,1,4,1,3,4,3,4,3,1,1,1,10,4,3,3,3,3,1,4,4,1,4,4,2 4,0,1,0,1,0,0,0,NA,1,1,1,3,1,2,2,1,1,No,5 7,0,0,0,0,1,0,1,0,0,NA,32,NA,10700,No,uuid:dbfe6496-aeea-4476-ab94-5d2a5c9c27f9,2512030649,uuid:dbfe6496-aeea-4476-ab94-5d2a5c9c27f9,NA,NA,NA,NA,NA,NA,NA,NA,NA,NA
703668,S0705020232,SOUTH ETHIOPIA,Gedeo,yirgachefe woreda,chelba,Rural,"12/4/2025, 9:42:30 PM","12/4/2025, 12:01:06 PM","12/4/2025, 9:15:30 PM",12/4/2025,70e4adbae02adb29,1,T28202,NA,male,7,0,0,0,0,0,0,1,0,0,2,0,1,0,0,NA,4,NA,5,NA,1,NA,2008,2013,3,0,NA,NA,1,1,0,0,0,0,0,0,NA,1,NA,3,0,0,1,0,0,0,0,NA,1,1 3,1,0,1,0,0,0,NA,4,0,0,0,1,0,0,0,0,0,0,NA,4 5,0,0,0,1,1,0,0,0,0,0,NA,1 5,1,0,0,0,1,0,0,0,0,0,NA,3,3,3,1,2,3,3,3,6 7,0,0,0,0,0,1,1,0,0,0,0,0,0,NA,3,4,NA,2 5,0,1,0,0,1,0,0,0,0,0,0,0,0,NA,4,3,4,4,3,4,4,4,4,3,5,5,4,5,5,5,1,1,1,4 5,0,0,0,1,1,0,0,0,NA,3,3,3,4,3,4,4,3,4,4,3,2,NA,4,4,4,4,3,1 2 4,1,1,0,1,0,NA,4,NA,1,1,1,1,1,1,1,1,1,0,0,NA,4,3,1,3,4,4,3,3,3,3,3,3,3,3,3,3,3,3,6 9,0,0,0,0,0,1,0,0,1,0,0,4,1,3,3,4,4,1,1,1,1,10,3,3,3,4,4,3,4,4,4,4,4,2,0,1,0,0,0,0,0,NA,1,1,2,3,1,2,2,2,1,No,1 4,1,0,0,1,0,0,0,0,0,NA,32,NA,12300,No,uuid:070658a1-0864-4342-9b6d-3559d3257524,2512030649,uuid:070658a1-0864-4342-9b6d-3559d3257524,NA,NA,NA,NA,NA,NA,NA,NA,NA,NA
703668,S0705020232,SOUTH ETHIOPIA,Gedeo,yirgachefe woreda,chelba,Rural,"12/4/2025, 9:42:30 PM","12/4/2025, 2:16:56 PM","12/4/2025, 8:47:49 PM",12/4/2025,70e4adbae02adb29,1,T28201,NA,female,1,1,0,0,0,0,0,0,0,0,3,0,0,1,0,NA,3,NA,5,NA,1,NA,2000,2004,2,0,NA,NA,1,1,0,0,0,0,0,0,NA,1,NA,6,0,0,0,0,0,1,0,NA,1,3,0,0,1,0,0,0,NA,2 4,0,1,0,1,0,0,0,0,0,0,NA,1 4,1,0,0,1,0,0,0,0,0,0,NA,3 5,0,0,1,0,1,0,0,0,0,0,NA,2,3,3,3,3,3,2,3,3 7,0,0,1,0,0,0,1,0,0,0,0,0,0,NA,4,2,NA,2 5,0,1,0,0,1,0,0,0,0,0,0,0,0,NA,4,4,4,4,4,4,4,2,3,4,5,5,4,4,5,5,1,1,1,2 5,0,1,0,0,1,0,0,0,NA,3,4,3,3,3,3,2,4,2,2,2,2,NA,4,3,4,3,3,1 2,1,1,0,0,0,NA,2,NA,0,0,0,1,1,1,1,1,1,0,0,NA,4,1,1,1,4,3,3,3,3,2,3,3,2,2,3,3,3,3,3 4,0,0,1,1,0,0,0,0,0,0,0,4,1,4,4,4,4,4,3,3,1,10,4,3,4,4,4,1,4,4,2,4,4,2,0,1,0,0,0,0,0,NA,1,3,3,3,1,2,2,1,1,No,4,0,0,0,1,0,0,0,0,0,NA,34,NA,15000,No,uuid:1e4c13d0-7b7a-4633-bdfe-b32adfc4475d,2512030649,uuid:1e4c13d0-7b7a-4633-bdfe-b32adfc4475d,NA,NA,NA,NA,NA,NA,NA,NA,NA,NA
703677,S0705024452,SOUTH ETHIOPIA,Gedeo,yirgachefe woreda,gerse,Rural,"12/9/2025, 10:12:13 PM","12/9/2025, 9:51:09 AM","12/9/2025, 9:36:01 PM",12/9/2025,70e4adbae02adb29,1,T28302,NA,female,3,0,0,1,0,0,0,0,0,0,1,1,0,0,0,NA,3,NA,2,NA,1,NA,2009,2015,3,0,NA,NA,2,0,1,0,0,0,0,0,NA,1,NA,3,0,0,1,0,0,0,0,NA,1,2 3,0,1,1,0,0,0,NA,4,0,0,0,1,0,0,0,0,0,0,NA,3 4,0,0,1,1,0,0,0,0,0,0,NA,1 2,1,1,0,0,0,0,0,0,0,0,NA,4,3,2,2,2,3,3,3,3 5,0,0,1,0,1,0,0,0,0,0,0,0,0,NA,1,2,NA,2 3,0,1,1,0,0,0,0,0,0,0,0,0,0,NA,4,4,4,4,4,3,4,3,3,3,4,5,5,5,5,5,2,2,1,2 5,0,1,0,0,1,0,0,0,NA,2,2,2,3,3,3,2,1,2,4,3,2,NA,4,4,4,2,3,2,0,1,0,0,0,NA,3,NA,1,1,0,1,1,1,0,1,1,0,0,NA,4,4,1,1,1,3,3,3,3,2,2,1,3,2,3,3,3,3,4 8,0,0,0,1,0,0,0,1,0,0,0,4,4,4,4,1,3,4,2,1,1,5,3,3,3,3,3,3,4,4,4,4,4,1,1,0,0,0,0,0,0,NA,1,1,1,3,1,1,3,1,3,No,1 4,1,0,0,1,0,0,0,0,0,NA,30,NA,11500,No,uuid:1e002dd5-17e1-43e9-857d-668f4ad34874,2512040829,uuid:1e002dd5-17e1-43e9-857d-668f4ad34874,NA,NA,NA,NA,NA,NA,NA,NA,NA,NA
703677,S0705024452,SOUTH ETHIOPIA,Gedeo,yirgachefe woreda,gerse,Rural,"12/9/2025, 10:12:17 PM","12/9/2025, 10:30:23 AM","12/9/2025, 9:32:57 PM",12/9/2025,70e4adbae02adb29,1,T28301,NA,male,7,0,0,0,0,0,0,1,0,0,1,1,0,0,0,NA,6,NA,5,NA,1,NA,2001,2009,3,0,NA,NA,2,0,1,0,0,0,0,0,NA,1,NA,3,0,0,1,0,0,0,0,NA,1,2,0,1,0,0,0,0,NA,3 4,0,0,1,1,0,0,0,0,0,0,NA,5 7,0,0,0,0,1,0,1,0,0,0,NA,5 8,0,0,0,0,1,0,0,1,0,0,NA,4,4,4,1,3,3,3,3,2 5,0,1,0,0,1,0,0,0,0,0,0,0,0,NA,3,4,NA,2 3 4 5 10,0,1,1,1,1,0,0,0,0,1,0,0,0,NA,4,4,4,4,3,4,4,1,4,4,5,5,1,5,5,5,1,1,1,5,0,0,0,0,1,0,0,0,NA,2,2,3,3,3,2,4,3,2,4,3,2,NA,1,4,3,4,3,2,0,1,0,0,0,NA,4,NA,0,0,0,1,0,0,0,1,1,1,0,NA,4,4,2,1,1,3,3,3,3,3,3,3,3,3,3,3,3,3,1 3,1,0,1,0,0,0,0,0,0,0,0,3,3,4,4,3,3,4,3,3,1,10,4,4,3,4,4,4,4,4,4,4,4,4,0,0,0,1,0,0,0,NA,1,2,1,3,1,3,3,1,2,No,4 8,0,0,0,1,0,0,0,1,0,NA,32,NA,13300,No,uuid:0a7b1427-98b6-4738-8c60-b4c8caf0dfa0,2512040829,uuid:0a7b1427-98b6-4738-8c60-b4c8caf0dfa0,NA,NA,NA,NA,NA,NA,NA,NA,NA,NA
703677,S0705024452,SOUTH ETHIOPIA,Gedeo,yirgachefe woreda,gerse,Rural,"12/9/2025, 10:12:18 PM","12/9/2025, 11:11:44 AM","12/9/2025, 9:41:38 PM",12/9/2025,70e4adbae02adb29,1,T28303,NA,male,6 7,0,0,0,0,0,1,1,0,0,1,1,0,0,0,NA,4,NA,5,NA,0,NA,2008,2008,1,1,1,3,2,0,1,0,0,0,0,0,NA,1,NA,3,0,0,1,0,0,0,0,NA,1,2 3,0,1,1,0,0,0,NA,4,0,0,0,1,0,0,0,0,0,0,NA,4 5,0,0,0,1,1,0,0,0,0,0,NA,3 5,0,0,1,0,1,0,0,0,0,0,NA,4,4,2,1,3,3,3,2,2 5 6 9,0,1,0,0,1,1,0,0,1,0,0,0,0,NA,2,2,NA,2 3,0,1,1,0,0,0,0,0,0,0,0,0,0,NA,4,4,4,4,4,4,4,3,4,4,5,5,4,5,5,4,1,1,1,2 5,0,1,0,0,1,0,0,0,NA,2,2,2,3,3,3,2,3,4,3,4,2,NA,3,3,3,1,3,2,0,1,0,0,0,NA,3,NA,1,0,0,1,1,1,1,1,1,1,0,NA,3,4,3,1,4,4,1,3,3,3,3,3,3,3,3,3,3,3,3 8 9,0,0,1,0,0,0,0,1,1,0,0,4,3,4,4,4,4,4,3,3,1,1,2,4,3,3,4,4,4,4,4,4,4,4,0,0,0,1,0,0,0,NA,1,1,1,3,1,1,3,1,1,No,3,0,0,1,0,0,0,0,0,0,NA,40,NA,11000,No,uuid:b8dfb740-4ff7-4399-a776-43a274e70e23,2512040829,uuid:b8dfb740-4ff7-4399-a776-43a274e70e23,NA,NA,NA,NA,NA,NA,NA,NA,NA,NA
703416,S070503008,SOUTH ETHIOPIA,Gedeo,kochere,ononicho,Rural,"12/10/2025, 9:17:52 PM","12/10/2025, 12:17:13 PM","12/10/2025, 8:29:43 PM",12/10/2025,70e4adbae02adb29,1,T27503,NA,male,4,0,0,0,1,0,0,0,0,0,1,1,0,0,0,NA,3,NA,5,NA,0,NA,2010,2010,1,1,2017,3,2,0,1,0,0,0,0,0,NA,1,NA,2,0,1,0,0,0,0,0,NA,1,2,0,1,0,0,0,0,NA,3 4,0,0,1,1,0,0,0,0,0,0,NA,1 4,1,0,0,1,0,0,0,0,0,0,NA,1 5,1,0,0,0,1,0,0,0,0,0,NA,3,4,2,1,3,3,1,3,3 5 6,0,0,1,0,1,1,0,0,0,0,0,0,0,NA,1,2,NA,2 5,0,1,0,0,1,0,0,0,0,0,0,0,0,NA,4,4,4,4,4,4,4,4,4,4,5,5,5,5,5,5,1,1,1,2 5,0,1,0,0,1,0,0,0,NA,2,3,3,3,2,2,2,2,2,3,3,2,NA,3,4,4,2,3,2,0,1,0,0,0,NA,3,NA,1,0,0,1,1,1,0,1,1,0,0,NA,4,4,3,1,3,3,4,1,2,2,2,2,2,2,2,2,2,2,1 9,1,0,0,0,0,0,0,0,1,0,0,3,2,4,3,4,4,4,1,1,1,1,1,3,3,3,3,3,4,4,4,4,4,2,0,1,0,0,0,0,0,NA,0,NA,NA,NA,NA,NA,NA,NA,NA,NA,4,0,0,0,1,0,0,0,0,0,NA,37,NA,11000,No,uuid:c67195e9-5e2d-483d-ba45-56cb9e9257fc,2512040829,uuid:c67195e9-5e2d-483d-ba45-56cb9e9257fc,NA,NA,NA,NA,NA,NA,NA,NA,NA,NA
703416,S070503008,SOUTH ETHIOPIA,Gedeo,kochere,ononicho,Rural,"12/10/2025, 9:17:53 PM","12/10/2025, 12:59:43 PM","12/10/2025, 8:25:06 PM",12/10/2025,70e4adbae02adb29,1,T27502,NA,female,6,0,0,0,0,0,1,0,0,0,3,0,0,1,0,NA,3,NA,5,NA,0,NA,2013,2013,1,0,NA,NA,2,0,1,0,0,0,0,0,NA,1,NA,3,0,0,1,0,0,0,0,NA,1,1 2,1,1,0,0,0,0,NA,3 4,0,0,1,1,0,0,0,0,0,0,NA,1 4,1,0,0,1,0,0,0,0,0,0,NA,2 4,0,1,0,1,0,0,0,0,0,0,NA,3,4,2,2,3,3,2,3,5 6 7,0,0,0,0,1,1,1,0,0,0,0,0,0,NA,2,2,NA,2 5,0,1,0,0,1,0,0,0,0,0,0,0,0,NA,4,4,4,3,3,3,4,4,4,4,5,5,5,5,5,5,1,1,1,2 5,0,1,0,0,1,0,0,0,NA,3,3,3,3,3,3,2,2,2,2,4,2,NA,4,3,3,3,3,2 3,0,1,1,0,0,NA,4,NA,0,0,0,0,1,1,1,0,0,0,0,NA,4,3,1,1,3,4,4,3,3,2,2,3,2,2,1,1,1,2,1 2,1,1,0,0,0,0,0,0,0,0,0,4,3,3,3,4,4,3,3,3,1,5,2,3,4,4,4,4,4,4,4,4,4,2,0,1,0,0,0,0,0,NA,0,NA,NA,NA,NA,NA,NA,NA,NA,NA,3 4,0,0,1,1,0,0,0,0,0,NA,27,NA,13000,No,uuid:5726ea40-7420-4c17-b781-0dd7f48d7898,2512040829,uuid:5726ea40-7420-4c17-b781-0dd7f48d7898,NA,NA,NA,NA,NA,NA,NA,NA,NA,NA
703416,S070503008,SOUTH ETHIOPIA,Gedeo,kochere,ononicho,Rural,"12/10/2025, 9:17:53 PM","12/10/2025, 1:52:59 PM","12/10/2025, 8:14:30 PM",12/10/2025,70e4adbae02adb29,1,T27501,NA,male,7,0,0,0,0,0,0,1,0,0,97,0,0,0,1,Social Science,4,NA,5,NA,1,NA,2007,2008,3,0,NA,NA,2,0,1,0,0,0,0,0,NA,1,NA,3,0,0,1,0,0,0,0,NA,1,2 3,0,1,1,0,0,0,NA,3 4 6,0,0,1,1,0,1,0,0,0,0,NA,4 7,0,0,0,1,0,0,1,0,0,0,NA,3 4,0,0,1,1,0,0,0,0,0,0,NA,3,3,4,1,3,4,3,3,2 6 7,0,1,0,0,0,1,1,0,0,0,0,0,0,NA,3,4,NA,1 5,1,0,0,0,1,0,0,0,0,0,0,0,0,NA,4,4,4,4,4,4,4,3,4,3,5,5,4,5,5,4,1,1,1,3 5,0,0,1,0,1,0,0,0,NA,2,2,3,3,3,3,2,4,2,4,3,3,NA,4,3,3,3,3,2 4,0,1,0,1,0,NA,4,NA,1,0,0,1,1,1,1,1,1,0,0,NA,3,3,1,1,3,3,3,3,1,3,1,3,3,3,1,1,1,1,4 5,0,0,0,1,1,0,0,0,0,0,0,3,4,3,4,2,4,3,1,1,1,1,1,3,4,4,4,3,4,4,4,4,4,5,0,0,0,0,1,0,0,NA,1,1,1,3,1,1,1,3,3,No,4,0,0,0,1,0,0,0,0,0,NA,31,NA,6500,No,uuid:2fce5c09-0573-41c3-b76d-d4a8b183e7e0,2512040829,uuid:2fce5c09-0573-41c3-b76d-d4a8b183e7e0,NA,NA,NA,NA,NA,NA,NA,NA,NA,NA
703407,S0705030282,SOUTH ETHIOPIA,Gedeo,kochere,derartu,Rural,"12/13/2025, 7:36:30 PM","12/12/2025, 11:27:06 AM","12/13/2025, 7:35:49 PM",12/12/2025,70e4adbae02adb29,1,T27403,NA,female,2 3,0,1,1,0,0,0,0,0,0,3,0,0,1,0,NA,2,NA,2,NA,0,NA,2014,2016,2,0,NA,NA,1,1,0,0,0,0,0,0,NA,1,NA,3,0,0,1,0,0,0,0,NA,1,1 3,1,0,1,0,0,0,NA,3 4,0,0,1,1,0,0,0,0,0,0,NA,3 4,0,0,1,1,0,0,0,0,0,0,NA,4 5,0,0,0,1,1,0,0,0,0,0,NA,3,4,4,1,4,3,2,2,2 6 7,0,1,0,0,0,1,1,0,0,0,0,0,0,NA,2,2,NA,3,0,0,1,0,0,0,0,0,0,0,0,0,0,NA,3,4,4,4,3,3,3,4,3,3,4,4,4,5,5,5,1,1,1,2 5,0,1,0,0,1,0,0,0,NA,2,3,3,2,2,2,2,3,3,3,4,3,NA,4,3,3,3,3,2 3,0,1,1,0,0,NA,3,NA,1,0,1,1,0,1,1,1,1,0,0,NA,4,3,3,4,3,4,2,3,1,3,3,3,1,3,3,3,1,1,3 9,0,0,1,0,0,0,0,0,1,0,0,4,1,4,4,3,4,4,3,1,1,7,3,3,2,3,4,4,4,4,4,4,4,1,1,0,0,0,0,0,0,NA,1,1,2,2,1,1,1,3,3,No,4,0,0,0,1,0,0,0,0,0,NA,30,NA,13732,No,uuid:82d9c7d1-1784-4fd8-a823-fdd314095dee,2512111014,uuid:82d9c7d1-1784-4fd8-a823-fdd314095dee,NA,NA,NA,NA,NA,NA,NA,NA,NA,NA
703407,S0705030282,SOUTH ETHIOPIA,Gedeo,kochere,derartu,Rural,"12/13/2025, 7:36:31 PM","12/12/2025, 11:52:48 AM","12/13/2025, 7:24:45 PM",12/12/2025,70e4adbae02adb29,1,T27402,NA,male,6,0,0,0,0,0,1,0,0,0,1,1,0,0,0,NA,5,NA,1,NA,0,NA,2010,2010,1,1,1,2,5,0,0,0,0,1,0,0,NA,1,NA,3,0,0,1,0,0,0,0,NA,1,3,0,0,1,0,0,0,NA,3 4,0,0,1,1,0,0,0,0,0,0,NA,3 5,0,0,1,0,1,0,0,0,0,0,NA,1 5,1,0,0,0,1,0,0,0,0,0,NA,4,4,4,1,3,3,3,3,3 5 6,0,0,1,0,1,1,0,0,0,0,0,0,0,NA,1,4,NA,2 5 9,0,1,0,0,1,0,0,0,1,0,0,0,0,NA,4,4,4,3,4,4,3,3,3,3,5,5,5,5,5,5,1,1,1,5,0,0,0,0,1,0,0,0,NA,2,2,3,3,2,3,2,2,3,2,3,3,NA,4,4,3,4,3,2,0,1,0,0,0,NA,1,NA,1,0,0,1,0,1,1,1,0,0,0,NA,4,4,1,1,3,3,2,3,3,3,3,3,3,3,3,3,3,3,4 9,0,0,0,1,0,0,0,0,1,0,0,4,3,4,3,4,3,4,3,3,1,8,4,4,1,4,4,4,4,4,3,4,4,1 2 3 4 5,1,1,1,1,1,0,0,NA,1,2,2,3,1,1,2,1,3,No,2 4,0,1,0,1,0,0,0,0,0,NA,39,NA,11400,No,uuid:0e52756b-d9cc-4d34-a2ba-ccca6b490f45,2512111014,uuid:0e52756b-d9cc-4d34-a2ba-ccca6b490f45,NA,NA,NA,NA,NA,NA,NA,NA,NA,NA
703407,S0705030282,SOUTH ETHIOPIA,Gedeo,kochere,derartu,Rural,"12/13/2025, 7:36:32 PM","12/12/2025, 12:18:43 PM","12/13/2025, 7:14:42 PM",12/12/2025,70e4adbae02adb29,1,T27401,NA,male,6,0,0,0,0,0,1,0,0,0,97,0,0,0,1,Social Science,2,NA,5,NA,1,NA,2013,2013,1,0,NA,NA,5,0,0,0,0,1,0,0,NA,1,NA,3,0,0,1,0,0,0,0,NA,1,1 3,1,0,1,0,0,0,NA,1 4,1,0,0,1,0,0,0,0,0,0,NA,1 5,1,0,0,0,1,0,0,0,0,0,NA,1 7,1,0,0,0,0,0,1,0,0,0,NA,4,4,3,2,3,2,2,2,3 5 6,0,0,1,0,1,1,0,0,0,0,0,0,0,NA,1,2,NA,2 8,0,1,0,0,0,0,0,1,0,0,0,0,0,NA,3,3,4,3,4,4,4,3,3,4,5,5,5,5,5,5,1,1,1,2 5,0,1,0,0,1,0,0,0,NA,2,3,2,2,2,2,4,4,2,4,4,NA,NA,3,3,4,2,3,2,0,1,0,0,0,NA,4,NA,0,0,0,1,1,1,1,1,1,0,0,NA,4,3,3,1,3,4,3,3,3,3,3,3,3,3,1,3,3,1,1 9,1,0,0,0,0,0,0,0,1,0,0,3,4,4,3,3,4,4,3,3,1,10,3,4,3,3,4,4,4,4,4,4,4,1 4,1,0,0,1,0,0,0,NA,1,3,3,3,1,1,3,1,3,No,1 4,1,0,0,1,0,0,0,0,0,NA,26,NA,9928,No,uuid:456d67d1-8731-4722-aec8-376abb926256,2512111014,uuid:456d67d1-8731-4722-aec8-376abb926256,NA,NA,NA,NA,NA,NA,NA,NA,NA,NA
703076,S0705040342,SOUTH ETHIOPIA,Gedeo,bule,sefere selame primariy,Urban,"12/19/2025, 6:04:16 AM","12/18/2025, 12:01:55 PM","12/18/2025, 11:33:30 PM",12/18/2025,70e4adbae02adb29,1,T26102,NA,male,6,0,0,0,0,0,1,0,0,0,3,0,0,1,0,NA,7,NA,5,NA,1,NA,2002,2011,2,1,2017,3,5,0,0,0,0,1,0,0,NA,1,NA,3,0,0,1,0,0,0,0,NA,1,3,0,0,1,0,0,0,NA,1 3 4,1,0,1,1,0,0,0,0,0,0,NA,4 5,0,0,0,1,1,0,0,0,0,0,NA,5 7,0,0,0,0,1,0,1,0,0,0,NA,4,3,3,1,3,1,1,2,2 4 5,0,1,0,1,1,0,0,0,0,0,0,0,0,NA,3,2,NA,6,0,0,0,0,0,1,0,0,0,0,0,0,0,NA,3,4,4,4,3,3,3,3,3,3,5,5,4,5,5,4,1,1,1,2 5,0,1,0,0,1,0,0,0,NA,2,3,3,2,3,3,2,2,2,3,3,3,NA,3,3,3,3,3,2,0,1,0,0,0,NA,3,NA,0,0,0,1,1,1,1,1,0,0,0,NA,3,3,1,1,3,3,3,3,2,3,3,3,2,3,3,3,3,3,3 9,0,0,1,0,0,0,0,0,1,0,0,4,3,3,3,2,3,3,3,3,1,5,4,4,3,3,4,3,4,4,4,4,4,4,0,0,0,1,0,0,0,NA,1,3,3,3,1,1,3,1,3,No,4 7,0,0,0,1,0,0,1,0,0,NA,32,NA,12928,No,uuid:eb9d5028-d5d6-4d7e-ad63-7517c8c08758,2512142209,uuid:eb9d5028-d5d6-4d7e-ad63-7517c8c08758,NA,NA,NA,NA,NA,NA,NA,NA,NA,NA
703076,S0705040342,SOUTH ETHIOPIA,Gedeo,bule,sefere selame primariy,Urban,"12/19/2025, 6:04:17 AM","12/18/2025, 12:33:16 PM","12/18/2025, 11:29:44 PM",12/18/2025,70e4adbae02adb29,1,T26101,NA,female,5,0,0,0,0,1,0,0,0,0,97,0,0,0,1,Gebregeb,3,NA,5,NA,1,NA,2008,2010,3,0,NA,NA,5,0,0,0,0,1,0,0,NA,1,NA,2 3,0,1,1,0,0,0,0,NA,1,1 3,1,0,1,0,0,0,NA,2 3 4 7,0,1,1,1,0,0,1,0,0,0,NA,4 5,0,0,0,1,1,0,0,0,0,0,NA,5 8,0,0,0,0,1,0,0,1,0,0,NA,3,4,1,1,2,1,1,1,2 6 7,0,1,0,0,0,1,1,0,0,0,0,0,0,NA,1,4,NA,9 11,0,0,0,0,0,0,0,0,1,0,1,0,0,NA,4,4,4,4,4,4,3,3,3,4,3,4,3,5,3,5,2,2,1,5,0,0,0,0,1,0,0,0,NA,3,3,2,3,2,3,2,3,2,3,2,3,NA,2,1,1,1,1,1 2,1,1,0,0,0,NA,2,NA,1,0,0,1,1,1,1,1,1,0,0,NA,4,3,1,1,3,4,3,1,3,3,1,1,2,1,1,3,1,3,9 11,0,0,0,0,0,0,0,0,1,0,1,3,4,3,4,2,4,4,1,1,1,8,3,3,2,3,4,3,4,4,4,4,4,4,0,0,0,1,0,0,0,NA,1,3,3,3,1,1,1,3,3,No,4 7,0,0,0,1,0,0,1,0,0,NA,28,NA,11000,No,uuid:a1dc6482-9394-4ca8-8bcb-2b0dec12d157,2512142209,uuid:a1dc6482-9394-4ca8-8bcb-2b0dec12d157,NA,NA,NA,NA,NA,NA,NA,NA,NA,NA
703076,S0705040342,SOUTH ETHIOPIA,Gedeo,bule,sefere selame primariy,Urban,"12/21/2025, 12:29:34 PM","12/19/2025, 10:48:13 AM","12/21/2025, 12:16:05 PM",12/19/2025,70e4adbae02adb29,1,T26103,NA,male,4,0,0,0,1,0,0,0,0,0,97,0,0,0,1,Biology,4,NA,5,NA,1,NA,2009,2012,4,1,2017,3,2,0,1,0,0,0,0,0,NA,1,NA,3,0,0,1,0,0,0,0,NA,1,1 3,1,0,1,0,0,0,NA,1 3 4,1,0,1,1,0,0,0,0,0,0,NA,4 5,0,0,0,1,1,0,0,0,0,0,NA,4 8,0,0,0,1,0,0,0,1,0,0,NA,3,3,1,1,2,1,3,1,6 7 8,0,0,0,0,0,1,1,1,0,0,0,0,0,NA,2,4,NA,6 10,0,0,0,0,0,1,0,0,0,1,0,0,0,NA,3,4,3,3,4,3,4,3,3,3,5,5,5,5,5,5,1,1,1,2 5,0,1,0,0,1,0,0,0,NA,2,2,2,2,2,2,2,3,3,2,2,4,NA,4,3,4,3,3,1 2,1,1,0,0,0,NA,3,NA,0,0,0,1,1,1,1,1,1,0,0,NA,3,3,1,1,3,3,2,1,1,3,3,3,3,3,1,3,3,3,1 11,1,0,0,0,0,0,0,0,0,0,1,3,3,4,3,3,3,4,3,3,1,7,3,3,1,3,3,3,4,4,4,4,4,4,0,0,0,1,0,0,0,NA,0,NA,NA,NA,NA,NA,NA,NA,NA,NA,7 8,0,0,0,0,0,0,1,1,0,NA,34,NA,12014,No,uuid:421d49a3-c1f9-4266-8f85-d9cebf9ea65a,2512142209,uuid:421d49a3-c1f9-4266-8f85-d9cebf9ea65a,NA,NA,NA,NA,NA,NA,NA,NA,NA,NA
703317,S0705060532,SOUTH ETHIOPIA,Gedeo,gedeb,tebisa,Rural,"12/17/2025, 10:34:05 PM","12/17/2025, 10:23:49 AM","12/17/2025, 8:40:39 PM",12/17/2025,70e4adbae02adb29,1,T26903,NA,male,7,0,0,0,0,0,0,1,0,0,97,0,0,0,1,Ict,3,NA,5,NA,1,NA,2010,2015,4,0,NA,NA,5,0,0,0,0,1,0,0,NA,1,NA,3,0,0,1,0,0,0,0,NA,1,3,0,0,1,0,0,0,NA,3 4,0,0,1,1,0,0,0,0,0,0,NA,4 5,0,0,0,1,1,0,0,0,0,0,NA,6 8,0,0,0,0,0,1,0,1,0,0,NA,4,4,3,2,1,1,1,2,3 5 6,0,0,1,0,1,1,0,0,0,0,0,0,0,NA,1,4,NA,2 8,0,1,0,0,0,0,0,1,0,0,0,0,0,NA,3,3,1,3,2,2,3,3,3,3,5,4,4,5,5,5,1,1,1,2 5,0,1,0,0,1,0,0,0,NA,2,2,2,2,2,2,2,3,2,2,2,2,NA,3,4,3,3,4,2,0,1,0,0,0,NA,4,NA,1,0,0,1,1,1,0,1,1,0,0,NA,3,4,3,1,3,3,3,1,3,2,2,3,2,3,3,1,1,1,3 9,0,0,1,0,0,0,0,0,1,0,0,4,3,4,4,2,3,4,3,1,1,10,4,3,2,4,4,4,4,4,4,4,4,2 4,0,1,0,1,0,0,0,NA,1,3,3,3,3,3,1,1,1,No,4 6,0,0,0,1,0,1,0,0,0,NA,33,NA,13895,No,uuid:9ab98dec-4a76-4cde-a9d7-65e301e4a547,2512142209,uuid:9ab98dec-4a76-4cde-a9d7-65e301e4a547,NA,NA,NA,NA,NA,NA,NA,NA,NA,NA
703317,S0705060532,SOUTH ETHIOPIA,Gedeo,gedeb,tebisa,Rural,"12/17/2025, 10:34:05 PM","12/17/2025, 10:52:22 AM","12/17/2025, 8:32:23 PM",12/17/2025,70e4adbae02adb29,1,T26902,NA,female,9,0,0,0,0,0,0,0,0,1,3,0,0,1,0,NA,1,NA,3,NA,0,NA,2017,2017,1,0,NA,NA,5,0,0,0,0,1,0,0,NA,1,NA,3,0,0,1,0,0,0,0,NA,1,2 3,0,1,1,0,0,0,NA,3 4,0,0,1,1,0,0,0,0,0,0,NA,4 5,0,0,0,1,1,0,0,0,0,0,NA,5 8,0,0,0,0,1,0,0,1,0,0,NA,2,4,2,1,1,1,3,3,2 5,0,1,0,0,1,0,0,0,0,0,0,0,0,NA,1,1,NA,NA,NA,NA,NA,NA,NA,NA,NA,NA,NA,NA,NA,NA,NA,NA,2,4,4,3,3,3,2,3,2,3,5,4,1,5,5,4,1,1,1,2 5,0,1,0,0,1,0,0,0,NA,2,2,2,3,2,2,2,4,2,2,3,2,NA,4,4,4,3,3,2,0,1,0,0,0,NA,4,NA,0,0,0,0,0,1,1,1,1,0,0,NA,4,4,2,1,3,3,3,3,1,2,3,3,3,2,2,1,1,1,3 9,0,0,1,0,0,0,0,0,1,0,0,4,2,3,3,2,3,3,1,3,1,5,2,4,2,3,3,3,4,4,2,4,4,1,1,0,0,0,0,0,0,NA,0,NA,NA,NA,NA,NA,NA,NA,NA,NA,4 5,0,0,0,1,1,0,0,0,0,NA,23,NA,8546,No,uuid:3a242b25-3342-4657-b148-287974a17857,2512142209,uuid:3a242b25-3342-4657-b148-287974a17857,NA,NA,NA,NA,NA,NA,NA,NA,NA,NA
703317,S0705060532,SOUTH ETHIOPIA,Gedeo,gedeb,tebisa,Rural,"12/17/2025, 10:34:06 PM","12/17/2025, 12:18:53 PM","12/17/2025, 8:27:43 PM",12/17/2025,70e4adbae02adb29,1,T26901,NA,male,8,0,0,0,0,0,0,0,1,0,1,1,0,0,0,NA,3,NA,5,NA,1,NA,2012,2012,1,0,NA,NA,5,0,0,0,0,1,0,0,NA,1,NA,3,0,0,1,0,0,0,0,NA,1,3,0,0,1,0,0,0,NA,1 3 4,1,0,1,1,0,0,0,0,0,0,NA,1 5,1,0,0,0,1,0,0,0,0,0,NA,4 5,0,0,0,1,1,0,0,0,0,0,NA,4,4,4,1,2,1,1,2,2 5,0,1,0,0,1,0,0,0,0,0,0,0,0,NA,1,4,NA,3,0,0,1,0,0,0,0,0,0,0,0,0,0,NA,3,3,3,3,2,2,3,1,3,3,5,5,5,5,5,5,1,1,1,2 5,0,1,0,0,1,0,0,0,NA,2,2,3,2,2,2,2,2,2,3,4,2,NA,3,4,4,3,3,2,0,1,0,0,0,NA,3,NA,0,0,0,1,1,1,0,1,0,0,0,NA,4,4,1,1,3,3,3,3,1,2,3,3,2,3,2,3,3,1,9 11,0,0,0,0,0,0,0,0,1,0,1,3,2,4,4,2,3,4,1,1,4,7,2,2,4,4,4,3,4,4,2,4,4,2 4,0,1,0,1,0,0,0,NA,0,NA,NA,NA,NA,NA,NA,NA,NA,NA,4 7,0,0,0,1,0,0,1,0,0,NA,31,NA,9752,No,uuid:a9bb2cb0-67a2-4de5-9b3e-bc104361e860,2512142209,uuid:a9bb2cb0-67a2-4de5-9b3e-bc104361e860,NA,NA,NA,NA,NA,NA,NA,NA,NA,NA
703195,S0705070212,SOUTH ETHIOPIA,Gedeo,dilla town ad.,dilla primary scool,Urban,"12/23/2025, 11:17:49 PM","12/23/2025, 10:31:36 AM","12/23/2025, 10:53:59 PM",12/23/2025,70e4adbae02adb29,1,T26701,NA,male,3 6,0,0,1,0,0,1,0,0,0,3,0,0,1,0,NA,4,NA,5,NA,0,NA,1999,2003,4,1,1,3,2,0,1,0,0,0,0,0,NA,1,NA,2 3,0,1,1,0,0,0,0,NA,1,2 3,0,1,1,0,0,0,NA,3 4,0,0,1,1,0,0,0,0,0,0,NA,4 5,0,0,0,1,1,0,0,0,0,0,NA,2 4,0,1,0,1,0,0,0,0,0,0,NA,4,3,3,3,3,2,2,1,2 3 6,0,1,1,0,0,1,0,0,0,0,0,0,0,NA,2,4,NA,9,0,0,0,0,0,0,0,0,1,0,0,0,0,NA,3,3,4,3,3,3,4,3,4,3,4,3,4,4,4,4,1,1,1,5,0,0,0,0,1,0,0,0,NA,2,2,2,2,2,2,3,2,2,2,2,3,NA,3,3,3,3,3,1,1,0,0,0,0,NA,4,NA,1,0,0,1,1,1,1,1,0,0,0,NA,4,4,1,4,4,3,1,1,1,1,3,1,1,2,1,1,1,1,4 9,0,0,0,1,0,0,0,0,1,0,0,3,3,4,3,2,4,4,3,3,1,6,3,3,1,3,3,3,4,4,4,4,4,4,0,0,0,1,0,0,0,NA,0,NA,NA,NA,NA,NA,NA,NA,NA,NA,1 7,1,0,0,0,0,0,1,0,0,NA,37,NA,14200,No,uuid:0356fb62-3a77-449b-88e5-10afea6796f7,2512142209,uuid:0356fb62-3a77-449b-88e5-10afea6796f7,NA,NA,NA,NA,NA,NA,NA,NA,NA,NA
703195,S0705070212,SOUTH ETHIOPIA,Gedeo,dilla town ad.,dilla primary scool,Urban,"12/23/2025, 11:17:50 PM","12/23/2025, 11:11:00 AM","12/23/2025, 7:26:31 PM",12/23/2025,70e4adbae02adb29,1,T26702,NA,female,7,0,0,0,0,0,0,1,0,0,97,0,0,0,1,Sport science,5,NA,5,NA,1,NA,1993,2016,6,1,2017,3,5,0,0,0,0,1,0,0,NA,1,NA,2 3,0,1,1,0,0,0,0,NA,1,2 3,0,1,1,0,0,0,NA,3 4,0,0,1,1,0,0,0,0,0,0,NA,5 7,0,0,0,0,1,0,1,0,0,0,NA,2 4,0,1,0,1,0,0,0,0,0,0,NA,4,4,1,1,2,1,2,1,2 3 6 7,0,1,1,0,0,1,1,0,0,0,0,0,0,NA,2,4,NA,4,0,0,0,1,0,0,0,0,0,0,0,0,0,NA,3,3,4,3,3,3,3,3,3,3,4,4,4,4,4,5,1,1,1,2 5,0,1,0,0,1,0,0,0,NA,2,2,2,2,2,2,4,2,2,3,3,3,NA,2,2,3,2,3,1 2,1,1,0,0,0,NA,3,NA,0,0,0,1,0,1,1,1,1,0,0,NA,4,3,3,1,4,3,1,2,2,2,2,3,2,2,1,3,1,2,4 5,0,0,0,1,1,0,0,0,0,0,0,4,4,4,3,3,3,3,3,3,1,5,3,4,2,3,3,4,4,4,4,4,4,3 4,0,0,1,1,0,0,0,NA,1,3,3,3,1,1,1,1,3,No,4 7,0,0,0,1,0,0,1,0,0,NA,41,NA,16500,No,uuid:4bd66da4-1be8-4951-b54c-8312fbb56ffb,2512142209,uuid:4bd66da4-1be8-4951-b54c-8312fbb56ffb,NA,NA,NA,NA,NA,NA,NA,NA,NA,NA
703195,S0705070212,SOUTH ETHIOPIA,Gedeo,dilla town ad.,dilla primary scool,Urban,"12/23/2025, 11:17:50 PM","12/23/2025, 1:22:06 PM","12/23/2025, 7:21:34 PM",12/23/2025,70e4adbae02adb29,1,T26703,NA,female,7,0,0,0,0,0,0,1,0,0,1,1,0,0,0,NA,6,NA,5,NA,1,NA,1985,2006,5,1,2017,3,2,0,1,0,0,0,0,0,NA,1,NA,2 3,0,1,1,0,0,0,0,NA,1,2 3,0,1,1,0,0,0,NA,2 3 4,0,1,1,1,0,0,0,0,0,0,NA,2 5,0,1,0,0,1,0,0,0,0,0,NA,1 7,1,0,0,0,0,0,1,0,0,0,NA,4,3,3,1,2,3,1,1,3 6 7,0,0,1,0,0,1,1,0,0,0,0,0,0,NA,3,4,NA,10,0,0,0,0,0,0,0,0,0,1,0,0,0,NA,3,3,3,3,3,4,3,2,3,4,5,4,3,4,4,4,1,1,1,2 5,0,1,0,0,1,0,0,0,NA,2,2,2,2,2,3,4,4,2,4,2,3,NA,2,2,2,3,3,2 3,0,1,1,0,0,NA,4,NA,0,0,0,1,1,0,0,1,1,0,0,NA,3,4,1,1,4,4,2,3,3,3,3,3,3,3,3,3,3,3,3 4,0,0,1,1,0,0,0,0,0,0,0,3,4,3,3,2,3,3,3,3,1,8,3,4,1,3,3,3,4,4,4,4,4,1 4,1,0,0,1,0,0,0,NA,0,NA,NA,NA,NA,NA,NA,NA,NA,NA,4 8,0,0,0,1,0,0,0,1,0,NA,45,NA,16000,No,uuid:85cdd3cc-aa74-400a-a6f2-551f62e57024,2512142209,uuid:85cdd3cc-aa74-400a-a6f2-551f62e57024,NA,NA,NA,NA,NA,NA,NA,NA,NA,NA
711072,S0706010022,SOUTH ETHIOPIA,Wolayta,boloso sorie,dola,Rural,"12/12/2025, 8:49:07 PM","12/12/2025, 10:21:43 AM","12/12/2025, 11:01:24 AM",12/12/2025,f4f7c86f9b157d85,1,T26001,NA,female,1,1,0,0,0,0,0,0,0,0,97,0,0,0,1,General Science,4,NA,5,NA,1,NA,2000,2006,4,1,3,2,5,0,0,0,0,1,0,0,NA,1,NA,2 6,0,1,0,0,0,1,0,NA,1,1,1,0,0,0,0,0,NA,1 4,1,0,0,1,0,0,0,0,0,0,NA,4 7,0,0,0,1,0,0,1,0,0,0,NA,3 4,0,0,1,1,0,0,0,0,0,0,NA,4,3,4,3,1,3,1,2,8 10 11,0,0,0,0,0,0,0,1,0,1,1,0,0,NA,3,2,NA,2 4 6 7 8 9 10,0,1,0,1,0,1,1,1,1,1,0,0,0,NA,4,4,4,4,4,4,4,4,4,4,5,5,5,5,5,5,1,1,1,2 5,0,1,0,0,1,0,0,0,NA,4,2,2,2,2,2,4,4,1,5,2,3,NA,4,4,4,3,4,2 3,0,1,1,0,0,NA,3,NA,0,0,0,1,0,0,0,1,1,0,0,NA,2,2,1,4,4,4,4,3,3,3,3,3,1,3,3,3,3,3,1 11,1,0,0,0,0,0,0,0,0,0,1,4,4,4,4,4,4,4,3,2,4,10,4,4,1,4,4,1,4,4,4,4,4,2 4 5,0,1,0,1,1,0,0,NA,0,NA,NA,NA,NA,NA,NA,NA,NA,NA,97,0,0,0,0,0,0,0,0,1,None,33,NA,13935,None,uuid:dd9ca6b1-2ef9-447d-8432-27f0bb8e90d0,2512040829,uuid:dd9ca6b1-2ef9-447d-8432-27f0bb8e90d0,NA,NA,NA,NA,NA,NA,NA,NA,NA,NA
711072,S0706010022,SOUTH ETHIOPIA,Wolayta,boloso sorie,dola,Rural,"12/12/2025, 8:49:08 PM","12/12/2025, 11:06:13 AM","12/12/2025, 11:38:01 AM",12/12/2025,f4f7c86f9b157d85,1,T26002,NA,female,3 4,0,0,1,1,0,0,0,0,0,1 97,1,0,0,1,English,3,NA,2,NA,0,NA,2010,2015,2,0,NA,NA,5,0,0,0,0,1,0,0,NA,98,NA,6,0,0,0,0,0,1,0,NA,1,1 2,1,1,0,0,0,0,NA,1 4,1,0,0,1,0,0,0,0,0,0,NA,1 4,1,0,0,1,0,0,0,0,0,0,NA,1 4,1,0,0,1,0,0,0,0,0,0,NA,4,3,1,1,3,1,2,2,5 10 11,0,0,0,0,1,0,0,0,0,1,1,0,0,NA,3,97,Both individual &teams,1 3 4 6 9 10,1,0,1,1,0,1,0,0,1,1,0,0,0,NA,3,4,4,4,4,4,3,3,4,4,5,5,3,3,5,5,2,1,1,98,0,0,0,0,0,0,0,1,NA,4,4,1,2,2,1,2,2,1,2,2,3,NA,4,4,4,2,4,3,0,0,1,0,0,NA,3,NA,0,1,0,0,0,0,0,1,1,1,0,NA,4,4,1,4,4,1,1,1,2,3,3,3,3,3,3,3,3,3,1 8,1,0,0,0,0,0,0,1,0,0,0,4,3,3,4,4,4,4,3,3,1,10,4,4,1,4,4,1,4,4,3,4,4,4,0,0,0,1,0,0,0,NA,0,NA,NA,NA,NA,NA,NA,NA,NA,NA,97,0,0,0,0,0,0,0,0,1,None,28,NA,10636,None,uuid:4ab05edb-6360-40aa-b0b0-e529af3c07db,2512040829,uuid:4ab05edb-6360-40aa-b0b0-e529af3c07db,NA,NA,NA,NA,NA,NA,NA,NA,NA,NA
711072,S0706010022,SOUTH ETHIOPIA,Wolayta,boloso sorie,dola,Rural,"12/12/2025, 8:49:08 PM","12/12/2025, 12:52:44 PM","12/12/2025, 1:27:38 PM",12/12/2025,f4f7c86f9b157d85,1,T26003,NA,male,5 6 7 8,0,0,0,0,1,1,1,1,0,1,1,0,0,0,NA,4,NA,5,NA,1,NA,1995,2002,5,0,NA,NA,5,0,0,0,0,1,0,0,NA,1,NA,6,0,0,0,0,0,1,0,NA,1,1 2,1,1,0,0,0,0,NA,3 97,0,0,1,0,0,0,0,0,0,1,To give students tutorial,4 8,0,0,0,1,0,0,0,1,0,0,NA,4 6,0,0,0,1,0,1,0,0,0,0,NA,3,2,1,2,3,2,3,1,3 10 11,0,0,1,0,0,0,0,0,0,1,1,0,0,NA,3,97,Both,1 2 3 5 6 7 8 9 10,1,1,1,0,1,1,1,1,1,1,0,0,0,NA,3,4,4,3,4,4,4,3,3,4,5,5,3,5,5,5,1,1,1,2 5,0,1,0,0,1,0,0,0,NA,3,2,2,2,2,1,2,2,1,2,2,3,NA,1,4,2,2,4,3 4,0,0,1,1,0,NA,2,NA,0,0,0,1,0,0,0,1,1,1,0,NA,1,1,1,1,4,4,3,3,2,3,3,3,2,1,3,3,3,3,10 11,0,0,0,0,0,0,0,0,0,1,1,3,1,3,4,1,4,1,3,3,1,10,1,4,4,4,4,4,4,4,4,4,4,4,0,0,0,1,0,0,0,NA,0,NA,NA,NA,NA,NA,NA,NA,NA,NA,97,0,0,0,0,0,0,0,0,1,None,41,NA,14220,Lack of student learning material like Textbook,uuid:65fd48d1-746c-477e-b258-ea635a3f049c,2512040829,uuid:65fd48d1-746c-477e-b258-ea635a3f049c,NA,NA,NA,NA,NA,NA,NA,NA,NA,NA
711857,S0706040282,SOUTH ETHIOPIA,Wolayta,humbo,kodo kanko,Rural,"12/5/2025, 4:52:09 PM","12/5/2025, 9:21:18 AM","12/5/2025, 12:15:07 PM",12/5/2025,f4f7c86f9b157d85,1,T28601,NA,female,7,0,0,0,0,0,0,1,0,0,97,0,0,0,1,English,3,NA,5,NA,1,NA,2010,2014,2,0,NA,NA,1,1,0,0,0,0,0,0,NA,1,NA,2,0,1,0,0,0,0,0,NA,1,1,1,0,0,0,0,0,NA,2 3 4,0,1,1,1,0,0,0,0,0,0,NA,4 6,0,0,0,1,0,1,0,0,0,0,NA,1 4,1,0,0,1,0,0,0,0,0,0,NA,4,3,2,3,3,2,2,1,5 8 9,0,0,0,0,1,0,0,1,1,0,0,0,0,NA,3,3,NA,3 4 10,0,0,1,1,0,0,0,0,0,1,0,0,0,NA,4,4,4,3,3,4,3,3,3,4,3,3,3,5,3,3,1,2,1,2 5,0,1,0,0,1,0,0,0,NA,3,3,2,2,2,2,2,4,2,4,2,2,NA,2,4,4,1,4,2,0,1,0,0,0,NA,1,NA,0,1,0,1,1,1,0,1,1,0,0,NA,4,4,1,1,4,1,1,3,3,3,3,3,3,3,3,3,3,3,4 8,0,0,0,1,0,0,0,1,0,0,0,4,1,4,4,4,4,1,3,1,1,10,4,3,4,1,4,1,4,2,2,2,2,4,0,0,0,1,0,0,0,NA,0,NA,NA,NA,NA,NA,NA,NA,NA,NA,97,0,0,0,0,0,0,0,0,1,None,27,NA,10444,None,uuid:3f505693-72c5-4cc2-ae08-6dac15353f7c,2512040829,uuid:3f505693-72c5-4cc2-ae08-6dac15353f7c,NA,NA,NA,NA,NA,NA,NA,NA,NA,NA
711857,S0706040282,SOUTH ETHIOPIA,Wolayta,humbo,kodo kanko,Rural,"12/5/2025, 4:52:09 PM","12/5/2025, 10:11:54 AM","12/5/2025, 10:44:57 AM",12/5/2025,f4f7c86f9b157d85,1,T28602,NA,female,8,0,0,0,0,0,0,0,1,0,97,0,0,0,1,Local Language,3,NA,5,NA,1,NA,2012,2012,1,0,NA,NA,1,1,0,0,0,0,0,0,NA,1,NA,6,0,0,0,0,0,1,0,NA,1,1,1,0,0,0,0,0,NA,4,0,0,0,1,0,0,0,0,0,0,NA,4 8,0,0,0,1,0,0,0,1,0,0,NA,4 6,0,0,0,1,0,1,0,0,0,0,NA,3,3,3,2,3,2,2,1,1 3,1,0,1,0,0,0,0,0,0,0,0,0,0,NA,3,3,NA,3 4 9,0,0,1,1,0,0,0,0,1,0,0,0,0,NA,4,4,4,4,4,4,4,4,4,4,4,5,3,5,5,5,1,1,1,2 5,0,1,0,0,1,0,0,0,NA,4,2,3,2,2,3,3,2,1,2,1,3,NA,4,4,3,3,4,2,0,1,0,0,0,NA,2,NA,1,1,0,1,0,0,0,1,1,0,0,NA,1,3,1,3,4,1,1,3,3,3,2,2,1,3,3,2,3,3,1 4,1,0,0,1,0,0,0,0,0,0,0,4,3,4,4,4,4,3,3,3,1,10,1,2,4,4,3,1,4,4,2,4,4,2,0,1,0,0,0,0,0,NA,0,NA,NA,NA,NA,NA,NA,NA,NA,NA,97,0,0,0,0,0,0,0,0,1,None,32,NA,10634,None,uuid:e34c1376-37d7-40d8-aff9-1d60cae66c6b,2512040829,uuid:e34c1376-37d7-40d8-aff9-1d60cae66c6b,NA,NA,NA,NA,NA,NA,NA,NA,NA,NA
711857,S0706040282,SOUTH ETHIOPIA,Wolayta,humbo,kodo kanko,Rural,"12/5/2025, 4:52:09 PM","12/5/2025, 10:46:02 AM","12/5/2025, 11:18:48 AM",12/5/2025,f4f7c86f9b157d85,1,T28603,NA,male,8,0,0,0,0,0,0,0,1,0,97,0,0,0,1,General Science,4,NA,5,NA,1,NA,2003,2010,4,0,NA,NA,1,1,0,0,0,0,0,0,NA,1,NA,2,0,1,0,0,0,0,0,NA,1,1 3,1,0,1,0,0,0,NA,1 2 4,1,1,0,1,0,0,0,0,0,0,NA,4 7,0,0,0,1,0,0,1,0,0,0,NA,2 6,0,1,0,0,0,1,0,0,0,0,NA,3,3,2,1,4,1,2,3,4 8 9 11,0,0,0,1,0,0,0,1,1,0,1,0,0,NA,1,2,NA,4 5 7 8 9 10,0,0,0,1,1,0,1,1,1,1,0,0,0,NA,3,4,4,1,4,4,4,1,2,4,5,5,3,4,4,4,1,1,1,2 5,0,1,0,0,1,0,0,0,NA,4,2,1,2,2,2,2,4,2,3,1,1,NA,4,4,4,1,1,2,0,1,0,0,0,NA,4,NA,0,0,0,0,0,0,0,1,1,0,0,NA,2,4,1,1,4,3,1,1,1,3,3,3,2,3,3,2,3,3,1 11,1,0,0,0,0,0,0,0,0,0,1,4,1,4,4,1,4,4,3,2,1,5,1,4,4,4,4,4,4,2,4,4,4,1 5,1,0,0,0,1,0,0,NA,1,3,3,3,3,3,3,3,1,None,97,0,0,0,0,0,0,0,0,1,None,37,NA,14330,"Learning Curriculum lay bitay lack of learning material like handbook,Guide,Lack of Teacher guide,Training...",uuid:b1710167-47db-4388-9203-f43221a65fc0,2512040829,uuid:b1710167-47db-4388-9203-f43221a65fc0,NA,NA,NA,NA,NA,NA,NA,NA,NA,NA
711847,S0706043662,SOUTH ETHIOPIA,Wolayta,humbo,ampo koysha,Rural,"12/4/2025, 8:09:43 PM","12/4/2025, 9:12:44 AM","12/4/2025, 10:18:11 AM",12/4/2025,f4f7c86f9b157d85,1,T27101,NA,male,8,0,0,0,0,0,0,0,1,0,97,0,0,0,1,English,4,NA,5,NA,1,NA,1990,2012,7,0,NA,NA,1 3 4,1,0,1,1,0,0,0,NA,1,NA,97,0,0,0,0,0,0,1,Library endiyatenu yederegal,1,1 3,1,0,1,0,0,0,NA,3 4 7,0,0,1,1,0,0,1,0,0,0,NA,2 4,0,1,0,1,0,0,0,0,0,0,NA,4 6,0,0,0,1,0,1,0,0,0,0,NA,3,2,2,2,3,1,1,2,4 11,0,0,0,1,0,0,0,0,0,0,1,0,0,NA,2,3,NA,1 2 3 4 5 7 8 9,1,1,1,1,1,0,1,1,1,0,0,0,0,NA,3,3,4,2,4,4,4,1,2,4,4,4,5,4,4,4,1,1,1,2 5,0,1,0,0,1,0,0,0,NA,4,2,3,3,2,2,2,2,1,2,2,4,NA,4,4,4,1,4,2,0,1,0,0,0,NA,1,NA,0,0,0,1,1,0,1,1,1,1,0,NA,1,1,1,1,4,1,1,3,2,3,3,3,2,3,3,3,3,3,1 2 3 4 5 6 7 8 9 10 11,1,1,1,1,1,1,1,1,1,1,1,3,3,3,3,1,4,3,3,3,1,7,3,4,4,4,1,1,4,2,3,4,4,2 4,0,1,0,1,0,0,0,NA,1,1,2,3,1,3,3,2,1,None,97,0,0,0,0,0,0,0,0,1,None,50,NA,16430,"Learning Materials like handbook Update Training ,Teacher Service",uuid:4043a42b-517a-4f32-806c-7b5240167e09,2512030649,uuid:4043a42b-517a-4f32-806c-7b5240167e09,NA,NA,NA,NA,NA,NA,NA,NA,NA,NA
711847,S0706043662,SOUTH ETHIOPIA,Wolayta,humbo,ampo koysha,Rural,"12/4/2025, 8:09:43 PM","12/4/2025, 10:23:24 AM","12/4/2025, 11:10:51 AM",12/4/2025,f4f7c86f9b157d85,1,T27102,NA,female,7,0,0,0,0,0,0,1,0,0,97,0,0,0,1,General Science,4,NA,5,NA,1,NA,2009,2012,2,0,NA,NA,1 5,1,0,0,0,1,0,0,NA,1,NA,97,0,0,0,0,0,0,1,Library endigebu yederegal,1,1 3 4,1,0,1,1,0,0,NA,4 7,0,0,0,1,0,0,1,0,0,0,NA,1 4,1,0,0,1,0,0,0,0,0,0,NA,4 6,0,0,0,1,0,1,0,0,0,0,NA,2,3,3,2,2,2,3,2,8,0,0,0,0,0,0,0,1,0,0,0,0,0,NA,3,2,NA,2 3 9 10 11,0,1,1,0,0,0,0,0,1,1,1,0,0,NA,2,3,4,4,4,4,4,2,2,4,5,5,4,2,5,4,1,1,2,2 5,0,1,0,0,1,0,0,0,NA,4,3,1,3,2,4,3,2,1,3,2,3,NA,4,4,4,1,4,1 2,1,1,0,0,0,NA,3,NA,0,0,0,1,0,1,1,1,1,1,0,NA,4,4,1,1,4,1,1,3,3,2,3,3,2,2,3,3,3,3,1 6,1,0,0,0,0,1,0,0,0,0,0,4,1,4,4,1,4,1,2,3,2,8,4,4,4,4,4,4,4,4,4,4,4,4,0,0,0,1,0,0,0,NA,1,2,2,3,1,2,1,2,1,None,97,0,0,0,0,0,0,0,0,1,None,29,NA,12145,None,uuid:16bfcff6-0aa7-4180-ac15-46b4f31b5583,2512030649,uuid:16bfcff6-0aa7-4180-ac15-46b4f31b5583,NA,NA,NA,NA,NA,NA,NA,NA,NA,NA
711847,S0706043662,SOUTH ETHIOPIA,Wolayta,humbo,ampo koysha,Rural,"12/4/2025, 8:09:43 PM","12/4/2025, 12:54:23 PM","12/4/2025, 1:33:45 PM",12/4/2025,f4f7c86f9b157d85,1,T27103,NA,female,4,0,0,0,1,0,0,0,0,0,97,0,0,0,1,General Science,3,NA,3,NA,0,NA,2000,2010,4,0,NA,NA,1,1,0,0,0,0,0,0,NA,1,NA,6,0,0,0,0,0,1,0,NA,1,1,1,0,0,0,0,0,NA,3 4,0,0,1,1,0,0,0,0,0,0,NA,1 4,1,0,0,1,0,0,0,0,0,0,NA,1 4,1,0,0,1,0,0,0,0,0,0,NA,2,3,2,2,2,1,1,1,8 9,0,0,0,0,0,0,0,1,1,0,0,0,0,NA,2,3,NA,1 3 5 9,1,0,1,0,1,0,0,0,1,0,0,0,0,NA,4,4,4,4,4,4,4,3,3,3,5,5,4,5,4,4,1,1,1,2 5,0,1,0,0,1,0,0,0,NA,2,2,1,4,2,2,2,2,2,2,1,3,NA,4,4,4,1,3,1,1,0,0,0,0,NA,3,NA,0,0,0,1,0,0,0,1,1,0,0,NA,4,3,1,3,4,1,1,1,3,3,3,3,3,3,2,2,3,3,1 4,1,0,0,1,0,0,0,0,0,0,0,4,2,4,4,1,4,4,3,3,1,10,4,4,4,4,4,4,4,4,4,4,4,1 4,1,0,0,1,0,0,0,NA,1,2,2,3,1,1,3,3,1,None,97,0,0,0,0,0,0,0,0,1,None,40,NA,21238,None,uuid:d43ebf09-2aa8-444a-88c1-2b84cd45a37f,2512030649,uuid:d43ebf09-2aa8-444a-88c1-2b84cd45a37f,NA,NA,NA,NA,NA,NA,NA,NA,NA,NA
712174,S0706071342,SOUTH ETHIOPIA,Wolayta,ofa,dawe,Rural,"12/16/2025, 9:10:05 PM","12/16/2025, 10:46:53 AM","12/16/2025, 9:08:07 PM",12/16/2025,13ff9fddb6200dd2,1,T39903,NA,male,1 2 3 4 5 6,1,1,1,1,1,1,0,0,0,2 97,0,1,0,1,Sport/phisical education,2,NA,3,NA,1,NA,1998,2015,3,0,NA,NA,1,1,0,0,0,0,0,0,NA,1,NA,6 97,0,0,0,0,0,1,1,0ther teaches hi or her subject,1,1 3,1,0,1,0,0,0,NA,3 4 5 7,0,0,1,1,1,0,1,0,0,0,NA,2 4,0,1,0,1,0,0,0,0,0,0,NA,3 4,0,0,1,1,0,0,0,0,0,0,NA,2,3,2,1,1,1,2,1,2 4 5,0,1,0,1,1,0,0,0,0,0,0,0,0,NA,1,2,NA,3 4 5,0,0,1,1,1,0,0,0,0,0,0,0,0,NA,3,4,4,2,3,3,2,2,1,2,4,4,2,5,4,5,2,2,1,1 2 3 4 5,1,1,1,1,1,0,0,0,NA,2,2,1,3,2,4,2,2,2,3,1,2,NA,1,2,2,1,4,2 3,0,1,1,0,0,NA,3,NA,0,0,0,0,0,1,1,1,1,0,0,NA,3,3,2,2,4,1,2,1,3,2,1,1,2,3,3,3,1,3,1 3,1,0,1,0,0,0,0,0,0,0,0,3,2,2,1,2,1,2,1,1,4,7,2,1,4,2,4,2,4,4,2,4,4,1 2 4,1,1,0,1,0,0,0,NA,1,3,3,3,1,3,3,3,2,None,3 4,0,0,1,1,0,0,0,0,0,NA,40,NA,13732,Distance from my village and low participation of studen parent and shortage of input,uuid:71cd09cb-fde5-4388-8e7f-239e4854702a,2512142209,uuid:71cd09cb-fde5-4388-8e7f-239e4854702a,NA,NA,NA,NA,NA,NA,NA,NA,NA,NA
712174,S0706071342,SOUTH ETHIOPIA,Wolayta,ofa,dawe,Rural,"12/16/2025, 10:33:07 PM","12/16/2025, 10:46:09 AM","12/16/2025, 10:29:42 PM",12/16/2025,15aee2f9fc7423e8,1,T39901,NA,male,3 4 5 6,0,0,1,1,1,1,0,0,0,1,1,0,0,0,NA,1,NA,2,NA,1,NA,2007,2017,2,0,NA,NA,1,1,0,0,0,0,0,0,NA,1,NA,2 5 6,0,1,0,0,1,1,0,NA,1,1 3,1,0,1,0,0,0,NA,2 4 5 8 9,0,1,0,1,1,0,0,1,1,0,NA,4 5,0,0,0,1,1,0,0,0,0,0,NA,4 6,0,0,0,1,0,1,0,0,0,0,NA,4,2,2,1,3,3,3,2,8 9 11,0,0,0,0,0,0,0,1,1,0,1,0,0,NA,3,2,NA,1 2 10,1,1,0,0,0,0,0,0,0,1,0,0,0,NA,4,4,4,3,4,4,4,1,4,4,5,5,3,5,5,5,1,1,1,2 5,0,1,0,0,1,0,0,0,NA,3,3,2,2,2,2,4,2,2,4,2,4,NA,1,1,4,4,4,1 2,1,1,0,0,0,NA,5,NA,0,0,0,1,0,0,1,1,1,1,0,NA,4,1,1,1,4,1,1,3,2,1,3,3,3,1,3,3,1,3,2 6,0,1,0,0,0,1,0,0,0,0,0,4,1,4,1,1,4,1,3,1,2,10,1,4,4,4,4,4,4,4,4,4,4,1 4,1,0,0,1,0,0,0,NA,1,3,3,3,1,3,3,1,1,No,3 4,0,0,1,1,0,0,0,0,0,NA,31,NA,9103,No,uuid:c7024cb3-fe71-4d65-9de8-bda1cbc8f223,2512142209,uuid:c7024cb3-fe71-4d65-9de8-bda1cbc8f223,NA,NA,NA,NA,NA,NA,NA,NA,NA,NA
712174,S0706071342,SOUTH ETHIOPIA,Wolayta,ofa,dawe,Rural,"12/16/2025, 10:33:08 PM","12/16/2025, 11:25:22 AM","12/16/2025, 10:31:39 PM",12/16/2025,15aee2f9fc7423e8,1,T39902,NA,female,3 4 5 6,0,0,1,1,1,1,0,0,0,1,1,0,0,0,NA,1,NA,2,NA,1,NA,2013,2013,1,0,NA,NA,1,1,0,0,0,0,0,0,NA,1,NA,6,0,0,0,0,0,1,0,NA,1,1 3,1,0,1,0,0,0,NA,1 2 4 6,1,1,0,1,0,1,0,0,0,0,NA,1 4,1,0,0,1,0,0,0,0,0,0,NA,1 6,1,0,0,0,0,1,0,0,0,0,NA,4,3,2,1,2,1,2,1,8 9 11,0,0,0,0,0,0,0,1,1,0,1,0,0,NA,3,2,NA,1 3 9 10,1,0,1,0,0,0,0,0,1,1,0,0,0,NA,4,4,4,4,4,4,1,1,1,4,5,4,1,4,5,5,1,1,1,2 5,0,1,0,0,1,0,0,0,NA,2,3,1,1,2,3,3,2,2,4,1,4,NA,3,3,3,4,4,1 2,1,1,0,0,0,NA,5,NA,0,0,0,1,0,1,1,1,1,0,0,NA,1,1,1,1,4,1,1,3,3,3,3,3,3,3,3,3,3,3,2 4,0,1,0,1,0,0,0,0,0,0,0,4,1,3,1,1,1,1,3,3,1,10,4,1,4,4,4,3,3,4,2,4,2,1 2 4,1,1,0,1,0,0,0,NA,1,1,3,2,2,2,1,1,1,No,3 7,0,0,1,0,0,0,1,0,0,NA,30,NA,10000,No,uuid:d8f503d3-af1a-47e1-8275-96a5ac7802b3,2512142209,uuid:d8f503d3-af1a-47e1-8275-96a5ac7802b3,NA,NA,NA,NA,NA,NA,NA,NA,NA,NA
710955,S0706081262,SOUTH ETHIOPIA,Wolayta,boloso bombe,dulia matala,Rural,"12/12/2025, 6:28:26 AM","12/11/2025, 11:13:15 AM","12/11/2025, 11:55:49 AM",12/11/2025,f4f7c86f9b157d85,1,T25901,NA,female,1 2 3 4,1,1,1,1,0,0,0,0,0,1 97,1,0,0,1,Gebregeb,2,NA,2,NA,1,NA,2007,2015,2,1,1,2,1,1,0,0,0,0,0,0,NA,1,NA,5,0,0,0,0,1,0,0,NA,1,1 2,1,1,0,0,0,0,NA,3 4,0,0,1,1,0,0,0,0,0,0,NA,1 8,1,0,0,0,0,0,0,1,0,0,NA,2 3,0,1,1,0,0,0,0,0,0,0,NA,4,2,3,2,3,1,2,1,8 9 11,0,0,0,0,0,0,0,1,1,0,1,0,0,NA,2,2,NA,1 2 4 6 7 8 9 10,1,1,0,1,0,1,1,1,1,1,0,0,0,NA,4,3,4,4,3,3,3,3,4,4,5,3,5,5,5,3,1,1,1,2,0,1,0,0,0,0,0,0,NA,4,2,4,2,4,4,4,4,4,4,2,3,NA,4,2,4,4,4,2,0,1,0,0,0,NA,3,NA,0,0,0,0,0,0,1,1,1,1,0,NA,4,4,1,1,4,1,1,3,3,3,3,3,2,2,3,3,3,3,4 11,0,0,0,1,0,0,0,0,0,0,1,4,1,3,4,4,4,1,3,3,1,7,1,3,4,4,4,4,4,4,4,4,4,4,0,0,0,1,0,0,0,NA,0,NA,NA,NA,NA,NA,NA,NA,NA,NA,97,0,0,0,0,0,0,0,0,1,None,28,NA,9940,None,uuid:55b7c857-d6fe-4c28-af6e-edb4800a8a37,2512040829,uuid:55b7c857-d6fe-4c28-af6e-edb4800a8a37,NA,NA,NA,NA,NA,NA,NA,NA,NA,NA
710955,S0706081262,SOUTH ETHIOPIA,Wolayta,boloso bombe,dulia matala,Rural,"12/12/2025, 6:28:26 AM","12/11/2025, 1:00:07 PM","12/11/2025, 1:43:55 PM",12/11/2025,f4f7c86f9b157d85,1,T25902,NA,female,5 6 7 8,0,0,0,0,1,1,1,1,0,97,0,0,0,1,Amharic,4,NA,3,NA,1,NA,2012,2015,2,0,NA,NA,2,0,1,0,0,0,0,0,NA,1,NA,6,0,0,0,0,0,1,0,NA,1,1 2 4,1,1,0,1,0,0,NA,3 4,0,0,1,1,0,0,0,0,0,0,NA,3 4,0,0,1,1,0,0,0,0,0,0,NA,4 6,0,0,0,1,0,1,0,0,0,0,NA,3,2,2,1,2,3,2,1,3 5 11,0,0,1,0,1,0,0,0,0,0,1,0,0,NA,3,2,NA,3 5 6 9 10,0,0,1,0,1,1,0,0,1,1,0,0,0,NA,4,4,4,4,4,4,4,4,4,4,5,5,5,5,5,5,1,1,1,2 5,0,1,0,0,1,0,0,0,NA,4,4,1,4,2,4,2,4,2,2,2,2,NA,4,4,4,1,4,1,1,0,0,0,0,NA,3,NA,0,0,0,1,0,0,1,1,1,0,0,NA,4,4,1,1,4,1,4,1,3,3,3,2,2,2,1,2,3,1,8 9,0,0,0,0,0,0,0,1,1,0,0,4,4,3,3,1,4,1,1,1,1,7,4,3,4,4,4,1,4,4,4,4,4,2 4,0,1,0,1,0,0,0,NA,0,NA,NA,NA,NA,NA,NA,NA,NA,NA,97,0,0,0,0,0,0,0,0,1,None,27,NA,9934,"Teacher is no pipe water,There's no student&Teacher Guide book,not good class Environment",uuid:25f1cba2-b791-4acf-9a0a-73f684bf311e,2512040829,uuid:25f1cba2-b791-4acf-9a0a-73f684bf311e,NA,NA,NA,NA,NA,NA,NA,NA,NA,NA
710955,S0706081262,SOUTH ETHIOPIA,Wolayta,boloso bombe,dulia matala,Rural,"12/12/2025, 6:28:27 AM","12/11/2025, 2:31:10 PM","12/11/2025, 3:13:17 PM",12/11/2025,f4f7c86f9b157d85,1,T25903,NA,male,5 6 7 8,0,0,0,0,1,1,1,1,0,1,1,0,0,0,NA,3,NA,5,NA,0,NA,2010,2017,3,1,1,3,1 2,1,1,0,0,0,0,0,NA,1,NA,6,0,0,0,0,0,1,0,NA,1,1 2,1,1,0,0,0,0,NA,4,0,0,0,1,0,0,0,0,0,0,NA,1 8,1,0,0,0,0,0,0,1,0,0,NA,6 8,0,0,0,0,0,1,0,1,0,0,NA,3,3,2,1,1,2,2,1,8 10 11,0,0,0,0,0,0,0,1,0,1,1,0,0,NA,3,2,NA,2 3 5 6 7 8 9 10,0,1,1,0,1,1,1,1,1,1,0,0,0,NA,4,4,4,1,4,4,4,4,4,4,5,5,5,5,5,5,1,1,1,5,0,0,0,0,1,0,0,0,NA,4,4,2,2,2,2,2,4,1,5,2,3,NA,4,4,4,1,4,3,0,0,1,0,0,NA,3,NA,1,1,1,1,1,1,1,1,1,1,0,NA,4,4,1,1,4,1,1,3,2,3,3,3,3,3,3,3,3,3,6 8,0,0,0,0,0,1,0,1,0,0,0,4,1,4,4,1,4,1,3,3,1,10,4,4,1,4,4,1,4,4,4,4,4,1 4,1,0,0,1,0,0,0,NA,1,2,2,3,1,1,2,2,1,None,97,0,0,0,0,0,0,0,0,1,None,35,NA,10740,"There's no Teachers marefya,no pipe water,no marketing access,Electrical Power,not good library environment.",uuid:407149d5-0fb8-499d-985f-47f19f5082c8,2512040829,uuid:407149d5-0fb8-499d-985f-47f19f5082c8,NA,NA,NA,NA,NA,NA,NA,NA,NA,NA
712029,S0706101712,SOUTH ETHIOPIA,Wolayta,kindo didaye,gima,Rural,"12/9/2025, 9:29:23 PM","12/9/2025, 10:06:17 AM","12/9/2025, 10:52:00 AM",12/9/2025,f4f7c86f9b157d85,1,T27301,NA,female,6 7 8,0,0,0,0,0,1,1,1,0,97,0,0,0,1,Social Science,2,NA,3,NA,1,NA,2013,2014,2,0,NA,NA,1,1,0,0,0,0,0,0,NA,1,NA,2 97,0,1,0,0,0,0,1,Go to library,1,1 4,1,0,0,1,0,0,NA,2 4,0,1,0,1,0,0,0,0,0,0,NA,4 7,0,0,0,1,0,0,1,0,0,0,NA,4 6,0,0,0,1,0,1,0,0,0,0,NA,4,4,4,3,3,3,2,1,5 11,0,0,0,0,1,0,0,0,0,0,1,0,0,NA,4,2,NA,1 2 3 4 5 6 7 8 9 10 11,1,1,1,1,1,1,1,1,1,1,1,0,0,NA,4,4,4,3,4,4,3,3,4,4,5,5,5,5,3,5,1,1,1,5,0,0,0,0,1,0,0,0,NA,4,4,4,4,2,4,4,4,3,4,2,1,NA,4,4,2,1,4,2 4,0,1,0,1,0,NA,1,NA,0,1,0,1,0,0,0,1,1,0,0,NA,3,3,1,4,4,1,1,3,3,3,3,3,3,3,3,3,3,3,3 4,0,0,1,1,0,0,0,0,0,0,0,4,1,3,4,1,4,1,2,3,4,10,4,3,4,3,4,4,4,4,4,2,4,1 2 4,1,1,0,1,0,0,0,NA,0,NA,NA,NA,NA,NA,NA,NA,NA,NA,97,0,0,0,0,0,0,0,0,1,None,25,NA,10001,"Lack of Transport access(Road),Lack of School Budget,Teacher Zewewer binore.",uuid:67523aac-dc5f-42ca-a537-4cdc7fa46868,2512040829,uuid:67523aac-dc5f-42ca-a537-4cdc7fa46868,NA,NA,NA,NA,NA,NA,NA,NA,NA,NA
712029,S0706101712,SOUTH ETHIOPIA,Wolayta,kindo didaye,gima,Rural,"12/9/2025, 9:29:23 PM","12/9/2025, 10:52:04 AM","12/9/2025, 8:25:44 PM",12/9/2025,f4f7c86f9b157d85,1,T27302,NA,female,1 2 3 4,1,1,1,1,0,0,0,0,0,97,0,0,0,1,Maths and General Science,2,NA,2,NA,1,NA,2018,2018,1,0,NA,NA,1,1,0,0,0,0,0,0,NA,1,NA,2,0,1,0,0,0,0,0,NA,1,1,1,0,0,0,0,0,NA,4,0,0,0,1,0,0,0,0,0,0,NA,4 8,0,0,0,1,0,0,0,1,0,0,NA,2 4,0,1,0,1,0,0,0,0,0,0,NA,4,3,3,3,3,2,3,2,8 10 11,0,0,0,0,0,0,0,1,0,1,1,0,0,NA,4,2,NA,1 2 3 4 6 7 8 9 10 11,1,1,1,1,0,1,1,1,1,1,1,0,0,NA,4,4,4,4,4,4,4,4,4,4,5,5,5,5,5,5,1,1,1,5,0,0,0,0,1,0,0,0,NA,4,4,4,4,3,4,4,4,4,4,4,3,NA,4,4,4,1,4,1 2,1,1,0,0,0,NA,2,NA,0,0,0,0,0,0,0,0,0,0,0,NA,4,4,1,1,4,1,1,3,3,3,3,3,3,3,3,3,3,3,1 4,1,0,0,1,0,0,0,0,0,0,0,4,1,4,4,4,4,4,3,3,1,10,4,4,1,4,4,1,4,4,4,4,4,2,0,1,0,0,0,0,0,NA,0,NA,NA,NA,NA,NA,NA,NA,NA,NA,97,0,0,0,0,0,0,0,0,1,None,26,NA,9226,There's no water access.,uuid:0577677b-8db0-46b9-b406-ba35eb0c17bc,2512040829,uuid:0577677b-8db0-46b9-b406-ba35eb0c17bc,NA,NA,NA,NA,NA,NA,NA,NA,NA,NA
712029,S0706101712,SOUTH ETHIOPIA,Wolayta,kindo didaye,gima,Rural,"12/9/2025, 9:29:24 PM","12/9/2025, 11:28:42 AM","12/9/2025, 12:17:10 PM",12/9/2025,f4f7c86f9b157d85,1,T27303,NA,male,1 2 3 4,1,1,1,1,0,0,0,0,0,2 97,0,1,0,1,General Science,3,NA,2,NA,1,NA,2014,2016,2,0,NA,NA,1,1,0,0,0,0,0,0,NA,1,NA,5 6,0,0,0,0,1,1,0,NA,1,1 4,1,0,0,1,0,0,NA,3 4,0,0,1,1,0,0,0,0,0,0,NA,6 7,0,0,0,0,0,1,1,0,0,0,NA,5 6,0,0,0,0,1,1,0,0,0,0,NA,2,4,3,3,4,2,1,2,3 11,0,0,1,0,0,0,0,0,0,0,1,0,0,NA,1,2,NA,1 2 3 9 10 11,1,1,1,0,0,0,0,0,1,1,1,0,0,NA,1,3,4,4,4,4,3,1,3,4,5,5,4,5,5,5,1,2,1,2 5,0,1,0,0,1,0,0,0,NA,4,2,2,2,2,2,2,5,2,3,2,3,NA,4,4,4,3,4,2,0,1,0,0,0,NA,2,NA,1,1,0,1,1,1,1,1,1,1,0,NA,4,4,1,1,4,4,3,3,3,1,3,3,2,3,1,3,3,3,3 10,0,0,1,0,0,0,0,0,0,1,0,4,3,3,4,1,4,4,3,2,2,10,3,3,4,3,4,4,4,4,4,4,4,2 4,0,1,0,1,0,0,0,NA,1,1,1,1,1,1,1,2,1,None,97,0,0,0,0,0,0,0,0,1,None,29,NA,10001,"Lack of Road&Transportation access &There's no Marketing access,There is no Student Feeding Program
Lack of learning material like chair,handbook",uuid:681e05d1-e713-4033-b175-3d697512badf,2512040829,uuid:681e05d1-e713-4033-b175-3d697512badf,NA,NA,NA,NA,NA,NA,NA,NA,NA,NA
711704,S0706121002,SOUTH ETHIOPIA,Wolayta,duguna fango,fango damot kola,Urban,"12/10/2025, 8:11:02 PM","12/10/2025, 12:11:03 PM","12/10/2025, 12:57:52 PM",12/10/2025,f4f7c86f9b157d85,1,T26801,NA,female,1 2 3 4,1,1,1,1,0,0,0,0,0,97,0,0,0,1,English,3,NA,2,NA,0,NA,2010,2011,2,0,NA,NA,1,1,0,0,0,0,0,0,NA,4,NA,2,0,1,0,0,0,0,0,NA,1,1,1,0,0,0,0,0,NA,4,0,0,0,1,0,0,0,0,0,0,NA,4 5,0,0,0,1,1,0,0,0,0,0,NA,3 5,0,0,1,0,1,0,0,0,0,0,NA,3,1,1,2,1,2,2,2,8,0,0,0,0,0,0,0,1,0,0,0,0,0,NA,3,3,NA,1 2 3 4 7 8 9 10,1,1,1,1,0,0,1,1,1,1,0,0,0,NA,4,4,4,1,4,4,3,4,3,3,3,3,3,4,3,5,1,1,1,5,0,0,0,0,1,0,0,0,NA,2,3,1,1,2,4,2,2,1,2,2,3,NA,4,4,4,3,4,1,1,0,0,0,0,NA,2,NA,1,1,1,1,1,1,1,1,1,1,0,NA,4,4,1,4,4,1,1,3,3,3,1,3,2,2,2,2,3,3,1 3,1,0,1,0,0,0,0,0,0,0,0,4,1,4,4,4,4,3,1,3,2,7,4,1,4,4,4,4,2,3,3,3,4,2 4,0,1,0,1,0,0,0,NA,1,2,1,2,1,2,1,1,2,None,97,0,0,0,0,0,0,0,0,1,None,35,NA,11156,None,uuid:3db1cf1d-91d4-4bc7-ad99-dc702f8070b9,2512040829,uuid:3db1cf1d-91d4-4bc7-ad99-dc702f8070b9,NA,NA,NA,NA,NA,NA,NA,NA,NA,NA
711704,S0706121002,SOUTH ETHIOPIA,Wolayta,duguna fango,fango damot kola,Urban,"12/10/2025, 8:11:02 PM","12/10/2025, 12:58:12 PM","12/10/2025, 1:39:11 PM",12/10/2025,f4f7c86f9b157d85,1,T26802,NA,female,5 6 7 8,0,0,0,0,1,1,1,1,0,97,0,0,0,1,HPE,4,NA,5,NA,1,NA,2008,2010,2,0,NA,NA,1,1,0,0,0,0,0,0,NA,1,NA,2 6,0,1,0,0,0,1,0,NA,1,1 2,1,1,0,0,0,0,NA,4,0,0,0,1,0,0,0,0,0,0,NA,4 6,0,0,0,1,0,1,0,0,0,0,NA,2 4,0,1,0,1,0,0,0,0,0,0,NA,3,3,2,3,3,1,2,1,8,0,0,0,0,0,0,0,1,0,0,0,0,0,NA,1,3,NA,1 3 5 6 9 10,1,0,1,0,1,1,0,0,1,1,0,0,0,NA,4,4,4,4,4,4,4,3,4,4,5,4,3,4,5,5,1,1,1,2 5,0,1,0,0,1,0,0,0,NA,2,3,1,3,3,3,4,3,3,4,2,3,NA,4,4,4,2,4,2,0,1,0,0,0,NA,1,NA,0,0,0,0,0,0,0,1,1,1,0,NA,3,3,1,3,4,4,4,3,3,3,3,3,3,3,3,3,3,3,5 8,0,0,0,0,1,0,0,1,0,0,0,4,3,1,4,4,4,4,3,3,2,10,4,1,4,4,4,4,4,4,4,4,2,2,0,1,0,0,0,0,0,NA,0,NA,NA,NA,NA,NA,NA,NA,NA,NA,97,0,0,0,0,0,0,0,0,1,None,28,NA,11300,None,uuid:50830972-fefd-49a8-a48f-7b22ea184cb2,2512040829,uuid:50830972-fefd-49a8-a48f-7b22ea184cb2,NA,NA,NA,NA,NA,NA,NA,NA,NA,NA
711704,S0706121002,SOUTH ETHIOPIA,Wolayta,duguna fango,fango damot kola,Urban,"12/10/2025, 8:11:03 PM","12/10/2025, 1:39:23 PM","12/10/2025, 2:20:34 PM",12/10/2025,f4f7c86f9b157d85,1,T26803,NA,male,5 6 7 8,0,0,0,0,1,1,1,1,0,97,0,0,0,1,General Science,3,NA,5,NA,1,NA,2009,2012,2,0,NA,NA,5,0,0,0,0,1,0,0,NA,1,NA,2,0,1,0,0,0,0,0,NA,1,1 4,1,0,0,1,0,0,NA,3 4,0,0,1,1,0,0,0,0,0,0,NA,4 8,0,0,0,1,0,0,0,1,0,0,NA,4 6,0,0,0,1,0,1,0,0,0,0,NA,4,2,3,2,2,2,2,1,4 6,0,0,0,1,0,1,0,0,0,0,0,0,0,NA,3,2,NA,1 4 6 7 8 10,1,0,0,1,0,1,1,1,0,1,0,0,0,NA,4,4,4,3,4,4,4,3,3,3,5,5,3,5,5,5,1,1,1,2 5,0,1,0,0,1,0,0,0,NA,4,2,2,4,4,4,2,4,1,4,3,3,NA,3,4,4,1,4,3 4,0,0,1,1,0,NA,3,NA,0,1,0,1,1,1,1,1,1,0,0,NA,4,4,1,4,4,1,1,3,2,1,1,2,2,2,3,3,3,3,1 5,1,0,0,0,1,0,0,0,0,0,0,4,1,4,4,1,4,1,3,3,2,9,4,4,4,4,4,4,4,4,3,4,4,2 4,0,1,0,1,0,0,0,NA,1,1,3,3,1,1,1,3,1,None,97,0,0,0,0,0,0,0,0,1,None,34,NA,11339,"Lack of Transportation access,Uncomfortable class,there's no learning material like handbook,chair,Water access.",uuid:e28be2ff-a948-484e-bf92-cea2be31eec4,2512040829,uuid:e28be2ff-a948-484e-bf92-cea2be31eec4,NA,NA,NA,NA,NA,NA,NA,NA,NA,NA
711940,S0706160192,SOUTH ETHIOPIA,Wolayta,kawo koysha,ome bolola,Rural,"12/8/2025, 7:35:42 PM","12/8/2025, 1:08:51 PM","12/8/2025, 2:10:28 PM",12/8/2025,f4f7c86f9b157d85,1,T27201,NA,male,7 8,0,0,0,0,0,0,1,1,0,97,0,0,0,1,General Science,2,NA,3,NA,1,NA,2010,2010,1,1,1,2,1 2,1,1,0,0,0,0,0,NA,1,NA,6,0,0,0,0,0,1,0,NA,1,1 2 4,1,1,0,1,0,0,NA,2 3 4,0,1,1,1,0,0,0,0,0,0,NA,4 6,0,0,0,1,0,1,0,0,0,0,NA,4 6,0,0,0,1,0,1,0,0,0,0,NA,3,4,4,3,3,2,3,2,6 11,0,0,0,0,0,1,0,0,0,0,1,0,0,NA,3,3,NA,2 3 4 5 6 7 8 9 10 11,0,1,1,1,1,1,1,1,1,1,1,0,0,NA,4,3,4,3,4,4,3,3,4,4,5,5,3,5,5,5,1,2,1,4 5,0,0,0,1,1,0,0,0,NA,4,2,4,2,4,4,5,5,3,4,2,3,NA,4,4,4,1,4,3,0,0,1,0,0,NA,3,NA,1,1,0,1,1,1,0,1,1,1,0,NA,3,3,1,1,4,4,3,1,1,3,3,3,3,3,1,2,3,3,1 4,1,0,0,1,0,0,0,0,0,0,0,4,1,3,3,1,4,1,3,3,1,10,3,3,4,4,4,1,4,4,3,4,4,1 4,1,0,0,1,0,0,0,NA,1,1,2,2,1,1,1,2,2,Transport Access,97,0,0,0,0,0,0,0,0,1,None,27,NA,10740,None,uuid:b349a590-4774-4a72-b0fe-5d505eb05c99,2512040829,uuid:b349a590-4774-4a72-b0fe-5d505eb05c99,NA,NA,NA,NA,NA,NA,NA,NA,NA,NA
711940,S0706160192,SOUTH ETHIOPIA,Wolayta,kawo koysha,ome bolola,Rural,"12/8/2025, 7:35:46 PM","12/8/2025, 2:10:53 PM","12/8/2025, 2:50:46 PM",12/8/2025,f4f7c86f9b157d85,1,T27202,NA,female,1 2,1,1,0,0,0,0,0,0,0,97,0,0,0,1,Local Language,3,NA,2,NA,0,NA,2012,2012,1,0,NA,NA,2,0,1,0,0,0,0,0,NA,1,NA,97,0,0,0,0,0,0,1,Library endigebu yederegal,1,1,1,0,0,0,0,0,NA,4 7,0,0,0,1,0,0,1,0,0,0,NA,4 5,0,0,0,1,1,0,0,0,0,0,NA,4 5,0,0,0,1,1,0,0,0,0,0,NA,4,2,4,3,1,1,2,2,3 6,0,0,1,0,0,1,0,0,0,0,0,0,0,NA,3,2,NA,1 3 4 6 7 8 9 10 11,1,0,1,1,0,1,1,1,1,1,1,0,0,NA,3,4,4,3,4,4,3,3,3,3,5,4,2,4,4,4,1,1,2,2 5,0,1,0,0,1,0,0,0,NA,4,2,3,3,4,4,4,4,2,4,4,3,NA,3,4,4,3,4,2,0,1,0,0,0,NA,3,NA,1,1,1,1,1,1,1,1,1,1,0,NA,4,4,3,3,4,4,1,3,3,2,3,3,3,2,2,3,3,1,1 5,1,0,0,0,1,0,0,0,0,0,0,3,4,4,4,3,4,1,3,3,1,10,4,3,4,4,4,1,4,4,3,4,4,2 4,0,1,0,1,0,0,0,NA,1,2,2,1,1,1,1,1,1,None,97,0,0,0,0,0,0,0,0,1,None,27,NA,10740,None,uuid:5c72b682-a41e-4198-9b24-fff7224ea43c,2512040829,uuid:5c72b682-a41e-4198-9b24-fff7224ea43c,NA,NA,NA,NA,NA,NA,NA,NA,NA,NA
711940,S0706160192,SOUTH ETHIOPIA,Wolayta,kawo koysha,ome bolola,Rural,"12/8/2025, 7:35:48 PM","12/8/2025, 2:51:07 PM","12/8/2025, 3:48:11 PM",12/8/2025,f4f7c86f9b157d85,1,T27203,NA,female,1 2 3 4,1,1,1,1,0,0,0,0,0,97,0,0,0,1,General Science,3,NA,5,NA,0,NA,2016,2016,1,0,NA,NA,1,1,0,0,0,0,0,0,NA,1,NA,2 6,0,1,0,0,0,1,0,NA,1,1 4 97,1,0,0,1,0,1,Teachers,4,0,0,0,1,0,0,0,0,0,0,NA,2 6,0,1,0,0,0,1,0,0,0,0,NA,6 8,0,0,0,0,0,1,0,1,0,0,NA,3,3,3,2,3,3,3,2,8 10 11,0,0,0,0,0,0,0,1,0,1,1,0,0,NA,1,3,NA,1 7 8 9 10 11,1,0,0,0,0,0,1,1,1,1,1,0,0,NA,4,4,4,3,4,4,3,3,3,4,4,4,4,4,3,4,1,1,1,2 5,0,1,0,0,1,0,0,0,NA,4,4,4,2,2,2,2,2,2,5,2,2,NA,4,4,4,1,4,2,0,1,0,0,0,NA,1,NA,0,0,0,1,0,1,0,1,1,0,0,NA,4,3,1,1,4,1,1,3,3,3,3,3,3,3,3,3,3,3,2 4,0,1,0,1,0,0,0,0,0,0,0,4,2,4,4,3,4,1,3,3,4,10,3,3,4,1,3,3,4,4,2,4,4,2 4,0,1,0,1,0,0,0,NA,1,3,3,3,1,3,2,2,1,None,97,0,0,0,0,0,0,0,0,1,None,25,NA,9200,"Lack of learning material like handbook,Teacher benefit",uuid:adf9eebc-e574-46b9-b777-1e57b107e327,2512040829,uuid:adf9eebc-e574-46b9-b777-1e57b107e327,NA,NA,NA,NA,NA,NA,NA,NA,NA,NA
1309032,S0709020042,SWEPR,Kefa,gesha,tiraro selam,Urban,"12/8/2025, 8:35:18 PM","12/8/2025, 2:48:31 PM","12/8/2025, 8:18:42 PM",12/8/2025,7b083c6dbffcaebb,1,T29402,NA,female,2 5,0,1,0,0,1,0,0,0,0,2 97,0,1,0,1,Citizen,3,NA,3,NA,0,NA,2012,2013,2,0,NA,NA,1 3,1,0,1,0,0,0,0,NA,1,NA,6,0,0,0,0,0,1,0,NA,1,1 3,1,0,1,0,0,0,NA,3 4,0,0,1,1,0,0,0,0,0,0,NA,2 4,0,1,0,1,0,0,0,0,0,0,NA,4 6,0,0,0,1,0,1,0,0,0,0,NA,3,4,3,3,4,3,4,2,3 7 8,0,0,1,0,0,0,1,1,0,0,0,0,0,NA,4,2,NA,1 2 3 4 5 6 7 8 9 10 11,1,1,1,1,1,1,1,1,1,1,1,0,0,NA,4,4,4,4,4,4,4,3,3,3,5,5,5,5,4,5,3,1,1,2 5,0,1,0,0,1,0,0,0,NA,4,2,4,4,4,4,5,5,5,5,2,3,NA,4,4,4,1,4,2 3,0,1,1,0,0,NA,2,NA,0,0,0,0,0,0,0,1,1,0,0,NA,4,4,1,1,4,1,1,3,3,3,3,3,3,3,3,3,3,3,3 9,0,0,1,0,0,0,0,0,1,0,0,4,1,4,4,1,4,1,3,3,4,10,4,3,4,4,4,1,4,4,4,4,4,2 3 4,0,1,1,1,0,0,0,NA,0,NA,NA,NA,NA,NA,NA,NA,NA,NA,3 8,0,0,1,0,0,0,0,1,0,NA,24,NA,10700,"Lack of adequate training 
Lack of infrastructure",uuid:1ed06a08-f0c5-40e7-a836-d5bb4ba98d3d,2512040829,uuid:1ed06a08-f0c5-40e7-a836-d5bb4ba98d3d,NA,NA,NA,NA,NA,NA,NA,NA,NA,NA
1309032,S0709020042,SWEPR,Kefa,gesha,tiraro selam,Urban,"12/8/2025, 8:39:42 PM","12/8/2025, 8:42:39 AM","12/8/2025, 2:39:28 PM",12/8/2025,9103e136556fc552,1,T29401,NA,male,6 8,0,0,0,0,0,1,0,1,0,1,1,0,0,0,NA,3,NA,3,NA,1,NA,2005,2017,4,0,NA,NA,1,1,0,0,0,0,0,0,NA,1,NA,6,0,0,0,0,0,1,0,NA,1,3,0,0,1,0,0,0,NA,1 3 4 5 6 7,1,0,1,1,1,1,1,0,0,0,NA,4 5,0,0,0,1,1,0,0,0,0,0,NA,3 4,0,0,1,1,0,0,0,0,0,0,NA,4,4,2,2,1,1,3,1,6 7,0,0,0,0,0,1,1,0,0,0,0,0,0,NA,4,2,NA,1 2 3 4 5 7 8 9,1,1,1,1,1,0,1,1,1,0,0,0,0,NA,4,4,4,3,4,4,4,4,3,4,5,5,5,5,5,5,1,2,1,2 5,0,1,0,0,1,0,0,0,NA,4,4,1,4,2,4,4,5,1,5,2,2,NA,4,4,4,1,4,1 2,1,1,0,0,0,NA,3,NA,1,1,0,0,1,1,1,1,1,1,0,NA,3,1,1,1,1,1,1,3,3,3,3,3,3,3,3,3,3,3,5 11,0,0,0,0,1,0,0,0,0,0,1,3,1,1,1,1,4,1,3,3,1,5,1,4,1,4,4,1,4,4,4,4,4,1 2 4,1,1,0,1,0,0,0,NA,1,2,2,3,1,2,1,2,1,No,3 4,0,0,1,1,0,0,0,0,0,NA,37,NA,12350,"Poor infrastructure is the main challenge, mainly there is lack of books",uuid:353e14ad-5573-4a07-bdfb-4c390b3bdaef,2512030649,uuid:353e14ad-5573-4a07-bdfb-4c390b3bdaef,NA,NA,NA,NA,NA,NA,NA,NA,NA,NA
1309032,S0709020042,SWEPR,Kefa,gesha,tiraro selam,Urban,"12/8/2025, 9:00:36 PM","12/8/2025, 9:26:16 AM","12/8/2025, 2:39:33 PM",12/8/2025,9103e136556fc552,1,T29403,NA,female,2 5,0,1,0,0,1,0,0,0,0,1,1,0,0,0,NA,4,NA,3,NA,1,NA,2005,2007,2,0,NA,NA,1,1,0,0,0,0,0,0,NA,1,NA,6,0,0,0,0,0,1,0,NA,1,1 3,1,0,1,0,0,0,NA,1 2 4 5,1,1,0,1,1,0,0,0,0,0,NA,1 4,1,0,0,1,0,0,0,0,0,0,NA,2 4,0,1,0,1,0,0,0,0,0,0,NA,4,4,4,2,4,1,4,1,7 8,0,0,0,0,0,0,1,1,0,0,0,0,0,NA,4,2,NA,1 2 3 4 7 8 9 10 11,1,1,1,1,0,0,1,1,1,1,1,0,0,NA,4,4,4,4,4,4,4,4,2,4,5,5,5,5,5,5,1,1,1,2 5,0,1,0,0,1,0,0,0,NA,4,4,1,4,4,3,5,5,1,5,2,3,NA,4,4,4,1,4,1 2 97,1,1,0,0,1,Discuss with parents,2,NA,0,0,0,1,1,0,1,1,1,0,0,NA,4,1,1,1,1,1,1,1,1,2,2,2,2,2,1,2,3,3,4 5,0,0,0,1,1,0,0,0,0,0,0,4,1,3,4,4,4,1,2,1,2,5,4,4,1,4,4,1,4,4,4,4,4,1 2 3 4 5,1,1,1,1,1,0,0,NA,1,2,1,3,1,1,2,3,1,"Poor infrastructure (there is no electricity,  drinking water facilities, and rood access)",3 6,0,0,1,0,0,1,0,0,0,NA,30,NA,11002,Our salary is not given on time and because of lack of road accessibility everything is expensive,uuid:d9b017b5-1072-4f3d-a600-60a1b6ff5280,2512030649,uuid:d9b017b5-1072-4f3d-a600-60a1b6ff5280,NA,NA,NA,NA,NA,NA,NA,NA,NA,NA
1309027,S0709021692,SWEPR,Kefa,gesha,shakicha,Rural,"12/9/2025, 8:03:14 PM","12/9/2025, 11:51:50 AM","12/9/2025, 7:53:07 PM",12/9/2025,7b083c6dbffcaebb,1,T29302,NA,female,1 2 3,1,1,1,0,0,0,0,0,0,1,1,0,0,0,NA,2,NA,2,NA,0,NA,2014,2014,1,0,NA,NA,1 98,1,0,0,0,0,0,1,NA,1,NA,6,0,0,0,0,0,1,0,NA,1,1,1,0,0,0,0,0,NA,4,0,0,0,1,0,0,0,0,0,0,NA,4 5,0,0,0,1,1,0,0,0,0,0,NA,4 6,0,0,0,1,0,1,0,0,0,0,NA,4,4,3,3,3,3,3,2,6 7 8 9,0,0,0,0,0,1,1,1,1,0,0,0,0,NA,4,5,NA,1 2 3 4 5 6 7 8 9 10 11,1,1,1,1,1,1,1,1,1,1,1,0,0,NA,4,4,4,4,4,4,4,3,4,4,5,5,4,5,5,5,4,2,1,4 5,0,0,0,1,1,0,0,0,NA,3,3,2,3,3,3,4,4,4,4,2,3,NA,4,4,4,1,4,2,0,1,0,0,0,NA,1,NA,0,0,0,1,0,0,0,0,0,0,0,NA,1,1,1,1,4,1,1,3,3,3,3,3,3,3,3,3,3,3,6 9,0,0,0,0,0,1,0,0,1,0,0,4,3,4,3,4,4,1,3,3,4,10,3,3,4,4,3,3,2,4,4,4,4,1 2 3 4,1,1,1,1,0,0,0,NA,0,NA,NA,NA,NA,NA,NA,NA,NA,NA,3 7,0,0,1,0,0,0,1,0,0,NA,25,NA,10001,Lack of infrastructure,uuid:d459dd4a-6ef2-4cef-836d-bd92593c7da2,2512040829,uuid:d459dd4a-6ef2-4cef-836d-bd92593c7da2,NA,NA,NA,NA,NA,NA,NA,NA,NA,NA
1309027,S0709021692,SWEPR,Kefa,gesha,shakicha,Rural,"12/9/2025, 9:00:59 PM","12/9/2025, 5:56:01 AM","12/9/2025, 3:01:28 PM",12/9/2025,9103e136556fc552,1,T29301,NA,male,5 6,0,0,0,0,1,1,0,0,0,1 97,1,0,0,1,Visual art,3,NA,3,NA,0,NA,2011,2013,2,1,2,3,1,1,0,0,0,0,0,0,NA,1,NA,6,0,0,0,0,0,1,0,NA,1,1 3,1,0,1,0,0,0,NA,1 4 5 8,1,0,0,1,1,0,0,1,0,0,NA,4 5,0,0,0,1,1,0,0,0,0,0,NA,4 5,0,0,0,1,1,0,0,0,0,0,NA,4,4,3,1,4,2,4,2,6 9,0,0,0,0,0,1,0,0,1,0,0,0,0,NA,4,2,NA,1 2 3 4 7 8 9,1,1,1,1,0,0,1,1,1,0,0,0,0,NA,4,4,4,4,4,4,4,3,4,4,5,5,5,5,5,5,1,1,1,2 5,0,1,0,0,1,0,0,0,NA,4,4,1,4,2,3,4,4,1,5,2,3,NA,4,4,4,4,4,1 2 97,1,1,0,0,1,Discuss with parents,1,NA,0,0,0,1,0,1,0,1,1,0,0,NA,1,1,1,1,4,1,1,1,2,2,3,3,2,3,1,3,3,3,1 2,1,1,0,0,0,0,0,0,0,0,0,3,1,3,3,1,4,1,2,3,2,8,3,1,4,4,4,4,4,4,4,4,4,2 4,0,1,0,1,0,0,0,NA,0,NA,NA,NA,NA,NA,NA,NA,NA,NA,3 4,0,0,1,1,0,0,0,0,0,NA,29,NA,10600,"Poor infrastructure ( no road access,  no enough school buildings and access to drinking water )",uuid:431e70f0-3f50-4e39-88a9-72ac3a7f1517,2512030649,uuid:431e70f0-3f50-4e39-88a9-72ac3a7f1517,NA,NA,NA,NA,NA,NA,NA,NA,NA,NA
1309027,S0709021692,SWEPR,Kefa,gesha,shakicha,Rural,"12/9/2025, 9:01:02 PM","12/9/2025, 6:39:48 AM","12/9/2025, 3:01:38 PM",12/9/2025,9103e136556fc552,1,T29303,NA,male,4 5 6,0,0,0,1,1,1,0,0,0,2,0,1,0,0,NA,3,NA,2,NA,1,NA,2014,2015,2,1,3,3,1,1,0,0,0,0,0,0,NA,1,NA,2 6,0,1,0,0,0,1,0,NA,1,3,0,0,1,0,0,0,NA,1 2 4 5,1,1,0,1,1,0,0,0,0,0,NA,4 6,0,0,0,1,0,1,0,0,0,0,NA,5 6,0,0,0,0,1,1,0,0,0,0,NA,4,4,3,2,4,1,4,3,8,0,0,0,0,0,0,0,1,0,0,0,0,0,NA,4,2,NA,1 2 3 4 7,1,1,1,1,0,0,1,0,0,0,0,0,0,NA,4,4,4,4,4,4,3,3,4,4,5,5,4,5,5,5,2,1,1,2 5,0,1,0,0,1,0,0,0,NA,4,4,1,4,2,4,4,4,1,5,2,2,NA,1,1,2,1,4,1 2,1,1,0,0,0,NA,1,NA,0,0,0,1,0,1,0,1,1,1,0,NA,3,1,1,1,4,1,1,3,3,3,3,3,3,3,3,3,3,3,4 5,0,0,0,1,1,0,0,0,0,0,0,3,1,3,1,1,4,1,3,1,1,5,3,3,1,4,4,1,4,4,4,4,4,1 2 4,1,1,0,1,0,0,0,NA,1,2,2,3,1,1,2,2,2,No,3 4,0,0,1,1,0,0,0,0,0,NA,31,NA,9660,"We teach only grades up to 6. After they finished, they had to go to another school, which is far from here. Because of that, most students don't complete their education",uuid:092f693e-eead-4473-8547-f791f18c2c6c,2512030649,uuid:092f693e-eead-4473-8547-f791f18c2c6c,NA,NA,NA,NA,NA,NA,NA,NA,NA,NA
1309336,S0709043712,SWEPR,Kefa,gimbo,kuta,Rural,"12/15/2025, 8:11:55 PM","12/15/2025, 9:23:55 AM","12/15/2025, 7:53:17 PM",12/15/2025,7b083c6dbffcaebb,1,T29501,NA,female,1 3 5,1,0,1,0,1,0,0,0,0,1 2 97,1,1,0,1,"Natural science, sport",6,NA,3,NA,1,NA,2008,2017,2,0,NA,NA,5,0,0,0,0,1,0,0,NA,1,NA,6,0,0,0,0,0,1,0,NA,1,1 3,1,0,1,0,0,0,NA,4,0,0,0,1,0,0,0,0,0,0,NA,5 7,0,0,0,0,1,0,1,0,0,0,NA,3 4,0,0,1,1,0,0,0,0,0,0,NA,3,3,2,1,2,2,3,1,4 8,0,0,0,1,0,0,0,1,0,0,0,0,0,NA,3,3,NA,1 2 3 4 5 6 7 8 9 10 11,1,1,1,1,1,1,1,1,1,1,1,0,0,NA,4,4,4,4,4,4,4,3,3,3,5,5,5,5,4,5,4,2,1,2 5,0,1,0,0,1,0,0,0,NA,4,2,2,2,2,2,2,1,2,2,2,3,NA,4,4,4,1,4,2,0,1,0,0,0,NA,3,NA,1,1,0,0,1,0,0,1,1,0,0,NA,1,1,1,1,4,1,1,1,3,2,3,3,2,3,3,3,1,1,1 4,1,0,0,1,0,0,0,0,0,0,0,4,1,3,4,4,4,1,3,3,1,7,2,1,4,4,4,1,4,4,3,4,4,2 3 4,0,1,1,1,0,0,0,NA,1,2,2,3,1,1,1,2,1,No,6 7,0,0,0,0,0,1,1,0,0,NA,35,NA,11246,Lack of road and transport access,uuid:766e1023-a208-4e44-8713-477f9c7da9c6,2512142209,uuid:766e1023-a208-4e44-8713-477f9c7da9c6,NA,NA,NA,NA,NA,NA,NA,NA,NA,NA
1309336,S0709043712,SWEPR,Kefa,gimbo,kuta,Rural,"12/17/2025, 5:33:43 PM","12/15/2025, 3:24:24 AM","12/16/2025, 5:18:36 AM",12/15/2025,9103e136556fc552,1,T29502,NA,female,1 3 5 7,1,0,1,0,1,0,1,0,0,1 97,1,0,0,1,"Social study ,environmental science ,sports ,and career and technical education",4,NA,5,NA,1,NA,2006,2010,3,0,NA,NA,1,1,0,0,0,0,0,0,NA,1,NA,6,0,0,0,0,0,1,0,NA,1,1 3 97,1,0,1,0,0,1,Department head,1 2 4 5 6 7,1,1,0,1,1,1,1,0,0,0,NA,3 6,0,0,1,0,0,1,0,0,0,0,NA,4 8,0,0,0,1,0,0,0,1,0,0,NA,4,4,3,1,4,2,3,2,4 8,0,0,0,1,0,0,0,1,0,0,0,0,0,NA,4,2,NA,1 2 3 4 5 6 7 8 9 10 11,1,1,1,1,1,1,1,1,1,1,1,0,0,NA,4,4,4,4,4,4,4,3,4,4,5,5,5,5,5,5,1,1,1,5,0,0,0,0,1,0,0,0,NA,4,3,2,4,2,3,3,4,1,5,2,97,By the will of the students,4,4,4,1,4,2,0,1,0,0,0,NA,3,NA,1,1,1,1,1,1,0,1,1,0,0,NA,4,4,1,1,4,1,1,3,3,2,2,2,2,3,3,3,3,2,2 5,0,1,0,0,1,0,0,0,0,0,0,4,1,4,4,1,4,1,3,3,2,10,3,3,4,4,4,1,4,4,4,4,4,1 2 4 97,1,1,0,1,0,0,1,To change the school,0,NA,NA,NA,NA,NA,NA,NA,NA,NA,3 8,0,0,1,0,0,0,0,1,0,NA,38,NA,11246,Lack of teachers and poor infrastructure,uuid:3c656cd4-9b9f-4aeb-a9cc-6f876acdfdd2,2512142209,uuid:3c656cd4-9b9f-4aeb-a9cc-6f876acdfdd2,NA,NA,NA,NA,NA,NA,NA,NA,NA,NA
1309336,S0709043712,SWEPR,Kefa,gimbo,kuta,Rural,"12/17/2025, 5:33:44 PM","12/15/2025, 4:17:20 AM","12/16/2025, 5:18:20 AM",12/15/2025,9103e136556fc552,1,T29503,NA,male,1 3 7,1,0,1,0,0,0,1,0,0,1,1,0,0,0,NA,4,NA,5,NA,0,NA,2005,2017,3,0,NA,NA,1 97,1,0,0,0,0,1,0,Department head,1,NA,6,0,0,0,0,0,1,0,NA,1,1 3,1,0,1,0,0,0,NA,1 2 3 4 5,1,1,1,1,1,0,0,0,0,0,NA,2 4,0,1,0,1,0,0,0,0,0,0,NA,3 4,0,0,1,1,0,0,0,0,0,0,NA,4,4,3,1,4,3,3,2,4 7 8,0,0,0,1,0,0,1,1,0,0,0,0,0,NA,4,2,NA,1 2 3 4 5 6 7 8 9 10 11,1,1,1,1,1,1,1,1,1,1,1,0,0,NA,4,4,4,4,4,4,4,3,3,4,5,5,4,5,5,5,1,1,1,5,0,0,0,0,1,0,0,0,NA,4,2,1,4,2,3,3,4,1,4,2,3,NA,3,4,1,1,4,1 2,1,1,0,0,0,NA,2,NA,1,1,0,1,1,1,1,1,1,0,0,NA,4,4,1,1,4,1,1,3,3,3,3,3,2,3,3,3,3,3,5 11,0,0,0,0,1,0,0,0,0,0,1,4,1,3,3,1,4,1,2,2,2,9,3,4,1,4,4,1,4,4,4,4,4,1 2 3 4,1,1,1,1,0,0,0,NA,1,2,2,3,1,2,1,1,1,No,4 8,0,0,0,1,0,0,0,1,0,NA,38,NA,11340,"Lack of teachers , no road access, and poor infrastructure",uuid:de69bbe7-f181-4b37-ac22-94496b355a19,2512142209,uuid:de69bbe7-f181-4b37-ac22-94496b355a19,NA,NA,NA,NA,NA,NA,NA,NA,NA,NA
1308426,S0709053612,SWEPR,Kefa,adyo,kaya,Rural,"12/17/2025, 5:35:01 PM","12/16/2025, 6:01:25 AM","12/17/2025, 11:37:25 AM",12/16/2025,9103e136556fc552,1,T28701,NA,male,4 5 6,0,0,0,1,1,1,0,0,0,97,0,0,0,1,Environmental Science and Visual Art,3,NA,3,NA,1,NA,2011,2015,2,0,NA,NA,1,1,0,0,0,0,0,0,NA,1,NA,6,0,0,0,0,0,1,0,NA,1,1 3,1,0,1,0,0,0,NA,1 3 4 5 6,1,0,1,1,1,1,0,0,0,0,NA,4 5,0,0,0,1,1,0,0,0,0,0,NA,2 4,0,1,0,1,0,0,0,0,0,0,NA,4,4,3,1,4,1,2,3,3 4 12,0,0,1,1,0,0,0,0,0,0,0,1,0,Assignment,4,2,NA,1 2 3 4 5 6 8 9 11,1,1,1,1,1,1,0,1,1,0,1,0,0,NA,3,2,3,3,3,3,4,3,3,4,5,2,3,5,5,5,1,1,1,2 5,0,1,0,0,1,0,0,0,NA,4,3,1,4,2,2,4,5,1,4,1,3,NA,3,3,2,1,4,1 2,1,1,0,0,0,NA,2,NA,1,1,0,1,0,1,1,1,1,0,1,Poor infrastructure,4,4,1,1,4,1,1,1,3,3,3,3,3,3,3,3,3,1,6 8,0,0,0,0,0,1,0,1,0,0,0,4,3,1,1,1,3,1,3,3,1,9,3,1,4,1,4,3,4,4,3,4,4,1 2 4,1,1,0,1,0,0,0,NA,0,NA,NA,NA,NA,NA,NA,NA,NA,NA,4 7,0,0,0,1,0,0,1,0,0,NA,29,NA,10511,NA,uuid:eea222c1-ecee-4be2-b1cf-cfa9588d327c,2512142209,uuid:eea222c1-ecee-4be2-b1cf-cfa9588d327c,NA,NA,NA,NA,NA,NA,NA,NA,NA,NA
1308426,S0709053612,SWEPR,Kefa,adyo,kaya,Rural,"12/17/2025, 5:35:01 PM","12/16/2025, 6:32:53 AM","12/17/2025, 11:37:14 AM",12/16/2025,9103e136556fc552,1,T28702,NA,female,1 2 3,1,1,1,0,0,0,0,0,0,3,0,0,1,0,NA,1,NA,3,NA,1,NA,2015,2015,1,0,NA,NA,1,1,0,0,0,0,0,0,NA,1,NA,6,0,0,0,0,0,1,0,NA,1,1 3,1,0,1,0,0,0,NA,1 3 4 5 6 7,1,0,1,1,1,1,1,0,0,0,NA,2 4,0,1,0,1,0,0,0,0,0,0,NA,4 5,0,0,0,1,1,0,0,0,0,0,NA,4,4,3,1,4,1,3,2,7,0,0,0,0,0,0,1,0,0,0,0,0,0,NA,4,2,NA,1 2 3 4 5 6 7 8 9 10 11,1,1,1,1,1,1,1,1,1,1,1,0,0,NA,4,4,4,4,4,4,4,3,2,4,5,5,3,5,5,5,1,1,1,5,0,0,0,0,1,0,0,0,NA,4,2,1,3,1,2,3,4,1,3,1,3,NA,4,4,4,1,4,1 2,1,1,0,0,0,NA,5,NA,1,1,0,1,1,1,1,1,1,0,1,No books,4,4,1,1,4,1,1,3,3,3,3,3,3,3,3,3,3,3,5 11,0,0,0,0,1,0,0,0,0,0,1,4,1,3,3,1,4,1,3,1,2,7,1,1,4,3,4,1,4,4,3,4,4,1 2 4,1,1,0,1,0,0,0,NA,0,NA,NA,NA,NA,NA,NA,NA,NA,NA,4 8,0,0,0,1,0,0,0,1,0,NA,25,NA,9707,"Poor infrastructure, there is no space to build schools , no road access, lack of teachers",uuid:238331d5-f440-446a-9476-a253b37d6b19,2512142209,uuid:238331d5-f440-446a-9476-a253b37d6b19,NA,NA,NA,NA,NA,NA,NA,NA,NA,NA
1308426,S0709053612,SWEPR,Kefa,adyo,kaya,Rural,"12/17/2025, 5:35:02 PM","12/16/2025, 7:02:06 AM","12/17/2025, 11:37:05 AM",12/16/2025,9103e136556fc552,1,T28703,NA,male,4 5 6,0,0,0,1,1,1,0,0,0,1,1,0,0,0,NA,2,NA,3,NA,1,NA,2014,2014,1,0,NA,NA,1,1,0,0,0,0,0,0,NA,1,NA,6 97,0,0,0,0,0,1,1,The clever student will teach them,1,1 3,1,0,1,0,0,0,NA,1 2 3 4 5 7,1,1,1,1,1,0,1,0,0,0,NA,4 5,0,0,0,1,1,0,0,0,0,0,NA,4 6,0,0,0,1,0,1,0,0,0,0,NA,4,4,2,1,4,1,3,1,4 8 9,0,0,0,1,0,0,0,1,1,0,0,0,0,NA,4,2,NA,1 2 3 4 5 6 7 8 9 10 11,1,1,1,1,1,1,1,1,1,1,1,0,0,NA,3,4,3,4,4,4,4,3,3,4,5,5,5,5,5,5,1,1,1,2 5,0,1,0,0,1,0,0,0,NA,4,2,1,3,2,2,4,4,1,3,2,3,NA,4,4,4,1,4,1 2,1,1,0,0,0,NA,3,NA,1,1,0,1,0,1,1,1,1,0,1,No book and poor infrastructure,3,3,1,1,4,1,1,3,3,3,3,3,3,3,1,3,3,1,4 6,0,0,0,1,0,1,0,0,0,0,0,4,1,1,1,1,4,3,3,3,1,8,3,1,4,4,4,2,4,4,2,4,4,1 2 4,1,1,0,1,0,0,0,NA,1,2,2,3,1,2,1,1,1,No,2 3,0,1,1,0,0,0,0,0,0,NA,26,NA,10001,"Lack of teachers, very poor scholl material, and very poor infrastructure",uuid:bf6190c0-084a-479b-9b84-4cfe800aceac,2512142209,uuid:bf6190c0-084a-479b-9b84-4cfe800aceac,NA,NA,NA,NA,NA,NA,NA,NA,NA,NA
1309585,S0709062042,SWEPR,Kefa,tello,hala no 2,Rural,"12/12/2025, 8:21:55 PM","12/12/2025, 3:47:12 AM","12/12/2025, 2:19:46 PM",12/12/2025,9103e136556fc552,1,T29801,NA,male,3 4 5 6,0,0,1,1,1,1,0,0,0,97,0,0,0,1,Science and Visual Art,4,NA,3,NA,1,NA,2006,2014,4,0,NA,NA,1 97,1,0,0,0,0,1,0,Department head,1,NA,6,0,0,0,0,0,1,0,NA,1,3,0,0,1,0,0,0,NA,1 2 4,1,1,0,1,0,0,0,0,0,0,NA,2 4,0,1,0,1,0,0,0,0,0,0,NA,3 4,0,0,1,1,0,0,0,0,0,0,NA,4,4,3,1,4,3,3,2,2 5 8,0,1,0,0,1,0,0,1,0,0,0,0,0,NA,4,3,NA,1 2 3 4 5 6 7 8 9 10 11,1,1,1,1,1,1,1,1,1,1,1,0,0,NA,4,4,4,4,4,4,4,4,4,4,5,5,5,5,5,5,2,1,1,2 5,0,1,0,0,1,0,0,0,NA,4,3,1,4,2,2,4,4,1,4,2,3,NA,4,4,4,1,4,1 2 97,1,1,0,0,1,We will discuss with the student to identify the root causes,3,NA,0,1,0,0,0,1,0,1,1,0,0,NA,3,4,1,1,4,1,1,1,1,3,2,2,2,3,1,3,3,3,2 3,0,1,1,0,0,0,0,0,0,0,0,4,1,4,4,1,4,1,2,2,2,10,4,2,4,4,4,1,4,4,4,4,4,1 2 4,1,1,0,1,0,0,0,NA,1,2,2,3,1,3,1,3,1,Opportunity to upgrade my career,1 4,1,0,0,1,0,0,0,0,0,NA,35,NA,12233,"Poor infrastructure ( no house for  teachers)and  no support from woreda officials , no transformation to other schools",uuid:dc42518f-1df5-4263-bf81-b318528cf77f,2512111014,uuid:dc42518f-1df5-4263-bf81-b318528cf77f,NA,NA,NA,NA,NA,NA,NA,NA,NA,NA
1309585,S0709062042,SWEPR,Kefa,tello,hala no 2,Rural,"12/12/2025, 8:21:55 PM","12/12/2025, 4:34:12 AM","12/12/2025, 2:24:36 PM",12/12/2025,9103e136556fc552,1,T29803,NA,female,2 3 4 6,0,1,1,1,0,1,0,0,0,1 97,1,0,0,1,"Visual Art, Sport ,Moral",3,NA,3,NA,1,NA,2014,2015,2,0,NA,NA,1,1,0,0,0,0,0,0,NA,1,NA,2 6,0,1,0,0,0,1,0,NA,1,1 3,1,0,1,0,0,0,NA,1 2 4 5 6,1,1,0,1,1,1,0,0,0,0,NA,4 5,0,0,0,1,1,0,0,0,0,0,NA,3 4,0,0,1,1,0,0,0,0,0,0,NA,4,4,3,1,4,1,3,2,4 8 9,0,0,0,1,0,0,0,1,1,0,0,0,0,NA,4,3,NA,1 2 3 4 5 6 7 8 9 10,1,1,1,1,1,1,1,1,1,1,0,0,0,NA,4,4,4,4,4,4,4,3,4,4,5,5,4,5,5,5,1,1,1,5,0,0,0,0,1,0,0,0,NA,4,2,1,4,2,2,2,4,1,3,1,3,NA,4,4,4,1,4,1 2,1,1,0,0,0,NA,3,NA,1,1,0,0,1,1,0,1,1,0,0,NA,1,1,1,1,4,1,1,3,3,3,1,1,1,3,1,3,3,1,5 6,0,0,0,0,1,1,0,0,0,0,0,4,1,1,1,1,4,1,1,1,1,8,1,3,4,4,4,1,4,4,3,4,4,1 2 4 97,1,1,0,1,0,0,1,To change the school,1,2,3,3,1,3,2,2,1,Lack of support from Woreda administration,3 6,0,0,1,0,0,1,0,0,0,NA,26,NA,9913,Lack of teachers and poor infrastructure,uuid:9c314dc4-1fb8-4a78-96d0-1344e93f5b14,2512111014,uuid:9c314dc4-1fb8-4a78-96d0-1344e93f5b14,NA,NA,NA,NA,NA,NA,NA,NA,NA,NA
1309585,S0709062042,SWEPR,Kefa,tello,hala no 2,Rural,"12/12/2025, 8:46:08 PM","12/12/2025, 9:40:14 AM","12/12/2025, 8:27:28 PM",12/12/2025,7b083c6dbffcaebb,1,T29802,NA,male,1 2 5,1,1,0,0,1,0,0,0,0,1 97,1,0,0,1,"Visual art, sport, civics",4,NA,3,NA,0,NA,2007,2009,3,0,NA,NA,1,1,0,0,0,0,0,0,NA,1,NA,6,0,0,0,0,0,1,0,NA,1,3,0,0,1,0,0,0,NA,1,1,0,0,0,0,0,0,0,0,0,NA,5 7,0,0,0,0,1,0,1,0,0,0,NA,4 5,0,0,0,1,1,0,0,0,0,0,NA,3,3,3,1,2,1,2,1,4 5 8,0,0,0,1,1,0,0,1,0,0,0,0,0,NA,3,3,NA,1 2 3 4 5 6 7 8 9 10 11,1,1,1,1,1,1,1,1,1,1,1,0,0,NA,4,4,3,4,4,4,4,3,4,3,5,5,4,5,5,5,2,2,1,2 5,0,1,0,0,1,0,0,0,NA,2,4,2,4,4,2,2,5,2,3,2,3,NA,4,4,4,3,4,2 4,0,1,0,1,0,NA,1,NA,0,0,0,1,1,0,0,1,1,0,0,NA,4,4,1,1,4,3,4,3,3,1,3,3,3,3,3,1,1,1,7 8,0,0,0,0,0,0,1,1,0,0,0,4,4,1,3,4,3,1,3,3,1,5,3,4,4,4,3,3,3,2,2,4,3,1 2 4,1,1,0,1,0,0,0,NA,1,2,2,2,2,2,1,2,1,No,5 7,0,0,0,0,1,0,1,0,0,NA,35,NA,11400,NA,uuid:0dc96121-4dfe-4300-a825-045e040b0732,2512111014,uuid:0dc96121-4dfe-4300-a825-045e040b0732,NA,NA,NA,NA,NA,NA,NA,NA,NA,NA
1308978,S0709080972,SWEPR,Kefa,decha,ufa,Rural,"12/11/2025, 8:32:41 PM","12/11/2025, 10:20:54 AM","12/11/2025, 8:30:16 PM",12/11/2025,7b083c6dbffcaebb,1,T29101,NA,male,7 8,0,0,0,0,0,0,1,1,0,2 97,0,1,0,1,General science,5,NA,3,NA,1,NA,2008,2008,2,0,NA,NA,5,0,0,0,0,1,0,0,NA,1,NA,6,0,0,0,0,0,1,0,NA,1,3,0,0,1,0,0,0,NA,1 9,1,0,0,0,0,0,0,0,1,0,NA,2 4,0,1,0,1,0,0,0,0,0,0,NA,3 6,0,0,1,0,0,1,0,0,0,0,NA,3,3,4,3,3,3,3,4,7 8,0,0,0,0,0,0,1,1,0,0,0,0,0,NA,4,4,NA,1 2 3 4 5 6 7 8 9 10 11,1,1,1,1,1,1,1,1,1,1,1,0,0,NA,4,4,4,4,4,4,4,3,4,4,5,5,5,5,5,5,2,2,1,2 4 5,0,1,0,1,1,0,0,0,NA,4,4,1,2,4,4,2,2,5,5,2,3,NA,4,4,4,1,4,1 2,1,1,0,0,0,NA,1,NA,0,0,0,1,0,0,0,1,1,0,0,NA,3,3,1,1,4,1,1,3,3,3,3,3,3,3,3,3,3,3,5 11,0,0,0,0,1,0,0,0,0,0,1,1,1,1,1,1,4,4,3,3,2,5,3,3,4,4,4,3,4,4,4,4,4,1 2 3 4,1,1,1,1,0,0,0,NA,1,3,3,3,1,2,3,3,2,No,5 7,0,0,0,0,1,0,1,0,0,NA,30,NA,11243,Lack of training,uuid:4fc66d91-6c3c-4101-856c-83570b447e8f,2512040829,uuid:4fc66d91-6c3c-4101-856c-83570b447e8f,NA,NA,NA,NA,NA,NA,NA,NA,NA,NA
1308978,S0709080972,SWEPR,Kefa,decha,ufa,Rural,"12/12/2025, 6:01:56 AM","12/11/2025, 4:19:31 AM","12/12/2025, 12:04:35 AM",12/11/2025,9103e136556fc552,1,T29102,NA,female,1 2 3,1,1,1,0,0,0,0,0,0,97,0,0,0,1,Visual Art,3,NA,3,NA,0,NA,2011,2013,2,1,1,3,1 97,1,0,0,0,0,1,0,Department head,1,NA,6,0,0,0,0,0,1,0,NA,1,3,0,0,1,0,0,0,NA,2 4 5 6 7,0,1,0,1,1,1,1,0,0,0,NA,2 4,0,1,0,1,0,0,0,0,0,0,NA,4 6,0,0,0,1,0,1,0,0,0,0,NA,4,4,3,1,4,1,2,1,6 7,0,0,0,0,0,1,1,0,0,0,0,0,0,NA,4,3,NA,1 2 3 4 5 6 7 8 9 10 11,1,1,1,1,1,1,1,1,1,1,1,0,0,NA,4,4,4,4,3,4,4,3,3,4,5,5,4,5,4,5,3,1,1,2 5,0,1,0,0,1,0,0,0,NA,3,3,1,4,2,4,3,4,1,4,2,2,NA,2,4,2,1,4,1 2 97,1,1,0,0,1,I will identify their case and discuss it with their parents,3,NA,0,0,0,1,1,1,0,1,1,1,0,NA,3,3,1,1,4,1,1,3,2,3,3,3,3,3,3,3,3,3,2 5,0,1,0,0,1,0,0,0,0,0,0,4,1,3,3,1,4,4,3,3,4,5,3,4,4,4,4,2,4,4,4,4,4,1 2 4,1,1,0,1,0,0,0,NA,1,3,3,3,1,3,2,2,1,No,7 8,0,0,0,0,0,0,1,1,0,NA,25,NA,10369,NA,uuid:b4fe8f50-ac34-42ae-adba-6b3333b75b05,2512030649,uuid:b4fe8f50-ac34-42ae-adba-6b3333b75b05,NA,NA,NA,NA,NA,NA,NA,NA,NA,NA
1308978,S0709080972,SWEPR,Kefa,decha,ufa,Rural,"12/12/2025, 6:01:57 AM","12/11/2025, 5:08:29 AM","12/12/2025, 12:04:40 AM",12/11/2025,9103e136556fc552,1,T29103,NA,male,5 6 7 8,0,0,0,0,1,1,1,1,0,97,0,0,0,1,Performing and Visual Art,3,NA,5,NA,0,NA,2008,2012,3,0,NA,NA,5,0,0,0,0,1,0,0,NA,1,NA,2 6 97,0,1,0,0,0,1,1,They will be in the library,1,1 3 4 97,1,0,1,1,0,1,Unit leader,1 3 4 5 6,1,0,1,1,1,1,0,0,0,0,NA,6 8,0,0,0,0,0,1,0,1,0,0,NA,4 6,0,0,0,1,0,1,0,0,0,0,NA,4,4,3,1,4,1,3,1,8 9 11,0,0,0,0,0,0,0,1,1,0,1,0,0,NA,4,2,NA,1 2 3 4 5 6 7 8 9 10 11,1,1,1,1,1,1,1,1,1,1,1,0,0,NA,4,4,4,4,4,4,3,2,3,4,5,5,4,5,5,4,2,1,1,2 4 5,0,1,0,1,1,0,0,0,NA,4,4,2,3,1,3,3,5,1,5,2,3,NA,4,4,4,1,4,2 97,0,1,0,0,1,Discuss with their families,2,NA,1,1,0,1,1,0,1,1,1,0,0,NA,4,4,1,1,4,1,1,3,1,2,3,3,2,2,3,2,3,3,3 4,0,0,1,1,0,0,0,0,0,0,0,4,1,4,4,4,4,4,3,3,2,10,1,4,4,4,4,4,4,4,3,4,4,1 2 3 4,1,1,1,1,0,0,0,NA,1,2,2,3,1,2,1,1,1,No,1 7,1,0,0,0,0,0,1,0,0,NA,30,NA,10469,Lack of materials is the main challenge,uuid:55acc05f-763a-41d2-8717-6db625d356eb,2512030649,uuid:55acc05f-763a-41d2-8717-6db625d356eb,NA,NA,NA,NA,NA,NA,NA,NA,NA,NA
1308782,S0709090012,SWEPR,Kefa,chena,wota,Rural,"12/5/2025, 8:07:49 PM","12/5/2025, 6:07:00 AM","12/5/2025, 2:07:30 PM",12/5/2025,9103e136556fc552,1,T29901,NA,male,5 6 7 8,0,0,0,0,1,1,1,1,0,97,0,0,0,1,"Sport science, CTA and ICT",3,NA,3,NA,1,NA,2007,2011,2,0,NA,NA,2 97,0,1,0,0,0,1,0,Unit leader,1,NA,6,0,0,0,0,0,1,0,NA,1,3,0,0,1,0,0,0,NA,2 4 5 97,0,1,0,1,1,0,0,0,0,1,I want to build football playing places,3 4,0,0,1,1,0,0,0,0,0,0,NA,4 5,0,0,0,1,1,0,0,0,0,0,NA,3,4,3,3,2,1,1,2,7 8 11,0,0,0,0,0,0,1,1,0,0,1,0,0,NA,4,2,NA,1 3 4 6 8,1,0,1,1,0,1,0,1,0,0,0,0,0,NA,4,4,4,3,4,4,4,4,3,4,5,5,4,5,4,5,3,2,1,4 5,0,0,0,1,1,0,0,0,NA,3,3,2,4,3,4,5,4,1,5,3,97,The students will choose,4,4,4,1,4,1 2 97,1,1,0,0,1,Individual consultation,1,NA,0,0,0,1,0,0,0,1,0,0,0,NA,1,1,1,1,3,1,1,3,2,1,3,3,2,3,3,3,3,3,5 6,0,0,0,0,1,1,0,0,0,0,0,4,1,3,1,3,4,1,3,1,1,8,1,3,4,3,4,4,4,4,3,4,4,4,0,0,0,1,0,0,0,NA,1,3,3,3,1,3,2,3,3,Nothing,4,0,0,0,1,0,0,0,0,0,NA,27,NA,10423,The salary is not worthy,uuid:19f1a8c0-2481-409d-bd59-763cb150881f,2512030649,uuid:19f1a8c0-2481-409d-bd59-763cb150881f,NA,NA,NA,NA,NA,NA,NA,NA,NA,NA
1308782,S0709090012,SWEPR,Kefa,chena,wota,Rural,"12/5/2025, 8:07:50 PM","12/5/2025, 6:48:07 AM","12/5/2025, 2:07:41 PM",12/5/2025,9103e136556fc552,1,T29903,NA,female,1 2 3 4,1,1,1,1,0,0,0,0,0,3,0,0,1,0,NA,1,NA,2,NA,1,NA,2012,2012,1,0,NA,NA,1 2,1,1,0,0,0,0,0,NA,1,NA,6,0,0,0,0,0,1,0,NA,1,1 3,1,0,1,0,0,0,NA,1 2 6,1,1,0,0,0,1,0,0,0,0,NA,4 6,0,0,0,1,0,1,0,0,0,0,NA,4 5,0,0,0,1,1,0,0,0,0,0,NA,4,4,4,3,2,1,4,1,8 11,0,0,0,0,0,0,0,1,0,0,1,0,0,NA,4,2,NA,2 4 5 7 8 9,0,1,0,1,1,0,1,1,1,0,0,0,0,NA,4,4,3,3,3,4,4,3,3,3,4,4,4,5,4,4,3,2,1,1 5,1,0,0,0,1,0,0,0,NA,4,3,2,4,3,3,2,3,1,4,2,3,NA,4,4,4,2,4,1 2,1,1,0,0,0,NA,1,NA,1,1,0,1,1,1,1,1,1,1,0,NA,3,3,1,1,4,1,1,3,2,2,2,2,2,2,2,3,3,3,4 6,0,0,0,1,0,1,0,0,0,0,0,4,1,4,3,1,4,1,1,1,2,6,1,1,4,4,4,4,4,4,3,3,4,2,0,1,0,0,0,0,0,NA,0,NA,NA,NA,NA,NA,NA,NA,NA,NA,3,0,0,1,0,0,0,0,0,0,NA,23,NA,10184,There is a lot of luck to educational facilities because of that it's hard to accomplish our goals,uuid:06b14b66-4713-439b-b333-13786f67a1ab,2512030649,uuid:06b14b66-4713-439b-b333-13786f67a1ab,NA,NA,NA,NA,NA,NA,NA,NA,NA,NA
1308782,S0709090012,SWEPR,Kefa,chena,wota,Rural,"12/5/2025, 8:22:59 PM","12/5/2025, 12:16:12 PM","12/5/2025, 8:20:12 PM",12/5/2025,7b083c6dbffcaebb,1,T29002,NA,male,7 8,0,0,0,0,0,0,1,1,0,2 97,0,1,0,1,General science,3,NA,3,NA,0,NA,2013,2013,1,0,NA,NA,2 3,0,1,1,0,0,0,0,NA,1,NA,2,0,1,0,0,0,0,0,NA,1,1 3,1,0,1,0,0,0,NA,4 9,0,0,0,1,0,0,0,0,1,0,NA,5 8,0,0,0,0,1,0,0,1,0,0,NA,3 4,0,0,1,1,0,0,0,0,0,0,NA,3,3,3,2,4,1,2,1,2 5,0,1,0,0,1,0,0,0,0,0,0,0,0,NA,1,2,NA,1 2 3 4 5 7 8 9 10 11,1,1,1,1,1,0,1,1,1,1,1,0,0,NA,3,3,3,2,3,3,4,1,4,3,4,4,3,4,5,4,2,2,1,2 5,0,1,0,0,1,0,0,0,NA,2,2,2,2,2,4,2,2,5,5,1,3,NA,4,4,4,1,3,2,0,1,0,0,0,NA,4,NA,0,0,0,1,1,1,1,1,1,1,0,NA,1,1,1,2,3,1,3,3,3,3,3,3,3,3,1,3,3,3,5 10,0,0,0,0,1,0,0,0,0,1,0,3,1,1,3,1,4,1,1,1,2,5,3,3,4,3,4,1,4,4,2,4,4,2 4,0,1,0,1,0,0,0,NA,1,3,3,3,1,1,1,1,1,None,3 4,0,0,1,1,0,0,0,0,0,NA,25,NA,9705,"Lack of school infrastructure and resources 
 students lack interest for learning",uuid:a27e6073-e011-438d-a0da-bd6ad25b5654,2512040829,uuid:a27e6073-e011-438d-a0da-bd6ad25b5654,NA,NA,NA,NA,NA,NA,NA,NA,NA,NA
1308753,S0709090022,SWEPR,Kefa,chena,bala shasha,Rural,"12/6/2025, 9:05:22 PM","12/6/2025, 6:13:55 AM","12/6/2025, 3:07:12 PM",12/6/2025,9103e136556fc552,1,T28901,NA,female,1 2 3 4,1,1,1,1,0,0,0,0,0,97,0,0,0,1,MES (Maths and environmental sciences ),3,NA,3,NA,1,NA,2006,2006,1,0,NA,NA,97,0,0,0,0,0,1,0,Department head,1,NA,6,0,0,0,0,0,1,0,NA,1,2 3,0,1,1,0,0,0,NA,1 2 4 5 6,1,1,0,1,1,1,0,0,0,0,NA,4 5,0,0,0,1,1,0,0,0,0,0,NA,4 5,0,0,0,1,1,0,0,0,0,0,NA,3,4,3,3,4,1,3,1,2 6 7 9,0,1,0,0,0,1,1,0,1,0,0,0,0,NA,4,2,NA,1 2 3 4 5 6 7 8 9 10 11,1,1,1,1,1,1,1,1,1,1,1,0,0,NA,4,4,4,3,4,4,4,3,4,4,5,5,4,5,5,5,3,1,1,5,0,0,0,0,1,0,0,0,NA,4,4,2,4,2,2,5,5,1,5,2,3,NA,4,4,4,1,4,1 2,1,1,0,0,0,NA,2,NA,1,1,0,1,1,1,1,1,1,1,1,Infrastructure,4,4,1,1,4,1,1,3,1,3,2,2,2,2,2,2,3,2,6 11,0,0,0,0,0,1,0,0,0,0,1,4,3,3,3,1,3,1,2,1,1,9,4,3,4,4,4,3,4,4,4,4,4,1 2 4,1,1,0,1,0,0,0,NA,1,3,3,3,1,3,2,2,1,Shortage of advanced educational opportunities,4 8,0,0,0,1,0,0,0,1,0,NA,24,NA,11246,"There is no toilet access here because of this, it's difficult to teach little kids",uuid:4bd957a6-3172-44c3-9562-564440ae0a16,2512030649,uuid:4bd957a6-3172-44c3-9562-564440ae0a16,NA,NA,NA,NA,NA,NA,NA,NA,NA,NA
1308753,S0709090022,SWEPR,Kefa,chena,bala shasha,Rural,"12/6/2025, 9:05:23 PM","12/6/2025, 6:56:16 AM","12/6/2025, 3:07:21 PM",12/6/2025,9103e136556fc552,1,T28903,NA,male,5 6,0,0,0,0,1,1,0,0,0,1 97,1,0,0,1,Visual art,3,NA,3,NA,1,NA,2006,2015,2,0,NA,NA,2 97,0,1,0,0,0,1,0,Department leader,1,NA,6,0,0,0,0,0,1,0,NA,1,1 3,1,0,1,0,0,0,NA,3 4 5,0,0,1,1,1,0,0,0,0,0,NA,4 6,0,0,0,1,0,1,0,0,0,0,NA,4 5,0,0,0,1,1,0,0,0,0,0,NA,3,3,2,1,1,1,3,3,8 9,0,0,0,0,0,0,0,1,1,0,0,0,0,NA,3,3,NA,1 3 4 7 10 11,1,0,1,1,0,0,1,0,0,1,1,0,0,NA,4,4,4,3,4,4,4,2,3,4,4,5,1,5,5,5,2,1,1,2 5,0,1,0,0,1,0,0,0,NA,3,3,2,4,3,1,3,5,1,4,2,1,NA,4,4,4,1,4,1 2,1,1,0,0,0,NA,4,NA,1,1,0,1,0,1,1,1,1,0,0,NA,4,4,1,1,4,1,1,1,1,3,1,1,2,2,3,3,3,3,4 8,0,0,0,1,0,0,0,1,0,0,0,4,1,3,3,1,4,1,3,3,2,5,1,3,4,4,3,2,4,4,2,4,4,1 2 4 5,1,1,0,1,1,0,0,NA,1,2,2,3,1,2,2,3,1,No sponsorship to upgrade our educational degree and challenges related infrastructure,4 6,0,0,0,1,0,1,0,0,0,NA,27,NA,11246,NA,uuid:bc64a7e3-9c14-487f-9713-37ac0d501f66,2512030649,uuid:bc64a7e3-9c14-487f-9713-37ac0d501f66,NA,NA,NA,NA,NA,NA,NA,NA,NA,NA
1308753,S0709090022,SWEPR,Kefa,chena,bala shasha,Rural,"12/6/2025, 9:28:38 PM","12/6/2025, 12:11:36 PM","12/6/2025, 9:16:12 PM",12/6/2025,7b083c6dbffcaebb,1,T28902,NA,male,5 6 7 8,0,0,0,0,1,1,1,1,0,97,0,0,0,1,Citizen,6,NA,5,NA,1,NA,2010,2010,1,1,1,3,1 5,1,0,0,0,1,0,0,NA,1,NA,6,0,0,0,0,0,1,0,NA,1,3,0,0,1,0,0,0,NA,4,0,0,0,1,0,0,0,0,0,0,NA,5 7,0,0,0,0,1,0,1,0,0,0,NA,1 4,1,0,0,1,0,0,0,0,0,0,NA,3,4,4,4,3,2,3,1,4 5 9,0,0,0,1,1,0,0,0,1,0,0,0,0,NA,1,3,NA,1 2 3 4 5 6 8 9 10 11,1,1,1,1,1,1,0,1,1,1,1,0,0,NA,4,4,4,3,4,4,4,3,3,4,5,5,5,4,5,5,2,2,1,1 2 5,1,1,0,0,1,0,0,0,NA,3,3,2,2,4,3,2,2,1,4,2,3,NA,4,4,4,1,3,2,0,1,0,0,0,NA,3,NA,1,1,1,1,1,1,1,1,1,1,0,NA,4,4,1,1,4,1,1,3,2,1,3,3,2,3,1,3,3,1,5 11,0,0,0,0,1,0,0,0,0,0,1,4,1,1,3,1,4,1,3,1,4,5,4,4,4,4,3,4,4,4,4,4,4,2 4,0,1,0,1,0,0,0,NA,0,NA,NA,NA,NA,NA,NA,NA,NA,NA,4 6,0,0,0,1,0,1,0,0,0,NA,30,NA,11300,"Lack of school materials 
School distance from my parents home
Community lack attention for learning",uuid:3984816a-1249-4a50-b12f-1ceee559c3cb,2512040829,uuid:3984816a-1249-4a50-b12f-1ceee559c3cb,NA,NA,NA,NA,NA,NA,NA,NA,NA,NA
1308671,S0709110282,SWEPR,Kefa,bonga town ad.,sheta qeja,Urban,"12/4/2025, 5:21:32 PM","12/4/2025, 12:13:24 PM","12/4/2025, 4:58:38 PM",12/4/2025,7b083c6dbffcaebb,1,T28803,NA,male,7 8,0,0,0,0,0,0,1,1,0,97,0,0,0,1,General science,7,NA,5,NA,1,NA,1998,2007,3,0,NA,NA,1 5,1,0,0,0,1,0,0,NA,1,NA,2 6,0,1,0,0,0,1,0,NA,1,1 3,1,0,1,0,0,0,NA,4,0,0,0,1,0,0,0,0,0,0,NA,4 5,0,0,0,1,1,0,0,0,0,0,NA,3 5,0,0,1,0,1,0,0,0,0,0,NA,3,3,3,1,1,1,1,1,2 4 7,0,1,0,1,0,0,1,0,0,0,0,0,0,NA,1,2,NA,1 2 3 5 7 8 9 10 11,1,1,1,0,1,0,1,1,1,1,1,0,0,NA,4,4,4,3,3,3,4,4,4,4,5,4,4,5,5,5,2,2,1,2 4,0,1,0,1,0,0,0,0,NA,3,2,1,2,2,2,2,2,2,2,1,2,NA,4,4,4,1,4,2 4,0,1,0,1,0,NA,3,NA,0,0,0,1,0,0,0,1,1,0,0,NA,1,1,1,1,4,1,1,1,3,3,3,3,2,3,3,3,1,1,1 9,1,0,0,0,0,0,0,0,1,0,0,4,1,1,1,1,1,1,3,3,4,5,4,3,4,4,4,1,4,4,2,4,4,2 4,0,1,0,1,0,0,0,NA,1,3,3,3,1,3,3,3,2,There is no other barriers,4 7,0,0,0,1,0,0,1,0,0,NA,38,NA,15432,Due to lack of teachers I am forced to teach other subjects out of my department,uuid:5496b466-36ce-4749-af53-860440e07876,2512030649,uuid:5496b466-36ce-4749-af53-860440e07876,NA,NA,NA,NA,NA,NA,NA,NA,NA,NA
1308671,S0709110282,SWEPR,Kefa,bonga town ad.,sheta qeja,Urban,"12/4/2025, 9:53:34 PM","12/4/2025, 5:48:47 AM","12/4/2025, 3:55:12 PM",12/4/2025,9103e136556fc552,1,T28801,NA,female,5 6 7 8,0,0,0,0,1,1,1,1,0,1,1,0,0,0,NA,6,NA,3,NA,1,NA,1996,2013,7,0,NA,NA,1 5,1,0,0,0,1,0,0,NA,1,NA,2 6,0,1,0,0,0,1,0,NA,1,3,0,0,1,0,0,0,NA,4 5 6,0,0,0,1,1,1,0,0,0,0,NA,5 6,0,0,0,0,1,1,0,0,0,0,NA,5 6,0,0,0,0,1,1,0,0,0,0,NA,3,4,3,2,4,1,3,1,3 6 9,0,0,1,0,0,1,0,0,1,0,0,0,0,NA,3,2,NA,1 2 3 4 5 6 7 8 9 10,1,1,1,1,1,1,1,1,1,1,0,0,0,NA,4,4,4,4,4,4,3,3,2,4,5,5,4,5,5,5,1,1,1,5,0,0,0,0,1,0,0,0,NA,4,4,2,4,2,1,5,4,1,5,2,5,NA,4,4,4,1,3,1 2,1,1,0,0,0,NA,2,NA,1,1,0,1,0,0,0,1,1,0,0,NA,1,1,1,1,3,1,1,3,3,2,3,3,2,2,3,3,3,3,2 5,0,1,0,0,1,0,0,0,0,0,0,4,2,4,4,3,4,2,2,2,1,8,1,3,4,2,4,1,4,4,4,4,4,1 2,1,1,0,0,0,0,0,NA,1,3,3,3,2,3,2,1,1,Nothing,4 8,0,0,0,1,0,0,0,1,0,NA,38,NA,14228,NA,uuid:034bbe05-f2bd-4e10-b2ea-e1270815627f,2512030649,uuid:034bbe05-f2bd-4e10-b2ea-e1270815627f,NA,NA,NA,NA,NA,NA,NA,NA,NA,NA
1308671,S0709110282,SWEPR,Kefa,bonga town ad.,sheta qeja,Urban,"12/4/2025, 9:53:34 PM","12/4/2025, 6:55:48 AM","12/4/2025, 3:55:01 PM",12/4/2025,9103e136556fc552,1,T28802,NA,female,1 2 3 4,1,1,1,1,0,0,0,0,0,1,1,0,0,0,NA,7,NA,5,NA,1,NA,1996,2011,4,0,NA,NA,1,1,0,0,0,0,0,0,NA,1,NA,6,0,0,0,0,0,1,0,NA,1,3,0,0,1,0,0,0,NA,1 2 4 5 6 7,1,1,0,1,1,1,1,0,0,0,NA,1 8,1,0,0,0,0,0,0,1,0,0,NA,1 97,1,0,0,0,0,0,0,0,1,0,Love,4,4,3,2,1,2,2,1,6 7 9 11,0,0,0,0,0,1,1,0,1,0,1,0,0,NA,4,2,NA,1 2 3 4 5 6 7 8 9 10 11,1,1,1,1,1,1,1,1,1,1,1,0,0,NA,4,4,4,4,4,4,4,4,4,4,5,5,5,5,5,5,1,1,1,5,0,0,0,0,1,0,0,0,NA,4,4,4,4,4,3,5,4,1,5,3,97,The choices is given to the students,4,4,4,1,4,1 2,1,1,0,0,0,NA,2,NA,1,1,0,1,1,1,1,1,1,0,0,NA,4,3,1,1,1,1,1,3,2,2,2,2,2,3,2,3,3,2,4 5,0,0,0,1,1,0,0,0,0,0,0,3,3,4,4,4,3,4,2,2,2,10,3,4,1,4,4,2,4,4,3,4,4,1 2 3 4,1,1,1,1,0,0,0,NA,1,1,2,3,1,2,1,2,1,Nothing,4 8,0,0,0,1,0,0,0,1,0,NA,44,NA,23361,NA,uuid:8c1bffa4-698a-4e5a-83a7-234c6b499dbd,2512030649,uuid:8c1bffa4-698a-4e5a-83a7-234c6b499dbd,NA,NA,NA,NA,NA,NA,NA,NA,NA,NA
702820,S0710030122,SOUTH ETHIOPIA,Gamo,kucha,halango,Rural,"12/12/2025, 8:10:12 PM","12/12/2025, 11:55:51 AM","12/12/2025, 7:34:06 PM",12/12/2025,13ff9fddb6200dd2,1,T27603,NA,male,6,0,0,0,0,0,1,0,0,0,97,0,0,0,1,General science,6,NA,2,NA,0,NA,2002,2010,4,0,NA,NA,1,1,0,0,0,0,0,0,NA,1,NA,2,0,1,0,0,0,0,0,NA,1,1 3,1,0,1,0,0,0,NA,2 4 97,0,1,0,1,0,0,0,0,0,1,Student decipline,4 6,0,0,0,1,0,1,0,0,0,0,NA,3 4,0,0,1,1,0,0,0,0,0,0,NA,4,3,2,1,3,3,2,1,2 3 4 5,0,1,1,1,1,0,0,0,0,0,0,0,0,NA,1,2,NA,3 4 5 9,0,0,1,1,1,0,0,0,1,0,0,0,0,NA,4,4,4,2,3,4,4,4,3,3,5,3,3,5,4,5,2,2,1,1 2 3 4 5,1,1,1,1,1,0,0,0,NA,3,4,3,2,4,4,3,2,2,4,3,1,NA,1,2,2,1,4,1 2,1,1,0,0,0,NA,3,NA,0,0,0,1,0,0,1,1,0,0,0,NA,3,3,1,1,4,1,1,3,3,3,3,3,3,3,3,3,3,3,1 11,1,0,0,0,0,0,0,0,0,0,1,3,1,1,3,3,4,1,3,3,1,9,4,3,4,3,4,2,4,4,2,4,4,4,0,0,0,1,0,0,0,NA,1,3,3,3,1,2,2,3,1,Non,5 7,0,0,0,0,1,0,1,0,0,NA,41,NA,9880,None,uuid:15eb2812-ff69-44c6-a8dc-b15deb535831,2512111014,uuid:15eb2812-ff69-44c6-a8dc-b15deb535831,NA,NA,NA,NA,NA,NA,NA,NA,NA,NA
702820,S0710030122,SOUTH ETHIOPIA,Gamo,kucha,halango,Rural,"12/12/2025, 8:13:09 PM","12/12/2025, 11:47:44 AM","12/12/2025, 7:59:44 PM",12/12/2025,15aee2f9fc7423e8,1,T27601,NA,female,1 2 3 4 5 6,1,1,1,1,1,1,0,0,0,97,0,0,0,1,Ethical education,3,NA,2,NA,1,NA,2009,2017,3,0,NA,NA,1,1,0,0,0,0,0,0,NA,1,NA,5 6,0,0,0,0,1,1,0,NA,1,2 3,0,1,1,0,0,0,NA,1 2,1,1,0,0,0,0,0,0,0,0,NA,1 4,1,0,0,1,0,0,0,0,0,0,NA,4 6,0,0,0,1,0,1,0,0,0,0,NA,4,4,2,2,3,2,2,1,6 7 11,0,0,0,0,0,1,1,0,0,0,1,0,0,NA,3,2,NA,1 2 3 8 9 10 11,1,1,1,0,0,0,0,1,1,1,1,0,0,NA,4,4,4,4,4,4,4,4,4,4,5,5,4,5,5,5,1,1,1,2 5,0,1,0,0,1,0,0,0,NA,3,3,2,2,3,3,4,4,3,4,4,5,NA,1,1,1,4,4,1 4,1,0,0,1,0,NA,2,NA,1,1,0,1,1,1,1,1,1,1,0,NA,3,3,1,1,4,1,1,3,2,2,3,3,3,3,3,3,3,3,1 5,1,0,0,0,1,0,0,0,0,0,0,4,1,3,3,1,4,1,3,1,1,10,4,4,1,4,3,4,4,4,4,4,4,1 2 4,1,1,0,1,0,0,0,NA,1,2,2,3,1,2,1,1,1,No,3 4,0,0,1,1,0,0,0,0,0,NA,30,NA,10500,No,uuid:5d2747ad-3a09-434c-bdc3-4633dea3bf20,2512111014,uuid:5d2747ad-3a09-434c-bdc3-4633dea3bf20,NA,NA,NA,NA,NA,NA,NA,NA,NA,NA
702820,S0710030122,SOUTH ETHIOPIA,Gamo,kucha,halango,Rural,"12/12/2025, 8:13:09 PM","12/12/2025, 12:22:44 PM","12/12/2025, 8:06:08 PM",12/12/2025,15aee2f9fc7423e8,1,T27602,NA,female,6 7 8,0,0,0,0,0,1,1,1,0,2,0,1,0,0,NA,3,NA,5,NA,1,NA,2014,2017,2,0,NA,NA,1,1,0,0,0,0,0,0,NA,1,NA,2 6,0,1,0,0,0,1,0,NA,1,1 3,1,0,1,0,0,0,NA,1 2 4,1,1,0,1,0,0,0,0,0,0,NA,1 4,1,0,0,1,0,0,0,0,0,0,NA,1 6,1,0,0,0,0,1,0,0,0,0,NA,2,3,3,1,2,2,2,1,8 9 11,0,0,0,0,0,0,0,1,1,0,1,0,0,NA,3,3,NA,1 2 3 4 8 10,1,1,1,1,0,0,0,1,0,1,0,0,0,NA,3,4,4,2,4,4,3,3,4,4,5,5,5,5,5,5,1,1,1,2 5,0,1,0,0,1,0,0,0,NA,3,3,3,2,2,3,4,3,4,4,2,1,NA,1,1,1,4,4,2,0,1,0,0,0,NA,3,NA,1,0,0,0,0,0,1,1,1,0,0,NA,1,1,1,1,4,1,1,3,3,3,3,3,3,3,3,3,3,3,4 5,0,0,0,1,1,0,0,0,0,0,0,4,1,1,1,3,4,1,3,3,1,10,4,4,3,3,3,2,4,4,4,4,4,2 4,0,1,0,1,0,0,0,NA,1,2,3,3,3,3,2,1,1,No,3 4,0,0,1,1,0,0,0,0,0,NA,25,NA,7200,No,uuid:e2f817ff-157f-4407-aa71-22f25929c0be,2512111014,uuid:e2f817ff-157f-4407-aa71-22f25929c0be,NA,NA,NA,NA,NA,NA,NA,NA,NA,NA
702839,S0710030932,SOUTH ETHIOPIA,Gamo,kucha,tachi chano,Rural,"12/15/2025, 8:26:27 PM","12/15/2025, 10:16:32 AM","12/15/2025, 8:22:12 PM",12/15/2025,15aee2f9fc7423e8,1,T27701,NA,male,6 7,0,0,0,0,0,1,1,0,0,97,0,0,0,1,General science,5,NA,5,NA,1,NA,2003,2011,4,0,NA,NA,1,1,0,0,0,0,0,0,NA,1,NA,2 6,0,1,0,0,0,1,0,NA,1,1 3,1,0,1,0,0,0,NA,1 4,1,0,0,1,0,0,0,0,0,0,NA,4 5,0,0,0,1,1,0,0,0,0,0,NA,6 8,0,0,0,0,0,1,0,1,0,0,NA,3,3,2,1,1,1,2,1,8 9 11,0,0,0,0,0,0,0,1,1,0,1,0,0,NA,3,4,NA,2 5 7 8,0,1,0,0,1,0,1,1,0,0,0,0,0,NA,4,4,4,3,4,4,4,3,3,4,5,5,5,5,5,5,1,1,1,5,0,0,0,0,1,0,0,0,NA,3,3,3,2,2,2,3,4,4,4,4,2,NA,1,1,1,4,4,2 4,0,1,0,1,0,NA,2,NA,1,1,0,0,1,0,0,1,1,0,0,NA,1,1,1,1,4,1,1,3,1,3,3,3,3,3,3,3,3,3,5 11,0,0,0,0,1,0,0,0,0,0,1,4,1,1,1,4,4,1,3,3,2,10,3,4,4,4,3,3,4,4,4,4,4,2 4,0,1,0,1,0,0,0,NA,1,2,3,3,3,2,1,2,1,Absence of water and library,1 3,1,0,1,0,0,0,0,0,0,NA,46,NA,13008,No,uuid:c5a63c29-a8d8-47b1-af50-7c066d80687f,2512111014,uuid:c5a63c29-a8d8-47b1-af50-7c066d80687f,NA,NA,NA,NA,NA,NA,NA,NA,NA,NA
702839,S0710030932,SOUTH ETHIOPIA,Gamo,kucha,tachi chano,Rural,"12/15/2025, 8:26:29 PM","12/15/2025, 10:56:12 AM","12/15/2025, 6:54:33 PM",12/15/2025,15aee2f9fc7423e8,1,T27702,NA,female,1 2 3 4,1,1,1,1,0,0,0,0,0,97,0,0,0,1,Arts,3,NA,2,NA,1,NA,2013,2013,1,0,NA,NA,1,1,0,0,0,0,0,0,NA,1,NA,2,0,1,0,0,0,0,0,NA,1,1 3,1,0,1,0,0,0,NA,5,0,0,0,0,1,0,0,0,0,0,NA,2 4,0,1,0,1,0,0,0,0,0,0,NA,4 8,0,0,0,1,0,0,0,1,0,0,NA,3,3,3,1,4,4,4,3,6 7 10 11,0,0,0,0,0,1,1,0,0,1,1,0,0,NA,3,3,NA,1 2 3 4 5 7 8 9 10,1,1,1,1,1,0,1,1,1,1,0,0,0,NA,4,4,4,4,4,4,4,3,3,4,5,5,4,5,5,5,2,1,1,5,0,0,0,0,1,0,0,0,NA,3,3,2,3,3,3,3,2,1,2,1,2,NA,4,4,4,4,4,2,0,1,0,0,0,NA,2,NA,0,0,0,0,0,0,0,1,1,0,0,NA,1,1,1,3,4,4,1,3,3,3,3,3,3,3,3,3,3,3,1 5,1,0,0,0,1,0,0,0,0,0,0,4,4,1,1,1,1,1,1,1,1,10,4,4,1,3,2,2,2,2,2,3,3,4,0,0,0,1,0,0,0,NA,1,3,3,1,2,2,3,3,2,No,3 4,0,0,1,1,0,0,0,0,0,NA,35,NA,9913,No,uuid:d4f53ae2-ae49-4be2-8492-662ede596aad,2512111014,uuid:d4f53ae2-ae49-4be2-8492-662ede596aad,NA,NA,NA,NA,NA,NA,NA,NA,NA,NA
702839,S0710030932,SOUTH ETHIOPIA,Gamo,kucha,tachi chano,Rural,"12/15/2025, 8:34:45 PM","12/15/2025, 10:31:30 AM","12/15/2025, 8:29:57 PM",12/15/2025,13ff9fddb6200dd2,1,T27703,NA,male,2 3 4 6 7,0,1,1,1,0,1,1,0,0,97,0,0,0,1,Citizinship and social study and science,2,NA,3,NA,1,NA,2013,2013,1,1,1,3,1,1,0,0,0,0,0,0,NA,1,NA,97,0,0,0,0,0,0,1,Other techer teachs his own subeject,1,1 3,1,0,1,0,0,0,NA,4 7,0,0,0,1,0,0,1,0,0,0,NA,4 7,0,0,0,1,0,0,1,0,0,0,NA,4 8,0,0,0,1,0,0,0,1,0,0,NA,4,3,2,1,1,2,2,1,2 3 4 5 6 11,0,1,1,1,1,1,0,0,0,0,1,0,0,NA,4,2,NA,1 2 3 4,1,1,1,1,0,0,0,0,0,0,0,0,0,NA,4,4,4,4,4,4,4,3,3,4,5,5,4,5,5,5,2,1,1,1 2 3 4 5,1,1,1,1,1,0,0,0,NA,3,4,1,4,2,4,4,4,2,4,3,2,NA,1,1,1,1,4,2 3,0,1,1,0,0,NA,1,NA,0,0,0,1,0,0,0,1,1,0,0,NA,2,2,1,1,2,1,1,3,3,3,3,3,3,3,1,1,3,3,1 11,1,0,0,0,0,0,0,0,0,0,1,2,1,1,1,3,4,1,3,1,1,7,3,3,4,3,4,1,4,4,3,4,4,1 2,1,1,0,0,0,0,0,NA,1,3,3,3,1,3,3,3,3,None,1 4,1,0,0,1,0,0,0,0,0,NA,29,NA,9913,None,uuid:ea070bb3-8449-4feb-9f34-1550be24eb57,2512111014,uuid:ea070bb3-8449-4feb-9f34-1550be24eb57,NA,NA,NA,NA,NA,NA,NA,NA,NA,NA
703001,S0710051202,SOUTH ETHIOPIA,Gamo,mierab abaya,korga geramo,Rural,"12/4/2025, 8:29:11 PM","12/4/2025, 12:10:58 PM","12/4/2025, 8:27:47 PM",12/4/2025,13ff9fddb6200dd2,1,T27903,NA,male,1 2 3 4 5,1,1,1,1,1,0,0,0,0,2,0,1,0,0,NA,7,NA,3,NA,1,NA,2002,2002,1,0,NA,NA,1,1,0,0,0,0,0,0,NA,1,NA,2 6 97,0,1,0,0,0,1,1,Covered by other teachers by different course,1,1 3 5,1,0,1,0,1,0,NA,1 2 3 4 5 6 7,1,1,1,1,1,1,1,0,0,0,NA,4 6,0,0,0,1,0,1,0,0,0,0,NA,4 6,0,0,0,1,0,1,0,0,0,0,NA,4,3,2,2,3,1,3,2,2 3 4 5 6 7 8 9 11,0,1,1,1,1,1,1,1,1,0,1,0,0,NA,3,2,NA,1 2 3 4 5 7 8 9 10,1,1,1,1,1,0,1,1,1,1,0,0,0,NA,4,4,4,3,3,3,4,2,3,3,4,4,3,5,4,5,2,2,1,1 2 3 4 5,1,1,1,1,1,0,0,0,NA,4,4,2,3,3,4,5,3,4,4,2,2,NA,1,1,1,1,3,1 2 3 4,1,1,1,1,0,NA,1,NA,0,0,0,1,0,0,0,1,1,0,0,NA,1,1,1,1,4,1,1,3,3,3,3,3,3,3,3,3,3,3,1 2 3 4 5 6 7 8 9 10 11,1,1,1,1,1,1,1,1,1,1,1,1,1,1,1,1,4,1,3,3,1,10,3,3,1,4,4,2,4,4,3,4,4,4,0,0,0,1,0,0,0,NA,1,2,3,3,1,3,2,3,1,None,3 4,0,0,1,1,0,0,0,0,0,NA,42,NA,19380,None,uuid:c9c895e7-2dcb-4c33-b30f-a4b63cecc480,2512030649,uuid:c9c895e7-2dcb-4c33-b30f-a4b63cecc480,NA,NA,NA,NA,NA,NA,NA,NA,NA,NA
703001,S0710051202,SOUTH ETHIOPIA,Gamo,mierab abaya,korga geramo,Rural,"12/4/2025, 9:24:00 PM","12/4/2025, 11:06:35 AM","12/4/2025, 9:17:07 PM",12/4/2025,15aee2f9fc7423e8,1,T27901,NA,female,1 2 3 4 5,1,1,1,1,1,0,0,0,0,97,0,0,0,1,Civics and ethical education,3,NA,2,NA,1,NA,2009,2016,3,0,NA,NA,1,1,0,0,0,0,0,0,NA,1,NA,2 6,0,1,0,0,0,1,0,NA,1,3,0,0,1,0,0,0,NA,2 4,0,1,0,1,0,0,0,0,0,0,NA,3 4,0,0,1,1,0,0,0,0,0,0,NA,2 4,0,1,0,1,0,0,0,0,0,0,NA,4,3,2,3,1,1,1,1,7 11,0,0,0,0,0,0,1,0,0,0,1,0,0,NA,1,3,NA,2 9,0,1,0,0,0,0,0,0,1,0,0,0,0,NA,3,3,4,4,3,4,4,1,4,4,5,5,1,5,5,5,1,1,1,2 5,0,1,0,0,1,0,0,0,NA,4,4,2,2,3,4,5,5,2,4,2,1,NA,4,4,4,4,4,2 4,0,1,0,1,0,NA,4,NA,1,0,0,1,0,1,1,1,1,0,0,NA,4,4,1,1,4,1,1,3,3,3,3,3,2,3,3,3,3,3,6 7,0,0,0,0,0,1,1,0,0,0,0,4,2,4,4,3,4,3,3,1,2,10,3,1,4,4,4,3,4,4,4,4,4,2 5,0,1,0,0,1,0,0,NA,1,2,2,3,1,2,1,2,1,No,3 7,0,0,1,0,0,0,1,0,0,NA,31,NA,10320,Less salary and Incam shortage,uuid:73a22b4b-6ff3-481e-84b5-4675075c20a6,2512040829,uuid:73a22b4b-6ff3-481e-84b5-4675075c20a6,NA,NA,NA,NA,NA,NA,NA,NA,NA,NA
703001,S0710051202,SOUTH ETHIOPIA,Gamo,mierab abaya,korga geramo,Rural,"12/4/2025, 9:24:01 PM","12/4/2025, 12:02:08 PM","12/4/2025, 9:19:13 PM",12/4/2025,15aee2f9fc7423e8,1,T27902,NA,female,7,0,0,0,0,0,0,1,0,0,97,0,0,0,1,It,3,NA,5,NA,1,NA,2008,2017,2,1,1,1,1,1,0,0,0,0,0,0,NA,1,NA,6,0,0,0,0,0,1,0,NA,1,3,0,0,1,0,0,0,NA,4 5,0,0,0,1,1,0,0,0,0,0,NA,3 4,0,0,1,1,0,0,0,0,0,0,NA,3 4,0,0,1,1,0,0,0,0,0,0,NA,2,2,2,1,1,2,2,1,8 9 11,0,0,0,0,0,0,0,1,1,0,1,0,0,NA,1,2,NA,1 3 9 10 11,1,0,1,0,0,0,0,0,1,1,1,0,0,NA,4,4,4,4,4,4,4,1,3,4,5,5,1,5,5,5,1,1,1,2 5,0,1,0,0,1,0,0,0,NA,2,4,2,2,3,3,4,5,2,2,2,2,NA,4,4,4,4,4,2,0,1,0,0,0,NA,3,NA,0,1,0,1,0,1,1,1,1,0,0,NA,4,1,1,1,4,1,1,3,3,3,1,3,3,3,3,3,3,1,4 11,0,0,0,1,0,0,0,0,0,0,1,4,1,3,1,1,4,1,2,2,2,5,1,3,4,1,1,4,4,4,4,4,4,5,0,0,0,0,1,0,0,NA,1,1,1,3,1,3,1,3,1,No,1 3,1,0,1,0,0,0,0,0,0,NA,33,NA,12200,No,uuid:f2ba015d-e388-4919-a9b3-c03474d2b64b,2512040829,uuid:f2ba015d-e388-4919-a9b3-c03474d2b64b,NA,NA,NA,NA,NA,NA,NA,NA,NA,NA
702993,S0710052022,SOUTH ETHIOPIA,Gamo,mierab abaya,faragosa,Rural,"12/8/2025, 8:05:14 PM","12/8/2025, 11:05:08 AM","12/8/2025, 8:04:25 PM",12/8/2025,13ff9fddb6200dd2,1,T27803,NA,male,3 5 7,0,0,1,0,1,0,1,0,0,97,0,0,0,1,Social and civics and ethical education,3,NA,5,NA,1,NA,2004,2015,3,1,1,2,2,0,1,0,0,0,0,0,NA,1,NA,2 97,0,1,0,0,0,0,1,Take on another course,1,1 2 3,1,1,1,0,0,0,NA,1 3 4 5 6 7 8,1,0,1,1,1,1,1,1,0,0,NA,4 5,0,0,0,1,1,0,0,0,0,0,NA,4 6,0,0,0,1,0,1,0,0,0,0,NA,4,4,3,1,4,3,3,2,4 6 8,0,0,0,1,0,1,0,1,0,0,0,0,0,NA,2,2,NA,1 2 3 4 5 6 7 8 9 10 11,1,1,1,1,1,1,1,1,1,1,1,0,0,NA,4,4,4,4,4,4,4,4,4,4,3,5,5,5,5,5,2,1,1,2 5,0,1,0,0,1,0,0,0,NA,4,4,2,3,4,4,5,4,4,5,4,2,NA,2,2,1,1,4,1 2 3 4,1,1,1,1,0,NA,1,NA,0,0,0,1,0,0,0,0,0,0,0,NA,1,1,2,1,4,1,1,3,3,3,3,3,3,3,1,3,3,3,1 11,1,0,0,0,0,0,0,0,0,0,1,1,1,3,3,3,4,1,3,3,1,8,4,4,3,3,4,1,4,4,4,4,4,1 2 4,1,1,0,1,0,0,0,NA,1,3,3,3,1,2,2,3,3,None,4 5,0,0,0,1,1,0,0,0,0,NA,36,NA,13029,None,uuid:c08175e6-7f3b-4b1f-b7f9-3c9ff4145fa4,2512040829,uuid:c08175e6-7f3b-4b1f-b7f9-3c9ff4145fa4,NA,NA,NA,NA,NA,NA,NA,NA,NA,NA
702993,S0710052022,SOUTH ETHIOPIA,Gamo,mierab abaya,faragosa,Rural,"12/8/2025, 8:16:52 PM","12/8/2025, 11:50:41 AM","12/8/2025, 8:02:20 PM",12/8/2025,15aee2f9fc7423e8,1,T27801,NA,male,5 6 7 8,0,0,0,0,1,1,1,1,0,97,0,0,0,1,Sport,4,NA,5,NA,1,NA,2002,2004,2,0,NA,NA,2,0,1,0,0,0,0,0,NA,1,NA,2 6,0,1,0,0,0,1,0,NA,1,3,0,0,1,0,0,0,NA,3,0,0,1,0,0,0,0,0,0,0,NA,4 5,0,0,0,1,1,0,0,0,0,0,NA,3 4,0,0,1,1,0,0,0,0,0,0,NA,1,2,2,1,1,1,2,1,5 11,0,0,0,0,1,0,0,0,0,0,1,0,0,NA,1,2,NA,1 2 4 8 9 10,1,1,0,1,0,0,0,1,1,1,0,0,0,NA,3,3,4,4,1,3,3,1,3,3,4,5,1,4,4,5,1,1,1,2 5,0,1,0,0,1,0,0,0,NA,4,3,3,4,3,4,5,3,2,3,5,1,NA,4,3,3,4,4,2 4,0,1,0,1,0,NA,5,NA,1,1,0,0,1,1,0,1,1,0,0,NA,3,1,1,1,4,1,1,3,3,3,3,3,3,3,3,3,3,3,4 5,0,0,0,1,1,0,0,0,0,0,0,3,1,3,3,3,4,4,3,3,2,10,4,4,1,4,4,1,4,4,2,4,4,2 4,0,1,0,1,0,0,0,NA,0,NA,NA,NA,NA,NA,NA,NA,NA,NA,4 7,0,0,0,1,0,0,1,0,0,NA,40,NA,14200,No,uuid:61ffdd37-5935-43ec-bf18-f8baf57ef04e,2512040829,uuid:61ffdd37-5935-43ec-bf18-f8baf57ef04e,NA,NA,NA,NA,NA,NA,NA,NA,NA,NA
702993,S0710052022,SOUTH ETHIOPIA,Gamo,mierab abaya,faragosa,Rural,"12/8/2025, 8:16:52 PM","12/8/2025, 12:25:35 PM","12/8/2025, 8:02:46 PM",12/8/2025,15aee2f9fc7423e8,1,T27802,NA,female,4,0,0,0,1,0,0,0,0,0,97,0,0,0,1,Biology,4,NA,5,NA,1,NA,2003,2016,6,1,1,3,2,0,1,0,0,0,0,0,NA,1,NA,6,0,0,0,0,0,1,0,NA,1,3,0,0,1,0,0,0,NA,2,0,1,0,0,0,0,0,0,0,0,NA,3 4,0,0,1,1,0,0,0,0,0,0,NA,2 4,0,1,0,1,0,0,0,0,0,0,NA,3,2,1,1,1,1,1,1,8 11,0,0,0,0,0,0,0,1,0,0,1,0,0,NA,3,2,NA,2 3 8 9,0,1,1,0,0,0,0,1,1,0,0,0,0,NA,3,3,4,3,3,4,4,1,3,3,5,5,1,5,4,5,1,1,1,2 4 5,0,1,0,1,1,0,0,0,NA,4,3,3,2,2,3,5,5,2,5,2,1,NA,3,4,4,4,4,2,0,1,0,0,0,NA,3,NA,1,0,0,0,0,0,1,1,0,0,0,NA,3,3,1,1,4,1,1,3,2,2,3,3,3,3,3,3,3,3,1 4,1,0,0,1,0,0,0,0,0,0,0,4,1,4,4,1,3,1,3,3,2,10,3,4,1,3,4,1,4,4,2,4,4,3 4,0,0,1,1,0,0,0,NA,1,1,2,3,1,3,1,1,1,No,1 4,1,0,0,1,0,0,0,0,0,NA,35,NA,14200,No,uuid:f34c92cb-7699-4d6b-af7a-307f78283d78,2512040829,uuid:f34c92cb-7699-4d6b-af7a-307f78283d78,NA,NA,NA,NA,NA,NA,NA,NA,NA,NA
701940,S0710070202,SOUTH ETHIOPIA,Gamo,chencha zuria,zute,Rural,"12/11/2025, 10:47:00 PM","12/11/2025, 12:21:23 PM","12/11/2025, 9:21:03 PM",12/11/2025,13ff9fddb6200dd2,1,T26503,NA,male,5 7 8,0,0,0,0,1,0,1,1,0,2 97,0,1,0,1,General science And ICT,1,NA,2,NA,0,NA,2016,2016,1,0,NA,NA,5,0,0,0,0,1,0,0,NA,1,NA,6 97,0,0,0,0,0,1,1,Another teaches his own subject,1,2 3,0,1,1,0,0,0,NA,1 2 3 4 5 6 7,1,1,1,1,1,1,1,0,0,0,NA,3 4,0,0,1,1,0,0,0,0,0,0,NA,4 6,0,0,0,1,0,1,0,0,0,0,NA,3,1,1,1,1,2,2,1,1 2 4 11,1,1,0,1,0,0,0,0,0,0,1,0,0,NA,3,2,NA,1 3 4 5 6 7 8 9 10 11,1,0,1,1,1,1,1,1,1,1,1,0,0,NA,3,3,4,4,4,4,3,3,2,3,4,5,3,4,3,4,2,1,1,1 2 3 4 5,1,1,1,1,1,0,0,0,NA,2,4,2,3,2,4,3,2,1,5,2,1,NA,1,1,1,1,4,1 2 3,1,1,1,0,0,NA,1,NA,0,0,0,1,0,1,1,1,1,0,0,NA,3,3,1,1,4,1,3,1,3,3,3,3,3,3,1,3,1,3,1 11,1,0,0,0,0,0,0,0,0,0,1,1,2,2,1,1,4,1,1,1,1,10,4,3,4,3,4,2,4,4,2,3,4,1 2,1,1,0,0,0,0,0,NA,1,3,3,3,1,1,2,3,1,None,4 7,0,0,0,1,0,0,1,0,0,NA,36,NA,9970,None,uuid:a3e594f7-0127-41a2-a832-32f97d1242a5,2512040829,uuid:a3e594f7-0127-41a2-a832-32f97d1242a5,NA,NA,NA,NA,NA,NA,NA,NA,NA,NA
701940,S0710070202,SOUTH ETHIOPIA,Gamo,chencha zuria,zute,Rural,"12/11/2025, 11:45:44 PM","12/11/2025, 12:06:37 PM","12/11/2025, 11:40:24 PM",12/11/2025,15aee2f9fc7423e8,1,T26501,NA,female,1 2 3 4,1,1,1,1,0,0,0,0,0,2 97,0,1,0,1,Environmental science,3,NA,2,NA,1,NA,2014,2014,1,0,NA,NA,1,1,0,0,0,0,0,0,NA,1,NA,2 6,0,1,0,0,0,1,0,NA,1,1 3,1,0,1,0,0,0,NA,1 2 5,1,1,0,0,1,0,0,0,0,0,NA,2 6,0,1,0,0,0,1,0,0,0,0,NA,1 4,1,0,0,1,0,0,0,0,0,0,NA,4,2,2,2,2,2,2,3,7 8 11,0,0,0,0,0,0,1,1,0,0,1,0,0,NA,4,2,NA,1 2 3 6 8 9,1,1,1,0,0,1,0,1,1,0,0,0,0,NA,4,4,4,4,4,4,3,3,3,3,5,5,4,3,3,4,1,1,1,2 5,0,1,0,0,1,0,0,0,NA,2,3,1,3,2,3,4,4,2,3,1,5,NA,3,3,4,3,3,1 2 4,1,1,0,1,0,NA,3,NA,1,1,0,1,1,1,1,1,1,0,0,NA,3,3,1,1,4,3,3,3,3,2,2,3,3,3,3,3,3,3,1 9,1,0,0,0,0,0,0,0,1,0,0,3,3,3,3,1,4,1,3,1,2,10,3,3,4,4,4,3,4,4,4,3,4,2 4,0,1,0,1,0,0,0,NA,1,1,3,3,1,2,1,2,1,No,3 5,0,0,1,0,1,0,0,0,0,NA,26,NA,9970,No,uuid:7e134835-4bb0-4612-b75c-bac492caa245,2512040829,uuid:7e134835-4bb0-4612-b75c-bac492caa245,NA,NA,NA,NA,NA,NA,NA,NA,NA,NA
701940,S0710070202,SOUTH ETHIOPIA,Gamo,chencha zuria,zute,Rural,"12/11/2025, 11:45:45 PM","12/11/2025, 12:54:04 PM","12/11/2025, 11:44:54 PM",12/11/2025,15aee2f9fc7423e8,1,T26502,NA,male,5 6 7 8,0,0,0,0,1,1,1,1,0,97,0,0,0,1,"Arts ,sport",3,NA,2,NA,1,NA,2011,2016,2,0,NA,NA,1,1,0,0,0,0,0,0,NA,2,NA,6,0,0,0,0,0,1,0,NA,1,1 3,1,0,1,0,0,0,NA,1 2 3 4 5,1,1,1,1,1,0,0,0,0,0,NA,3 7,0,0,1,0,0,0,1,0,0,0,NA,4 5,0,0,0,1,1,0,0,0,0,0,NA,4,3,4,1,2,3,2,1,6 9 11,0,0,0,0,0,1,0,0,1,0,1,0,0,NA,3,2,NA,1 2 3 7 8 9 10,1,1,1,0,0,0,1,1,1,1,0,0,0,NA,4,4,4,3,4,4,4,4,4,4,5,5,5,5,5,5,1,1,1,2 5,0,1,0,0,1,0,0,0,NA,3,3,1,1,2,3,4,3,3,3,2,2,NA,1,1,1,4,4,2,0,1,0,0,0,NA,2,NA,0,0,0,0,0,0,0,1,1,0,0,NA,4,4,1,1,4,1,1,3,3,3,3,3,2,3,3,3,3,3,1 6,1,0,0,0,0,1,0,0,0,0,0,4,1,4,1,1,4,1,3,3,2,10,4,4,1,4,4,1,4,4,4,4,4,2 4,0,1,0,1,0,0,0,NA,1,3,3,3,3,3,3,3,1,No,4 7,0,0,0,1,0,0,1,0,0,NA,35,NA,10600,No,uuid:874a2cfe-b611-4e5e-86b5-bc93eb029ed7,2512040829,uuid:874a2cfe-b611-4e5e-86b5-bc93eb029ed7,NA,NA,NA,NA,NA,NA,NA,NA,NA,NA
701916,S0710070292,SOUTH ETHIOPIA,Gamo,chencha zuria,doko tsida,Rural,"12/5/2025, 6:55:02 PM","12/5/2025, 10:26:55 AM","12/5/2025, 6:52:12 PM",12/5/2025,15aee2f9fc7423e8,1,T26401,NA,female,1 2 3 4 5 6,1,1,1,1,1,1,0,0,0,2 97,0,1,0,1,Biology,4,NA,2,NA,1,NA,1999,2007,5,0,NA,NA,1 5,1,0,0,0,1,0,0,NA,5,NA,6,0,0,0,0,0,1,0,NA,1,3,0,0,1,0,0,0,NA,4,0,0,0,1,0,0,0,0,0,0,NA,4 5,0,0,0,1,1,0,0,0,0,0,NA,3 4,0,0,1,1,0,0,0,0,0,0,NA,4,1,1,1,1,1,1,1,8 9 11,0,0,0,0,0,0,0,1,1,0,1,0,0,NA,0,2,NA,1 5 8,1,0,0,0,1,0,0,1,0,0,0,0,0,NA,3,3,4,4,3,3,3,3,3,3,4,4,2,3,4,4,1,1,1,2 5,0,1,0,0,1,0,0,0,NA,2,3,3,2,2,2,2,5,2,2,2,3,NA,4,4,3,1,4,2 4,0,1,0,1,0,NA,3,NA,1,1,0,1,0,1,1,1,1,1,0,NA,3,3,1,1,4,4,3,1,1,2,2,2,2,2,2,2,2,2,3 6,0,0,1,0,0,1,0,0,0,0,0,4,3,4,4,4,3,4,2,2,2,1,3,4,1,3,4,3,4,4,4,4,4,4,0,0,0,1,0,0,0,NA,1,2,2,3,2,2,2,2,2,No,3 7,0,0,1,0,0,0,1,0,0,NA,40,NA,13300,No,uuid:a5c721fc-1ce3-4869-b681-a0f5d12c5896,2512040829,uuid:a5c721fc-1ce3-4869-b681-a0f5d12c5896,NA,NA,NA,NA,NA,NA,NA,NA,NA,NA
701916,S0710070292,SOUTH ETHIOPIA,Gamo,chencha zuria,doko tsida,Rural,"12/5/2025, 6:56:00 PM","12/5/2025, 11:16:37 AM","12/5/2025, 6:53:44 PM",12/5/2025,15aee2f9fc7423e8,1,T26402,NA,female,4 6 7 8,0,0,0,1,0,1,1,1,0,97,0,0,0,1,Gamotho,6,NA,5,NA,1,NA,2005,2012,5,0,NA,NA,1,1,0,0,0,0,0,0,NA,1,NA,2 6,0,1,0,0,0,1,0,NA,1,3,0,0,1,0,0,0,NA,4 5,0,0,0,1,1,0,0,0,0,0,NA,4 7,0,0,0,1,0,0,1,0,0,0,NA,1 4,1,0,0,1,0,0,0,0,0,0,NA,3,1,1,1,1,1,1,1,8 11,0,0,0,0,0,0,0,1,0,0,1,0,0,NA,0,2,NA,1 2 8,1,1,0,0,0,0,0,1,0,0,0,0,0,NA,4,3,4,2,4,4,3,3,3,3,5,5,4,5,5,5,1,1,1,2,0,1,0,0,0,0,0,0,NA,4,2,2,3,2,2,2,4,2,5,3,1,NA,4,3,4,4,4,1 2,1,1,0,0,0,NA,3,NA,1,1,0,1,1,1,1,1,1,1,0,NA,4,4,3,1,4,4,1,3,2,2,3,3,3,3,3,3,3,3,1 11,1,0,0,0,0,0,0,0,0,0,1,4,1,4,4,1,4,4,3,3,4,10,3,3,4,4,4,3,4,4,2,4,4,2,0,1,0,0,0,0,0,NA,1,1,1,3,1,1,1,1,1,No,3 7,0,0,1,0,0,0,1,0,0,NA,35,NA,13349,No,uuid:20d6eb16-e014-4b79-97d0-75ef9420d68f,2512040829,uuid:20d6eb16-e014-4b79-97d0-75ef9420d68f,NA,NA,NA,NA,NA,NA,NA,NA,NA,NA
701916,S0710070292,SOUTH ETHIOPIA,Gamo,chencha zuria,doko tsida,Rural,"12/5/2025, 7:38:41 PM","12/5/2025, 10:29:33 AM","12/5/2025, 7:29:43 PM",12/5/2025,13ff9fddb6200dd2,1,T26403,NA,male,7 8,0,0,0,0,0,0,1,1,0,97,0,0,0,1,Information communication  technology  and career and technical education,3,NA,5,NA,0,NA,2007,2016,3,0,NA,NA,5,0,0,0,0,1,0,0,NA,1,NA,2 97,0,1,0,0,0,0,1,Anather techer teaches his  course,1,1 3 5,1,0,1,0,1,0,NA,2 3 4 5 6 7,0,1,1,1,1,1,1,0,0,0,NA,4 5,0,0,0,1,1,0,0,0,0,0,NA,4 6,0,0,0,1,0,1,0,0,0,0,NA,2,3,2,1,3,2,4,2,4 8 9,0,0,0,1,0,0,0,1,1,0,0,0,0,NA,1,3,NA,1 5 10,1,0,0,0,1,0,0,0,0,1,0,0,0,NA,4,4,4,2,2,4,4,4,3,3,4,3,3,5,5,3,1,2,1,1 2 3 4 5,1,1,1,1,1,0,0,0,NA,4,4,1,2,4,2,2,4,3,5,3,1,NA,2,2,1,1,4,2 3,0,1,1,0,0,NA,1,NA,0,0,0,0,0,0,0,1,1,0,0,NA,3,3,1,1,4,1,2,3,3,3,1,1,3,1,3,3,3,3,6 11,0,0,0,0,0,1,0,0,0,0,1,3,3,2,1,1,4,3,3,3,1,7,3,4,3,3,4,1,4,4,2,3,4,2 4,0,1,0,1,0,0,0,NA,1,3,3,3,2,3,3,2,1,None,1 4,1,0,0,1,0,0,0,0,0,NA,41,NA,12300,School Distance from my village to school,uuid:9ed8bafc-d4a6-4fbc-92bc-ccc2481c16a6,2512030649,uuid:9ed8bafc-d4a6-4fbc-92bc-ccc2481c16a6,NA,NA,NA,NA,NA,NA,NA,NA,NA,NA
702089,S0710090022,SOUTH ETHIOPIA,Gamo,daramalo,shiela mulu,Rural,"12/13/2025, 6:09:41 PM","12/13/2025, 11:52:42 AM","12/13/2025, 6:09:20 PM",12/13/2025,13ff9fddb6200dd2,1,T28403,NA,male,7 8,0,0,0,0,0,0,1,1,0,97,0,0,0,1,Social study and career and technical education,3,NA,3,NA,1,NA,2009,2012,2,0,NA,NA,5,0,0,0,0,1,0,0,NA,1,NA,5 6,0,0,0,0,1,1,0,NA,1,1 3,1,0,1,0,0,0,NA,4 7,0,0,0,1,0,0,1,0,0,0,NA,5 6,0,0,0,0,1,1,0,0,0,0,NA,3 4,0,0,1,1,0,0,0,0,0,0,NA,3,2,2,1,3,2,3,2,3 4 5,0,0,1,1,1,0,0,0,0,0,0,0,0,NA,1,2,NA,2 3 4 8 11,0,1,1,1,0,0,0,1,0,0,1,0,0,NA,4,4,4,4,4,4,4,4,3,3,5,5,5,5,5,5,1,1,1,2 4 5,0,1,0,1,1,0,0,0,NA,4,3,3,3,4,4,4,3,4,5,4,2,NA,1,1,1,1,4,2 3,0,1,1,0,0,NA,2,NA,0,0,0,1,0,0,0,1,1,0,0,NA,4,4,1,1,3,1,3,3,3,3,3,3,3,3,3,3,3,3,4 11,0,0,0,1,0,0,0,0,0,0,1,2,1,2,3,1,4,1,3,3,2,10,4,3,3,3,4,3,4,4,3,4,4,1 2,1,1,0,0,0,0,0,NA,1,3,3,3,1,2,2,3,1,None,4 5,0,0,0,1,1,0,0,0,0,NA,32,NA,10700,No,uuid:f85fcf13-a01b-4a19-ada1-3ce5c0b79b81,2512111014,uuid:f85fcf13-a01b-4a19-ada1-3ce5c0b79b81,NA,NA,NA,NA,NA,NA,NA,NA,NA,NA
702089,S0710090022,SOUTH ETHIOPIA,Gamo,daramalo,shiela mulu,Rural,"12/13/2025, 6:40:53 PM","12/13/2025, 11:57:03 AM","12/13/2025, 6:37:09 PM",12/13/2025,15aee2f9fc7423e8,1,T28401,NA,male,5 6 7 8,0,0,0,0,1,1,1,1,0,2 97,0,1,0,1,General science,1,NA,2,NA,1,NA,2016,2016,1,0,NA,NA,1,1,0,0,0,0,0,0,NA,1,NA,6,0,0,0,0,0,1,0,NA,1,1 3,1,0,1,0,0,0,NA,1 3,1,0,1,0,0,0,0,0,0,0,NA,4 6,0,0,0,1,0,1,0,0,0,0,NA,3 5,0,0,1,0,1,0,0,0,0,0,NA,4,4,2,1,1,1,2,1,7 8 11,0,0,0,0,0,0,1,1,0,0,1,0,0,NA,3,2,NA,1 2 3 4 6 7 9 10,1,1,1,1,0,1,1,0,1,1,0,0,0,NA,4,4,4,4,4,4,4,3,3,3,5,5,3,5,5,5,1,1,1,5,0,0,0,0,1,0,0,0,NA,3,3,2,3,2,3,4,4,4,5,3,5,NA,1,1,1,4,4,2 4,0,1,0,1,0,NA,3,NA,1,1,0,0,1,0,0,1,1,0,0,NA,1,1,1,1,4,1,1,3,3,3,3,3,3,3,3,3,3,3,1 4,1,0,0,1,0,0,0,0,0,0,0,1,1,1,1,1,4,1,3,3,2,10,4,4,4,4,4,1,4,4,4,4,4,2 4,0,1,0,1,0,0,0,NA,1,3,3,3,3,2,1,3,1,No,3 4,0,0,1,1,0,0,0,0,0,NA,25,NA,9200,No,uuid:27eb4017-6111-4669-b93f-f6d42986b3b7,2512111014,uuid:27eb4017-6111-4669-b93f-f6d42986b3b7,NA,NA,NA,NA,NA,NA,NA,NA,NA,NA
702089,S0710090022,SOUTH ETHIOPIA,Gamo,daramalo,shiela mulu,Rural,"12/13/2025, 6:40:53 PM","12/13/2025, 12:36:34 PM","12/13/2025, 6:40:09 PM",12/13/2025,15aee2f9fc7423e8,1,T28402,NA,female,1 2 3 4,1,1,1,1,0,0,0,0,0,1,1,0,0,0,NA,1,NA,2,NA,1,NA,2015,2015,1,0,NA,NA,1,1,0,0,0,0,0,0,NA,1,NA,2,0,1,0,0,0,0,0,NA,1,1 3,1,0,1,0,0,0,NA,1 4,1,0,0,1,0,0,0,0,0,0,NA,2 6,0,1,0,0,0,1,0,0,0,0,NA,4 8,0,0,0,1,0,0,0,1,0,0,NA,3,3,2,1,2,2,2,1,7 11,0,0,0,0,0,0,1,0,0,0,1,0,0,NA,3,2,NA,1 2 3 4 9 10,1,1,1,1,0,0,0,0,1,1,0,0,0,NA,4,4,3,3,4,4,4,4,4,4,5,5,5,5,5,5,1,1,1,2 5,0,1,0,0,1,0,0,0,NA,3,3,2,3,2,3,4,4,3,4,4,5,NA,1,1,1,4,4,2 4,0,1,0,1,0,NA,3,NA,0,0,0,0,0,0,1,1,1,0,0,NA,1,1,1,1,4,1,1,3,2,2,2,3,3,3,3,3,3,3,4 5,0,0,0,1,1,0,0,0,0,0,0,4,1,4,1,1,4,1,3,3,1,10,4,4,4,4,4,1,4,4,4,4,4,2 4,0,1,0,1,0,0,0,NA,1,3,3,3,3,3,2,3,1,No,3 8,0,0,1,0,0,0,0,1,0,NA,24,NA,9759,No,uuid:56a26310-5717-45f5-a51d-44ba2032dae5,2512111014,uuid:56a26310-5717-45f5-a51d-44ba2032dae5,NA,NA,NA,NA,NA,NA,NA,NA,NA,NA
704230,S0710112082,SOUTH ETHIOPIA,Gofa,beto town admin,bala primary & junior,Urban,"12/20/2025, 9:12:33 AM","12/19/2025, 10:31:30 AM","12/19/2025, 12:18:46 PM",12/19/2025,f4f7c86f9b157d85,1,T25801,NA,male,6 7 8,0,0,0,0,0,1,1,1,0,1,1,0,0,0,NA,3,NA,2,NA,1,NA,2007,2015,3,0,NA,NA,1 2,1,1,0,0,0,0,0,NA,1,NA,6,0,0,0,0,0,1,0,NA,1,1 2,1,1,0,0,0,0,NA,3 4,0,0,1,1,0,0,0,0,0,0,NA,4 5,0,0,0,1,1,0,0,0,0,0,NA,4 7,0,0,0,1,0,0,1,0,0,0,NA,3,3,1,1,3,1,3,1,4 10 11,0,0,0,1,0,0,0,0,0,1,1,0,0,NA,3,2,NA,1 2 5 6 7 8,1,1,0,0,1,1,1,1,0,0,0,0,0,NA,1,3,3,2,3,3,4,4,4,4,5,5,2,4,5,5,1,1,1,2 5,0,1,0,0,1,0,0,0,NA,4,1,1,2,1,1,2,3,1,2,2,3,NA,4,4,4,4,4,2,0,1,0,0,0,NA,4,NA,0,0,0,1,0,0,0,1,0,0,0,NA,1,1,1,1,1,4,1,3,3,3,3,3,3,3,3,3,3,3,1 4,1,0,0,1,0,0,0,0,0,0,0,4,4,1,4,1,4,1,3,3,1,10,1,3,4,4,2,1,4,4,3,4,4,2 97,0,1,0,0,0,0,1,To get growth degree,1,3,3,3,1,3,3,3,1,None,97,0,0,0,0,0,0,0,0,1,None,30,NA,11464,None,uuid:f2b43a0e-453e-4c0d-9f01-de829f141a70,2512142209,uuid:f2b43a0e-453e-4c0d-9f01-de829f141a70,NA,NA,NA,NA,NA,NA,NA,NA,NA,NA
704230,S0710112082,SOUTH ETHIOPIA,Gofa,beto town admin,bala primary & junior,Urban,"12/20/2025, 9:12:34 AM","12/19/2025, 11:07:48 AM","12/19/2025, 11:41:52 AM",12/19/2025,f4f7c86f9b157d85,1,T25802,NA,female,7 8,0,0,0,0,0,0,1,1,0,3,0,0,1,0,NA,4,NA,2,NA,1,NA,2012,2013,2,0,NA,NA,1 2,1,1,0,0,0,0,0,NA,1,NA,6,0,0,0,0,0,1,0,NA,1,1 2,1,1,0,0,0,0,NA,4 9,0,0,0,1,0,0,0,0,1,0,NA,4 8,0,0,0,1,0,0,0,1,0,0,NA,4 6,0,0,0,1,0,1,0,0,0,0,NA,3,3,3,1,3,3,3,2,5 10 11,0,0,0,0,1,0,0,0,0,1,1,0,0,NA,3,3,NA,2 3 4 5 6 7 8 9 10,0,1,1,1,1,1,1,1,1,1,0,0,0,NA,4,4,4,3,4,4,4,3,3,4,5,5,4,5,5,5,1,1,1,5,0,0,0,0,1,0,0,0,NA,4,2,2,2,1,2,2,2,1,2,1,3,NA,4,4,4,2,4,2 4,0,1,0,1,0,NA,2,NA,1,1,0,1,0,1,1,1,1,0,0,NA,3,3,1,1,4,4,1,3,3,3,2,3,2,3,3,3,3,3,8 11,0,0,0,0,0,0,0,1,0,0,1,4,3,3,4,4,4,2,3,3,1,5,1,2,4,4,1,4,4,4,4,4,4,2 4,0,1,0,1,0,0,0,NA,1,1,2,3,1,3,2,1,1,None,97,0,0,0,0,0,0,0,0,1,None,27,NA,10704,"There is no teachers benefit,like training,to get growth degree.There's no laboratory room and materials,Lack of student textbook and Guide, baweketu payment alemekefel.",uuid:4f218783-444c-455e-ba54-42c859c4f199,2512142209,uuid:4f218783-444c-455e-ba54-42c859c4f199,NA,NA,NA,NA,NA,NA,NA,NA,NA,NA
704230,S0710112082,SOUTH ETHIOPIA,Gofa,beto town admin,bala primary & junior,Urban,"12/20/2025, 9:12:34 AM","12/19/2025, 11:42:16 AM","12/19/2025, 12:18:22 PM",12/19/2025,f4f7c86f9b157d85,1,T25803,NA,female,6 7 8,0,0,0,0,0,1,1,1,0,97,0,0,0,1,Visual Art,4,NA,3,NA,1,NA,2005,2013,3,0,NA,NA,1 2,1,1,0,0,0,0,0,NA,1,NA,6,0,0,0,0,0,1,0,NA,1,2,0,1,0,0,0,0,NA,1 4,1,0,0,1,0,0,0,0,0,0,NA,1 6,1,0,0,0,0,1,0,0,0,0,NA,6 8,0,0,0,0,0,1,0,1,0,0,NA,3,2,1,1,3,3,2,1,5,0,0,0,0,1,0,0,0,0,0,0,0,0,NA,3,2,NA,1 5 6 8 9 10,1,0,0,0,1,1,0,1,1,1,0,0,0,NA,4,4,4,3,4,4,4,4,4,4,5,5,5,5,5,5,1,1,1,5,0,0,0,0,1,0,0,0,NA,4,2,2,2,2,2,2,2,1,2,2,3,NA,4,3,4,2,4,2 4,0,1,0,1,0,NA,2,NA,0,0,0,1,0,0,0,1,1,0,0,NA,1,1,1,3,4,1,1,3,3,3,3,3,3,1,3,1,3,3,1 4,1,0,0,1,0,0,0,0,0,0,0,4,1,4,4,4,4,4,3,3,1,10,3,3,4,4,4,3,4,4,3,4,4,2 4 97,0,1,0,1,0,0,1,To get growth degree,1,3,3,3,1,3,2,3,1,None,97,0,0,0,0,0,0,0,0,1,None,35,NA,11440,None,uuid:8ef9658a-0e3d-4184-93a2-fa1ae6934f0c,2512142209,uuid:8ef9658a-0e3d-4184-93a2-fa1ae6934f0c,NA,NA,NA,NA,NA,NA,NA,NA,NA,NA
702335,S0710120672,SOUTH ETHIOPIA,Gamo,garda marta,kola layisha,Rural,"12/10/2025, 7:44:27 PM","12/10/2025, 8:49:27 AM","12/10/2025, 7:38:26 PM",12/10/2025,13ff9fddb6200dd2,1,T28503,NA,male,5 6 7,0,0,0,0,1,1,1,0,0,1,1,0,0,0,NA,3,NA,5,NA,1,NA,2010,2010,1,0,NA,NA,1,1,0,0,0,0,0,0,NA,1,NA,97,0,0,0,0,0,0,1,Another teachers teaches  his/her  own subject,1,3,0,0,1,0,0,0,NA,3 4 5 6 7,0,0,1,1,1,1,1,0,0,0,NA,1 7,1,0,0,0,0,0,1,0,0,0,NA,4 6,0,0,0,1,0,1,0,0,0,0,NA,3,3,2,1,2,1,3,3,2 4 11,0,1,0,1,0,0,0,0,0,0,1,0,0,NA,4,2,NA,1 2 3 4 5 6 7 8 9 10 11,1,1,1,1,1,1,1,1,1,1,1,0,0,NA,4,4,4,4,4,4,4,3,3,3,5,5,3,4,4,5,2,2,1,2 3 5,0,1,1,0,1,0,0,0,NA,2,4,2,3,4,4,4,4,2,4,2,4,NA,1,1,1,1,4,1 2,1,1,0,0,0,NA,3,NA,0,0,0,0,1,0,0,1,1,0,0,NA,1,1,1,1,4,1,1,3,3,3,3,3,3,3,1,3,3,3,8 11,0,0,0,0,0,0,0,1,0,0,1,1,1,1,2,3,4,1,3,3,4,9,3,2,4,3,4,2,4,4,3,4,4,4,0,0,0,1,0,0,0,NA,1,3,3,3,2,2,2,2,2,None,4 6,0,0,0,1,0,1,0,0,0,NA,27,NA,10559,None,uuid:d947eaab-f57b-4c3c-8ce8-d43b5b1f3ad4,2512040829,uuid:d947eaab-f57b-4c3c-8ce8-d43b5b1f3ad4,NA,NA,NA,NA,NA,NA,NA,NA,NA,NA
702335,S0710120672,SOUTH ETHIOPIA,Gamo,garda marta,kola layisha,Rural,"12/11/2025, 12:39:18 AM","12/10/2025, 8:33:33 AM","12/10/2025, 10:29:27 PM",12/10/2025,15aee2f9fc7423e8,1,T28501,NA,female,1 2 3 4 7,1,1,1,1,0,0,1,0,0,1,1,0,0,0,NA,4,NA,2,NA,1,NA,2006,2017,5,0,NA,NA,1,1,0,0,0,0,0,0,NA,1,NA,2,0,1,0,0,0,0,0,NA,1,1 3,1,0,1,0,0,0,NA,1 2 4 5,1,1,0,1,1,0,0,0,0,0,NA,4 5,0,0,0,1,1,0,0,0,0,0,NA,5 6,0,0,0,0,1,1,0,0,0,0,NA,2,2,2,1,2,2,2,1,6 8 9 11,0,0,0,0,0,1,0,1,1,0,1,0,0,NA,4,2,NA,1 4 8 9 10 11,1,0,0,1,0,0,0,1,1,1,1,0,0,NA,3,3,3,3,4,4,4,3,3,4,5,5,2,5,5,5,1,1,1,2 5,0,1,0,0,1,0,0,0,NA,4,3,1,3,2,3,4,5,4,5,2,1,NA,1,1,1,4,4,2 4,0,1,0,1,0,NA,3,NA,1,1,0,0,0,1,1,1,1,1,0,NA,4,2,1,1,4,1,1,3,3,3,3,3,3,2,3,3,3,3,1 4,1,0,0,1,0,0,0,0,0,0,0,4,4,4,4,1,3,1,3,1,2,10,3,3,4,4,4,1,4,4,4,4,4,1 4,1,0,0,1,0,0,0,NA,1,2,2,3,3,2,1,1,1,No,3 7,0,0,1,0,0,0,1,0,0,NA,30,NA,16348,No,uuid:f7c70865-d042-4b9b-9e52-b081f341a4b7,2512040829,uuid:f7c70865-d042-4b9b-9e52-b081f341a4b7,NA,NA,NA,NA,NA,NA,NA,NA,NA,NA
702335,S0710120672,SOUTH ETHIOPIA,Gamo,garda marta,kola layisha,Rural,"12/11/2025, 12:39:18 AM","12/10/2025, 9:40:09 AM","12/10/2025, 10:29:33 PM",12/10/2025,15aee2f9fc7423e8,1,T28502,NA,male,2 3 4 7 8,0,1,1,1,0,0,1,1,0,2 97,0,1,0,1,General biology,1,NA,5,NA,1,NA,2015,2017,4,0,NA,NA,1,1,0,0,0,0,0,0,NA,1,NA,6,0,0,0,0,0,1,0,NA,1,1 3,1,0,1,0,0,0,NA,1 4 5,1,0,0,1,1,0,0,0,0,0,NA,1 5,1,0,0,0,1,0,0,0,0,0,NA,4 5,0,0,0,1,1,0,0,0,0,0,NA,2,2,1,1,4,1,3,1,7 8 11,0,0,0,0,0,0,1,1,0,0,1,0,0,NA,0,2,NA,1 4 8 9 10,1,0,0,1,0,0,0,1,1,1,0,0,0,NA,3,3,3,1,4,4,4,1,3,4,5,5,1,4,4,5,1,1,1,2 5,0,1,0,0,1,0,0,0,NA,2,3,1,3,3,3,4,3,5,5,2,3,NA,1,3,3,4,4,1 2 4,1,1,0,1,0,NA,5,NA,0,1,0,1,1,1,1,1,1,1,0,NA,4,3,1,1,4,1,1,1,3,3,1,3,2,3,1,3,3,3,1 11,1,0,0,0,0,0,0,0,0,0,1,4,3,3,3,1,4,3,3,3,2,10,1,1,4,4,4,4,4,4,4,4,4,2 4,0,1,0,1,0,0,0,NA,1,3,3,3,1,3,1,1,1,No,4 7,0,0,0,1,0,0,1,0,0,NA,28,NA,9900,N0,uuid:428745eb-72f1-4ddd-bf95-b937825e81c0,2512040829,uuid:428745eb-72f1-4ddd-bf95-b937825e81c0,NA,NA,NA,NA,NA,NA,NA,NA,NA,NA
702414,S0710130502,SOUTH ETHIOPIA,Gamo,gerese,shalie,Rural,"12/9/2025, 8:22:09 PM","12/9/2025, 10:46:53 AM","12/9/2025, 8:20:36 PM",12/9/2025,15aee2f9fc7423e8,1,T27001,NA,female,1 2 3 4,1,1,1,1,0,0,0,0,0,97,0,0,0,1,Gamogna,3,NA,3,NA,1,NA,2011,2017,3,1,1,3,1,1,0,0,0,0,0,0,NA,5,NA,2 6,0,1,0,0,0,1,0,NA,1,1 3,1,0,1,0,0,0,NA,1 2 5 6,1,1,0,0,1,1,0,0,0,0,NA,4 8,0,0,0,1,0,0,0,1,0,0,NA,2 6,0,1,0,0,0,1,0,0,0,0,NA,2,1,1,1,3,1,2,1,6 11,0,0,0,0,0,1,0,0,0,0,1,0,0,NA,3,2,NA,1 8 9 10 11,1,0,0,0,0,0,0,1,1,1,1,0,0,NA,4,4,4,3,3,3,3,1,3,3,5,4,2,5,5,5,1,1,1,2 3 4 5,0,1,1,1,1,0,0,0,NA,3,4,1,2,2,4,4,5,2,5,3,5,NA,4,3,4,4,4,2,0,1,0,0,0,NA,3,NA,0,0,0,0,1,1,1,1,1,1,0,NA,3,3,1,1,4,1,1,3,3,3,3,3,3,3,3,3,3,3,1 11,1,0,0,0,0,0,0,0,0,0,1,4,3,4,3,1,4,1,3,3,1,10,4,3,4,4,4,3,4,4,4,4,4,2 4,0,1,0,1,0,0,0,NA,1,3,3,3,3,1,1,3,1,No,3 4,0,0,1,1,0,0,0,0,0,NA,27,NA,10600,No,uuid:ed016258-2318-4b05-806c-d343c387885d,2512040829,uuid:ed016258-2318-4b05-806c-d343c387885d,NA,NA,NA,NA,NA,NA,NA,NA,NA,NA
702414,S0710130502,SOUTH ETHIOPIA,Gamo,gerese,shalie,Rural,"12/9/2025, 8:22:09 PM","12/9/2025, 11:33:42 AM","12/9/2025, 8:20:45 PM",12/9/2025,15aee2f9fc7423e8,1,T27002,NA,male,5 6 7 8,0,0,0,0,1,1,1,1,0,97,0,0,0,1,Gamogna,3,NA,5,NA,1,NA,2011,2015,2,0,NA,NA,1,1,0,0,0,0,0,0,NA,5,NA,2 6,0,1,0,0,0,1,0,NA,1,1 3,1,0,1,0,0,0,NA,1 2 4 5 6 8,1,1,0,1,1,1,0,1,0,0,NA,1 4,1,0,0,1,0,0,0,0,0,0,NA,4 6,0,0,0,1,0,1,0,0,0,0,NA,3,3,1,1,1,1,2,1,6 9 11,0,0,0,0,0,1,0,0,1,0,1,0,0,NA,3,2,NA,1 2 3 4 5 8 9,1,1,1,1,1,0,0,1,1,0,0,0,0,NA,4,4,4,4,3,4,3,3,4,4,5,5,5,5,5,5,1,2,1,2 5,0,1,0,0,1,0,0,0,NA,4,2,2,2,2,3,5,4,3,4,2,1,NA,4,4,4,4,4,2 3 4,0,1,1,1,0,NA,2,NA,1,0,0,1,0,1,1,1,1,1,0,NA,1,1,1,1,4,1,1,3,3,3,3,3,3,3,3,3,3,3,4 5,0,0,0,1,1,0,0,0,0,0,0,4,1,1,1,1,4,1,3,3,1,10,4,4,4,4,4,4,4,4,4,4,4,2 4,0,1,0,1,0,0,0,NA,1,1,3,3,1,2,2,1,1,No,3 4,0,0,1,1,0,0,0,0,0,NA,31,NA,10700,Water yelem yemebrat cheger,uuid:02f892cf-87f3-4415-9591-11f503d75dd5,2512040829,uuid:02f892cf-87f3-4415-9591-11f503d75dd5,NA,NA,NA,NA,NA,NA,NA,NA,NA,NA
702414,S0710130502,SOUTH ETHIOPIA,Gamo,gerese,shalie,Rural,"12/9/2025, 8:24:02 PM","12/9/2025, 11:05:13 AM","12/9/2025, 8:15:09 PM",12/9/2025,13ff9fddb6200dd2,1,T27003,NA,male,4 5 6 7 8,0,0,0,1,1,1,1,1,0,97,0,0,0,1,Natural science[tefetro sayince,5,NA,3,NA,1,NA,2000,2005,3,0,NA,NA,1,1,0,0,0,0,0,0,NA,1,NA,6 97,0,0,0,0,0,1,1,Another teacher teachs his own subject,1,1 3,1,0,1,0,0,0,NA,3 4 5 6 7,0,0,1,1,1,1,1,0,0,0,NA,3 4,0,0,1,1,0,0,0,0,0,0,NA,3 4,0,0,1,1,0,0,0,0,0,0,NA,4,3,1,1,1,2,3,1,4 5 8 9,0,0,0,1,1,0,0,1,1,0,0,0,0,NA,2,2,NA,1 2 3 4 5 6 7 8 9 10 11,1,1,1,1,1,1,1,1,1,1,1,0,0,NA,4,4,4,4,3,4,4,2,3,3,5,4,4,5,4,5,1,1,1,1 2 3 4 5,1,1,1,1,1,0,0,0,NA,4,4,2,4,4,4,5,4,4,5,4,3,NA,1,1,1,1,3,1 2 3 4,1,1,1,1,0,NA,2,NA,0,0,0,1,1,0,1,1,1,0,0,NA,1,1,1,1,4,1,1,3,3,3,3,3,3,3,3,3,3,3,4 11,0,0,0,1,0,0,0,0,0,0,1,1,1,1,1,3,4,1,3,3,4,8,2,4,1,3,4,3,4,4,4,4,4,1 4,1,0,0,1,0,0,0,NA,1,3,3,3,1,1,3,2,1,None,4 6,0,0,0,1,0,1,0,0,0,NA,41,NA,14160,None,uuid:4ef8710b-d8c7-4fd3-b8f4-ff32642c3786,2512040829,uuid:4ef8710b-d8c7-4fd3-b8f4-ff32642c3786,NA,NA,NA,NA,NA,NA,NA,NA,NA,NA
703715,S0710140322,SOUTH ETHIOPIA,Gofa,bulki town ad.,buleki milinium,Urban,"12/18/2025, 7:12:29 PM","12/18/2025, 9:18:05 AM","12/18/2025, 10:05:36 AM",12/18/2025,f4f7c86f9b157d85,1,T26201,NA,female,4,0,0,0,1,0,0,0,0,0,97,0,0,0,1,Sport Science,4,NA,5,NA,1,NA,1998,2009,4,0,NA,NA,2,0,1,0,0,0,0,0,NA,1,NA,2,0,1,0,0,0,0,0,NA,1,1 4 97,1,0,0,1,0,1,PTS,4 9,0,0,0,1,0,0,0,0,1,0,NA,4 6,0,0,0,1,0,1,0,0,0,0,NA,4 6,0,0,0,1,0,1,0,0,0,0,NA,4,3,4,3,1,3,3,2,8 9 10 11,0,0,0,0,0,0,0,1,1,1,1,0,0,NA,4,2,NA,2 3 5 6 7 8 9 10,0,1,1,0,1,1,1,1,1,1,0,0,0,NA,4,4,4,3,4,4,3,3,3,3,3,5,5,5,3,5,1,2,1,5,0,0,0,0,1,0,0,0,NA,4,4,2,2,2,2,2,2,1,2,2,3,NA,4,4,4,2,4,1 2 3 4,1,1,1,1,0,NA,2,NA,0,1,0,1,0,0,0,1,0,0,0,NA,3,1,1,1,4,4,1,2,1,1,1,3,3,2,1,3,3,3,1 4,1,0,0,1,0,0,0,0,0,0,0,4,3,2,4,4,4,4,3,3,1,10,1,3,4,4,4,4,4,4,4,4,4,2 4 97,0,1,0,1,0,0,1,Zewewer Mefeleg(ba tedare teleyayeta selalech),1,2,2,3,1,3,3,2,1,None,97,0,0,0,0,0,0,0,0,1,None,37,NA,15412,"There is no Teachers benefit,There's no update teachers professional like training,There's no HPE material resources like soap,ball,Clothes,Lack of Budget,There's no Library room,No Supporting Organization,No ICT professional Teachers.",uuid:838b2df2-cbfe-43d7-8d6c-6a9e35a907cc,2512142209,uuid:838b2df2-cbfe-43d7-8d6c-6a9e35a907cc,NA,NA,NA,NA,NA,NA,NA,NA,NA,NA
703715,S0710140322,SOUTH ETHIOPIA,Gofa,bulki town ad.,buleki milinium,Urban,"12/18/2025, 7:12:31 PM","12/18/2025, 1:09:32 PM","12/18/2025, 2:05:53 PM",12/18/2025,f4f7c86f9b157d85,1,T26202,NA,male,5 8,0,0,0,0,1,0,0,1,0,3,0,0,1,0,NA,3,NA,2,NA,1,NA,2007,2014,3,0,NA,NA,2,0,1,0,0,0,0,0,NA,1,NA,6,0,0,0,0,0,1,0,NA,1,1 2,1,1,0,0,0,0,NA,4 9,0,0,0,1,0,0,0,0,1,0,NA,1 4,1,0,0,1,0,0,0,0,0,0,NA,4 5,0,0,0,1,1,0,0,0,0,0,NA,3,3,3,2,3,2,3,1,6 7 10 11,0,0,0,0,0,1,1,0,0,1,1,0,0,NA,3,2,NA,1 2 3 4 5 6 7 8 9 10,1,1,1,1,1,1,1,1,1,1,0,0,0,NA,4,4,4,4,4,4,4,4,4,4,5,5,5,5,4,5,1,1,1,5,0,0,0,0,1,0,0,0,NA,4,2,2,2,2,3,2,3,2,2,2,4,NA,4,4,4,2,4,2 3 4,0,1,1,1,0,NA,1,NA,1,1,0,1,1,1,1,1,1,0,0,NA,3,3,1,1,4,1,1,3,1,3,3,3,3,3,3,3,3,1,4 6,0,0,0,1,0,1,0,0,0,0,0,4,1,3,3,1,4,1,2,1,1,10,3,4,1,4,4,1,4,4,4,4,4,4 97,0,0,0,1,0,0,1,Degree lememare,1,2,2,3,1,3,3,2,1,None,97,0,0,0,0,0,0,0,0,1,None,34,NA,11400,"There is no opportunity of teachers' professional training,lack of budget,lack of school projects",uuid:de3724fe-0fa5-4b1a-a29d-5049d30f7791,2512142209,uuid:de3724fe-0fa5-4b1a-a29d-5049d30f7791,NA,NA,NA,NA,NA,NA,NA,NA,NA,NA
703715,S0710140322,SOUTH ETHIOPIA,Gofa,bulki town ad.,buleki milinium,Urban,"12/18/2025, 7:12:33 PM","12/18/2025, 2:05:56 PM","12/18/2025, 2:41:31 PM",12/18/2025,f4f7c86f9b157d85,1,T26203,NA,female,6,0,0,0,0,0,1,0,0,0,1,1,0,0,0,NA,4,NA,2,NA,1,NA,2006,2011,4,0,NA,NA,1 2,1,1,0,0,0,0,0,NA,1,NA,2 6,0,1,0,0,0,1,0,NA,1,2,0,1,0,0,0,0,NA,3 4,0,0,1,1,0,0,0,0,0,0,NA,4 5,0,0,0,1,1,0,0,0,0,0,NA,3 6,0,0,1,0,0,1,0,0,0,0,NA,4,3,3,2,3,3,3,2,5 10 11,0,0,0,0,1,0,0,0,0,1,1,0,0,NA,2,3,NA,2 3 4 5 6 9 10,0,1,1,1,1,1,0,0,1,1,0,0,0,NA,4,4,4,3,4,4,3,4,4,4,5,5,5,5,5,5,1,1,1,2 5,0,1,0,0,1,0,0,0,NA,4,3,2,2,2,4,2,2,1,2,2,3,NA,1,4,4,2,4,1 4,1,0,0,1,0,NA,2,NA,0,0,0,0,0,0,0,1,1,0,0,NA,1,1,1,1,4,1,1,2,3,3,2,3,2,3,2,3,3,3,1 11,1,0,0,0,0,0,0,0,0,0,1,4,1,4,4,1,4,1,3,3,1,10,4,4,4,4,4,1,4,4,4,4,4,4 97,0,0,0,1,0,0,1,To get growth degree,1,3,3,3,2,3,3,3,1,None,97,0,0,0,0,0,0,0,0,1,None,30,NA,11474,None,uuid:192c8700-8707-4e21-bf97-f040f3d89910,2512142209,uuid:192c8700-8707-4e21-bf97-f040f3d89910,NA,NA,NA,NA,NA,NA,NA,NA,NA,NA
703717,S0710141002,SOUTH ETHIOPIA,Gofa,bulki town ad.,buliki tsire,Urban,"12/17/2025, 4:58:49 PM","12/17/2025, 9:48:46 AM","12/17/2025, 10:54:03 AM",12/17/2025,f4f7c86f9b157d85,1,T26301,NA,male,5 6 7 8,0,0,0,0,1,1,1,1,0,97,0,0,0,1,Visual Art,3,NA,3,NA,1,NA,2015,2017,2,0,NA,NA,1,1,0,0,0,0,0,0,NA,1,NA,97,0,0,0,0,0,0,1,Library,1,1,1,0,0,0,0,0,NA,4,0,0,0,1,0,0,0,0,0,0,NA,4 6,0,0,0,1,0,1,0,0,0,0,NA,3 4,0,0,1,1,0,0,0,0,0,0,NA,4,3,3,1,3,1,3,1,3,0,0,1,0,0,0,0,0,0,0,0,0,0,NA,2,2,NA,2 3 5 6 8 9 10,0,1,1,0,1,1,0,1,1,1,0,0,0,NA,4,4,4,4,4,4,4,3,4,4,4,5,3,3,4,4,1,1,2,5,0,0,0,0,1,0,0,0,NA,4,2,2,2,2,1,2,2,1,2,2,3,NA,4,4,4,2,4,3 4,0,0,1,1,0,NA,2,NA,1,1,0,1,1,1,1,1,1,1,0,NA,3,3,1,1,4,1,1,1,2,3,3,3,3,3,3,3,3,3,1 4,1,0,0,1,0,0,0,0,0,0,0,4,1,3,4,3,4,1,3,3,1,10,1,3,4,4,4,2,4,4,3,4,4,1 2 4,1,1,0,1,0,0,0,NA,1,3,3,2,2,2,2,2,2,None,97,0,0,0,0,0,0,0,0,1,None,29,NA,13703,None,uuid:f4c8a69b-cb7b-481d-8fec-3fa64d2f2244,2512142209,uuid:f4c8a69b-cb7b-481d-8fec-3fa64d2f2244,NA,NA,NA,NA,NA,NA,NA,NA,NA,NA
703717,S0710141002,SOUTH ETHIOPIA,Gofa,bulki town ad.,buliki tsire,Urban,"12/17/2025, 4:58:50 PM","12/17/2025, 10:54:12 AM","12/17/2025, 11:23:42 AM",12/17/2025,f4f7c86f9b157d85,1,T26302,NA,female,7 8,0,0,0,0,0,0,1,1,0,2 97,0,1,0,1,ICT,3,NA,3,NA,1,NA,2011,2016,4,1,1,2,1,1,0,0,0,0,0,0,NA,1,NA,6,0,0,0,0,0,1,0,NA,1,1,1,0,0,0,0,0,NA,3,0,0,1,0,0,0,0,0,0,0,NA,4 6,0,0,0,1,0,1,0,0,0,0,NA,2 4,0,1,0,1,0,0,0,0,0,0,NA,3,3,3,2,3,2,2,2,5 10 11,0,0,0,0,1,0,0,0,0,1,1,0,0,NA,3,3,NA,1 2 3 4 5 6 9 10,1,1,1,1,1,1,0,0,1,1,0,0,0,NA,4,3,4,3,4,4,3,4,3,3,5,5,3,4,5,5,1,1,1,5,0,0,0,0,1,0,0,0,NA,4,2,1,2,2,2,2,2,1,2,2,3,NA,4,1,1,1,4,3,0,0,1,0,0,NA,2,NA,0,0,0,0,0,0,1,1,1,1,0,NA,3,3,1,1,4,1,2,3,2,3,3,3,3,3,3,3,3,3,1 5,1,0,0,0,1,0,0,0,0,0,0,4,1,4,1,3,4,4,3,3,1,10,4,3,4,4,4,1,4,3,3,4,4,2 4,0,1,0,1,0,0,0,NA,1,3,3,3,2,3,2,2,2,None,97,0,0,0,0,0,0,0,0,1,None,24,NA,10886,"Uncomfortable road,There's no ICT Material like Computer,There's no Electrical Power(Solar),No Pipe water,Lack of learning material like Textbook,There's no Update Teachers professional like training.",uuid:d7cad96d-4c47-44df-b48b-1eae323262e7,2512142209,uuid:d7cad96d-4c47-44df-b48b-1eae323262e7,NA,NA,NA,NA,NA,NA,NA,NA,NA,NA
703717,S0710141002,SOUTH ETHIOPIA,Gofa,bulki town ad.,buliki tsire,Urban,"12/17/2025, 4:58:50 PM","12/17/2025, 11:23:46 AM","12/17/2025, 12:00:02 PM",12/17/2025,f4f7c86f9b157d85,1,T26303,NA,female,1 2 3 4,1,1,1,1,0,0,0,0,0,2,0,1,0,0,NA,3,NA,2,NA,1,NA,2009,2016,2,0,NA,NA,1,1,0,0,0,0,0,0,NA,1,NA,6,0,0,0,0,0,1,0,NA,1,1 4,1,0,0,1,0,0,NA,2 4,0,1,0,1,0,0,0,0,0,0,NA,3 6,0,0,1,0,0,1,0,0,0,0,NA,3 5,0,0,1,0,1,0,0,0,0,0,NA,4,3,2,2,3,2,2,3,3,0,0,1,0,0,0,0,0,0,0,0,0,0,NA,2,3,NA,1 2 3 4 5 6 7 8 9 10,1,1,1,1,1,1,1,1,1,1,0,0,0,NA,4,4,4,4,4,4,3,3,4,4,5,5,5,5,3,5,1,2,1,5,0,0,0,0,1,0,0,0,NA,4,4,2,2,2,2,2,4,1,2,2,1,NA,4,4,4,2,4,3 4,0,0,1,1,0,NA,1,NA,0,0,0,0,0,0,0,1,1,0,0,NA,3,1,1,4,4,4,1,3,3,3,3,2,3,3,3,2,3,1,4 8,0,0,0,1,0,0,0,1,0,0,0,4,1,4,4,4,4,1,2,3,1,10,4,3,4,4,4,1,3,4,4,4,4,2 4,0,1,0,1,0,0,0,NA,1,2,3,3,3,1,2,3,3,None,97,0,0,0,0,0,0,0,0,1,None,35,NA,10600,"There's no pipe water,uncomfortable road,There's no Students textbook,There's no Electric power(solar)",uuid:6fd6d0ce-bca6-4784-bf7b-9fec6c21a71f,2512142209,uuid:6fd6d0ce-bca6-4784-bf7b-9fec6c21a71f,NA,NA,NA,NA,NA,NA,NA,NA,NA,NA
704140,s0710150432,SOUTH ETHIOPIA,Gofa,oyda,oyeda marekala,Rural,"12/16/2025, 4:34:11 PM","12/16/2025, 10:30:26 AM","12/16/2025, 11:10:37 AM",12/16/2025,f4f7c86f9b157d85,1,T28101,NA,male,7 8,0,0,0,0,0,0,1,1,0,3 97,0,0,1,1,ICT,4,NA,2,NA,0,NA,2010,2013,3,0,NA,NA,1,1,0,0,0,0,0,0,NA,1,NA,6,0,0,0,0,0,1,0,NA,1,1 4,1,0,0,1,0,0,NA,1 2 3 4 7,1,1,1,1,0,0,1,0,0,0,NA,4 6,0,0,0,1,0,1,0,0,0,0,NA,5 7,0,0,0,0,1,0,1,0,0,0,NA,3,2,4,1,3,1,2,1,4 5,0,0,0,1,1,0,0,0,0,0,0,0,0,NA,3,3,NA,1 2 3 4 5 6 7 8 9 10,1,1,1,1,1,1,1,1,1,1,0,0,0,NA,4,3,3,3,4,4,3,3,4,4,3,4,5,3,5,3,1,1,1,2 5,0,1,0,0,1,0,0,0,NA,4,2,1,2,2,2,4,4,1,2,2,3,NA,4,4,4,1,4,2,0,1,0,0,0,NA,3,NA,0,0,0,1,0,0,1,1,1,1,0,NA,3,3,1,4,4,4,4,3,1,3,3,3,3,3,3,3,3,3,4 7,0,0,0,1,0,0,1,0,0,0,0,4,1,4,4,4,4,4,3,3,1,8,1,3,4,4,4,2,4,4,4,4,4,1 4,1,0,0,1,0,0,0,NA,1,3,3,3,1,2,3,3,1,None,97,0,0,0,0,0,0,0,0,1,None,28,NA,11480,"There's no ICT Material like Computer,electric power,No Teachers and Students textbook,Guide book,Lack of School budget(Lack of learning resources),Lack of student chair",uuid:b5815ac1-8f61-4e15-934a-00a6e7c258ea,2512142209,uuid:b5815ac1-8f61-4e15-934a-00a6e7c258ea,NA,NA,NA,NA,NA,NA,NA,NA,NA,NA
704140,s0710150432,SOUTH ETHIOPIA,Gofa,oyda,oyeda marekala,Rural,"12/16/2025, 4:34:12 PM","12/16/2025, 11:10:46 AM","12/16/2025, 11:37:39 AM",12/16/2025,f4f7c86f9b157d85,1,T28102,NA,female,5 6 7 8,0,0,0,0,1,1,1,1,0,2,0,1,0,0,NA,3,NA,3,NA,1,NA,2012,2018,2,0,NA,NA,1,1,0,0,0,0,0,0,NA,1,NA,6,0,0,0,0,0,1,0,NA,1,1,1,0,0,0,0,0,NA,4,0,0,0,1,0,0,0,0,0,0,NA,4 7,0,0,0,1,0,0,1,0,0,0,NA,4 6,0,0,0,1,0,1,0,0,0,0,NA,2,3,2,1,3,1,1,1,3,0,0,1,0,0,0,0,0,0,0,0,0,0,NA,2,3,NA,3 6,0,0,1,0,0,1,0,0,0,0,0,0,0,NA,4,4,4,3,4,4,3,3,3,4,5,5,3,5,5,5,1,1,1,2 5,0,1,0,0,1,0,0,0,NA,4,2,1,2,2,2,2,2,1,2,2,3,NA,4,3,4,2,4,2,0,1,0,0,0,NA,3,NA,0,0,0,0,0,1,1,1,1,0,0,NA,4,4,1,1,4,4,1,3,1,3,3,3,2,2,3,3,3,1,4 11,0,0,0,1,0,0,0,0,0,0,1,4,1,4,4,1,4,4,3,3,1,10,1,3,4,4,4,4,4,4,3,4,4,1 4,1,0,0,1,0,0,0,NA,0,NA,NA,NA,NA,NA,NA,NA,NA,NA,97,0,0,0,0,0,0,0,0,1,None,28,NA,9951,"Lack of learning resources,Teachers training",uuid:f3fa677b-e23d-4426-9b8b-4e21dad4b9e5,2512142209,uuid:f3fa677b-e23d-4426-9b8b-4e21dad4b9e5,NA,NA,NA,NA,NA,NA,NA,NA,NA,NA
704140,s0710150432,SOUTH ETHIOPIA,Gofa,oyda,oyeda marekala,Rural,"12/16/2025, 4:34:12 PM","12/16/2025, 11:37:43 AM","12/16/2025, 12:10:39 PM",12/16/2025,f4f7c86f9b157d85,1,T28103,NA,female,1 2 3 4,1,1,1,1,0,0,0,0,0,3,0,0,1,0,NA,3,NA,2,NA,1,NA,2008,2015,3,0,NA,NA,1,1,0,0,0,0,0,0,NA,1,NA,6,0,0,0,0,0,1,0,NA,1,1,1,0,0,0,0,0,NA,4,0,0,0,1,0,0,0,0,0,0,NA,4 5,0,0,0,1,1,0,0,0,0,0,NA,4 6,0,0,0,1,0,1,0,0,0,0,NA,2,2,3,1,3,1,1,1,5,0,0,0,0,1,0,0,0,0,0,0,0,0,NA,2,2,NA,1 4 5 6 7 8 9 10,1,0,0,1,1,1,1,1,1,1,0,0,0,NA,3,4,4,2,3,3,4,3,4,2,5,3,5,5,5,3,1,1,1,5,0,0,0,0,1,0,0,0,NA,2,1,1,2,3,1,2,2,1,2,2,3,NA,2,1,1,1,4,2,0,1,0,0,0,NA,3,NA,0,1,0,1,0,1,1,1,1,0,0,NA,3,3,1,1,4,1,1,3,3,3,3,3,3,3,3,3,3,3,1 4,1,0,0,1,0,0,0,0,0,0,0,4,1,4,4,4,4,4,3,3,1,10,4,4,1,4,4,4,3,4,4,4,4,2 4,0,1,0,1,0,0,0,NA,1,3,2,2,1,3,3,2,1,None,97,0,0,0,0,0,0,0,0,1,None,38,NA,10000,"Ka adisu curriculum gar beteyayaze ba temerekubt aydelm eyeseraw yalewt(Lack of teachers) Update Teachers professional training,Demoz baweketu alemekefel.",uuid:1407317d-41f3-415e-a1b9-ff935859895b,2512142209,uuid:1407317d-41f3-415e-a1b9-ff935859895b,NA,NA,NA,NA,NA,NA,NA,NA,NA,NA
704117,S0710151002,SOUTH ETHIOPIA,Gofa,oyda,baneda mulu,Urban,"12/15/2025, 2:37:19 PM","12/15/2025, 10:18:24 AM","12/15/2025, 1:41:12 PM",12/15/2025,f4f7c86f9b157d85,1,T28001,NA,female,2 3,0,1,1,0,0,0,0,0,0,1,1,0,0,0,NA,3,NA,2,NA,0,NA,2009,2014,4,0,NA,NA,1 2,1,1,0,0,0,0,0,NA,1,NA,6 97,0,0,0,0,0,1,1,Sport activities,1,1 2 3,1,1,1,0,0,0,NA,4,0,0,0,1,0,0,0,0,0,0,NA,7 8,0,0,0,0,0,0,1,1,0,0,NA,4 6,0,0,0,1,0,1,0,0,0,0,NA,4,4,3,2,3,1,1,1,8 10 11,0,0,0,0,0,0,0,1,0,1,1,0,0,NA,3,2,NA,1 2 5 9 10,1,1,0,0,1,0,0,0,1,1,0,0,0,NA,1,4,4,1,4,4,4,4,4,4,3,3,3,5,3,4,1,1,1,2 5,0,1,0,0,1,0,0,0,NA,3,4,1,2,2,4,2,3,1,4,2,3,NA,4,4,4,1,4,2 4,0,1,0,1,0,NA,1,NA,0,0,1,1,0,0,1,1,1,0,0,NA,1,1,1,1,4,1,1,1,3,2,3,2,2,2,3,3,3,3,3 11,0,0,1,0,0,0,0,0,0,0,1,4,1,4,4,1,4,1,3,3,1,5,1,3,1,4,2,4,2,4,4,4,4,1 4,1,0,0,1,0,0,0,NA,0,NA,NA,NA,NA,NA,NA,NA,NA,NA,97,0,0,0,0,0,0,0,0,1,None,32,NA,10400,"Demoz baweketu alemekefel,Wezef demoz Alemekfel(2016 genbot ena sena,2017 Megabit,2018 Meskerem)Lack of Teachers training,Lack of Teachers and Students like  Guide book,handbook,Not good School environment(Mechu class alemenore)",uuid:1d53a0f2-3b18-4ba3-ad21-385012caefc9,2512142209,uuid:1d53a0f2-3b18-4ba3-ad21-385012caefc9,NA,NA,NA,NA,NA,NA,NA,NA,NA,NA
704117,S0710151002,SOUTH ETHIOPIA,Gofa,oyda,baneda mulu,Urban,"12/15/2025, 2:37:19 PM","12/15/2025, 12:38:21 PM","12/15/2025, 1:41:00 PM",12/15/2025,f4f7c86f9b157d85,1,T28002,NA,female,6 7 8,0,0,0,0,0,1,1,1,0,97,0,0,0,1,Performance visual Art,3,NA,2,NA,0,NA,2008,2009,2,0,NA,NA,2,0,1,0,0,0,0,0,NA,1,NA,97,0,0,0,0,0,0,1,Library,1,2,0,1,0,0,0,0,NA,4 7,0,0,0,1,0,0,1,0,0,0,NA,4 8,0,0,0,1,0,0,0,1,0,0,NA,4 5,0,0,0,1,1,0,0,0,0,0,NA,3,3,3,1,1,1,2,1,6 11,0,0,0,0,0,1,0,0,0,0,1,0,0,NA,3,2,NA,1 2 3 4 5 6,1,1,1,1,1,1,0,0,0,0,0,0,0,NA,4,4,4,3,4,4,4,3,3,3,5,5,3,5,5,5,1,1,1,2 5,0,1,0,0,1,0,0,0,NA,2,2,2,2,2,2,2,2,1,2,1,3,NA,4,4,4,1,4,3 4,0,0,1,1,0,NA,1,NA,0,1,0,0,0,1,1,1,1,0,0,NA,3,1,1,1,4,4,1,3,3,2,1,3,2,1,1,3,3,3,1 4,1,0,0,1,0,0,0,0,0,0,0,4,1,4,1,3,4,4,3,3,1,10,1,4,1,4,4,4,4,4,4,4,4,1 4,1,0,0,1,0,0,0,NA,1,2,2,3,3,2,3,3,1,None,97,0,0,0,0,0,0,0,0,1,None,30,NA,10618,"Very lack of learning resources,Baweketu Demoz alemekefel,Demoz Wezef Alemesetet.",uuid:82a18195-213f-4361-b45a-33cd9ebf2849,2512142209,uuid:82a18195-213f-4361-b45a-33cd9ebf2849,NA,NA,NA,NA,NA,NA,NA,NA,NA,NA
704117,S0710151002,SOUTH ETHIOPIA,Gofa,oyda,baneda mulu,Urban,"12/15/2025, 2:37:19 PM","12/15/2025, 1:41:20 PM","12/15/2025, 2:32:55 PM",12/15/2025,f4f7c86f9b157d85,1,T28003,NA,male,5 6 7 8,0,0,0,0,1,1,1,1,0,97,0,0,0,1,General Science,3,NA,2,NA,0,NA,2012,2015,4,0,NA,NA,2,0,1,0,0,0,0,0,NA,1,NA,2 97,0,1,0,0,0,0,1,Library,1,2,0,1,0,0,0,0,NA,2 4,0,1,0,1,0,0,0,0,0,0,NA,4 8,0,0,0,1,0,0,0,1,0,0,NA,4 8,0,0,0,1,0,0,0,1,0,0,NA,3,3,2,3,3,1,3,1,8 10 11,0,0,0,0,0,0,0,1,0,1,1,0,0,NA,3,4,NA,5 6 7 8 9 10,0,0,0,0,1,1,1,1,1,1,0,0,0,NA,4,4,4,3,4,4,4,3,4,3,5,5,3,5,5,5,1,1,1,2 5,0,1,0,0,1,0,0,0,NA,2,2,2,2,2,1,2,4,1,4,2,3,NA,4,4,4,1,4,3 4,0,0,1,1,0,NA,3,NA,0,0,0,1,1,1,1,1,1,1,0,NA,1,1,1,1,4,4,2,3,1,3,3,3,3,3,3,3,3,3,1 4,1,0,0,1,0,0,0,0,0,0,0,4,1,3,3,1,4,1,3,3,1,7,4,4,1,4,4,1,4,4,4,4,4,1 4,1,0,0,1,0,0,0,NA,1,2,2,2,1,1,2,2,1,None,97,0,0,0,0,0,0,0,0,1,None,32,NA,10600,"Lack of student's textbook,No Teachers Guide book,There's no Teacher professional update like training",uuid:3bac2e17-12e9-4238-84b5-2f5be72487c0,2512142209,uuid:3bac2e17-12e9-4238-84b5-2f5be72487c0,NA,NA,NA,NA,NA,NA,NA,NA,NA,NA
701484,S0710180972,SOUTH ETHIOPIA,Gamo,arbaminch town ad.,shara muja t/bete,Urban,"12/22/2025, 9:34:33 PM","12/22/2025, 10:21:25 AM","12/22/2025, 9:28:34 PM",12/22/2025,fea9d6f155143cc5,1,T41602,NA,male,5,0,0,0,0,1,0,0,0,0,2,0,1,0,0,NA,4,NA,5,NA,1,NA,2004,2017,3,0,NA,NA,2,0,1,0,0,0,0,0,NA,1,NA,2,0,1,0,0,0,0,0,NA,1,2 3,0,1,1,0,0,0,NA,1 3 4 5,1,0,1,1,1,0,0,0,0,0,NA,4 5,0,0,0,1,1,0,0,0,0,0,NA,1 4,1,0,0,1,0,0,0,0,0,0,NA,1,1,3,1,3,3,1,1,2 8 9 11,0,1,0,0,0,0,0,1,1,0,1,0,0,NA,2,3,NA,1 2 3 4 7,1,1,1,1,0,0,1,0,0,0,0,0,0,NA,4,1,4,3,4,4,2,3,3,2,5,5,1,3,1,4,1,1,1,5,0,0,0,0,1,0,0,0,NA,2,2,1,2,2,2,2,3,2,2,1,4,NA,1,1,3,1,3,4,0,0,0,1,0,NA,3,NA,0,0,0,0,1,1,1,1,1,0,0,NA,1,1,1,1,3,1,1,3,3,2,2,2,3,1,1,1,3,3,1 2,1,1,0,0,0,0,0,0,0,0,0,4,1,3,3,1,4,1,3,3,2,6,1,3,4,3,4,4,4,4,4,4,4,1 5,1,0,0,0,1,0,0,NA,1,2,2,3,2,3,1,1,1,No,3 4,0,0,1,1,0,0,0,0,0,NA,48,NA,12334,No,uuid:88d962b5-8b1a-4b08-a407-23ef73f578fa,2512142209,uuid:88d962b5-8b1a-4b08-a407-23ef73f578fa,NA,NA,NA,NA,NA,NA,NA,NA,NA,NA
701484,S0710180972,SOUTH ETHIOPIA,Gamo,arbaminch town ad.,shara muja t/bete,Urban,"12/22/2025, 9:34:33 PM","12/22/2025, 1:57:51 PM","12/22/2025, 9:32:15 PM",12/22/2025,fea9d6f155143cc5,1,T41601,NA,male,6,0,0,0,0,0,1,0,0,0,1,1,0,0,0,NA,4,NA,5,NA,1,NA,1998,2004,5,0,NA,NA,2,0,1,0,0,0,0,0,NA,1,NA,2 5,0,1,0,0,1,0,0,NA,1,2 3 4,0,1,1,1,0,0,NA,1 2 4 7,1,1,0,1,0,0,1,0,0,0,NA,1 6,1,0,0,0,0,1,0,0,0,0,NA,4 8,0,0,0,1,0,0,0,1,0,0,NA,3,4,3,1,3,3,3,1,8 9 11,0,0,0,0,0,0,0,1,1,0,1,0,0,NA,2,2,NA,1 2 3 4 7 8 9 10,1,1,1,1,0,0,1,1,1,1,0,0,0,NA,3,4,4,3,2,3,4,3,4,4,5,4,5,5,5,5,1,1,1,2 5,0,1,0,0,1,0,0,0,NA,3,3,1,2,3,3,4,4,4,4,4,3,NA,4,4,4,1,4,2 4,0,1,0,1,0,NA,1,NA,1,0,0,0,1,0,1,1,1,0,0,NA,4,1,1,1,4,1,1,3,2,2,2,2,2,2,3,3,3,3,4 6,0,0,0,1,0,1,0,0,0,0,0,4,1,4,4,4,4,1,3,3,2,10,4,4,4,4,4,4,4,4,4,4,4,1 4,1,0,0,1,0,0,0,NA,1,3,2,3,3,2,3,1,1,No,3 4,0,0,1,1,0,0,0,0,0,NA,46,NA,14300,No,uuid:f354d510-d500-405d-bbd9-d85e5ffbe344,2512142209,uuid:f354d510-d500-405d-bbd9-d85e5ffbe344,NA,NA,NA,NA,NA,NA,NA,NA,NA,NA
701484,S0710180972,SOUTH ETHIOPIA,Gamo,arbaminch town ad.,shara muja t/bete,Urban,"12/22/2025, 9:34:34 PM","12/22/2025, 2:34:32 PM","12/22/2025, 9:34:00 PM",12/22/2025,fea9d6f155143cc5,1,T41603,NA,female,3 4 6,0,0,1,1,0,1,0,0,0,1,1,0,0,0,NA,5,NA,5,NA,1,NA,2003,2017,4,0,NA,NA,2,0,1,0,0,0,0,0,NA,1,NA,2 6,0,1,0,0,0,1,0,NA,1,1 2 3,1,1,1,0,0,0,NA,1 2 3 4,1,1,1,1,0,0,0,0,0,0,NA,3 4,0,0,1,1,0,0,0,0,0,0,NA,4 8,0,0,0,1,0,0,0,1,0,0,NA,3,2,2,1,3,3,3,1,6 7 11,0,0,0,0,0,1,1,0,0,0,1,0,0,NA,3,2,NA,1 2 3 4 7 8 10,1,1,1,1,0,0,1,1,0,1,0,0,0,NA,4,4,4,4,4,4,4,4,4,4,5,5,5,5,5,5,1,1,1,2 5,0,1,0,0,1,0,0,0,NA,3,3,1,3,3,3,4,4,4,4,3,3,NA,4,4,4,1,4,2 4,0,1,0,1,0,NA,2,NA,1,0,0,1,0,0,0,1,1,0,0,NA,4,1,1,1,4,1,1,3,3,3,3,3,3,3,3,3,3,3,1 3,1,0,1,0,0,0,0,0,0,0,0,4,1,4,4,4,4,1,3,3,1,10,4,4,4,4,4,4,4,4,4,4,4,4,0,0,0,1,0,0,0,NA,1,3,3,3,2,3,1,2,1,No,3 4,0,0,1,1,0,0,0,0,0,NA,42,NA,12000,No,uuid:93eed1ef-ce24-4469-9a67-c72b236f2335,2512142209,uuid:93eed1ef-ce24-4469-9a67-c72b236f2335,NA,NA,NA,NA,NA,NA,NA,NA,NA,NA
1305053,S0717020522,SWEPR,Dawro,mareka,maydi kanki,Rural,"12/18/2025, 9:30:57 PM","12/18/2025, 11:33:14 AM","12/18/2025, 9:14:47 PM",12/18/2025,7b083c6dbffcaebb,1,T29702,NA,male,7 8,0,0,0,0,0,0,1,1,0,2,0,1,0,0,NA,3,NA,2,NA,0,NA,2007,2007,1,0,NA,NA,1 5,1,0,0,0,1,0,0,NA,1,NA,6,0,0,0,0,0,1,0,NA,1,3,0,0,1,0,0,0,NA,3 4,0,0,1,1,0,0,0,0,0,0,NA,2 3,0,1,1,0,0,0,0,0,0,0,NA,4 7,0,0,0,1,0,0,1,0,0,0,NA,3,4,3,2,1,1,1,1,2 4 8,0,1,0,1,0,0,0,1,0,0,0,0,0,NA,2,3,NA,1 6,1,0,0,0,0,1,0,0,0,0,0,0,0,NA,3,3,3,3,3,3,3,3,3,4,4,4,5,5,4,4,1,2,1,1,1,0,0,0,0,0,0,0,NA,2,2,2,2,2,4,5,2,1,4,2,3,NA,4,4,4,1,3,2 4,0,1,0,1,0,NA,2,NA,0,1,1,1,1,1,1,1,1,1,0,NA,3,4,1,3,4,4,1,1,1,3,3,3,2,3,3,1,1,3,1 3,1,0,1,0,0,0,0,0,0,0,0,4,3,3,3,4,4,4,2,1,1,7,1,1,4,4,4,3,4,4,3,4,4,2 4 5,0,1,0,1,1,0,0,NA,1,1,2,3,1,3,1,2,1,No,3 8,0,0,1,0,0,0,0,1,0,NA,28,NA,10947,No comment,uuid:13fc574b-5f4f-4b99-b5b9-671199890746,2512142209,uuid:13fc574b-5f4f-4b99-b5b9-671199890746,NA,NA,NA,NA,NA,NA,NA,NA,NA,NA
1305053,S0717020522,SWEPR,Dawro,mareka,maydi kanki,Rural,"12/19/2025, 5:32:53 PM","12/18/2025, 5:13:10 AM","12/19/2025, 4:42:28 AM",12/18/2025,9103e136556fc552,1,T29701,NA,male,6 7 8,0,0,0,0,0,1,1,1,0,97,0,0,0,1,"Moral and ethical education,  social study ,citizenship",3,NA,3,NA,1,NA,2011,2011,1,0,NA,NA,1,1,0,0,0,0,0,0,NA,1,NA,6,0,0,0,0,0,1,0,NA,1,1 3,1,0,1,0,0,0,NA,1 2 3 4 5 6,1,1,1,1,1,1,0,0,0,0,NA,4 6,0,0,0,1,0,1,0,0,0,0,NA,3 4,0,0,1,1,0,0,0,0,0,0,NA,2,4,1,2,4,1,3,1,4 8 9,0,0,0,1,0,0,0,1,1,0,0,0,0,NA,2,2,NA,1 2 3 4 5 6 7 8 9 10 11,1,1,1,1,1,1,1,1,1,1,1,0,0,NA,4,4,4,4,4,4,4,4,4,4,5,5,5,5,5,5,1,1,1,2 5,0,1,0,0,1,0,0,0,NA,4,2,1,3,2,3,4,4,1,4,1,3,NA,4,4,4,1,4,1 2,1,1,0,0,0,NA,3,NA,1,1,0,1,0,1,1,1,1,1,0,NA,1,1,1,1,4,1,1,3,3,3,3,3,3,3,3,3,3,3,2 4,0,1,0,1,0,0,0,0,0,0,0,4,1,4,3,1,4,1,3,3,2,8,4,4,4,4,4,1,4,4,4,4,4,1 2 3 4,1,1,1,1,0,0,0,NA,1,2,2,2,1,3,1,1,1,No,3 4,0,0,1,1,0,0,0,0,0,NA,28,NA,5212,"Poor infrastructure,  lack of school material",uuid:45cbae27-c78b-4382-b34f-69c77c7a8fe7,2512142209,uuid:45cbae27-c78b-4382-b34f-69c77c7a8fe7,NA,NA,NA,NA,NA,NA,NA,NA,NA,NA
1305053,S0717020522,SWEPR,Dawro,mareka,maydi kanki,Rural,"12/19/2025, 5:32:54 PM","12/18/2025, 5:55:44 AM","12/19/2025, 4:42:34 AM",12/18/2025,9103e136556fc552,1,T29703,NA,female,1 3 4,1,0,1,1,0,0,0,0,0,1 97,1,0,0,1,Visual Art,6,NA,3,NA,1,NA,2008,2008,1,0,NA,NA,1,1,0,0,0,0,0,0,NA,1,NA,6,0,0,0,0,0,1,0,NA,1,1 3,1,0,1,0,0,0,NA,1 2 3 4 5 7,1,1,1,1,1,0,1,0,0,0,NA,4 5,0,0,0,1,1,0,0,0,0,0,NA,2 4,0,1,0,1,0,0,0,0,0,0,NA,3,4,2,1,4,2,4,1,8 9,0,0,0,0,0,0,0,1,1,0,0,0,0,NA,3,2,NA,1 2 3 4 5 6 7 8 9 10 11,1,1,1,1,1,1,1,1,1,1,1,0,0,NA,4,4,4,4,4,4,4,4,4,4,5,5,5,5,5,5,1,1,1,2 5,0,1,0,0,1,0,0,0,NA,4,2,1,3,1,3,4,4,2,4,2,3,NA,4,2,2,1,4,1 2 97,1,1,0,0,1,I will discuss with parents and students,3,NA,0,1,0,1,0,0,0,1,1,0,0,NA,1,1,1,1,4,1,1,3,3,2,1,1,3,1,3,3,3,3,4 10,0,0,0,1,0,0,0,0,0,1,0,4,1,4,4,1,4,1,3,3,2,10,4,4,4,4,4,1,4,4,4,4,4,1 2 3 4,1,1,1,1,0,0,0,NA,0,NA,NA,NA,NA,NA,NA,NA,NA,NA,1 6,1,0,0,0,0,1,0,0,0,NA,35,NA,10173,Poor infrastructure,uuid:605ccd4a-8464-41ce-987a-c83a6c055eb7,2512142209,uuid:605ccd4a-8464-41ce-987a-c83a6c055eb7,NA,NA,NA,NA,NA,NA,NA,NA,NA,NA
1304646,S0717030032,SWEPR,Dawro,disa,disa mulu,Rural,"12/19/2025, 10:10:15 PM","12/19/2025, 11:37:37 AM","12/19/2025, 9:46:38 PM",12/19/2025,7b083c6dbffcaebb,1,T29202,NA,female,6 7,0,0,0,0,0,1,1,0,0,97,0,0,0,1,"General science, natural science",6,NA,5,NA,1,NA,1998,2012,4,0,NA,NA,5,0,0,0,0,1,0,0,NA,1,NA,6,0,0,0,0,0,1,0,NA,1,3,0,0,1,0,0,0,NA,4,0,0,0,1,0,0,0,0,0,0,NA,3 4,0,0,1,1,0,0,0,0,0,0,NA,1 4,1,0,0,1,0,0,0,0,0,0,NA,3,4,2,1,1,1,2,1,2 4 8 9,0,1,0,1,0,0,0,1,1,0,0,0,0,NA,1,3,NA,1 2 3 4 5 6 7 8 9 10 11,1,1,1,1,1,1,1,1,1,1,1,0,0,NA,4,4,4,3,4,4,4,3,4,4,4,5,5,5,4,5,2,3,1,2 5,0,1,0,0,1,0,0,0,NA,4,4,2,4,4,4,5,5,1,5,2,3,NA,4,4,4,1,4,2,0,1,0,0,0,NA,5,NA,0,0,0,1,1,1,0,1,1,0,0,NA,4,4,1,1,4,1,1,3,3,3,3,3,2,3,3,3,3,3,6 7,0,0,0,0,0,1,1,0,0,0,0,4,1,3,4,1,4,1,2,3,2,10,4,4,4,4,4,1,4,4,4,4,4,2 3 4,0,1,1,1,0,0,0,NA,1,3,2,3,1,2,2,3,1,No,7 8,0,0,0,0,0,0,1,1,0,NA,38,NA,14600,NA,uuid:f5707071-c5f8-4bac-b53e-f9bb8bd43391,2512142209,uuid:f5707071-c5f8-4bac-b53e-f9bb8bd43391,NA,NA,NA,NA,NA,NA,NA,NA,NA,NA
1304646,S0717030032,SWEPR,Dawro,disa,disa mulu,Rural,"12/20/2025, 9:51:20 AM","12/19/2025, 5:28:36 AM","12/20/2025, 3:53:31 AM",12/19/2025,9103e136556fc552,1,T29201,NA,male,5 6,0,0,0,0,1,1,0,0,0,97,0,0,0,1,Visual Art,3,NA,3,NA,1,NA,2013,2017,2,0,NA,NA,1 2,1,1,0,0,0,0,0,NA,1,NA,6,0,0,0,0,0,1,0,NA,1,1 2 3,1,1,1,0,0,0,NA,1 2 4 5 6,1,1,0,1,1,1,0,0,0,0,NA,2 4,0,1,0,1,0,0,0,0,0,0,NA,3 4,0,0,1,1,0,0,0,0,0,0,NA,4,4,2,1,4,1,4,2,8 9,0,0,0,0,0,0,0,1,1,0,0,0,0,NA,4,2,NA,1 2 3 4 5 6 7 8 9 10 11 97,1,1,1,1,1,1,1,1,1,1,1,1,0,Lesson plans,4,4,4,4,4,4,4,4,4,4,5,5,5,5,5,5,1,1,1,2 5,0,1,0,0,1,0,0,0,NA,4,2,1,3,3,3,4,4,2,4,1,3,NA,2,2,4,1,4,1 2,1,1,0,0,0,NA,2,NA,1,1,0,1,1,1,1,1,1,1,0,NA,1,1,1,1,4,1,1,2,2,2,3,3,2,2,1,3,3,3,3 5,0,0,1,0,1,0,0,0,0,0,0,1,1,2,2,1,4,1,3,3,2,9,1,4,1,4,4,1,4,4,4,4,4,1 2 4,1,1,0,1,0,0,0,NA,1,1,1,3,1,2,2,1,1,No,4 6,0,0,0,1,0,1,0,0,0,NA,32,NA,9667,Poor infrastructure,uuid:4f7fceee-da72-4708-8502-3d95f7bb5ac1,2512142209,uuid:4f7fceee-da72-4708-8502-3d95f7bb5ac1,NA,NA,NA,NA,NA,NA,NA,NA,NA,NA
1304646,S0717030032,SWEPR,Dawro,disa,disa mulu,Rural,"12/20/2025, 9:51:21 AM","12/19/2025, 6:13:50 AM","12/20/2025, 3:53:35 AM",12/19/2025,9103e136556fc552,1,T29203,NA,female,1 2 3 4,1,1,1,1,0,0,0,0,0,1,1,0,0,0,NA,7,NA,3,NA,1,NA,1997,1997,1,0,NA,NA,2 97,0,1,0,0,0,1,0,Department head,1,NA,6,0,0,0,0,0,1,0,NA,1,1 3,1,0,1,0,0,0,NA,1 2 4 5,1,1,0,1,1,0,0,0,0,0,NA,4 5,0,0,0,1,1,0,0,0,0,0,NA,4 6,0,0,0,1,0,1,0,0,0,0,NA,2,4,2,1,4,1,3,2,4 8 9 12,0,0,0,1,0,0,0,1,1,0,0,1,0,Group Discussion,3,2,NA,1 2 3 4 5 6 7 8 9 10 11,1,1,1,1,1,1,1,1,1,1,1,0,0,NA,4,4,4,4,4,4,4,4,4,4,5,5,5,5,5,5,1,1,1,98,0,0,0,0,0,0,0,1,NA,3,3,1,4,2,3,4,5,1,4,1,3,NA,4,4,4,1,4,1 2,1,1,0,0,0,NA,2,NA,1,1,0,1,1,0,0,1,1,1,0,NA,1,1,1,1,4,1,1,3,1,3,3,3,3,3,3,3,3,3,4 8,0,0,0,1,0,0,0,1,0,0,0,4,1,4,4,1,4,1,2,2,1,8,4,4,1,4,3,1,4,4,4,4,4,1 2 4,1,1,0,1,0,0,0,NA,1,3,2,3,1,1,2,1,1,No,4 8,0,0,0,1,0,0,0,1,0,NA,36,NA,13300,"Poor infrastructure,  no opportunity to update my professional skills",uuid:cdbc513f-6da0-441b-83ec-cdfac73bb3e4,2512142209,uuid:cdbc513f-6da0-441b-83ec-cdfac73bb3e4,NA,NA,NA,NA,NA,NA,NA,NA,NA,NA
1305382,S0717042652,SWEPR,Dawro,zabagezo,yela,Rural,"12/23/2025, 8:33:14 AM","12/22/2025, 5:47:57 AM","12/23/2025, 2:35:40 AM",12/22/2025,9103e136556fc552,1,T29901,NA,male,4 5 6,0,0,0,1,1,1,0,0,0,97,0,0,0,1,Environmental science,3,NA,3,NA,1,NA,2011,2013,3,0,NA,NA,1 97,1,0,0,0,0,1,0,Department head,1,NA,6 97,0,0,0,0,0,1,1,The clever student will teach the students,1,1 3,1,0,1,0,0,0,NA,1 2 4 5 7 9,1,1,0,1,1,0,1,0,1,0,NA,2 4,0,1,0,1,0,0,0,0,0,0,NA,3 5,0,0,1,0,1,0,0,0,0,0,NA,4,4,2,1,4,1,3,2,4 8 9,0,0,0,1,0,0,0,1,1,0,0,0,0,NA,3,2,NA,1 2 3 4 5 6 7 8 9 10 11,1,1,1,1,1,1,1,1,1,1,1,0,0,NA,4,4,4,4,4,4,4,4,4,4,4,5,5,5,5,5,1,1,1,2 5,0,1,0,0,1,0,0,0,NA,4,3,1,3,1,3,4,4,1,4,1,3,NA,4,4,4,1,4,1 2,1,1,0,0,0,NA,2,NA,0,0,0,1,0,1,0,1,1,0,0,NA,3,3,1,3,4,1,1,3,1,2,3,3,3,3,3,3,3,3,3 5,0,0,1,0,1,0,0,0,0,0,0,3,1,1,1,1,4,3,3,3,2,9,3,3,4,4,4,2,4,4,4,4,4,1 2 4,1,1,0,1,0,0,0,NA,1,2,2,3,1,2,1,2,1,No,1 8,1,0,0,0,0,0,0,1,0,NA,25,NA,10334,"Very poor infrastructure, lack of school materials, and building",uuid:fff9d05d-e439-480c-809d-1f929a08f728,2512142209,uuid:fff9d05d-e439-480c-809d-1f929a08f728,NA,NA,NA,NA,NA,NA,NA,NA,NA,NA
1305382,S0717042652,SWEPR,Dawro,zabagezo,yela,Rural,"12/23/2025, 8:33:14 AM","12/22/2025, 6:19:26 AM","12/23/2025, 2:35:46 AM",12/22/2025,9103e136556fc552,1,T29903,NA,female,1 2 3,1,1,1,0,0,0,0,0,0,97,0,0,0,1,Music,1,NA,3,NA,1,NA,2012,2012,1,0,NA,NA,1,1,0,0,0,0,0,0,NA,1,NA,6,0,0,0,0,0,1,0,NA,1,1 3,1,0,1,0,0,0,NA,1 2 4 5 6 9,1,1,0,1,1,1,0,0,1,0,NA,1 4,1,0,0,1,0,0,0,0,0,0,NA,1 4,1,0,0,1,0,0,0,0,0,0,NA,4,4,2,1,4,1,3,3,8 9,0,0,0,0,0,0,0,1,1,0,0,0,0,NA,2,2,NA,1 2 3 4 5 6 7 8 9 10 11,1,1,1,1,1,1,1,1,1,1,1,0,0,NA,4,4,4,4,4,4,4,4,4,4,5,5,5,5,5,5,2,1,1,5,0,0,0,0,1,0,0,0,NA,4,4,1,3,3,3,4,4,1,5,2,3,NA,4,4,4,1,4,1 2,1,1,0,0,0,NA,3,NA,1,1,1,1,1,1,1,1,1,1,0,NA,4,4,1,1,4,1,1,3,3,3,3,3,3,3,3,3,3,3,3 4,0,0,1,1,0,0,0,0,0,0,0,4,1,4,4,3,4,4,3,3,2,10,1,4,4,4,4,1,4,4,4,4,4,1 2 4,1,1,0,1,0,0,0,NA,1,1,1,2,1,2,1,1,1,No,1 3,1,0,1,0,0,0,0,0,0,NA,29,NA,10460,Lack of school materials. Very poor infrastructure,uuid:a240416c-5f14-4c8e-b263-03b0500febf3,2512142209,uuid:a240416c-5f14-4c8e-b263-03b0500febf3,NA,NA,NA,NA,NA,NA,NA,NA,NA,NA
1305382,S0717042652,SWEPR,Dawro,zabagezo,yela,Rural,"12/23/2025, 8:36:56 AM","12/22/2025, 12:02:05 PM","12/23/2025, 8:32:45 AM",12/22/2025,7b083c6dbffcaebb,1,T29902,NA,female,3 4 5 6,0,0,1,1,1,1,0,0,0,1 97,1,0,0,1,Sport,3,NA,2,NA,0,NA,2011,2013,2,0,NA,NA,1,1,0,0,0,0,0,0,NA,1,NA,6,0,0,0,0,0,1,0,NA,0,NA,NA,NA,NA,NA,NA,NA,NA,NA,NA,NA,NA,NA,NA,NA,NA,NA,NA,NA,NA,2 5,0,1,0,0,1,0,0,0,0,0,NA,4 7,0,0,0,1,0,0,1,0,0,0,NA,3,3,2,1,4,4,4,4,4 8,0,0,0,1,0,0,0,1,0,0,0,0,0,NA,1,2,NA,1 2 3 4 5 6 7 8 9 10 11,1,1,1,1,1,1,1,1,1,1,1,0,0,NA,4,4,4,4,4,4,4,4,4,4,5,5,5,5,5,5,2,2,1,2 5,0,1,0,0,1,0,0,0,NA,4,2,2,4,4,4,5,5,2,5,2,3,NA,4,4,4,2,4,2,0,1,0,0,0,NA,1,NA,0,0,0,0,0,0,1,1,1,0,0,NA,3,3,1,1,4,1,1,1,1,3,3,3,2,3,3,3,1,3,3 4,0,0,1,1,0,0,0,0,0,0,0,4,3,4,3,3,4,1,3,3,1,8,4,3,4,4,4,2,4,4,4,4,4,1 2 3 4,1,1,1,1,0,0,0,NA,1,3,3,3,2,3,2,1,1,No,3 7,0,0,1,0,0,0,1,0,0,NA,28,NA,1193,NA,uuid:6ceccfe2-b07d-4862-9a32-05e549b7cce7,2512142209,uuid:6ceccfe2-b07d-4862-9a32-05e549b7cce7,NA,NA,NA,NA,NA,NA,NA,NA,NA,NA
709828,S0720050132,CENTRAL ETHIOPIA,Silte,dalocha town ad.,dalocha tlikasa,Rural,"12/8/2025, 2:01:20 PM","12/8/2025, 8:39:48 AM","12/8/2025, 1:59:49 PM",12/8/2025,fef309259d139ee0,1,T6301,NA,male,5 6 7 8,0,0,0,0,1,1,1,1,0,97,0,0,0,1,Engilish,3,NA,5,NA,0,NA,2008,2008,2,0,NA,NA,1,1,0,0,0,0,0,0,NA,1,NA,3,0,0,1,0,0,0,0,NA,1,1,1,0,0,0,0,0,NA,3 4 5,0,0,1,1,1,0,0,0,0,0,NA,6 7,0,0,0,0,0,1,1,0,0,0,NA,1 4,1,0,0,1,0,0,0,0,0,0,NA,4,4,4,3,3,3,4,1,2 4,0,1,0,1,0,0,0,0,0,0,0,0,0,NA,4,2,NA,1 5,1,0,0,0,1,0,0,0,0,0,0,0,0,NA,4,4,4,4,4,4,4,4,4,4,5,5,5,5,5,5,1,1,1,5,0,0,0,0,1,0,0,0,NA,4,4,4,4,4,4,5,2,3,5,4,4,NA,4,4,4,4,4,2,0,1,0,0,0,NA,1,NA,1,1,0,1,0,0,0,1,1,0,0,NA,3,3,2,1,1,3,3,3,3,3,1,3,3,3,3,3,3,3,3 4,0,0,1,1,0,0,0,0,0,0,0,3,3,3,3,4,4,4,3,3,1,10,2,3,3,3,3,3,3,3,3,3,3,2 4,0,1,0,1,0,0,0,NA,0,NA,NA,NA,NA,NA,NA,NA,NA,NA,1 2,1,1,0,0,0,0,0,0,0,NA,27,NA,9200,No,uuid:fc06b805-f464-4731-a45d-effeb16f27c6,2512040829,uuid:fc06b805-f464-4731-a45d-effeb16f27c6,NA,NA,NA,NA,NA,NA,NA,NA,NA,NA
709828,S0720050132,CENTRAL ETHIOPIA,Silte,dalocha town ad.,dalocha tlikasa,Rural,"12/9/2025, 7:57:18 PM","12/9/2025, 8:50:45 AM","12/9/2025, 4:58:30 PM",12/9/2025,fef309259d139ee0,1,T6802,NA,female,3 5 6,0,0,1,0,1,1,0,0,0,97,0,0,0,1,Ganaral since,5,NA,2,NA,1,NA,2005,2007,1,1,1,3,2,0,1,0,0,0,0,0,NA,1,NA,6,0,0,0,0,0,1,0,NA,1,3,0,0,1,0,0,0,NA,1 2 3,1,1,1,0,0,0,0,0,0,0,NA,1 2,1,1,0,0,0,0,0,0,0,0,NA,1 2,1,1,0,0,0,0,0,0,0,0,NA,2,2,2,2,2,2,2,2,2 3,0,1,1,0,0,0,0,0,0,0,0,0,0,NA,1,3,NA,2,0,1,0,0,0,0,0,0,0,0,0,0,0,NA,4,4,4,4,4,4,4,4,4,4,5,5,5,5,5,5,1,1,1,2 5,0,1,0,0,1,0,0,0,NA,3,3,3,3,3,3,4,4,4,4,4,2,NA,2,2,2,3,3,2,0,1,0,0,0,NA,1,NA,1,1,0,1,0,1,1,0,1,1,0,NA,2,2,2,2,2,3,2,3,3,3,3,3,3,3,3,3,3,3,1 2,1,1,0,0,0,0,0,0,0,0,0,3,3,3,3,3,3,3,3,3,1,10,3,4,1,4,3,2,4,4,4,4,4,1,1,0,0,0,0,0,0,NA,0,NA,NA,NA,NA,NA,NA,NA,NA,NA,1,1,0,0,0,0,0,0,0,0,NA,26,NA,12000,No,uuid:1561f128-fdd7-4f63-914a-c56a1c996daa,2512040829,uuid:1561f128-fdd7-4f63-914a-c56a1c996daa,NA,NA,NA,NA,NA,NA,NA,NA,NA,NA
709828,S0720050132,CENTRAL ETHIOPIA,Silte,dalocha town ad.,dalocha tlikasa,Rural,"12/9/2025, 7:57:19 PM","12/9/2025, 9:11:48 AM","12/9/2025, 4:57:52 PM",12/9/2025,fef309259d139ee0,1,T6801,NA,female,1 2,1,1,0,0,0,0,0,0,0,97,0,0,0,1,Socal,4,NA,2,NA,0,NA,2005,2006,3,1,1,3,2,0,1,0,0,0,0,0,NA,1,NA,6,0,0,0,0,0,1,0,NA,1,3,0,0,1,0,0,0,NA,2 3,0,1,1,0,0,0,0,0,0,0,NA,1 2,1,1,0,0,0,0,0,0,0,0,NA,1 2,1,1,0,0,0,0,0,0,0,0,NA,3,3,3,3,2,2,3,3,1,1,0,0,0,0,0,0,0,0,0,0,0,0,NA,1,3,NA,2,0,1,0,0,0,0,0,0,0,0,0,0,0,NA,4,4,4,4,3,3,3,4,4,4,5,5,5,5,5,5,1,1,1,2 5,0,1,0,0,1,0,0,0,NA,3,3,3,3,3,3,4,4,4,4,4,2,NA,3,3,3,3,3,2,0,1,0,0,0,NA,1,NA,1,0,0,0,0,1,1,1,1,1,0,NA,2,3,3,3,3,4,3,3,3,3,2,3,3,2,2,3,3,1,1 2,1,1,0,0,0,0,0,0,0,0,0,4,4,3,3,3,3,3,3,3,1,8,1,1,1,1,1,3,4,4,4,4,4,1,1,0,0,0,0,0,0,NA,0,NA,NA,NA,NA,NA,NA,NA,NA,NA,3,0,0,1,0,0,0,0,0,0,NA,30,NA,11500,No,uuid:33498a84-cb8b-4f0b-886f-d99b53eb3297,2512040829,uuid:33498a84-cb8b-4f0b-886f-d99b53eb3297,NA,NA,NA,NA,NA,NA,NA,NA,NA,NA
710385,S0720060022,CENTRAL ETHIOPIA,Silte,sankura,menzo,Rural,"12/16/2025, 7:58:58 PM","12/16/2025, 11:16:50 AM","12/16/2025, 6:44:02 PM",12/16/2025,fef309259d139ee0,1,T7502,NA,female,2 3 5 6,0,1,1,0,1,1,0,0,0,97,0,0,0,1,Socail,2,NA,2,NA,0,NA,2012,2017,2,0,NA,NA,1,1,0,0,0,0,0,0,NA,1,NA,5 6,0,0,0,0,1,1,0,NA,1,3,0,0,1,0,0,0,NA,1 2,1,1,0,0,0,0,0,0,0,0,NA,3 4,0,0,1,1,0,0,0,0,0,0,NA,1 3,1,0,1,0,0,0,0,0,0,0,NA,3,3,3,3,2,2,2,2,5,0,0,0,0,1,0,0,0,0,0,0,0,0,NA,2,2,NA,1 2,1,1,0,0,0,0,0,0,0,0,0,0,0,NA,4,4,4,3,4,4,4,3,4,4,5,5,5,5,5,5,1,1,1,5,0,0,0,0,1,0,0,0,NA,3,3,3,3,3,3,4,4,4,4,5,2,NA,4,4,4,4,4,2,0,1,0,0,0,NA,2,NA,1,1,0,1,0,1,0,1,0,0,0,NA,3,3,3,3,3,3,3,1,1,2,1,1,1,2,2,2,2,1,1 2,1,1,0,0,0,0,0,0,0,0,0,3,3,3,3,3,3,3,3,3,1,10,4,4,4,4,4,4,4,4,4,4,4,1 2,1,1,0,0,0,0,0,NA,0,NA,NA,NA,NA,NA,NA,NA,NA,NA,1 2,1,1,0,0,0,0,0,0,0,NA,28,NA,10600,NA,uuid:1b6f856c-db7d-4e9a-9642-7095d80c62d4,2512142209,uuid:1b6f856c-db7d-4e9a-9642-7095d80c62d4,NA,NA,NA,NA,NA,NA,NA,NA,NA,NA
710385,S0720060022,CENTRAL ETHIOPIA,Silte,sankura,menzo,Rural,"12/16/2025, 7:58:59 PM","12/16/2025, 10:48:36 AM","12/16/2025, 6:46:58 PM",12/16/2025,fef309259d139ee0,1,T7503,NA,male,6 7 8,0,0,0,0,0,1,1,1,0,97,0,0,0,1,Engilish,4,NA,2,NA,1,NA,2002,2010,3,0,NA,NA,2,0,1,0,0,0,0,0,NA,4,NA,2,0,1,0,0,0,0,0,NA,1,3,0,0,1,0,0,0,NA,3 4,0,0,1,1,0,0,0,0,0,0,NA,3 4,0,0,1,1,0,0,0,0,0,0,NA,1 2,1,1,0,0,0,0,0,0,0,0,NA,3,3,4,2,4,2,4,1,5,0,0,0,0,1,0,0,0,0,0,0,0,0,NA,3,3,NA,3 4,0,0,1,1,0,0,0,0,0,0,0,0,0,NA,4,3,4,3,4,4,3,4,4,4,5,5,5,5,5,5,2,1,1,5,0,0,0,0,1,0,0,0,NA,4,2,2,2,2,1,2,2,2,2,2,1,NA,3,4,4,4,4,2,0,1,0,0,0,NA,2,NA,1,1,0,0,0,1,1,1,1,0,0,NA,3,3,1,1,4,1,1,1,1,2,1,1,2,2,1,1,1,1,3 4,0,0,1,1,0,0,0,0,0,0,0,4,3,2,3,2,4,4,1,1,2,10,4,3,3,4,4,1,4,4,4,4,4,2,0,1,0,0,0,0,0,NA,0,NA,NA,NA,NA,NA,NA,NA,NA,NA,3,0,0,1,0,0,0,0,0,0,NA,28,NA,12776,NA,uuid:9f30f528-e528-44e9-8a15-e6eb377a1a61,2512142209,uuid:9f30f528-e528-44e9-8a15-e6eb377a1a61,NA,NA,NA,NA,NA,NA,NA,NA,NA,NA
710385,S0720060022,CENTRAL ETHIOPIA,Silte,sankura,menzo,Rural,"12/16/2025, 8:18:21 PM","12/16/2025, 12:00:13 PM","12/16/2025, 6:42:35 PM",12/16/2025,fef309259d139ee0,1,T7501,NA,male,3 4 9,0,0,1,1,0,0,0,0,1,97,0,0,0,1,Environmental science,4,NA,2,NA,1,NA,2004,2005,2,0,NA,NA,2,0,1,0,0,0,0,0,NA,1,NA,1 6,1,0,0,0,0,1,0,NA,1,3,0,0,1,0,0,0,NA,1,1,0,0,0,0,0,0,0,0,0,NA,1 4,1,0,0,1,0,0,0,0,0,0,NA,1 2,1,1,0,0,0,0,0,0,0,0,NA,3,3,3,3,2,2,3,3,1 2,1,1,0,0,0,0,0,0,0,0,0,0,0,NA,4,3,NA,1 3,1,0,1,0,0,0,0,0,0,0,0,0,0,NA,3,3,3,3,3,3,3,3,3,3,5,4,5,5,5,5,1,1,1,2 5,0,1,0,0,1,0,0,0,NA,3,3,3,3,3,3,4,4,4,4,4,2,NA,3,3,3,3,3,2,0,1,0,0,0,NA,2,NA,0,0,0,0,0,0,1,1,1,0,0,NA,3,3,3,3,3,3,3,2,1,2,1,1,2,1,2,1,2,1,1 2,1,1,0,0,0,0,0,0,0,0,0,4,4,4,4,3,3,3,3,3,1,10,3,3,3,3,3,3,4,4,4,4,4,1 2,1,1,0,0,0,0,0,NA,0,NA,NA,NA,NA,NA,NA,NA,NA,NA,1 2,1,1,0,0,0,0,0,0,0,NA,39,NA,12000,NA,uuid:bd678ff4-582f-4825-9217-69b2e4838faf,2512142209,uuid:bd678ff4-582f-4825-9217-69b2e4838faf,NA,NA,NA,NA,NA,NA,NA,NA,NA,NA
709549,S0720063002,CENTRAL ETHIOPIA,Silte,alemgebeya town ad.,adasha,Urban,"12/19/2025, 10:55:31 PM","12/19/2025, 11:23:39 AM","12/19/2025, 10:22:39 PM",12/19/2025,fef309259d139ee0,1,T3001,NA,female,6 7,0,0,0,0,0,1,1,0,0,1,1,0,0,0,NA,4,NA,5,NA,1,NA,1998,1999,3,0,NA,NA,1,1,0,0,0,0,0,0,NA,1,NA,6,0,0,0,0,0,1,0,NA,1,3,0,0,1,0,0,0,NA,1 2 3 4 5 6 7 8,1,1,1,1,1,1,1,1,0,0,NA,4 6,0,0,0,1,0,1,0,0,0,0,NA,3 4,0,0,1,1,0,0,0,0,0,0,NA,4,4,3,3,4,2,4,2,4,0,0,0,1,0,0,0,0,0,0,0,0,0,NA,4,3,NA,4 5,0,0,0,1,1,0,0,0,0,0,0,0,0,NA,4,4,4,3,4,4,4,4,4,3,4,4,4,5,4,5,1,1,1,2 5,0,1,0,0,1,0,0,0,NA,3,3,3,3,3,3,4,4,4,4,4,1,NA,1,1,4,3,3,2,0,1,0,0,0,NA,2,NA,1,0,0,0,0,0,0,0,1,0,0,NA,3,3,1,1,3,3,3,3,3,2,3,3,2,1,3,2,1,3,4 5,0,0,0,1,1,0,0,0,0,0,0,4,4,4,4,4,4,4,3,3,1,10,4,4,4,3,3,3,3,3,3,3,3,4,0,0,0,1,0,0,0,NA,0,NA,NA,NA,NA,NA,NA,NA,NA,NA,3,0,0,1,0,0,0,0,0,0,NA,41,NA,14900,NA,uuid:36027a36-3501-497f-a8e6-38df993c618a,2512142209,uuid:36027a36-3501-497f-a8e6-38df993c618a,NA,NA,NA,NA,NA,NA,NA,NA,NA,NA
709549,S0720063002,CENTRAL ETHIOPIA,Silte,alemgebeya town ad.,adasha,Urban,"12/22/2025, 6:50:11 PM","12/22/2025, 10:33:16 AM","12/22/2025, 6:45:12 PM",12/22/2025,fef309259d139ee0,1,T3003,NA,female,1,1,0,0,0,0,0,0,0,0,2,0,1,0,0,NA,3,NA,3,NA,0,NA,2006,2012,3,0,NA,NA,2,0,1,0,0,0,0,0,NA,4,NA,6,0,0,0,0,0,1,0,NA,1,3,0,0,1,0,0,0,NA,2 4,0,1,0,1,0,0,0,0,0,0,NA,1 5,1,0,0,0,1,0,0,0,0,0,NA,1 4,1,0,0,1,0,0,0,0,0,0,NA,3,3,3,3,2,2,2,2,1 2 3,1,1,1,0,0,0,0,0,0,0,0,0,0,NA,2,2,NA,1 2 3,1,1,1,0,0,0,0,0,0,0,0,0,0,NA,4,4,4,4,4,4,4,4,4,4,5,5,5,5,5,5,1,1,1,2 5,0,1,0,0,1,0,0,0,NA,3,3,3,3,3,3,3,3,3,3,3,2,NA,4,3,3,3,3,1 2,1,1,0,0,0,NA,1,NA,1,0,0,1,0,0,0,1,1,0,0,NA,3,3,3,3,3,3,3,3,2,2,2,3,3,3,2,2,3,1,1 2,1,1,0,0,0,0,0,0,0,0,0,3,3,3,3,3,3,3,3,3,1,9,3,3,3,3,3,3,4,4,4,4,4,2 3 5,0,1,1,0,1,0,0,NA,0,NA,NA,NA,NA,NA,NA,NA,NA,NA,1 2,1,1,0,0,0,0,0,0,0,NA,30,NA,11000,NA,uuid:31a06343-6239-48f2-b48b-3a060908b3ec,2512142209,uuid:31a06343-6239-48f2-b48b-3a060908b3ec,NA,NA,NA,NA,NA,NA,NA,NA,NA,NA
709549,S0720063002,CENTRAL ETHIOPIA,Silte,alemgebeya town ad.,adasha,Urban,"12/22/2025, 6:50:12 PM","12/22/2025, 9:56:44 AM","12/22/2025, 6:45:32 PM",12/22/2025,fef309259d139ee0,1,T3002,NA,male,3 4,0,0,1,1,0,0,0,0,0,2,0,1,0,0,NA,4,NA,5,NA,1,NA,1996,2002,2,0,NA,NA,2,0,1,0,0,0,0,0,NA,4,NA,2,0,1,0,0,0,0,0,NA,1,3,0,0,1,0,0,0,NA,3 4,0,0,1,1,0,0,0,0,0,0,NA,1 4,1,0,0,1,0,0,0,0,0,0,NA,1 4,1,0,0,1,0,0,0,0,0,0,NA,3,3,2,2,4,2,2,2,2 7,0,1,0,0,0,0,1,0,0,0,0,0,0,NA,1,2,NA,1 3,1,0,1,0,0,0,0,0,0,0,0,0,0,NA,4,4,4,4,4,4,4,4,4,1,5,5,5,5,5,5,1,1,1,5,0,0,0,0,1,0,0,0,NA,3,3,3,3,3,3,4,4,4,4,4,3,NA,4,1,3,3,3,2,0,1,0,0,0,NA,1,NA,1,0,0,1,0,0,0,1,1,0,0,NA,1,3,1,1,3,3,3,3,3,1,3,3,3,2,3,3,2,3,1 4,1,0,0,1,0,0,0,0,0,0,0,3,3,3,3,3,3,3,3,3,2,9,3,3,3,3,3,3,4,4,4,4,4,2 3 4,0,1,1,1,0,0,0,NA,0,NA,NA,NA,NA,NA,NA,NA,NA,NA,1 3,1,0,1,0,0,0,0,0,0,NA,42,NA,13600,NA,uuid:5fa38f60-8d33-49b8-a4b3-45a2efa7f246,2512142209,uuid:5fa38f60-8d33-49b8-a4b3-45a2efa7f246,NA,NA,NA,NA,NA,NA,NA,NA,NA,NA
710216,S0720070282,CENTRAL ETHIOPIA,Silte,misirak azernet berbere,kember shomo,Urban,"12/23/2025, 8:46:22 PM","12/23/2025, 11:55:46 AM","12/23/2025, 8:29:29 PM",12/23/2025,fef309259d139ee0,1,T5901,NA,female,1 2,1,1,0,0,0,0,0,0,0,2,0,1,0,0,NA,3,NA,2,NA,0,NA,2010,2017,2,0,NA,NA,2,0,1,0,0,0,0,0,NA,1,NA,1 2,1,1,0,0,0,0,0,NA,1,1 2 3,1,1,1,0,0,0,NA,1,1,0,0,0,0,0,0,0,0,0,NA,1 2,1,1,0,0,0,0,0,0,0,0,NA,1 2,1,1,0,0,0,0,0,0,0,0,NA,3,3,3,3,2,2,2,2,1 2 3,1,1,1,0,0,0,0,0,0,0,0,0,0,NA,2,2,NA,1 2 3,1,1,1,0,0,0,0,0,0,0,0,0,0,NA,4,4,4,4,4,4,4,4,4,4,5,5,5,5,5,5,3,3,3,2 5,0,1,0,0,1,0,0,0,NA,3,3,3,3,3,3,3,3,3,3,3,2,NA,3,3,3,3,3,1 2 3,1,1,1,0,0,NA,1,NA,0,1,0,1,0,1,0,0,1,0,0,NA,3,3,3,3,3,3,3,3,3,2,2,2,3,3,3,2,2,3,1 2,1,1,0,0,0,0,0,0,0,0,0,3,3,3,3,3,3,3,3,3,1,10,3,3,3,3,3,3,3,3,3,3,3,1 2,1,1,0,0,0,0,0,NA,0,NA,NA,NA,NA,NA,NA,NA,NA,NA,2 3,0,1,1,0,0,0,0,0,0,NA,28,NA,11252,NA,uuid:5cf6a29e-3cfc-4f29-af08-28ada49fd2c5,2512142209,uuid:5cf6a29e-3cfc-4f29-af08-28ada49fd2c5,NA,NA,NA,NA,NA,NA,NA,NA,NA,NA
710216,S0720070282,CENTRAL ETHIOPIA,Silte,misirak azernet berbere,kember shomo,Urban,"12/23/2025, 8:46:43 PM","12/23/2025, 12:06:26 PM","12/23/2025, 8:29:06 PM",12/23/2025,fef309259d139ee0,1,T5902,NA,male,5 7 8,0,0,0,0,1,0,1,1,0,1,1,0,0,0,NA,4,NA,5,NA,1,NA,1999,2007,3,1,15,3,1 2,1,1,0,0,0,0,0,NA,1,NA,2,0,1,0,0,0,0,0,NA,1,3,0,0,1,0,0,0,NA,1 2 3,1,1,1,0,0,0,0,0,0,0,NA,2 4,0,1,0,1,0,0,0,0,0,0,NA,4 6,0,0,0,1,0,1,0,0,0,0,NA,3,4,4,2,4,1,3,2,1 2 5,1,1,0,0,1,0,0,0,0,0,0,0,0,NA,3,3,NA,4,0,0,0,1,0,0,0,0,0,0,0,0,0,NA,4,4,4,4,4,4,4,4,4,4,4,4,4,4,4,4,1,1,1,2 5,0,1,0,0,1,0,0,0,NA,3,3,3,3,3,3,3,3,3,3,3,3,NA,4,4,4,4,4,2,0,1,0,0,0,NA,1,NA,0,0,0,0,0,0,0,1,0,0,0,NA,3,3,3,3,3,3,3,2,2,3,3,3,3,2,3,3,2,3,1 2,1,1,0,0,0,0,0,0,0,0,0,3,3,3,3,3,3,3,3,3,1,10,4,4,1,3,3,3,4,4,4,4,4,4,0,0,0,1,0,0,0,NA,0,NA,NA,NA,NA,NA,NA,NA,NA,NA,1 2,1,1,0,0,0,0,0,0,0,NA,31,NA,15175,NA,uuid:621f4663-a7d5-43ef-b624-3ce37284b6fc,2512142209,uuid:621f4663-a7d5-43ef-b624-3ce37284b6fc,NA,NA,NA,NA,NA,NA,NA,NA,NA,NA
710216,S0720070282,CENTRAL ETHIOPIA,Silte,misirak azernet berbere,kember shomo,Urban,"12/24/2025, 3:42:39 PM","12/24/2025, 9:18:37 AM","12/24/2025, 3:36:16 PM",12/24/2025,fef309259d139ee0,1,T5903,NA,female,1 2,1,1,0,0,0,0,0,0,0,97,0,0,0,1,Silitigna,4,NA,2,NA,0,NA,2005,2017,3,0,NA,NA,2,0,1,0,0,0,0,0,NA,1,NA,6,0,0,0,0,0,1,0,NA,1,3,0,0,1,0,0,0,NA,1 3 4 5,1,0,1,1,1,0,0,0,0,0,NA,4 5,0,0,0,1,1,0,0,0,0,0,NA,4 6,0,0,0,1,0,1,0,0,0,0,NA,3,4,3,2,2,2,2,2,1 2 6 7,1,1,0,0,0,1,1,0,0,0,0,0,0,NA,1,4,NA,3 4,0,0,1,1,0,0,0,0,0,0,0,0,0,NA,4,4,4,4,4,4,4,4,4,4,5,5,4,5,5,5,1,1,1,2,0,1,0,0,0,0,0,0,NA,3,3,3,3,3,3,4,4,4,4,4,2,NA,4,3,3,3,3,2,0,1,0,0,0,NA,1,NA,0,1,0,1,0,0,0,1,1,1,0,NA,3,3,3,3,3,3,3,3,2,3,3,3,2,3,3,2,3,1,1 2,1,1,0,0,0,0,0,0,0,0,0,3,3,3,3,3,3,3,3,3,1,9,3,4,1,3,3,3,4,4,4,4,4,1 2,1,1,0,0,0,0,0,NA,0,NA,NA,NA,NA,NA,NA,NA,NA,NA,1 2,1,1,0,0,0,0,0,0,0,NA,28,NA,10500,NA,uuid:1fb5480b-a76c-4d12-b7ea-bf303bfb1fa4,2512142209,uuid:1fb5480b-a76c-4d12-b7ea-bf303bfb1fa4,NA,NA,NA,NA,NA,NA,NA,NA,NA,NA
709901,S0720080132,CENTRAL ETHIOPIA,Silte,hulbareg,ambercho gimba,Rural,"12/12/2025, 5:13:36 PM","12/12/2025, 10:47:26 AM","12/12/2025, 5:10:32 PM",12/12/2025,fef309259d139ee0,1,T4503,NA,female,1 2 3 4,1,1,1,1,0,0,0,0,0,1 2,1,1,0,0,NA,2,NA,2,NA,0,NA,2011,2011,1,0,NA,NA,1,1,0,0,0,0,0,0,NA,1,NA,2,0,1,0,0,0,0,0,NA,1,3,0,0,1,0,0,0,NA,2 3,0,1,1,0,0,0,0,0,0,0,NA,1 2,1,1,0,0,0,0,0,0,0,0,NA,1 2,1,1,0,0,0,0,0,0,0,0,NA,3,3,4,3,2,1,2,2,5,0,0,0,0,1,0,0,0,0,0,0,0,0,NA,4,4,NA,3 4,0,0,1,1,0,0,0,0,0,0,0,0,0,NA,4,4,4,4,4,4,4,4,4,4,5,5,5,5,5,5,2,1,1,2 5,0,1,0,0,1,0,0,0,NA,3,4,4,4,4,4,4,5,5,5,5,2,NA,4,4,4,4,4,1 2,1,1,0,0,0,NA,1,NA,1,1,0,0,0,0,0,1,1,1,0,NA,3,3,3,3,3,3,3,3,3,2,2,2,1,2,2,1,2,1,1 2,1,1,0,0,0,0,0,0,0,0,0,4,3,3,3,3,3,3,3,3,1,10,3,1,1,1,3,3,4,4,4,4,4,1 2,1,1,0,0,0,0,0,NA,0,NA,NA,NA,NA,NA,NA,NA,NA,NA,2 3,0,1,1,0,0,0,0,0,0,NA,25,NA,10165,NA,uuid:9505a714-328c-4475-9bc7-4261ca90e13a,2512111014,uuid:9505a714-328c-4475-9bc7-4261ca90e13a,NA,NA,NA,NA,NA,NA,NA,NA,NA,NA
709901,S0720080132,CENTRAL ETHIOPIA,Silte,hulbareg,ambercho gimba,Rural,"12/12/2025, 5:13:36 PM","12/12/2025, 10:18:59 AM","12/12/2025, 5:10:45 PM",12/12/2025,fef309259d139ee0,1,T4502,NA,female,2 3 5,0,1,1,0,1,0,0,0,0,1 97,1,0,0,1,Social since,4,NA,2,NA,0,NA,2011,2011,1,0,NA,NA,1,1,0,0,0,0,0,0,NA,1,NA,6,0,0,0,0,0,1,0,NA,1,3,0,0,1,0,0,0,NA,2,0,1,0,0,0,0,0,0,0,0,NA,3 4,0,0,1,1,0,0,0,0,0,0,NA,1 4,1,0,0,1,0,0,0,0,0,0,NA,3,3,3,3,4,4,4,2,5,0,0,0,0,1,0,0,0,0,0,0,0,0,NA,3,4,NA,3 4,0,0,1,1,0,0,0,0,0,0,0,0,0,NA,4,4,3,3,3,3,4,4,4,4,5,5,5,5,5,5,2,2,1,2 5,0,1,0,0,1,0,0,0,NA,4,3,3,3,3,3,4,4,4,4,4,2,NA,3,4,4,4,4,2,0,1,0,0,0,NA,2,NA,1,1,0,1,1,1,1,1,0,0,0,NA,3,3,3,1,4,3,3,3,3,2,2,3,2,2,2,3,2,1,1 2,1,1,0,0,0,0,0,0,0,0,0,4,4,3,3,3,4,4,3,3,1,10,3,1,4,1,4,3,3,4,4,4,4,1 2,1,1,0,0,0,0,0,NA,0,NA,NA,NA,NA,NA,NA,NA,NA,NA,1 2,1,1,0,0,0,0,0,0,0,NA,28,NA,10188,NA,uuid:4ee48759-9c7e-4479-83e9-4a68095a03d1,2512040829,uuid:4ee48759-9c7e-4479-83e9-4a68095a03d1,NA,NA,NA,NA,NA,NA,NA,NA,NA,NA
709901,S0720080132,CENTRAL ETHIOPIA,Silte,hulbareg,ambercho gimba,Rural,"12/12/2025, 5:13:37 PM","12/12/2025, 9:49:57 AM","12/12/2025, 5:11:04 PM",12/12/2025,fef309259d139ee0,1,T4501,NA,male,5 6 8,0,0,0,0,1,1,0,1,0,1 97,1,0,0,1,Social since,5,NA,2,NA,0,NA,2009,2009,1,0,NA,NA,1,1,0,0,0,0,0,0,NA,1,NA,6,0,0,0,0,0,1,0,NA,1,3,0,0,1,0,0,0,NA,1 3 4,1,0,1,1,0,0,0,0,0,0,NA,4 6,0,0,0,1,0,1,0,0,0,0,NA,1 2,1,1,0,0,0,0,0,0,0,0,NA,3,3,3,2,3,1,2,2,3,0,0,1,0,0,0,0,0,0,0,0,0,0,NA,1,4,NA,1,1,0,0,0,0,0,0,0,0,0,0,0,0,NA,4,4,3,1,3,3,4,4,4,4,5,5,5,5,5,5,2,2,1,2 5,0,1,0,0,1,0,0,0,NA,4,4,2,4,2,3,4,4,4,4,4,3,NA,4,4,4,4,4,2,0,1,0,0,0,NA,2,NA,0,1,0,1,0,0,1,1,1,0,0,NA,3,2,2,1,4,4,1,3,3,2,2,2,3,2,2,2,2,1,1 2,1,1,0,0,0,0,0,0,0,0,0,4,1,1,4,4,4,3,3,3,1,10,3,4,1,1,3,2,4,3,3,3,3,4,0,0,0,1,0,0,0,NA,0,NA,NA,NA,NA,NA,NA,NA,NA,NA,3 4,0,0,1,1,0,0,0,0,0,NA,27,NA,12000,NA,uuid:2a9800f5-d98a-45b3-a8db-31b5d7bf0063,2512040829,uuid:2a9800f5-d98a-45b3-a8db-31b5d7bf0063,NA,NA,NA,NA,NA,NA,NA,NA,NA,NA
800022,S0801010152,GAMBELLA,Anywa,abobo,lumtak,Rural,"12/10/2025, 8:38:09 AM","12/9/2025, 11:46:43 AM","12/10/2025, 8:37:25 AM",12/9/2025,7920b42f5d4d12d1,1,T102,NA,female,1 2 3 4,1,1,1,1,0,0,0,0,0,2,0,1,0,0,NA,3,NA,2,NA,1,NA,2004,2004,1,1,1,2,2,0,1,0,0,0,0,0,NA,1,NA,2 5 6,0,1,0,0,1,1,0,NA,1,2 3 5,0,1,1,0,1,0,NA,2 4 5,0,1,0,1,1,0,0,0,0,0,NA,4 7,0,0,0,1,0,0,1,0,0,0,NA,1 6,1,0,0,0,0,1,0,0,0,0,NA,3,2,2,2,2,3,2,1,6,0,0,0,0,0,1,0,0,0,0,0,0,0,NA,1,3,NA,1 7 8 10,1,0,0,0,0,0,1,1,0,1,0,0,0,NA,4,3,2,2,2,3,3,3,4,3,4,4,2,4,5,4,2,2,1,2 5,0,1,0,0,1,0,0,0,NA,3,3,2,3,4,2,2,2,1,2,1,2,NA,2,2,1,1,3,2 3,0,1,1,0,0,NA,3,NA,1,0,0,1,1,1,1,1,1,1,0,NA,2,2,1,1,3,3,3,3,3,2,3,3,3,3,3,3,3,3,1 4,1,0,0,1,0,0,0,0,0,0,0,3,1,2,2,1,3,1,3,3,4,8,2,3,2,1,2,3,3,3,4,3,3,2,0,1,0,0,0,0,0,NA,1,1,2,3,1,2,1,1,1,No,7,0,0,0,0,0,0,1,0,0,NA,27,NA,8525,No,uuid:a8eb7f5f-7b11-43fe-9cb4-a54ebac5eeda,2512040829,uuid:a8eb7f5f-7b11-43fe-9cb4-a54ebac5eeda,NA,NA,NA,NA,NA,NA,NA,NA,NA,NA
800022,S0801010152,GAMBELLA,Anywa,abobo,lumtak,Rural,"12/10/2025, 8:38:11 AM","12/9/2025, 1:19:24 PM","12/10/2025, 8:11:13 AM",12/9/2025,7920b42f5d4d12d1,1,T103,NA,male,3 4 5 6,0,0,1,1,1,1,0,0,0,3 97,0,0,1,1,"English,",4,NA,5,NA,1,NA,2015,2015,1,0,NA,NA,5,0,0,0,0,1,0,0,NA,1,NA,5 6,0,0,0,0,1,1,0,NA,1,1 3 5,1,0,1,0,1,0,NA,2 4 5 7,0,1,0,1,1,0,1,0,0,0,NA,4 5,0,0,0,1,1,0,0,0,0,0,NA,4 6,0,0,0,1,0,1,0,0,0,0,NA,4,3,1,1,2,2,2,1,8 11,0,0,0,0,0,0,0,1,0,0,1,0,0,NA,2,3,NA,7 10,0,0,0,0,0,0,1,0,0,1,0,0,0,NA,3,3,3,2,2,3,3,3,3,3,5,4,3,5,4,4,1,1,1,2 5,0,1,0,0,1,0,0,0,NA,3,4,2,3,3,3,2,2,1,4,1,2,NA,1,1,2,1,3,2 3,0,1,1,0,0,NA,3,NA,1,1,0,1,0,1,1,1,1,1,0,NA,2,3,1,1,4,2,1,3,3,3,3,3,2,2,1,3,3,3,1 9,1,0,0,0,0,0,0,0,1,0,0,3,2,2,2,1,4,1,3,3,1,9,1,1,4,1,2,4,3,3,3,3,4,2,0,1,0,0,0,0,0,NA,1,1,2,3,1,2,1,1,1,No,7 8,0,0,0,0,0,0,1,1,0,NA,26,NA,8523,Coraption,uuid:7cf8398b-ea67-4daa-ac52-a3d8328dce47,2512040829,uuid:7cf8398b-ea67-4daa-ac52-a3d8328dce47,NA,NA,NA,NA,NA,NA,NA,NA,NA,NA
800022,S0801010152,GAMBELLA,Anywa,abobo,lumtak,Rural,"12/10/2025, 8:38:14 AM","12/9/2025, 10:55:24 AM","12/10/2025, 8:14:47 AM",12/9/2025,7920b42f5d4d12d1,1,T101,NA,male,3 4 5 6,0,0,1,1,1,1,0,0,0,1,1,0,0,0,NA,3,NA,3,NA,0,NA,2014,2014,1,1,1,3,1,1,0,0,0,0,0,0,NA,1,NA,5 6,0,0,0,0,1,1,0,NA,1,3,0,0,1,0,0,0,NA,4,0,0,0,1,0,0,0,0,0,0,NA,4 7,0,0,0,1,0,0,1,0,0,0,NA,1 8,1,0,0,0,0,0,0,1,0,0,NA,3,3,2,2,2,2,2,2,11,0,0,0,0,0,0,0,0,0,0,1,0,0,NA,2,3,NA,2 3 5,0,1,1,0,1,0,0,0,0,0,0,0,0,NA,4,3,3,3,3,3,3,3,3,3,4,4,4,4,4,4,1,1,1,5,0,0,0,0,1,0,0,0,NA,3,3,3,3,3,3,4,4,4,4,4,2,NA,3,3,3,3,3,2 4,0,1,0,1,0,NA,1,NA,1,1,1,1,1,1,1,1,1,1,0,NA,2,3,3,3,3,3,3,3,3,3,3,3,3,3,3,3,3,3,3 4,0,0,1,1,0,0,0,0,0,0,0,2,2,2,2,2,2,2,3,3,1,10,2,2,2,2,2,2,3,2,3,3,3,1,1,0,0,0,0,0,0,NA,1,1,2,2,2,2,2,2,2,No,2 4,0,1,0,1,0,0,0,0,0,NA,27,NA,8500,No,uuid:17712d9c-bd3d-418b-a702-47174b4db006,2512040829,uuid:17712d9c-bd3d-418b-a702-47174b4db006,NA,NA,NA,NA,NA,NA,NA,NA,NA,NA
800028,S0801010172,GAMBELLA,Anywa,abobo,tiegny cycle 1,Rural,"12/8/2025, 4:31:43 PM","12/8/2025, 11:05:34 AM","12/8/2025, 4:26:00 PM",12/8/2025,8.66E+14,1,T8101,NA,male,7 8,0,0,0,0,0,0,1,1,0,97,0,0,0,1,Ict and carrer,4,NA,5,NA,1,NA,2007,2017,5,0,NA,NA,3,0,0,1,0,0,0,0,NA,1,NA,6,0,0,0,0,0,1,0,NA,1,1,1,0,0,0,0,0,NA,3 4,0,0,1,1,0,0,0,0,0,0,NA,4 8,0,0,0,1,0,0,0,1,0,0,NA,1 4,1,0,0,1,0,0,0,0,0,0,NA,2,3,2,1,1,1,1,1,2 7,0,1,0,0,0,0,1,0,0,0,0,0,0,NA,1,3,NA,2 5,0,1,0,0,1,0,0,0,0,0,0,0,0,NA,4,3,4,3,4,4,3,2,1,3,5,5,5,5,5,5,1,1,1,2 5,0,1,0,0,1,0,0,0,NA,2,2,3,4,4,1,2,3,1,3,1,1,NA,3,3,3,3,3,2 4,0,1,0,1,0,NA,2,NA,1,1,0,1,0,1,1,1,1,0,0,NA,3,3,1,1,3,1,1,1,3,1,3,1,2,3,1,3,3,3,1 4,1,0,0,1,0,0,0,0,0,0,0,2,3,3,3,3,3,1,2,2,1,10,2,4,3,4,3,2,3,3,3,4,4,2 4,0,1,0,1,0,0,0,NA,1,2,2,2,1,2,1,2,1,Nothing at all,4 6,0,0,0,1,0,1,0,0,0,NA,35,NA,16000,Nothing,uuid:0711a613-e9ed-4715-a9c0-f0ffd9ecb631,2512040829,uuid:0711a613-e9ed-4715-a9c0-f0ffd9ecb631,NA,NA,NA,NA,NA,NA,NA,NA,NA,NA
800028,S0801010172,GAMBELLA,Anywa,abobo,tiegny cycle 1,Rural,"12/8/2025, 4:31:47 PM","12/8/2025, 11:47:53 AM","12/8/2025, 4:30:37 PM",12/8/2025,8.66E+14,1,T8102,NA,male,4 6 8,0,0,0,1,0,1,0,1,0,1,1,0,0,0,NA,3,NA,2,NA,0,NA,2013,2014,1,0,NA,NA,4,0,0,0,1,0,0,0,NA,1,NA,6,0,0,0,0,0,1,0,NA,1,1,1,0,0,0,0,0,NA,1 4,1,0,0,1,0,0,0,0,0,0,NA,5 6,0,0,0,0,1,1,0,0,0,0,NA,1 4,1,0,0,1,0,0,0,0,0,0,NA,3,4,2,1,1,1,2,1,2 9,0,1,0,0,0,0,0,0,1,0,0,0,0,NA,0,2,NA,2 5,0,1,0,0,1,0,0,0,0,0,0,0,0,NA,4,3,4,3,4,3,4,3,3,3,5,5,5,4,4,4,1,1,1,2,0,1,0,0,0,0,0,0,NA,2,2,1,4,4,2,1,4,1,1,1,2,NA,1,1,1,3,3,2,0,1,0,0,0,NA,3,NA,0,1,0,1,0,1,1,0,1,1,0,NA,4,4,1,1,3,1,3,3,1,3,1,1,2,3,2,3,3,3,1 4,1,0,0,1,0,0,0,0,0,0,0,2,4,4,3,3,3,1,3,2,1,10,3,4,2,4,4,2,3,3,2,3,3,1,1,0,0,0,0,0,0,NA,0,NA,NA,NA,NA,NA,NA,NA,NA,NA,3,0,0,1,0,0,0,0,0,0,NA,35,NA,13000,Nothing,uuid:0100e9f7-a9d6-474f-9c4a-5f993cfa1fc2,2512040829,uuid:0100e9f7-a9d6-474f-9c4a-5f993cfa1fc2,NA,NA,NA,NA,NA,NA,NA,NA,NA,NA
800028,S0801010172,GAMBELLA,Anywa,abobo,tiegny cycle 1,Rural,"12/8/2025, 9:28:12 PM","12/8/2025, 12:45:48 PM","12/8/2025, 9:15:48 PM",12/8/2025,7920b42f5d4d12d1,1,T8103,NA,female,1 2 3 4,1,1,1,1,0,0,0,0,0,1,1,0,0,0,NA,3,NA,2,NA,1,NA,2011,2017,4,0,NA,NA,1 5,1,0,0,0,1,0,0,NA,3,NA,6,0,0,0,0,0,1,0,NA,1,3,0,0,1,0,0,0,NA,4 7,0,0,0,1,0,0,1,0,0,0,NA,1 4,1,0,0,1,0,0,0,0,0,0,NA,2 5,0,1,0,0,1,0,0,0,0,0,NA,3,3,3,3,3,4,1,2,6 11,0,0,0,0,0,1,0,0,0,0,1,0,0,NA,1,3,NA,1 4 6 7 8 9 10,1,0,0,1,0,1,1,1,1,1,0,0,0,NA,3,3,2,2,3,3,3,3,2,3,4,4,4,4,4,4,1,1,1,5,0,0,0,0,1,0,0,0,NA,4,3,3,4,2,3,5,4,4,5,4,2,NA,1,1,2,1,3,2 3 4,0,1,1,1,0,NA,1,NA,1,1,0,1,0,1,1,1,1,1,0,NA,3,1,1,1,3,3,3,3,3,3,3,3,3,3,3,3,3,3,1 3 4 8 11,1,0,1,1,0,0,0,1,0,0,1,2,2,3,2,1,2,1,3,3,1,8,3,3,2,1,3,3,3,3,3,3,3,2 4,0,1,0,1,0,0,0,NA,1,1,1,1,1,1,1,1,1,Lake of transportation and internet,2 7,0,1,0,0,0,0,1,0,0,NA,27,NA,13000,Coraption,uuid:ffebd40f-b198-4f01-a5b6-76aad3b85c06,2512040829,uuid:ffebd40f-b198-4f01-a5b6-76aad3b85c06,NA,NA,NA,NA,NA,NA,NA,NA,NA,NA
800082,S0801030042,GAMBELLA,Anywa,gambella zuria,koben,Rural,"12/19/2025, 4:25:46 PM","12/17/2025, 1:52:26 PM","12/19/2025, 8:04:01 AM",12/17/2025,7920b42f5d4d12d1,1,T37603,NA,male,7 8,0,0,0,0,0,0,1,1,0,97,0,0,0,1,General Science,6,NA,5,NA,1,NA,2005,2017,2,0,NA,NA,5,0,0,0,0,1,0,0,NA,97,Based on Subject mater and qualification requirement,6,0,0,0,0,0,1,0,NA,1,3,0,0,1,0,0,0,NA,4 7,0,0,0,1,0,0,1,0,0,0,NA,2 4,0,1,0,1,0,0,0,0,0,0,NA,4 8,0,0,0,1,0,0,0,1,0,0,NA,3,3,3,3,2,2,2,1,6 10,0,0,0,0,0,1,0,0,0,1,0,0,0,NA,1,3,NA,1 4,1,0,0,1,0,0,0,0,0,0,0,0,0,NA,4,3,4,4,3,3,3,4,3,3,5,4,4,4,4,4,1,1,1,2 5,0,1,0,0,1,0,0,0,NA,2,4,4,2,2,2,4,3,3,4,4,1,NA,3,1,1,2,4,2,0,1,0,0,0,NA,4,NA,1,1,0,1,1,1,1,1,1,1,0,NA,3,3,1,1,3,1,3,1,3,2,1,3,2,1,2,2,3,3,1 6,1,0,0,0,0,1,0,0,0,0,0,3,2,3,3,1,4,3,3,3,1,8,3,3,3,2,3,3,3,3,3,3,3,4,0,0,0,1,0,0,0,NA,1,1,1,2,1,2,1,1,1,No,4 7,0,0,0,1,0,0,1,0,0,NA,41,NA,18000,No,uuid:c1669a22-7fb2-443a-a1e2-a17088aa42ed,2512142209,uuid:c1669a22-7fb2-443a-a1e2-a17088aa42ed,NA,NA,NA,NA,NA,NA,NA,NA,NA,NA
800082,S0801030042,GAMBELLA,Anywa,gambella zuria,koben,Rural,"12/19/2025, 4:25:47 PM","12/17/2025, 1:34:05 PM","12/19/2025, 8:03:26 AM",12/17/2025,7920b42f5d4d12d1,1,T37602,NA,male,1 2,1,1,0,0,0,0,0,0,0,1,1,0,0,0,NA,1,NA,2,NA,0,NA,2009,2011,2,0,NA,NA,1,1,0,0,0,0,0,0,NA,97,Based on Subject,5,0,0,0,0,1,0,0,NA,1,3,0,0,1,0,0,0,NA,7,0,0,0,0,0,0,1,0,0,0,NA,5 6,0,0,0,0,1,1,0,0,0,0,NA,4 7,0,0,0,1,0,0,1,0,0,0,NA,4,4,4,4,2,2,2,2,6 10,0,0,0,0,0,1,0,0,0,1,0,0,0,NA,2,3,NA,1 7 8,1,0,0,0,0,0,1,1,0,0,0,0,0,NA,4,4,4,4,3,4,4,4,4,4,4,5,4,4,4,4,1,1,1,5,0,0,0,0,1,0,0,0,NA,3,3,4,3,4,3,4,3,4,3,4,3,NA,3,2,3,2,3,1,1,0,0,0,0,NA,1,NA,1,0,1,1,1,1,1,1,1,1,0,NA,3,3,1,1,4,3,3,3,3,3,3,3,3,3,3,3,3,3,3 4,0,0,1,1,0,0,0,0,0,0,0,3,2,3,3,2,3,1,1,1,1,5,3,3,3,3,3,2,3,3,3,3,3,1,1,0,0,0,0,0,0,NA,1,1,2,2,1,1,2,1,1,No,5 7,0,0,0,0,1,0,1,0,0,NA,35,NA,14000,No,uuid:f5d45318-04d6-4bc5-b525-5ebc2a2d6ad0,2512142209,uuid:f5d45318-04d6-4bc5-b525-5ebc2a2d6ad0,NA,NA,NA,NA,NA,NA,NA,NA,NA,NA
800082,S0801030042,GAMBELLA,Anywa,gambella zuria,koben,Rural,"12/19/2025, 4:25:47 PM","12/17/2025, 11:42:05 AM","12/19/2025, 8:03:40 AM",12/17/2025,7920b42f5d4d12d1,1,T37601,NA,female,5 6 7 8,0,0,0,0,1,1,1,1,0,97,0,0,0,1,Geography,3,NA,2,NA,0,NA,2011,2011,1,1,2,3,1,1,0,0,0,0,0,0,NA,97,Based on Subject,5 97,0,0,0,0,1,0,1,ማካካሻ ትምህርት ሌላ ቀን እንድስጥ ይደረጋል,1,1 3,1,0,1,0,0,0,NA,4 7,0,0,0,1,0,0,1,0,0,0,NA,5 6,0,0,0,0,1,1,0,0,0,0,NA,4 8,0,0,0,1,0,0,0,1,0,0,NA,4,4,4,4,1,1,1,1,6 7,0,0,0,0,0,1,1,0,0,0,0,0,0,NA,3,2,NA,1 8 10,1,0,0,0,0,0,0,1,0,1,0,0,0,NA,4,4,4,3,4,4,4,4,4,3,5,5,5,5,4,4,1,1,1,2,0,1,0,0,0,0,0,0,NA,4,4,3,4,1,3,4,4,1,4,4,3,NA,1,1,1,2,3,2 4,0,1,0,1,0,NA,3,NA,1,1,1,1,1,1,1,1,1,1,0,NA,4,4,2,1,4,3,2,3,3,3,3,3,3,3,3,3,3,3,4 5,0,0,0,1,1,0,0,0,0,0,0,4,2,3,3,1,4,3,3,3,1,10,4,4,4,3,3,1,4,3,3,3,3,2,0,1,0,0,0,0,0,NA,0,NA,NA,NA,NA,NA,NA,NA,NA,NA,5 7,0,0,0,0,1,0,1,0,0,NA,30,NA,14700,No,uuid:2d08c87c-f91f-408c-854d-64a4bdaee839,2512142209,uuid:2d08c87c-f91f-408c-854d-64a4bdaee839,NA,NA,NA,NA,NA,NA,NA,NA,NA,NA
800088,S0801030062,GAMBELLA,Anywa,gambella zuria,siri mejang,Rural,"12/17/2025, 4:50:15 AM","12/16/2025, 12:54:53 PM","12/17/2025, 4:46:36 AM",12/16/2025,7920b42f5d4d12d1,1,T8502,NA,male,5 6 7 8,0,0,0,0,1,1,1,1,0,1,1,0,0,0,NA,3,NA,5,NA,1,NA,2010,2016,3,0,NA,NA,1,1,0,0,0,0,0,0,NA,1,NA,5,0,0,0,0,1,0,0,NA,1,3,0,0,1,0,0,0,NA,1 7,1,0,0,0,0,0,1,0,0,0,NA,4 6,0,0,0,1,0,1,0,0,0,0,NA,4 6,0,0,0,1,0,1,0,0,0,0,NA,3,3,2,2,2,1,1,3,6,0,0,0,0,0,1,0,0,0,0,0,0,0,NA,2,2,NA,1,1,0,0,0,0,0,0,0,0,0,0,0,0,NA,3,4,4,3,3,3,3,3,3,3,4,4,4,5,5,5,1,1,1,2,0,1,0,0,0,0,0,0,NA,4,3,2,2,4,3,2,2,2,3,5,97,Choice for student,3,1,1,3,4,2,0,1,0,0,0,NA,97,By simister 2 times,1,0,0,1,0,1,1,1,1,1,0,NA,3,3,1,1,4,1,1,3,3,3,3,3,3,3,3,3,3,3,4 5,0,0,0,1,1,0,0,0,0,0,0,3,1,2,1,1,3,1,3,3,1,10,3,3,3,3,3,3,3,3,3,3,3,1,1,0,0,0,0,0,0,NA,0,NA,NA,NA,NA,NA,NA,NA,NA,NA,4 7,0,0,0,1,0,0,1,0,0,NA,28,NA,14746,Problem of administration,uuid:2e0402da-db44-4cf0-a20a-85c9328bf85a,2512142209,uuid:2e0402da-db44-4cf0-a20a-85c9328bf85a,NA,NA,NA,NA,NA,NA,NA,NA,NA,NA
800088,S0801030062,GAMBELLA,Anywa,gambella zuria,siri mejang,Rural,"12/17/2025, 4:50:15 AM","12/16/2025, 1:43:34 PM","12/17/2025, 4:50:20 AM",12/16/2025,7920b42f5d4d12d1,1,T8503,NA,male,7 8,0,0,0,0,0,0,1,1,0,97,0,0,0,1,Matmatics and general Science,3,NA,2,NA,0,NA,2005,2006,2,0,NA,NA,1,1,0,0,0,0,0,0,NA,97,Based on Subject,6,0,0,0,0,0,1,0,NA,1,1 3,1,0,1,0,0,0,NA,97,0,0,0,0,0,0,0,0,0,1,ክበባትን ማዘጋጀትና ወደ ኃላ የቀሩ ተማሪዎችን ሁሌ እሁድና ቅዳሜ ማካካሻ መስጠት,1 4,1,0,0,1,0,0,0,0,0,0,NA,1 5,1,0,0,0,1,0,0,0,0,0,NA,2,3,3,2,3,2,2,2,6 11,0,0,0,0,0,1,0,0,0,0,1,0,0,NA,1,3,NA,1 7 8,1,0,0,0,0,0,1,1,0,0,0,0,0,NA,3,3,3,3,3,3,2,3,3,3,5,3,1,5,4,4,1,1,1,2,0,1,0,0,0,0,0,0,NA,4,4,3,4,4,3,3,2,2,3,3,97,Choice for student,3,3,3,1,4,2 4,0,1,0,1,0,NA,1,NA,1,1,0,0,0,1,1,1,1,1,0,NA,3,3,3,3,3,3,3,3,3,3,3,3,3,3,1,1,3,3,2 4,0,1,0,1,0,0,0,0,0,0,0,3,2,3,2,2,3,2,3,3,1,10,3,3,3,3,2,4,3,3,3,3,3,1,1,0,0,0,0,0,0,NA,1,2,2,3,1,2,2,1,1,There is no regular education,2 7,0,1,0,0,0,0,1,0,0,NA,35,NA,16500,No,uuid:85e4041e-45a5-43da-a204-b424b57eeba7,2512142209,uuid:85e4041e-45a5-43da-a204-b424b57eeba7,NA,NA,NA,NA,NA,NA,NA,NA,NA,NA
800088,S0801030062,GAMBELLA,Anywa,gambella zuria,siri mejang,Rural,"12/17/2025, 4:50:15 AM","12/16/2025, 12:25:48 PM","12/17/2025, 4:51:22 AM",12/16/2025,7920b42f5d4d12d1,1,T8501,NA,male,3 4 5 6 7 8,0,0,1,1,1,1,1,1,0,1,1,0,0,0,NA,3,NA,2,NA,1,NA,2012,2012,1,1,1,2,1,1,0,0,0,0,0,0,NA,1,NA,5 6,0,0,0,0,1,1,0,NA,1,3,0,0,1,0,0,0,NA,4 7,0,0,0,1,0,0,1,0,0,0,NA,4 6,0,0,0,1,0,1,0,0,0,0,NA,4 6,0,0,0,1,0,1,0,0,0,0,NA,3,3,3,2,2,2,2,2,6 11,0,0,0,0,0,1,0,0,0,0,1,0,0,NA,2,2,NA,1 7,1,0,0,0,0,0,1,0,0,0,0,0,0,NA,3,4,4,3,4,4,4,3,3,4,5,5,3,5,5,5,1,1,1,2,0,1,0,0,0,0,0,0,NA,3,4,3,3,3,2,3,2,1,3,2,1,NA,1,1,1,2,3,2 3,0,1,1,0,0,NA,4,NA,0,0,0,1,1,1,1,1,1,1,0,NA,3,3,1,1,3,3,2,3,3,3,3,3,3,3,1,2,3,3,1 3,1,0,1,0,0,0,0,0,0,0,0,3,2,2,2,2,3,2,3,3,1,10,1,3,3,3,3,3,3,3,3,2,2,1,1,0,0,0,0,0,0,NA,0,NA,NA,NA,NA,NA,NA,NA,NA,NA,4,0,0,0,1,0,0,0,0,0,NA,36,NA,14706,No,uuid:35a012db-1416-453a-a6c0-67d912bc8987,2512142209,uuid:35a012db-1416-453a-a6c0-67d912bc8987,NA,NA,NA,NA,NA,NA,NA,NA,NA,NA
800080,S0801030072,GAMBELLA,Anywa,gambella zuria,jewie,Rural,"12/5/2025, 5:44:04 PM","12/5/2025, 11:25:57 AM","12/5/2025, 5:23:10 PM",12/5/2025,8.66E+14,1,T9901,NA,male,5 6 7,0,0,0,0,1,1,1,0,0,1,1,0,0,0,NA,4,NA,2,NA,1,NA,2008,2017,4,1,2,3,3,0,0,1,0,0,0,0,NA,1,NA,6,0,0,0,0,0,1,0,NA,1,1 5,1,0,0,0,1,0,NA,1 2,1,1,0,0,0,0,0,0,0,0,NA,4 7,0,0,0,1,0,0,1,0,0,0,NA,4 5,0,0,0,1,1,0,0,0,0,0,NA,2,2,3,3,1,1,1,1,2 7,0,1,0,0,0,0,1,0,0,0,0,0,0,NA,0,1,NA,NA,NA,NA,NA,NA,NA,NA,NA,NA,NA,NA,NA,NA,NA,NA,3,2,2,2,2,3,2,3,2,3,4,4,4,3,3,4,1,1,1,2,0,1,0,0,0,0,0,0,NA,2,1,2,3,3,1,1,3,1,1,1,97,Class room direct election,3,2,2,3,3,1,1,0,0,0,0,NA,3,NA,0,0,0,1,0,0,0,1,1,1,0,NA,4,4,1,1,4,1,2,1,3,3,1,3,2,2,2,3,3,1,1 3,1,0,1,0,0,0,0,0,0,0,0,3,2,3,3,2,3,1,3,3,1,10,3,3,1,3,3,1,3,3,3,4,4,1 4,1,0,0,1,0,0,0,NA,0,NA,NA,NA,NA,NA,NA,NA,NA,NA,3 7,0,0,1,0,0,0,1,0,0,NA,31,NA,16000,Reading material and shortage of teachers,uuid:5223ec47-1342-4ef2-81ea-50f58e9d7570,2512040829,uuid:5223ec47-1342-4ef2-81ea-50f58e9d7570,NA,NA,NA,NA,NA,NA,NA,NA,NA,NA
800080,S0801030072,GAMBELLA,Anywa,gambella zuria,jewie,Rural,"12/5/2025, 5:44:05 PM","12/5/2025, 12:25:13 PM","12/5/2025, 5:28:14 PM",12/5/2025,8.66E+14,1,T9902,NA,male,7 8,0,0,0,0,0,0,1,1,0,97,0,0,0,1,Citizenship,4,NA,2,NA,1,NA,2008,2013,4,1,2,3,1,1,0,0,0,0,0,0,NA,1,NA,6,0,0,0,0,0,1,0,NA,1,1,1,0,0,0,0,0,NA,1 4,1,0,0,1,0,0,0,0,0,0,NA,4 5,0,0,0,1,1,0,0,0,0,0,NA,4 8,0,0,0,1,0,0,0,1,0,0,NA,2,3,3,2,1,1,1,1,2 7,0,1,0,0,0,0,1,0,0,0,0,0,0,NA,0,2,NA,2 5,0,1,0,0,1,0,0,0,0,0,0,0,0,NA,2,3,2,2,4,4,3,3,2,2,5,4,2,4,5,3,1,1,1,2,0,1,0,0,0,0,0,0,NA,4,2,4,4,3,3,1,5,1,4,5,1,NA,1,1,1,2,4,2,0,1,0,0,0,NA,4,NA,0,0,0,1,1,1,1,1,1,1,0,NA,3,3,1,1,3,1,4,1,3,1,1,1,2,3,3,3,3,3,1 6 7,1,0,0,0,0,1,1,0,0,0,0,1,4,3,3,2,3,1,3,3,2,10,2,3,1,4,4,3,4,4,3,4,3,1,1,0,0,0,0,0,0,NA,1,3,2,2,1,2,2,2,1,Nothing,2 3,0,1,1,0,0,0,0,0,0,NA,28,NA,16000,Nothing,uuid:7efcd93d-b6d1-42ff-904f-bfad3d055431,2512040829,uuid:7efcd93d-b6d1-42ff-904f-bfad3d055431,NA,NA,NA,NA,NA,NA,NA,NA,NA,NA
800080,S0801030072,GAMBELLA,Anywa,gambella zuria,jewie,Rural,"12/5/2025, 11:02:06 PM","12/5/2025, 11:41:29 AM","12/5/2025, 10:37:35 PM",12/5/2025,7920b42f5d4d12d1,1,T9903,NA,female,4 5 6,0,0,0,1,1,1,0,0,0,3,0,0,1,0,NA,3,NA,2,NA,1,NA,2012,2012,1,1,10,3,5,0,0,0,0,1,0,0,NA,1,NA,6,0,0,0,0,0,1,0,NA,1,3,0,0,1,0,0,0,NA,4,0,0,0,1,0,0,0,0,0,0,NA,4 8,0,0,0,1,0,0,0,1,0,0,NA,4 6,0,0,0,1,0,1,0,0,0,0,NA,3,3,1,3,2,3,3,2,3,0,0,1,0,0,0,0,0,0,0,0,0,0,NA,3,3,NA,1 5 7,1,0,0,0,1,0,1,0,0,0,0,0,0,NA,4,3,3,3,3,3,3,3,3,3,5,4,3,3,4,4,1,1,1,2,0,1,0,0,0,0,0,0,NA,2,2,3,3,2,2,3,3,3,4,4,4,NA,3,3,3,2,3,1,1,0,0,0,0,NA,1,NA,1,1,1,1,1,1,1,1,1,1,0,NA,3,3,2,2,3,3,3,3,3,2,1,1,1,1,2,3,3,3,1 9,1,0,0,0,0,0,0,0,1,0,0,3,3,3,3,2,2,2,3,3,1,9,3,3,2,2,2,3,3,2,2,2,3,2,0,1,0,0,0,0,0,NA,1,1,1,3,1,2,1,1,1,"Lake of house 
Lake of transportation",3 4,0,0,1,1,0,0,0,0,0,NA,25,NA,13080,"Lake of infrastructure 
Lake of payment 
Lake of training",uuid:e4689bac-578b-4100-b81a-1a980da8e4e0,2512040829,uuid:e4689bac-578b-4100-b81a-1a980da8e4e0,NA,NA,NA,NA,NA,NA,NA,NA,NA,NA
800089,S0801030122,GAMBELLA,Anywa,gambella zuria,upagna,Rural,"12/16/2025, 7:51:19 PM","12/16/2025, 1:05:27 PM","12/16/2025, 7:04:42 PM",12/16/2025,8.66E+14,1,T31402,NA,female,6,0,0,0,0,0,1,0,0,0,1,1,0,0,0,NA,4,NA,2,NA,1,NA,2011,2011,1,1,1,3,1,1,0,0,0,0,0,0,NA,1,NA,6,0,0,0,0,0,1,0,NA,1,1,1,0,0,0,0,0,NA,1 3,1,0,1,0,0,0,0,0,0,0,NA,4 8,0,0,0,1,0,0,0,1,0,0,NA,4 7,0,0,0,1,0,0,1,0,0,0,NA,3,2,2,1,1,1,1,1,2 7,0,1,0,0,0,0,1,0,0,0,0,0,0,NA,1,2,NA,2 4,0,1,0,1,0,0,0,0,0,0,0,0,0,NA,4,4,4,3,3,3,4,4,3,4,5,5,4,5,5,5,1,1,1,2,0,1,0,0,0,0,0,0,NA,3,3,3,4,3,3,3,3,1,4,1,1,NA,3,3,3,3,4,2 3,0,1,1,0,0,NA,4,NA,0,0,0,0,0,0,0,0,0,0,0,NA,3,3,1,1,3,1,1,3,3,3,3,3,3,3,3,3,3,3,4 7,0,0,0,1,0,0,1,0,0,0,0,3,3,4,3,2,3,1,3,3,1,10,4,3,2,3,4,1,4,4,3,4,4,1,1,0,0,0,0,0,0,NA,0,NA,NA,NA,NA,NA,NA,NA,NA,NA,2 5,0,1,0,0,1,0,0,0,0,NA,26,NA,11000,Nothing,uuid:3807fea8-dd45-4953-bb98-17c7199beb4e,2512142209,uuid:3807fea8-dd45-4953-bb98-17c7199beb4e,NA,NA,NA,NA,NA,NA,NA,NA,NA,NA
800089,S0801030122,GAMBELLA,Anywa,gambella zuria,upagna,Rural,"12/16/2025, 7:51:25 PM","12/16/2025, 12:36:32 PM","12/16/2025, 7:06:57 PM",12/16/2025,8.66E+14,1,T31401,NA,female,5 7,0,0,0,0,1,0,1,0,0,1,1,0,0,0,NA,3,NA,2,NA,1,NA,2010,2014,3,1,1,2,4,0,0,0,1,0,0,0,NA,1,NA,6,0,0,0,0,0,1,0,NA,1,1,1,0,0,0,0,0,NA,3 4,0,0,1,1,0,0,0,0,0,0,NA,4 5,0,0,0,1,1,0,0,0,0,0,NA,4 7,0,0,0,1,0,0,1,0,0,0,NA,2,3,2,2,1,1,1,1,6 9,0,0,0,0,0,1,0,0,1,0,0,0,0,NA,1,2,NA,2 5,0,1,0,0,1,0,0,0,0,0,0,0,0,NA,4,4,4,4,4,4,4,3,3,4,5,5,5,5,4,5,1,1,1,2 5,0,1,0,0,1,0,0,0,NA,3,2,3,4,3,3,2,3,1,3,1,1,NA,3,3,3,4,4,2 4,0,1,0,1,0,NA,4,NA,0,0,0,0,0,0,0,0,0,1,0,NA,3,3,1,1,3,2,4,2,1,1,3,3,3,2,3,3,3,3,3 4,0,0,1,1,0,0,0,0,0,0,0,4,3,4,4,3,3,1,3,3,1,10,4,4,1,4,4,2,4,4,4,3,3,1,1,0,0,0,0,0,0,NA,0,NA,NA,NA,NA,NA,NA,NA,NA,NA,2,0,1,0,0,0,0,0,0,0,NA,27,NA,11000,Nothing,uuid:677c2e59-55d2-48e0-ba98-c2687c2e6201,2512142209,uuid:677c2e59-55d2-48e0-ba98-c2687c2e6201,NA,NA,NA,NA,NA,NA,NA,NA,NA,NA
800089,S0801030122,GAMBELLA,Anywa,gambella zuria,upagna,Rural,"12/16/2025, 7:51:31 PM","12/16/2025, 2:25:40 PM","12/16/2025, 7:09:33 PM",12/16/2025,8.66E+14,1,T31403,NA,male,7 8,0,0,0,0,0,0,1,1,0,1,1,0,0,0,NA,4,NA,2,NA,1,NA,2011,2015,2,0,NA,NA,1,1,0,0,0,0,0,0,NA,1,NA,6,0,0,0,0,0,1,0,NA,1,1,1,0,0,0,0,0,NA,1 4,1,0,0,1,0,0,0,0,0,0,NA,4 6,0,0,0,1,0,1,0,0,0,0,NA,3 6,0,0,1,0,0,1,0,0,0,0,NA,2,2,2,2,1,1,1,1,1 2 9,1,1,0,0,0,0,0,0,1,0,0,0,0,NA,1,2,NA,2 4,0,1,0,1,0,0,0,0,0,0,0,0,0,NA,3,3,3,3,3,3,3,3,3,3,4,4,4,4,4,4,1,1,1,2,0,1,0,0,0,0,0,0,NA,3,3,2,3,3,2,4,4,1,3,1,1,NA,1,1,1,1,2,2,0,1,0,0,0,NA,2,NA,0,0,0,0,0,0,0,0,0,0,0,NA,3,4,1,1,3,3,3,3,1,3,1,1,3,3,1,3,2,3,1 4,1,0,0,1,0,0,0,0,0,0,0,2,2,3,3,3,3,1,3,3,1,10,3,3,2,3,3,2,4,3,4,4,3,1,1,0,0,0,0,0,0,NA,0,NA,NA,NA,NA,NA,NA,NA,NA,NA,3 6,0,0,1,0,0,1,0,0,0,NA,30,NA,13000,Nothing,uuid:f60fd3a7-4bcd-4c64-83f5-740c7fafd104,2512142209,uuid:f60fd3a7-4bcd-4c64-83f5-740c7fafd104,NA,NA,NA,NA,NA,NA,NA,NA,NA,NA
800081,S0801030202,GAMBELLA,Anywa,gambella zuria,karami,Rural,"12/4/2025, 5:49:53 PM","12/4/2025, 8:11:56 AM","12/4/2025, 5:31:02 PM",12/4/2025,8.66E+14,1,T8401,NA,male,4,0,0,0,1,0,0,0,0,0,97,0,0,0,1,Intigrated science,2,NA,5,NA,1,NA,2009,2011,2,1,2,3,1 3,1,0,1,0,0,0,0,NA,1,NA,6,0,0,0,0,0,1,0,NA,1,1 3,1,0,1,0,0,0,NA,1 4,1,0,0,1,0,0,0,0,0,0,NA,4 7,0,0,0,1,0,0,1,0,0,0,NA,1 6,1,0,0,0,0,1,0,0,0,0,NA,3,4,1,2,1,1,1,1,2 7,0,1,0,0,0,0,1,0,0,0,0,0,0,NA,1,2,NA,1 2,1,1,0,0,0,0,0,0,0,0,0,0,0,NA,3,3,3,2,3,3,3,4,2,3,5,4,2,5,5,4,3,3,1,2 5,0,1,0,0,1,0,0,0,NA,3,2,3,4,2,2,3,5,1,2,1,1,NA,1,1,2,2,4,2 3,0,1,1,0,0,NA,3,NA,0,0,0,1,0,0,0,0,1,1,1,Poor management from principal,3,4,1,1,4,1,1,3,1,3,3,3,2,3,3,3,3,3,1 4,1,0,0,1,0,0,0,0,0,0,0,2,4,4,4,3,3,1,3,3,1,10,3,4,2,4,3,3,4,4,3,4,3,1 2,1,1,0,0,0,0,0,NA,0,NA,NA,NA,NA,NA,NA,NA,NA,NA,2 3,0,1,1,0,0,0,0,0,0,NA,30,NA,16000,Nothing,uuid:73fe9ae6-08f6-4074-b674-dfc3757eb8cc,2512030649,uuid:73fe9ae6-08f6-4074-b674-dfc3757eb8cc,NA,NA,NA,NA,NA,NA,NA,NA,NA,NA
800081,S0801030202,GAMBELLA,Anywa,gambella zuria,karami,Rural,"12/4/2025, 5:49:54 PM","12/4/2025, 9:04:27 AM","12/4/2025, 5:18:57 PM",12/4/2025,8.66E+14,1,T8402,NA,male,7 8,0,0,0,0,0,0,1,1,0,97,0,0,0,1,Citizenship,4,NA,5,NA,1,NA,1999,2016,8,1,1,3,4,0,0,0,1,0,0,0,NA,1,NA,6,0,0,0,0,0,1,0,NA,1,3,0,0,1,0,0,0,NA,1 4,1,0,0,1,0,0,0,0,0,0,NA,4 7,0,0,0,1,0,0,1,0,0,0,NA,1 4,1,0,0,1,0,0,0,0,0,0,NA,2,3,1,2,1,1,2,1,2 7,0,1,0,0,0,0,1,0,0,0,0,0,0,NA,0,1,NA,NA,NA,NA,NA,NA,NA,NA,NA,NA,NA,NA,NA,NA,NA,NA,4,3,3,3,4,4,4,3,3,4,5,5,4,5,5,5,1,1,1,2 5,0,1,0,0,1,0,0,0,NA,3,2,2,3,1,1,2,4,1,4,2,2,NA,1,1,1,4,4,2 3,0,1,1,0,0,NA,5,NA,0,0,0,1,0,0,0,1,1,0,0,NA,4,4,1,1,4,2,2,1,1,3,3,3,3,3,3,3,3,3,1 5,1,0,0,0,1,0,0,0,0,0,0,3,4,3,4,3,3,1,3,2,1,10,4,4,1,4,4,2,4,4,3,4,4,1 4,1,0,0,1,0,0,0,NA,1,2,2,3,1,2,3,1,1,"Cutting money without our permissions and
Reading material",2 3,0,1,1,0,0,0,0,0,0,NA,37,NA,23175,Nothing,uuid:8a79795c-c15b-40c9-86a1-d4ee1d68f7f6,2512030649,uuid:8a79795c-c15b-40c9-86a1-d4ee1d68f7f6,NA,NA,NA,NA,NA,NA,NA,NA,NA,NA
800081,S0801030202,GAMBELLA,Anywa,gambella zuria,karami,Rural,"12/5/2025, 12:23:29 AM","12/4/2025, 10:54:52 AM","12/5/2025, 12:28:43 AM",12/4/2025,7920b42f5d4d12d1,1,T8403,NA,female,7,0,0,0,0,0,0,1,0,0,1,1,0,0,0,NA,3,NA,2,NA,1,NA,2012,2012,1,1,2,2,5,0,0,0,0,1,0,0,NA,1,NA,6,0,0,0,0,0,1,0,NA,1,3,0,0,1,0,0,0,NA,4 5,0,0,0,1,1,0,0,0,0,0,NA,4 8,0,0,0,1,0,0,0,1,0,0,NA,4 6,0,0,0,1,0,1,0,0,0,0,NA,3,3,1,1,2,1,3,1,5,0,0,0,0,1,0,0,0,0,0,0,0,0,NA,1,4,NA,1 8 10 11,1,0,0,0,0,0,0,1,0,1,1,0,0,NA,3,3,4,3,4,4,3,3,3,4,5,5,4,4,4,4,2,1,1,5,0,0,0,0,1,0,0,0,NA,4,2,3,2,2,3,4,1,2,4,2,1,NA,1,1,1,2,4,1 2,1,1,0,0,0,NA,3,NA,0,1,0,1,1,1,1,1,1,1,0,NA,3,3,1,1,4,3,1,3,3,3,3,3,2,2,3,3,3,3,4 9,0,0,0,1,0,0,0,0,1,0,0,3,2,3,3,1,3,3,3,3,1,10,3,4,3,1,4,4,3,3,3,4,4,2,0,1,0,0,0,0,0,NA,1,2,2,3,1,3,2,3,1,No,4 7,0,0,0,1,0,0,1,0,0,NA,25,NA,13485,"Lak of transportation 
Lak of electricity 
Lak of house 
Lak of water
Lak of material",uuid:b77ee1ec-1503-4384-835a-7ede985b519e,2512030649,uuid:b77ee1ec-1503-4384-835a-7ede985b519e,NA,NA,NA,NA,NA,NA,NA,NA,NA,NA
800119,S0801040112,GAMBELLA,Anywa,gog,gog jing jor,Rural,"12/12/2025, 10:35:24 PM","12/12/2025, 10:32:39 AM","12/12/2025, 9:54:36 PM",12/12/2025,7920b42f5d4d12d1,1,T31503,NA,female,1 2 4 6,1,1,0,1,0,1,0,0,0,1,1,0,0,0,NA,4,NA,2,NA,1,NA,2008,2010,2,0,NA,NA,1,1,0,0,0,0,0,0,NA,1,NA,5 6,0,0,0,0,1,1,0,NA,1,3,0,0,1,0,0,0,NA,7,0,0,0,0,0,0,1,0,0,0,NA,3 4,0,0,1,1,0,0,0,0,0,0,NA,1 7,1,0,0,0,0,0,1,0,0,0,NA,3,3,2,2,4,3,1,1,8 11,0,0,0,0,0,0,0,1,0,0,1,0,0,NA,4,3,NA,7 8 9,0,0,0,0,0,0,1,1,1,0,0,0,0,NA,3,2,3,3,3,2,3,3,3,3,3,4,4,3,3,4,1,1,1,2 5,0,1,0,0,1,0,0,0,NA,2,2,1,3,2,3,3,3,1,4,2,1,NA,2,2,2,1,3,1 3,1,0,1,0,0,NA,3,NA,1,0,0,1,1,1,1,1,1,1,0,NA,2,2,1,1,3,2,3,3,3,2,3,3,2,3,3,3,3,3,3 8,0,0,1,0,0,0,0,1,0,0,0,3,3,2,3,1,4,1,3,3,1,10,3,2,3,3,3,2,3,3,4,3,3,2,0,1,0,0,0,0,0,NA,1,1,2,2,1,1,2,1,1,No,4 7,0,0,0,1,0,0,1,0,0,NA,26,NA,13000,No,uuid:0a292123-bf93-4243-8348-25d3a2196bfb,2512111014,uuid:0a292123-bf93-4243-8348-25d3a2196bfb,NA,NA,NA,NA,NA,NA,NA,NA,NA,NA
800119,S0801040112,GAMBELLA,Anywa,gog,gog jing jor,Rural,"12/12/2025, 10:35:30 PM","12/12/2025, 9:54:13 AM","12/12/2025, 10:10:16 PM",12/12/2025,7920b42f5d4d12d1,1,T31501,NA,male,5 6 7 8,0,0,0,0,1,1,1,1,0,97,0,0,0,1,English,4,NA,2,NA,1,NA,2013,2017,2,0,NA,NA,5,0,0,0,0,1,0,0,NA,1,NA,5 6 97,0,0,0,0,1,1,1,Play football and give us class work,1,1 3,1,0,1,0,0,0,NA,2 4 5 7,0,1,0,1,1,0,1,0,0,0,NA,3 4,0,0,1,1,0,0,0,0,0,0,NA,2 7,0,1,0,0,0,0,1,0,0,0,NA,3,2,2,2,2,2,2,2,8 9 11,0,0,0,0,0,0,0,1,1,0,1,0,0,NA,1,3,NA,7 8 9,0,0,0,0,0,0,1,1,1,0,0,0,0,NA,4,3,3,3,3,3,3,3,4,3,5,4,4,5,4,4,1,1,1,2 5,0,1,0,0,1,0,0,0,NA,3,2,2,3,2,2,3,4,1,3,2,1,NA,1,1,1,1,3,2 3,0,1,1,0,0,NA,1,NA,1,0,0,1,0,1,1,1,1,1,0,NA,2,2,1,1,4,3,1,3,3,2,3,3,3,3,3,3,3,3,4 5,0,0,0,1,1,0,0,0,0,0,0,3,1,3,3,1,4,1,3,3,1,5,3,4,2,2,3,3,4,4,3,3,3,2,0,1,0,0,0,0,0,NA,1,1,2,2,1,2,1,1,1,No,7,0,0,0,0,0,0,1,0,0,NA,26,NA,13000,No,uuid:c350f594-1740-4b2f-a586-565883042d17,2512111014,uuid:c350f594-1740-4b2f-a586-565883042d17,NA,NA,NA,NA,NA,NA,NA,NA,NA,NA
800119,S0801040112,GAMBELLA,Anywa,gog,gog jing jor,Rural,"12/12/2025, 10:35:38 PM","12/12/2025, 10:19:34 AM","12/12/2025, 10:21:08 PM",12/12/2025,7920b42f5d4d12d1,1,T31502,NA,male,3 5 6 8,0,0,1,0,1,1,0,1,0,97,0,0,0,1,General Science,4,NA,2,NA,1,NA,2015,2015,1,0,NA,NA,1,1,0,0,0,0,0,0,NA,1,NA,5 6,0,0,0,0,1,1,0,NA,1,3,0,0,1,0,0,0,NA,7,0,0,0,0,0,0,1,0,0,0,NA,4 6,0,0,0,1,0,1,0,0,0,0,NA,2 7,0,1,0,0,0,0,1,0,0,0,NA,3,3,3,3,2,2,3,2,7 11,0,0,0,0,0,0,1,0,0,0,1,0,0,NA,2,3,NA,7 8,0,0,0,0,0,0,1,1,0,0,0,0,0,NA,3,3,2,2,3,3,3,4,4,4,4,4,5,4,4,4,1,1,1,2 5,0,1,0,0,1,0,0,0,NA,3,3,2,3,3,2,3,4,1,2,2,1,NA,1,1,1,1,3,1 3,1,0,1,0,0,NA,1,NA,1,1,1,1,1,1,1,1,1,1,0,NA,3,3,1,1,4,2,2,3,3,3,3,3,3,3,3,3,3,3,2 6,0,1,0,0,0,1,0,0,0,0,0,3,2,3,3,1,4,1,3,3,1,9,3,3,1,2,3,3,3,3,3,3,3,1 2,1,1,0,0,0,0,0,NA,1,1,2,2,1,2,2,1,1,No,4 7,0,0,0,1,0,0,1,0,0,NA,25,NA,13200,No,uuid:2b028b29-37f8-4f4a-9995-6f81088ee746,2512111014,uuid:2b028b29-37f8-4f4a-9995-6f81088ee746,NA,NA,NA,NA,NA,NA,NA,NA,NA,NA
800109,S0801040122,GAMBELLA,Anywa,gog,abuha,Rural,"12/11/2025, 8:52:24 PM","12/11/2025, 12:03:23 PM","12/11/2025, 8:45:58 PM",12/11/2025,8.66E+14,1,T901,NA,male,6 8,0,0,0,0,0,1,0,1,0,97,0,0,0,1,General science,4,NA,2,NA,1,NA,2010,2012,1,0,NA,NA,3,0,0,1,0,0,0,0,NA,1,NA,6,0,0,0,0,0,1,0,NA,1,1,1,0,0,0,0,0,NA,2 4,0,1,0,1,0,0,0,0,0,0,NA,2 6,0,1,0,0,0,1,0,0,0,0,NA,7 8,0,0,0,0,0,0,1,1,0,0,NA,2,3,2,1,1,1,1,1,5 7,0,0,0,0,1,0,1,0,0,0,0,0,0,NA,4,2,NA,3 9,0,0,1,0,0,0,0,0,1,0,0,0,0,NA,4,4,4,3,3,3,4,3,3,3,5,5,4,4,4,5,1,1,1,2 5,0,1,0,0,1,0,0,0,NA,3,2,2,4,3,1,3,3,1,4,1,1,NA,3,3,4,3,3,4,0,0,0,1,0,NA,3,NA,0,1,0,0,0,0,0,0,1,1,0,NA,4,3,1,1,3,1,3,1,1,1,1,3,2,1,2,3,3,3,1 3 4,1,0,1,1,0,0,0,0,0,0,0,1,3,3,3,3,3,1,1,1,1,10,4,4,1,4,4,2,4,4,4,4,4,1,1,0,0,0,0,0,0,NA,0,NA,NA,NA,NA,NA,NA,NA,NA,NA,6,0,0,0,0,0,1,0,0,0,NA,26,NA,14000,Nothing,uuid:e82f1197-afb2-4b5b-ae07-80c6ba352261,2512040829,uuid:e82f1197-afb2-4b5b-ae07-80c6ba352261,NA,NA,NA,NA,NA,NA,NA,NA,NA,NA
800109,S0801040122,GAMBELLA,Anywa,gog,abuha,Rural,"12/11/2025, 8:52:25 PM","12/11/2025, 12:33:08 PM","12/11/2025, 8:49:12 PM",12/11/2025,8.66E+14,1,T902,NA,female,5 8,0,0,0,0,1,0,0,1,0,1,1,0,0,0,NA,4,NA,2,NA,1,NA,2011,2012,1,0,NA,NA,1 3,1,0,1,0,0,0,0,NA,1,NA,6,0,0,0,0,0,1,0,NA,1,1,1,0,0,0,0,0,NA,1,1,0,0,0,0,0,0,0,0,0,NA,1 5,1,0,0,0,1,0,0,0,0,0,NA,2 4,0,1,0,1,0,0,0,0,0,0,NA,2,3,1,1,1,1,1,1,2 7,0,1,0,0,0,0,1,0,0,0,0,0,0,NA,3,2,NA,2 5,0,1,0,0,1,0,0,0,0,0,0,0,0,NA,4,4,4,3,4,4,4,4,4,4,5,5,5,5,5,5,1,1,1,5,0,0,0,0,1,0,0,0,NA,2,2,1,3,3,2,2,3,1,2,1,1,NA,2,1,1,3,3,2,0,1,0,0,0,NA,2,NA,1,1,0,1,0,0,1,1,1,1,0,NA,3,3,1,1,3,1,1,3,3,3,3,3,3,3,3,2,2,3,3 4,0,0,1,1,0,0,0,0,0,0,0,3,2,3,3,3,3,1,3,3,1,10,4,3,2,3,3,2,3,3,3,3,4,1,1,0,0,0,0,0,0,NA,0,NA,NA,NA,NA,NA,NA,NA,NA,NA,1 3,1,0,1,0,0,0,0,0,0,NA,35,NA,14000,Nothing,uuid:59fa1dd0-3024-4fad-b02e-3ebbf8172868,2512040829,uuid:59fa1dd0-3024-4fad-b02e-3ebbf8172868,NA,NA,NA,NA,NA,NA,NA,NA,NA,NA
800109,S0801040122,GAMBELLA,Anywa,gog,abuha,Rural,"12/12/2025, 6:18:12 AM","12/11/2025, 12:17:45 PM","12/12/2025, 6:23:08 AM",12/11/2025,7920b42f5d4d12d1,1,T903,NA,male,5 6 7 8,0,0,0,0,1,1,1,1,0,1,1,0,0,0,NA,7,NA,2,NA,1,NA,2010,2011,2,1,1,3,5,0,0,0,0,1,0,0,NA,1,NA,2 6,0,1,0,0,0,1,0,NA,1,3,0,0,1,0,0,0,NA,2 4,0,1,0,1,0,0,0,0,0,0,NA,4 6,0,0,0,1,0,1,0,0,0,0,NA,4 8,0,0,0,1,0,0,0,1,0,0,NA,3,3,1,2,2,2,1,1,6 11,0,0,0,0,0,1,0,0,0,0,1,0,0,NA,2,3,NA,1 6 7 8 10 11,1,0,0,0,0,1,1,1,0,1,1,0,0,NA,2,3,3,2,2,2,3,3,3,3,4,3,3,3,4,4,1,1,1,5,0,0,0,0,1,0,0,0,NA,3,3,2,3,3,3,3,3,4,3,2,1,NA,2,1,2,1,3,2 3,0,1,1,0,0,NA,4,NA,1,1,0,1,1,1,1,1,1,1,0,NA,3,1,1,1,4,3,1,3,3,3,3,3,3,3,3,3,3,3,3 4,0,0,1,1,0,0,0,0,0,0,0,3,1,3,3,1,3,1,3,3,1,9,2,2,3,2,2,3,4,3,3,4,2,2,0,1,0,0,0,0,0,NA,1,1,2,3,1,1,1,1,1,No,4 7,0,0,0,1,0,0,1,0,0,NA,30,NA,8400,No,uuid:aa758dc6-2468-4611-9756-1fc97cd980a7,2512040829,uuid:aa758dc6-2468-4611-9756-1fc97cd980a7,NA,NA,NA,NA,NA,NA,NA,NA,NA,NA
800307,S0803010182,GAMBELLA,Majang,godere,tiliku matti`,Rural,"12/15/2025, 3:30:39 PM","12/15/2025, 10:47:43 AM","12/15/2025, 3:29:11 PM",12/15/2025,8f3862932650ecd7,1,T8801,NA,male,3 4 5 6 7 8,0,0,1,1,1,1,1,1,0,2 97,0,1,0,1,"Physical education , art, environmental science",4,NA,5,NA,1,NA,2007,2016,3,0,NA,NA,1 97,1,0,0,0,0,1,0,Supervisor cluster,1,NA,6 97,0,0,0,0,0,1,1,Tutor or make up class given,1,3,0,0,1,0,0,0,NA,2 3 4 5 6 7 8,0,1,1,1,1,1,1,1,0,0,NA,3 4,0,0,1,1,0,0,0,0,0,0,NA,4 5,0,0,0,1,1,0,0,0,0,0,NA,4,4,1,4,3,2,2,3,2 4 6 7 9 10 11,0,1,0,1,0,1,1,0,1,1,1,0,0,NA,1,3,NA,1 2 3 4 5 6 8 9 10 11,1,1,1,1,1,1,0,1,1,1,1,0,0,NA,4,4,4,3,4,4,4,3,3,4,4,5,3,4,4,5,2,2,1,5,0,0,0,0,1,0,0,0,NA,3,3,3,3,2,3,4,4,1,4,2,2,NA,3,3,3,1,4,1 2,1,1,0,0,0,NA,4,NA,0,0,0,1,0,1,1,1,1,0,0,NA,1,2,2,1,4,1,1,3,1,3,3,3,3,3,1,2,1,1,2 4,0,1,0,1,0,0,0,0,0,0,0,1,1,1,1,1,4,3,3,1,4,7,4,4,2,3,3,2,4,4,4,4,4,2 4,0,1,0,1,0,0,0,NA,1,3,3,3,1,3,3,2,1,None,5 7,0,0,0,0,1,0,1,0,0,NA,34,NA,12396,"Shortage of training, physical education materials like basketball, IT materials",uuid:310d5ff6-2f51-4db3-b5ad-99e1d9f970b3,2512142209,uuid:310d5ff6-2f51-4db3-b5ad-99e1d9f970b3,NA,NA,NA,NA,NA,NA,NA,NA,NA,NA
800307,S0803010182,GAMBELLA,Majang,godere,tiliku matti`,Rural,"12/15/2025, 3:30:41 PM","12/15/2025, 11:37:47 AM","12/15/2025, 3:29:27 PM",12/15/2025,8f3862932650ecd7,1,T8802,NA,male,3 4 6 7 8,0,0,1,1,0,1,1,1,0,1 97,1,0,0,1,"Social interaction, social science",3,NA,5,NA,1,NA,2009,2014,3,0,NA,NA,1,1,0,0,0,0,0,0,NA,1,NA,5 6 97,0,0,0,0,1,1,1,Tutor class or make up,1,3,0,0,1,0,0,0,NA,1 2 3 4 5 7 8,1,1,1,1,1,0,1,1,0,0,NA,4 6,0,0,0,1,0,1,0,0,0,0,NA,4 6,0,0,0,1,0,1,0,0,0,0,NA,4,4,1,3,1,3,3,2,2 4 5 6 7 8 9 10,0,1,0,1,1,1,1,1,1,1,0,0,0,NA,2,3,NA,1 2 3 5 7 8 9 10 11,1,1,1,0,1,0,1,1,1,1,1,0,0,NA,2,4,4,3,4,4,3,3,3,4,3,3,3,3,2,5,2,2,1,1 5 97,1,0,0,0,1,0,1,0,Salary will be hold,2,4,4,4,4,3,2,1,1,4,1,1,NA,1,4,4,1,4,1 2,1,1,0,0,0,NA,3,NA,0,0,0,1,0,0,0,1,1,0,0,NA,1,1,1,1,4,1,1,3,3,3,1,1,2,1,1,3,3,1,10 11,0,0,0,0,0,0,0,0,0,1,1,1,1,1,1,1,4,4,3,1,4,1,1,3,4,4,3,3,4,4,4,4,4,1 2 4,1,1,0,1,0,0,0,NA,1,3,3,3,3,2,3,1,1,None,4 6,0,0,0,1,0,1,0,0,0,NA,30,NA,11535,"Salary is deducted without our willingness for different reasons,  Rank increment in not properly implemented yearly as we teach",uuid:a13745d9-1e21-4840-91e5-18b64fea5ad1,2512142209,uuid:a13745d9-1e21-4840-91e5-18b64fea5ad1,NA,NA,NA,NA,NA,NA,NA,NA,NA,NA
800307,S0803010182,GAMBELLA,Majang,godere,tiliku matti`,Rural,"12/15/2025, 7:52:51 PM","12/15/2025, 10:44:48 AM","12/15/2025, 11:32:06 AM",12/15/2025,fa247a43ab390c7d,1,T8803,NA,female,1 2 3 4 5 6,1,1,1,1,1,1,0,0,0,1 2,1,1,0,0,NA,3,NA,5,NA,0,NA,2005,2009,3,0,NA,NA,1 5,1,0,0,0,1,0,0,NA,1,NA,2 5,0,1,0,0,1,0,0,NA,1,1 3,1,0,1,0,0,0,NA,1 2 4,1,1,0,1,0,0,0,0,0,0,NA,4 5,0,0,0,1,1,0,0,0,0,0,NA,1 5,1,0,0,0,1,0,0,0,0,0,NA,2,1,1,2,2,1,2,1,4 8 9 10,0,0,0,1,0,0,0,1,1,1,0,0,0,NA,4,2,NA,1 3 4 7 8 11,1,0,1,1,0,0,1,1,0,0,1,0,0,NA,4,4,4,4,4,4,4,4,4,3,5,5,5,4,4,5,1,1,1,2 3 5,0,1,1,0,1,0,0,0,NA,3,2,2,3,2,3,5,3,4,5,1,1,NA,1,1,1,1,4,1 2 3 4,1,1,1,1,0,NA,2,NA,0,0,0,0,0,1,1,1,0,0,0,NA,1,3,1,1,4,3,3,3,1,3,3,3,2,3,1,3,3,3,1 3,1,0,1,0,0,0,0,0,0,0,0,4,4,4,4,4,4,4,1,1,1,10,1,4,1,4,4,1,4,4,2,4,4,1 2 4,1,1,0,1,0,0,0,NA,0,NA,NA,NA,NA,NA,NA,NA,NA,NA,3 5,0,0,1,0,1,0,0,0,0,NA,31,NA,12700,Nothing,uuid:b7b03595-3abb-4e33-9b58-47f063b6bfec,2512111014,uuid:b7b03595-3abb-4e33-9b58-47f063b6bfec,NA,NA,NA,NA,NA,NA,NA,NA,NA,NA
800296,S0803010192,GAMBELLA,Majang,godere,goshini,Rural,"12/5/2025, 5:53:21 PM","12/5/2025, 10:48:24 AM","12/5/2025, 5:49:59 PM",12/5/2025,8f3862932650ecd7,1,T8601,NA,male,1 3 4 7 8,1,0,1,1,0,0,1,1,0,1 97,1,0,0,1,IT,3,NA,2,NA,1,NA,2007,2013,3,0,NA,NA,4,0,0,0,1,0,0,0,NA,1,NA,6 97,0,0,0,0,0,1,1,Tutor class,1,1 2 3 4,1,1,1,1,0,0,NA,1 4 5,1,0,0,1,1,0,0,0,0,0,NA,4 5,0,0,0,1,1,0,0,0,0,0,NA,4 5,0,0,0,1,1,0,0,0,0,0,NA,4,3,4,4,2,1,2,2,2 5 6 7 8 9 10,0,1,0,0,1,1,1,1,1,1,0,0,0,NA,4,4,NA,1 2 3 4 5 6 7 8 9 10,1,1,1,1,1,1,1,1,1,1,0,0,0,NA,4,4,4,3,4,4,3,4,2,4,5,5,4,4,4,4,2,3,1,1 5,1,0,0,0,1,0,0,0,NA,4,4,3,4,4,4,5,5,5,5,1,2,NA,1,1,1,1,4,2 3 97,0,1,1,0,1,Give more female support b/c of home labour,1,NA,0,0,0,0,0,1,0,1,1,0,0,NA,3,3,2,1,4,1,1,3,3,3,3,3,3,3,3,3,3,3,3 4 5 9,0,0,1,1,1,0,0,0,1,0,0,1,1,1,1,1,4,1,3,3,1,10,3,4,3,4,4,1,3,4,4,4,4,1 4,1,0,0,1,0,0,0,NA,1,3,3,3,2,2,3,3,2,Uncomfortable area to develop or update access your self,3 4,0,0,1,1,0,0,0,0,0,NA,30,NA,11500,Cash crop area students are absent,uuid:79024acd-33ba-47e7-89a5-062c7615b414,2512030649,uuid:79024acd-33ba-47e7-89a5-062c7615b414,NA,NA,NA,NA,NA,NA,NA,NA,NA,NA
800296,S0803010192,GAMBELLA,Majang,godere,goshini,Rural,"12/5/2025, 5:55:55 PM","12/5/2025, 12:17:34 PM","12/5/2025, 5:50:17 PM",12/5/2025,8f3862932650ecd7,1,T8602,NA,male,2 4 5 7,0,1,0,1,1,0,1,0,0,2 97,0,1,0,1,"General science,  science",3,NA,5,NA,1,NA,2006,2014,4,1,2,3,1 3,1,0,1,0,0,0,0,NA,1,NA,97,0,0,0,0,0,0,1,Tutor class by him/ her self,1,1 3 4,1,0,1,1,0,0,NA,3 4 6 7,0,0,1,1,0,1,1,0,0,0,NA,5 7,0,0,0,0,1,0,1,0,0,0,NA,4 6,0,0,0,1,0,1,0,0,0,0,NA,1,3,3,3,4,3,4,3,2 6 7 8 9 10 11,0,1,0,0,0,1,1,1,1,1,1,0,0,NA,4,3,NA,1 2 3 4 5 6 8 9 10 11,1,1,1,1,1,1,0,1,1,1,1,0,0,NA,4,4,4,2,4,4,3,3,3,3,5,5,3,5,4,4,3,2,1,2 5,0,1,0,0,1,0,0,0,NA,4,4,4,4,2,4,3,2,2,4,2,3,NA,3,1,3,3,4,1 2 3,1,1,1,0,0,NA,1,NA,0,0,0,0,0,1,1,1,1,1,0,NA,1,1,1,1,4,1,1,1,1,2,3,3,3,1,3,3,1,3,1 4,1,0,0,1,0,0,0,0,0,0,0,1,1,1,1,1,4,4,3,3,4,7,3,3,3,1,4,4,4,4,4,4,4,2,0,1,0,0,0,0,0,NA,1,1,3,3,2,3,3,3,2,None,3 4,0,0,1,1,0,0,0,0,0,NA,33,NA,11500,"Training shortage, salary and rank increase",uuid:98fce386-fa36-441e-b6d1-f0c20ecd01c9,2512030649,uuid:98fce386-fa36-441e-b6d1-f0c20ecd01c9,NA,NA,NA,NA,NA,NA,NA,NA,NA,NA
800296,S0803010192,GAMBELLA,Majang,godere,goshini,Rural,"12/5/2025, 8:03:04 PM","12/5/2025, 10:46:57 AM","12/5/2025, 5:55:27 PM",12/5/2025,fa247a43ab390c7d,1,T8603,NA,female,5 6 7 8,0,0,0,0,1,1,1,1,0,2,0,1,0,0,NA,3,NA,5,NA,1,NA,2009,2014,3,0,NA,NA,5,0,0,0,0,1,0,0,NA,1,NA,2 6,0,1,0,0,0,1,0,NA,1,1 2 3 4,1,1,1,1,0,0,NA,1 4,1,0,0,1,0,0,0,0,0,0,NA,2 4,0,1,0,1,0,0,0,0,0,0,NA,4 7,0,0,0,1,0,0,1,0,0,0,NA,2,2,2,1,3,3,3,3,8 9 10 11,0,0,0,0,0,0,0,1,1,1,1,0,0,NA,3,3,NA,1 2 3 7 8 10 11,1,1,1,0,0,0,1,1,0,1,1,0,0,NA,4,3,4,3,4,4,3,3,3,4,5,4,4,5,4,5,1,1,1,2 5,0,1,0,0,1,0,0,0,NA,4,4,2,3,2,4,4,4,1,3,4,2,NA,1,1,1,3,3,1 2,1,1,0,0,0,NA,3,NA,1,1,0,1,1,0,0,1,0,1,0,NA,4,3,1,1,4,1,1,3,3,2,3,3,3,3,3,3,3,3,5 6,0,0,0,0,1,1,0,0,0,0,0,4,1,1,2,1,4,1,3,1,4,7,3,1,4,4,4,1,4,4,4,3,3,1 2 3,1,1,1,0,0,0,0,NA,1,1,3,3,2,2,3,3,1,Nothing,1 3,1,0,1,0,0,0,0,0,0,NA,32,NA,12500,Nothing,uuid:ae31953d-7403-4045-9288-2b7983d5e2d3,2512030649,uuid:ae31953d-7403-4045-9288-2b7983d5e2d3,NA,NA,NA,NA,NA,NA,NA,NA,NA,NA
800306,S0803010212,GAMBELLA,Majang,godere,simuye chemi,Rural,"12/9/2025, 6:23:20 PM","12/9/2025, 9:00:56 AM","12/9/2025, 6:36:40 PM",12/9/2025,8f3862932650ecd7,1,T8701,NA,male,1 3 7,1,0,1,0,0,0,1,0,0,1 97,1,0,0,1,"General Science, Environmental Science",3,NA,5,NA,1,NA,2007,2017,3,1,1,3,5,0,0,0,0,1,0,0,NA,1,NA,6 97,0,0,0,0,0,1,1,Tutor class given,1,3,0,0,1,0,0,0,NA,1 2 3 4 7 8 9,1,1,1,1,0,0,1,1,1,0,NA,2 4,0,1,0,1,0,0,0,0,0,0,NA,4 6,0,0,0,1,0,1,0,0,0,0,NA,3,3,3,3,3,1,2,2,2 4 5 8 9 10 11,0,1,0,1,1,0,0,1,1,1,1,0,0,NA,3,4,NA,1 4 5 6 7 8 9 10 11,1,0,0,1,1,1,1,1,1,1,1,0,0,NA,3,4,4,3,4,4,3,2,2,3,4,4,1,2,4,3,4,4,1,1 2 5,1,1,0,0,1,0,0,0,NA,3,4,1,4,3,4,4,4,4,4,2,1,NA,4,4,4,1,4,3 4,0,0,1,1,0,NA,4,NA,0,0,0,0,0,0,0,1,1,0,0,NA,4,4,1,3,3,1,3,1,2,3,1,1,1,1,1,1,1,1,1 3,1,0,1,0,0,0,0,0,0,0,0,1,1,2,3,3,2,3,1,1,2,10,4,3,4,3,4,3,4,4,2,3,4,2 4,0,1,0,1,0,0,0,NA,1,3,3,3,3,3,3,1,1,None,4 6,0,0,0,1,0,1,0,0,0,NA,30,NA,11500,None,uuid:8fd8ba24-210b-4f1a-841d-aeb6044720b3,2512040829,uuid:8fd8ba24-210b-4f1a-841d-aeb6044720b3,NA,NA,NA,NA,NA,NA,NA,NA,NA,NA
800306,S0803010212,GAMBELLA,Majang,godere,simuye chemi,Rural,"12/9/2025, 6:23:27 PM","12/9/2025, 10:07:08 AM","12/9/2025, 6:36:51 PM",12/9/2025,8f3862932650ecd7,1,T8702,NA,male,2 7 8,0,1,0,0,0,0,1,1,0,1,1,0,0,0,NA,3,NA,5,NA,1,NA,2008,2017,3,0,NA,NA,1 5,1,0,0,0,1,0,0,NA,1,NA,6 97,0,0,0,0,0,1,1,Tutor class,1,3,0,0,1,0,0,0,NA,2 3 6 7,0,1,1,0,0,1,1,0,0,0,NA,2 4,0,1,0,1,0,0,0,0,0,0,NA,1 4,1,0,0,1,0,0,0,0,0,0,NA,2,3,3,1,4,1,1,3,2 4 6 7 8 9 10 11,0,1,0,1,0,1,1,1,1,1,1,0,0,NA,2,4,NA,1 3 4 6 8 10 11,1,0,1,1,0,1,0,1,0,1,1,0,0,NA,4,4,3,2,3,4,3,2,2,3,4,4,3,4,3,4,2,2,1,1 2 5,1,1,0,0,1,0,0,0,NA,4,2,1,4,3,4,4,4,4,5,2,3,NA,4,3,4,1,4,2,0,1,0,0,0,NA,3,NA,1,1,0,0,1,1,1,1,1,1,0,NA,4,4,1,1,4,1,1,2,2,3,1,3,2,2,3,3,1,3,7 11,0,0,0,0,0,0,1,0,0,0,1,1,1,3,4,2,3,4,3,3,1,7,4,3,4,4,3,3,4,3,2,4,4,2 4,0,1,0,1,0,0,0,NA,1,1,2,3,1,2,3,2,1,None,4 7,0,0,0,1,0,0,1,0,0,NA,30,NA,11531,"Textbook are not available sufficiently, curriculum is not aligned with the students capacity",uuid:5fbbdea5-0005-45ea-b8eb-c9a2c1595d07,2512040829,uuid:5fbbdea5-0005-45ea-b8eb-c9a2c1595d07,NA,NA,NA,NA,NA,NA,NA,NA,NA,NA
800306,S0803010212,GAMBELLA,Majang,godere,simuye chemi,Rural,"12/9/2025, 7:34:26 PM","12/9/2025, 8:56:46 AM","12/9/2025, 9:34:54 AM",12/9/2025,fa247a43ab390c7d,1,T8703,NA,female,1 5 7,1,0,0,0,1,0,1,0,0,1,1,0,0,0,NA,3,NA,2,NA,1,NA,2011,2011,1,0,NA,NA,1,1,0,0,0,0,0,0,NA,3,NA,2 5,0,1,0,0,1,0,0,NA,1,1 3,1,0,1,0,0,0,NA,1 2 4,1,1,0,1,0,0,0,0,0,0,NA,4 5,0,0,0,1,1,0,0,0,0,0,NA,1 4,1,0,0,1,0,0,0,0,0,0,NA,2,2,2,2,3,3,3,2,4 5 8 9 10,0,0,0,1,1,0,0,1,1,1,0,0,0,NA,1,2,NA,1 2 4 7 8,1,1,0,1,0,0,1,1,0,0,0,0,0,NA,4,4,4,4,4,4,4,4,4,4,5,5,5,5,5,5,3,1,1,2 5,0,1,0,0,1,0,0,0,NA,2,3,2,2,2,3,2,2,2,2,1,2,NA,4,4,4,1,4,1 2 4,1,1,0,1,0,NA,4,NA,0,0,0,1,0,0,0,1,0,0,0,NA,4,4,4,4,4,3,3,3,3,3,3,3,3,3,3,3,3,3,1 4,1,0,0,1,0,0,0,0,0,0,0,4,1,4,4,4,4,4,3,3,1,8,4,4,1,4,4,1,4,4,4,4,4,2,0,1,0,0,0,0,0,NA,1,1,3,3,1,3,2,2,3,No,1 3,1,0,1,0,0,0,0,0,0,NA,28,NA,10851,Nothing,uuid:8c4eb080-ebcf-4696-a6e0-c4993534a8a4,2512040829,uuid:8c4eb080-ebcf-4696-a6e0-c4993534a8a4,NA,NA,NA,NA,NA,NA,NA,NA,NA,NA
800312,S0803010282,GAMBELLA,Majang,godere,yekibeko,Rural,"12/8/2025, 6:03:10 PM","12/8/2025, 10:23:39 AM","12/8/2025, 6:04:58 PM",12/8/2025,8f3862932650ecd7,1,T8903,NA,male,4 5 6 7 8,0,0,0,1,1,1,1,1,0,2 97,0,1,0,1,General Science,3,NA,3,NA,1,NA,2013,2013,1,0,NA,NA,1,1,0,0,0,0,0,0,NA,1,NA,6 97,0,0,0,0,0,1,1,Tutor and make up given,1,3,0,0,1,0,0,0,NA,2 4,0,1,0,1,0,0,0,0,0,0,NA,4 5,0,0,0,1,1,0,0,0,0,0,NA,1 4,1,0,0,1,0,0,0,0,0,0,NA,4,4,3,1,1,1,3,1,2 8 9 10,0,1,0,0,0,0,0,1,1,1,0,0,0,NA,4,3,NA,2 3 9,0,1,1,0,0,0,0,0,1,0,0,0,0,NA,4,4,4,4,4,4,4,4,2,4,5,3,2,4,4,4,2,2,1,1 2 4 5,1,1,0,1,1,0,0,0,NA,4,4,1,3,3,4,5,5,4,2,4,2,NA,1,3,3,1,4,2 97,0,1,0,0,1,Give advice by going their home,1,NA,1,1,0,1,1,1,0,1,1,1,0,NA,3,3,2,1,4,1,1,1,2,1,1,2,2,1,3,3,3,3,4 7,0,0,0,1,0,0,1,0,0,0,0,1,1,1,1,1,4,3,3,2,2,9,4,4,3,4,4,3,4,4,4,4,4,2 4,0,1,0,1,0,0,0,NA,1,2,2,3,2,3,3,2,1,Trainings,3 4,0,0,1,1,0,0,0,0,0,NA,27,NA,10001,None,uuid:072f2859-dc5a-4da4-abb0-d777de098e95,2512040829,uuid:072f2859-dc5a-4da4-abb0-d777de098e95,NA,NA,NA,NA,NA,NA,NA,NA,NA,NA
800312,S0803010282,GAMBELLA,Majang,godere,yekibeko,Rural,"12/8/2025, 7:39:27 PM","12/8/2025, 8:59:35 AM","12/8/2025, 10:08:17 AM",12/8/2025,fa247a43ab390c7d,1,T8901,NA,male,1 2 3 4,1,1,1,1,0,0,0,0,0,97,0,0,0,1,Civic,3,NA,2,NA,1,NA,2014,2014,1,0,NA,NA,1 4,1,0,0,1,0,0,0,NA,1,NA,2 6,0,1,0,0,0,1,0,NA,1,1 3,1,0,1,0,0,0,NA,2 4 5,0,1,0,1,1,0,0,0,0,0,NA,4 8,0,0,0,1,0,0,0,1,0,0,NA,4 5,0,0,0,1,1,0,0,0,0,0,NA,3,3,2,1,3,3,3,3,5 8 9,0,0,0,0,1,0,0,1,1,0,0,0,0,NA,2,2,NA,1 2 4 7 8,1,1,0,1,0,0,1,1,0,0,0,0,0,NA,4,4,4,4,4,4,4,2,3,3,3,4,1,5,5,4,1,1,1,2 5,0,1,0,0,1,0,0,0,NA,2,4,3,3,3,3,4,3,2,3,2,1,NA,4,3,3,2,3,1 2,1,1,0,0,0,NA,1,NA,0,0,0,0,0,0,0,1,0,0,0,NA,1,1,1,1,4,4,1,3,3,2,2,2,2,3,2,1,2,2,1 4,1,0,0,1,0,0,0,0,0,0,0,4,1,4,4,3,4,3,1,1,2,7,1,1,4,4,3,2,3,3,3,4,4,1 4,1,0,0,1,0,0,0,NA,0,NA,NA,NA,NA,NA,NA,NA,NA,NA,1 5,1,0,0,0,1,0,0,0,0,NA,28,NA,10000,Nothing,uuid:569d47bb-9e96-49a8-a263-26df142b8832,2512040829,uuid:569d47bb-9e96-49a8-a263-26df142b8832,NA,NA,NA,NA,NA,NA,NA,NA,NA,NA
800312,S0803010282,GAMBELLA,Majang,godere,yekibeko,Rural,"12/8/2025, 7:39:29 PM","12/8/2025, 10:09:55 AM","12/8/2025, 10:56:18 AM",12/8/2025,fa247a43ab390c7d,1,T8902,NA,male,5 6,0,0,0,0,1,1,0,0,0,1,1,0,0,0,NA,3,NA,2,NA,1,NA,2013,2016,2,1,1,2,1 4,1,0,0,1,0,0,0,NA,3,NA,2 6,0,1,0,0,0,1,0,NA,1,1 3,1,0,1,0,0,0,NA,1 2 4,1,1,0,1,0,0,0,0,0,0,NA,1 4,1,0,0,1,0,0,0,0,0,0,NA,1 8,1,0,0,0,0,0,0,1,0,0,NA,2,3,2,1,1,2,2,2,4 5 8 9 10,0,0,0,1,1,0,0,1,1,1,0,0,0,NA,1,2,NA,1 3 7 8,1,0,1,0,0,0,1,1,0,0,0,0,0,NA,3,4,3,1,3,3,1,1,1,3,4,4,2,5,5,4,2,2,2,2 5,0,1,0,0,1,0,0,0,NA,3,2,1,3,2,2,3,4,3,3,3,1,NA,3,4,4,4,4,1 2,1,1,0,0,0,NA,4,NA,0,0,0,1,0,1,1,1,1,0,0,NA,4,4,1,3,4,4,4,1,3,2,2,3,2,2,3,1,3,2,6 7,0,0,0,0,0,1,1,0,0,0,0,4,1,4,4,4,4,3,3,1,4,5,3,1,4,4,4,3,3,3,2,3,3,1 4,1,0,0,1,0,0,0,NA,0,NA,NA,NA,NA,NA,NA,NA,NA,NA,3 4,0,0,1,1,0,0,0,0,0,NA,30,NA,10000,Nothing,uuid:ffe11ce7-f865-40f5-90cf-609b6ff28042,2512040829,uuid:ffe11ce7-f865-40f5-90cf-609b6ff28042,NA,NA,NA,NA,NA,NA,NA,NA,NA,NA
800324,S0803020032,GAMBELLA,Majang,mengeshi,dushi no.1,Rural,"12/11/2025, 4:10:17 PM","12/10/2025, 11:34:03 AM","12/10/2025, 10:19:06 PM",12/10/2025,8f3862932650ecd7,1,T9601,NA,male,1 2 3 4,1,1,1,1,0,0,0,0,0,1,1,0,0,0,NA,3,NA,3,NA,1,NA,2009,2017,4,0,NA,NA,1,1,0,0,0,0,0,0,NA,1,NA,97,0,0,0,0,0,0,1,Tutor class,1,3,0,0,1,0,0,0,NA,2 3 4 5 8,0,1,1,1,1,0,0,1,0,0,NA,1 4,1,0,0,1,0,0,0,0,0,0,NA,2 4,0,1,0,1,0,0,0,0,0,0,NA,3,3,1,2,2,3,3,3,2 8 9 10 11,0,1,0,0,0,0,0,1,1,1,1,0,0,NA,3,4,NA,4 6 8 10,0,0,0,1,0,1,0,1,0,1,0,0,0,NA,3,3,4,3,4,4,4,3,2,4,5,5,4,5,4,5,2,2,1,1 2 5,1,1,0,0,1,0,0,0,NA,4,3,3,4,2,4,4,4,2,4,1,3,NA,3,3,3,1,4,1 3,1,0,1,0,0,NA,5,NA,0,0,0,1,0,0,0,1,1,0,0,NA,3,3,1,1,4,1,1,1,2,3,3,3,2,1,2,3,3,3,4 9,0,0,0,1,0,0,0,0,1,0,0,1,1,2,2,1,4,1,3,3,1,8,3,3,1,4,4,2,3,4,2,3,4,1 2 4,1,1,0,1,0,0,0,NA,1,3,3,2,2,3,3,2,1,None,3 7,0,0,1,0,0,0,1,0,0,NA,28,NA,10700,"Education opportunity i.e Bsc Degree, furniture desk, blackboard,  not enough teachers",uuid:c6603d14-1c64-4488-a89f-23fc37c96ece,2512040829,uuid:c6603d14-1c64-4488-a89f-23fc37c96ece,NA,NA,NA,NA,NA,NA,NA,NA,NA,NA
800324,S0803020032,GAMBELLA,Majang,mengeshi,dushi no.1,Rural,"12/11/2025, 4:15:53 PM","12/10/2025, 11:58:45 AM","12/10/2025, 12:47:53 PM",12/10/2025,fa247a43ab390c7d,1,T9602,NA,male,1 4 5 6,1,0,0,1,1,1,0,0,0,1,1,0,0,0,NA,3,NA,2,NA,1,NA,2011,2015,3,0,NA,NA,1 5,1,0,0,0,1,0,0,NA,1,NA,2 6,0,1,0,0,0,1,0,NA,1,1 3,1,0,1,0,0,0,NA,2 4 5,0,1,0,1,1,0,0,0,0,0,NA,1 5,1,0,0,0,1,0,0,0,0,0,NA,1 5,1,0,0,0,1,0,0,0,0,0,NA,2,2,2,2,1,2,2,1,4 5 8 9 10,0,0,0,1,1,0,0,1,1,1,0,0,0,NA,1,4,NA,1 2 4 7 8,1,1,0,1,0,0,1,1,0,0,0,0,0,NA,4,4,4,4,4,4,4,4,4,4,5,5,5,5,5,5,1,1,1,2 5,0,1,0,0,1,0,0,0,NA,2,2,1,3,2,2,2,2,2,2,2,2,NA,4,4,4,1,4,1 2 4,1,1,0,1,0,NA,4,NA,0,0,0,1,1,0,0,1,0,0,0,NA,4,1,1,4,4,4,2,1,2,1,2,2,2,1,1,1,1,2,3 6,0,0,1,0,0,1,0,0,0,0,0,4,1,4,4,4,4,4,2,2,1,10,4,4,4,4,4,1,3,3,3,3,3,2 4,0,1,0,1,0,0,0,NA,0,NA,NA,NA,NA,NA,NA,NA,NA,NA,1 3,1,0,1,0,0,0,0,0,0,NA,24,NA,10700,Nothing,uuid:73e35420-91a8-468d-8484-97e023f03f75,2512040829,uuid:73e35420-91a8-468d-8484-97e023f03f75,NA,NA,NA,NA,NA,NA,NA,NA,NA,NA
800324,S0803020032,GAMBELLA,Majang,mengeshi,dushi no.1,Rural,"12/11/2025, 4:15:54 PM","12/10/2025, 11:24:21 AM","12/10/2025, 11:58:41 AM",12/10/2025,fa247a43ab390c7d,1,T9601,NA,female,5 6,0,0,0,0,1,1,0,0,0,1 2,1,1,0,0,NA,3,NA,2,NA,0,NA,2014,2016,3,1,2,2,5,0,0,0,0,1,0,0,NA,3,NA,2 6,0,1,0,0,0,1,0,NA,1,2 3,0,1,1,0,0,0,NA,2 3 4,0,1,1,1,0,0,0,0,0,0,NA,4 5,0,0,0,1,1,0,0,0,0,0,NA,4 8,0,0,0,1,0,0,0,1,0,0,NA,1,2,1,1,2,3,3,1,4 5 8 9 10,0,0,0,1,1,0,0,1,1,1,0,0,0,NA,1,2,NA,1 3 4,1,0,1,1,0,0,0,0,0,0,0,0,0,NA,4,4,4,4,4,4,4,4,4,4,3,5,5,5,3,5,2,2,1,2 3 5,0,1,1,0,1,0,0,0,NA,2,2,1,2,2,2,2,3,1,2,2,2,NA,4,4,4,1,4,1 2 4,1,1,0,1,0,NA,3,NA,0,0,0,0,0,0,0,0,0,0,0,NA,4,4,1,4,4,1,3,1,3,2,1,3,2,2,3,3,3,1,1 5,1,0,0,0,1,0,0,0,0,0,0,4,1,4,4,4,4,4,1,3,4,10,1,4,1,1,4,1,3,4,3,3,3,2 3 4,0,1,1,1,0,0,0,NA,0,NA,NA,NA,NA,NA,NA,NA,NA,NA,1 3,1,0,1,0,0,0,0,0,0,NA,27,NA,10000,Nothing,uuid:f179f872-9fab-48eb-956d-59560388ae3f,2512040829,uuid:f179f872-9fab-48eb-956d-59560388ae3f,NA,NA,NA,NA,NA,NA,NA,NA,NA,NA
800339,S0803020072,GAMBELLA,Majang,mengeshi,shone,Rural,"12/19/2025, 8:20:40 PM","12/19/2025, 10:21:29 AM","12/19/2025, 4:31:02 PM",12/19/2025,fa247a43ab390c7d,1,T37801,NA,female,5 6 7 8,0,0,0,0,1,1,1,1,0,2,0,1,0,0,NA,4,NA,5,NA,1,NA,2004,2014,5,1,1,3,1,1,0,0,0,0,0,0,NA,1,NA,2 5,0,1,0,0,1,0,0,NA,1,3,0,0,1,0,0,0,NA,2 3 4,0,1,1,1,0,0,0,0,0,0,NA,4 5,0,0,0,1,1,0,0,0,0,0,NA,4 7,0,0,0,1,0,0,1,0,0,0,NA,1,3,1,1,3,2,2,1,5 8 9 10,0,0,0,0,1,0,0,1,1,1,0,0,0,NA,3,4,NA,2 3 4 6 9,0,1,1,1,0,1,0,0,1,0,0,0,0,NA,4,4,3,4,4,4,3,4,4,4,5,5,5,5,3,5,1,1,1,1 2 5,1,1,0,0,1,0,0,0,NA,2,2,2,4,1,2,2,2,2,2,2,1,NA,1,1,1,1,4,1 2 3 4,1,1,1,1,0,NA,2,NA,0,0,0,0,1,0,0,1,0,0,0,NA,1,1,1,1,4,1,1,3,3,3,3,2,3,3,1,3,3,2,1 3,1,0,1,0,0,0,0,0,0,0,0,4,1,4,4,1,4,1,3,3,1,10,1,4,1,4,4,1,4,4,1,4,4,4,0,0,0,1,0,0,0,NA,0,NA,NA,NA,NA,NA,NA,NA,NA,NA,3 5,0,0,1,0,1,0,0,0,0,NA,30,NA,13000,Nothing,uuid:d24ac07b-3970-4e38-9f4a-967938a02479,2512142209,uuid:d24ac07b-3970-4e38-9f4a-967938a02479,NA,NA,NA,NA,NA,NA,NA,NA,NA,NA
800339,S0803020072,GAMBELLA,Majang,mengeshi,shone,Rural,"12/19/2025, 8:20:42 PM","12/19/2025, 11:11:40 AM","12/19/2025, 4:31:38 PM",12/19/2025,fa247a43ab390c7d,1,T37802,NA,female,1 2 6 7 8,1,1,0,0,0,1,1,1,0,3,0,0,1,0,NA,4,NA,5,NA,1,NA,2001,2014,5,0,NA,NA,1,1,0,0,0,0,0,0,NA,1,NA,2 5,0,1,0,0,1,0,0,NA,1,1,1,0,0,0,0,0,NA,2 3 4,0,1,1,1,0,0,0,0,0,0,NA,4 5,0,0,0,1,1,0,0,0,0,0,NA,4 8,0,0,0,1,0,0,0,1,0,0,NA,1,3,1,1,3,2,2,1,5 8 9 10,0,0,0,0,1,0,0,1,1,1,0,0,0,NA,4,4,NA,1 2 3 4 7 8,1,1,1,1,0,0,1,1,0,0,0,0,0,NA,4,4,4,4,4,4,4,4,4,4,5,5,5,5,1,5,2,1,1,2 5,0,1,0,0,1,0,0,0,NA,2,2,1,2,2,2,2,2,2,2,1,2,NA,1,1,1,1,4,2 3 4,0,1,1,1,0,NA,2,NA,0,1,0,0,0,0,0,0,0,0,0,NA,1,3,1,3,4,1,1,3,3,3,3,3,2,2,2,2,3,3,1 11,1,0,0,0,0,0,0,0,0,0,1,4,1,4,4,1,4,4,3,3,2,10,4,4,4,4,4,1,4,4,4,4,4,2 4,0,1,0,1,0,0,0,NA,0,NA,NA,NA,NA,NA,NA,NA,NA,NA,3 5,0,0,1,0,1,0,0,0,0,NA,28,NA,14368,Nothing,uuid:32c8344f-2729-4337-bdfa-2ba579cee6f0,2512142209,uuid:32c8344f-2729-4337-bdfa-2ba579cee6f0,NA,NA,NA,NA,NA,NA,NA,NA,NA,NA
800339,S0803020072,GAMBELLA,Majang,mengeshi,shone,Rural,"12/19/2025, 8:35:25 PM","12/19/2025, 11:22:02 AM","12/19/2025, 6:39:40 PM",12/19/2025,8f3862932650ecd7,1,T37801,NA,male,7 8,0,0,0,0,0,0,1,1,0,1,1,0,0,0,NA,3,NA,5,NA,1,NA,2000,2017,6,0,NA,NA,5,0,0,0,0,1,0,0,NA,1,NA,5 6,0,0,0,0,1,1,0,NA,1,3,0,0,1,0,0,0,NA,3 4,0,0,1,1,0,0,0,0,0,0,NA,4 5,0,0,0,1,1,0,0,0,0,0,NA,4 5,0,0,0,1,1,0,0,0,0,0,NA,3,4,1,2,3,2,3,3,2 8 9 10 11,0,1,0,0,0,0,0,1,1,1,1,0,0,NA,2,2,NA,2 3 4 6 7 8 9 97,0,1,1,1,0,1,1,1,1,0,0,1,0,Being Late,4,4,4,3,3,4,4,3,3,3,4,5,5,4,4,5,2,2,1,1 2 5,1,1,0,0,1,0,0,0,NA,4,4,1,4,4,4,4,1,1,4,1,2,NA,3,3,3,1,4,2,0,1,0,0,0,NA,3,NA,0,0,0,1,0,0,0,1,1,0,0,NA,1,1,1,1,4,1,4,3,3,3,3,3,3,3,3,3,3,3,4 5,0,0,0,1,1,0,0,0,0,0,0,1,1,1,1,1,4,3,3,3,4,8,2,3,3,4,1,3,4,4,2,4,4,4,0,0,0,1,0,0,0,NA,1,3,3,3,2,2,3,2,1,None,4 7,0,0,0,1,0,0,1,0,0,NA,38,NA,15400,Parents are aggressive when their student penalised for their faults,uuid:616c61de-b0ae-4dad-a569-174ed5edc83e,2512142209,uuid:616c61de-b0ae-4dad-a569-174ed5edc83e,NA,NA,NA,NA,NA,NA,NA,NA,NA,NA
800323,S0803020082,GAMBELLA,Majang,mengeshi,dopia,Rural,"12/17/2025, 6:39:43 PM","12/17/2025, 11:12:02 AM","12/17/2025, 11:55:07 AM",12/17/2025,fa247a43ab390c7d,1,T9501,NA,female,2 3 4,0,1,1,1,0,0,0,0,0,1,1,0,0,0,NA,3,NA,2,NA,0,NA,2013,2016,2,0,NA,NA,1 5,1,0,0,0,1,0,0,NA,1,NA,2 5,0,1,0,0,1,0,0,NA,1,1 3,1,0,1,0,0,0,NA,1 2 4,1,1,0,1,0,0,0,0,0,0,NA,4 5,0,0,0,1,1,0,0,0,0,0,NA,1 8,1,0,0,0,0,0,0,1,0,0,NA,2,2,2,1,2,2,2,2,8 9 10,0,0,0,0,0,0,0,1,1,1,0,0,0,NA,3,2,NA,1 2 3 7 8,1,1,1,0,0,0,1,1,0,0,0,0,0,NA,4,4,4,1,4,4,4,4,4,3,5,5,5,5,5,5,2,2,1,2 5,0,1,0,0,1,0,0,0,NA,3,3,3,4,3,3,2,2,2,2,2,1,NA,4,4,4,4,4,1 2 3 4,1,1,1,1,0,NA,3,NA,0,0,0,0,0,0,0,1,0,0,0,NA,4,2,1,3,1,3,3,3,3,3,2,1,2,1,2,1,2,1,1 3,1,0,1,0,0,0,0,0,0,0,0,4,1,4,1,3,3,3,2,2,1,10,4,4,4,4,3,3,4,3,3,4,4,1 2 4,1,1,0,1,0,0,0,NA,0,NA,NA,NA,NA,NA,NA,NA,NA,NA,3 5,0,0,1,0,1,0,0,0,0,NA,30,NA,10000,Nothing,uuid:09bf9a7c-89c1-46aa-aa2c-b4fb827f8759,2512142209,uuid:09bf9a7c-89c1-46aa-aa2c-b4fb827f8759,NA,NA,NA,NA,NA,NA,NA,NA,NA,NA
800323,S0803020082,GAMBELLA,Majang,mengeshi,dopia,Rural,"12/17/2025, 6:39:48 PM","12/17/2025, 11:56:34 AM","12/17/2025, 12:40:08 PM",12/17/2025,fa247a43ab390c7d,1,T9502,NA,male,7 8,0,0,0,0,0,0,1,1,0,97,0,0,0,1,Geography,1,NA,2,NA,0,NA,2016,2016,1,0,NA,NA,1 5,1,0,0,0,1,0,0,NA,1,NA,2 5,0,1,0,0,1,0,0,NA,1,1,1,0,0,0,0,0,NA,2 3 4,0,1,1,1,0,0,0,0,0,0,NA,4 5,0,0,0,1,1,0,0,0,0,0,NA,4 8,0,0,0,1,0,0,0,1,0,0,NA,2,2,2,1,2,2,2,1,4 8 9 10,0,0,0,1,0,0,0,1,1,1,0,0,0,NA,4,2,NA,2 5,0,1,0,0,1,0,0,0,0,0,0,0,0,NA,4,4,4,3,4,4,4,4,4,3,5,5,5,5,5,5,1,1,1,1 2 5,1,1,0,0,1,0,0,0,NA,3,2,1,3,1,3,2,4,1,2,3,1,NA,4,4,4,1,4,1 2 3,1,1,1,0,0,NA,1,NA,0,0,0,1,0,0,0,1,0,0,0,NA,1,1,1,1,4,4,4,3,2,2,3,2,3,3,3,1,1,2,3 6,0,0,1,0,0,1,0,0,0,0,0,4,1,4,4,3,4,4,3,3,1,10,4,3,4,4,4,1,4,4,4,4,4,1 2 4,1,1,0,1,0,0,0,NA,0,NA,NA,NA,NA,NA,NA,NA,NA,NA,3 4,0,0,1,1,0,0,0,0,0,NA,31,NA,9200,Nothing,uuid:b8c76052-82ce-478f-be95-3b92373fcc54,2512142209,uuid:b8c76052-82ce-478f-be95-3b92373fcc54,NA,NA,NA,NA,NA,NA,NA,NA,NA,NA
800323,S0803020082,GAMBELLA,Majang,mengeshi,dopia,Rural,"12/17/2025, 6:43:40 PM","12/17/2025, 9:54:21 AM","12/17/2025, 7:12:31 PM",12/17/2025,8f3862932650ecd7,1,T9501,NA,male,7 8,0,0,0,0,0,0,1,1,0,97,0,0,0,1,General Science,3,NA,3,NA,1,NA,2016,2016,1,0,NA,NA,1,1,0,0,0,0,0,0,NA,1,NA,5 6 97,0,0,0,0,1,1,1,Tutor class given,1,1 3,1,0,1,0,0,0,NA,1 3 4 5 6,1,0,1,1,1,1,0,0,0,0,NA,3 4,0,0,1,1,0,0,0,0,0,0,NA,3 4,0,0,1,1,0,0,0,0,0,0,NA,4,4,1,1,4,1,4,1,2 4 8 9 10 11,0,1,0,1,0,0,0,1,1,1,1,0,0,NA,4,3,NA,1 2 3 4 5 6 7 8 9 10 11,1,1,1,1,1,1,1,1,1,1,1,0,0,NA,4,4,4,3,4,4,4,3,3,4,5,5,5,5,5,5,1,1,1,2 5,0,1,0,0,1,0,0,0,NA,4,3,2,4,2,3,5,2,2,4,2,2,NA,3,3,3,1,4,1 2 3,1,1,1,0,0,NA,4,NA,1,1,0,1,0,0,0,1,1,0,0,NA,1,1,1,1,4,1,1,3,3,3,3,3,3,3,3,3,3,3,1 4,1,0,0,1,0,0,0,0,0,0,0,1,1,1,1,1,4,1,3,3,1,7,1,1,4,4,1,4,4,4,3,4,4,2 4,0,1,0,1,0,0,0,NA,1,2,2,3,2,2,3,2,1,None,1 7,1,0,0,0,0,0,1,0,0,NA,26,NA,9268,"Room to rest , canteen for teachers,  health facilities around the school needed",uuid:dbee3232-0c80-4d8c-b470-ff262d64be05,2512142209,uuid:dbee3232-0c80-4d8c-b470-ff262d64be05,NA,NA,NA,NA,NA,NA,NA,NA,NA,NA
800337,S0803020112,GAMBELLA,Majang,mengeshi,selame,Rural,"12/11/2025, 4:15:49 PM","12/11/2025, 11:22:39 AM","12/11/2025, 12:14:18 PM",12/11/2025,fa247a43ab390c7d,1,T9803,NA,female,1 2 3 4 5 6,1,1,1,1,1,1,0,0,0,1,1,0,0,0,NA,3,NA,2,NA,0,NA,2009,2016,4,0,NA,NA,1 5,1,0,0,0,1,0,0,NA,1,NA,2 6,0,1,0,0,0,1,0,NA,1,1 3,1,0,1,0,0,0,NA,4,0,0,0,1,0,0,0,0,0,0,NA,4 5,0,0,0,1,1,0,0,0,0,0,NA,4 8,0,0,0,1,0,0,0,1,0,0,NA,2,2,2,1,2,3,3,1,4 8 9 10,0,0,0,1,0,0,0,1,1,1,0,0,0,NA,1,4,NA,1 3 4 7 8,1,0,1,1,0,0,1,1,0,0,0,0,0,NA,4,4,4,4,4,4,4,3,4,4,5,5,4,5,5,5,3,2,1,1 2 5,1,1,0,0,1,0,0,0,NA,3,3,3,3,2,2,5,4,2,4,4,2,NA,1,1,4,1,4,1 2 3,1,1,1,0,0,NA,4,NA,0,1,0,0,1,0,0,1,0,0,0,NA,4,3,1,4,4,3,1,2,3,2,2,3,3,3,3,3,3,3,3 8,0,0,1,0,0,0,0,1,0,0,0,4,1,4,4,1,4,4,2,1,2,8,1,4,1,4,4,4,4,4,3,4,4,1 2 4,1,1,0,1,0,0,0,NA,0,NA,NA,NA,NA,NA,NA,NA,NA,NA,3 8,0,0,1,0,0,0,0,1,0,NA,29,NA,10500,Nothing,uuid:7b2e06ac-87d7-4852-bf9e-232bc18e0310,2512040829,uuid:7b2e06ac-87d7-4852-bf9e-232bc18e0310,NA,NA,NA,NA,NA,NA,NA,NA,NA,NA
800337,S0803020112,GAMBELLA,Majang,mengeshi,selame,Rural,"12/11/2025, 4:46:19 PM","12/11/2025, 11:35:50 AM","12/11/2025, 4:43:03 PM",12/11/2025,8f3862932650ecd7,1,T9801,NA,female,1 2 3 4 5 6,1,1,1,1,1,1,0,0,0,97,0,0,0,1,Health and Physical Education,3,NA,3,NA,1,NA,2010,2014,5,0,NA,NA,5,0,0,0,0,1,0,0,NA,1,NA,6 97,0,0,0,0,0,1,1,Tutor class,1,3,0,0,1,0,0,0,NA,1 2 4 5 7,1,1,0,1,1,0,1,0,0,0,NA,3 4,0,0,1,1,0,0,0,0,0,0,NA,4 6,0,0,0,1,0,1,0,0,0,0,NA,2,2,1,4,1,1,4,1,2 8 9 10 11 12,0,1,0,0,0,0,0,1,1,1,1,1,0,After each chapter ended,4,4,NA,1 3 4 6 7 9 10 11,1,0,1,1,0,1,1,0,1,1,1,0,0,NA,4,4,4,3,4,4,4,4,3,4,5,5,5,4,4,5,2,2,1,1 5 97,1,0,0,0,1,0,1,0,Advice given,3,3,3,4,2,4,4,1,4,2,2,2,NA,3,3,3,1,4,3 4,0,0,1,1,0,NA,3,NA,0,0,0,0,0,0,0,0,1,0,0,NA,1,1,1,1,4,1,1,3,2,3,3,3,3,3,3,3,3,3,4 9,0,0,0,1,0,0,0,0,1,0,0,1,1,1,1,1,4,1,1,3,1,9,2,3,3,4,3,1,4,4,4,4,4,1 2 4,1,1,0,1,0,0,0,NA,0,NA,NA,NA,NA,NA,NA,NA,NA,NA,1 7,1,0,0,0,0,0,1,0,0,NA,28,NA,10525,None,uuid:75abf3bf-a23a-47ce-9bcd-fa7e5214aec9,2512040829,uuid:75abf3bf-a23a-47ce-9bcd-fa7e5214aec9,NA,NA,NA,NA,NA,NA,NA,NA,NA,NA
800337,S0803020112,GAMBELLA,Majang,mengeshi,selame,Rural,"12/11/2025, 4:46:19 PM","12/11/2025, 12:21:34 PM","12/11/2025, 4:43:24 PM",12/11/2025,8f3862932650ecd7,1,T9802,NA,male,1 3 4 5 6 7,1,0,1,1,1,1,1,0,0,2 97,0,1,0,1,"Environmental science,  IT,",3,NA,3,NA,1,NA,2014,2017,3,0,NA,NA,5,0,0,0,0,1,0,0,NA,1,NA,6 97,0,0,0,0,0,1,1,Tutor class,1,3,0,0,1,0,0,0,NA,2 3 4 5 7,0,1,1,1,1,0,1,0,0,0,NA,4 7,0,0,0,1,0,0,1,0,0,0,NA,3 4,0,0,1,1,0,0,0,0,0,0,NA,3,3,3,1,1,1,2,1,2 8 9 10 11,0,1,0,0,0,0,0,1,1,1,1,0,0,NA,3,3,NA,1 2 3 4 5 6 7 8 9,1,1,1,1,1,1,1,1,1,0,0,0,0,NA,4,4,4,3,4,4,4,3,2,3,5,5,5,5,4,5,1,1,1,2 5,0,1,0,0,1,0,0,0,NA,4,3,2,4,2,3,4,4,2,2,1,2,NA,3,3,3,1,4,2,0,1,0,0,0,NA,4,NA,0,0,0,1,1,0,0,1,1,0,0,NA,1,1,1,1,4,1,1,1,2,2,1,3,3,3,3,3,3,3,4 5,0,0,0,1,1,0,0,0,0,0,0,1,1,2,1,1,4,1,3,3,1,7,2,3,3,4,3,2,4,4,4,4,4,2 4,0,1,0,1,0,0,0,NA,1,3,3,3,2,2,3,3,2,None,4 7,0,0,0,1,0,0,1,0,0,NA,28,NA,10001,None,uuid:809523a8-c312-44ab-b5ae-061c92ea6cb6,2512040829,uuid:809523a8-c312-44ab-b5ae-061c92ea6cb6,NA,NA,NA,NA,NA,NA,NA,NA,NA,NA
800333,S0803020162,GAMBELLA,Majang,mengeshi,kokare,Rural,"12/18/2025, 7:08:20 PM","12/18/2025, 11:20:09 AM","12/18/2025, 12:46:32 PM",12/18/2025,fa247a43ab390c7d,1,T9703,NA,male,3 4 5,0,0,1,1,1,0,0,0,0,1,1,0,0,0,NA,3,NA,2,NA,0,NA,2010,2017,2,0,NA,NA,1 5,1,0,0,0,1,0,0,NA,1,NA,2 5,0,1,0,0,1,0,0,NA,1,1 3,1,0,1,0,0,0,NA,1 2 4 5,1,1,0,1,1,0,0,0,0,0,NA,4 5,0,0,0,1,1,0,0,0,0,0,NA,1 4,1,0,0,1,0,0,0,0,0,0,NA,1,2,2,1,2,2,2,3,4 8 9 10,0,0,0,1,0,0,0,1,1,1,0,0,0,NA,1,2,NA,1 4 6 7 8,1,0,0,1,0,1,1,1,0,0,0,0,0,NA,4,4,4,3,4,4,4,4,4,4,5,5,3,3,5,5,1,1,1,1 2 5,1,1,0,0,1,0,0,0,NA,3,3,3,3,3,3,2,2,2,2,4,1,NA,1,1,1,4,3,1 2 3 4,1,1,1,1,0,NA,3,NA,0,0,0,0,0,0,0,1,1,1,0,NA,1,1,1,3,3,3,3,3,3,3,3,3,3,3,3,3,3,3,1 3,1,0,1,0,0,0,0,0,0,0,0,1,1,3,4,3,3,3,3,3,1,10,4,4,1,4,4,1,4,4,4,4,4,1 2 4,1,1,0,1,0,0,0,NA,0,NA,NA,NA,NA,NA,NA,NA,NA,NA,1 3,1,0,1,0,0,0,0,0,0,NA,30,NA,10000,Nothing,uuid:a3ff535e-5e0e-42ea-9a34-ea4dfb512890,2512142209,uuid:a3ff535e-5e0e-42ea-9a34-ea4dfb512890,NA,NA,NA,NA,NA,NA,NA,NA,NA,NA
800333,S0803020162,GAMBELLA,Majang,mengeshi,kokare,Rural,"12/18/2025, 8:20:08 PM","12/18/2025, 11:41:23 AM","12/18/2025, 8:18:44 PM",12/18/2025,8f3862932650ecd7,1,T9702,NA,male,7 8,0,0,0,0,0,0,1,1,0,2,0,1,0,0,NA,1,NA,3,NA,1,NA,2017,2017,1,0,NA,NA,1,1,0,0,0,0,0,0,NA,1,NA,5 6 97,0,0,0,0,1,1,1,Tutor class,1,3,0,0,1,0,0,0,NA,3 4,0,0,1,1,0,0,0,0,0,0,NA,3 4,0,0,1,1,0,0,0,0,0,0,NA,3 4,0,0,1,1,0,0,0,0,0,0,NA,4,4,1,4,3,3,3,3,2 4 8 9 10 11,0,1,0,1,0,0,0,1,1,1,1,0,0,NA,4,2,NA,1 2 3 4 5 6 8 9 10,1,1,1,1,1,1,0,1,1,1,0,0,0,NA,3,3,4,3,4,4,4,3,3,4,5,5,1,3,5,4,2,2,1,1 5,1,0,0,0,1,0,0,0,NA,3,2,1,3,2,4,2,1,1,2,1,2,NA,3,3,3,1,4,2,0,1,0,0,0,NA,4,NA,0,0,0,1,0,0,0,1,1,0,0,NA,2,2,2,1,4,1,1,3,3,3,3,3,2,3,1,3,3,3,1 4,1,0,0,1,0,0,0,0,0,0,0,1,1,1,2,1,4,2,3,3,4,7,3,3,3,4,3,1,4,3,3,4,4,1 2 4,1,1,0,1,0,0,0,NA,1,3,3,3,2,3,3,2,1,None,3 7,0,0,1,0,0,0,1,0,0,NA,27,NA,9200,"Training, chalk shortage, blackbord need replacement",uuid:f288156c-6463-4a59-9cdc-f0f84e2a045a,2512142209,uuid:f288156c-6463-4a59-9cdc-f0f84e2a045a,NA,NA,NA,NA,NA,NA,NA,NA,NA,NA
800333,S0803020162,GAMBELLA,Majang,mengeshi,kokare,Rural,"12/18/2025, 8:20:15 PM","12/18/2025, 12:35:08 AM","12/18/2025, 8:19:30 PM",12/18/2025,8f3862932650ecd7,1,T9703,NA,male,3 4 5 6,0,0,1,1,1,1,0,0,0,1 97,1,0,0,1,"General Science, environmental science",1,NA,3,NA,1,NA,2014,2017,2,0,NA,NA,1,1,0,0,0,0,0,0,NA,1,NA,5 6,0,0,0,0,1,1,0,NA,1,1 3,1,0,1,0,0,0,NA,3 4 5,0,0,1,1,1,0,0,0,0,0,NA,4 7,0,0,0,1,0,0,1,0,0,0,NA,4 6,0,0,0,1,0,1,0,0,0,0,NA,4,4,1,2,3,2,3,2,2 4 8 9 10 11,0,1,0,1,0,0,0,1,1,1,1,0,0,NA,4,3,NA,1 2 3 4 5 6 7 8 9 10,1,1,1,1,1,1,1,1,1,1,0,0,0,NA,4,4,3,3,4,4,3,3,3,4,5,5,5,4,4,5,2,2,1,1 5,1,0,0,0,1,0,0,0,NA,3,2,2,4,2,4,3,2,1,2,1,2,NA,3,3,4,1,4,2,0,1,0,0,0,NA,3,NA,0,0,0,0,0,0,0,1,1,0,0,NA,2,2,2,1,4,1,1,3,3,3,3,3,3,3,3,3,3,3,1 4,1,0,0,1,0,0,0,0,0,0,0,1,1,1,1,1,4,3,3,3,4,7,2,4,4,4,4,2,4,4,4,4,4,1 2 4,1,1,0,1,0,0,0,NA,1,3,3,3,2,2,3,2,1,None,4 7,0,0,0,1,0,0,1,0,0,NA,28,NA,9200,"Training,  education opportunities,  black bord replacement with new b/c it is old",uuid:b4fc9cc4-c294-427d-84cd-d114a771a97d,2512142209,uuid:b4fc9cc4-c294-427d-84cd-d114a771a97d,NA,NA,NA,NA,NA,NA,NA,NA,NA,NA
800322,S0803020252,GAMBELLA,Majang,mengeshi,dagshi,Rural,"12/12/2025, 1:14:35 PM","12/12/2025, 12:10:52 PM","12/12/2025, 2:09:44 PM",12/12/2025,8f3862932650ecd7,1,T9401,NA,male,2 3 4 5 6,0,1,1,1,1,1,0,0,0,1 97,1,0,0,1,"Citizenship, Visual arts",3,NA,3,NA,1,NA,2013,2017,3,0,NA,NA,1,1,0,0,0,0,0,0,NA,1,NA,6 97,0,0,0,0,0,1,1,Make up and tutor class,1,1 3,1,0,1,0,0,0,NA,1 3 4 5 7,1,0,1,1,1,0,1,0,0,0,NA,4 7,0,0,0,1,0,0,1,0,0,0,NA,2 4,0,1,0,1,0,0,0,0,0,0,NA,4,4,1,4,4,4,3,4,2 8 9 10 11 12,0,1,0,0,0,0,0,1,1,1,1,1,0,After each chapter ended,4,4,NA,1 2 3 4 5 6 9,1,1,1,1,1,1,0,0,1,0,0,0,0,NA,4,4,4,3,4,4,4,4,3,4,5,5,5,4,4,4,2,2,1,1 5,1,0,0,0,1,0,0,0,NA,4,2,2,4,3,4,4,2,2,4,2,2,NA,3,3,3,2,4,2,0,1,0,0,0,NA,2,NA,0,0,0,1,0,0,0,1,1,0,0,NA,2,2,1,1,4,4,1,1,2,2,3,2,1,1,1,2,2,2,2 8,0,1,0,0,0,0,0,1,0,0,0,1,1,4,3,1,4,4,3,3,1,10,4,2,4,4,3,2,4,4,3,4,4,1,1,0,0,0,0,0,0,NA,1,3,3,3,3,3,3,1,1,None,4 7,0,0,0,1,0,0,1,0,0,NA,26,NA,9800,None,uuid:7bb85763-7193-47db-99e2-503a0c9359a3,2512111014,uuid:7bb85763-7193-47db-99e2-503a0c9359a3,NA,NA,NA,NA,NA,NA,NA,NA,NA,NA
800322,S0803020252,GAMBELLA,Majang,mengeshi,dagshi,Rural,"12/13/2025, 10:22:46 AM","12/12/2025, 11:12:01 AM","12/12/2025, 6:17:32 PM",12/12/2025,fa247a43ab390c7d,1,T9401,NA,female,1 2 3 4 5 6,1,1,1,1,1,1,0,0,0,1,1,0,0,0,NA,3,NA,2,NA,0,NA,2012,2014,3,1,1,3,1 5,1,0,0,0,1,0,0,NA,1,NA,2 6,0,1,0,0,0,1,0,NA,1,1 3,1,0,1,0,0,0,NA,1 2 4 5,1,1,0,1,1,0,0,0,0,0,NA,4 5,0,0,0,1,1,0,0,0,0,0,NA,3 4,0,0,1,1,0,0,0,0,0,0,NA,2,2,1,1,3,1,2,1,4 8 9 10,0,0,0,1,0,0,0,1,1,1,0,0,0,NA,1,2,NA,2 3 9,0,1,1,0,0,0,0,0,1,0,0,0,0,NA,4,4,3,4,4,4,4,4,4,3,5,5,5,5,5,5,2,2,1,2 5,0,1,0,0,1,0,0,0,NA,3,3,1,3,3,2,2,3,2,3,4,2,NA,1,3,3,1,4,1 2 3,1,1,1,0,0,NA,3,NA,0,0,0,0,0,0,0,1,1,0,0,NA,1,1,1,3,4,1,1,3,2,3,3,3,3,3,3,3,3,3,5 11,0,0,0,0,1,0,0,0,0,0,1,4,1,4,1,1,4,4,3,2,1,10,3,4,1,1,4,1,4,4,4,4,3,1 2 4,1,1,0,1,0,0,0,NA,0,NA,NA,NA,NA,NA,NA,NA,NA,NA,3 5,0,0,1,0,1,0,0,0,0,NA,27,NA,10525,Nothing,uuid:5b796ced-a55c-4fdf-8e0e-57cfc19afb84,2512111014,uuid:5b796ced-a55c-4fdf-8e0e-57cfc19afb84,NA,NA,NA,NA,NA,NA,NA,NA,NA,NA
800322,S0803020252,GAMBELLA,Majang,mengeshi,dagshi,Rural,"12/13/2025, 10:22:47 AM","12/12/2025, 11:53:35 AM","12/12/2025, 6:17:40 PM",12/12/2025,fa247a43ab390c7d,1,T9402,NA,male,1 3 4 5 6,1,0,1,1,1,1,0,0,0,1,1,0,0,0,NA,3,NA,5,NA,0,NA,2004,2017,5,1,1,3,1 5,1,0,0,0,1,0,0,NA,1,NA,2 6,0,1,0,0,0,1,0,NA,1,1 3,1,0,1,0,0,0,NA,1 4,1,0,0,1,0,0,0,0,0,0,NA,4 5,0,0,0,1,1,0,0,0,0,0,NA,1 4,1,0,0,1,0,0,0,0,0,0,NA,2,2,1,1,1,2,2,1,4 8 9 10,0,0,0,1,0,0,0,1,1,1,0,0,0,NA,1,2,NA,1 2 7 8,1,1,0,0,0,0,1,1,0,0,0,0,0,NA,4,4,4,3,4,4,4,4,4,3,3,5,5,5,5,5,1,1,1,1 2 5,1,1,0,0,1,0,0,0,NA,3,3,1,2,2,3,2,2,3,4,4,2,NA,1,1,1,1,4,1 2 3 4,1,1,1,1,0,NA,2,NA,0,1,0,1,0,0,0,1,1,1,0,NA,1,3,1,1,4,1,1,3,3,3,3,3,3,3,3,3,3,3,1 3,1,0,1,0,0,0,0,0,0,0,0,4,1,4,1,1,4,1,3,3,1,10,1,4,1,4,4,1,4,4,4,4,4,4,0,0,0,1,0,0,0,NA,0,NA,NA,NA,NA,NA,NA,NA,NA,NA,3 5,0,0,1,0,1,0,0,0,0,NA,33,NA,14368,Nothing,uuid:f4bc95ad-795b-4ff1-88bd-a2a557bbc2cd,2512111014,uuid:f4bc95ad-795b-4ff1-88bd-a2a557bbc2cd,NA,NA,NA,NA,NA,NA,NA,NA,NA,NA
900285,S0901050062,HARARI,Harari,sofi,dekker,Rural,"12/8/2025, 5:39:05 PM","12/8/2025, 8:33:46 AM","12/8/2025, 9:19:35 AM",12/8/2025,b069b6a079b16d18,1,T10301,NA,male,4,0,0,0,1,0,0,0,0,0,2,0,1,0,0,NA,7,NA,5,NA,1,NA,2005,2017,4,0,NA,NA,1,1,0,0,0,0,0,0,NA,2,NA,5 6,0,0,0,0,1,1,0,NA,1,1 3,1,0,1,0,0,0,NA,1,1,0,0,0,0,0,0,0,0,0,NA,7 8,0,0,0,0,0,0,1,1,0,0,NA,2 4,0,1,0,1,0,0,0,0,0,0,NA,4,4,3,2,1,1,1,1,3 5,0,0,1,0,1,0,0,0,0,0,0,0,0,NA,4,3,NA,2 3 4,0,1,1,1,0,0,0,0,0,0,0,0,0,NA,4,4,3,3,3,3,4,3,3,4,5,5,4,5,4,5,4,4,1,2 5,0,1,0,0,1,0,0,0,NA,4,2,3,2,3,1,3,5,1,5,5,2,NA,3,3,3,2,3,2 4,0,1,0,1,0,NA,2,NA,0,0,0,1,0,0,0,1,1,0,0,NA,1,1,3,3,3,1,1,2,2,2,2,2,1,1,2,2,2,2,1 5,1,0,0,0,1,0,0,0,0,0,0,1,1,4,4,1,4,4,2,2,4,10,4,4,4,1,4,1,4,4,3,4,4,4,0,0,0,1,0,0,0,NA,1,3,3,3,1,3,3,3,1,None,3 4,0,0,1,1,0,0,0,0,0,NA,32,NA,11600,የትምህርት ፋላግት አለመኖር ና መንግስት በዚህ ጉዳይ  ማህበረሰቡን ቢያስተምር,uuid:8748392a-189c-4170-94fb-6ce8ce35b104,2512040829,uuid:8748392a-189c-4170-94fb-6ce8ce35b104,NA,NA,NA,NA,NA,NA,NA,NA,NA,NA
900285,S0901050062,HARARI,Harari,sofi,dekker,Rural,"12/8/2025, 5:39:06 PM","12/8/2025, 9:24:54 AM","12/8/2025, 10:09:04 AM",12/8/2025,b069b6a079b16d18,1,T10302,NA,female,3,0,0,1,0,0,0,0,0,0,1,1,0,0,0,NA,5,NA,2,NA,1,NA,2003,2006,2,0,NA,NA,1 2,1,1,0,0,0,0,0,NA,1,NA,6,0,0,0,0,0,1,0,NA,1,3,0,0,1,0,0,0,NA,1 4 5 9,1,0,0,1,1,0,0,0,1,0,NA,5 8,0,0,0,0,1,0,0,1,0,0,NA,2 4,0,1,0,1,0,0,0,0,0,0,NA,1,3,3,1,1,2,1,1,6 7,0,0,0,0,0,1,1,0,0,0,0,0,0,NA,4,2,NA,2 5 6,0,1,0,0,1,1,0,0,0,0,0,0,0,NA,1,3,4,1,3,3,3,3,4,1,4,4,5,5,5,5,1,1,1,5,0,0,0,0,1,0,0,0,NA,4,4,4,4,2,2,5,2,2,2,2,3,NA,3,4,4,2,3,1 2,1,1,0,0,0,NA,1,NA,0,0,0,1,1,1,1,1,1,0,0,NA,3,3,1,1,4,1,1,3,2,2,2,2,3,2,3,3,3,3,3 7,0,0,1,0,0,0,1,0,0,0,0,4,1,4,4,1,4,4,2,2,2,9,3,4,4,1,4,4,4,4,4,4,4,1 2,1,1,0,0,0,0,0,NA,1,1,1,3,1,1,1,3,1,None,3,0,0,1,0,0,0,0,0,0,NA,28,NA,12000,ችግራተኛ ተማሪዊች ሰላሉ ለነሱ ድጋፋ እንዲሰጥ,uuid:4ff42967-949c-453f-9760-15dcc5843dea,2512040829,uuid:4ff42967-949c-453f-9760-15dcc5843dea,NA,NA,NA,NA,NA,NA,NA,NA,NA,NA
900285,S0901050062,HARARI,Harari,sofi,dekker,Rural,"12/8/2025, 5:39:06 PM","12/8/2025, 3:02:45 PM","12/8/2025, 3:42:19 PM",12/8/2025,b069b6a079b16d18,1,T10303,NA,female,8,0,0,0,0,0,0,0,1,0,2,0,1,0,0,NA,3,NA,3,NA,1,NA,2007,2009,3,0,NA,NA,1 2 3,1,1,1,0,0,0,0,NA,1,NA,6,0,0,0,0,0,1,0,NA,1,3,0,0,1,0,0,0,NA,2 3 4,0,1,1,1,0,0,0,0,0,0,NA,4 8,0,0,0,1,0,0,0,1,0,0,NA,4 6,0,0,0,1,0,1,0,0,0,0,NA,4,4,4,1,2,1,3,1,4 5 7,0,0,0,1,1,0,1,0,0,0,0,0,0,NA,3,2,NA,2 5 10,0,1,0,0,1,0,0,0,0,1,0,0,0,NA,4,4,3,4,3,3,4,4,4,4,4,4,5,5,5,5,1,1,1,2 4 5,0,1,0,1,1,0,0,0,NA,4,4,4,4,2,4,4,5,1,5,5,2,NA,1,1,3,2,4,1 4,1,0,0,1,0,NA,1,NA,1,1,0,1,1,1,1,1,1,1,0,NA,3,4,1,1,4,4,1,3,2,2,3,3,3,3,3,3,3,3,3 4,0,0,1,1,0,0,0,0,0,0,0,1,1,3,3,3,4,1,3,3,1,7,4,3,4,3,4,1,4,4,4,4,4,4,0,0,0,1,0,0,0,NA,0,NA,NA,NA,NA,NA,NA,NA,NA,NA,3 5,0,0,1,0,1,0,0,0,0,NA,27,NA,9800,ትራንስፖርት  ከትምህርት  ሰለ ማርቅ ቢኖር,uuid:b5aa2fcf-3948-4153-a7ef-6417c75c3d2b,2512040829,uuid:b5aa2fcf-3948-4153-a7ef-6417c75c3d2b,NA,NA,NA,NA,NA,NA,NA,NA,NA,NA
900280,S0901050072,HARARI,Harari,sofi,aw umer,Rural,"12/9/2025, 6:27:10 PM","12/9/2025, 3:00:31 PM","12/9/2025, 3:35:57 PM",12/9/2025,b069b6a079b16d18,1,T10202,NA,female,1 2,1,1,0,0,0,0,0,0,0,1,1,0,0,0,NA,3,NA,2,NA,1,NA,2000,2011,3,0,NA,NA,1,1,0,0,0,0,0,0,NA,97,በትምህርት  ደረጃ,6,0,0,0,0,0,1,0,NA,1,1 3,1,0,1,0,0,0,NA,1 3 4,1,0,1,1,0,0,0,0,0,0,NA,4 5,0,0,0,1,1,0,0,0,0,0,NA,2 4,0,1,0,1,0,0,0,0,0,0,NA,1,2,2,1,1,1,1,1,4 6 7,0,0,0,1,0,1,1,0,0,0,0,0,0,NA,3,2,NA,2 6,0,1,0,0,0,1,0,0,0,0,0,0,0,NA,4,4,4,4,4,4,3,3,2,4,5,5,4,5,4,4,1,3,1,2,0,1,0,0,0,0,0,0,NA,4,4,4,4,4,4,4,3,4,4,1,2,NA,4,4,4,1,3,1 2,1,1,0,0,0,NA,4,NA,0,0,0,1,0,0,0,1,1,0,0,NA,1,1,1,1,4,1,1,3,3,2,3,1,3,2,3,3,1,3,2 5,0,1,0,0,1,0,0,0,0,0,0,3,1,4,4,3,4,4,3,1,2,10,4,4,4,4,4,1,4,4,4,4,4,2 4,0,1,0,1,0,0,0,NA,0,NA,NA,NA,NA,NA,NA,NA,NA,NA,5 6,0,0,0,0,1,1,0,0,0,NA,35,NA,12000,የለም,uuid:f6d70e74-5220-4a81-805c-fcc81b7a980b,2512040829,uuid:f6d70e74-5220-4a81-805c-fcc81b7a980b,NA,NA,NA,NA,NA,NA,NA,NA,NA,NA
900280,S0901050072,HARARI,Harari,sofi,aw umer,Rural,"12/9/2025, 6:27:12 PM","12/9/2025, 3:37:47 PM","12/9/2025, 4:15:04 PM",12/9/2025,b069b6a079b16d18,1,T10203,NA,male,3 4,0,0,1,1,0,0,0,0,0,2,0,1,0,0,NA,6,NA,2,NA,1,NA,2002,2017,3,0,NA,NA,1 2,1,1,0,0,0,0,0,NA,1,NA,4 6,0,0,0,1,0,1,0,NA,1,1 3,1,0,1,0,0,0,NA,1 3 4,1,0,1,1,0,0,0,0,0,0,NA,4 8,0,0,0,1,0,0,0,1,0,0,NA,2 6,0,1,0,0,0,1,0,0,0,0,NA,1,2,1,1,1,1,2,1,6,0,0,0,0,0,1,0,0,0,0,0,0,0,NA,1,2,NA,1 5,1,0,0,0,1,0,0,0,0,0,0,0,0,NA,3,4,3,1,4,4,3,3,3,3,4,4,2,4,3,4,4,4,1,2 5,0,1,0,0,1,0,0,0,NA,2,2,2,2,2,3,5,5,3,2,1,4,NA,2,2,2,2,3,1 4,1,0,0,1,0,NA,3,NA,1,0,0,1,1,1,1,1,1,0,0,NA,2,2,2,4,4,1,1,3,2,3,2,2,2,3,3,2,3,3,1 3,1,0,1,0,0,0,0,0,0,0,0,2,1,4,3,3,4,3,3,1,2,9,3,4,1,3,4,4,4,4,2,4,4,4,0,0,0,1,0,0,0,NA,0,NA,NA,NA,NA,NA,NA,NA,NA,NA,3 7,0,0,1,0,0,0,1,0,0,NA,38,NA,18000,የለም,uuid:6ad5eba2-8c07-41dd-8d63-de0645138439,2512040829,uuid:6ad5eba2-8c07-41dd-8d63-de0645138439,NA,NA,NA,NA,NA,NA,NA,NA,NA,NA
900280,S0901050072,HARARI,Harari,sofi,aw umer,Rural,"12/9/2025, 7:32:43 PM","12/9/2025, 9:02:26 AM","12/9/2025, 9:46:32 AM",12/9/2025,3.58E+14,1,T10201,NA,female,5 6 7 8,0,0,0,0,1,1,1,1,0,1,1,0,0,0,NA,4,NA,5,NA,0,NA,2003,2005,2,0,NA,NA,1 2 5,1,1,0,0,1,0,0,NA,1,NA,6 97,0,0,0,0,0,1,1,Students study in the class/they will go to library,1,1 3 4,1,0,1,1,0,0,NA,1 2 4 5,1,1,0,1,1,0,0,0,0,0,NA,4 8,0,0,0,1,0,0,0,1,0,0,NA,4 6,0,0,0,1,0,1,0,0,0,0,NA,4,2,3,4,1,3,2,2,2 4 5 11,0,1,0,1,1,0,0,0,0,0,1,0,0,NA,3,2,NA,1 2 3 4 5 9 10,1,1,1,1,1,0,0,0,1,1,0,0,0,NA,2,4,4,4,4,4,2,4,4,2,5,5,3,3,5,5,2,4,1,1 2,1,1,0,0,0,0,0,0,NA,4,4,4,2,2,3,5,5,2,5,2,2,NA,1,1,1,1,4,1 2 3,1,1,1,0,0,NA,2,NA,0,0,0,1,0,0,0,1,1,0,0,NA,1,1,1,1,4,1,2,2,2,3,2,3,2,1,2,3,3,3,4 8,0,0,0,1,0,0,0,1,0,0,0,3,1,4,4,3,4,3,3,3,1,5,4,4,3,4,4,1,4,4,4,4,4,2 4,0,1,0,1,0,0,0,NA,0,NA,NA,NA,NA,NA,NA,NA,NA,NA,1 4,1,0,0,1,0,0,0,0,0,NA,32,NA,13000,-,uuid:414e6553-c06c-447b-a41c-49dafb0343ff,2512040829,uuid:414e6553-c06c-447b-a41c-49dafb0343ff,NA,NA,NA,NA,NA,NA,NA,NA,NA,NA
900026,S0901070092,HARARI,Harari,aboker,kelad amba no.2,Urban,"12/10/2025, 6:02:30 PM","12/10/2025, 9:01:50 AM","12/10/2025, 9:35:37 AM",12/10/2025,b069b6a079b16d18,1,T32601,NA,female,5 6,0,0,0,0,1,1,0,0,0,97,0,0,0,1,አካባቢ ሳይንስ,6,NA,3,NA,1,NA,1997,2015,3,1,1,3,1,1,0,0,0,0,0,0,NA,1,NA,5 6,0,0,0,0,1,1,0,NA,1,1 2 3,1,1,1,0,0,0,NA,1 4 5,1,0,0,1,1,0,0,0,0,0,NA,4 7,0,0,0,1,0,0,1,0,0,0,NA,4 6,0,0,0,1,0,1,0,0,0,0,NA,3,3,3,1,1,2,1,1,4 6 7,0,0,0,1,0,1,1,0,0,0,0,0,0,NA,3,2,NA,1 2 8,1,1,0,0,0,0,0,1,0,0,0,0,0,NA,4,4,4,4,4,4,4,4,4,4,5,5,5,5,5,5,1,1,1,2 5,0,1,0,0,1,0,0,0,NA,4,4,4,4,3,3,4,4,3,3,3,2,NA,4,4,3,1,3,2,0,1,0,0,0,NA,1,NA,1,0,0,0,0,0,0,1,1,0,0,NA,1,1,1,1,4,1,1,2,2,2,2,2,3,3,3,3,3,3,4 11,0,0,0,1,0,0,0,0,0,0,1,4,1,4,4,1,4,2,3,3,1,10,3,4,4,4,4,1,4,4,4,4,4,4,0,0,0,1,0,0,0,NA,1,1,2,3,3,2,2,3,3,የለም,8,0,0,0,0,0,0,0,1,0,NA,38,NA,14000,የለም,uuid:92b2f251-81de-4b3c-83c1-75af66666d13,2512040829,uuid:92b2f251-81de-4b3c-83c1-75af66666d13,NA,NA,NA,NA,NA,NA,NA,NA,NA,NA
900026,S0901070092,HARARI,Harari,aboker,kelad amba no.2,Urban,"12/10/2025, 6:02:30 PM","12/10/2025, 9:39:13 AM","12/10/2025, 10:06:00 AM",12/10/2025,b069b6a079b16d18,1,T32602,NA,female,2,0,1,0,0,0,0,0,0,0,97,0,0,0,1,ሰነ ጥበብ,5,NA,5,NA,1,NA,1997,2014,5,0,NA,NA,1 2,1,1,0,0,0,0,0,NA,2,NA,6,0,0,0,0,0,1,0,NA,1,2 3,0,1,1,0,0,0,NA,3 4,0,0,1,1,0,0,0,0,0,0,NA,8 97,0,0,0,0,0,0,0,1,1,0,ሰነ ምግባር,4 6,0,0,0,1,0,1,0,0,0,0,NA,4,4,4,4,1,1,1,1,5 6 7,0,0,0,0,1,1,1,0,0,0,0,0,0,NA,3,2,NA,3 5 8 9,0,0,1,0,1,0,0,1,1,0,0,0,0,NA,4,4,4,3,3,3,4,4,4,4,4,4,5,5,5,4,1,1,1,2,0,1,0,0,0,0,0,0,NA,4,3,3,2,2,3,4,4,4,4,4,1,NA,2,2,2,2,3,2 4,0,1,0,1,0,NA,1,NA,0,0,0,1,1,1,1,1,1,1,0,NA,1,1,1,1,4,1,1,3,2,2,3,3,1,1,2,3,3,3,1 3,1,0,1,0,0,0,0,0,0,0,0,3,1,4,4,1,4,4,2,2,4,7,2,4,3,3,4,3,4,4,4,4,4,3 4,0,0,1,1,0,0,0,NA,0,NA,NA,NA,NA,NA,NA,NA,NA,NA,7,0,0,0,0,0,0,1,0,0,NA,45,NA,15500,የአስተማሪዊ በባህሪ ና የአስተዳደር ላይ ያሉ ሰዌች የሰውን ችግር አለ መረዳት,uuid:ec12c328-88d6-4d68-acdd-eb5e4ea7da59,2512040829,uuid:ec12c328-88d6-4d68-acdd-eb5e4ea7da59,NA,NA,NA,NA,NA,NA,NA,NA,NA,NA
900026,S0901070092,HARARI,Harari,aboker,kelad amba no.2,Urban,"12/10/2025, 7:37:54 PM","12/10/2025, 1:16:21 PM","12/10/2025, 2:00:09 PM",12/10/2025,3.58E+14,1,T32603,NA,male,5 6,0,0,0,0,1,1,0,0,0,97,0,0,0,1,Civics,4,NA,3,NA,1,NA,1992,2014,5,1,2017,2,2 5,0,1,0,0,1,0,0,NA,1,NA,2 6,0,1,0,0,0,1,0,NA,1,1 2 97,1,1,0,0,0,1,School education plan,1 2 3 4 5,1,1,1,1,1,0,0,0,0,0,NA,2 7,0,1,0,0,0,0,1,0,0,0,NA,2 4,0,1,0,1,0,0,0,0,0,0,NA,2,3,3,1,3,1,2,2,1 4 7,1,0,0,1,0,0,1,0,0,0,0,0,0,NA,3,2,NA,2 3 4 11,0,1,1,1,0,0,0,0,0,0,1,0,0,NA,3,4,4,4,4,4,3,4,4,4,4,4,4,5,5,5,3,4,1,2 4 5,0,1,0,1,1,0,0,0,NA,3,2,1,3,3,3,2,3,1,3,2,3,NA,1,1,1,1,4,1 2,1,1,0,0,0,NA,2,NA,0,1,0,0,0,0,0,1,1,0,0,NA,1,1,3,1,1,1,1,2,2,2,1,3,2,2,1,2,1,1,1 4,1,0,0,1,0,0,0,0,0,0,0,1,1,4,4,1,4,1,2,3,2,8,3,4,1,4,4,2,4,4,3,3,4,97,0,0,0,0,0,0,1,Completing degree program,1,3,3,3,1,3,2,3,3,-,6,0,0,0,0,0,1,0,0,0,NA,48,NA,15500,_,uuid:a749156c-53a7-4630-83c5-4dec895b2ec6,2512040829,uuid:a749156c-53a7-4630-83c5-4dec895b2ec6,NA,NA,NA,NA,NA,NA,NA,NA,NA,NA
900040,S0901080062,HARARI,Harari,amir nur,sena,Urban,"12/5/2025, 7:59:54 PM","12/5/2025, 2:27:35 PM","12/5/2025, 3:28:06 PM",12/5/2025,b069b6a079b16d18,1,T10103,NA,female,5 6,0,0,0,0,1,1,0,0,0,97,0,0,0,1,ግብረገብ,6,NA,2,NA,1,NA,2009,2017,3,1,1,3,1 3,1,0,1,0,0,0,0,NA,2,NA,5 6,0,0,0,0,1,1,0,NA,1,1 2 3,1,1,1,0,0,0,NA,1 2 3 7,1,1,1,0,0,0,1,0,0,0,NA,4 7,0,0,0,1,0,0,1,0,0,0,NA,4 6,0,0,0,1,0,1,0,0,0,0,NA,2,2,3,1,3,1,2,2,6 7,0,0,0,0,0,1,1,0,0,0,0,0,0,NA,3,2,NA,2 8 9 11,0,1,0,0,0,0,0,1,1,0,1,0,0,NA,4,4,4,4,3,3,4,2,2,3,5,5,5,5,4,5,2,1,2,2 5,0,1,0,0,1,0,0,0,NA,2,4,3,2,2,2,3,2,2,4,2,2,NA,3,4,4,1,3,2 4,0,1,0,1,0,NA,3,NA,0,0,0,0,0,0,0,1,1,0,0,NA,1,1,1,1,4,3,1,3,3,3,3,3,3,3,3,3,3,3,2 5,0,1,0,0,1,0,0,0,0,0,0,4,2,4,4,4,4,4,2,3,2,8,3,4,4,4,4,3,4,4,2,4,4,4,0,0,0,1,0,0,0,NA,1,1,2,2,2,2,2,2,3,የለሞ,3 8,0,0,1,0,0,0,0,1,0,NA,30,NA,19000,የለም,uuid:617332d5-4b7e-47f1-beff-968b3fe9ce5d,2512040829,uuid:617332d5-4b7e-47f1-beff-968b3fe9ce5d,NA,NA,NA,NA,NA,NA,NA,NA,NA,NA
900040,S0901080062,HARARI,Harari,amir nur,sena,Urban,"12/5/2025, 8:36:13 PM","12/5/2025, 10:56:15 AM","12/5/2025, 11:43:46 AM",12/5/2025,3.58E+14,1,T10101,NA,female,3 4,0,0,1,1,0,0,0,0,0,1,1,0,0,0,NA,3,NA,5,NA,1,NA,2008,2008,1,1,3,3,1,1,0,0,0,0,0,0,NA,1,NA,3 6,0,0,1,0,0,1,0,NA,1,1 3,1,0,1,0,0,0,NA,1 3 4 5 97,1,0,1,1,1,0,0,0,0,1,Supporting special need students,2 4,0,1,0,1,0,0,0,0,0,0,NA,4 6,0,0,0,1,0,1,0,0,0,0,NA,4,4,4,2,4,4,3,3,1 2 4 8 9 11,1,1,0,1,0,0,0,1,1,0,1,0,0,NA,4,3,NA,1 2 3 4 5 8 9 10,1,1,1,1,1,0,0,1,1,1,0,0,0,NA,4,4,4,4,4,4,4,4,4,4,5,5,5,5,5,5,1,1,1,2 5,0,1,0,0,1,0,0,0,NA,4,4,3,4,4,4,5,4,2,4,5,2,NA,1,1,3,1,4,1 2 3 4,1,1,1,1,0,NA,1,NA,0,0,0,0,0,0,0,0,0,0,0,NA,3,3,1,1,4,1,3,3,2,3,3,3,2,2,3,3,3,3,3 4,0,0,1,1,0,0,0,0,0,0,0,3,1,3,4,3,4,1,3,3,1,9,4,4,1,4,4,1,4,4,4,4,4,2 4,0,1,0,1,0,0,0,NA,0,NA,NA,NA,NA,NA,NA,NA,NA,NA,6 7,0,0,0,0,0,1,1,0,0,NA,31,NA,11600,None,uuid:a31c57b8-e056-4b91-b5c9-ee9cec68399f,2512040829,uuid:a31c57b8-e056-4b91-b5c9-ee9cec68399f,NA,NA,NA,NA,NA,NA,NA,NA,NA,NA
900040,S0901080062,HARARI,Harari,amir nur,sena,Urban,"12/5/2025, 8:36:13 PM","12/5/2025, 11:46:34 AM","12/5/2025, 12:48:46 PM",12/5/2025,3.58E+14,1,T10102,NA,male,1 2,1,1,0,0,0,0,0,0,0,1,1,0,0,0,NA,1,NA,3,NA,1,NA,2014,2017,2,0,NA,NA,1 2 5,1,1,0,0,1,0,0,NA,1,NA,6,0,0,0,0,0,1,0,NA,1,1 2,1,1,0,0,0,0,NA,2 4 6,0,1,0,1,0,1,0,0,0,0,NA,4 6,0,0,0,1,0,1,0,0,0,0,NA,4 97,0,0,0,1,0,0,0,0,1,0,Experience share (knowledge),4,4,4,4,4,4,3,3,1 4 8 9 11,1,0,0,1,0,0,0,1,1,0,1,0,0,NA,4,2,NA,1 2 3 4 5 7 8,1,1,1,1,1,0,1,1,0,0,0,0,0,NA,4,3,4,4,4,4,4,4,4,4,5,5,5,4,5,5,1,1,1,2 5,0,1,0,0,1,0,0,0,NA,4,4,4,4,4,4,5,5,2,2,4,2,NA,4,4,4,1,4,2 3 4,0,1,1,1,0,NA,1,NA,1,1,0,1,1,0,0,1,0,1,0,NA,3,1,1,3,4,4,2,2,2,2,1,2,2,3,3,3,3,2,1 7,1,0,0,0,0,0,1,0,0,0,0,3,1,4,4,1,2,4,3,3,1,10,3,4,4,3,3,1,4,4,4,3,3,2 4,0,1,0,1,0,0,0,NA,1,1,3,3,1,3,3,3,2,_,4,0,0,0,1,0,0,0,0,0,NA,26,NA,9920,"Transport problem  ,Library shortage",uuid:e654baa9-e722-4098-995d-39dc8c2dd28a,2512040829,uuid:e654baa9-e722-4098-995d-39dc8c2dd28a,NA,NA,NA,NA,NA,NA,NA,NA,NA,NA
1101780,S1002090012,ADDIS ABABA,Akaki-Kaliti,Woreda 9,kilinto no 1,Urban,"12/16/2025, 4:55:24 PM","12/16/2025, 10:38:22 AM","12/16/2025, 11:11:58 AM",12/16/2025,3.58E+14,1,T301,NA,female,7,0,0,0,0,0,0,1,0,0,1,1,0,0,0,NA,4,NA,5,NA,1,NA,1995,2015,4,1,3,3,5,0,0,0,0,1,0,0,NA,1,NA,2 6,0,1,0,0,0,1,0,NA,1,1 2 3 97,1,1,1,0,0,1,School departments,1 4 7,1,0,0,1,0,0,1,0,0,0,NA,2 4,0,1,0,1,0,0,0,0,0,0,NA,4 6,0,0,0,1,0,1,0,0,0,0,NA,4,4,4,2,3,3,3,3,1 4 8 10 11 12,1,0,0,1,0,0,0,1,0,1,1,1,0,Level students as per their performance from top to lower,4,2,NA,1 2 3 4 5 7 8 9 10,1,1,1,1,1,0,1,1,1,1,0,0,0,NA,4,4,4,4,4,4,4,4,4,4,5,5,5,5,4,5,1,2,1,2 5,0,1,0,0,1,0,0,0,NA,4,3,4,4,4,4,5,4,3,4,5,2,NA,1,3,4,1,4,2 3,0,1,1,0,0,NA,2,NA,0,0,0,0,0,0,0,0,0,0,0,NA,3,1,1,1,4,1,1,3,3,3,3,3,2,3,3,3,3,3,1 4,1,0,0,1,0,0,0,0,0,0,0,1,1,4,4,1,4,1,3,3,4,8,3,4,1,4,4,1,4,4,4,4,4,6,0,0,0,0,0,1,0,NA,0,NA,NA,NA,NA,NA,NA,NA,NA,NA,3 4,0,0,1,1,0,0,0,0,0,NA,46,NA,18000,_,uuid:22544aec-bcb1-4906-a8ef-e351ff1fdc91,2512142209,uuid:22544aec-bcb1-4906-a8ef-e351ff1fdc91,NA,NA,NA,NA,NA,NA,NA,NA,NA,NA
1101780,S1002090012,ADDIS ABABA,Akaki-Kaliti,Woreda 9,kilinto no 1,Urban,"12/16/2025, 4:55:24 PM","12/16/2025, 12:25:47 PM","12/16/2025, 12:58:29 PM",12/16/2025,3.58E+14,1,T303,NA,male,2,0,1,0,0,0,0,0,0,0,97,0,0,0,1,-,4,NA,5,NA,1,NA,2000,2000,1,0,NA,NA,1 2 5,1,1,0,0,1,0,0,NA,1,NA,2 6,0,1,0,0,0,1,0,NA,1,1 2,1,1,0,0,0,0,NA,1 4 6,1,0,0,1,0,1,0,0,0,0,NA,4 6,0,0,0,1,0,1,0,0,0,0,NA,4 5,0,0,0,1,1,0,0,0,0,0,NA,3,3,3,3,3,3,3,3,12,0,0,0,0,0,0,0,0,0,0,0,1,0,Continues assessment,4,2,NA,1 2 3 4 6 7 8 9 10,1,1,1,1,0,1,1,1,1,1,0,0,0,NA,4,4,3,1,3,3,2,3,3,3,5,3,5,5,5,5,3,4,1,2,0,1,0,0,0,0,0,0,NA,4,4,4,4,4,4,5,4,4,5,4,2,NA,1,1,1,1,4,1 2,1,1,0,0,0,NA,2,NA,0,0,0,0,0,0,0,1,1,0,0,NA,1,1,1,1,4,1,1,1,1,1,1,1,1,1,1,1,1,1,1 6,1,0,0,0,0,1,0,0,0,0,0,1,1,1,3,2,4,1,3,3,4,8,3,4,1,1,4,1,4,4,4,4,4,2 4,0,1,0,1,0,0,0,NA,1,2,2,3,2,3,3,3,3,-,4 7,0,0,0,1,0,0,1,0,0,NA,37,NA,17000,-,uuid:22bced91-ac31-411a-8a5d-a2f062305214,2512142209,uuid:22bced91-ac31-411a-8a5d-a2f062305214,NA,NA,NA,NA,NA,NA,NA,NA,NA,NA
1101780,S1002090012,ADDIS ABABA,Akaki-Kaliti,Woreda 9,kilinto no 1,Urban,"12/17/2025, 3:37:37 PM","12/16/2025, 11:43:24 AM","12/16/2025, 12:24:50 PM",12/16/2025,3.58E+14,1,T302,NA,female,1,1,0,0,0,0,0,0,0,0,1,1,0,0,0,NA,4,NA,3,NA,0,NA,2008,2008,1,0,NA,NA,5,0,0,0,0,1,0,0,NA,1,NA,2 6,0,1,0,0,0,1,0,NA,1,3 97,0,0,1,0,0,1,Department,1 4 7,1,0,0,1,0,0,1,0,0,0,NA,2 4,0,1,0,1,0,0,0,0,0,0,NA,4 8,0,0,0,1,0,0,0,1,0,0,NA,3,3,3,3,3,3,3,3,2 4 6 7 8 9 11,0,1,0,1,0,1,1,1,1,0,1,0,0,NA,4,2,NA,1 2 3 4 5 8 10,1,1,1,1,1,0,0,1,0,1,0,0,0,NA,3,3,4,3,3,3,4,4,3,4,4,4,5,5,5,5,1,3,1,1 2 5,1,1,0,0,1,0,0,0,NA,4,4,4,4,4,4,4,5,5,5,5,2,NA,1,1,1,1,4,1 2,1,1,0,0,0,NA,2,NA,1,1,0,0,1,1,0,1,0,0,0,NA,1,1,1,1,4,1,1,1,1,1,1,1,1,1,1,1,1,3,1 3,1,0,1,0,0,0,0,0,0,0,0,3,1,2,3,1,4,1,1,1,4,10,3,4,1,1,4,3,4,4,4,4,4,1 4,1,0,0,1,0,0,0,NA,1,3,1,3,3,3,3,3,3,-,4,0,0,0,1,0,0,0,0,0,NA,31,NA,16300,_,uuid:2712fe4b-bf61-43f6-a450-1b7198e9c0e3,2512142209,uuid:2712fe4b-bf61-43f6-a450-1b7198e9c0e3,NA,NA,NA,NA,NA,NA,NA,NA,NA,NA
1101426,S1007130252,ADDIS ABABA,Addis Ketema,Woreda 12,BISRAT,Urban,"12/15/2025, 3:30:48 PM","12/12/2025, 9:57:05 AM","12/15/2025, 3:28:03 PM",12/12/2025,3.58E+14,1,T201,NA,female,4,0,0,0,1,0,0,0,0,0,2,0,1,0,0,NA,3,NA,3,NA,1,NA,2012,2012,1,1,4,3,5,0,0,0,0,1,0,0,NA,1,NA,2 6 97,0,1,0,0,0,1,1,The previous teacher will hold two class,1,1 2 97,1,1,0,0,0,1,Including Cascad from educational  bureau,1 2 3 4 97,1,1,1,1,0,0,0,0,0,1,Including students discipline,1 2,1,1,0,0,0,0,0,0,0,0,NA,4 7,0,0,0,1,0,0,1,0,0,0,NA,4,4,4,3,3,3,3,2,1 2 4 5 11,1,1,0,1,1,0,0,0,0,0,1,0,0,NA,3,2,NA,1 2 3 4 5 9 11,1,1,1,1,1,0,0,0,1,0,1,0,0,NA,3,4,4,4,4,4,4,3,3,4,3,4,5,5,5,5,2,4,1,1 2 5,1,1,0,0,1,0,0,0,NA,4,4,4,4,4,4,2,5,2,5,5,3,NA,1,3,3,1,4,1 2 4,1,1,0,1,0,NA,3,NA,0,0,0,0,1,0,0,0,0,0,0,NA,3,3,3,1,4,1,1,1,2,3,3,1,2,3,3,1,2,3,2 3,0,1,1,0,0,0,0,0,0,0,0,1,1,4,4,4,4,1,3,1,4,10,4,4,3,4,3,1,4,4,4,4,4,4,0,0,0,1,0,0,0,NA,0,NA,NA,NA,NA,NA,NA,NA,NA,NA,4 8,0,0,0,1,0,0,0,1,0,NA,30,NA,12000,Approaching inexperienced vic principals previously,uuid:89b14d90-9f58-485a-886a-2097d2519b47,2512111014,uuid:89b14d90-9f58-485a-886a-2097d2519b47,NA,NA,NA,NA,NA,NA,NA,NA,NA,NA
1101426,S1007130252,ADDIS ABABA,Addis Ketema,Woreda 12,BISRAT,Urban,"12/15/2025, 3:30:49 PM","12/12/2025, 11:08:56 AM","12/15/2025, 3:27:43 PM",12/12/2025,3.58E+14,1,T202,NA,female,2,0,1,0,0,0,0,0,0,0,2,0,1,0,0,NA,3,NA,3,NA,1,NA,2011,2011,1,1,2,3,1 2 5,1,1,0,0,1,0,0,NA,1,NA,2 6,0,1,0,0,0,1,0,NA,1,1 2 3,1,1,1,0,0,0,NA,1 2 3 4 5 6 7 8,1,1,1,1,1,1,1,1,0,0,NA,4 5,0,0,0,1,1,0,0,0,0,0,NA,4 8,0,0,0,1,0,0,0,1,0,0,NA,4,4,4,2,4,2,4,2,1 2 4 9 11,1,1,0,1,0,0,0,0,1,0,1,0,0,NA,4,2,NA,1 2 3 4 5 7 8 9 10 11,1,1,1,1,1,0,1,1,1,1,1,0,0,NA,4,4,4,4,4,4,4,4,4,4,5,5,5,5,5,5,2,3,1,2 5,0,1,0,0,1,0,0,0,NA,3,3,4,4,3,3,5,5,1,5,5,2,NA,1,3,1,1,4,2 4,0,1,0,1,0,NA,2,NA,0,0,0,0,0,0,0,0,1,0,0,NA,1,1,1,1,4,1,1,3,3,3,3,3,3,3,3,3,3,3,5 7,0,0,0,0,1,0,1,0,0,0,0,1,1,3,1,3,4,1,3,3,4,10,4,4,1,4,4,1,4,4,4,4,4,1,1,0,0,0,0,0,0,NA,0,NA,NA,NA,NA,NA,NA,NA,NA,NA,4 6,0,0,0,1,0,1,0,0,0,NA,27,NA,13000,-,uuid:11547881-a5d9-47aa-8df5-8368bdc7c528,2512111014,uuid:11547881-a5d9-47aa-8df5-8368bdc7c528,NA,NA,NA,NA,NA,NA,NA,NA,NA,NA
1101426,S1007130252,ADDIS ABABA,Addis Ketema,Woreda 12,BISRAT,Urban,"12/15/2025, 3:30:50 PM","12/15/2025, 11:23:57 AM","12/15/2025, 3:27:24 PM",12/15/2025,3.58E+14,1,T203,NA,male,7,0,0,0,0,0,0,1,0,0,97,0,0,0,1,General science,4,NA,5,NA,1,NA,2007,2011,3,0,NA,NA,5,0,0,0,0,1,0,0,NA,1,NA,2 6,0,1,0,0,0,1,0,NA,1,2 3,0,1,1,0,0,0,NA,1 3 5 7,1,0,1,0,1,0,1,0,0,0,NA,2 4,0,1,0,1,0,0,0,0,0,0,NA,3 4,0,0,1,1,0,0,0,0,0,0,NA,3,3,3,3,1,2,3,3,1 4 8 9 11,1,0,0,1,0,0,0,1,1,0,1,0,0,NA,4,3,NA,1 3 5 6 7 8 9,1,0,1,0,1,1,1,1,1,0,0,0,0,NA,4,4,3,3,3,4,4,4,4,4,5,4,5,5,5,5,1,3,1,2 5,0,1,0,0,1,0,0,0,NA,4,4,4,4,4,4,5,5,2,5,5,2,NA,3,3,3,1,4,1 2 4,1,1,0,1,0,NA,1,NA,0,0,0,1,1,0,0,0,1,0,0,NA,1,1,3,1,4,1,1,3,3,3,3,3,2,2,3,3,3,3,1 3,1,0,1,0,0,0,0,0,0,0,0,1,1,1,2,1,4,1,3,3,4,10,4,4,3,3,4,1,4,4,4,4,4,4,0,0,0,1,0,0,0,NA,0,NA,NA,NA,NA,NA,NA,NA,NA,NA,4 5,0,0,0,1,1,0,0,0,0,NA,35,NA,15000,-,uuid:ac7a1ccb-a38c-4c6b-a574-cbd152946e4e,2512111014,uuid:ac7a1ccb-a38c-4c6b-a574-cbd152946e4e,NA,NA,NA,NA,NA,NA,NA,NA,NA,NA
1103302,S1008010052,ADDIS ABABA,Lideta,Woreda 1,Lideta Selam,Urban,"12/18/2025, 6:43:16 PM","12/18/2025, 10:42:40 AM","12/18/2025, 11:21:09 AM",12/18/2025,3.58E+14,1,T103,NA,female,2,0,1,0,0,0,0,0,0,0,1,1,0,0,0,NA,4,NA,5,NA,1,NA,2006,2007,2,1,3,3,1 2 5,1,1,0,0,1,0,0,NA,1,NA,2 97,0,1,0,0,0,0,1,Students will play,1,1 2 4,1,1,0,1,0,0,NA,1 2 3 4 5 6 7 8,1,1,1,1,1,1,1,1,0,0,NA,4 5,0,0,0,1,1,0,0,0,0,0,NA,1 8,1,0,0,0,0,0,0,1,0,0,NA,3,3,3,2,3,3,3,3,1 2 3 4 6 7 8 9 11,1,1,1,1,0,1,1,1,1,0,1,0,0,NA,4,97,Both in person and group,1 2 3 4 5 7 8 9 10 11,1,1,1,1,1,0,1,1,1,1,1,0,0,NA,3,4,4,4,4,4,4,4,4,4,5,5,5,5,5,5,1,1,1,2 5,0,1,0,0,1,0,0,0,NA,4,4,4,4,4,4,4,5,3,5,5,2,NA,1,2,2,1,4,1 2 4,1,1,0,1,0,NA,2,NA,0,0,0,0,0,0,0,0,0,0,0,NA,1,1,1,1,4,1,1,3,3,3,3,3,3,3,3,3,3,3,1 7,1,0,0,0,0,0,1,0,0,0,0,1,1,1,3,1,1,1,1,1,4,9,4,4,1,3,3,1,4,4,4,4,4,4,0,0,0,1,0,0,0,NA,0,NA,NA,NA,NA,NA,NA,NA,NA,NA,3 4,0,0,1,1,0,0,0,0,0,NA,32,NA,15000,-,uuid:565fed86-ef51-4696-a9b8-1c0d658ccdd4,2512142209,uuid:565fed86-ef51-4696-a9b8-1c0d658ccdd4,NA,NA,NA,NA,NA,NA,NA,NA,NA,NA
1103302,S1008010052,ADDIS ABABA,Lideta,Woreda 1,Lideta Selam,Urban,"12/18/2025, 6:43:17 PM","12/18/2025, 10:05:03 AM","12/18/2025, 10:41:55 AM",12/18/2025,3.58E+14,1,T102,NA,male,8,0,0,0,0,0,0,0,1,0,1,1,0,0,0,NA,6,NA,5,NA,1,NA,2000,2012,3,1,2,2,5,0,0,0,0,1,0,0,NA,1,NA,6 97,0,0,0,0,0,1,1,Library,1,1 2 4,1,1,0,1,0,0,NA,1 2 3 4 5 6 7 8,1,1,1,1,1,1,1,1,0,0,NA,1 4 98,1,0,0,1,0,0,0,0,0,1,NA,4 6,0,0,0,1,0,1,0,0,0,0,NA,3,3,3,2,3,3,3,3,1 2 3 4 7 8 9 11,1,1,1,1,0,0,1,1,1,0,1,0,0,NA,4,2,NA,1 2 3 4 5 6 7 8 10 11,1,1,1,1,1,1,1,1,0,1,1,0,0,NA,4,4,4,4,4,4,4,4,4,4,5,5,5,5,5,5,2,3,1,2 5,0,1,0,0,1,0,0,0,NA,4,4,4,4,4,4,5,5,3,5,5,97,"Assign based on school performance or placement (top ,middle and lower )",3,3,3,1,4,1 2,1,1,0,0,0,NA,2,NA,0,0,0,0,1,0,0,1,1,0,0,NA,1,1,1,1,4,1,1,1,2,1,3,3,1,1,3,3,3,3,1 3,1,0,1,0,0,0,0,0,0,0,0,2,1,4,4,1,4,1,3,3,4,10,2,4,1,4,4,1,4,4,4,4,4,4,0,0,0,1,0,0,0,NA,1,3,3,3,1,3,3,3,3,_,3 4,0,0,1,1,0,0,0,0,0,NA,47,NA,15000,-,uuid:6a94accf-6062-4b28-b75d-69e033d042ab,2512142209,uuid:6a94accf-6062-4b28-b75d-69e033d042ab,NA,NA,NA,NA,NA,NA,NA,NA,NA,NA
1103302,S1008010052,ADDIS ABABA,Lideta,Woreda 1,Lideta Selam,Urban,"12/18/2025, 6:43:19 PM","12/18/2025, 9:30:23 AM","12/18/2025, 10:04:49 AM",12/18/2025,3.58E+14,1,T101,NA,female,4,0,0,0,1,0,0,0,0,0,97,0,0,0,1,Civics,7,NA,5,NA,1,NA,1999,2008,2,1,3,3,5,0,0,0,0,1,0,0,NA,1,NA,2 6,0,1,0,0,0,1,0,NA,1,1 2,1,1,0,0,0,0,NA,1 2 3 4 5 6 7 8,1,1,1,1,1,1,1,1,0,0,NA,2 5,0,1,0,0,1,0,0,0,0,0,NA,4 6,0,0,0,1,0,1,0,0,0,0,NA,3,3,3,2,2,3,3,3,1 7 11,1,0,0,0,0,0,1,0,0,0,1,0,0,NA,4,2,NA,1 2 3 4 5 7 8 9 10,1,1,1,1,1,0,1,1,1,1,0,0,0,NA,4,3,4,4,4,4,4,4,4,4,4,3,5,5,5,5,1,3,1,2 5,0,1,0,0,1,0,0,0,NA,4,4,3,4,3,4,5,3,3,4,5,3,NA,3,3,3,1,4,1 2,1,1,0,0,0,NA,1,NA,0,0,0,0,0,0,0,1,0,0,0,NA,1,1,1,1,4,1,1,1,2,3,3,3,1,1,1,1,3,3,1 4,1,0,0,1,0,0,0,0,0,0,0,3,1,3,1,1,4,1,3,3,4,8,3,4,1,4,4,3,4,4,4,4,4,4,0,0,0,1,0,0,0,NA,1,3,2,3,1,2,3,3,3,-,4 7,0,0,0,1,0,0,1,0,0,NA,30,NA,18000,-,uuid:8ea09cfc-5c89-472d-8792-fda79204c4ca,2512142209,uuid:8ea09cfc-5c89-472d-8792-fda79204c4ca,NA,NA,NA,NA,NA,NA,NA,NA,NA,NA
1000236,S1111070022,DIRE DAWA,Dire Dawa,kebele 07,haji mahammed abdullahi oksade,Urban,"12/4/2025, 6:14:35 PM","12/4/2025, 9:10:15 AM","12/4/2025, 6:13:09 PM",12/4/2025,b069b6a079b16d18,1,T8001,NA,female,1 2,1,1,0,0,0,0,0,0,0,1,1,0,0,0,NA,6,NA,3,NA,0,NA,1999,2018,3,1,2,3,1 2,1,1,0,0,0,0,0,NA,97,በትሞህርት ደረጃ,5 6,0,0,0,0,1,1,0,NA,1,3,0,0,1,0,0,0,NA,1,1,0,0,0,0,0,0,0,0,0,NA,1 4,1,0,0,1,0,0,0,0,0,0,NA,1 7,1,0,0,0,0,0,1,0,0,0,NA,3,4,2,1,3,2,1,1,5,0,0,0,0,1,0,0,0,0,0,0,0,0,NA,4,2,NA,1 3 4,1,0,1,1,0,0,0,0,0,0,0,0,0,NA,4,4,4,4,4,4,4,4,4,4,4,5,3,5,3,5,1,1,1,2 5,0,1,0,0,1,0,0,0,NA,4,4,2,2,2,2,2,5,1,5,4,1,NA,2,3,4,3,2,1 4,1,0,0,1,0,NA,3,NA,0,0,0,0,0,0,0,1,1,0,0,NA,3,4,1,4,4,4,1,3,2,2,2,2,2,2,2,2,3,2,7 8,0,0,0,0,0,0,1,1,0,0,0,4,1,4,4,4,4,1,2,3,1,10,4,4,1,3,4,1,4,4,4,3,3,1 2,1,1,0,0,0,0,0,NA,0,NA,NA,NA,NA,NA,NA,NA,NA,NA,3 5,0,0,1,0,1,0,0,0,0,NA,42,NA,17000,የመፃሀፍ እጥረት,uuid:3ba3d500-2c7a-4f5b-9025-4bc12b7f409d,2512040829,uuid:3ba3d500-2c7a-4f5b-9025-4bc12b7f409d,NA,NA,NA,NA,NA,NA,NA,NA,NA,NA
1000236,S1111070022,DIRE DAWA,Dire Dawa,kebele 07,haji mahammed abdullahi oksade,Urban,"12/4/2025, 6:14:35 PM","12/4/2025, 2:17:15 PM","12/4/2025, 6:13:16 PM",12/4/2025,b069b6a079b16d18,1,T8003,NA,male,6 7 8,0,0,0,0,0,1,1,1,0,1,1,0,0,0,NA,7,NA,5,NA,1,NA,1989,2013,6,1,4,3,2 3,0,1,1,0,0,0,0,NA,97,በትምህርት ደረጃ,6,0,0,0,0,0,1,0,NA,1,1 3,1,0,1,0,0,0,NA,1 4,1,0,0,1,0,0,0,0,0,0,NA,4 6,0,0,0,1,0,1,0,0,0,0,NA,3 8,0,0,1,0,0,0,0,1,0,0,NA,2,4,3,2,1,1,1,1,5,0,0,0,0,1,0,0,0,0,0,0,0,0,NA,3,4,NA,2 7 10,0,1,0,0,0,0,1,0,0,1,0,0,0,NA,4,4,4,3,4,4,4,4,3,4,5,5,5,5,5,5,1,1,1,2 5,0,1,0,0,1,0,0,0,NA,4,3,3,4,3,3,5,5,5,5,4,2,NA,4,4,3,1,3,2,0,1,0,0,0,NA,3,NA,1,1,0,0,0,1,0,0,1,1,0,NA,1,2,2,1,4,3,1,3,3,3,3,3,3,3,3,3,3,3,6 7,0,0,0,0,0,1,1,0,0,0,0,4,1,4,4,1,4,4,3,3,1,10,4,4,1,3,4,1,4,4,4,3,4,4,0,0,0,1,0,0,0,NA,0,NA,NA,NA,NA,NA,NA,NA,NA,NA,3 8,0,0,1,0,0,0,0,1,0,NA,39,NA,20000,የለም,uuid:5c76ca6d-f519-4d5a-b5cb-192d8d0f89e5,2512040829,uuid:5c76ca6d-f519-4d5a-b5cb-192d8d0f89e5,NA,NA,NA,NA,NA,NA,NA,NA,NA,NA
1000236,S1111070022,DIRE DAWA,Dire Dawa,kebele 07,haji mahammed abdullahi oksade,Urban,"12/4/2025, 7:17:04 PM","12/4/2025, 9:18:04 AM","12/4/2025, 10:32:00 AM",12/4/2025,3.58E+14,1,T8002,NA,male,3 4,0,0,1,1,0,0,0,0,0,97,0,0,0,1,Sport and sene megabare,4,NA,3,NA,1,NA,2000,2008,3,1,1,3,1 2 3 5,1,1,1,0,1,0,0,NA,1,NA,2 3 5 6,0,1,1,0,1,1,0,NA,1,1 2 3,1,1,1,0,0,0,NA,4 5 6 9,0,0,0,1,1,1,0,0,1,0,NA,4 8,0,0,0,1,0,0,0,1,0,0,NA,4 6,0,0,0,1,0,1,0,0,0,0,NA,4,3,3,2,3,2,3,4,1 2 4 6 7 11,1,1,0,1,0,1,1,0,0,0,1,0,0,NA,4,3,NA,1 2 3 4 5 6 7 8 9 10 11,1,1,1,1,1,1,1,1,1,1,1,0,0,NA,3,4,4,4,4,4,3,3,4,4,3,3,3,5,5,5,2,3,1,1 2 5,1,1,0,0,1,0,0,0,NA,2,3,2,3,2,2,2,5,4,5,4,2,NA,4,1,3,4,4,2 3 4,0,1,1,1,0,NA,1,NA,0,0,0,0,1,1,1,1,1,0,0,NA,3,3,2,1,4,1,1,3,3,2,2,3,1,2,1,3,2,3,4 6,0,0,0,1,0,1,0,0,0,0,0,3,3,4,4,3,3,4,3,2,1,8,4,4,4,3,4,3,4,4,2,4,4,2 4,0,1,0,1,0,0,0,NA,1,1,2,3,2,2,2,2,3,Xxx,1 8,1,0,0,0,0,0,0,1,0,NA,37,NA,19000,-,uuid:a821aa6f-4d95-481d-a3bd-f531377d5b53,2512040829,uuid:a821aa6f-4d95-481d-a3bd-f531377d5b53,NA,NA,NA,NA,NA,NA,NA,NA,NA,NA
1000025,S1111100032,DIRE DAWA,Dire Dawa,asaliso cluster,gorroo-dhertu,Rural,"12/14/2025, 7:50:06 AM","12/13/2025, 9:35:23 AM","12/13/2025, 10:05:16 AM",12/13/2025,b069b6a079b16d18,1,S7701,NA,female,3 4 5 6,0,0,1,1,1,1,0,0,0,1,1,0,0,0,NA,4,NA,2,NA,1,NA,2011,2015,2,0,NA,NA,1 2,1,1,0,0,0,0,0,NA,2,NA,6,0,0,0,0,0,1,0,NA,1,3,0,0,1,0,0,0,NA,1 3 4,1,0,1,1,0,0,0,0,0,0,NA,2 6,0,1,0,0,0,1,0,0,0,0,NA,4 8,0,0,0,1,0,0,0,1,0,0,NA,2,3,3,1,2,1,2,1,3 5 6,0,0,1,0,1,1,0,0,0,0,0,0,0,NA,1,2,NA,1 2 5,1,1,0,0,1,0,0,0,0,0,0,0,0,NA,4,4,4,4,4,4,4,3,3,4,5,5,5,5,5,5,1,2,1,2 5,0,1,0,0,1,0,0,0,NA,3,2,2,3,3,3,4,4,2,2,2,2,NA,3,3,3,1,4,2,0,1,0,0,0,NA,1,NA,0,0,0,1,0,0,0,1,0,0,0,NA,1,1,1,1,4,1,1,3,3,2,2,2,3,3,3,3,3,3,4 7,0,0,0,1,0,0,1,0,0,0,0,4,1,4,4,1,4,4,3,3,1,9,3,4,1,4,4,1,4,4,4,4,4,4,0,0,0,1,0,0,0,NA,0,NA,NA,NA,NA,NA,NA,NA,NA,NA,4 7,0,0,0,1,0,0,1,0,0,NA,25,NA,14180,ስልጠና ድጋፋ ቢኖር  የሰቶች ንጽህና ጉድለት ቢስቸካከል,uuid:512354f7-698c-4304-86f4-e2c7107d0d3b,2512111014,uuid:512354f7-698c-4304-86f4-e2c7107d0d3b,NA,NA,NA,NA,NA,NA,NA,NA,NA,NA
1000025,S1111100032,DIRE DAWA,Dire Dawa,asaliso cluster,gorroo-dhertu,Rural,"12/14/2025, 7:50:06 AM","12/13/2025, 10:06:06 AM","12/13/2025, 10:38:30 AM",12/13/2025,b069b6a079b16d18,1,S7702,NA,male,1 2,1,1,0,0,0,0,0,0,0,1,1,0,0,0,NA,6,NA,1,NA,1,NA,2004,2009,3,0,NA,NA,1 2,1,1,0,0,0,0,0,NA,2,NA,6,0,0,0,0,0,1,0,NA,1,3,0,0,1,0,0,0,NA,1 3,1,0,1,0,0,0,0,0,0,0,NA,1 5,1,0,0,0,1,0,0,0,0,0,NA,4 6,0,0,0,1,0,1,0,0,0,0,NA,1,2,2,1,1,1,1,1,4 5 7,0,0,0,1,1,0,1,0,0,0,0,0,0,NA,2,2,NA,1 3 8,1,0,1,0,0,0,0,1,0,0,0,0,0,NA,4,4,4,4,4,4,3,3,2,4,5,5,4,4,3,4,1,1,1,2 5,0,1,0,0,1,0,0,0,NA,2,2,2,3,3,3,4,4,4,4,4,1,NA,3,3,3,2,2,2,0,1,0,0,0,NA,1,NA,0,0,0,1,1,0,0,0,0,0,0,NA,1,1,1,1,4,1,1,3,2,1,2,1,2,2,2,2,2,2,1 3,1,0,1,0,0,0,0,0,0,0,0,1,1,4,4,3,4,4,2,2,1,10,4,4,2,4,4,1,4,4,4,4,4,2 4,0,1,0,1,0,0,0,NA,0,NA,NA,NA,NA,NA,NA,NA,NA,NA,4 7,0,0,0,1,0,0,1,0,0,NA,30,NA,15000,የለም,uuid:e89b5bee-d4c1-47e8-9b43-ab1db1e55e82,2512111014,uuid:e89b5bee-d4c1-47e8-9b43-ab1db1e55e82,NA,NA,NA,NA,NA,NA,NA,NA,NA,NA
1000025,S1111100032,DIRE DAWA,Dire Dawa,asaliso cluster,gorroo-dhertu,Rural,"12/14/2025, 7:50:07 AM","12/13/2025, 10:39:18 AM","12/13/2025, 11:00:47 AM",12/13/2025,b069b6a079b16d18,1,S7703,NA,male,5 6 7 8,0,0,0,0,1,1,1,1,0,97,0,0,0,1,ሳይንስ,4,NA,5,NA,1,NA,2004,2009,3,1,1,3,1 2,1,1,0,0,0,0,0,NA,2,NA,6,0,0,0,0,0,1,0,NA,1,3,0,0,1,0,0,0,NA,1 4,1,0,0,1,0,0,0,0,0,0,NA,1 4,1,0,0,1,0,0,0,0,0,0,NA,2 3,0,1,1,0,0,0,0,0,0,0,NA,3,4,3,2,2,1,1,1,4 5 6,0,0,0,1,1,1,0,0,0,0,0,0,0,NA,3,2,NA,2 5,0,1,0,0,1,0,0,0,0,0,0,0,0,NA,4,4,4,4,4,4,4,3,3,4,5,5,5,5,5,5,1,1,1,2 5,0,1,0,0,1,0,0,0,NA,2,2,2,3,3,3,4,4,4,4,4,1,NA,3,3,4,3,2,1 2,1,1,0,0,0,NA,1,NA,0,1,0,0,0,0,0,1,0,0,0,NA,1,1,1,1,4,1,1,3,3,3,3,3,3,3,3,3,3,3,2 3,0,1,1,0,0,0,0,0,0,0,0,4,1,4,4,4,4,1,3,3,2,10,4,4,1,4,4,1,4,4,3,4,4,2 4,0,1,0,1,0,0,0,NA,0,NA,NA,NA,NA,NA,NA,NA,NA,NA,6 7,0,0,0,0,0,1,1,0,0,NA,36,NA,16000,የለም,uuid:bd139ad4-6deb-465c-a620-088ce2b77526,2512111014,uuid:bd139ad4-6deb-465c-a620-088ce2b77526,NA,NA,NA,NA,NA,NA,NA,NA,NA,NA
1000419,S1111100062,DIRE DAWA,Dire Dawa,asaliso cluster,adiga felema,Rural,"12/19/2025, 1:47:08 PM","12/19/2025, 10:42:58 AM","12/19/2025, 12:31:59 PM",12/19/2025,b069b6a079b16d18,1,S7802,NA,male,7,0,0,0,0,0,0,1,0,0,1,1,0,0,0,NA,3,NA,3,NA,0,NA,2016,2016,1,0,NA,NA,3,0,0,1,0,0,0,0,NA,1,NA,6,0,0,0,0,0,1,0,NA,1,1,1,0,0,0,0,0,NA,2 4 5,0,1,0,1,1,0,0,0,0,0,NA,2 4,0,1,0,1,0,0,0,0,0,0,NA,4 8,0,0,0,1,0,0,0,1,0,0,NA,2,3,2,3,1,3,4,1,1 2 3 4 5 6 7 8 9 10 11 12,1,1,1,1,1,1,1,1,1,1,1,1,0,Akka mana barnoota keenyaa haaala qilleensa foyy'aa irraa jira akkasumaas bulchiin mana barnoota keenya yeroo bayyee leenjii gara garaa nuf kenna.,3,3,NA,2 3 6 8 10 11,0,1,1,0,0,1,0,1,0,1,1,0,0,NA,4,3,4,3,4,4,3,3,3,4,3,4,2,5,4,3,1,2,1,1 5,1,0,0,0,1,0,0,0,NA,3,2,3,3,4,3,3,4,3,3,4,5,NA,4,3,4,3,4,2,0,1,0,0,0,NA,2,NA,1,0,1,0,1,1,1,0,1,0,0,NA,3,2,3,4,3,4,3,3,1,3,3,3,2,3,3,3,2,3,1 5,1,0,0,0,1,0,0,0,0,0,0,3,3,4,3,3,3,3,1,2,4,10,3,3,4,4,4,3,3,4,2,3,3,1 3 4,1,0,1,1,0,0,0,NA,1,2,2,1,3,3,2,2,2,የለም,4 5,0,0,0,1,1,0,0,0,0,NA,22,NA,12254,Eeyyeen kan na mudataan muraasni ni jiru,uuid:44a459d4-eed9-4d88-ac52-002c2e41cd83,2512142209,uuid:44a459d4-eed9-4d88-ac52-002c2e41cd83,NA,NA,NA,NA,NA,NA,NA,NA,NA,NA
1000419,S1111100062,DIRE DAWA,Dire Dawa,asaliso cluster,adiga felema,Rural,"12/20/2025, 1:14:35 PM","12/19/2025, 9:40:55 AM","12/20/2025, 12:32:59 PM",12/19/2025,b069b6a079b16d18,1,T7803,NA,female,4 5 6,0,0,0,1,1,1,0,0,0,1,1,0,0,0,NA,3,NA,5,NA,1,NA,2005,2009,2,0,NA,NA,1 2,1,1,0,0,0,0,0,NA,2,NA,5 6,0,0,0,0,1,1,0,NA,1,2 3,0,1,1,0,0,0,NA,1 3 4,1,0,1,1,0,0,0,0,0,0,NA,2 3,0,1,1,0,0,0,0,0,0,0,NA,4 6,0,0,0,1,0,1,0,0,0,0,NA,4,4,4,4,1,1,1,1,4 5 6,0,0,0,1,1,1,0,0,0,0,0,0,0,NA,4,2,NA,2 7 8,0,1,0,0,0,0,1,1,0,0,0,0,0,NA,4,4,4,4,4,4,4,4,3,3,5,5,5,5,5,5,1,1,1,2 5,0,1,0,0,1,0,0,0,NA,4,2,2,2,2,3,3,4,3,4,4,1,NA,3,3,3,3,4,1 2,1,1,0,0,0,NA,1,NA,0,0,0,1,1,0,0,1,1,0,0,NA,2,2,1,1,4,1,1,3,3,3,3,3,3,3,3,3,3,3,3 6,0,0,1,0,0,1,0,0,0,0,0,2,1,4,4,4,4,4,3,3,2,10,4,4,1,3,4,1,4,4,4,4,4,4,0,0,0,1,0,0,0,NA,0,NA,NA,NA,NA,NA,NA,NA,NA,NA,1 4,1,0,0,1,0,0,0,0,0,NA,36,NA,16000,NA,uuid:5b9f5d4c-510e-4435-9fac-0193bf44a120,2512142209,uuid:5b9f5d4c-510e-4435-9fac-0193bf44a120,NA,NA,NA,NA,NA,NA,NA,NA,NA,NA
1000419,S1111100062,DIRE DAWA,Dire Dawa,asaliso cluster,adiga felema,Rural,"12/20/2025, 1:14:35 PM","12/19/2025, 11:40:40 AM","12/20/2025, 11:12:30 AM",12/19/2025,b069b6a079b16d18,1,T7801,NA,female,1,1,0,0,0,0,0,0,0,0,1,1,0,0,0,NA,3,NA,2,NA,1,NA,2011,2011,1,1,1,3,1 2,1,1,0,0,0,0,0,NA,2,NA,5 6,0,0,0,0,1,1,0,NA,1,3,0,0,1,0,0,0,NA,3 4 5,0,0,1,1,1,0,0,0,0,0,NA,2 4,0,1,0,1,0,0,0,0,0,0,NA,2 6,0,1,0,0,0,1,0,0,0,0,NA,3,3,3,3,1,1,1,1,5 6,0,0,0,0,1,1,0,0,0,0,0,0,0,NA,4,3,NA,2 5 8,0,1,0,0,1,0,0,1,0,0,0,0,0,NA,3,3,4,4,4,4,4,4,4,4,5,5,5,5,2,5,3,4,1,2 5,0,1,0,0,1,0,0,0,NA,3,3,3,4,4,4,3,4,3,4,4,2,NA,3,3,3,3,3,1 2,1,1,0,0,0,NA,1,NA,0,0,0,1,0,0,0,0,0,0,0,NA,4,4,4,4,4,4,4,3,3,3,3,3,3,3,3,3,3,3,2 3,0,1,1,0,0,0,0,0,0,0,0,4,4,4,4,4,4,4,2,3,1,10,4,4,4,3,4,1,4,4,4,4,4,4,0,0,0,1,0,0,0,NA,0,NA,NA,NA,NA,NA,NA,NA,NA,NA,1 4,1,0,0,1,0,0,0,0,0,NA,22,NA,14000,NA,uuid:381ea1a6-56d0-48d3-9873-58aad512c5e7,2512142209,uuid:381ea1a6-56d0-48d3-9873-58aad512c5e7,NA,NA,NA,NA,NA,NA,NA,NA,NA,NA
1000068,S1111120132,DIRE DAWA,Dire Dawa,biyo awale cluster,awale,Rural,"12/17/2025, 6:19:14 AM","12/15/2025, 12:27:33 PM","12/16/2025, 3:44:33 PM",12/15/2025,b069b6a079b16d18,1,T7901,NA,male,7 8,0,0,0,0,0,0,1,1,0,97,0,0,0,1,Social,3,NA,5,NA,1,NA,2017,2017,1,0,NA,NA,1 2,1,1,0,0,0,0,0,NA,3,NA,5 6,0,0,0,0,1,1,0,NA,1,3,0,0,1,0,0,0,NA,1 3 4,1,0,1,1,0,0,0,0,0,0,NA,3 4,0,0,1,1,0,0,0,0,0,0,NA,2 4,0,1,0,1,0,0,0,0,0,0,NA,4,4,3,3,1,3,3,3,5 6,0,0,0,0,1,1,0,0,0,0,0,0,0,NA,4,2,NA,2 8,0,1,0,0,0,0,0,1,0,0,0,0,0,NA,4,4,4,4,4,4,4,4,4,4,5,5,5,5,5,5,1,1,1,2 5,0,1,0,0,1,0,0,0,NA,3,3,3,3,3,3,3,4,2,4,4,4,NA,4,4,4,4,4,2,0,1,0,0,0,NA,1,NA,0,0,0,0,0,0,0,0,0,0,0,NA,1,1,1,1,4,1,1,3,3,3,3,3,3,3,3,3,3,3,1 2,1,1,0,0,0,0,0,0,0,0,0,1,1,1,4,1,4,1,3,3,2,1,1,4,3,4,4,3,4,4,3,3,4,4,0,0,0,1,0,0,0,NA,0,NA,NA,NA,NA,NA,NA,NA,NA,NA,4,0,0,0,1,0,0,0,0,0,NA,27,NA,13000,NA,uuid:27836eba-eca6-4b3d-b1e6-b1fbe59b56ea,2512142209,uuid:27836eba-eca6-4b3d-b1e6-b1fbe59b56ea,NA,NA,NA,NA,NA,NA,NA,NA,NA,NA
1000068,S1111120132,DIRE DAWA,Dire Dawa,biyo awale cluster,awale,Rural,"12/17/2025, 6:19:15 AM","12/16/2025, 3:44:55 PM","12/16/2025, 4:10:36 PM",12/16/2025,b069b6a079b16d18,1,T7902,NA,male,1 2,1,1,0,0,0,0,0,0,0,3,0,0,1,0,NA,3,NA,2,NA,0,NA,2017,2017,1,0,NA,NA,1 2,1,1,0,0,0,0,0,NA,3,NA,5 6,0,0,0,0,1,1,0,NA,1,3,0,0,1,0,0,0,NA,2 3,0,1,1,0,0,0,0,0,0,0,NA,3 4,0,0,1,1,0,0,0,0,0,0,NA,1 6,1,0,0,0,0,1,0,0,0,0,NA,3,3,2,3,3,3,3,1,1,1,0,0,0,0,0,0,0,0,0,0,0,0,NA,4,3,NA,2,0,1,0,0,0,0,0,0,0,0,0,0,0,NA,4,4,4,4,3,4,4,3,4,4,5,5,5,5,5,5,1,1,1,5,0,0,0,0,1,0,0,0,NA,3,4,2,4,4,4,4,1,3,5,5,4,NA,4,4,4,4,4,2,0,1,0,0,0,NA,1,NA,1,1,1,1,1,1,1,1,1,1,1,Lack of advisore,1,1,1,1,4,1,1,3,3,3,3,3,3,3,3,3,3,3,1 2,1,1,0,0,0,0,0,0,0,0,0,1,1,1,4,1,4,1,3,3,2,1,1,4,3,4,4,3,4,4,3,4,4,4,0,0,0,1,0,0,0,NA,0,NA,NA,NA,NA,NA,NA,NA,NA,NA,4,0,0,0,1,0,0,0,0,0,NA,27,NA,12000,NA,uuid:ac57c2e3-8832-472f-b1b1-b9e3ca3bfd65,2512142209,uuid:ac57c2e3-8832-472f-b1b1-b9e3ca3bfd65,NA,NA,NA,NA,NA,NA,NA,NA,NA,NA
1000068,S1111120132,DIRE DAWA,Dire Dawa,biyo awale cluster,awale,Rural,"12/17/2025, 6:19:15 AM","12/16/2025, 4:11:17 PM","12/16/2025, 4:46:44 PM",12/16/2025,b069b6a079b16d18,1,T7903,NA,female,3,0,0,1,0,0,0,0,0,0,2,0,1,0,0,NA,3,NA,3,NA,1,NA,2011,2012,2,0,NA,NA,2,0,1,0,0,0,0,0,NA,1,NA,6,0,0,0,0,0,1,0,NA,1,3,0,0,1,0,0,0,NA,4,0,0,0,1,0,0,0,0,0,0,NA,2 3,0,1,1,0,0,0,0,0,0,0,NA,4 5,0,0,0,1,1,0,0,0,0,0,NA,4,4,2,4,1,1,1,1,5,0,0,0,0,1,0,0,0,0,0,0,0,0,NA,4,2,NA,2 5 6,0,1,0,0,1,1,0,0,0,0,0,0,0,NA,4,4,4,4,4,4,4,3,3,4,5,5,3,5,4,5,1,1,1,5,0,0,0,0,1,0,0,0,NA,4,4,4,4,2,4,5,4,1,5,1,2,NA,4,4,4,4,1,2,0,1,0,0,0,NA,2,NA,0,0,0,1,0,0,0,1,0,0,0,NA,1,1,1,1,4,1,1,3,3,3,3,3,3,3,3,3,3,3,3 5,0,0,1,0,1,0,0,0,0,0,0,1,1,4,4,4,4,4,3,3,2,10,1,4,1,3,4,1,4,4,4,4,4,2 4,0,1,0,1,0,0,0,NA,0,NA,NA,NA,NA,NA,NA,NA,NA,NA,1 4,1,0,0,1,0,0,0,0,0,NA,25,NA,14000,NA,uuid:70a53103-1d1e-4673-b359-5ad453927eb7,2512142209,uuid:70a53103-1d1e-4673-b359-5ad453927eb7,NA,NA,NA,NA,NA,NA,NA,NA,NA,NA
1200423,S1204053802,SIDAMA,South Sidama,aleta wondo,woto,Rural,"12/15/2025, 4:38:31 PM","12/12/2025, 12:30:04 PM","12/15/2025, 4:28:06 PM",12/12/2025,3bbad6a83cf9544a,1,T25103,NA,male,7 8,0,0,0,0,0,0,1,1,0,97,0,0,0,1,Social,6,NA,5,NA,1,NA,1997,2013,7,1,3,3,2,0,1,0,0,0,0,0,NA,1,NA,2 5,0,1,0,0,1,0,0,NA,1,1 3 4,1,0,1,1,0,0,NA,1 2 3 4 5 6 7 8,1,1,1,1,1,1,1,1,0,0,NA,1 6,1,0,0,0,0,1,0,0,0,0,NA,1 6,1,0,0,0,0,1,0,0,0,0,NA,4,4,3,3,3,3,4,1,4 5,0,0,0,1,1,0,0,0,0,0,0,0,0,NA,3,2,NA,1 2 3 5 7 8 9 11,1,1,1,0,1,0,1,1,1,0,1,0,0,NA,4,3,4,4,4,4,4,3,4,4,5,5,4,4,4,5,2,3,1,2 5,0,1,0,0,1,0,0,0,NA,2,3,4,4,4,2,5,4,1,2,2,2,NA,1,4,4,1,4,2 4,0,1,0,1,0,NA,1,NA,1,0,0,1,0,0,0,1,1,0,0,NA,3,3,1,1,4,1,4,3,3,2,2,3,2,3,1,3,1,3,9 11,0,0,0,0,0,0,0,0,1,0,1,4,1,3,4,1,4,3,2,1,1,9,4,4,1,4,4,3,4,4,2,4,4,4,0,0,0,1,0,0,0,NA,1,3,3,3,2,2,3,3,3,No,1 4,1,0,0,1,0,0,0,0,0,NA,39,NA,15300,Transportation access problem,uuid:6726b9ac-ff78-4e22-998e-3489194ba380,2512111014,uuid:6726b9ac-ff78-4e22-998e-3489194ba380,NA,NA,NA,NA,NA,NA,NA,NA,NA,NA
1200423,S1204053802,SIDAMA,South Sidama,aleta wondo,woto,Rural,"12/15/2025, 4:38:36 PM","12/12/2025, 10:32:30 AM","12/15/2025, 4:27:40 PM",12/12/2025,3bbad6a83cf9544a,1,T25102,NA,male,2,0,1,0,0,0,0,0,0,0,97,0,0,0,1,Ethics,6,NA,3,NA,1,NA,2002,2013,3,1,10,3,5,0,0,0,0,1,0,0,NA,1,NA,2 5 6,0,1,0,0,1,1,0,NA,1,1 3,1,0,1,0,0,0,NA,1 2 3 4 5 6,1,1,1,1,1,1,0,0,0,0,NA,1 8,1,0,0,0,0,0,0,1,0,0,NA,1 6,1,0,0,0,0,1,0,0,0,0,NA,3,3,3,3,4,4,3,3,8,0,0,0,0,0,0,0,1,0,0,0,0,0,NA,4,2,NA,1 2 3 4 5 6 7 8 10,1,1,1,1,1,1,1,1,0,1,0,0,0,NA,4,4,3,4,4,4,3,3,3,4,5,5,4,5,4,5,2,2,1,1 2 3 4 5,1,1,1,1,1,0,0,0,NA,4,4,4,4,4,4,5,3,2,2,2,2,NA,4,4,4,1,4,1 2 3,1,1,1,0,0,NA,1,NA,1,1,0,1,0,1,1,1,1,1,0,NA,4,4,1,1,1,1,1,1,1,3,3,3,3,2,3,3,3,3,1 4 5 6 7 8 9 10 11,1,0,0,1,1,1,1,1,1,1,1,4,3,3,1,3,3,3,3,2,1,4,1,3,4,4,4,3,4,4,4,4,4,1 2 4 5 6,1,1,0,1,1,1,0,NA,1,1,1,2,1,2,1,1,1,No,1 4,1,0,0,1,0,0,0,0,0,NA,40,NA,13000,The profession is respected but the benefits are low we have economic challenges This is why I prefer to change my profession we can't afford the needs of my family This is the challenge I am facing,uuid:73ef8744-4923-4d1a-b24e-b7f99284ad3c,2512111014,uuid:73ef8744-4923-4d1a-b24e-b7f99284ad3c,NA,NA,NA,NA,NA,NA,NA,NA,NA,NA
1200423,S1204053802,SIDAMA,South Sidama,aleta wondo,woto,Rural,"12/15/2025, 4:38:43 PM","12/12/2025, 9:35:34 AM","12/15/2025, 4:27:09 PM",12/12/2025,3bbad6a83cf9544a,1,T25101,NA,female,3,0,0,1,0,0,0,0,0,0,97,0,0,0,1,Environment science,4,NA,3,NA,0,NA,2000,2013,2,0,NA,NA,5,0,0,0,0,1,0,0,NA,4,NA,2 6,0,1,0,0,0,1,0,NA,1,1 3,1,0,1,0,0,0,NA,1 2 4 5,1,1,0,1,1,0,0,0,0,0,NA,4 5,0,0,0,1,1,0,0,0,0,0,NA,6 8,0,0,0,0,0,1,0,1,0,0,NA,3,3,1,1,1,1,1,1,8 9 11,0,0,0,0,0,0,0,1,1,0,1,0,0,NA,4,2,NA,1 3 5 9,1,0,1,0,1,0,0,0,1,0,0,0,0,NA,4,4,4,4,4,4,4,4,4,4,5,5,3,5,3,5,2,1,1,2 5,0,1,0,0,1,0,0,0,NA,4,4,4,4,2,2,4,5,1,5,1,2,NA,4,4,4,1,4,2 3 4,0,1,1,1,0,NA,3,NA,1,0,0,0,0,1,1,1,1,1,0,NA,1,1,1,1,3,1,1,3,3,3,3,3,1,3,1,3,3,3,1 4,1,0,0,1,0,0,0,0,0,0,0,4,1,4,4,1,4,1,3,3,1,9,4,4,3,3,4,4,4,4,3,3,3,2,0,1,0,0,0,0,0,NA,1,1,1,3,1,1,1,2,1,No,3 4,0,0,1,1,0,0,0,0,0,NA,38,NA,12700,Logstic for education is insufficient there is no book for the curriculums so if there is assistance in this regard and there is no training for all subjects at all,uuid:690a5cd6-85f3-410a-aec4-4f1223330697,2512111014,uuid:690a5cd6-85f3-410a-aec4-4f1223330697,NA,NA,NA,NA,NA,NA,NA,NA,NA,NA
1200975,S1204102872,SIDAMA,North Sidama,boricha,chafa boicha,Rural,"12/5/2025, 5:50:15 PM","12/5/2025, 11:55:02 AM","12/5/2025, 5:42:49 PM",12/5/2025,3bbad6a83cf9544a,1,T25303,NA,female,1,1,0,0,0,0,0,0,0,0,3,0,0,1,0,NA,1,NA,3,NA,0,NA,2016,2016,1,1,2,3,2,0,1,0,0,0,0,0,NA,1,NA,2 5,0,1,0,0,1,0,0,NA,1,1 3,1,0,1,0,0,0,NA,1 4 5,1,0,0,1,1,0,0,0,0,0,NA,1 8,1,0,0,0,0,0,0,1,0,0,NA,6 8,0,0,0,0,0,1,0,1,0,0,NA,2,2,1,2,1,2,2,4,4,0,0,0,1,0,0,0,0,0,0,0,0,0,NA,3,3,NA,1 3 4 5 6 7 8 9 10,1,0,1,1,1,1,1,1,1,1,0,0,0,NA,4,4,4,3,3,4,2,3,2,1,3,3,2,4,2,4,2,1,1,2 5,0,1,0,0,1,0,0,0,NA,4,4,1,3,2,2,3,2,1,2,2,2,NA,4,4,4,1,3,2,0,1,0,0,0,NA,3,NA,1,1,1,0,1,1,1,1,1,1,0,NA,4,4,1,1,4,1,1,3,2,2,3,3,2,3,1,1,3,3,1 4,1,0,0,1,0,0,0,0,0,0,0,4,3,3,4,3,3,4,3,1,1,9,2,3,3,3,4,3,4,3,2,2,4,1 2 4,1,1,0,1,0,0,0,NA,1,1,1,1,1,1,1,1,1,No,1 4,1,0,0,1,0,0,0,0,0,NA,24,NA,9220,I attend my schole at a time of inflation it was very challenging other than there is nothing is challenge me,uuid:d868a003-3003-4931-be2b-ec5bdb1da1a1,2512030649,uuid:d868a003-3003-4931-be2b-ec5bdb1da1a1,NA,NA,NA,NA,NA,NA,NA,NA,NA,NA
1200975,S1204102872,SIDAMA,North Sidama,boricha,chafa boicha,Rural,"12/5/2025, 5:50:17 PM","12/4/2025, 11:53:35 AM","12/5/2025, 5:43:52 PM",12/4/2025,3bbad6a83cf9544a,1,T25301,NA,male,4 5 6,0,0,0,1,1,1,0,0,0,2,0,1,0,0,NA,4,NA,5,NA,1,NA,2007,2016,4,1,2,3,2,0,1,0,0,0,0,0,NA,5,NA,5 6,0,0,0,0,1,1,0,NA,1,3,0,0,1,0,0,0,NA,4 5 6,0,0,0,1,1,1,0,0,0,0,NA,1 4,1,0,0,1,0,0,0,0,0,0,NA,1 4,1,0,0,1,0,0,0,0,0,0,NA,2,3,3,1,2,2,2,2,8,0,0,0,0,0,0,0,1,0,0,0,0,0,NA,1,3,NA,1 2 3 5 6 7 8 11,1,1,1,0,1,1,1,1,0,0,1,0,0,NA,3,3,4,3,4,4,4,3,3,3,5,5,5,5,4,5,1,1,1,2 5,0,1,0,0,1,0,0,0,NA,4,4,2,4,1,3,2,2,2,4,2,1,NA,4,4,4,4,4,2 3 4,0,1,1,1,0,NA,3,NA,0,0,0,0,0,0,0,0,1,1,0,NA,1,1,1,1,4,1,1,3,3,1,1,3,2,2,1,2,3,1,2 4,0,1,0,1,0,0,0,0,0,0,0,4,1,4,4,3,4,1,1,1,1,9,2,2,4,4,4,3,4,4,3,4,4,2 4,0,1,0,1,0,0,0,NA,1,3,2,3,2,2,2,2,1,No,2 5,0,1,0,0,1,0,0,0,0,NA,31,NA,13000,I am here in not right place in my profession I am chemistry major here but I assigned as languag teacher this the challenge I faced,uuid:afc1f9f2-3a55-4548-ae11-0a13ecad1edc,2512030649,uuid:afc1f9f2-3a55-4548-ae11-0a13ecad1edc,NA,NA,NA,NA,NA,NA,NA,NA,NA,NA
1200975,S1204102872,SIDAMA,North Sidama,boricha,chafa boicha,Rural,"12/5/2025, 5:50:18 PM","12/4/2025, 1:34:55 PM","12/5/2025, 5:43:17 PM",12/4/2025,3bbad6a83cf9544a,1,T25302,NA,male,1 2 3,1,1,1,0,0,0,0,0,0,1,1,0,0,0,NA,3,NA,3,NA,0,NA,2013,2013,1,0,NA,NA,2,0,1,0,0,0,0,0,NA,1,NA,5,0,0,0,0,1,0,0,NA,1,3,0,0,1,0,0,0,NA,1 2 4 5,1,1,0,1,1,0,0,0,0,0,NA,3 4,0,0,1,1,0,0,0,0,0,0,NA,6 8,0,0,0,0,0,1,0,1,0,0,NA,2,3,1,1,2,1,1,2,7,0,0,0,0,0,0,1,0,0,0,0,0,0,NA,1,4,NA,1 2 3 5,1,1,1,0,1,0,0,0,0,0,0,0,0,NA,3,3,3,3,3,3,3,3,3,3,4,4,4,4,4,4,1,1,1,2 5,0,1,0,0,1,0,0,0,NA,4,4,4,4,4,4,5,4,1,2,5,4,NA,4,4,4,4,4,2 4,0,1,0,1,0,NA,3,NA,1,1,1,1,1,1,1,1,1,1,0,NA,3,3,1,1,1,1,3,3,3,1,1,1,2,3,1,1,3,3,1 4,1,0,0,1,0,0,0,0,0,0,0,3,3,2,3,1,3,3,3,1,1,8,2,3,3,3,3,3,3,4,2,3,4,2 4,0,1,0,1,0,0,0,NA,1,2,1,1,1,1,1,1,1,No,2 4,0,1,0,1,0,0,0,0,0,NA,28,NA,9732,"If there is educational apportunity is available and in addition I am coming from farworeda my family is there so frome the distance I can't even see my children if there is shifting to my woreda apportunity is available it would be great, inflation is also not solved despite government is modifying salaries",uuid:641d5943-bc7f-4e51-ab97-ac7e1436d87b,2512030649,uuid:641d5943-bc7f-4e51-ab97-ac7e1436d87b,NA,NA,NA,NA,NA,NA,NA,NA,NA,NA
1202455,S1204121002,SIDAMA,North Sidama,malga,kacha gumuricho,Urban,"12/9/2025, 5:30:36 PM","12/8/2025, 11:13:47 AM","12/9/2025, 5:16:24 PM",12/8/2025,3bbad6a83cf9544a,1,T25701,NA,male,3 4,0,0,1,1,0,0,0,0,0,97,0,0,0,1,Environment science,3,NA,3,NA,0,NA,2011,2011,1,0,NA,NA,1,1,0,0,0,0,0,0,NA,1,NA,2,0,1,0,0,0,0,0,NA,1,2,0,1,0,0,0,0,NA,1 4 5,1,0,0,1,1,0,0,0,0,0,NA,4 7,0,0,0,1,0,0,1,0,0,0,NA,4 8,0,0,0,1,0,0,0,1,0,0,NA,3,3,1,1,2,1,1,1,8,0,0,0,0,0,0,0,1,0,0,0,0,0,NA,3,2,NA,1 2 3 4,1,1,1,1,0,0,0,0,0,0,0,0,0,NA,3,3,4,4,3,3,4,2,2,4,3,4,3,5,3,3,1,1,1,2 5,0,1,0,0,1,0,0,0,NA,2,4,2,2,2,2,5,1,1,2,2,2,NA,1,1,1,1,4,2,0,1,0,0,0,NA,5,NA,1,1,1,1,1,1,1,1,1,1,1,Health issues,3,3,1,1,1,1,1,3,3,3,3,3,2,1,1,1,2,3,1 2 3 4 5 6 7 8 9 10 11,1,1,1,1,1,1,1,1,1,1,1,4,3,1,4,3,3,1,1,1,2,7,2,4,3,4,3,2,3,2,2,3,2,1 2 4,1,1,0,1,0,0,0,NA,0,NA,NA,NA,NA,NA,NA,NA,NA,NA,3 5,0,0,1,0,1,0,0,0,0,NA,32,NA,10404,I have no challenge through my journey,uuid:7b43b751-c93a-4955-833e-0ae0ea536753,2512030649,uuid:7b43b751-c93a-4955-833e-0ae0ea536753,NA,NA,NA,NA,NA,NA,NA,NA,NA,NA
1202455,S1204121002,SIDAMA,North Sidama,malga,kacha gumuricho,Urban,"12/9/2025, 5:30:39 PM","12/8/2025, 12:11:15 PM","12/9/2025, 5:17:18 PM",12/8/2025,3bbad6a83cf9544a,1,T25702,NA,male,4,0,0,0,1,0,0,0,0,0,1,1,0,0,0,NA,4,NA,3,NA,0,NA,2007,2007,1,0,NA,NA,5,0,0,0,0,1,0,0,NA,1,NA,2 5 6,0,1,0,0,1,1,0,NA,1,3,0,0,1,0,0,0,NA,2 4 5,0,1,0,1,1,0,0,0,0,0,NA,4 8,0,0,0,1,0,0,0,1,0,0,NA,4 6,0,0,0,1,0,1,0,0,0,0,NA,4,3,3,1,3,1,1,1,6,0,0,0,0,0,1,0,0,0,0,0,0,0,NA,4,4,NA,1 3 5,1,0,1,0,1,0,0,0,0,0,0,0,0,NA,4,4,4,3,3,3,3,3,4,4,4,5,5,5,5,5,2,1,1,5,0,0,0,0,1,0,0,0,NA,3,4,4,2,2,2,5,2,4,5,5,5,NA,4,4,4,1,4,2,0,1,0,0,0,NA,1,NA,1,1,1,1,1,1,1,1,1,1,1,Absence of Infrastracturs,3,2,1,1,4,1,1,3,3,2,3,3,3,3,3,3,3,3,5 11,0,0,0,0,1,0,0,0,0,0,1,4,1,1,4,4,4,1,3,3,2,10,4,4,1,4,4,1,4,4,4,4,4,2 4,0,1,0,1,0,0,0,NA,1,3,2,1,1,2,1,3,1,No,2 4,0,1,0,1,0,0,0,0,0,NA,32,NA,10700,Transportation access is challenging so solved,uuid:01d9cf23-a60a-4174-90f9-f8d774c72e59,2512030649,uuid:01d9cf23-a60a-4174-90f9-f8d774c72e59,NA,NA,NA,NA,NA,NA,NA,NA,NA,NA
1202455,S1204121002,SIDAMA,North Sidama,malga,kacha gumuricho,Urban,"12/9/2025, 5:30:40 PM","12/8/2025, 5:23:38 PM","12/9/2025, 5:17:32 PM",12/8/2025,3bbad6a83cf9544a,1,T25703,NA,male,7,0,0,0,0,0,0,1,0,0,97,0,0,0,1,Sport science,4,NA,3,NA,1,NA,2012,2013,2,0,NA,NA,5,0,0,0,0,1,0,0,NA,3,NA,2 3,0,1,1,0,0,0,0,NA,1,1,1,0,0,0,0,0,NA,1 2 4,1,1,0,1,0,0,0,0,0,0,NA,1 6,1,0,0,0,0,1,0,0,0,0,NA,4 6,0,0,0,1,0,1,0,0,0,0,NA,4,3,4,1,2,3,1,1,4 5 7,0,0,0,1,1,0,1,0,0,0,0,0,0,NA,4,2,NA,1 2 5 8,1,1,0,0,1,0,0,1,0,0,0,0,0,NA,4,4,4,4,4,4,4,3,4,3,5,5,5,5,5,5,2,1,1,5,0,0,0,0,1,0,0,0,NA,4,3,3,3,3,4,4,4,2,5,4,2,NA,4,4,4,3,4,2,0,1,0,0,0,NA,2,NA,0,1,1,1,1,1,1,1,1,1,0,NA,3,3,1,1,1,1,1,3,3,3,3,3,3,1,3,3,3,3,1 3,1,0,1,0,0,0,0,0,0,0,0,4,1,4,4,3,4,3,3,3,1,8,1,4,1,4,4,3,4,4,2,4,4,2 4,0,1,0,1,0,0,0,NA,1,1,1,3,1,2,1,1,1,No,4 5,0,0,0,1,1,0,0,0,0,NA,27,NA,10740,No training here despite I have love for my profession so in this regard I need support,uuid:959351cf-8990-45dd-ac16-80d2005292ac,2512030649,uuid:959351cf-8990-45dd-ac16-80d2005292ac,NA,NA,NA,NA,NA,NA,NA,NA,NA,NA
1202973,S1204130122,SIDAMA,Centeral Sidama,wonsho,lalamo,Rural,"12/24/2025, 7:19:09 PM","12/23/2025, 10:14:37 AM","12/24/2025, 7:15:32 PM",12/23/2025,3bbad6a83cf9544a,1,T32201,NA,female,3,0,0,1,0,0,0,0,0,0,97,0,0,0,1,HP,3,NA,3,NA,0,NA,2013,2013,5,0,NA,NA,5,0,0,0,0,1,0,0,NA,1,NA,3 5,0,0,1,0,1,0,0,NA,1,3,0,0,1,0,0,0,NA,1 4 5 6,1,0,0,1,1,1,0,0,0,0,NA,4 8,0,0,0,1,0,0,0,1,0,0,NA,4 8,0,0,0,1,0,0,0,1,0,0,NA,3,2,3,2,4,2,2,2,5 7,0,0,0,0,1,0,1,0,0,0,0,0,0,NA,1,3,NA,1 4 5 9,1,0,0,1,1,0,0,0,1,0,0,0,0,NA,4,4,4,4,4,4,3,3,4,3,5,5,4,5,4,5,2,1,1,1 2 3 4 5,1,1,1,1,1,0,0,0,NA,4,4,4,4,2,4,4,4,2,4,2,2,NA,4,4,4,3,4,2 4,0,1,0,1,0,NA,2,NA,1,1,1,1,1,1,1,1,1,1,0,NA,4,4,1,1,4,1,1,3,3,3,3,3,1,3,2,3,3,1,5 6,0,0,0,0,1,1,0,0,0,0,0,4,3,3,4,1,4,1,3,3,2,8,4,4,3,4,4,1,4,3,3,4,3,1 5,1,0,0,0,1,0,0,NA,1,1,3,1,1,1,1,1,1,No,1 7,1,0,0,0,0,0,1,0,0,NA,30,NA,9700,No,uuid:6e808580-5b94-470e-9300-e8261f342c04,2512142209,uuid:6e808580-5b94-470e-9300-e8261f342c04,NA,NA,NA,NA,NA,NA,NA,NA,NA,NA
1202973,S1204130122,SIDAMA,Centeral Sidama,wonsho,lalamo,Rural,"12/24/2025, 7:19:09 PM","12/23/2025, 11:02:28 AM","12/24/2025, 7:18:22 PM",12/23/2025,3bbad6a83cf9544a,1,T32202,NA,male,3,0,0,1,0,0,0,0,0,0,2,0,1,0,0,NA,6,NA,3,NA,1,NA,2014,2014,1,0,NA,NA,1 5,1,0,0,0,1,0,0,NA,1,NA,6,0,0,0,0,0,1,0,NA,1,3,0,0,1,0,0,0,NA,1 4 5,1,0,0,1,1,0,0,0,0,0,NA,1 4,1,0,0,1,0,0,0,0,0,0,NA,1 4,1,0,0,1,0,0,0,0,0,0,NA,3,4,4,3,1,2,1,1,8,0,0,0,0,0,0,0,1,0,0,0,0,0,NA,3,3,NA,1 2 3 4 5 6 7 8 9 10 11,1,1,1,1,1,1,1,1,1,1,1,0,0,NA,3,3,3,3,4,4,4,4,4,3,3,5,4,3,4,3,2,1,1,2 4 5,0,1,0,1,1,0,0,0,NA,4,4,4,2,4,2,5,5,2,5,2,2,NA,3,3,3,1,3,1 2 4,1,1,0,1,0,NA,2,NA,1,1,1,1,1,1,1,1,1,1,0,NA,4,4,1,1,4,1,1,3,3,3,3,3,3,3,3,3,3,3,3 4,0,0,1,1,0,0,0,0,0,0,0,4,1,4,3,4,3,3,3,3,1,10,3,3,4,4,4,4,4,4,4,4,4,2 3 4,0,1,1,1,0,0,0,NA,1,2,1,2,1,1,1,1,1,No,4 8,0,0,0,1,0,0,0,1,0,NA,25,NA,9500,Thank you for the apportunity,uuid:0be7204b-60c9-42aa-b2ae-2e0e0e623c1f,2512142209,uuid:0be7204b-60c9-42aa-b2ae-2e0e0e623c1f,NA,NA,NA,NA,NA,NA,NA,NA,NA,NA
1202973,S1204130122,SIDAMA,Centeral Sidama,wonsho,lalamo,Rural,"12/24/2025, 7:19:10 PM","12/23/2025, 4:10:39 PM","12/24/2025, 7:17:33 PM",12/23/2025,3bbad6a83cf9544a,1,T32203,NA,male,7,0,0,0,0,0,0,1,0,0,97,0,0,0,1,HP,4,NA,3,NA,1,NA,2003,2003,1,0,NA,NA,2,0,1,0,0,0,0,0,NA,1,NA,2 6,0,1,0,0,0,1,0,NA,1,2 3,0,1,1,0,0,0,NA,4 5,0,0,0,1,1,0,0,0,0,0,NA,4 8,0,0,0,1,0,0,0,1,0,0,NA,1 8,1,0,0,0,0,0,0,1,0,0,NA,2,3,2,2,3,2,2,2,3,0,0,1,0,0,0,0,0,0,0,0,0,0,NA,3,3,NA,1 2 3 4 5 6 7 8 9 10 11,1,1,1,1,1,1,1,1,1,1,1,0,0,NA,3,3,3,3,4,3,3,3,3,3,4,4,3,5,3,5,2,2,2,1 2 3 4 5,1,1,1,1,1,0,0,0,NA,2,2,4,2,2,2,4,2,2,4,2,2,NA,4,4,4,1,4,2 4,0,1,0,1,0,NA,1,NA,1,1,0,1,1,1,1,1,1,1,0,NA,3,3,1,1,4,1,2,3,3,3,3,3,3,3,3,3,3,3,1 3,1,0,1,0,0,0,0,0,0,0,0,4,1,2,4,3,4,3,3,3,1,8,1,3,3,4,4,3,4,4,4,4,4,1 2 4,1,1,0,1,0,0,0,NA,1,2,2,1,2,2,2,2,2,No,1 4,1,0,0,1,0,0,0,0,0,NA,40,NA,12852,"We have a lots of proble like shortage of student chair,books shortage under standards learning class , shortages of class and no technologies like computers network electricity this shoul be solved urgently by government as well as non governmental organization like unicef",uuid:ad35a40d-3908-4f5e-8460-9d77a9b77c25,2512142209,uuid:ad35a40d-3908-4f5e-8460-9d77a9b77c25,NA,NA,NA,NA,NA,NA,NA,NA,NA,NA
1201128,S1204160382,SIDAMA,South Sidama,bursa,tariche hiro,Rural,"12/23/2025, 7:05:37 AM","12/22/2025, 2:03:03 PM","12/23/2025, 6:17:20 AM",12/22/2025,3bbad6a83cf9544a,1,T25401,NA,male,1 2,1,1,0,0,0,0,0,0,0,97,0,0,0,1,HP,6,NA,3,NA,0,NA,2012,2012,1,0,NA,NA,5,0,0,0,0,1,0,0,NA,1,NA,2 6,0,1,0,0,0,1,0,NA,1,2 3,0,1,1,0,0,0,NA,1 4 5,1,0,0,1,1,0,0,0,0,0,NA,4 6,0,0,0,1,0,1,0,0,0,0,NA,1 4,1,0,0,1,0,0,0,0,0,0,NA,4,4,3,4,1,1,1,1,6 7 8 9,0,0,0,0,0,1,1,1,1,0,0,0,0,NA,1,2,NA,1 5 9,1,0,0,0,1,0,0,0,1,0,0,0,0,NA,4,4,4,4,4,4,4,4,3,4,5,5,5,5,5,5,1,1,1,2 5,0,1,0,0,1,0,0,0,NA,4,3,3,3,2,4,5,5,1,5,4,2,NA,4,4,4,1,4,2 4,0,1,0,1,0,NA,1,NA,1,1,1,1,1,1,1,1,1,1,0,NA,3,3,3,1,4,4,1,3,1,3,3,3,3,3,3,3,3,3,4 6,0,0,0,1,0,1,0,0,0,0,0,4,1,2,1,1,1,1,3,3,1,10,3,4,1,4,4,2,4,4,4,4,4,2 4,0,1,0,1,0,0,0,NA,1,1,1,2,1,1,1,1,1,No,4 8,0,0,0,1,0,0,0,1,0,NA,31,NA,10740,No,uuid:e3f86f47-44de-4cb3-ad7f-b79c38b8217c,2512142209,uuid:e3f86f47-44de-4cb3-ad7f-b79c38b8217c,NA,NA,NA,NA,NA,NA,NA,NA,NA,NA
1201128,S1204160382,SIDAMA,South Sidama,bursa,tariche hiro,Rural,"12/23/2025, 9:41:29 PM","12/22/2025, 3:43:03 PM","12/23/2025, 9:39:22 PM",12/22/2025,3bbad6a83cf9544a,1,T25403,NA,male,7,0,0,0,0,0,0,1,0,0,1,1,0,0,0,NA,6,NA,5,NA,1,NA,2010,2010,1,0,NA,NA,2,0,1,0,0,0,0,0,NA,1,NA,2 5 6,0,1,0,0,1,1,0,NA,1,3,0,0,1,0,0,0,NA,1 2 3 4 5 6 7 8 9,1,1,1,1,1,1,1,1,1,0,NA,1 4,1,0,0,1,0,0,0,0,0,0,NA,5 6,0,0,0,0,1,1,0,0,0,0,NA,2,3,2,1,3,2,1,2,8 9,0,0,0,0,0,0,0,1,1,0,0,0,0,NA,4,2,NA,1 2 3 5 7 8 9 10 11,1,1,1,0,1,0,1,1,1,1,1,0,0,NA,3,3,3,3,4,3,4,3,4,4,3,4,4,5,5,5,3,3,1,2 5,0,1,0,0,1,0,0,0,NA,4,4,2,3,4,4,4,4,3,5,5,2,NA,4,3,4,1,4,2 4,0,1,0,1,0,NA,3,NA,1,1,1,1,1,1,1,1,1,1,1,No apportunity to upgrade education,4,3,1,1,4,1,1,3,3,3,3,3,3,1,1,3,3,1,3 4,0,0,1,1,0,0,0,0,0,0,0,4,3,4,3,3,4,3,1,1,1,6,1,2,4,4,4,3,4,4,4,4,4,2 3,0,1,1,0,0,0,0,NA,1,1,2,2,1,1,1,1,1,No,3 4,0,0,1,1,0,0,0,0,0,NA,29,NA,12396,Thank you for undertaking this kind of research to enhance educational quality,uuid:26a6eaa5-ecf7-4d7f-b3b9-be51f19e55c7,2512142209,uuid:26a6eaa5-ecf7-4d7f-b3b9-be51f19e55c7,NA,NA,NA,NA,NA,NA,NA,NA,NA,NA
1201128,S1204160382,SIDAMA,South Sidama,bursa,tariche hiro,Rural,"12/23/2025, 9:41:30 PM","12/22/2025, 2:53:46 PM","12/23/2025, 9:34:28 PM",12/22/2025,3bbad6a83cf9544a,1,T25402,NA,male,4,0,0,0,1,0,0,0,0,0,97,0,0,0,1,Social science,6,NA,3,NA,0,NA,2001,2012,3,1,1,3,1,1,0,0,0,0,0,0,NA,1,NA,2 6,0,1,0,0,0,1,0,NA,1,2 3,0,1,1,0,0,0,NA,1 2 4 5 6,1,1,0,1,1,1,0,0,0,0,NA,4 6,0,0,0,1,0,1,0,0,0,0,NA,4 6,0,0,0,1,0,1,0,0,0,0,NA,3,3,2,3,1,1,1,1,8 9,0,0,0,0,0,0,0,1,1,0,0,0,0,NA,1,2,NA,1 2 3 4 5 6 7 8,1,1,1,1,1,1,1,1,0,0,0,0,0,NA,3,4,4,3,4,4,4,3,3,4,5,5,2,5,5,5,2,1,1,2 5,0,1,0,0,1,0,0,0,NA,4,4,2,4,2,3,5,3,2,4,4,2,NA,4,4,4,1,4,1 2 3 4,1,1,1,1,0,NA,2,NA,1,0,1,1,1,1,1,1,1,1,0,NA,3,4,1,1,4,1,1,3,3,3,3,3,3,3,3,3,3,3,4 9,0,0,0,1,0,0,0,0,1,0,0,4,1,4,4,4,4,1,3,3,1,10,4,4,3,4,4,3,4,4,4,4,4,1 2 4,1,1,0,1,0,0,0,NA,1,1,1,1,1,1,1,1,1,No,1 3,1,0,1,0,0,0,0,0,0,NA,36,NA,13000,The area is very remote and the quality of school is very poor in addition when we call the parent they didn't come because of fear of contribution for school they are poor there is no current book other than they recommend us to use from online but how student can afford ? Even school is going to fall dawn,uuid:b71770ef-303b-44ef-9d1f-f353587c1973,2512142209,uuid:b71770ef-303b-44ef-9d1f-f353587c1973,NA,NA,NA,NA,NA,NA,NA,NA,NA,NA
1200945,S1204180302,SIDAMA,East Sidama,bona,olonso dagucho,Rural,"12/16/2025, 8:47:17 PM","12/15/2025, 12:50:24 PM","12/16/2025, 8:38:24 PM",12/15/2025,3bbad6a83cf9544a,1,T25202,NA,female,2,0,1,0,0,0,0,0,0,0,1,1,0,0,0,NA,3,NA,3,NA,0,NA,2012,2012,1,0,NA,NA,5,0,0,0,0,1,0,0,NA,1,NA,2 5 6,0,1,0,0,1,1,0,NA,1,3,0,0,1,0,0,0,NA,1 2 3 4 5,1,1,1,1,1,0,0,0,0,0,NA,4 6,0,0,0,1,0,1,0,0,0,0,NA,4 6,0,0,0,1,0,1,0,0,0,0,NA,3,3,1,1,1,1,2,1,3 4 8,0,0,1,1,0,0,0,1,0,0,0,0,0,NA,0,2,NA,1 3 4 5,1,0,1,1,1,0,0,0,0,0,0,0,0,NA,3,4,4,1,4,4,3,3,1,4,5,5,5,5,5,5,2,1,1,2 5 97,0,1,0,0,1,0,1,0,Demotion,4,1,1,4,3,2,2,3,1,2,1,2,NA,3,4,4,1,4,2 4,0,1,0,1,0,NA,5,NA,1,0,1,1,1,1,1,1,1,1,0,NA,3,1,1,1,4,1,3,3,3,3,3,3,2,3,3,2,3,3,1 4,1,0,0,1,0,0,0,0,0,0,0,4,3,3,3,1,4,1,3,3,1,5,1,3,3,4,4,4,4,4,2,4,4,1 2 4,1,1,0,1,0,0,0,NA,1,2,3,2,1,2,1,1,1,No,1 4,1,0,0,1,0,0,0,0,0,NA,25,NA,9733,We have no logistics at all there is no support for teaching learning activities even parents are also not supportive there is no NGO that support and give training to equip teachers,uuid:03fd9a19-2bea-4afd-9b16-f2cfc65b448f,2512111014,uuid:03fd9a19-2bea-4afd-9b16-f2cfc65b448f,NA,NA,NA,NA,NA,NA,NA,NA,NA,NA
1200945,S1204180302,SIDAMA,East Sidama,bona,olonso dagucho,Rural,"12/17/2025, 6:45:03 PM","12/15/2025, 2:38:38 PM","12/17/2025, 5:50:05 PM",12/15/2025,3bbad6a83cf9544a,1,T25203,NA,male,2,0,1,0,0,0,0,0,0,0,1,1,0,0,0,NA,3,NA,3,NA,1,NA,2010,2010,1,0,NA,NA,5,0,0,0,0,1,0,0,NA,1,NA,6,0,0,0,0,0,1,0,NA,1,3,0,0,1,0,0,0,NA,1 3 4,1,0,1,1,0,0,0,0,0,0,NA,4 6,0,0,0,1,0,1,0,0,0,0,NA,1 6,1,0,0,0,0,1,0,0,0,0,NA,3,3,2,1,1,2,3,1,4 8,0,0,0,1,0,0,0,1,0,0,0,0,0,NA,1,2,NA,2 4 9 10,0,1,0,1,0,0,0,0,1,1,0,0,0,NA,4,4,4,4,4,4,4,4,4,4,4,5,4,5,5,5,2,1,1,1 2 3 4 5,1,1,1,1,1,0,0,0,NA,3,4,1,4,2,4,5,2,2,5,2,4,NA,4,4,4,1,4,1 2,1,1,0,0,0,NA,2,NA,1,1,1,1,1,1,1,1,1,1,0,NA,4,4,1,1,4,1,1,1,1,3,3,3,3,3,3,3,3,3,4 11,0,0,0,1,0,0,0,0,0,0,1,4,4,2,3,1,4,1,3,3,1,10,3,4,1,4,4,3,4,4,4,4,4,1 2 4,1,1,0,1,0,0,0,NA,1,1,1,2,1,2,2,2,1,No,4 8,0,0,0,1,0,0,0,1,0,NA,28,NA,10440,We have many challenges no library and materials for teaching and learning  no books for refferances the floors is not demented in addition there is no training for teachers this all are challenges school  there is no compound due to the market also go through our school itis not respected school  this will divert children attention there is no court to students play,uuid:739439a7-7dfe-45f9-bc80-3c444c91ff82,2512111014,uuid:739439a7-7dfe-45f9-bc80-3c444c91ff82,NA,NA,NA,NA,NA,NA,NA,NA,NA,NA
1200945,S1204180302,SIDAMA,East Sidama,bona,olonso dagucho,Rural,"12/17/2025, 6:45:05 PM","12/15/2025, 11:30:12 AM","12/17/2025, 5:49:27 PM",12/15/2025,3bbad6a83cf9544a,1,T25201,NA,male,6,0,0,0,0,0,1,0,0,0,97,0,0,0,1,Social science,5,NA,3,NA,0,NA,2002,2007,3,0,NA,NA,5,0,0,0,0,1,0,0,NA,1,NA,3,0,0,1,0,0,0,0,NA,1,1 3,1,0,1,0,0,0,NA,1 2 4 7 8,1,1,0,1,0,0,1,1,0,0,NA,4 8,0,0,0,1,0,0,0,1,0,0,NA,2 6,0,1,0,0,0,1,0,0,0,0,NA,3,2,1,1,2,1,2,1,8,0,0,0,0,0,0,0,1,0,0,0,0,0,NA,0,2,NA,1 9 10,1,0,0,0,0,0,0,0,1,1,0,0,0,NA,4,2,2,3,3,3,4,1,3,4,5,5,3,5,4,3,2,2,1,1 2 5,1,1,0,0,1,0,0,0,NA,2,2,1,2,2,1,2,2,1,2,3,1,NA,4,4,4,1,4,2 4,0,1,0,1,0,NA,3,NA,1,1,1,1,1,1,1,1,1,1,1,"Conflict, and absence of attractive working environment",4,4,1,1,4,1,1,3,2,3,3,3,3,1,3,1,3,1,4 11,0,0,0,1,0,0,0,0,0,0,1,4,4,2,2,1,1,4,1,1,2,1,1,1,4,4,3,4,4,4,4,4,4,1 2 4,1,1,0,1,0,0,0,NA,1,1,2,1,1,2,2,2,1,No,4 7,0,0,0,1,0,0,1,0,0,NA,31,NA,13000,"Government didn't give us educational apportunity,no onjob training, school administration is very week student participate is very week as a result of families are uneducated one and working invroment is not attractive we have no budget for to work effectively the support we have frome woreda is very poor. This all are issues what we are facing so this will demotivate us on our work.",uuid:269aef46-9843-465e-9b5a-b53c1c5845ed,2512111014,uuid:269aef46-9843-465e-9b5a-b53c1c5845ed,NA,NA,NA,NA,NA,NA,NA,NA,NA,NA
1200121,S1222010152,SIDAMA,Hawassa City Ad.,hawassa city ad.,ethiopiatikdem,Urban,"12/11/2025, 8:51:19 PM","12/10/2025, 11:53:38 AM","12/11/2025, 7:01:22 PM",12/10/2025,3bbad6a83cf9544a,1,T25601,NA,female,1,1,0,0,0,0,0,0,0,0,3,0,0,1,0,NA,3,NA,3,NA,1,NA,2010,2010,1,1,10,3,3 5,0,0,1,0,1,0,0,NA,1,NA,5 6,0,0,0,0,1,1,0,NA,1,1 2 3,1,1,1,0,0,0,NA,1 2 3 4 5 8,1,1,1,1,1,0,0,1,0,0,NA,1 7,1,0,0,0,0,0,1,0,0,0,NA,1 6,1,0,0,0,0,1,0,0,0,0,NA,3,3,3,3,3,2,2,2,10 11,0,0,0,0,0,0,0,0,0,1,1,0,0,NA,1,2,NA,1 2 3 4 5 6 7 8 9 10 11,1,1,1,1,1,1,1,1,1,1,1,0,0,NA,4,4,4,4,4,4,4,4,4,4,5,5,5,5,5,5,2,1,1,5,0,0,0,0,1,0,0,0,NA,4,4,4,4,3,4,5,4,2,2,2,4,NA,3,2,3,1,3,2 3 4,0,1,1,1,0,NA,1,NA,0,0,0,0,0,0,0,0,0,0,0,NA,3,1,1,1,3,1,3,1,2,2,2,3,3,3,3,3,3,3,1 11,1,0,0,0,0,0,0,0,0,0,1,4,3,3,4,2,4,1,3,3,4,9,3,4,1,4,4,1,4,4,3,4,4,1 2 4,1,1,0,1,0,0,0,NA,0,NA,NA,NA,NA,NA,NA,NA,NA,NA,4 8,0,0,0,1,0,0,0,1,0,NA,33,NA,10900,I have no challenge through my journey,uuid:7e946d2c-f16b-4ef0-9d82-27c0d84e01bd,2512030649,uuid:7e946d2c-f16b-4ef0-9d82-27c0d84e01bd,NA,NA,NA,NA,NA,NA,NA,NA,NA,NA
1200121,S1222010152,SIDAMA,Hawassa City Ad.,hawassa city ad.,ethiopiatikdem,Urban,"12/11/2025, 8:51:21 PM","12/10/2025, 1:59:44 PM","12/11/2025, 7:00:52 PM",12/10/2025,3bbad6a83cf9544a,1,T25602,NA,male,4,0,0,0,1,0,0,0,0,0,97,0,0,0,1,Environment science,5,NA,5,NA,1,NA,2002,2004,2,1,1,3,5,0,0,0,0,1,0,0,NA,1,NA,2 6 97,0,1,0,0,0,1,1,Active students are given chance to teach the rest,1,2 3,0,1,1,0,0,0,NA,1 2 4,1,1,0,1,0,0,0,0,0,0,NA,1 6,1,0,0,0,0,1,0,0,0,0,NA,4 8,0,0,0,1,0,0,0,1,0,0,NA,3,2,2,1,1,1,2,1,7 8,0,0,0,0,0,0,1,1,0,0,0,0,0,NA,1,2,NA,1 2 3 5 6 9,1,1,1,0,1,1,0,0,1,0,0,0,0,NA,3,4,4,3,3,4,4,3,3,4,3,5,5,5,3,5,2,2,1,5,0,0,0,0,1,0,0,0,NA,4,2,2,4,2,4,2,2,2,2,2,1,NA,3,3,3,1,3,2,0,1,0,0,0,NA,2,NA,1,0,1,1,1,1,0,1,1,1,0,NA,3,3,3,3,4,4,2,1,1,2,1,3,2,3,1,3,3,3,1 4,1,0,0,1,0,0,0,0,0,0,0,3,3,3,4,1,4,3,3,1,4,6,3,3,3,3,3,3,3,3,3,2,3,1 3 5,1,0,1,0,1,0,0,NA,1,2,2,1,1,2,2,3,2,No,4 7,0,0,0,1,0,0,1,0,0,NA,38,NA,14200,"Thank you, in my journey as Ethiopian actually I love my profession but the teachers didn't get attention but am here because as we are from a poor community I have no option to hesitate this why I am here despite the inflation and government commitment to support teachers is poor. Our profession is not respected by government then who will respect then.",uuid:4afe864e-721f-4399-a851-4a7673e6d297,2512030649,uuid:4afe864e-721f-4399-a851-4a7673e6d297,NA,NA,NA,NA,NA,NA,NA,NA,NA,NA
1200121,S1222010152,SIDAMA,Hawassa City Ad.,hawassa city ad.,ethiopiatikdem,Urban,"12/11/2025, 8:51:21 PM","12/11/2025, 11:20:43 AM","12/11/2025, 6:59:43 PM",12/11/2025,3bbad6a83cf9544a,1,T25603,NA,male,5,0,0,0,0,1,0,0,0,0,2,0,1,0,0,NA,3,NA,3,NA,1,NA,2008,2010,2,1,3,3,2,0,1,0,0,0,0,0,NA,1,NA,2 5,0,1,0,0,1,0,0,NA,1,1 2 3,1,1,1,0,0,0,NA,1 2 4 5 6,1,1,0,1,1,1,0,0,0,0,NA,1 4,1,0,0,1,0,0,0,0,0,0,NA,1 6,1,0,0,0,0,1,0,0,0,0,NA,3,3,2,1,2,4,1,1,3 4 6 7,0,0,1,1,0,1,1,0,0,0,0,0,0,NA,2,2,NA,5 7 8,0,0,0,0,1,0,1,1,0,0,0,0,0,NA,4,4,4,4,4,4,4,4,4,4,5,5,5,5,3,3,2,2,1,2 5,0,1,0,0,1,0,0,0,NA,4,3,4,4,2,4,4,4,4,4,2,2,NA,2,4,2,1,3,2,0,1,0,0,0,NA,1,NA,0,0,0,0,0,1,1,1,1,1,0,NA,3,3,1,1,4,1,1,3,3,3,3,3,3,3,3,3,3,3,5 11,0,0,0,0,1,0,0,0,0,0,1,3,1,1,1,1,4,3,3,3,4,9,3,4,1,3,3,1,4,4,3,4,4,2 4,0,1,0,1,0,0,0,NA,0,NA,NA,NA,NA,NA,NA,NA,NA,NA,1 7,1,0,0,0,0,0,1,0,0,NA,28,NA,11000,As a teacher our sector is very disadvantaged no incentive at all compared to other sector despite we are shaping citzine so in this regard government should work hard,uuid:28d87af7-8ea1-4f76-bf76-a7c03fb9bebf,2512030649,uuid:28d87af7-8ea1-4f76-bf76-a7c03fb9bebf,NA,NA,NA,NA,NA,NA,NA,NA,NA,NA
